,Topic_0,Topic_1,Topic_2,Topic_3,Topic_4,Topic_5,Topic_6,Topic_7,Topic_8,Topic_9
0,0.06137566137566138,0.14391534391534394,0.08042328042328044,0.1142857142857143,0.055026455026455035,0.05608465608465609,0.16084656084656088,0.09100529100529102,0.13862433862433865,0.09841269841269842
1,0.05500550055005501,0.09185918591859187,0.09075907590759076,0.09515951595159516,0.034103410341034104,0.19471947194719472,0.05005500550055005,0.0627062706270627,0.15291529152915292,0.17271727172717272
2,0.027777777777777776,0.09055555555555556,0.07333333333333333,0.03777777777777778,0.04,0.2861111111111111,0.12333333333333334,0.04055555555555555,0.17777777777777778,0.10277777777777777
3,0.08536585365853659,0.08536585365853659,0.1002710027100271,0.17886178861788618,0.1070460704607046,0.13414634146341464,0.08672086720867209,0.06775067750677506,0.08536585365853659,0.06910569105691057
4,0.08239700374531836,0.12983770287141078,0.14232209737827717,0.07240948813982523,0.09612983770287144,0.11860174781523099,0.12109862671660428,0.08114856429463173,0.08988764044943821,0.06616729088639202
5,0.06006006006006006,0.10710710710710711,0.07507507507507508,0.056056056056056056,0.08008008008008008,0.13413413413413414,0.0990990990990991,0.17517517517517517,0.0980980980980981,0.11511511511511512
6,0.06230529595015575,0.0664589823468328,0.07684319833852543,0.06126687435098649,0.12149532710280371,0.13187954309449634,0.05192107995846312,0.20560747663551396,0.1048805815160955,0.11734164070612665
7,0.12,0.12148148148148148,0.08444444444444445,0.08,0.07851851851851852,0.0874074074074074,0.10666666666666667,0.12444444444444444,0.10518518518518519,0.09185185185185185
8,0.10277777777777779,0.14583333333333337,0.08750000000000001,0.09444444444444446,0.10416666666666669,0.10555555555555557,0.07500000000000001,0.10833333333333335,0.07361111111111113,0.10277777777777779
9,0.0787037037037037,0.08333333333333333,0.08333333333333333,0.09104938271604938,0.08179012345679013,0.10185185185185185,0.09567901234567901,0.14660493827160495,0.11265432098765432,0.125
10,0.05497076023391813,0.09707602339181287,0.09941520467836257,0.10526315789473684,0.05964912280701754,0.09707602339181287,0.08304093567251462,0.16140350877192983,0.08070175438596491,0.16140350877192983
11,0.11805555555555555,0.08159722222222222,0.10416666666666667,0.049479166666666664,0.09288194444444445,0.203125,0.08159722222222222,0.0842013888888889,0.09809027777777778,0.08680555555555555
12,0.1111111111111111,0.0853462157809984,0.07246376811594203,0.0821256038647343,0.11272141706924316,0.08856682769726248,0.12238325281803543,0.15458937198067632,0.09017713365539452,0.08051529790660225
13,0.07264957264957266,0.11538461538461539,0.09259259259259259,0.13105413105413105,0.1282051282051282,0.09544159544159544,0.11396011396011396,0.08547008547008547,0.09971509971509972,0.06552706552706553
14,0.06930693069306931,0.10121012101210121,0.1034103410341034,0.08030803080308031,0.09350935093509351,0.1254125412541254,0.08800880088008801,0.09900990099009901,0.09790979097909791,0.1419141914191419
15,0.09019607843137255,0.1084967320261438,0.08627450980392157,0.0738562091503268,0.05032679738562092,0.1411764705882353,0.08366013071895424,0.14640522875816994,0.07320261437908497,0.14640522875816994
16,0.09841269841269841,0.10634920634920635,0.1,0.08412698412698413,0.10317460317460317,0.09206349206349207,0.12063492063492064,0.11904761904761904,0.08888888888888889,0.0873015873015873
17,0.05982905982905983,0.07448107448107448,0.11477411477411477,0.10622710622710622,0.09157509157509157,0.14896214896214896,0.0927960927960928,0.07692307692307693,0.115995115995116,0.11843711843711843
18,0.040885040885040885,0.1794131794131794,0.0913900913900914,0.09187109187109187,0.046176046176046176,0.15776815776815778,0.09042809042809043,0.13323713323713324,0.06397306397306397,0.10485810485810486
19,0.058997050147492625,0.11897738446411013,0.09242871189773845,0.07472959685349066,0.08357915437561456,0.13470993117010815,0.15339233038348082,0.13962635201573254,0.08357915437561456,0.0599803343166175
20,0.08199233716475098,0.0727969348659004,0.10114942528735633,0.08735632183908047,0.08505747126436783,0.10498084291187741,0.15785440613026822,0.1517241379310345,0.0628352490421456,0.0942528735632184
21,0.11111111111111112,0.075512405609493,0.06364617044228696,0.07335490830636462,0.0906148867313916,0.12729234088457392,0.1359223300970874,0.11111111111111112,0.10787486515641857,0.10355987055016183
22,0.07272727272727272,0.1787878787878788,0.09090909090909091,0.09191919191919191,0.09797979797979799,0.12626262626262627,0.08787878787878788,0.12222222222222222,0.0707070707070707,0.06060606060606061
23,0.06872852233676975,0.11683848797250856,0.12485681557846504,0.09163802978235966,0.0790378006872852,0.09736540664375713,0.11912943871706755,0.12027491408934705,0.0813287514318442,0.10080183276059562
24,0.06184486373165619,0.1090146750524109,0.12473794549266247,0.06079664570230608,0.05555555555555555,0.10482180293501048,0.09643605870020965,0.1519916142557652,0.12264150943396226,0.11215932914046121
25,0.09829059829059829,0.13105413105413105,0.10541310541310542,0.0811965811965812,0.08262108262108261,0.13675213675213677,0.07834757834757834,0.10683760683760683,0.0698005698005698,0.10968660968660969
26,0.08294209702660407,0.09076682316118936,0.08607198748043818,0.07042253521126761,0.09546165884194054,0.13771517996870108,0.1111111111111111,0.1298904538341158,0.08763693270735524,0.107981220657277
27,0.08835341365461848,0.13119143239625167,0.07228915662650602,0.0642570281124498,0.07228915662650602,0.10174029451137885,0.06827309236947791,0.1994645247657296,0.11646586345381527,0.0856760374832664
28,0.09780907668231613,0.07824726134585291,0.22143974960876373,0.05633802816901409,0.08607198748043819,0.12284820031298906,0.08607198748043819,0.13536776212832555,0.05320813771517997,0.06259780907668233
29,0.08165997322623827,0.07630522088353413,0.10977242302543505,0.10843373493975901,0.0896921017402945,0.18072289156626503,0.10977242302543505,0.06559571619812582,0.08165997322623827,0.09638554216867468
30,0.07048984468339306,0.1230585424133811,0.09557945041816007,0.08602150537634408,0.07526881720430106,0.11708482676224609,0.1350059737156511,0.08482676224611707,0.10035842293906808,0.11230585424133809
31,0.08460754332313965,0.11518858307849134,0.06931702344546381,0.053007135575942915,0.0764525993883792,0.15086646279306828,0.08970438328236494,0.15086646279306828,0.1111111111111111,0.09887869520897044
32,0.0703125,0.07335069444444445,0.14366319444444445,0.05555555555555555,0.09288194444444445,0.10546875,0.14583333333333334,0.1527777777777778,0.07942708333333333,0.08072916666666667
33,0.10994152046783626,0.11228070175438597,0.08888888888888889,0.07719298245614035,0.07017543859649122,0.10994152046783626,0.09707602339181287,0.1064327485380117,0.10526315789473684,0.12280701754385964
34,0.05432098765432099,0.1,0.12160493827160494,0.05493827160493827,0.07037037037037037,0.14938271604938272,0.18580246913580248,0.1,0.07037037037037037,0.09320987654320988
35,0.08527131782945736,0.10981912144702842,0.16020671834625322,0.06718346253229975,0.07751937984496124,0.1111111111111111,0.10335917312661498,0.09689922480620156,0.07493540051679587,0.11369509043927649
36,0.0965391621129326,0.10564663023679417,0.13114754098360656,0.05555555555555555,0.09016393442622951,0.12932604735883424,0.1429872495446266,0.08469945355191257,0.10109289617486339,0.06284153005464481
37,0.06956521739130435,0.09468599033816426,0.06376811594202898,0.08019323671497584,0.057971014492753624,0.10048309178743961,0.10048309178743961,0.11400966183574879,0.2135265700483092,0.10531400966183575
38,0.09621993127147767,0.09621993127147767,0.09278350515463918,0.0836197021764032,0.07560137457044673,0.08476517754868271,0.143184421534937,0.12943871706758306,0.06414662084765177,0.13402061855670103
39,0.06956521739130433,0.13816425120772943,0.18164251207729465,0.05797101449275361,0.06280193236714975,0.08212560386473429,0.08792270531400964,0.08792270531400964,0.12270531400966181,0.10917874396135263
40,0.1064814814814815,0.11296296296296297,0.08981481481481483,0.06851851851851853,0.07777777777777779,0.08611111111111112,0.0851851851851852,0.16388888888888892,0.12962962962962965,0.07962962962962965
41,0.05555555555555555,0.06164383561643835,0.06012176560121765,0.04337899543378995,0.1278538812785388,0.11643835616438356,0.07686453576864535,0.13470319634703196,0.09512937595129375,0.228310502283105
42,0.06273620559334846,0.11526832955404384,0.10808767951625095,0.06311413454270597,0.045351473922902494,0.10884353741496598,0.08314436885865457,0.12471655328798185,0.07860922146636433,0.21012849584278157
43,0.06944444444444443,0.09615384615384613,0.08226495726495725,0.06944444444444443,0.08547008547008546,0.1474358974358974,0.08760683760683759,0.0844017094017094,0.08119658119658119,0.19658119658119652
44,0.057755775577557754,0.10176017601760176,0.08195819581958196,0.08800880088008801,0.03355335533553355,0.18151815181518152,0.057755775577557754,0.06765676567656766,0.15236523652365236,0.17766776677667767
45,0.09416195856873823,0.0847457627118644,0.10357815442561205,0.1016949152542373,0.0903954802259887,0.10357815442561205,0.1431261770244821,0.09227871939736347,0.0847457627118644,0.1016949152542373
46,0.049836601307189546,0.0784313725490196,0.05228758169934641,0.05392156862745098,0.07679738562091504,0.19444444444444445,0.14460784313725492,0.09395424836601307,0.07761437908496732,0.1781045751633987
47,0.06855791962174942,0.09692671394799056,0.09338061465721041,0.066193853427896,0.1004728132387707,0.0839243498817967,0.08983451536643028,0.12293144208037826,0.13120567375886527,0.14657210401891255
48,0.10526315789473685,0.10721247563352827,0.09941520467836258,0.09551656920077974,0.101364522417154,0.08966861598440547,0.10331384015594543,0.11695906432748539,0.09161793372319689,0.08966861598440547
49,0.12987987987987987,0.06756756756756757,0.12087087087087087,0.07057057057057058,0.07732732732732733,0.10735735735735735,0.07807807807807808,0.13513513513513514,0.08108108108108109,0.13213213213213212
50,0.12361111111111112,0.09166666666666666,0.08333333333333333,0.09027777777777778,0.09027777777777778,0.1375,0.10416666666666667,0.09583333333333334,0.09305555555555556,0.09027777777777778
51,0.09008061689449702,0.09393620750087626,0.12302839116719243,0.054679284963196635,0.08517350157728706,0.11391517700665965,0.08727655099894847,0.14651244304241148,0.1286365229582895,0.07676130389064142
52,0.0970873786407767,0.09169363538295577,0.12513484358144553,0.0970873786407767,0.10032362459546926,0.1121898597626753,0.10248112189859762,0.09492988133764833,0.08090614886731391,0.09816612729234088
53,0.08564814814814815,0.11226851851851852,0.1076388888888889,0.09490740740740741,0.11458333333333333,0.12384259259259259,0.08101851851851852,0.08217592592592593,0.08680555555555555,0.1111111111111111
54,0.056530214424951264,0.1267056530214425,0.12475633528265107,0.08869395711500974,0.07212475633528265,0.0682261208576998,0.13352826510721247,0.07407407407407407,0.14132553606237816,0.11403508771929824
55,0.06489675516224189,0.08357915437561456,0.1415929203539823,0.08751229105211406,0.0727630285152409,0.15142576204523106,0.08357915437561456,0.11209439528023599,0.11799410029498525,0.08456243854473942
56,0.07320261437908497,0.11241830065359477,0.09411764705882353,0.08888888888888889,0.08496732026143791,0.16470588235294117,0.08888888888888889,0.10588235294117647,0.0718954248366013,0.11503267973856209
57,0.07258064516129033,0.11827956989247312,0.07258064516129033,0.06810035842293907,0.06182795698924731,0.11469534050179211,0.17652329749103943,0.09408602150537634,0.11559139784946236,0.1057347670250896
58,0.11363636363636365,0.0883838383838384,0.1085858585858586,0.0744949494949495,0.07070707070707072,0.1287878787878788,0.10101010101010102,0.1085858585858586,0.08585858585858587,0.11994949494949496
59,0.06490649064906491,0.11331133113311331,0.08690869086908691,0.09790979097909791,0.06490649064906491,0.0737073707370737,0.1078107810781078,0.08690869086908691,0.08690869086908691,0.21672167216721672
60,0.0563973063973064,0.10774410774410774,0.0723905723905724,0.08922558922558922,0.07491582491582492,0.16161616161616163,0.1026936026936027,0.10437710437710437,0.0765993265993266,0.15404040404040403
61,0.08417508417508418,0.10016835016835017,0.09511784511784512,0.047979797979797977,0.07323232323232323,0.09932659932659933,0.12794612794612795,0.09932659932659933,0.11616161616161616,0.15656565656565657
62,0.07668231611893585,0.07824726134585291,0.11424100156494524,0.07981220657276997,0.09546165884194055,0.12050078247261348,0.0970266040688576,0.1314553990610329,0.08607198748043819,0.12050078247261348
63,0.07242798353909465,0.09300411522633745,0.12674897119341563,0.04609053497942387,0.06831275720164609,0.20658436213991768,0.10452674897119342,0.0831275720164609,0.09547325102880659,0.1037037037037037
64,0.09807256235827665,0.10430839002267574,0.09126984126984126,0.09863945578231292,0.06519274376417233,0.1649659863945578,0.07029478458049887,0.1445578231292517,0.06972789115646258,0.09297052154195011
65,0.07250470809792844,0.09416195856873825,0.14595103578154428,0.10451977401129946,0.08662900188323919,0.12617702448210927,0.07062146892655369,0.11581920903954805,0.04896421845574389,0.13465160075329569
66,0.08496732026143793,0.09019607843137256,0.15032679738562094,0.08758169934640524,0.069281045751634,0.12287581699346406,0.09803921568627452,0.12287581699346406,0.07450980392156864,0.09934640522875818
67,0.058823529411764705,0.06535947712418301,0.16601307189542483,0.06274509803921569,0.08888888888888889,0.09934640522875816,0.07973856209150326,0.1869281045751634,0.11895424836601307,0.07320261437908497
68,0.06882989183874141,0.08259587020648969,0.15830875122910523,0.07571288102261554,0.12389380530973453,0.1258603736479843,0.1297935103244838,0.07177974434611605,0.06784660766961653,0.0953785644051131
69,0.025799793601651185,0.09528723770209838,0.1479188166494668,0.07980736154110767,0.08496732026143791,0.14516683866529068,0.1396628826969384,0.17337461300309598,0.02717578259373925,0.08083935328517372
70,0.08401084010840108,0.08672086720867209,0.0989159891598916,0.16260162601626016,0.11382113821138211,0.10975609756097561,0.10298102981029811,0.08672086720867209,0.08672086720867209,0.06775067750677506
71,0.10256410256410256,0.08974358974358974,0.0811965811965812,0.09686609686609686,0.06695156695156695,0.17094017094017094,0.12108262108262108,0.10968660968660969,0.0811965811965812,0.07977207977207977
72,0.06226053639846744,0.06992337164750959,0.09291187739463604,0.0814176245210728,0.10153256704980844,0.15325670498084293,0.19444444444444448,0.07662835249042146,0.09003831417624522,0.07758620689655174
73,0.06850892343120323,0.06966033390903857,0.1560161197466897,0.08750719631548647,0.0892343120322395,0.11744386873920552,0.10650546919976972,0.07887161773172136,0.13932066781807714,0.08693149107656879
74,0.0750487329434698,0.07797270955165693,0.09161793372319689,0.1179337231968811,0.0750487329434698,0.13060428849902536,0.13255360623781678,0.13645224171539963,0.06140350877192983,0.101364522417154
75,0.0650705954573358,0.08471454880294661,0.12523020257826892,0.04910988336402702,0.10988336402701045,0.12461632903621855,0.11111111111111112,0.13443830570902396,0.09085328422344999,0.10497237569060774
76,0.06875,0.08888888888888889,0.14722222222222223,0.04513888888888889,0.075,0.15833333333333333,0.13333333333333333,0.11180555555555556,0.09444444444444444,0.07708333333333334
77,0.05861767279090114,0.10498687664041995,0.10673665791776028,0.0726159230096238,0.08486439195100612,0.1426071741032371,0.09623797025371829,0.1321084864391951,0.07961504811898512,0.1216097987751531
78,0.05897435897435898,0.08119658119658121,0.1153846153846154,0.06666666666666668,0.05641025641025642,0.16752136752136754,0.1307692307692308,0.11025641025641027,0.09914529914529915,0.11367521367521369
79,0.07485380116959066,0.10994152046783627,0.09005847953216375,0.07953216374269008,0.07485380116959066,0.12163742690058481,0.09005847953216375,0.10292397660818715,0.09707602339181289,0.15906432748538016
80,0.05723905723905723,0.06986531986531985,0.10774410774410771,0.06565656565656565,0.10185185185185182,0.13047138047138043,0.10353535353535351,0.18939393939393934,0.08754208754208753,0.08670033670033668
81,0.09523809523809523,0.10737628384687208,0.10457516339869281,0.05228758169934641,0.056022408963585436,0.12324929971988796,0.10457516339869281,0.19140989729225025,0.06162464985994398,0.10364145658263306
82,0.1251028806584362,0.14403292181069957,0.0773662551440329,0.06831275720164608,0.054320987654320974,0.06172839506172838,0.12427983539094647,0.15720164609053494,0.12098765432098763,0.06666666666666665
83,0.08474576271186442,0.13465160075329569,0.10922787193973636,0.04708097928436912,0.053672316384180796,0.13935969868173262,0.09322033898305086,0.08474576271186442,0.12806026365348402,0.12523540489642188
84,0.05858585858585859,0.09764309764309764,0.1292929292929293,0.04107744107744108,0.06801346801346801,0.1622895622895623,0.10101010101010101,0.12794612794612795,0.13400673400673402,0.08013468013468013
85,0.091324200913242,0.1202435312024353,0.0867579908675799,0.0730593607305936,0.1035007610350076,0.0867579908675799,0.0791476407914764,0.1719939117199391,0.106544901065449,0.0806697108066971
86,0.09548611111111108,0.08680555555555554,0.11111111111111108,0.11979166666666664,0.10416666666666664,0.08680555555555554,0.14062499999999997,0.09548611111111108,0.07812499999999999,0.08159722222222221
87,0.0627130197682345,0.09134287661895024,0.11724608043626449,0.047716428084526245,0.06134969325153374,0.1029311520109066,0.1554192229038855,0.1929107021131561,0.09066121336059986,0.07770961145194274
88,0.10065359477124185,0.09411764705882354,0.0954248366013072,0.0758169934640523,0.07712418300653597,0.14248366013071898,0.10065359477124185,0.08496732026143793,0.09673202614379087,0.1320261437908497
89,0.08738425925925926,0.08969907407407407,0.07118055555555555,0.05381944444444445,0.06365740740740741,0.14467592592592593,0.09895833333333333,0.16666666666666666,0.13368055555555555,0.09027777777777778
90,0.08070175438596491,0.09590643274853801,0.07953216374269007,0.07368421052631578,0.06783625730994151,0.14502923976608187,0.08304093567251462,0.1976608187134503,0.07719298245614035,0.09941520467836257
91,0.06814814814814817,0.07111111111111112,0.08666666666666668,0.053333333333333344,0.07777777777777779,0.10444444444444446,0.13851851851851854,0.1614814814814815,0.11333333333333334,0.1251851851851852
92,0.08299866131191433,0.0856760374832664,0.10977242302543508,0.0963855421686747,0.07228915662650602,0.09103078982597054,0.12449799196787148,0.15528781793842034,0.09103078982597054,0.09103078982597054
93,0.0908004778972521,0.08482676224611709,0.056152927120669056,0.06093189964157706,0.08004778972520908,0.12186379928315412,0.07168458781362007,0.2019115890083632,0.14456391875746716,0.08721624850657109
94,0.03559870550161812,0.09492988133764833,0.08737864077669903,0.040453074433656956,0.08576051779935275,0.16720604099244876,0.09600862998921252,0.1488673139158576,0.09546925566343042,0.1483279395900755
95,0.05672105672105672,0.1717171717171717,0.0707070707070707,0.06604506604506605,0.07614607614607614,0.1585081585081585,0.128982128982129,0.10722610722610723,0.059052059052059055,0.1048951048951049
96,0.09523809523809523,0.09297052154195011,0.09523809523809523,0.05442176870748299,0.08390022675736962,0.1145124716553288,0.13038548752834467,0.15759637188208617,0.08049886621315193,0.09523809523809523
97,0.07264957264957266,0.0989010989010989,0.09615384615384616,0.06135531135531135,0.060134310134310136,0.12393162393162394,0.15995115995115994,0.1285103785103785,0.11538461538461539,0.08302808302808302
98,0.0695742471443406,0.11630321910695743,0.13291796469366562,0.09138110072689512,0.09449636552440291,0.07165109034267912,0.122533748701973,0.0778816199376947,0.1308411214953271,0.09241952232606439
99,0.06028368794326241,0.12174940898345153,0.1099290780141844,0.08747044917257683,0.08747044917257683,0.1276595744680851,0.11465721040189125,0.10520094562647754,0.09810874704491726,0.08747044917257683
100,0.0532724505327245,0.1461187214611872,0.08295281582952815,0.060882800608828,0.0974124809741248,0.182648401826484,0.1019786910197869,0.1339421613394216,0.06316590563165905,0.0776255707762557
101,0.16196793808734108,0.09176340519624102,0.11000552791597568,0.03980099502487562,0.09065782200110559,0.15920398009950248,0.08899944720840243,0.08844665561083472,0.09342177998894417,0.07573244886677723
102,0.07847707847707848,0.06526806526806526,0.08780108780108781,0.05982905982905983,0.05672105672105672,0.1250971250971251,0.11810411810411811,0.13752913752913754,0.11421911421911422,0.15695415695415696
103,0.062421972534332085,0.1198501872659176,0.08239700374531835,0.09238451935081149,0.08739076154806492,0.10736579275905118,0.09238451935081149,0.1111111111111111,0.13358302122347065,0.1111111111111111
104,0.06542056074766356,0.10799584631360333,0.13084112149532712,0.08515057113187956,0.09865005192107998,0.07372793354101767,0.1173416407061267,0.09034267912772587,0.1339563862928349,0.09657320872274144
105,0.07669616519174041,0.09144542772861357,0.0943952802359882,0.09341199606686332,0.05801376597836775,0.06588003933136677,0.18584070796460178,0.14454277286135694,0.07964601769911504,0.11012782694198624
106,0.08496732026143791,0.09869281045751634,0.06013071895424837,0.04379084967320261,0.11176470588235295,0.1130718954248366,0.10457516339869281,0.11045751633986928,0.10522875816993464,0.16732026143790849
107,0.08860759493670886,0.0829817158931083,0.10126582278481013,0.09423347398030943,0.1279887482419128,0.12376933895921238,0.10829817158931083,0.10407876230661041,0.09142053445850915,0.07735583684950774
108,0.09412597310686482,0.1224345364472753,0.0799716914366596,0.059447983014861996,0.09695682944090588,0.07643312101910828,0.08987968860580325,0.14225053078556263,0.07926397735314933,0.1592356687898089
109,0.08397932816537468,0.12403100775193798,0.09431524547803617,0.08139534883720931,0.12919896640826872,0.12144702842377261,0.09560723514211886,0.09560723514211886,0.082687338501292,0.0917312661498708
110,0.07814407814407814,0.09157509157509157,0.10378510378510379,0.09035409035409035,0.09035409035409035,0.12698412698412698,0.14774114774114774,0.12698412698412698,0.06593406593406594,0.07814407814407814
111,0.12745098039215683,0.07679738562091502,0.12091503267973853,0.11846405228758167,0.08415032679738561,0.09967320261437906,0.10866013071895422,0.08741830065359475,0.07924836601307188,0.0972222222222222
112,0.1016949152542373,0.1111111111111111,0.09416195856873823,0.0847457627118644,0.08662900188323917,0.1016949152542373,0.09416195856873823,0.1167608286252354,0.096045197740113,0.11299435028248588
113,0.10793650793650794,0.09312169312169312,0.1312169312169312,0.047619047619047616,0.09417989417989418,0.11957671957671957,0.10582010582010581,0.12804232804232804,0.07830687830687831,0.09417989417989418
114,0.05458656330749353,0.09916020671834623,0.13921188630490952,0.06815245478036175,0.06782945736434107,0.1443798449612403,0.08914728682170542,0.14179586563307492,0.08624031007751937,0.10949612403100772
115,0.05234159779614325,0.12029384756657484,0.128099173553719,0.05876951331496786,0.06611570247933884,0.1147842056932966,0.12626262626262627,0.08264462809917356,0.1519742883379247,0.09871441689623507
116,0.07729468599033816,0.10144927536231885,0.0748792270531401,0.07367149758454106,0.09420289855072464,0.15096618357487923,0.10628019323671498,0.09178743961352658,0.12439613526570048,0.10507246376811594
117,0.06504065040650407,0.0981029810298103,0.13550135501355012,0.08401084010840108,0.08075880758807588,0.11490514905149052,0.12953929539295392,0.0883468834688347,0.08075880758807588,0.12303523035230353
118,0.07762557077625572,0.13089802130898023,0.11872146118721463,0.08219178082191782,0.10045662100456623,0.07610350076103502,0.11719939117199393,0.07153729071537292,0.09436834094368343,0.13089802130898023
119,0.07523148148148148,0.13078703703703703,0.08680555555555555,0.07407407407407407,0.12037037037037036,0.09606481481481481,0.11805555555555555,0.13773148148148148,0.0775462962962963,0.08333333333333333
120,0.11202938475665748,0.07713498622589532,0.09274563820018365,0.06336088154269973,0.14508723599632692,0.11753902662993572,0.10927456382001836,0.10835629017447199,0.10192837465564739,0.07254361799816346
121,0.12609238451935084,0.12484394506866418,0.11485642946317105,0.05992509363295881,0.08988764044943821,0.07865168539325844,0.08863920099875157,0.14107365792759055,0.09488139825218478,0.08114856429463173
122,0.07448107448107448,0.0989010989010989,0.09768009768009768,0.06471306471306472,0.08180708180708181,0.12942612942612944,0.0989010989010989,0.11233211233211234,0.1282051282051282,0.11355311355311355
123,0.09932659932659933,0.10101010101010101,0.1127946127946128,0.10942760942760943,0.07575757575757576,0.11616161616161616,0.12794612794612795,0.08922558922558922,0.07912457912457913,0.08922558922558922
124,0.06419753086419754,0.07777777777777778,0.07654320987654321,0.1037037037037037,0.10123456790123457,0.09506172839506173,0.12345679012345678,0.10123456790123457,0.10246913580246914,0.15432098765432098
125,0.09903381642512077,0.0966183574879227,0.10024154589371981,0.09057971014492754,0.06642512077294686,0.0821256038647343,0.1823671497584541,0.06763285024154589,0.09782608695652174,0.11714975845410629
126,0.10030864197530864,0.08641975308641975,0.08333333333333333,0.11574074074074074,0.0787037037037037,0.10030864197530864,0.09259259259259259,0.11882716049382716,0.10802469135802469,0.11574074074074074
127,0.03921568627450981,0.14557338086749855,0.08496732026143793,0.07961972667855022,0.05822935234699941,0.13547237076648844,0.09387997623291743,0.08140225787284612,0.07248960190136662,0.20915032679738566
128,0.07347670250896059,0.0896057347670251,0.08512544802867385,0.07078853046594984,0.05107526881720431,0.14157706093189967,0.05645161290322581,0.17473118279569896,0.06720430107526883,0.1899641577060932
129,0.07666666666666665,0.14555555555555552,0.061111111111111095,0.09888888888888886,0.07777777777777777,0.15111111111111108,0.13999999999999999,0.11444444444444442,0.059999999999999984,0.07444444444444442
130,0.09202714164546226,0.1255301102629347,0.09414758269720101,0.039016115351993216,0.056827820186598814,0.16497031382527566,0.12468193384223919,0.061068702290076333,0.16327396098388464,0.07845631891433417
131,0.08287795992714025,0.12295081967213115,0.08014571948998178,0.05373406193078324,0.10200364298724955,0.122040072859745,0.12386156648451731,0.1429872495446266,0.06739526411657559,0.10200364298724955
132,0.10736579275905118,0.09987515605493133,0.08739076154806492,0.07990012484394507,0.09737827715355805,0.132334581772784,0.10362047440699126,0.10362047440699126,0.08114856429463171,0.10736579275905118
133,0.07046070460704607,0.15718157181571815,0.06233062330623306,0.07452574525745258,0.07317073170731707,0.0975609756097561,0.12195121951219512,0.10840108401084012,0.11517615176151762,0.11924119241192412
134,0.07703703703703704,0.08888888888888889,0.10222222222222223,0.07407407407407407,0.09481481481481481,0.12,0.10666666666666667,0.12,0.10518518518518519,0.1111111111111111
135,0.09027777777777778,0.1111111111111111,0.09722222222222222,0.078125,0.0920138888888889,0.10069444444444445,0.1076388888888889,0.1111111111111111,0.13368055555555555,0.078125
136,0.10518518518518519,0.09037037037037036,0.12444444444444444,0.09481481481481481,0.06962962962962962,0.11407407407407408,0.0962962962962963,0.08592592592592592,0.11259259259259259,0.10666666666666667
137,0.0704070407040704,0.11441144114411442,0.12101210121012101,0.05720572057205721,0.0781078107810781,0.08030803080308031,0.09900990099009901,0.1551155115511551,0.0781078107810781,0.14631463146314633
138,0.0950854700854701,0.08012820512820515,0.08440170940170942,0.08012820512820515,0.1153846153846154,0.14209401709401712,0.11324786324786326,0.09722222222222224,0.10790598290598293,0.08440170940170942
139,0.07894736842105264,0.08187134502923978,0.11695906432748539,0.09210526315789475,0.07894736842105264,0.13157894736842107,0.11988304093567252,0.06871345029239767,0.10233918128654972,0.12865497076023394
140,0.08779149519890261,0.08779149519890261,0.14814814814814817,0.07407407407407408,0.11111111111111113,0.10699588477366258,0.10013717421124832,0.11385459533607685,0.08367626886145406,0.08641975308641976
141,0.10534979423868314,0.09218106995884776,0.11111111111111112,0.06008230452674898,0.09958847736625516,0.10452674897119343,0.11934156378600824,0.08641975308641976,0.12016460905349796,0.10123456790123458
142,0.06405228758169934,0.09542483660130718,0.11895424836601307,0.08366013071895424,0.07320261437908497,0.14640522875816994,0.0915032679738562,0.07320261437908497,0.15555555555555556,0.09803921568627451
143,0.062248995983935754,0.07161981258366802,0.20348058902275776,0.07697456492637217,0.07161981258366802,0.10776439089692104,0.07697456492637217,0.12182061579651944,0.10307898259705492,0.10441767068273095
144,0.0655624568668047,0.07936507936507937,0.09247757073844032,0.11180124223602486,0.07039337474120085,0.2187715665976536,0.09316770186335405,0.06004140786749483,0.12629399585921328,0.08212560386473432
145,0.11461067366579178,0.10323709536307961,0.11198600174978128,0.048993875765529306,0.08748906386701662,0.10586176727909011,0.09273840769903761,0.15135608048993876,0.09186351706036745,0.09186351706036745
146,0.04033485540334855,0.11339421613394216,0.076103500761035,0.0684931506849315,0.1126331811263318,0.16666666666666666,0.10730593607305935,0.1385083713850837,0.07534246575342465,0.10121765601217655
147,0.07203907203907203,0.0757020757020757,0.0927960927960928,0.0757020757020757,0.06715506715506715,0.15873015873015872,0.12087912087912088,0.17582417582417584,0.08791208791208792,0.07326007326007326
148,0.0791476407914764,0.1004566210045662,0.0821917808219178,0.1095890410958904,0.0867579908675799,0.0898021308980213,0.1232876712328767,0.0730593607305936,0.1415525114155251,0.1141552511415525
149,0.10069444444444445,0.1015625,0.09722222222222222,0.06597222222222222,0.06944444444444445,0.1015625,0.1657986111111111,0.1111111111111111,0.0842013888888889,0.10243055555555555
150,0.08024691358024691,0.10493827160493827,0.0787037037037037,0.08641975308641975,0.11265432098765432,0.09876543209876543,0.14814814814814814,0.10185185185185185,0.11574074074074074,0.07253086419753087
151,0.06913580246913581,0.13209876543209878,0.08024691358024692,0.06913580246913581,0.08395061728395063,0.15185185185185188,0.12592592592592594,0.08271604938271607,0.08024691358024692,0.12469135802469138
152,0.07769423558897244,0.11111111111111113,0.14786967418546368,0.07435254803675857,0.06516290726817044,0.114452798663325,0.12614870509607354,0.1169590643274854,0.09022556390977444,0.0760233918128655
153,0.09278350515463918,0.09851088201603665,0.15120274914089346,0.06071019473081329,0.058419243986254296,0.10309278350515463,0.08247422680412371,0.10767468499427263,0.10652920962199312,0.13860252004581902
154,0.10760233918128655,0.10292397660818714,0.07602339181286549,0.06315789473684211,0.07953216374269007,0.12748538011695906,0.13567251461988303,0.09239766081871345,0.07719298245614035,0.13801169590643275
155,0.05902777777777776,0.1134259259259259,0.07407407407407406,0.07291666666666666,0.06134259259259258,0.1608796296296296,0.08796296296296295,0.15509259259259256,0.11805555555555552,0.0972222222222222
156,0.04381846635367762,0.07902973395931143,0.08685446009389672,0.06259780907668232,0.06729264475743349,0.15805946791862285,0.09546165884194054,0.16353677621283255,0.09859154929577464,0.14475743348982786
157,0.07320261437908497,0.10718954248366012,0.09542483660130718,0.0915032679738562,0.08104575163398693,0.09673202614379085,0.10457516339869281,0.15947712418300652,0.11372549019607843,0.07712418300653595
158,0.06768837803320563,0.08045977011494253,0.11621966794380588,0.09067688378033206,0.10983397190293742,0.12260536398467432,0.12643678160919541,0.09450830140485313,0.08684546615581099,0.10472541507024266
159,0.08302808302808302,0.09035409035409035,0.13064713064713065,0.0695970695970696,0.10500610500610501,0.14652014652014653,0.11843711843711843,0.05982905982905983,0.10256410256410256,0.09401709401709402
160,0.06427015250544663,0.11328976034858387,0.12200435729847495,0.06753812636165578,0.08823529411764706,0.1056644880174292,0.14923747276688454,0.09368191721132897,0.09477124183006536,0.10130718954248366
161,0.08333333333333334,0.09444444444444446,0.10740740740740742,0.08333333333333334,0.10925925925925928,0.0888888888888889,0.10000000000000002,0.11111111111111112,0.10000000000000002,0.12222222222222223
162,0.07536231884057973,0.07149758454106282,0.09371980676328504,0.07149758454106282,0.08405797101449276,0.13913043478260873,0.09661835748792272,0.12173913043478263,0.13236714975845412,0.1140096618357488
163,0.0781580059146599,0.08027038445289396,0.15420363329108577,0.08111533586818757,0.08871989860583017,0.1144909167722856,0.09590198563582594,0.11702577101816646,0.09083227714406422,0.09928179129700042
164,0.08299866131191433,0.10040160642570281,0.11914323962516733,0.07228915662650602,0.06559571619812583,0.11512717536813923,0.13253012048192772,0.12048192771084337,0.09772423025435073,0.09370816599732262
165,0.08489388264669163,0.07116104868913857,0.08114856429463171,0.08489388264669163,0.08489388264669163,0.09363295880149813,0.19600499375780275,0.08614232209737828,0.0749063670411985,0.14232209737827714
166,0.10018214936247723,0.09289617486338798,0.10746812386156648,0.10382513661202186,0.09836065573770492,0.12021857923497267,0.10018214936247723,0.0965391621129326,0.08196721311475409,0.09836065573770492
167,0.07539682539682539,0.0744047619047619,0.08531746031746032,0.06845238095238096,0.06646825396825397,0.15674603174603174,0.10119047619047619,0.1130952380952381,0.12400793650793651,0.1349206349206349
168,0.11111111111111112,0.07260726072607263,0.11111111111111112,0.07370737073707372,0.07370737073707372,0.12321232123212322,0.09460946094609463,0.09350935093509352,0.09130913091309133,0.15511551155115513
169,0.055197132616487454,0.056630824372759854,0.07885304659498207,0.04372759856630824,0.06738351254480286,0.16487455197132617,0.12329749103942653,0.203584229390681,0.0939068100358423,0.11254480286738351
170,0.09027777777777778,0.12037037037037036,0.11574074074074074,0.08564814814814815,0.06944444444444445,0.1099537037037037,0.08333333333333333,0.12268518518518519,0.08101851851851852,0.12152777777777778
171,0.03968253968253969,0.08333333333333334,0.11746031746031747,0.10873015873015875,0.057936507936507946,0.09603174603174605,0.1396825396825397,0.15793650793650796,0.06984126984126986,0.1293650793650794
172,0.10843373493975901,0.11646586345381524,0.10575635876840693,0.09504685408299864,0.08835341365461846,0.10843373493975901,0.12048192771084335,0.10575635876840693,0.06291834002677375,0.08835341365461846
173,0.06944444444444446,0.1011904761904762,0.13690476190476195,0.10813492063492065,0.064484126984127,0.08432539682539685,0.10615079365079366,0.17460317460317462,0.08829365079365081,0.06646825396825398
174,0.1023391812865497,0.07017543859649122,0.08698830409356725,0.06359649122807018,0.11038011695906433,0.13304093567251463,0.11403508771929824,0.08625730994152046,0.10307017543859649,0.1301169590643275
175,0.09107468123861567,0.08743169398907105,0.12386156648451732,0.09107468123861567,0.1074681238615665,0.092896174863388,0.09653916211293262,0.12386156648451732,0.10200364298724957,0.08378870673952643
176,0.09116809116809117,0.10256410256410256,0.11253561253561253,0.07122507122507123,0.11253561253561253,0.11538461538461539,0.0868945868945869,0.11253561253561253,0.09116809116809117,0.10398860398860399
177,0.06846240179573512,0.13187429854096522,0.10044893378226712,0.043209876543209874,0.0723905723905724,0.14870931537598203,0.20089786756453423,0.10662177328843996,0.04040404040404041,0.08698092031425365
178,0.09736540664375716,0.13058419243986255,0.11683848797250859,0.07216494845360824,0.07101947308132875,0.15234822451317298,0.08476517754868271,0.09621993127147767,0.08934707903780069,0.08934707903780069
179,0.0700152207001522,0.1095890410958904,0.0806697108066971,0.1095890410958904,0.0715372907153729,0.1552511415525114,0.1232876712328767,0.1050228310502283,0.0974124809741248,0.0776255707762557
180,0.06330749354005168,0.08397932816537468,0.10077519379844961,0.07493540051679587,0.07235142118863049,0.12403100775193798,0.12015503875968993,0.14987080103359174,0.09819121447028424,0.1124031007751938
181,0.11601307189542484,0.07516339869281045,0.08986928104575163,0.09477124183006536,0.09477124183006536,0.1503267973856209,0.10130718954248366,0.10620915032679738,0.08169934640522876,0.08986928104575163
182,0.08333333333333333,0.15151515151515152,0.10227272727272728,0.08712121212121213,0.09974747474747475,0.09848484848484848,0.0845959595959596,0.10732323232323232,0.06060606060606061,0.125
183,0.07597340930674262,0.07597340930674262,0.12915479582146247,0.07502374169040835,0.09211775878442544,0.15764482431149096,0.12060778727445391,0.07407407407407406,0.07692307692307691,0.12250712250712248
184,0.08916323731138548,0.1207133058984911,0.1330589849108368,0.07818930041152265,0.0795610425240055,0.13031550068587108,0.09602194787379974,0.09190672153635118,0.06721536351165983,0.11385459533607684
185,0.10731244064577398,0.0788224121557455,0.18233618233618235,0.05318138651471985,0.12440645773979107,0.055080721747388414,0.07692307692307693,0.17663817663817663,0.07027540360873694,0.07502374169040836
186,0.08579465541490856,0.12376933895921235,0.14486638537271446,0.06329113924050632,0.09985935302390996,0.09985935302390996,0.10829817158931081,0.08016877637130801,0.10548523206751052,0.08860759493670885
187,0.0778816199376947,0.12045690550363447,0.1277258566978193,0.07995846313603323,0.08722741433021806,0.142263759086189,0.11007268951194185,0.09449636552440291,0.07372793354101766,0.08618899273104881
188,0.06806806806806807,0.13113113113113112,0.10810810810810811,0.06706706706706707,0.0990990990990991,0.07507507507507508,0.13713713713713713,0.09509509509509509,0.1111111111111111,0.10810810810810811
189,0.0594541910331384,0.0769980506822612,0.07602339181286549,0.0594541910331384,0.09161793372319688,0.17348927875243664,0.14619883040935672,0.14912280701754385,0.08771929824561403,0.07992202729044834
190,0.06666666666666667,0.09259259259259259,0.12685185185185185,0.05648148148148148,0.1,0.07592592592592592,0.13703703703703704,0.15092592592592594,0.10185185185185185,0.09166666666666666
191,0.07837301587301589,0.13293650793650796,0.1140873015873016,0.08134920634920637,0.13293650793650796,0.09523809523809525,0.10515873015873017,0.10515873015873017,0.07341269841269843,0.08134920634920637
192,0.08474576271186442,0.10593220338983052,0.11393596986817327,0.06355932203389832,0.04519774011299436,0.13700564971751414,0.11958568738229756,0.14595103578154428,0.12806026365348402,0.056026365348399255
193,0.09259259259259259,0.09171075837742504,0.13227513227513227,0.05731922398589065,0.08024691358024691,0.12433862433862433,0.0873015873015873,0.12257495590828923,0.0564373897707231,0.15520282186948853
194,0.10052910052910052,0.10714285714285714,0.10449735449735449,0.08994708994708994,0.09656084656084656,0.10317460317460317,0.07804232804232804,0.1164021164021164,0.07804232804232804,0.12566137566137567
195,0.08249158249158249,0.1447811447811448,0.11447811447811448,0.12289562289562289,0.1026936026936027,0.09595959595959595,0.08080808080808081,0.09764309764309764,0.08249158249158249,0.07575757575757576
196,0.10281923714759536,0.07462686567164178,0.0978441127694859,0.10613598673300166,0.0845771144278607,0.0978441127694859,0.14096185737976782,0.0978441127694859,0.07462686567164178,0.12271973466003316
197,0.0641025641025641,0.1111111111111111,0.13817663817663817,0.09829059829059829,0.06695156695156695,0.17806267806267806,0.0811965811965812,0.0641025641025641,0.12108262108262108,0.07692307692307693
198,0.05147058823529412,0.12009803921568629,0.1258169934640523,0.04983660130718955,0.08169934640522877,0.10866013071895426,0.07271241830065361,0.0735294117647059,0.13562091503267976,0.18055555555555558
199,0.07029478458049886,0.08843537414965985,0.11564625850340134,0.09410430839002265,0.07596371882086167,0.10997732426303852,0.13265306122448978,0.1258503401360544,0.10090702947845802,0.08616780045351473
200,0.09694989106753812,0.14052287581699346,0.15359477124183007,0.06318082788671024,0.07516339869281045,0.11546840958605664,0.06971677559912855,0.09694989106753812,0.05337690631808279,0.13507625272331156
201,0.08914728682170543,0.10723514211886305,0.09302325581395349,0.09819121447028424,0.09689922480620156,0.1124031007751938,0.09431524547803617,0.10981912144702842,0.11627906976744186,0.082687338501292
202,0.10746812386156646,0.10473588342440798,0.07923497267759562,0.06739526411657558,0.0628415300546448,0.12659380692167574,0.10291438979963567,0.15664845173041891,0.0837887067395264,0.10837887067395262
203,0.08969210174029452,0.0963855421686747,0.08835341365461848,0.08299866131191433,0.08299866131191433,0.13520749665327977,0.1111111111111111,0.11512717536813923,0.07630522088353414,0.12182061579651941
204,0.04295532646048111,0.17754868270332191,0.09793814432989692,0.05784650630011456,0.05040091638029783,0.13172966781214207,0.13974799541809854,0.12657502863688433,0.10137457044673541,0.0738831615120275
205,0.08922558922558924,0.08585858585858587,0.08922558922558924,0.12962962962962965,0.08080808080808083,0.12794612794612797,0.09595959595959597,0.08922558922558924,0.11952861952861954,0.0925925925925926
206,0.08865248226950356,0.08510638297872342,0.12056737588652483,0.07328605200945627,0.12174940898345155,0.1252955082742317,0.10520094562647755,0.1004728132387707,0.09574468085106384,0.0839243498817967
207,0.09009009009009009,0.1066066066066066,0.10510510510510511,0.08858858858858859,0.0915915915915916,0.08258258258258258,0.09009009009009009,0.12012012012012012,0.0915915915915916,0.13363363363363365
208,0.044569993722536096,0.10797237915881984,0.0973006905210295,0.06340238543628374,0.07846829880728186,0.14563716258631512,0.15505335844318896,0.0903954802259887,0.128060263653484,0.08913998744507219
209,0.09506172839506173,0.09259259259259259,0.1037037037037037,0.08395061728395062,0.07530864197530865,0.09876543209876543,0.1037037037037037,0.08518518518518518,0.08024691358024691,0.1814814814814815
210,0.06768837803320563,0.070242656449553,0.06641123882503193,0.07790549169859515,0.12132822477650064,0.09195402298850575,0.1583652618135377,0.10472541507024266,0.08301404853128991,0.1583652618135377
211,0.051094890510948905,0.09813463098134631,0.11841038118410381,0.0746147607461476,0.0413625304136253,0.13138686131386862,0.14274128142741282,0.10137875101378752,0.10543390105433902,0.1354420113544201
212,0.09722222222222224,0.06944444444444446,0.11111111111111112,0.05092592592592593,0.09444444444444446,0.0638888888888889,0.1314814814814815,0.10925925925925928,0.16666666666666669,0.10555555555555557
213,0.09195402298850575,0.12260536398467432,0.08173690932311622,0.06896551724137931,0.10472541507024266,0.09450830140485313,0.10344827586206896,0.09578544061302682,0.12260536398467432,0.1136653895274585
214,0.06496415770609319,0.08019713261648745,0.10125448028673835,0.04614695340501792,0.09901433691756273,0.1057347670250896,0.16218637992831542,0.12768817204301075,0.14560931899641577,0.06720430107526881
215,0.05305867665418227,0.1254681647940075,0.07927590511860175,0.049937578027465665,0.07428214731585518,0.18476903870162298,0.09300873907615481,0.12109862671660425,0.1254681647940075,0.09363295880149813
216,0.06756756756756757,0.1066066066066066,0.12237237237237238,0.05930930930930931,0.11711711711711711,0.15090090090090091,0.09759759759759759,0.08783783783783784,0.060810810810810814,0.12987987987987987
217,0.08641975308641975,0.10648148148148148,0.10339506172839506,0.08179012345679013,0.11882716049382716,0.0941358024691358,0.1111111111111111,0.08796296296296297,0.08796296296296297,0.12191358024691358
218,0.0924092409240924,0.09900990099009901,0.07260726072607261,0.06490649064906491,0.06490649064906491,0.17381738173817382,0.12321232123212321,0.1397139713971397,0.08800880088008801,0.0814081408140814
219,0.05747126436781609,0.09067688378033206,0.08045977011494253,0.1277139208173691,0.09195402298850575,0.13026819923371646,0.1392081736909323,0.10217113665389528,0.08045977011494253,0.09961685823754789
220,0.05857019810508183,0.12661498708010335,0.08785529715762273,0.11024978466838932,0.056847545219638244,0.12489233419465978,0.10680447889750215,0.10508182601205857,0.08699397071490095,0.13608957795004306
221,0.0992063492063492,0.09126984126984126,0.062169312169312166,0.07142857142857142,0.08465608465608465,0.15873015873015872,0.0992063492063492,0.10978835978835978,0.14682539682539683,0.07671957671957672
222,0.07674684994272625,0.11111111111111113,0.11340206185567013,0.06643757159221078,0.08591065292096221,0.10194730813287517,0.10996563573883164,0.10309278350515466,0.12027491408934711,0.11111111111111113
223,0.06597222222222224,0.1342592592592593,0.16319444444444448,0.06944444444444446,0.07986111111111112,0.10532407407407408,0.10300925925925927,0.10069444444444446,0.07291666666666669,0.10532407407407408
224,0.09465020576131687,0.06893004115226338,0.12654320987654322,0.07098765432098765,0.12654320987654322,0.13065843621399176,0.10596707818930041,0.08333333333333333,0.08436213991769548,0.10802469135802469
225,0.05555555555555555,0.09119496855345911,0.1310272536687631,0.06708595387840671,0.12473794549266247,0.11530398322851153,0.10377358490566038,0.1289308176100629,0.07442348008385745,0.10796645702306079
226,0.050443081117927745,0.09270620313565099,0.09270620313565099,0.05112474437627812,0.17927743694614862,0.17723244717109748,0.08997955010224949,0.11315610088616224,0.07770961145194274,0.07566462167689161
227,0.08383838383838384,0.10606060606060606,0.07676767676767676,0.0595959595959596,0.10606060606060606,0.13535353535353536,0.07777777777777778,0.1696969696969697,0.05656565656565657,0.12828282828282828
228,0.07001522070015222,0.08269913749365805,0.08777270421106038,0.05225773718924405,0.08066971080669712,0.06443429731100965,0.1653982749873161,0.19736174530695083,0.1121258244545916,0.08726534753932015
229,0.07519640852974187,0.12570145903479238,0.11560044893378227,0.052749719416386086,0.08417508417508418,0.05948372615039282,0.10998877665544332,0.16049382716049382,0.10101010101010101,0.11560044893378227
230,0.06513409961685823,0.10855683269476372,0.12388250319284802,0.06002554278416347,0.07535121328224777,0.1698595146871009,0.0983397190293742,0.12132822477650064,0.08556832694763729,0.09195402298850575
231,0.0576388888888889,0.07291666666666669,0.1201388888888889,0.10208333333333335,0.0965277777777778,0.16111111111111115,0.0888888888888889,0.13958333333333336,0.07083333333333335,0.09027777777777779
232,0.10398860398860399,0.10541310541310542,0.0868945868945869,0.07264957264957266,0.08262108262108261,0.1282051282051282,0.08547008547008547,0.12393162393162394,0.08262108262108261,0.1282051282051282
233,0.07647907647907648,0.0735930735930736,0.08946608946608947,0.0873015873015873,0.07864357864357864,0.15584415584415584,0.11976911976911978,0.12626262626262627,0.09235209235209235,0.10028860028860029
234,0.11215932914046121,0.09958071278825996,0.09958071278825996,0.0660377358490566,0.07337526205450734,0.11006289308176101,0.08071278825995808,0.12368972746331237,0.09119496855345911,0.14360587002096437
235,0.0970464135021097,0.0759493670886076,0.1420534458509142,0.07735583684950774,0.0829817158931083,0.14767932489451477,0.08860759493670886,0.08016877637130802,0.09142053445850915,0.11673699015471167
236,0.06846240179573512,0.0718294051627385,0.06734006734006734,0.0718294051627385,0.10549943883277217,0.06846240179573512,0.1335578002244669,0.1526374859708193,0.122334455667789,0.13804713804713806
237,0.08064516129032258,0.11648745519713262,0.11648745519713262,0.08064516129032258,0.09498207885304659,0.1003584229390681,0.08064516129032258,0.14516129032258066,0.0985663082437276,0.08602150537634409
238,0.07511737089201878,0.09076682316118936,0.10172143974960876,0.11424100156494522,0.13615023474178403,0.08450704225352113,0.07981220657276995,0.13302034428794993,0.10015649452269171,0.08450704225352113
239,0.08080808080808081,0.13131313131313133,0.09090909090909091,0.09090909090909091,0.10606060606060606,0.09764309764309764,0.10774410774410774,0.09595959595959595,0.09090909090909091,0.10774410774410774
240,0.06580366774541532,0.06256742179072276,0.1186623516720604,0.05609492988133765,0.12405609492988134,0.11326860841423948,0.13052858683926646,0.15857605177993528,0.0895361380798274,0.08090614886731391
241,0.06495726495726498,0.09401709401709404,0.12735042735042737,0.059829059829059845,0.06324786324786326,0.10683760683760686,0.13931623931623935,0.1435897435897436,0.10598290598290601,0.0948717948717949
242,0.062421972534332085,0.12109862671660425,0.09612983770287141,0.1111111111111111,0.08114856429463171,0.1523096129837703,0.06741573033707865,0.10112359550561797,0.06741573033707865,0.13982521847690388
243,0.0912280701754386,0.07953216374269007,0.15087719298245614,0.08187134502923976,0.08304093567251462,0.10526315789473684,0.11929824561403508,0.10409356725146199,0.10526315789473684,0.07953216374269007
244,0.03208556149732621,0.12358882947118241,0.11586452762923351,0.06060606060606061,0.07308377896613191,0.1586452762923351,0.0754604872251931,0.11586452762923351,0.12299465240641712,0.12180629827688651
245,0.08165997322623829,0.11378848728246319,0.12449799196787148,0.0642570281124498,0.08165997322623829,0.09772423025435073,0.0963855421686747,0.08835341365461848,0.09906291834002677,0.15261044176706828
246,0.08623548922056384,0.10945273631840796,0.12603648424543948,0.10945273631840796,0.09950248756218906,0.09950248756218906,0.10281923714759536,0.08955223880597014,0.08623548922056384,0.0912106135986733
247,0.08922558922558921,0.11784511784511782,0.09427609427609425,0.10774410774410771,0.07575757575757575,0.10269360269360267,0.10101010101010098,0.13468013468013465,0.07575757575757575,0.10101010101010098
248,0.12842712842712845,0.08802308802308803,0.11976911976911979,0.09235209235209237,0.10245310245310246,0.0937950937950938,0.08513708513708515,0.10533910533910536,0.08802308802308803,0.0966810966810967
249,0.0990990990990991,0.1066066066066066,0.08108108108108109,0.10810810810810811,0.07957957957957958,0.15615615615615616,0.08708708708708708,0.11711711711711711,0.08558558558558559,0.07957957957957958
250,0.08928571428571429,0.09523809523809523,0.08928571428571429,0.12301587301587301,0.09523809523809523,0.10912698412698413,0.10714285714285714,0.1111111111111111,0.09126984126984126,0.08928571428571429
251,0.06264775413711583,0.08747044917257683,0.09810874704491726,0.0933806146572104,0.08865248226950355,0.1182033096926714,0.17494089834515367,0.10874704491725769,0.09810874704491726,0.06973995271867613
252,0.07765830346475508,0.0967741935483871,0.06571087216248507,0.07885304659498207,0.07048984468339307,0.13022700119474312,0.13739545997610514,0.08124253285543608,0.1063321385902031,0.15531660692951016
253,0.0842911877394636,0.10855683269476372,0.1111111111111111,0.06896551724137931,0.08684546615581099,0.1123882503192848,0.0970625798212005,0.13154533844189017,0.06513409961685823,0.13409961685823754
254,0.05813953488372093,0.08914728682170543,0.08785529715762273,0.07364341085271318,0.07364341085271318,0.08785529715762273,0.07881136950904392,0.1524547803617571,0.19121447028423771,0.10723514211886305
255,0.06909430438842204,0.08683473389355742,0.07282913165266107,0.06816059757236227,0.0915032679738562,0.1419234360410831,0.11764705882352941,0.09430438842203548,0.08123249299719888,0.17647058823529413
256,0.09197530864197533,0.09506172839506175,0.09506172839506175,0.05617283950617285,0.05061728395061729,0.11913580246913581,0.12160493827160496,0.14382716049382718,0.05555555555555556,0.17098765432098767
257,0.06046329014526895,0.07773851590106008,0.040047114252061256,0.07145661562622695,0.06595995288574795,0.16215155084413038,0.1429132312524539,0.12446014919513154,0.09501374165685121,0.15979583824106794
258,0.0783625730994152,0.0912280701754386,0.10175438596491228,0.13333333333333333,0.08070175438596491,0.11461988304093568,0.1216374269005848,0.09824561403508772,0.09473684210526316,0.08538011695906433
259,0.05529473135106938,0.09702660406885759,0.10276473656755347,0.08398539384454877,0.07720396452790819,0.17266562336984873,0.12467396974439228,0.10380803338549817,0.09494001043296818,0.08763693270735524
260,0.10737628384687208,0.09523809523809523,0.08123249299719888,0.06535947712418301,0.0765639589169001,0.10457516339869281,0.11484593837535013,0.10084033613445378,0.11297852474323063,0.14098972922502334
261,0.06753812636165578,0.07770515613652869,0.07044299201161947,0.05954974582425563,0.05954974582425563,0.2018881626724764,0.16194625998547568,0.08278867102396514,0.14233841684822077,0.07625272331154684
262,0.05486111111111111,0.09236111111111112,0.11458333333333333,0.04861111111111111,0.050694444444444445,0.17708333333333334,0.1076388888888889,0.13055555555555556,0.1111111111111111,0.1125
263,0.061375661375661375,0.09523809523809523,0.1291005291005291,0.0835978835978836,0.0835978835978836,0.10052910052910052,0.07830687830687831,0.14074074074074075,0.06349206349206349,0.164021164021164
264,0.06506506506506507,0.07107107107107107,0.15315315315315314,0.06706706706706707,0.07007007007007007,0.1111111111111111,0.08108108108108109,0.13313313313313313,0.12712712712712712,0.12112112112112113
265,0.08312128922815945,0.08481764206955046,0.10602205258693809,0.06530958439355386,0.06700593723494487,0.1255301102629347,0.11704834605597965,0.1484308736217133,0.1280746395250212,0.07463952502120441
266,0.08155446086480571,0.049261083743842374,0.1237000547345375,0.07991242474001096,0.04816639299397921,0.21674876847290644,0.09633278598795841,0.08648056923918994,0.1029009304871374,0.1149425287356322
267,0.06710671067106712,0.07700770077007703,0.09790979097909792,0.07920792079207922,0.10561056105610563,0.16501650165016504,0.11551155115511552,0.11111111111111112,0.11771177117711773,0.06380638063806382
268,0.09076682316118938,0.11267605633802819,0.12519561815336466,0.07668231611893585,0.07042253521126762,0.12363067292644758,0.08137715179968702,0.0970266040688576,0.10798122065727701,0.11424100156494524
269,0.1111111111111111,0.081377151799687,0.10015649452269171,0.07981220657276995,0.10641627543035993,0.12363067292644757,0.11580594679186229,0.09859154929577464,0.07355242566510173,0.10954616588419405
270,0.11975308641975309,0.06419753086419754,0.09382716049382717,0.0654320987654321,0.08148148148148149,0.07407407407407407,0.1469135802469136,0.11481481481481481,0.09259259259259259,0.1469135802469136
271,0.06360153256704981,0.11570881226053639,0.05210727969348659,0.037547892720306515,0.12873563218390804,0.09655172413793103,0.16934865900383142,0.12413793103448276,0.06896551724137931,0.14329501915708812
272,0.06818181818181818,0.117003367003367,0.09848484848484848,0.06481481481481481,0.050505050505050504,0.1026936026936027,0.17087542087542087,0.1414141414141414,0.07491582491582492,0.1111111111111111
273,0.09941520467836257,0.09551656920077972,0.09746588693957114,0.06920077972709551,0.10136452241715399,0.10721247563352826,0.12183235867446393,0.13060428849902533,0.07115009746588694,0.10623781676413255
274,0.09003831417624521,0.06704980842911877,0.11877394636015326,0.07183908045977011,0.09291187739463602,0.11494252873563218,0.1446360153256705,0.1024904214559387,0.06609195402298851,0.13122605363984674
275,0.06712962962962964,0.06828703703703703,0.1076388888888889,0.07060185185185185,0.09027777777777778,0.11342592592592593,0.14930555555555555,0.10069444444444445,0.1099537037037037,0.12268518518518519
276,0.08831908831908832,0.09829059829059829,0.1225071225071225,0.0698005698005698,0.1267806267806268,0.10541310541310542,0.08974358974358974,0.12108262108262108,0.08262108262108261,0.09544159544159544
277,0.06184486373165619,0.1090146750524109,0.10167714884696016,0.08909853249475891,0.13417190775681342,0.1331236897274633,0.09853249475890985,0.06184486373165619,0.10587002096436059,0.10482180293501048
278,0.09465020576131687,0.08916323731138547,0.07956104252400549,0.09190672153635117,0.07681755829903979,0.08367626886145405,0.11248285322359397,0.13991769547325103,0.1056241426611797,0.1262002743484225
279,0.06448412698412699,0.10218253968253968,0.09623015873015874,0.09027777777777778,0.05654761904761905,0.13392857142857142,0.09523809523809523,0.12797619047619047,0.09126984126984126,0.14186507936507936
280,0.07062146892655367,0.09416195856873823,0.11393596986817325,0.06591337099811675,0.1318267419962335,0.12052730696798493,0.11864406779661017,0.1064030131826742,0.06591337099811675,0.1120527306967985
281,0.07519640852974187,0.1111111111111111,0.12906846240179573,0.058361391694725026,0.05948372615039282,0.15039281705948374,0.13019079685746351,0.08641975308641975,0.0920314253647587,0.10774410774410774
282,0.06748466257668712,0.08793456032719836,0.1111111111111111,0.07225630538513975,0.10974778459441036,0.08384458077709611,0.136332651670075,0.15064758009543286,0.11042944785276074,0.07021131561008861
283,0.0851851851851852,0.10123456790123458,0.0888888888888889,0.06419753086419755,0.09382716049382718,0.0851851851851852,0.0851851851851852,0.13333333333333336,0.14074074074074078,0.12222222222222223
284,0.057692307692307696,0.09722222222222222,0.08440170940170941,0.06837606837606838,0.09615384615384616,0.14102564102564102,0.125,0.09294871794871795,0.09401709401709402,0.14316239316239315
285,0.09782608695652174,0.07729468599033816,0.11352657004830918,0.08695652173913043,0.0821256038647343,0.18357487922705315,0.12560386473429952,0.06884057971014493,0.07367149758454106,0.09057971014492754
286,0.09143518518518519,0.09259259259259259,0.0775462962962963,0.0787037037037037,0.06597222222222222,0.10416666666666667,0.1076388888888889,0.1099537037037037,0.16087962962962962,0.1111111111111111
287,0.12426900584795322,0.0760233918128655,0.11549707602339182,0.11111111111111112,0.08333333333333334,0.08040935672514621,0.09210526315789475,0.11842105263157895,0.09356725146198831,0.10526315789473685
288,0.11589008363201912,0.1063321385902031,0.13859020310633213,0.07646356033452807,0.1003584229390681,0.12186379928315412,0.08363201911589008,0.08482676224611709,0.07526881720430108,0.0967741935483871
289,0.06571087216248508,0.08363201911589009,0.09557945041816011,0.07885304659498209,0.08841099163679811,0.13022700119474315,0.09796893667861412,0.10752688172043012,0.07168458781362008,0.1804062126642772
290,0.05497685185185186,0.09837962962962965,0.1226851851851852,0.04108796296296297,0.0925925925925926,0.08449074074074076,0.15682870370370372,0.14293981481481485,0.09664351851851853,0.10937500000000001
291,0.07219083490269931,0.07532956685499058,0.10420590081607031,0.064030131826742,0.0778405524168236,0.1349654739485248,0.1016949152542373,0.11989956057752668,0.09981167608286252,0.15003138731952292
292,0.11009174311926606,0.08664627930682976,0.08460754332313965,0.0672782874617737,0.10703363914373089,0.127420998980632,0.07951070336391437,0.09072375127421,0.12538226299694188,0.12130479102956167
293,0.0753968253968254,0.09788359788359789,0.08201058201058202,0.09523809523809525,0.08201058201058202,0.1507936507936508,0.06613756613756615,0.10714285714285715,0.10714285714285715,0.13624338624338628
294,0.061465721040189124,0.07801418439716312,0.16312056737588654,0.09574468085106383,0.09101654846335698,0.11583924349881797,0.1016548463356974,0.12174940898345153,0.0673758865248227,0.10401891252955082
295,0.08921330089213302,0.10381184103811841,0.1386861313868613,0.05271695052716951,0.09975669099756691,0.12408759124087591,0.11354420113544202,0.0746147607461476,0.09813463098134631,0.10543390105433902
296,0.06244260789715335,0.0945821854912764,0.09550045913682277,0.07529843893480258,0.06152433425160698,0.12672176308539945,0.10560146923783287,0.13957759412304868,0.1322314049586777,0.10651974288337925
297,0.06926406926406926,0.1341991341991342,0.10966810966810966,0.07215007215007214,0.07215007215007214,0.1471861471861472,0.09956709956709957,0.12265512265512266,0.08225108225108226,0.09090909090909091
298,0.0871647509578544,0.13218390804597702,0.15229885057471265,0.05842911877394636,0.05459770114942529,0.09003831417624521,0.13026819923371646,0.11206896551724138,0.09961685823754789,0.08333333333333333
299,0.06847545219638244,0.12661498708010338,0.07751937984496125,0.08527131782945738,0.11240310077519382,0.08139534883720932,0.06847545219638244,0.10077519379844962,0.144702842377261,0.13436692506459952
300,0.1078107810781078,0.14301430143014301,0.07920792079207921,0.06930693069306931,0.0781078107810781,0.09020902090209021,0.132013201320132,0.08030803080308031,0.11331133113311331,0.10671067106710672
301,0.05825242718446602,0.1272923408845739,0.1121898597626753,0.07874865156418555,0.11650485436893204,0.10355987055016182,0.12189859762675297,0.09277238403451996,0.1111111111111111,0.07766990291262135
302,0.10952380952380952,0.11428571428571428,0.09206349206349207,0.08571428571428572,0.09365079365079365,0.09523809523809523,0.09206349206349207,0.12063492063492064,0.09682539682539683,0.1
303,0.06329113924050633,0.10689170182841069,0.07876230661040788,0.0829817158931083,0.13361462728551335,0.13220815752461323,0.06891701828410689,0.10126582278481013,0.11673699015471167,0.11533052039381153
304,0.0962962962962963,0.11555555555555555,0.09185185185185185,0.07851851851851852,0.07703703703703704,0.0962962962962963,0.0874074074074074,0.16,0.11259259259259259,0.08444444444444445
305,0.08226495726495726,0.16987179487179488,0.1111111111111111,0.10576923076923077,0.07051282051282051,0.09188034188034189,0.07158119658119658,0.09508547008547008,0.08547008547008547,0.11645299145299146
306,0.0898876404494382,0.14232209737827714,0.10611735330836454,0.06741573033707865,0.07615480649188515,0.0898876404494382,0.14357053682896379,0.10112359550561797,0.08614232209737828,0.09737827715355805
307,0.06944444444444445,0.09027777777777778,0.15833333333333333,0.09722222222222222,0.09583333333333334,0.11388888888888889,0.12916666666666668,0.1,0.0763888888888889,0.06944444444444445
308,0.07692307692307694,0.09401709401709403,0.105982905982906,0.08717948717948719,0.07863247863247864,0.11623931623931626,0.10427350427350429,0.10769230769230771,0.105982905982906,0.1230769230769231
309,0.09298998569384835,0.05674773485932284,0.1459227467811159,0.06342393896041965,0.055317119694802096,0.11444921316165951,0.1435383881735813,0.10205054840247973,0.08631378159275155,0.13924654268001907
310,0.06227106227106227,0.12332112332112333,0.08791208791208792,0.09035409035409035,0.06837606837606838,0.1330891330891331,0.14407814407814407,0.09645909645909646,0.07936507936507936,0.11477411477411477
311,0.06944444444444446,0.1416666666666667,0.12222222222222223,0.07638888888888891,0.08194444444444446,0.06944444444444446,0.13333333333333336,0.07361111111111113,0.1291666666666667,0.10277777777777779
312,0.10325476992143659,0.13804713804713806,0.08866442199775533,0.07295173961840629,0.06509539842873176,0.09988776655443322,0.12008978675645342,0.12682379349046016,0.11335578002244669,0.0718294051627385
313,0.07872078720787208,0.06355063550635506,0.15006150061500614,0.038130381303813035,0.06888068880688807,0.15785157851578516,0.12874128741287413,0.12915129151291513,0.09225092250922509,0.09266092660926609
314,0.05636070853462158,0.10853462157809984,0.1037037037037037,0.056682769726247986,0.14589371980676327,0.11497584541062802,0.13462157809983896,0.09210950080515298,0.09339774557165861,0.09371980676328502
315,0.09416195856873823,0.1016949152542373,0.09227871939736347,0.10357815442561205,0.09227871939736347,0.08662900188323917,0.14124293785310735,0.11299435028248588,0.0847457627118644,0.0903954802259887
316,0.08802308802308802,0.10678210678210678,0.0836940836940837,0.09379509379509379,0.11544011544011544,0.09379509379509379,0.10245310245310245,0.08513708513708514,0.12265512265512266,0.10822510822510822
317,0.08136482939632546,0.12860892388451445,0.09623797025371829,0.08661417322834646,0.08661417322834646,0.0699912510936133,0.10061242344706911,0.1321084864391951,0.07086614173228346,0.14698162729658792
318,0.1121898597626753,0.05825242718446602,0.09169363538295577,0.09492988133764833,0.06796116504854369,0.13807982740021574,0.09492988133764833,0.16720604099244876,0.06903991370010787,0.10571736785329018
319,0.054421768707483,0.07029478458049888,0.108843537414966,0.0759637188208617,0.07936507936507937,0.1281179138321996,0.07142857142857144,0.10997732426303856,0.10317460317460318,0.19841269841269843
320,0.14814814814814814,0.08539094650205761,0.10082304526748971,0.09259259259259259,0.05761316872427984,0.08333333333333333,0.11934156378600823,0.12654320987654322,0.09053497942386832,0.09567901234567901
321,0.06973995271867613,0.09574468085106383,0.1276595744680851,0.0768321513002364,0.07801418439716312,0.12174940898345153,0.10047281323877069,0.13829787234042554,0.08274231678486997,0.10874704491725769
322,0.0935672514619883,0.07894736842105263,0.1154970760233918,0.10087719298245613,0.07309941520467836,0.11403508771929824,0.14473684210526316,0.09941520467836257,0.0847953216374269,0.09502923976608187
323,0.06833824975417896,0.08308751229105212,0.13716814159292035,0.026057030481809244,0.06440511307767945,0.16224188790560473,0.12045231071779744,0.09341199606686332,0.11455260570304818,0.1302851524090462
324,0.07716049382716049,0.0941358024691358,0.08333333333333333,0.0941358024691358,0.08950617283950617,0.12345679012345678,0.12962962962962962,0.08333333333333333,0.09567901234567901,0.12962962962962962
325,0.06666666666666667,0.1382716049382716,0.07777777777777778,0.0691358024691358,0.07407407407407407,0.15308641975308643,0.09876543209876543,0.12098765432098765,0.12222222222222222,0.07901234567901234
326,0.08010335917312662,0.1253229974160207,0.10335917312661501,0.06718346253229976,0.07493540051679588,0.15116279069767444,0.1149870801033592,0.0930232558139535,0.07881136950904394,0.11111111111111113
327,0.08740740740740742,0.10222222222222226,0.06666666666666668,0.09333333333333335,0.08740740740740742,0.12444444444444447,0.13925925925925928,0.12592592592592594,0.10074074074074077,0.07259259259259261
328,0.09050179211469533,0.0528673835125448,0.0985663082437276,0.06003584229390681,0.12992831541218638,0.14157706093189965,0.11379928315412187,0.12096774193548387,0.06541218637992832,0.12634408602150538
329,0.09183673469387756,0.10430839002267574,0.10770975056689343,0.08616780045351474,0.08390022675736962,0.1235827664399093,0.10090702947845805,0.11678004535147392,0.09977324263038549,0.08503401360544217
330,0.07017543859649122,0.08333333333333333,0.06725146198830409,0.09064327485380116,0.08333333333333333,0.14473684210526316,0.13157894736842105,0.1301169590643275,0.10818713450292397,0.09064327485380116
331,0.09898989898989899,0.09696969696969697,0.10505050505050505,0.09292929292929293,0.1111111111111111,0.10303030303030303,0.09090909090909091,0.1191919191919192,0.09090909090909091,0.09090909090909091
332,0.06643757159221077,0.08132875143184422,0.11798396334478808,0.07101947308132875,0.09621993127147767,0.13974799541809851,0.0836197021764032,0.1420389461626575,0.09736540664375716,0.10423825887743414
333,0.08950617283950618,0.08796296296296298,0.08487654320987656,0.08024691358024692,0.07253086419753088,0.10956790123456792,0.14351851851851855,0.11728395061728396,0.09722222222222224,0.11728395061728396
334,0.08860759493670886,0.1209563994374121,0.09282700421940929,0.0759493670886076,0.10126582278481013,0.07454289732770746,0.10407876230661041,0.0829817158931083,0.1209563994374121,0.13783403656821377
335,0.09987515605493134,0.09488139825218478,0.10362047440699128,0.08863920099875157,0.0861423220973783,0.11360799001248441,0.13483146067415733,0.07990012484394508,0.10611735330836455,0.0923845193508115
336,0.17293906810035842,0.07616487455197132,0.12903225806451613,0.04390681003584229,0.06093189964157706,0.1496415770609319,0.08422939068100359,0.12634408602150538,0.08154121863799284,0.07526881720430108
337,0.10513739545997612,0.12305854241338114,0.09080047789725211,0.09557945041816011,0.05495818399044206,0.10035842293906812,0.0919952210274791,0.12783751493428916,0.11947431302270013,0.09080047789725211
338,0.09005847953216375,0.07953216374269008,0.09941520467836258,0.10877192982456142,0.06666666666666668,0.09590643274853802,0.11345029239766083,0.1345029239766082,0.09473684210526317,0.11695906432748539
339,0.053418803418803416,0.057692307692307696,0.12179487179487179,0.05555555555555555,0.06837606837606838,0.13782051282051283,0.15384615384615385,0.1485042735042735,0.11858974358974358,0.08440170940170941
340,0.06695156695156695,0.0868945868945869,0.0754985754985755,0.10541310541310542,0.11538461538461539,0.10256410256410256,0.13105413105413105,0.1225071225071225,0.08974358974358974,0.10398860398860399
341,0.07507507507507508,0.0990990990990991,0.0890890890890891,0.07107107107107107,0.07207207207207207,0.13513513513513514,0.12012012012012012,0.1091091091091091,0.11611611611611612,0.11311311311311312
342,0.07679738562091504,0.07679738562091504,0.0915032679738562,0.0784313725490196,0.0784313725490196,0.1650326797385621,0.10457516339869281,0.11601307189542484,0.08496732026143791,0.12745098039215685
343,0.045177045177045176,0.10195360195360195,0.1111111111111111,0.08669108669108669,0.054334554334554336,0.16483516483516483,0.1391941391941392,0.11294261294261294,0.11477411477411477,0.06898656898656899
344,0.09318996415770611,0.09318996415770611,0.10394265232974911,0.11290322580645162,0.0896057347670251,0.10931899641577063,0.0896057347670251,0.12903225806451615,0.0896057347670251,0.0896057347670251
345,0.08871662360034455,0.06890611541774334,0.1455641688199828,0.0732127476313523,0.07838070628768305,0.13264427217915592,0.1248923341946598,0.10077519379844962,0.09819121447028425,0.08871662360034455
346,0.06425702811244981,0.09638554216867472,0.11111111111111112,0.08567603748326641,0.12851405622489961,0.07228915662650603,0.12315930388219547,0.09370816599732264,0.09103078982597056,0.13386880856760378
347,0.06327160493827162,0.20370370370370372,0.10185185185185186,0.0455246913580247,0.06558641975308643,0.11805555555555557,0.07098765432098766,0.08873456790123459,0.12037037037037038,0.1219135802469136
348,0.1350210970464135,0.11392405063291139,0.09282700421940929,0.0829817158931083,0.09423347398030943,0.09563994374120956,0.1111111111111111,0.09563994374120956,0.09563994374120956,0.0829817158931083
349,0.07555555555555554,0.10444444444444442,0.1133333333333333,0.06555555555555555,0.07888888888888887,0.11111111111111108,0.0911111111111111,0.13444444444444442,0.11999999999999997,0.10555555555555553
350,0.07692307692307693,0.09876543209876543,0.07407407407407407,0.08452041785375118,0.07502374169040836,0.16809116809116809,0.11301044634377967,0.11585944919278253,0.06267806267806268,0.13105413105413105
351,0.10986267166042447,0.0898876404494382,0.11860174781523096,0.07990012484394507,0.11735330836454431,0.11235955056179775,0.08863920099875156,0.0986267166042447,0.10486891385767791,0.07990012484394507
352,0.09224318658280922,0.1069182389937107,0.10621942697414395,0.08944793850454227,0.08455625436757512,0.13556953179594688,0.1013277428371768,0.10621942697414395,0.09084556254367575,0.08665269042627533
353,0.07621671258034894,0.10651974288337925,0.0881542699724518,0.05234159779614325,0.06244260789715335,0.18365472910927455,0.14325068870523416,0.11570247933884298,0.05785123966942149,0.11386593204775022
354,0.04611575363664501,0.09594552770040236,0.06066233364283504,0.05756731662024142,0.06654286598576294,0.22779325286289076,0.0931600123800681,0.17208294645620553,0.08727948003714021,0.09285051067780874
355,0.063913470993117,0.15142576204523106,0.0855457227138643,0.0943952802359882,0.07669616519174041,0.1583087512291052,0.08947885939036382,0.11701081612586037,0.09046214355948869,0.0727630285152409
356,0.09623015873015874,0.06448412698412699,0.1349206349206349,0.09226190476190477,0.12003968253968254,0.09424603174603174,0.10813492063492064,0.11706349206349206,0.05853174603174603,0.11408730158730158
357,0.1056014692378329,0.11202938475665751,0.07254361799816347,0.08539944903581269,0.06060606060606062,0.17079889807162538,0.10743801652892565,0.08723599632690543,0.115702479338843,0.08264462809917357
358,0.11452991452991453,0.08888888888888889,0.09230769230769231,0.08034188034188035,0.08717948717948718,0.10427350427350428,0.12136752136752137,0.10256410256410256,0.11965811965811966,0.08888888888888889
359,0.05673758865248227,0.10756501182033097,0.1453900709219858,0.07446808510638298,0.11702127659574468,0.1430260047281324,0.12529550827423167,0.07446808510638298,0.07565011820330969,0.08037825059101655
360,0.08064516129032258,0.1003584229390681,0.12903225806451613,0.08064516129032258,0.08781362007168458,0.0967741935483871,0.12007168458781362,0.1003584229390681,0.10215053763440861,0.10215053763440861
361,0.10405643738977075,0.11640211640211642,0.09700176366843036,0.11816578483245152,0.10229276895943565,0.08641975308641976,0.09700176366843036,0.08465608465608467,0.10052910052910055,0.09347442680776015
362,0.06693440428380187,0.12583668005354753,0.107095046854083,0.07228915662650602,0.08969210174029452,0.14056224899598393,0.09772423025435073,0.11378848728246319,0.09236947791164658,0.09370816599732262
363,0.09106098579782791,0.12280701754385967,0.13617376775271514,0.0509607351712615,0.06432748538011697,0.10108604845446953,0.08437761069340018,0.10609857978279033,0.1069340016708438,0.13617376775271514
364,0.10977242302543508,0.0749665327978581,0.09103078982597054,0.0856760374832664,0.08032128514056225,0.11244979919678715,0.11646586345381527,0.1459170013386881,0.10575635876840696,0.07764390896921017
365,0.08870214752567693,0.07002801120448178,0.10364145658263303,0.0849673202614379,0.08590102707749765,0.14659197012138186,0.08123249299719887,0.1764705882352941,0.08123249299719887,0.08123249299719887
366,0.08585858585858586,0.1111111111111111,0.1,0.07474747474747474,0.08282828282828283,0.10707070707070707,0.10303030303030303,0.13131313131313133,0.07474747474747474,0.1292929292929293
367,0.09770114942528736,0.1206896551724138,0.08620689655172414,0.08620689655172414,0.09195402298850575,0.10344827586206896,0.12643678160919541,0.10919540229885058,0.08620689655172414,0.09195402298850575
368,0.06244260789715335,0.10376492194674013,0.16437098255280075,0.0743801652892562,0.07529843893480258,0.1248852157943067,0.07621671258034894,0.11753902662993572,0.12213039485766758,0.07897153351698806
369,0.0707070707070707,0.08585858585858586,0.0845959595959596,0.08333333333333333,0.07702020202020202,0.10479797979797979,0.12626262626262627,0.11237373737373738,0.10101010101010101,0.15404040404040403
370,0.06462585034013606,0.13718820861678005,0.14852607709750568,0.08390022675736962,0.06575963718820861,0.18253968253968253,0.07256235827664399,0.10317460317460317,0.07482993197278912,0.06689342403628118
371,0.1070336391437309,0.11722731906218146,0.08766564729867483,0.07951070336391439,0.07441386340468911,0.15596330275229361,0.08868501529051989,0.09582059123343528,0.08562691131498472,0.10805300713557596
372,0.10405643738977073,0.08994708994708996,0.1216931216931217,0.07936507936507937,0.10052910052910054,0.11287477954144622,0.08641975308641976,0.10405643738977073,0.09876543209876544,0.10229276895943563
373,0.07590759075907591,0.10121012101210121,0.0737073707370737,0.07590759075907591,0.15181518151815182,0.1265126512651265,0.15291529152915292,0.12211221122112212,0.052805280528052806,0.0671067106710671
374,0.08821034775233248,0.07633587786259542,0.09414758269720101,0.06955046649703138,0.07718405428329092,0.10602205258693809,0.14249363867684478,0.1433418150975403,0.10602205258693809,0.09669211195928754
375,0.1187363834422658,0.07080610021786492,0.058823529411764705,0.049019607843137254,0.09694989106753812,0.07298474945533769,0.11764705882352941,0.13507625272331156,0.12418300653594772,0.15577342047930284
376,0.052334943639291476,0.07971014492753624,0.07729468599033817,0.07487922705314011,0.07729468599033817,0.15378421900161032,0.07648953301127216,0.16666666666666669,0.14170692431562,0.09983896940418681
377,0.0671604938271605,0.09777777777777778,0.12395061728395061,0.03308641975308642,0.07802469135802469,0.1688888888888889,0.10666666666666667,0.12987654320987654,0.11950617283950617,0.07506172839506173
378,0.08294209702660407,0.09389671361502347,0.08607198748043818,0.050078247261345854,0.06729264475743349,0.1267605633802817,0.10172143974960876,0.202660406885759,0.08998435054773082,0.09859154929577464
379,0.0585858585858586,0.1548821548821549,0.11919191919191922,0.06936026936026937,0.14882154882154885,0.11111111111111113,0.08080808080808083,0.096969696969697,0.05521885521885523,0.10505050505050507
380,0.06718346253229973,0.08979328165374675,0.10788113695090437,0.06266149870801033,0.08462532299741601,0.19638242894056843,0.10594315245478034,0.061369509043927635,0.12984496124031006,0.09431524547803614
381,0.06820682068206821,0.08250825082508251,0.08250825082508251,0.08030803080308031,0.10561056105610561,0.1342134213421342,0.11441144114411442,0.09130913091309131,0.10231023102310231,0.13861386138613863
382,0.049494949494949494,0.11515151515151516,0.11616161616161616,0.06666666666666667,0.09292929292929293,0.1191919191919192,0.10101010101010101,0.1303030303030303,0.07171717171717172,0.13737373737373737
383,0.08301404853128991,0.13282247765006386,0.11494252873563218,0.08556832694763729,0.070242656449553,0.1277139208173691,0.10472541507024266,0.0970625798212005,0.07790549169859515,0.10600255427841634
384,0.07328605200945627,0.13002364066193856,0.08983451536643028,0.08510638297872342,0.10165484633569741,0.11938534278959813,0.11465721040189127,0.07446808510638299,0.08156028368794328,0.13002364066193856
385,0.07462686567164178,0.0845771144278607,0.10281923714759536,0.07960199004975124,0.087893864013267,0.08955223880597014,0.16417910447761194,0.12935323383084577,0.0912106135986733,0.09618573797678276
386,0.053516819571865444,0.06472986748216106,0.12436289500509684,0.05504587155963303,0.04434250764525994,0.21763506625891946,0.11365953109072376,0.1162079510703364,0.11926605504587157,0.09123343527013252
387,0.07203907203907202,0.11355311355311352,0.0952380952380952,0.07448107448107447,0.08547008547008546,0.10866910866910864,0.08058608058608058,0.18070818070818068,0.07936507936507935,0.10989010989010986
388,0.0672514619883041,0.08040935672514621,0.12426900584795324,0.14035087719298248,0.07894736842105264,0.0994152046783626,0.108187134502924,0.09064327485380118,0.11111111111111113,0.0994152046783626
389,0.1419753086419753,0.12191358024691358,0.08333333333333333,0.07098765432098765,0.08024691358024691,0.12037037037037036,0.12345679012345678,0.10185185185185185,0.08024691358024691,0.07561728395061729
390,0.06818181818181818,0.09974747474747475,0.12626262626262627,0.07828282828282829,0.06060606060606061,0.16540404040404041,0.12373737373737374,0.0946969696969697,0.11363636363636363,0.06944444444444445
391,0.10144927536231887,0.1207729468599034,0.09178743961352659,0.10144927536231887,0.08212560386473432,0.08695652173913045,0.13687600644122386,0.0950080515297907,0.09017713365539454,0.09339774557165863
392,0.08055555555555556,0.125,0.07777777777777778,0.06527777777777778,0.06944444444444445,0.11666666666666667,0.1486111111111111,0.10138888888888889,0.11944444444444445,0.09583333333333334
393,0.11414141414141414,0.07171717171717172,0.08484848484848485,0.07777777777777778,0.08181818181818182,0.11818181818181818,0.14343434343434344,0.10303030303030303,0.12121212121212122,0.08383838383838384
394,0.10052910052910054,0.08994708994708996,0.08465608465608467,0.1199294532627866,0.08465608465608467,0.09876543209876544,0.1305114638447972,0.09523809523809525,0.10758377425044093,0.08818342151675486
395,0.08006535947712418,0.10866013071895425,0.11029411764705882,0.05310457516339869,0.06781045751633986,0.1380718954248366,0.07924836601307189,0.16911764705882354,0.11437908496732026,0.07924836601307189
396,0.07761437908496732,0.061274509803921566,0.07924836601307189,0.05228758169934641,0.05718954248366013,0.11683006535947713,0.12581699346405228,0.1781045751633987,0.12336601307189543,0.12826797385620914
397,0.05555555555555555,0.06904303147077713,0.11368015414258188,0.06294155427103404,0.08766859344894026,0.11946050096339114,0.1294155427103404,0.15960179833012203,0.073538856775851,0.12909441233140656
398,0.06432748538011696,0.11228070175438597,0.09707602339181287,0.11578947368421053,0.07368421052631578,0.1391812865497076,0.14385964912280702,0.06198830409356725,0.07719298245614035,0.11461988304093568
399,0.1083676268861454,0.12071330589849108,0.08367626886145405,0.09876543209876543,0.09465020576131687,0.13580246913580246,0.08367626886145405,0.10150891632373114,0.0823045267489712,0.09053497942386832
400,0.070242656449553,0.10344827586206896,0.06896551724137931,0.06257982120051085,0.06641123882503193,0.10217113665389528,0.17113665389527458,0.12260536398467432,0.14559386973180077,0.08684546615581099
401,0.08408408408408409,0.1066066066066066,0.08258258258258258,0.08408408408408409,0.07357357357357357,0.07807807807807808,0.12312312312312312,0.12012012012012012,0.12012012012012012,0.12762762762762764
402,0.09243697478991597,0.0915032679738562,0.07376283846872082,0.07936507936507936,0.06442577030812324,0.12885154061624648,0.11858076563958916,0.08683473389355742,0.11671335200746966,0.14752567693744165
403,0.08312128922815945,0.15097540288379982,0.11280746395250212,0.04580152671755725,0.06276505513146735,0.1077184054283291,0.11195928753180662,0.09329940627650551,0.15776081424936386,0.0737913486005089
404,0.057449494949494966,0.11047979797979801,0.14520202020202022,0.06376262626262627,0.0561868686868687,0.1426767676767677,0.09974747474747478,0.11553030303030305,0.1325757575757576,0.07638888888888891
405,0.08450704225352114,0.134585289514867,0.12206572769953053,0.08450704225352114,0.10172143974960877,0.08607198748043819,0.08920187793427231,0.11893583724569641,0.09546165884194055,0.08294209702660409
406,0.08141762452107279,0.08141762452107279,0.09770114942528736,0.10153256704980843,0.05842911877394636,0.1053639846743295,0.10632183908045977,0.10919540229885058,0.09386973180076628,0.16475095785440613
407,0.07627118644067797,0.09698681732580038,0.1007532956685499,0.06685499058380415,0.1007532956685499,0.1120527306967985,0.11581920903954802,0.08662900188323917,0.1111111111111111,0.1327683615819209
408,0.0842911877394636,0.08173690932311622,0.070242656449553,0.08045977011494253,0.08939974457215837,0.13537675606641125,0.09067688378033206,0.09578544061302682,0.10344827586206896,0.1685823754789272
409,0.1111111111111111,0.13608957795004306,0.09646856158484066,0.06804478897502153,0.053402239448751075,0.13522825150732126,0.08440999138673558,0.0913006029285099,0.09991386735572783,0.12403100775193798
410,0.1191919191919192,0.07878787878787878,0.09696969696969697,0.09898989898989899,0.07373737373737374,0.08383838383838384,0.13434343434343435,0.1595959595959596,0.06666666666666667,0.08787878787878788
411,0.0948509485094851,0.0948509485094851,0.08401084010840108,0.06504065040650407,0.09349593495934959,0.13956639566395665,0.13279132791327913,0.1016260162601626,0.07994579945799458,0.11382113821138211
412,0.0923076923076923,0.14017094017094014,0.08034188034188033,0.09059829059829058,0.08205128205128204,0.10769230769230767,0.1128205128205128,0.12136752136752134,0.07692307692307691,0.0957264957264957
413,0.11616161616161616,0.07431457431457432,0.1471861471861472,0.08874458874458875,0.05916305916305916,0.11255411255411256,0.10245310245310245,0.1176046176046176,0.09235209235209235,0.08946608946608947
414,0.0970464135021097,0.11814345991561181,0.09845288326300984,0.07735583684950774,0.09282700421940929,0.1420534458509142,0.08860759493670886,0.09142053445850915,0.09845288326300984,0.09563994374120956
415,0.12018140589569161,0.08276643990929705,0.12471655328798185,0.08049886621315193,0.10317460317460317,0.1054421768707483,0.12244897959183673,0.10204081632653061,0.07256235827664399,0.08616780045351474
416,0.07124681933842239,0.09245122985581,0.11280746395250212,0.05937234944868533,0.089058524173028,0.178117048346056,0.07972858354537744,0.08821034775233248,0.11959287531806616,0.10941475826972011
417,0.08454106280193237,0.1292270531400966,0.12198067632850242,0.09420289855072464,0.0785024154589372,0.1280193236714976,0.09541062801932366,0.12560386473429952,0.06884057971014493,0.07367149758454106
418,0.06818181818181819,0.10269360269360273,0.1430976430976431,0.07407407407407408,0.07912457912457914,0.10521885521885525,0.10774410774410777,0.0925925925925926,0.1548821548821549,0.07239057239057241
419,0.09456264775413711,0.06264775413711583,0.11229314420803782,0.07446808510638298,0.1182033096926714,0.13829787234042554,0.08865248226950355,0.1016548463356974,0.10638297872340426,0.10283687943262411
420,0.0730593607305936,0.1385083713850837,0.0684931506849315,0.0974124809741248,0.1004566210045662,0.1232876712328767,0.0791476407914764,0.1126331811263318,0.1080669710806697,0.0989345509893455
421,0.0847457627118644,0.09981167608286252,0.09981167608286252,0.10734463276836158,0.08851224105461393,0.09227871939736347,0.08851224105461393,0.11864406779661017,0.11864406779661017,0.1016949152542373
422,0.07253086419753088,0.0910493827160494,0.1342592592592593,0.08641975308641976,0.0771604938271605,0.14814814814814817,0.1064814814814815,0.07407407407407408,0.0910493827160494,0.11882716049382717
423,0.05934343434343433,0.08585858585858584,0.11868686868686866,0.08712121212121211,0.06313131313131312,0.15025252525252522,0.13510101010101008,0.13257575757575754,0.07070707070707069,0.0972222222222222
424,0.08112874779541446,0.08289241622574955,0.09171075837742504,0.09523809523809523,0.10405643738977072,0.07936507936507936,0.14814814814814814,0.10582010582010581,0.10582010582010581,0.10582010582010581
425,0.06756756756756757,0.08858858858858859,0.07207207207207207,0.06756756756756757,0.08858858858858859,0.12912912912912913,0.14564564564564564,0.12012012012012012,0.11711711711711711,0.1036036036036036
426,0.04345679012345679,0.09827160493827161,0.13333333333333333,0.05432098765432099,0.0874074074074074,0.10765432098765432,0.09135802469135802,0.12197530864197531,0.08839506172839506,0.17382716049382715
427,0.08080808080808081,0.09917355371900827,0.09182736455463728,0.051423324150596875,0.08172635445362718,0.13314967860422405,0.15151515151515152,0.10101010101010101,0.06244260789715335,0.14692378328741965
428,0.1322314049586777,0.0945821854912764,0.10927456382001836,0.05234159779614325,0.07621671258034894,0.11570247933884298,0.09825528007346189,0.10560146923783287,0.08723599632690542,0.1285583103764922
429,0.11360799001248441,0.06741573033707866,0.10986267166042449,0.11235955056179776,0.08114856429463173,0.1161048689138577,0.0861423220973783,0.10112359550561799,0.06991260923845195,0.14232209737827717
430,0.03454231433506045,0.12607944732297063,0.1047783534830167,0.03454231433506045,0.09499136442141623,0.15025906735751296,0.1157167530224525,0.1226252158894646,0.13989637305699482,0.07656879677605066
431,0.08333333333333334,0.09477124183006537,0.07843137254901962,0.10784313725490198,0.08496732026143793,0.0996732026143791,0.10947712418300655,0.10130718954248367,0.12745098039215688,0.1127450980392157
432,0.052653399668325045,0.09908789386401327,0.1115257048092869,0.0708955223880597,0.07255389718076286,0.14925373134328357,0.11401326699834162,0.11608623548922056,0.11028192371475953,0.10364842454394693
433,0.10233918128654972,0.10233918128654972,0.07309941520467837,0.06871345029239767,0.0760233918128655,0.10233918128654972,0.11549707602339182,0.08040935672514621,0.1754385964912281,0.10380116959064328
434,0.10981912144702843,0.11111111111111112,0.08785529715762275,0.06330749354005169,0.08268733850129201,0.09948320413436694,0.0736434108527132,0.15245478036175714,0.0930232558139535,0.12661498708010338
435,0.08506944444444445,0.10243055555555555,0.0798611111111111,0.09722222222222222,0.08854166666666667,0.0798611111111111,0.11284722222222222,0.125,0.09027777777777778,0.1388888888888889
436,0.0890890890890891,0.0940940940940941,0.08708708708708708,0.08408408408408409,0.07857857857857858,0.16066066066066065,0.11411411411411411,0.13463463463463463,0.06806806806806807,0.08958958958958958
437,0.04497354497354498,0.09876543209876544,0.11552028218694886,0.05467372134038801,0.11463844797178131,0.20017636684303353,0.10405643738977073,0.08553791887125221,0.09964726631393299,0.08201058201058202
438,0.06682769726247989,0.08212560386473432,0.14090177133655396,0.0676328502415459,0.09500805152979068,0.09500805152979068,0.15539452495974238,0.1135265700483092,0.11191626409017714,0.07165861513687602
439,0.08333333333333333,0.07671957671957672,0.09259259259259259,0.06878306878306878,0.17857142857142858,0.10978835978835978,0.11507936507936507,0.08465608465608465,0.082010582010582,0.10846560846560846
440,0.10267229254571027,0.08720112517580872,0.09423347398030943,0.09845288326300984,0.0970464135021097,0.10689170182841069,0.09142053445850915,0.07876230661040788,0.11954992967651196,0.12376933895921238
441,0.08574879227053141,0.0966183574879227,0.07246376811594203,0.059178743961352656,0.10869565217391304,0.16183574879227053,0.08333333333333333,0.10990338164251208,0.07004830917874397,0.15217391304347827
442,0.08424908424908426,0.12454212454212454,0.0695970695970696,0.06593406593406594,0.06715506715506715,0.1111111111111111,0.10866910866910867,0.1514041514041514,0.12698412698412698,0.09035409035409035
443,0.10237203495630462,0.06554307116104868,0.11860174781523096,0.049937578027465665,0.0599250936329588,0.13295880149812733,0.10923845193508115,0.16604244694132334,0.13670411985018727,0.05867665418227216
444,0.07466196355085246,0.11699000587889478,0.07524985302763082,0.03644914756025868,0.057025279247501476,0.14050558495002943,0.09288653733098179,0.15579071134626693,0.13462669018224577,0.11581422692533805
445,0.12560386473429952,0.0966183574879227,0.09500805152979067,0.11272141706924316,0.08051529790660225,0.0853462157809984,0.10305958132045089,0.10628019323671498,0.11594202898550725,0.07890499194847021
446,0.13066666666666668,0.07200000000000001,0.10666666666666669,0.05866666666666667,0.09511111111111112,0.0888888888888889,0.10755555555555557,0.10400000000000001,0.1048888888888889,0.1315555555555556
447,0.06250000000000001,0.10277777777777779,0.09305555555555557,0.08333333333333334,0.07222222222222223,0.1138888888888889,0.1291666666666667,0.1305555555555556,0.10694444444444445,0.10555555555555557
448,0.08556832694763729,0.10983397190293742,0.09067688378033206,0.09323116219667944,0.08173690932311622,0.19284802043422733,0.10344827586206896,0.09195402298850575,0.06513409961685823,0.08556832694763729
449,0.09788359788359788,0.09656084656084656,0.12301587301587301,0.082010582010582,0.07936507936507936,0.10582010582010581,0.13227513227513227,0.09259259259259259,0.09523809523809523,0.09523809523809523
450,0.12164296998420222,0.08846761453396526,0.10584518167456558,0.05002632964718273,0.07477619799894683,0.15639810426540288,0.11690363349131123,0.13586097946287523,0.07319641916798317,0.07688256977356504
451,0.08877434135166093,0.0824742268041237,0.10252004581901486,0.05441008018327605,0.07445589919816722,0.1351660939289805,0.08419243986254295,0.12428407789232529,0.08820160366552118,0.16552119129438714
452,0.08454106280193237,0.08454106280193237,0.09259259259259259,0.04106280193236715,0.10305958132045089,0.1247987117552335,0.14653784219001612,0.07890499194847021,0.08856682769726248,0.15539452495974235
453,0.09640522875816994,0.1388888888888889,0.08986928104575163,0.07352941176470588,0.10784313725490197,0.13071895424836602,0.09803921568627451,0.08823529411764706,0.08823529411764706,0.08823529411764706
454,0.0701058201058201,0.14285714285714285,0.062169312169312166,0.08068783068783068,0.06613756613756613,0.10052910052910052,0.12433862433862433,0.10846560846560846,0.13227513227513227,0.11243386243386243
455,0.05660377358490566,0.1320754716981132,0.1488469601677149,0.07337526205450734,0.08385744234800839,0.13731656184486374,0.05450733752620545,0.09538784067085954,0.09329140461215933,0.12473794549266247
456,0.07662835249042146,0.11165845648604271,0.10344827586206898,0.04269293924466339,0.09469074986316367,0.07553366174055831,0.08866995073891627,0.1789819376026273,0.07936507936507937,0.1483305966064587
457,0.0698005698005698,0.07692307692307693,0.07692307692307693,0.10968660968660969,0.08974358974358974,0.09544159544159544,0.10256410256410256,0.14387464387464388,0.11396011396011396,0.12108262108262108
458,0.0496031746031746,0.08134920634920635,0.08664021164021164,0.10383597883597884,0.07738095238095238,0.13161375661375663,0.11838624338624339,0.1111111111111111,0.09986772486772487,0.1402116402116402
459,0.07357357357357357,0.13813813813813813,0.11261261261261261,0.0990990990990991,0.09309309309309309,0.08408408408408409,0.11411411411411411,0.07507507507507508,0.07957957957957958,0.13063063063063063
460,0.09979423868312758,0.09465020576131687,0.12037037037037036,0.059670781893004114,0.09773662551440329,0.09259259259259259,0.12551440329218108,0.10185185185185185,0.09876543209876543,0.10905349794238683
461,0.10486891385767792,0.08114856429463173,0.09862671660424471,0.10237203495630463,0.1073657927590512,0.14232209737827717,0.08239700374531836,0.07116104868913858,0.07990012484394508,0.12983770287141078
462,0.07582582582582584,0.06456456456456458,0.13813813813813816,0.06081081081081082,0.1283783783783784,0.12612612612612614,0.08633633633633635,0.16441441441441446,0.07132132132132134,0.0840840840840841
463,0.08754208754208755,0.11952861952861953,0.07744107744107744,0.07575757575757576,0.1111111111111111,0.08249158249158249,0.10606060606060606,0.11952861952861953,0.12121212121212122,0.09932659932659933
464,0.08564814814814815,0.07523148148148148,0.11574074074074074,0.09027777777777778,0.10648148148148148,0.11458333333333333,0.10069444444444445,0.10185185185185185,0.13541666666666666,0.07407407407407407
465,0.07331821617535904,0.10959939531368103,0.11791383219954649,0.06349206349206349,0.08616780045351474,0.14058956916099774,0.10506424792139078,0.10052910052910052,0.12320483749055178,0.0801209372637944
466,0.12420785804816223,0.08365019011406843,0.12420785804816223,0.050697084917617236,0.060836501901140684,0.13561470215462612,0.13434727503168567,0.07646810308407266,0.08576256865230249,0.12420785804816223
467,0.13717421124828533,0.1083676268861454,0.12757201646090535,0.07407407407407407,0.09465020576131687,0.09465020576131687,0.09465020576131687,0.12208504801097393,0.07270233196159122,0.07407407407407407
468,0.07777777777777778,0.13055555555555556,0.1125,0.07361111111111111,0.07361111111111111,0.13194444444444445,0.09861111111111111,0.09722222222222222,0.08611111111111111,0.11805555555555555
469,0.0923076923076923,0.08717948717948716,0.08034188034188033,0.08717948717948716,0.08888888888888888,0.1128205128205128,0.10769230769230767,0.08205128205128204,0.1128205128205128,0.1487179487179487
470,0.10846560846560846,0.07539682539682539,0.06746031746031746,0.09126984126984126,0.10052910052910052,0.07671957671957672,0.0873015873015873,0.10978835978835978,0.12962962962962962,0.15343915343915343
471,0.08333333333333334,0.11419753086419754,0.0925925925925926,0.09567901234567902,0.10956790123456792,0.0756172839506173,0.13271604938271608,0.09413580246913582,0.08796296296296298,0.11419753086419754
472,0.08064516129032258,0.0967741935483871,0.12186379928315412,0.0985663082437276,0.0967741935483871,0.0985663082437276,0.1003584229390681,0.11469534050179211,0.1003584229390681,0.0913978494623656
473,0.06388888888888887,0.09537037037037034,0.09259259259259257,0.05370370370370369,0.061111111111111095,0.1324074074074074,0.12685185185185183,0.14907407407407405,0.11388888888888886,0.11111111111111108
474,0.06704980842911877,0.08939974457215837,0.10600255427841634,0.06704980842911877,0.0913154533844189,0.14495530012771393,0.1040868454661558,0.09450830140485313,0.10983397190293742,0.12579821200510855
475,0.12111111111111111,0.09111111111111111,0.052222222222222225,0.15444444444444444,0.10333333333333333,0.09777777777777778,0.09888888888888889,0.11777777777777777,0.09666666666666666,0.06666666666666667
476,0.07070707070707072,0.10101010101010102,0.1358024691358025,0.06509539842873177,0.14927048260381595,0.11784511784511786,0.10662177328843997,0.08529741863075198,0.08978675645342313,0.07856341189674525
477,0.11407407407407408,0.09185185185185185,0.07037037037037037,0.07481481481481482,0.0674074074074074,0.13037037037037036,0.10296296296296296,0.11481481481481481,0.14666666666666667,0.08666666666666667
478,0.05121527777777778,0.16406250000000003,0.09331597222222224,0.045138888888888895,0.11284722222222224,0.10720486111111112,0.09157986111111112,0.12760416666666669,0.10546875000000001,0.10156250000000001
479,0.08776844070961717,0.10457516339869281,0.08590102707749767,0.0765639589169001,0.08683473389355742,0.13725490196078433,0.1111111111111111,0.1353874883286648,0.09523809523809523,0.07936507936507936
480,0.06992337164750957,0.05651340996168582,0.1053639846743295,0.05268199233716475,0.10727969348659004,0.10632183908045977,0.15996168582375478,0.12931034482758622,0.07854406130268199,0.13409961685823754
481,0.06172839506172838,0.12071330589849105,0.14128943758573387,0.10013717421124826,0.06172839506172838,0.10425240054869682,0.1604938271604938,0.09465020576131684,0.06584362139917695,0.08916323731138545
482,0.05291005291005291,0.09523809523809523,0.16825396825396827,0.08253968253968254,0.1291005291005291,0.0835978835978836,0.10158730158730159,0.08783068783068783,0.10582010582010581,0.09312169312169312
483,0.08148148148148149,0.07407407407407407,0.1259259259259259,0.09417989417989418,0.07830687830687831,0.13227513227513227,0.12804232804232804,0.08465608465608465,0.1037037037037037,0.09735449735449736
484,0.06255835667600373,0.0915032679738562,0.07282913165266107,0.0784313725490196,0.09337068160597572,0.09710550887021475,0.17086834733893558,0.0896358543417367,0.10457516339869281,0.13912231559290383
485,0.06535947712418301,0.12527233115468409,0.12309368191721133,0.06971677559912855,0.07952069716775599,0.09586056644880174,0.15359477124183007,0.09912854030501089,0.09368191721132897,0.09477124183006536
486,0.03873598369011213,0.10754332313965341,0.09531090723751275,0.060142711518858305,0.042303771661569824,0.14678899082568808,0.08511722731906218,0.1580020387359837,0.1651376146788991,0.10091743119266056
487,0.0910493827160494,0.0910493827160494,0.08539094650205763,0.07098765432098766,0.06738683127572018,0.12962962962962965,0.10030864197530866,0.1820987654320988,0.0617283950617284,0.12037037037037038
488,0.10427350427350428,0.08205128205128205,0.09401709401709402,0.1111111111111111,0.11282051282051282,0.11282051282051282,0.09230769230769231,0.0905982905982906,0.09230769230769231,0.1076923076923077
489,0.07964601769911504,0.06293018682399214,0.08161258603736479,0.14060963618485742,0.08357915437561456,0.11504424778761062,0.14749262536873156,0.127826941986234,0.09734513274336283,0.063913470993117
490,0.0928462709284627,0.1278538812785388,0.0928462709284627,0.0852359208523592,0.0715372907153729,0.106544901065449,0.106544901065449,0.1019786910197869,0.0989345509893455,0.1156773211567732
491,0.07042253521126761,0.14162754303599373,0.10485133020344288,0.046948356807511735,0.04773082942097027,0.12363067292644757,0.16823161189358374,0.09311424100156494,0.13067292644757433,0.07276995305164319
492,0.0707070707070707,0.0797979797979798,0.1494949494949495,0.07676767676767676,0.10101010101010101,0.1393939393939394,0.10505050505050505,0.08484848484848485,0.06161616161616162,0.13131313131313133
493,0.05971277399848828,0.08390022675736962,0.05442176870748299,0.08163265306122448,0.0710506424792139,0.15721844293272866,0.10808767951625095,0.18594104308390022,0.0854119425547997,0.1126228269085412
494,0.06763285024154589,0.09420289855072464,0.13043478260869565,0.0821256038647343,0.0929951690821256,0.12681159420289856,0.1473429951690821,0.0748792270531401,0.09782608695652174,0.08574879227053141
495,0.11111111111111112,0.08012820512820515,0.14102564102564105,0.06730769230769232,0.06730769230769232,0.12500000000000003,0.07585470085470086,0.1260683760683761,0.08547008547008549,0.12072649572649574
496,0.07922705314009662,0.0927536231884058,0.09371980676328502,0.06666666666666667,0.07729468599033816,0.16328502415458937,0.13719806763285025,0.1111111111111111,0.07246376811594203,0.10628019323671498
497,0.07944176060118091,0.11325818572195386,0.13472893183038112,0.07300053676865273,0.04938271604938272,0.1390230810520666,0.08749329039184113,0.12614063338701023,0.10198604401502953,0.09554482018250135
498,0.056712962962962965,0.09837962962962964,0.1284722222222222,0.0763888888888889,0.07407407407407407,0.13310185185185186,0.16550925925925927,0.08796296296296297,0.059027777777777776,0.12037037037037036
499,0.07449494949494949,0.08585858585858586,0.1111111111111111,0.07449494949494949,0.09343434343434344,0.08964646464646464,0.14898989898989898,0.1351010101010101,0.09595959595959595,0.09090909090909091
500,0.09161793372319689,0.08479532163742691,0.08187134502923978,0.07797270955165693,0.12865497076023394,0.15789473684210528,0.11208576998050684,0.08771929824561404,0.0838206627680312,0.09356725146198831
501,0.05343511450381679,0.090754877014419,0.0899067005937235,0.07803223070398643,0.10941475826972011,0.12213740458015267,0.10687022900763359,0.13316369804919423,0.07803223070398643,0.13825275657336725
502,0.0852359208523592,0.0958904109589041,0.0974124809741248,0.1019786910197869,0.0821917808219178,0.0928462709284627,0.0791476407914764,0.1126331811263318,0.1339421613394216,0.1187214611872146
503,0.04653371320037987,0.10161443494776828,0.14719848053181386,0.0778727445394112,0.0949667616334283,0.09591642924976258,0.08167141500474834,0.13295346628679963,0.0892687559354226,0.13200379867046533
504,0.0948509485094851,0.12330623306233063,0.08265582655826559,0.08536585365853659,0.07452574525745258,0.0975609756097561,0.08672086720867209,0.13821138211382114,0.11246612466124661,0.1043360433604336
505,0.05518763796909492,0.04341427520235467,0.06254598969830757,0.06475349521707138,0.10963944076526858,0.1434878587196468,0.14495952906548934,0.152317880794702,0.09860191317144959,0.12509197939661515
506,0.07903780068728523,0.08018327605956474,0.07674684994272625,0.11340206185567012,0.09965635738831617,0.15693012600229098,0.10996563573883163,0.11111111111111112,0.06643757159221078,0.10652920962199314
507,0.0967741935483871,0.11469534050179211,0.08064516129032258,0.1111111111111111,0.08243727598566308,0.10752688172043011,0.1057347670250896,0.0967741935483871,0.1111111111111111,0.0931899641577061
508,0.07977207977207977,0.055080721747388414,0.06932573599240266,0.0835707502374169,0.04938271604938271,0.18233618233618235,0.1396011396011396,0.16144349477682812,0.10446343779677113,0.07502374169040836
509,0.0819672131147541,0.10382513661202188,0.11839708561020038,0.11111111111111112,0.0819672131147541,0.09653916211293262,0.09107468123861567,0.09107468123861567,0.09836065573770493,0.12568306010928965
510,0.05555555555555556,0.14083820662768035,0.13157894736842107,0.05994152046783626,0.0882066276803119,0.101364522417154,0.08479532163742691,0.12768031189083823,0.08430799220272905,0.1257309941520468
511,0.08315412186379928,0.11899641577060932,0.13189964157706094,0.04372759856630824,0.07598566308243727,0.11899641577060932,0.13835125448028673,0.13261648745519714,0.08100358422939068,0.07526881720430108
512,0.09595959595959595,0.08249158249158249,0.09259259259259259,0.10101010101010101,0.13804713804713806,0.11784511784511785,0.1026936026936027,0.08249158249158249,0.09595959595959595,0.09090909090909091
513,0.06050605060506051,0.11001100110011001,0.06820682068206821,0.05720572057205721,0.07700770077007701,0.0924092409240924,0.12211221122112212,0.07260726072607261,0.22552255225522552,0.11441144114411442
514,0.06783187682064086,0.07116104868913857,0.11901789429879317,0.033291718684977115,0.17811069496462756,0.11194340407823554,0.09030378693300041,0.16687473990844778,0.052850603412401165,0.10861423220973783
515,0.1050228310502283,0.1080669710806697,0.1202435312024353,0.0791476407914764,0.0821917808219178,0.0821917808219178,0.0684931506849315,0.1415525114155251,0.0791476407914764,0.1339421613394216
516,0.07362784471218206,0.17804551539491298,0.07228915662650602,0.06291834002677377,0.07362784471218206,0.10575635876840696,0.09370816599732262,0.09103078982597054,0.12449799196787148,0.12449799196787148
517,0.07744107744107742,0.12205387205387203,0.18097643097643096,0.06313131313131312,0.05976430976430975,0.11111111111111108,0.12878787878787876,0.09259259259259257,0.05976430976430975,0.10437710437710435
518,0.0735930735930736,0.10822510822510822,0.07215007215007214,0.07792207792207792,0.07647907647907648,0.12265512265512266,0.1746031746031746,0.09668109668109669,0.09090909090909091,0.10678210678210678
519,0.050823694356817384,0.08832807570977919,0.14370837714686296,0.035751840168243953,0.04486505432877673,0.1444093936207501,0.14616193480546794,0.15492464072905712,0.10199789695057834,0.08902909218366632
520,0.06066066066066066,0.06246246246246246,0.11051051051051052,0.055855855855855854,0.05285285285285285,0.1975975975975976,0.12672672672672672,0.13513513513513514,0.11651651651651651,0.08168168168168168
521,0.04980842911877396,0.1448275862068966,0.1195402298850575,0.08659003831417626,0.054406130268199245,0.1624521072796935,0.12337164750957857,0.1302681992337165,0.08275862068965519,0.04597701149425288
522,0.09043927648578812,0.11972437553832903,0.14987080103359174,0.06546080964685616,0.07407407407407407,0.10163652024117141,0.06890611541774333,0.13178294573643412,0.09819121447028424,0.09991386735572783
523,0.09694989106753814,0.08387799564270154,0.07843137254901962,0.052287581699346414,0.06971677559912856,0.1252723311546841,0.11655773420479304,0.1252723311546841,0.12418300653594773,0.12745098039215688
524,0.06666666666666667,0.09925925925925926,0.14222222222222222,0.08296296296296296,0.07111111111111111,0.12296296296296297,0.12148148148148148,0.12,0.10222222222222223,0.07111111111111111
525,0.07586206896551725,0.09118773946360155,0.09578544061302685,0.08812260536398468,0.10191570881226056,0.124904214559387,0.0628352490421456,0.1195402298850575,0.09272030651340997,0.14712643678160922
526,0.08903605592347315,0.08094186902133922,0.05886681383370125,0.047829286239882265,0.06622516556291391,0.08682855040470934,0.1582045621780721,0.13539367181751288,0.18248712288447388,0.094186902133922
527,0.053872053872053884,0.13131313131313135,0.13355780022446692,0.03703703703703704,0.09203142536475871,0.10774410774410777,0.0830527497194164,0.1655443322109989,0.07631874298540967,0.11952861952861955
528,0.05555555555555555,0.11419753086419752,0.12345679012345678,0.06635802469135803,0.08101851851851852,0.12037037037037036,0.125,0.14583333333333334,0.09876543209876543,0.06944444444444445
529,0.08913308913308914,0.09768009768009768,0.1343101343101343,0.0757020757020757,0.07936507936507936,0.10012210012210013,0.08913308913308914,0.10622710622710622,0.15018315018315018,0.07814407814407814
530,0.06388888888888888,0.09351851851851851,0.08981481481481482,0.08425925925925926,0.1111111111111111,0.16018518518518518,0.11018518518518519,0.1037037037037037,0.06944444444444445,0.11388888888888889
531,0.09722222222222222,0.13333333333333333,0.11527777777777778,0.06388888888888888,0.07777777777777778,0.10555555555555556,0.08055555555555556,0.12222222222222222,0.0875,0.11666666666666667
532,0.07456140350877193,0.08771929824561403,0.1111111111111111,0.0891812865497076,0.11842105263157894,0.11842105263157894,0.11403508771929824,0.1023391812865497,0.07602339181286549,0.10818713450292397
533,0.05509641873278237,0.09550045913682277,0.11294765840220386,0.06611570247933884,0.13957759412304868,0.08080808080808081,0.12304866850321396,0.10927456382001836,0.09366391184573003,0.12396694214876033
534,0.052225727304591664,0.0970907816333684,0.14300736067297584,0.038906414300736075,0.04907115317209955,0.1468629512793551,0.141254819488258,0.1510690501226779,0.0893796004206099,0.09113214160532773
535,0.09546165884194054,0.1267605633802817,0.10172143974960876,0.09859154929577464,0.09233176838810642,0.09702660406885759,0.10954616588419405,0.12206572769953052,0.07198748043818466,0.08450704225352113
536,0.07692307692307693,0.12991452991452992,0.09230769230769231,0.07863247863247863,0.09401709401709402,0.10256410256410256,0.08547008547008547,0.12307692307692308,0.09230769230769231,0.12478632478632479
537,0.08333333333333333,0.05864197530864197,0.1640946502057613,0.0684156378600823,0.05298353909465021,0.11728395061728394,0.08693415637860083,0.12088477366255145,0.13786008230452676,0.1095679012345679
538,0.06642179369452098,0.10407101316192227,0.11355984083256812,0.03581267217630855,0.049892868074686264,0.15886134067952254,0.12213039485766759,0.1460055096418733,0.08846036118763392,0.11478420569329661
539,0.08093278463648834,0.08367626886145405,0.0850480109739369,0.09602194787379972,0.11385459533607682,0.12345679012345678,0.09465020576131687,0.11934156378600823,0.1111111111111111,0.09190672153635117
540,0.07048984468339307,0.1111111111111111,0.08363201911589008,0.1003584229390681,0.08602150537634409,0.10991636798088411,0.1087216248506571,0.0967741935483871,0.1027479091995221,0.13022700119474312
541,0.11028192371475953,0.14096185737976782,0.08374792703150911,0.05721393034825871,0.05721393034825871,0.16169154228855723,0.08043117744610281,0.1351575456053068,0.06218905472636816,0.1111111111111111
542,0.07804232804232805,0.10582010582010583,0.08597883597883599,0.05952380952380953,0.1322751322751323,0.16402116402116404,0.07804232804232805,0.14285714285714288,0.06746031746031747,0.08597883597883599
543,0.06926406926406926,0.06782106782106782,0.08946608946608947,0.12554112554112554,0.08513708513708514,0.08946608946608947,0.18903318903318903,0.08802308802308802,0.06637806637806638,0.12987012987012986
544,0.0816599732262383,0.09103078982597056,0.11111111111111112,0.11111111111111112,0.1030789825970549,0.13788487282463188,0.08299866131191434,0.0816599732262383,0.1030789825970549,0.09638554216867472
545,0.06578947368421052,0.13157894736842105,0.10964912280701754,0.07894736842105263,0.10380116959064327,0.06578947368421052,0.17982456140350878,0.0804093567251462,0.06578947368421052,0.11842105263157894
546,0.10687830687830688,0.09417989417989418,0.07195767195767196,0.08994708994708994,0.0582010582010582,0.12169312169312169,0.12380952380952381,0.10264550264550265,0.10582010582010581,0.12486772486772486
547,0.07526881720430108,0.10752688172043011,0.1027479091995221,0.08602150537634409,0.06810035842293907,0.1135005973715651,0.12305854241338113,0.11827956989247312,0.1039426523297491,0.1015531660692951
548,0.11877394636015326,0.08556832694763729,0.1136653895274585,0.09323116219667944,0.1136653895274585,0.12899106002554278,0.07151979565772669,0.10983397190293742,0.06896551724137931,0.09578544061302682
549,0.04653371320037987,0.08167141500474834,0.09591642924976258,0.06362773029439696,0.09781576448243115,0.1956315289648623,0.1339031339031339,0.13865147198480532,0.07027540360873694,0.07597340930674264
550,0.08291873963515754,0.09618573797678276,0.10281923714759536,0.1044776119402985,0.0912106135986733,0.0845771144278607,0.1111111111111111,0.10945273631840796,0.11608623548922056,0.1011608623548922
551,0.09339774557165861,0.13526570048309178,0.08695652173913043,0.07890499194847021,0.09178743961352658,0.08856682769726248,0.0966183574879227,0.1642512077294686,0.07568438003220612,0.08856682769726248
552,0.11214953271028039,0.0924195223260644,0.15887850467289721,0.07995846313603325,0.06853582554517135,0.11838006230529596,0.12461059190031154,0.07788161993769471,0.07892004153686398,0.08826583592938735
553,0.07507507507507509,0.10960960960960962,0.07357357357357358,0.11711711711711713,0.09609609609609611,0.14114114114114118,0.0975975975975976,0.07657657657657659,0.0930930930930931,0.12012012012012013
554,0.08662900188323917,0.11487758945386065,0.1393596986817326,0.09416195856873823,0.1016949152542373,0.11487758945386065,0.0847457627118644,0.09416195856873823,0.0847457627118644,0.0847457627118644
555,0.09389671361502347,0.08763693270735524,0.07589984350547731,0.0782472613458529,0.06964006259780908,0.15336463223787167,0.1111111111111111,0.1189358372456964,0.15336463223787167,0.057902973395931145
556,0.07029478458049887,0.08390022675736962,0.1360544217687075,0.08503401360544217,0.08390022675736962,0.11564625850340136,0.13038548752834467,0.09070294784580499,0.07142857142857142,0.1326530612244898
557,0.05854241338112306,0.05973715651135006,0.1063321385902031,0.07885304659498207,0.1003584229390681,0.12425328554360812,0.1027479091995221,0.15292712066905614,0.14575866188769415,0.07048984468339307
558,0.11914323962516735,0.08701472556894245,0.10441767068273093,0.06559571619812585,0.1178045515394913,0.12048192771084339,0.09103078982597056,0.10843373493975905,0.09504685408299868,0.09103078982597056
559,0.0625,0.12037037037037036,0.12268518518518519,0.061342592592592594,0.08333333333333333,0.14583333333333334,0.061342592592592594,0.13078703703703703,0.09490740740740741,0.11689814814814815
560,0.07201646090534981,0.08539094650205763,0.08230452674897121,0.08333333333333334,0.10390946502057614,0.09979423868312759,0.11625514403292182,0.13271604938271608,0.10390946502057614,0.12037037037037038
561,0.08333333333333333,0.09074074074074075,0.14629629629629629,0.10740740740740741,0.09259259259259259,0.08333333333333333,0.11296296296296296,0.08703703703703704,0.1,0.0962962962962963
562,0.08262108262108263,0.11680911680911682,0.10541310541310543,0.12678062678062682,0.06980056980056981,0.11680911680911682,0.11823361823361825,0.08119658119658121,0.11253561253561255,0.06980056980056981
563,0.0672514619883041,0.11695906432748539,0.09210526315789475,0.08479532163742691,0.09210526315789475,0.11988304093567252,0.06871345029239767,0.07748538011695907,0.1710526315789474,0.10964912280701755
564,0.058151609553478714,0.09449636552440291,0.1536863966770509,0.07268951194184839,0.07061266874350987,0.10695742471443406,0.13395638629283488,0.13187954309449637,0.0778816199376947,0.09968847352024922
565,0.07407407407407407,0.13552188552188552,0.08838383838383838,0.05303030303030303,0.09343434343434344,0.1691919191919192,0.10942760942760943,0.10774410774410774,0.08501683501683502,0.08417508417508418
566,0.08616780045351474,0.0873015873015873,0.08276643990929705,0.09410430839002268,0.08956916099773243,0.0873015873015873,0.09070294784580499,0.1145124716553288,0.12811791383219956,0.13945578231292516
567,0.07215007215007214,0.11255411255411256,0.10101010101010101,0.09523809523809523,0.09235209235209235,0.12842712842712842,0.1038961038961039,0.09090909090909091,0.08658008658008658,0.11688311688311688
568,0.11416921508664628,0.14780835881753313,0.12334352701325178,0.05606523955147808,0.0744138634046891,0.08766564729867482,0.08053007135575943,0.11314984709480122,0.1162079510703364,0.08664627930682976
569,0.05197132616487455,0.09259259259259259,0.12126642771804062,0.06690561529271206,0.1033452807646356,0.1081242532855436,0.10215053763440861,0.13679808841099164,0.08721624850657109,0.12962962962962962
570,0.07037037037037037,0.1308641975308642,0.11728395061728394,0.10617283950617284,0.0691358024691358,0.09382716049382717,0.11481481481481481,0.12962962962962962,0.09135802469135802,0.07654320987654321
571,0.07657657657657656,0.08108108108108107,0.09309309309309308,0.08108108108108107,0.12012012012012009,0.10660660660660658,0.09609609609609607,0.1186186186186186,0.08108108108108107,0.1456456456456456
572,0.08205128205128204,0.08888888888888888,0.10427350427350425,0.08547008547008546,0.10598290598290595,0.1316239316239316,0.10427350427350425,0.1128205128205128,0.07692307692307691,0.10769230769230767
573,0.07317073170731707,0.0948509485094851,0.07046070460704607,0.06639566395663957,0.07046070460704607,0.1856368563685637,0.11382113821138211,0.09078590785907859,0.13550135501355012,0.0989159891598916
574,0.057971014492753624,0.041666666666666664,0.09722222222222222,0.03804347826086957,0.06763285024154589,0.10265700483091787,0.1461352657004831,0.0966183574879227,0.1503623188405797,0.20169082125603865
575,0.0686641697877653,0.13607990012484394,0.0898876404494382,0.0599250936329588,0.09612983770287141,0.10611735330836454,0.07865168539325842,0.12359550561797752,0.09987515605493133,0.14107365792759052
576,0.09551656920077972,0.08771929824561403,0.08966861598440545,0.08771929824561403,0.11695906432748537,0.1111111111111111,0.10916179337231968,0.08771929824561403,0.09551656920077972,0.1189083820662768
577,0.07992202729044834,0.1189083820662768,0.1364522417153996,0.08771929824561403,0.07309941520467836,0.13255360623781676,0.10136452241715399,0.06627680311890838,0.09649122807017543,0.10721247563352826
578,0.0842911877394636,0.09578544061302682,0.09067688378033206,0.06513409961685823,0.08045977011494253,0.08045977011494253,0.13537675606641125,0.17113665389527458,0.10727969348659004,0.08939974457215837
579,0.06013071895424837,0.13790849673202615,0.10261437908496732,0.06993464052287582,0.05816993464052288,0.12287581699346405,0.12026143790849673,0.10392156862745099,0.10130718954248366,0.12287581699346405
580,0.08016877637130802,0.0829817158931083,0.10689170182841069,0.08860759493670886,0.090014064697609,0.08157524613220815,0.12939521800281295,0.09985935302390998,0.1490857946554149,0.09142053445850915
581,0.13333333333333333,0.08304093567251462,0.1216374269005848,0.07368421052631578,0.09005847953216374,0.08888888888888889,0.11461988304093568,0.15555555555555556,0.07719298245614035,0.06198830409356725
582,0.07729468599033816,0.0929951690821256,0.11956521739130435,0.06099033816425121,0.042874396135265704,0.12741545893719808,0.08454106280193237,0.15519323671497584,0.10929951690821256,0.12983091787439613
583,0.07111111111111112,0.06666666666666668,0.09333333333333335,0.09925925925925927,0.11703703703703705,0.07851851851851853,0.11851851851851854,0.12296296296296298,0.11555555555555556,0.11703703703703705
584,0.0892018779342723,0.0782472613458529,0.09859154929577464,0.09076682316118936,0.07042253521126761,0.07198748043818466,0.15179968701095461,0.1298904538341158,0.0892018779342723,0.1298904538341158
585,0.08333333333333333,0.12601626016260162,0.10907859078590786,0.05013550135501355,0.058265582655826556,0.21612466124661248,0.10230352303523035,0.07791327913279132,0.04742547425474255,0.1294037940379404
586,0.08901166359729895,0.08103130755064457,0.1270718232044199,0.05402087170042971,0.06384284837323512,0.08532842234499693,0.09269490484960098,0.11295273173726213,0.17249846531614488,0.12154696132596685
587,0.08851224105461393,0.1318267419962335,0.0847457627118644,0.12052730696798493,0.08662900188323917,0.09981167608286252,0.0847457627118644,0.09227871939736347,0.12052730696798493,0.0903954802259887
588,0.07596371882086168,0.07936507936507936,0.1111111111111111,0.09977324263038549,0.10770975056689343,0.12018140589569161,0.10884353741496598,0.0963718820861678,0.10430839002267574,0.0963718820861678
589,0.10880590133702167,0.15214384508990317,0.09774089442139235,0.08575380359612725,0.03872752420470263,0.1313969571230982,0.05855232826187183,0.07699400645458737,0.16090364223144307,0.08898109727985247
590,0.07135575942915393,0.0764525993883792,0.14118246687054026,0.08817533129459736,0.07135575942915393,0.15902140672782875,0.05759429153924567,0.15851172273190622,0.09327217125382263,0.08307849133537207
591,0.07373737373737374,0.11212121212121212,0.11212121212121212,0.07575757575757576,0.10404040404040404,0.0707070707070707,0.13535353535353536,0.14444444444444443,0.1,0.07171717171717172
592,0.0867579908675799,0.1187214611872146,0.0776255707762557,0.1095890410958904,0.0943683409436834,0.1293759512937595,0.0989345509893455,0.1095890410958904,0.0684931506849315,0.106544901065449
593,0.08928571428571429,0.12301587301587301,0.09722222222222222,0.1130952380952381,0.08928571428571429,0.1111111111111111,0.09523809523809523,0.09126984126984126,0.10119047619047619,0.08928571428571429
594,0.08573388203017834,0.11659807956104254,0.1536351165980796,0.09190672153635118,0.06447187928669411,0.10493827160493828,0.07887517146776407,0.12962962962962965,0.07544581618655694,0.09876543209876544
595,0.06929510155316608,0.12305854241338114,0.08363201911589009,0.0824372759856631,0.07287933094384709,0.11708482676224613,0.10394265232974911,0.15173237753882918,0.11708482676224613,0.07885304659498209
596,0.06684733514001806,0.07768744354110207,0.12104787714543812,0.08581752484191509,0.08491418247515808,0.1002710027100271,0.12737127371273713,0.12014453477868112,0.08130081300813008,0.13459801264679314
597,0.06680731364275667,0.12236286919831224,0.10478199718706048,0.07313642756680731,0.1090014064697609,0.09071729957805907,0.11533052039381153,0.1308016877637131,0.07313642756680731,0.11392405063291139
598,0.10679611650485436,0.10895361380798274,0.07982740021574973,0.0593311758360302,0.10248112189859762,0.1272923408845739,0.0895361380798274,0.10679611650485436,0.13052858683926646,0.08845738942826321
599,0.07674684994272624,0.07101947308132875,0.09736540664375716,0.07903780068728522,0.09278350515463918,0.09163802978235967,0.16953035509736541,0.1420389461626575,0.06872852233676977,0.1111111111111111
600,0.06018518518518518,0.2044753086419753,0.10493827160493827,0.047839506172839504,0.06327160493827161,0.12422839506172839,0.06944444444444445,0.08873456790123457,0.11419753086419752,0.12268518518518519
601,0.04549431321084865,0.12423447069116361,0.11723534558180229,0.08923884514435697,0.04549431321084865,0.1093613298337708,0.1951006124234471,0.16535433070866146,0.046369203849518814,0.062117235345581806
602,0.0811965811965812,0.07264957264957266,0.09116809116809117,0.08547008547008547,0.13817663817663817,0.08547008547008547,0.09116809116809117,0.1467236467236467,0.1225071225071225,0.08547008547008547
603,0.06757877280265341,0.06633499170812605,0.11981757877280266,0.05555555555555556,0.08126036484245441,0.12396351575456055,0.08789386401326701,0.15422885572139305,0.15464344941956884,0.08872305140961859
604,0.08173690932311622,0.07790549169859515,0.14942528735632185,0.08556832694763729,0.08301404853128991,0.13409961685823754,0.12005108556832694,0.09195402298850575,0.08939974457215837,0.08684546615581099
605,0.08708708708708708,0.06006006006006006,0.08208208208208208,0.07507507507507508,0.10710710710710711,0.13213213213213212,0.11411411411411411,0.08708708708708708,0.15415415415415415,0.1011011011011011
606,0.07319223985890652,0.14462081128747795,0.11816578483245149,0.047619047619047616,0.09611992945326278,0.10405643738977072,0.12345679012345678,0.13139329805996472,0.08289241622574955,0.07848324514991181
607,0.0735042735042735,0.14017094017094017,0.09658119658119659,0.07863247863247863,0.10427350427350428,0.13504273504273503,0.07435897435897436,0.14786324786324787,0.06752136752136752,0.08205128205128205
608,0.08408408408408409,0.07507507507507508,0.0960960960960961,0.08558558558558559,0.12912912912912913,0.09309309309309309,0.07657657657657657,0.09759759759759759,0.09009009009009009,0.17267267267267267
609,0.0718954248366013,0.13616557734204793,0.14705882352941177,0.10675381263616558,0.06535947712418301,0.10239651416122005,0.1056644880174292,0.06535947712418301,0.06318082788671024,0.13616557734204793
610,0.07034372501998402,0.13109512390087932,0.10551558752997603,0.08073541167066349,0.07913669064748202,0.0839328537170264,0.15587529976019188,0.12070343725019986,0.07673860911270984,0.0959232613908873
611,0.08108108108108109,0.09534534534534535,0.12762762762762764,0.07732732732732733,0.09384384384384384,0.11336336336336336,0.12387387387387387,0.10510510510510511,0.07732732732732733,0.10510510510510511
612,0.09661835748792272,0.12077294685990339,0.07729468599033817,0.08534621578099841,0.10628019323671499,0.11272141706924317,0.0885668276972625,0.07407407407407408,0.12399355877616748,0.11433172302737521
613,0.10802469135802469,0.08796296296296297,0.07561728395061729,0.08796296296296297,0.0941358024691358,0.10030864197530864,0.10185185185185185,0.0941358024691358,0.13117283950617284,0.11882716049382716
614,0.08641975308641975,0.10648148148148148,0.08641975308641975,0.08950617283950617,0.09722222222222222,0.13580246913580246,0.14814814814814814,0.09259259259259259,0.08333333333333333,0.07407407407407407
615,0.07298474945533769,0.1056644880174292,0.07407407407407407,0.09803921568627451,0.0664488017429194,0.12527233115468409,0.13398692810457516,0.09368191721132897,0.0915032679738562,0.1383442265795207
616,0.06438213914849429,0.08307372793354102,0.058151609553478714,0.08722741433021806,0.08099688473520249,0.14537902388369678,0.12149532710280374,0.1059190031152648,0.1557632398753894,0.0976116303219107
617,0.06519742883379247,0.06611570247933884,0.1111111111111111,0.07988980716253444,0.10560146923783287,0.10192837465564739,0.11202938475665748,0.13682277318640956,0.11570247933884298,0.10560146923783287
618,0.11489040060468632,0.0710506424792139,0.1126228269085412,0.044595616024187455,0.06198034769463341,0.1292517006802721,0.14285714285714285,0.12093726379440665,0.10128495842781557,0.10052910052910052
619,0.08115942028985507,0.11207729468599034,0.07922705314009662,0.06183574879227053,0.08599033816425121,0.1246376811594203,0.12270531400966184,0.1111111111111111,0.09758454106280193,0.12367149758454106
620,0.07473841554559044,0.13452914798206278,0.11160936721474839,0.04932735426008968,0.09765819631290483,0.0966616841056303,0.11310413552566019,0.10413552566018934,0.12556053811659193,0.09267563527653214
621,0.08482676224611709,0.10752688172043011,0.07765830346475508,0.08602150537634409,0.08363201911589008,0.10991636798088411,0.13620071684587814,0.1039426523297491,0.10752688172043011,0.1027479091995221
622,0.07659115426105717,0.14347357065803668,0.07335490830636461,0.05717367853290183,0.08845738942826321,0.13700107874865156,0.12189859762675297,0.12081984897518878,0.08629989212513485,0.09492988133764833
623,0.05000000000000001,0.08000000000000002,0.08222222222222224,0.060000000000000005,0.14444444444444446,0.11666666666666668,0.13333333333333336,0.1466666666666667,0.07444444444444445,0.11222222222222224
624,0.05705705705705706,0.0850850850850851,0.0860860860860861,0.0810810810810811,0.0950950950950951,0.1701701701701702,0.10910910910910912,0.11011011011011013,0.06406406406406408,0.14214214214214216
625,0.06132075471698113,0.07232704402515723,0.1111111111111111,0.05083857442348008,0.1509433962264151,0.17819706498951782,0.13417190775681342,0.09329140461215933,0.05241090146750524,0.09538784067085954
626,0.0684326710816777,0.1243561442236939,0.10816777041942605,0.06769683590875644,0.08903605592347315,0.13171449595290655,0.09786607799852833,0.10669610007358352,0.14495952906548934,0.061074319352465045
627,0.1193415637860082,0.09670781893004113,0.12757201646090532,0.07613168724279834,0.0905349794238683,0.11008230452674894,0.1039094650205761,0.12860082304526746,0.06893004115226337,0.07818930041152262
628,0.0633903133903134,0.18874643874643873,0.1225071225071225,0.07264957264957266,0.06695156695156695,0.13247863247863248,0.0811965811965812,0.1282051282051282,0.0754985754985755,0.06837606837606838
629,0.07012750455373408,0.10837887067395266,0.09471766848816031,0.07012750455373408,0.0737704918032787,0.14845173041894355,0.12477231329690347,0.092896174863388,0.07832422586520948,0.13843351548269583
630,0.08169934640522876,0.10947712418300654,0.09313725490196079,0.08823529411764706,0.10620915032679738,0.10947712418300654,0.10294117647058823,0.11764705882352941,0.09803921568627451,0.09313725490196079
631,0.0920920920920921,0.13213213213213212,0.08508508508508508,0.07307307307307308,0.1041041041041041,0.12412412412412413,0.1011011011011011,0.13413413413413414,0.06706706706706707,0.08708708708708708
632,0.0763888888888889,0.13078703703703703,0.07060185185185185,0.08564814814814815,0.0625,0.16435185185185186,0.10185185185185185,0.12384259259259259,0.06018518518518518,0.12384259259259259
633,0.06243386243386243,0.1037037037037037,0.1259259259259259,0.0835978835978836,0.08042328042328042,0.12063492063492064,0.13015873015873017,0.1259259259259259,0.07830687830687831,0.08888888888888889
634,0.08994708994708996,0.126984126984127,0.10229276895943563,0.08112874779541447,0.0687830687830688,0.10582010582010583,0.10405643738977073,0.07848324514991183,0.08818342151675486,0.154320987654321
635,0.09595959595959597,0.08712121212121214,0.08964646464646465,0.09217171717171718,0.06818181818181819,0.09217171717171718,0.11111111111111112,0.11616161616161617,0.12500000000000003,0.12247474747474749
636,0.08256880733944955,0.07849133537206932,0.12028542303771661,0.09683995922528033,0.08256880733944955,0.127420998980632,0.0764525993883792,0.1365953109072375,0.0998980632008155,0.09887869520897044
637,0.08641975308641975,0.10934744268077601,0.10052910052910052,0.08289241622574955,0.10052910052910052,0.10405643738977072,0.1128747795414462,0.09171075837742504,0.12169312169312169,0.08994708994708994
638,0.06256742179072276,0.11434735706580366,0.06472491909385113,0.11758360302049622,0.09816612729234088,0.12405609492988134,0.104638619201726,0.09600862998921252,0.11650485436893204,0.10140237324703344
639,0.13015873015873017,0.11746031746031746,0.08571428571428572,0.08412698412698413,0.07142857142857142,0.09365079365079365,0.12857142857142856,0.0761904761904762,0.10476190476190476,0.10793650793650794
640,0.06689342403628117,0.10204081632653059,0.09977324263038546,0.07936507936507935,0.06462585034013604,0.0929705215419501,0.10430839002267571,0.1405895691609977,0.10430839002267571,0.14512471655328796
641,0.0643939393939394,0.11805555555555557,0.14520202020202022,0.04103535353535354,0.05934343434343435,0.12941919191919193,0.07765151515151517,0.19002525252525254,0.06565656565656568,0.10921717171717173
642,0.07838070628768304,0.12101636520241171,0.056416881998277345,0.07708871662360034,0.0913006029285099,0.12747631352282515,0.08613264427217916,0.1533161068044789,0.09819121447028424,0.11068044788975022
643,0.1,0.08888888888888889,0.12916666666666668,0.06944444444444445,0.08194444444444444,0.12361111111111112,0.08055555555555556,0.1361111111111111,0.07777777777777778,0.1125
644,0.07888888888888888,0.07555555555555556,0.12666666666666668,0.08666666666666667,0.07333333333333333,0.1288888888888889,0.12444444444444444,0.11333333333333333,0.1,0.09222222222222222
645,0.06700593723494487,0.1289228159457167,0.10178117048346055,0.08057675996607294,0.06191687871077184,0.1475826972010178,0.16539440203562342,0.07888040712468193,0.08566581849024597,0.08227311280746395
646,0.06689342403628118,0.1235827664399093,0.14625850340136054,0.07029478458049887,0.08956916099773243,0.12131519274376418,0.0963718820861678,0.06802721088435375,0.12585034013605442,0.09183673469387756
647,0.08333333333333334,0.08912037037037038,0.09606481481481483,0.06828703703703705,0.10763888888888891,0.14351851851851855,0.09027777777777779,0.13194444444444448,0.09953703703703705,0.09027777777777779
648,0.07921810699588477,0.10185185185185185,0.09670781893004116,0.08127572016460906,0.12448559670781893,0.12962962962962962,0.09876543209876543,0.102880658436214,0.051440329218107,0.1337448559670782
649,0.11735330836454433,0.11797752808988765,0.06117353308364545,0.05181023720349564,0.08426966292134833,0.1548064918851436,0.11173533083645444,0.08426966292134833,0.16479400749063672,0.05181023720349564
650,0.09401709401709402,0.09401709401709402,0.1420940170940171,0.1111111111111111,0.07371794871794872,0.11217948717948718,0.08974358974358974,0.0811965811965812,0.06944444444444445,0.13247863247863248
651,0.08017676767676768,0.05808080808080808,0.09027777777777778,0.08333333333333333,0.09406565656565656,0.1534090909090909,0.08270202020202021,0.15088383838383837,0.08648989898989899,0.12058080808080808
652,0.06887052341597796,0.09733700642791551,0.09090909090909091,0.06060606060606061,0.0844811753902663,0.10009182736455463,0.15977961432506887,0.08631772268135904,0.0881542699724518,0.16345270890725436
653,0.08708708708708708,0.08558558558558559,0.1111111111111111,0.07657657657657657,0.08708708708708708,0.12312312312312312,0.12462462462462462,0.1066066066066066,0.09009009009009009,0.10810810810810811
654,0.07692307692307693,0.10113960113960115,0.08831908831908832,0.07977207977207977,0.12108262108262108,0.10256410256410256,0.1339031339031339,0.11396011396011396,0.09544159544159544,0.0868945868945869
655,0.1012658227848101,0.1012658227848101,0.14345991561181431,0.09563994374120953,0.08860759493670885,0.09704641350210967,0.09142053445850913,0.09704641350210967,0.09985935302390996,0.08438818565400842
656,0.0983397190293742,0.07407407407407407,0.09450830140485313,0.06768837803320563,0.09195402298850575,0.12132822477650064,0.10855683269476372,0.12005108556832694,0.12132822477650064,0.10217113665389528
657,0.06373815676141259,0.07493540051679588,0.14125753660637386,0.0723514211886305,0.07924203273040484,0.15762273901808788,0.0732127476313523,0.144702842377261,0.08440999138673559,0.10852713178294575
658,0.07096171802054153,0.11671335200746963,0.08963585434173668,0.09243697478991596,0.05602240896358542,0.17553688141923432,0.06349206349206347,0.15032679738562088,0.11671335200746963,0.06816059757236226
659,0.044289044289044295,0.08236208236208238,0.10955710955710957,0.06449106449106451,0.0745920745920746,0.21600621600621603,0.13209013209013212,0.121989121989122,0.06449106449106451,0.09013209013209014
660,0.0757201646090535,0.07325102880658436,0.07325102880658436,0.053497942386831275,0.14074074074074075,0.09053497942386832,0.14732510288065845,0.18518518518518517,0.060082304526748974,0.10041152263374485
661,0.064,0.08888888888888889,0.12355555555555556,0.08266666666666667,0.06577777777777778,0.1688888888888889,0.11555555555555555,0.07822222222222222,0.104,0.10844444444444444
662,0.06611570247933884,0.10376492194674013,0.047750229568411386,0.08172635445362718,0.09641873278236915,0.1588613406795225,0.12304866850321396,0.09917355371900827,0.08631772268135904,0.13682277318640956
663,0.10965867828612927,0.08496732026143791,0.09731299927378359,0.04720406681190995,0.08859840232389252,0.18155410312273057,0.10384894698620188,0.12200435729847495,0.09295570079883805,0.0718954248366013
664,0.09948320413436693,0.08785529715762273,0.10852713178294573,0.06589147286821706,0.13049095607235142,0.11757105943152454,0.12790697674418605,0.08656330749354005,0.07493540051679587,0.10077519379844961
665,0.050314465408805034,0.13522012578616352,0.11425576519916142,0.08071278825995808,0.07127882599580712,0.10167714884696016,0.11530398322851153,0.12578616352201258,0.08385744234800839,0.12159329140461216
666,0.07008547008547009,0.0905982905982906,0.13846153846153847,0.06153846153846154,0.0811965811965812,0.13247863247863248,0.06495726495726496,0.1683760683760684,0.1,0.09230769230769231
667,0.07247765006385698,0.11621966794380591,0.1513409961685824,0.04980842911877396,0.08365261813537676,0.09163473818646234,0.1318646232439336,0.10664112388250321,0.09418901660280973,0.10217113665389531
668,0.06470959595959595,0.0798611111111111,0.08648989898989899,0.06186868686868687,0.0634469696969697,0.1849747474747475,0.1038510101010101,0.17140151515151514,0.06534090909090909,0.11805555555555555
669,0.10866013071895422,0.10784313725490194,0.09640522875816991,0.05637254901960783,0.07271241830065359,0.12908496732026142,0.0906862745098039,0.1495098039215686,0.08741830065359475,0.10130718954248363
670,0.09702660406885759,0.10015649452269171,0.0892018779342723,0.08450704225352113,0.10172143974960876,0.11737089201877934,0.08763693270735524,0.12206572769953052,0.07042253521126761,0.1298904538341158
671,0.10991636798088411,0.11589008363201912,0.0967741935483871,0.08960573476702509,0.08243727598566308,0.12425328554360812,0.09199522102747909,0.11469534050179211,0.08124253285543608,0.0931899641577061
672,0.0958904109589041,0.121765601217656,0.091324200913242,0.0806697108066971,0.0730593607305936,0.1095890410958904,0.0974124809741248,0.1035007610350076,0.1187214611872146,0.1080669710806697
673,0.0748792270531401,0.09903381642512077,0.07729468599033816,0.06602254428341385,0.061191626409017714,0.16666666666666666,0.09742351046698873,0.17310789049919484,0.107085346215781,0.07729468599033816
674,0.10052910052910052,0.09297052154195011,0.08767951625094482,0.07331821617535904,0.08163265306122448,0.0944822373393802,0.15117157974300832,0.09901738473167045,0.13000755857898716,0.08919123204837491
675,0.08950617283950617,0.08641975308641975,0.1558641975308642,0.08796296296296297,0.08333333333333333,0.08796296296296297,0.08333333333333333,0.11882716049382716,0.10493827160493827,0.10185185185185185
676,0.08305274971941638,0.12794612794612795,0.10213243546576879,0.08080808080808081,0.09539842873176206,0.12906846240179573,0.09427609427609428,0.11896745230078563,0.07631874298540965,0.0920314253647587
677,0.03876898481215028,0.07953637090327738,0.08313349320543566,0.06314948041566747,0.08233413269384493,0.1254996003197442,0.11151079136690648,0.15627498001598722,0.08992805755395683,0.16986410871302957
678,0.08542068079640334,0.09377007064868337,0.07514450867052024,0.0899165061014772,0.08863198458574181,0.10725754656390495,0.12716763005780346,0.12588310854206808,0.08542068079640334,0.12138728323699421
679,0.06552706552706554,0.08357075023741692,0.15384615384615388,0.08831908831908833,0.09781576448243116,0.09876543209876544,0.12155745489078824,0.08547008547008549,0.12250712250712252,0.08262108262108263
680,0.06495726495726496,0.1170940170940171,0.11965811965811966,0.09914529914529914,0.05726495726495726,0.12051282051282051,0.11965811965811966,0.08888888888888889,0.12478632478632479,0.08803418803418804
681,0.096045197740113,0.0847457627118644,0.0847457627118644,0.10734463276836158,0.1393596986817326,0.10734463276836158,0.09227871939736347,0.11487758945386065,0.08851224105461393,0.0847457627118644
682,0.07702020202020202,0.12121212121212122,0.10606060606060606,0.08712121212121213,0.07323232323232323,0.10858585858585859,0.1553030303030303,0.09090909090909091,0.08712121212121213,0.09343434343434344
683,0.07012750455373407,0.1111111111111111,0.1320582877959927,0.04553734061930783,0.1029143897996357,0.08652094717668488,0.10200364298724955,0.10837887067395265,0.10746812386156648,0.13387978142076504
684,0.07272727272727272,0.10101010101010101,0.06262626262626263,0.07878787878787878,0.06161616161616162,0.15353535353535352,0.10606060606060606,0.12828282828282828,0.09393939393939393,0.1414141414141414
685,0.08333333333333333,0.11994949494949494,0.1388888888888889,0.059343434343434344,0.07828282828282829,0.14267676767676768,0.10353535353535354,0.09722222222222222,0.08964646464646464,0.08712121212121213
686,0.06637806637806638,0.10966810966810966,0.08802308802308802,0.08080808080808081,0.09379509379509379,0.0836940836940837,0.09668109668109669,0.12554112554112554,0.13275613275613277,0.12265512265512266
687,0.10074074074074074,0.1274074074074074,0.09185185185185185,0.08,0.07851851851851852,0.08148148148148149,0.1274074074074074,0.13333333333333333,0.08444444444444445,0.09481481481481481
688,0.0692167577413479,0.16757741347905283,0.08196721311475409,0.04432301153612629,0.07832422586520947,0.15604128718882818,0.08439587128111718,0.08864602307225258,0.100789313904068,0.12871888281724347
689,0.0850480109739369,0.12277091906721536,0.15020576131687244,0.0823045267489712,0.06310013717421124,0.11248285322359397,0.07887517146776406,0.1310013717421125,0.08367626886145405,0.09053497942386832
690,0.07142857142857144,0.1578483245149912,0.07583774250440918,0.0670194003527337,0.07495590828924163,0.13139329805996475,0.07760141093474428,0.11022927689594357,0.10229276895943563,0.13139329805996475
691,0.10624493106244932,0.06893755068937552,0.09651257096512572,0.07380373073803732,0.07948094079480943,0.14355231143552313,0.09083536090835362,0.15166261151662613,0.07704785077047852,0.11192214111922143
692,0.10503472222222222,0.09288194444444445,0.1015625,0.05642361111111111,0.07118055555555555,0.09114583333333333,0.1701388888888889,0.1232638888888889,0.0798611111111111,0.10850694444444445
693,0.07317073170731707,0.0975609756097561,0.09078590785907859,0.10298102981029811,0.13143631436314362,0.1016260162601626,0.0921409214092141,0.10975609756097561,0.07046070460704607,0.13008130081300814
694,0.06050605060506051,0.0891089108910891,0.0638063806380638,0.13641364136413642,0.06050605060506051,0.1474147414741474,0.11771177117711772,0.13641364136413642,0.10451045104510451,0.08360836083608361
695,0.05521048999309869,0.0821256038647343,0.08695652173913043,0.043478260869565216,0.0862663906142167,0.16908212560386474,0.10628019323671498,0.14837819185645273,0.06625258799171843,0.1559696342305038
696,0.09523809523809525,0.10389610389610392,0.11832611832611833,0.0937950937950938,0.05483405483405484,0.09740259740259742,0.08080808080808083,0.15584415584415587,0.12914862914862918,0.07070707070707072
697,0.09375,0.11805555555555555,0.13368055555555555,0.078125,0.0798611111111111,0.1076388888888889,0.109375,0.09375,0.10069444444444445,0.08506944444444445
698,0.09698681732580038,0.064030131826742,0.08945386064030132,0.08851224105461393,0.1224105461393597,0.1120527306967985,0.10734463276836158,0.14030131826741996,0.08851224105461393,0.0903954802259887
699,0.09438470728793309,0.08602150537634409,0.1015531660692951,0.1027479091995221,0.07646356033452807,0.13739545997610514,0.06212664277180406,0.07287933094384708,0.08363201911589008,0.1827956989247312
700,0.07916666666666666,0.08333333333333333,0.07083333333333333,0.09861111111111111,0.1125,0.1638888888888889,0.0875,0.07916666666666666,0.11527777777777778,0.10972222222222222
701,0.10485133020344288,0.1596244131455399,0.0892018779342723,0.07355242566510173,0.09546165884194054,0.12050078247261346,0.08450704225352113,0.09389671361502347,0.09076682316118936,0.08763693270735524
702,0.06806806806806807,0.08408408408408409,0.12112112112112113,0.07407407407407407,0.12412412412412413,0.10810810810810811,0.1061061061061061,0.09309309309309309,0.1021021021021021,0.11911911911911911
703,0.08579465541490858,0.090014064697609,0.07313642756680731,0.09845288326300984,0.08579465541490858,0.13783403656821377,0.10267229254571027,0.11814345991561181,0.06469760900140648,0.14345991561181434
704,0.09932659932659933,0.08080808080808081,0.09090909090909091,0.09764309764309764,0.07744107744107744,0.18686868686868688,0.10774410774410774,0.08922558922558922,0.09090909090909091,0.07912457912457913
705,0.08571428571428572,0.1365079365079365,0.13333333333333333,0.08888888888888889,0.07936507936507936,0.11904761904761904,0.09682539682539683,0.07936507936507936,0.09206349206349207,0.08888888888888889
706,0.06264775413711583,0.0851063829787234,0.08628841607565012,0.09101654846335698,0.08392434988179669,0.12411347517730496,0.08983451536643026,0.15721040189125296,0.12056737588652482,0.09929078014184398
707,0.04716227018385292,0.10231814548361311,0.11670663469224621,0.07753796962430055,0.053557154276578735,0.13828936850519585,0.07274180655475619,0.1518784972022382,0.09512390087929656,0.14468425259792167
708,0.09481481481481481,0.10962962962962963,0.1037037037037037,0.08296296296296296,0.1037037037037037,0.1362962962962963,0.08592592592592592,0.1037037037037037,0.08592592592592592,0.09333333333333334
709,0.08393285371702638,0.08073541167066348,0.10951239008792965,0.10711430855315747,0.05515587529976019,0.10471622701838529,0.10631494804156674,0.13189448441247004,0.10071942446043165,0.11990407673860912
710,0.06084656084656084,0.09457671957671958,0.1832010582010582,0.04365079365079365,0.06746031746031746,0.15145502645502645,0.08267195767195767,0.13425925925925927,0.07407407407407407,0.1078042328042328
711,0.08262108262108261,0.10256410256410256,0.08262108262108261,0.09259259259259259,0.07122507122507123,0.10826210826210826,0.09686609686609686,0.12962962962962962,0.10683760683760683,0.1267806267806268
712,0.08003108003108003,0.08391608391608392,0.108003108003108,0.05672105672105672,0.07303807303807304,0.07925407925407925,0.1383061383061383,0.16083916083916083,0.11810411810411811,0.10178710178710179
713,0.07446808510638298,0.08392434988179669,0.13947990543735225,0.06501182033096926,0.06973995271867613,0.12647754137115838,0.10638297872340426,0.11347517730496454,0.10756501182033097,0.11347517730496454
714,0.06931702344546382,0.09276248725790012,0.10601427115188584,0.057084607543323146,0.05096839959225281,0.15902140672782877,0.08868501529051989,0.14271151885830788,0.11824668705402652,0.11518858307849135
715,0.073015873015873,0.10793650793650791,0.0952380952380952,0.07936507936507935,0.13015873015873014,0.08095238095238094,0.11269841269841267,0.11587301587301585,0.08253968253968252,0.12222222222222219
716,0.13924050632911394,0.07032348804500704,0.11251758087201127,0.09423347398030946,0.08157524613220817,0.12517580872011255,0.14205344585091423,0.07172995780590719,0.07032348804500704,0.0928270042194093
717,0.13055555555555556,0.06944444444444445,0.08703703703703704,0.053703703703703705,0.08425925925925926,0.09814814814814815,0.1537037037037037,0.1111111111111111,0.07407407407407407,0.13796296296296295
718,0.08378870673952642,0.11475409836065574,0.11475409836065574,0.08743169398907104,0.08378870673952642,0.12021857923497267,0.1366120218579235,0.08743169398907104,0.08196721311475409,0.08925318761384335
719,0.05387205387205387,0.06285072951739619,0.11167227833894501,0.07744107744107744,0.06790123456790123,0.13580246913580246,0.13692480359147025,0.1251402918069585,0.09595959595959595,0.1324354657687991
720,0.10977242302543508,0.07898259705488621,0.07898259705488621,0.07362784471218206,0.1111111111111111,0.107095046854083,0.13520749665327977,0.13520749665327977,0.0963855421686747,0.07362784471218206
721,0.0660377358490566,0.10377358490566038,0.06184486373165619,0.06918238993710692,0.0870020964360587,0.11006289308176101,0.14255765199161424,0.1331236897274633,0.12368972746331237,0.10272536687631027
722,0.09312169312169312,0.10899470899470899,0.11005291005291006,0.07724867724867725,0.08677248677248678,0.12804232804232804,0.091005291005291,0.13968253968253969,0.08571428571428572,0.07936507936507936
723,0.08168168168168168,0.07567567567567568,0.12132132132132133,0.05165165165165165,0.06666666666666667,0.10510510510510511,0.0918918918918919,0.10810810810810811,0.17777777777777778,0.12012012012012012
724,0.08533333333333333,0.10755555555555556,0.07022222222222223,0.07111111111111111,0.057777777777777775,0.152,0.168,0.072,0.152,0.064
725,0.09037037037037036,0.0962962962962963,0.09333333333333334,0.08888888888888889,0.09481481481481481,0.1362962962962963,0.09481481481481481,0.08888888888888889,0.08444444444444445,0.13185185185185186
726,0.07149758454106281,0.08502415458937199,0.10628019323671498,0.07922705314009662,0.05314009661835749,0.11497584541062802,0.12560386473429952,0.13140096618357489,0.12270531400966184,0.11014492753623188
727,0.09321401938851603,0.06935123042505593,0.10738255033557047,0.0686055182699478,0.0686055182699478,0.15510812826249068,0.10887397464578673,0.10216256524981357,0.12453392990305742,0.10216256524981357
728,0.0925925925925926,0.09126984126984128,0.07804232804232805,0.08862433862433863,0.09523809523809525,0.16269841269841273,0.0753968253968254,0.11904761904761905,0.126984126984127,0.07010582010582012
729,0.07919621749408985,0.10283687943262412,0.12411347517730498,0.07801418439716314,0.06264775413711585,0.140661938534279,0.12293144208037826,0.08628841607565013,0.12056737588652483,0.08274231678486998
730,0.07246376811594203,0.07004830917874397,0.0929951690821256,0.07125603864734299,0.07367149758454106,0.15096618357487923,0.10386473429951691,0.1280193236714976,0.08091787439613526,0.15579710144927536
731,0.04367373153500321,0.08156711624919717,0.06615285806037251,0.056518946692357096,0.1014771997430957,0.13037893384714194,0.11496467565831728,0.1907514450867052,0.05330764290301863,0.16120745022479127
732,0.10571736785329018,0.0970873786407767,0.14347357065803668,0.10032362459546926,0.061488673139158574,0.11542610571736785,0.08414239482200647,0.07874865156418555,0.09924487594390508,0.11434735706580366
733,0.10425240054869685,0.10150891632373114,0.08916323731138547,0.07133058984910837,0.1056241426611797,0.06995884773662552,0.11385459533607682,0.12071330589849108,0.09190672153635117,0.13168724279835392
734,0.08274231678486997,0.08747044917257683,0.16430260047281323,0.06973995271867613,0.10283687943262411,0.09929078014184398,0.10520094562647754,0.11229314420803782,0.06619385342789598,0.1099290780141844
735,0.06364974245768949,0.08314937454010303,0.07579102281089037,0.0827814569536424,0.06401766004415012,0.17034584253127302,0.11846946284032378,0.11920529801324505,0.1085356880058867,0.11405445180279619
736,0.10222222222222223,0.12,0.10962962962962963,0.08,0.1362962962962963,0.09481481481481481,0.06962962962962962,0.0962962962962963,0.07555555555555556,0.11555555555555555
737,0.08064516129032258,0.08064516129032258,0.0913978494623656,0.08422939068100359,0.0913978494623656,0.11290322580645161,0.14874551971326164,0.08422939068100359,0.08422939068100359,0.14157706093189965
738,0.07622739018087857,0.11240310077519382,0.08268733850129201,0.07751937984496125,0.10723514211886306,0.13049095607235145,0.12273901808785531,0.11886304909560724,0.0930232558139535,0.07881136950904394
739,0.07500000000000001,0.1101851851851852,0.08055555555555557,0.06203703703703704,0.07500000000000001,0.1564814814814815,0.1601851851851852,0.07500000000000001,0.09537037037037038,0.1101851851851852
740,0.0844811753902663,0.09825528007346189,0.08264462809917356,0.07713498622589532,0.06887052341597796,0.14600550964187328,0.09366391184573003,0.08080808080808081,0.11753902662993572,0.15059687786960516
741,0.08291873963515754,0.11774461028192372,0.06384742951907131,0.07296849087893864,0.06716417910447761,0.1583747927031509,0.11359867330016583,0.06716417910447761,0.06965174129353234,0.1865671641791045
742,0.06715506715506715,0.12087912087912088,0.08547008547008547,0.08547008547008547,0.06715506715506715,0.10256410256410256,0.16361416361416362,0.08058608058608059,0.14774114774114774,0.07936507936507936
743,0.06953405017921147,0.07168458781362007,0.10752688172043011,0.06308243727598567,0.06451612903225806,0.1025089605734767,0.0939068100358423,0.2164874551971326,0.1111111111111111,0.0996415770609319
744,0.130952380952381,0.05476190476190477,0.0642857142857143,0.05476190476190477,0.06904761904761907,0.1301587301587302,0.10000000000000002,0.19126984126984128,0.07142857142857144,0.13333333333333336
745,0.06739526411657559,0.09198542805100182,0.12932604735883424,0.08561020036429873,0.08014571948998178,0.15664845173041894,0.09380692167577413,0.14207650273224043,0.0883424408014572,0.06466302367941712
746,0.06991260923845194,0.07365792759051186,0.10112359550561797,0.10611735330836454,0.09987515605493133,0.0986267166042447,0.1285892634207241,0.08739076154806492,0.13607990012484394,0.0986267166042447
747,0.0466903073286052,0.04846335697399527,0.17080378250591016,0.0715130023640662,0.08865248226950355,0.13652482269503546,0.11465721040189125,0.11879432624113476,0.1400709219858156,0.06382978723404255
748,0.08751229105211406,0.08259587020648967,0.10127826941986234,0.05604719764011799,0.049164208456243856,0.1248770894788594,0.11701081612586037,0.1071779744346116,0.09636184857423795,0.17797443461160276
749,0.05501618122977346,0.09924487594390508,0.12189859762675297,0.06903991370010787,0.07874865156418555,0.10355987055016182,0.0970873786407767,0.1715210355987055,0.10032362459546926,0.10355987055016182
750,0.06688241639697952,0.08171521035598707,0.16046386192017262,0.04018338727076592,0.09600862998921253,0.10895361380798275,0.1097626752966559,0.1434735706580367,0.06715210355987056,0.1254045307443366
751,0.09987515605493134,0.14731585518102375,0.083645443196005,0.06616729088639202,0.08239700374531836,0.11235955056179776,0.06367041198501874,0.11235955056179776,0.11111111111111112,0.12109862671660426
752,0.05024769992922859,0.10474168435951875,0.08209483368719038,0.06510969568294409,0.0835102618542109,0.2059447983014862,0.06935598018400566,0.10969568294409059,0.13092710544939845,0.0983722576079264
753,0.05520614954577219,0.07617051013277429,0.12368972746331237,0.06568832983927324,0.05101327742837177,0.11250873515024458,0.13137665967854648,0.10761705101327743,0.15443745632424877,0.1222921034241789
754,0.08095238095238097,0.08730158730158731,0.12222222222222223,0.08095238095238097,0.07619047619047621,0.12380952380952383,0.1142857142857143,0.10634920634920636,0.1015873015873016,0.10634920634920636
755,0.09546165884194054,0.11737089201877934,0.10641627543035993,0.10328638497652583,0.081377151799687,0.08763693270735524,0.1189358372456964,0.11267605633802817,0.08450704225352113,0.09233176838810642
756,0.04508856682769726,0.09715512614063339,0.1202361782071927,0.07568438003220612,0.11057434245840043,0.08319914117015566,0.15351583467525495,0.12238325281803543,0.09232420826623725,0.0998389694041868
757,0.09431524547803617,0.09043927648578812,0.10981912144702842,0.07751937984496124,0.08785529715762273,0.08527131782945736,0.12790697674418605,0.13824289405684753,0.06847545219638243,0.12015503875968993
758,0.11293260473588343,0.09836065573770492,0.08743169398907104,0.0947176684881603,0.10564663023679417,0.10200364298724955,0.10200364298724955,0.09836065573770492,0.08378870673952642,0.11475409836065574
759,0.07046070460704607,0.09620596205962059,0.12872628726287264,0.08943089430894309,0.1043360433604336,0.13821138211382114,0.13414634146341464,0.08943089430894309,0.08130081300813008,0.06775067750677506
760,0.0799457994579946,0.11111111111111112,0.13279132791327916,0.06368563685636858,0.0853658536585366,0.10298102981029812,0.09485094850948511,0.10975609756097562,0.10298102981029812,0.11653116531165313
761,0.0958904109589041,0.1111111111111111,0.1232876712328767,0.0821917808219178,0.0806697108066971,0.0852359208523592,0.0684931506849315,0.1415525114155251,0.076103500761035,0.1354642313546423
762,0.10344827586206896,0.08620689655172414,0.09770114942528736,0.08620689655172414,0.10727969348659004,0.08620689655172414,0.13026819923371646,0.1111111111111111,0.08620689655172414,0.1053639846743295
763,0.08045977011494253,0.1024904214559387,0.11877394636015326,0.05842911877394636,0.10440613026819924,0.08812260536398467,0.13697318007662834,0.13122605363984674,0.07758620689655173,0.10153256704980843
764,0.06405228758169934,0.08104575163398693,0.11895424836601307,0.09673202614379085,0.11895424836601307,0.10065359477124183,0.09411764705882353,0.10326797385620914,0.1084967320261438,0.11372549019607843
765,0.06265664160401002,0.1111111111111111,0.061821219715956555,0.04928989139515455,0.0785296574770259,0.14954051796157058,0.10192147034252297,0.14452798663324978,0.12698412698412698,0.1136173767752715
766,0.07079646017699115,0.09341199606686332,0.1288102261553589,0.09242871189773845,0.10422812192723697,0.10422812192723697,0.07866273352999016,0.0943952802359882,0.08357915437561456,0.14945919370698132
767,0.09327846364883402,0.10150891632373114,0.08093278463648834,0.08093278463648834,0.07956104252400549,0.12208504801097393,0.11934156378600823,0.1083676268861454,0.07818930041152264,0.13580246913580246
768,0.0855855855855856,0.0870870870870871,0.10210210210210212,0.0900900900900901,0.0855855855855856,0.09459459459459461,0.11261261261261263,0.13663663663663667,0.0885885885885886,0.11711711711711713
769,0.11659807956104253,0.15912208504801098,0.06584362139917696,0.1056241426611797,0.12071330589849108,0.06310013717421124,0.08367626886145405,0.07270233196159122,0.08367626886145405,0.1289437585733882
770,0.07583774250440917,0.10052910052910052,0.12257495590828923,0.07142857142857142,0.09435626102292768,0.16049382716049382,0.09347442680776014,0.07054673721340388,0.0837742504409171,0.12698412698412698
771,0.08127972330306961,0.09770860354517942,0.09511456982274102,0.0527453523562473,0.06917423259835712,0.1828793774319066,0.10765239948119326,0.10981409424989191,0.11197578901859058,0.09165585819282317
772,0.08278867102396514,0.09259259259259259,0.12527233115468409,0.08823529411764706,0.07080610021786492,0.14705882352941177,0.09041394335511982,0.11220043572984749,0.06971677559912855,0.12091503267973856
773,0.07510288065843622,0.08950617283950617,0.11419753086419752,0.06584362139917696,0.05452674897119342,0.09567901234567901,0.17901234567901234,0.11213991769547325,0.12654320987654322,0.0874485596707819
774,0.05968778696051424,0.08264462809917357,0.10101010101010102,0.05142332415059688,0.12672176308539948,0.14141414141414144,0.10468319559228652,0.13865932047750232,0.07254361799816347,0.12121212121212123
775,0.10222222222222223,0.08622222222222223,0.184,0.06844444444444445,0.08,0.112,0.09422222222222222,0.09244444444444444,0.08711111111111111,0.09333333333333334
776,0.05905905905905906,0.08558558558558559,0.10960960960960961,0.05555555555555555,0.07607607607607608,0.12112112112112113,0.14714714714714713,0.14164164164164164,0.12412412412412413,0.08008008008008008
777,0.06729264475743349,0.09154929577464789,0.12754303599374023,0.07355242566510173,0.0594679186228482,0.12519561815336464,0.11580594679186229,0.10485133020344288,0.10015649452269171,0.13458528951486698
778,0.08888888888888889,0.09841269841269841,0.09365079365079365,0.08571428571428572,0.09206349206349207,0.10317460317460317,0.0746031746031746,0.13015873015873017,0.12063492063492064,0.1126984126984127
779,0.0594541910331384,0.12475633528265107,0.1286549707602339,0.07992202729044834,0.07797270955165692,0.13450292397660818,0.09844054580896686,0.12475633528265107,0.10136452241715399,0.07017543859649122
780,0.10134310134310136,0.08547008547008549,0.10134310134310136,0.10134310134310136,0.08302808302808304,0.12454212454212456,0.09890109890109891,0.10744810744810747,0.08424908424908427,0.11233211233211235
781,0.08571428571428572,0.09047619047619047,0.08888888888888889,0.0873015873015873,0.09523809523809523,0.0873015873015873,0.1,0.11428571428571428,0.09841269841269841,0.1523809523809524
782,0.06965811965811967,0.0918803418803419,0.10470085470085472,0.06965811965811967,0.07649572649572652,0.14444444444444446,0.10726495726495727,0.10470085470085472,0.15940170940170942,0.0717948717948718
783,0.07859078590785909,0.10162601626016263,0.10027100271002713,0.06910569105691058,0.0772357723577236,0.11111111111111113,0.11382113821138214,0.13279132791327916,0.10433604336043363,0.11111111111111113
784,0.04506172839506173,0.09506172839506173,0.07037037037037037,0.0728395061728395,0.10555555555555556,0.10555555555555556,0.14135802469135803,0.1382716049382716,0.06851851851851852,0.1574074074074074
785,0.06052393857271906,0.0939476061427281,0.0966576332429991,0.056910569105691054,0.06052393857271906,0.15672990063233966,0.11336946702800361,0.11788617886178862,0.12737127371273713,0.11607949412827462
786,0.0785296574770259,0.06934001670843776,0.12781954887218044,0.10025062656641603,0.1111111111111111,0.14118629908103592,0.07184628237259816,0.09189640768588136,0.10526315789473684,0.10275689223057644
787,0.12560386473429952,0.10305958132045089,0.0966183574879227,0.07246376811594203,0.07890499194847021,0.12238325281803543,0.07729468599033816,0.10950080515297907,0.09822866344605476,0.11594202898550725
788,0.05413105413105413,0.13200379867046533,0.12298195631528964,0.030864197530864196,0.09734093067426401,0.17094017094017094,0.0721747388414055,0.09544159544159544,0.09876543209876543,0.12535612535612536
789,0.1430260047281324,0.10047281323877069,0.08274231678486997,0.06973995271867613,0.05673758865248227,0.12056737588652482,0.10520094562647754,0.11347517730496454,0.1016548463356974,0.10638297872340426
790,0.07335490830636461,0.09600862998921252,0.07766990291262135,0.08414239482200647,0.06040992448759439,0.12837108953613807,0.12405609492988134,0.17583603020496225,0.104638619201726,0.07551240560949299
791,0.09523809523809523,0.11199294532627865,0.09259259259259259,0.054673721340388004,0.09347442680776014,0.1402116402116402,0.09523809523809523,0.12522045855379188,0.08112874779541446,0.11022927689594356
792,0.07407407407407407,0.09822866344605476,0.16747181964573268,0.07729468599033816,0.08373590982286634,0.12399355877616747,0.07729468599033816,0.13043478260869565,0.08373590982286634,0.08373590982286634
793,0.08222222222222222,0.08555555555555555,0.15,0.08555555555555555,0.06111111111111111,0.17222222222222222,0.09777777777777778,0.09888888888888889,0.07111111111111111,0.09555555555555556
794,0.07323232323232323,0.08080808080808081,0.07828282828282829,0.08585858585858586,0.11363636363636363,0.10984848484848485,0.13131313131313133,0.09217171717171717,0.15151515151515152,0.08333333333333333
795,0.1019786910197869,0.1171993911719939,0.0776255707762557,0.0776255707762557,0.0776255707762557,0.15220700152207,0.0867579908675799,0.0989345509893455,0.106544901065449,0.1035007610350076
796,0.06472491909385113,0.0970873786407767,0.09924487594390508,0.07119741100323625,0.10571736785329018,0.07335490830636461,0.11542610571736785,0.12405609492988134,0.13268608414239483,0.11650485436893204
797,0.07995846313603323,0.10488058151609553,0.13395638629283488,0.07372793354101766,0.07372793354101766,0.06230529595015576,0.0695742471443406,0.19626168224299065,0.07580477673935618,0.12980269989615784
798,0.054373522458628844,0.08628841607565012,0.15721040189125296,0.06501182033096926,0.08037825059101655,0.1016548463356974,0.16784869976359337,0.10283687943262411,0.07210401891252956,0.11229314420803782
799,0.09876543209876544,0.09427609427609429,0.11223344556677892,0.09876543209876544,0.10437710437710439,0.10774410774410775,0.10101010101010102,0.0729517396184063,0.08641975308641976,0.1234567901234568
800,0.0898876404494382,0.07865168539325842,0.07740324594257178,0.09238451935081149,0.10486891385767791,0.12484394506866417,0.1735330836454432,0.0898876404494382,0.06367041198501873,0.10486891385767791
801,0.082687338501292,0.12015503875968993,0.07622739018087855,0.08785529715762273,0.08527131782945736,0.13049095607235142,0.1330749354005168,0.0917312661498708,0.07364341085271318,0.11886304909560723
802,0.07235142118863049,0.12790697674418605,0.06201550387596899,0.08139534883720931,0.0917312661498708,0.08914728682170543,0.12919896640826872,0.1421188630490956,0.09819121447028424,0.10594315245478036
803,0.03903903903903904,0.0890890890890891,0.1066066066066066,0.06556556556556556,0.07207207207207207,0.14664664664664664,0.0960960960960961,0.08158158158158157,0.17517517517517517,0.12812812812812813
804,0.04915824915824916,0.09764309764309764,0.07138047138047138,0.12121212121212122,0.09562289562289562,0.15555555555555556,0.12390572390572391,0.10841750841750841,0.04511784511784512,0.13198653198653199
805,0.13099415204678366,0.13918128654970763,0.06900584795321639,0.07719298245614037,0.09122807017543862,0.08304093567251464,0.10994152046783628,0.07836257309941522,0.12163742690058482,0.0994152046783626
806,0.08684546615581099,0.09003831417624521,0.09961685823754789,0.06194125159642401,0.0772669220945083,0.0913154533844189,0.13154533844189017,0.09323116219667944,0.18518518518518517,0.08301404853128991
807,0.09090909090909091,0.11952861952861953,0.09427609427609428,0.07575757575757576,0.08417508417508418,0.13131313131313133,0.09090909090909091,0.12457912457912458,0.09090909090909091,0.09764309764309764
808,0.06807511737089202,0.0782472613458529,0.107981220657277,0.061815336463223784,0.08841940532081377,0.15571205007824726,0.14084507042253522,0.11580594679186229,0.08763693270735524,0.09546165884194054
809,0.10843373493975904,0.11378848728246319,0.08032128514056225,0.06961178045515395,0.0856760374832664,0.12315930388219545,0.08835341365461848,0.17001338688085676,0.08969210174029452,0.07095046854082998
810,0.10541310541310542,0.09971509971509972,0.12060778727445394,0.07977207977207977,0.07692307692307693,0.06837606837606838,0.09021842355175688,0.12535612535612536,0.10256410256410256,0.13105413105413105
811,0.0584192439862543,0.12142038946162659,0.09851088201603667,0.09736540664375717,0.11912943871706759,0.14318442153493702,0.09851088201603667,0.10309278350515465,0.06758304696449027,0.09278350515463919
812,0.07246376811594203,0.10628019323671498,0.11755233494363929,0.07407407407407407,0.10628019323671498,0.09500805152979067,0.07246376811594203,0.12238325281803543,0.1320450885668277,0.10144927536231885
813,0.05721393034825871,0.06053067993366501,0.11774461028192372,0.07877280265339967,0.07213930348258707,0.21475953565505804,0.08706467661691543,0.12437810945273632,0.0439469320066335,0.14344941956882257
814,0.08701472556894244,0.1285140562248996,0.09236947791164658,0.12315930388219545,0.06693440428380187,0.09906291834002677,0.08433734939759036,0.10307898259705489,0.08701472556894244,0.1285140562248996
815,0.0771604938271605,0.1064814814814815,0.1080246913580247,0.07870370370370372,0.1219135802469136,0.11574074074074076,0.11882716049382717,0.09722222222222224,0.10185185185185186,0.07407407407407408
816,0.05587121212121213,0.10921717171717173,0.07260101010101011,0.05208333333333334,0.09501262626262627,0.1647727272727273,0.11742424242424244,0.15119949494949497,0.09248737373737376,0.0893308080808081
817,0.05816993464052288,0.09477124183006536,0.09084967320261438,0.09673202614379085,0.05228758169934641,0.13398692810457516,0.09673202614379085,0.15816993464052287,0.14052287581699346,0.07777777777777778
818,0.07125603864734299,0.0821256038647343,0.10628019323671498,0.09782608695652174,0.07729468599033816,0.11835748792270531,0.12560386473429952,0.11835748792270531,0.07004830917874397,0.13285024154589373
819,0.10126582278481013,0.06891701828410689,0.07735583684950774,0.09282700421940929,0.07876230661040788,0.09423347398030943,0.1111111111111111,0.17580872011251758,0.11673699015471167,0.0829817158931083
820,0.06616161616161616,0.10151515151515152,0.06363636363636363,0.04393939393939394,0.0803030303030303,0.1505050505050505,0.15606060606060607,0.14494949494949494,0.09292929292929293,0.1
821,0.14320987654320985,0.0839506172839506,0.13086419753086417,0.0802469135802469,0.0802469135802469,0.11975308641975306,0.10123456790123454,0.08765432098765431,0.09382716049382714,0.07901234567901233
822,0.11695906432748539,0.08771929824561404,0.09746588693957116,0.08771929824561404,0.09356725146198831,0.09356725146198831,0.12280701754385966,0.10526315789473685,0.10526315789473685,0.08966861598440547
823,0.14285714285714285,0.08928571428571429,0.08928571428571429,0.10714285714285714,0.0992063492063492,0.09722222222222222,0.08928571428571429,0.0992063492063492,0.08928571428571429,0.09722222222222222
824,0.09798775153105861,0.05861767279090114,0.11461067366579178,0.0594925634295713,0.0752405949256343,0.1452318460192476,0.09011373578302712,0.15923009623797024,0.10236220472440945,0.09711286089238845
825,0.07952815829528158,0.06506849315068493,0.0943683409436834,0.07229832572298325,0.060882800608828,0.11643835616438356,0.15753424657534246,0.11643835616438356,0.08257229832572298,0.15487062404870625
826,0.08818342151675486,0.1358024691358025,0.07936507936507937,0.09347442680776015,0.08818342151675486,0.1340388007054674,0.08641975308641976,0.08465608465608467,0.10052910052910054,0.10934744268077602
827,0.07615480649188515,0.09612983770287141,0.0898876404494382,0.06991260923845194,0.09363295880149813,0.08489388264669163,0.17228464419475656,0.09113607990012484,0.09363295880149813,0.132334581772784
828,0.07885304659498207,0.11290322580645161,0.13978494623655913,0.05197132616487455,0.07974910394265233,0.1057347670250896,0.0985663082437276,0.12813620071684587,0.13440860215053763,0.06989247311827956
829,0.08771929824561403,0.1067251461988304,0.06871345029239766,0.08333333333333333,0.1111111111111111,0.10087719298245613,0.1111111111111111,0.10526315789473684,0.097953216374269,0.12719298245614036
830,0.09178743961352658,0.09178743961352658,0.0966183574879227,0.07729468599033816,0.07890499194847021,0.09017713365539452,0.08695652173913043,0.2109500805152979,0.07246376811594203,0.10305958132045089
831,0.054421768707483,0.09863945578231294,0.09863945578231294,0.05668934240362813,0.0816326530612245,0.10090702947845806,0.23129251700680276,0.11111111111111112,0.06802721088435376,0.09863945578231294
832,0.08860759493670887,0.11814345991561183,0.11673699015471169,0.0787623066104079,0.06751054852320676,0.13361462728551338,0.07313642756680733,0.08298171589310831,0.13642756680731366,0.10407876230661042
833,0.06691919191919192,0.11363636363636363,0.09090909090909091,0.09722222222222222,0.0845959595959596,0.13005050505050506,0.09848484848484848,0.10606060606060606,0.12626262626262627,0.08585858585858586
834,0.06775067750677506,0.08943089430894309,0.08943089430894309,0.06775067750677506,0.1002710027100271,0.1070460704607046,0.10569105691056911,0.18699186991869918,0.08807588075880758,0.0975609756097561
835,0.09481481481481481,0.07703703703703704,0.10814814814814815,0.07703703703703704,0.10222222222222223,0.06962962962962962,0.15259259259259259,0.12148148148148148,0.09037037037037036,0.10666666666666667
836,0.0974450386215092,0.06417112299465241,0.20083184789067143,0.05466428995840761,0.05228758169934641,0.0885323826500297,0.11764705882352941,0.15448603683897802,0.0677361853832442,0.1021984551396316
837,0.06868686868686869,0.11212121212121212,0.09898989898989899,0.052525252525252523,0.08484848484848485,0.15151515151515152,0.08383838383838384,0.13232323232323231,0.09090909090909091,0.12424242424242424
838,0.07755618866729978,0.09813232035454257,0.11649256093700538,0.03418803418803419,0.07059195948084837,0.16144349477682812,0.09876543209876543,0.12314023425134536,0.13232035454257676,0.08736942070275404
839,0.06386701662292213,0.1347331583552056,0.07961504811898512,0.10323709536307961,0.09273840769903761,0.1163604549431321,0.09798775153105861,0.12860892388451445,0.08223972003499562,0.10061242344706911
840,0.07916666666666666,0.13333333333333333,0.09027777777777778,0.09583333333333334,0.06388888888888888,0.1486111111111111,0.1,0.08472222222222223,0.08472222222222223,0.11944444444444445
841,0.07060185185185185,0.11342592592592593,0.07060185185185185,0.06712962962962964,0.06365740740740741,0.13541666666666666,0.13773148148148148,0.13194444444444445,0.125,0.08449074074074074
842,0.06337448559670783,0.11604938271604939,0.07572016460905351,0.05349794238683128,0.06090534979423869,0.11851851851851854,0.08395061728395063,0.20164609053497945,0.14403292181069963,0.08230452674897121
843,0.0713450292397661,0.1192982456140351,0.09941520467836258,0.09356725146198831,0.06315789473684212,0.16725146198830412,0.1298245614035088,0.10643274853801171,0.06315789473684212,0.0865497076023392
844,0.04984423676012461,0.09345794392523364,0.13187954309449637,0.11941848390446522,0.1391484942886812,0.07268951194184839,0.10799584631360332,0.12357217030114226,0.08203530633437175,0.07995846313603323
845,0.0812603648424544,0.1111111111111111,0.09618573797678276,0.09286898839137644,0.10613598673300166,0.08291873963515754,0.1011608623548922,0.12769485903814262,0.087893864013267,0.11276948590381426
846,0.0821917808219178,0.1126331811263318,0.1035007610350076,0.0852359208523592,0.0791476407914764,0.1248097412480974,0.0806697108066971,0.1171993911719939,0.0882800608828006,0.1263318112633181
847,0.09206349206349208,0.07777777777777779,0.1277777777777778,0.08730158730158731,0.06825396825396826,0.12460317460317462,0.09523809523809525,0.12539682539682542,0.09603174603174605,0.10555555555555557
848,0.07843137254901962,0.08333333333333334,0.09477124183006537,0.08986928104575165,0.09640522875816995,0.08006535947712419,0.11764705882352942,0.10457516339869283,0.10294117647058824,0.1519607843137255
849,0.07037037037037036,0.12407407407407404,0.10370370370370367,0.05092592592592591,0.07592592592592591,0.12407407407407404,0.1185185185185185,0.09907407407407405,0.1324074074074074,0.1009259259259259
850,0.08148148148148149,0.08271604938271605,0.07901234567901234,0.08888888888888889,0.07407407407407407,0.14320987654320988,0.145679012345679,0.07160493827160494,0.08148148148148149,0.15185185185185185
851,0.08408408408408409,0.10960960960960961,0.08558558558558559,0.07357357357357357,0.08258258258258258,0.08558558558558559,0.11711711711711711,0.11711711711711711,0.11411411411411411,0.13063063063063063
852,0.07231040564373897,0.08289241622574955,0.059082892416225746,0.0873015873015873,0.06790123456790123,0.14109347442680775,0.11992945326278659,0.10052910052910052,0.1164021164021164,0.15255731922398588
853,0.08308308308308308,0.09509509509509509,0.07207207207207207,0.06506506506506507,0.10510510510510511,0.08708708708708708,0.2002002002002002,0.10810810810810811,0.09509509509509509,0.0890890890890891
854,0.07242063492063493,0.12003968253968254,0.1527777777777778,0.061507936507936505,0.07936507936507936,0.05853174603174603,0.09126984126984126,0.15575396825396826,0.0873015873015873,0.12103174603174603
855,0.09753086419753086,0.043827160493827164,0.1345679012345679,0.06296296296296296,0.10185185185185185,0.10308641975308643,0.14938271604938272,0.10123456790123457,0.09814814814814815,0.10740740740740741
