,Topic_0,Topic_1,Topic_2,Topic_3,Topic_4,Topic_5,Topic_6,Topic_7,Topic_8,Topic_9
0,0.1388888888888889,0.1388888888888889,0.08796296296296297,0.05277777777777778,0.09259259259259259,0.08981481481481482,0.07685185185185185,0.07314814814814814,0.06851851851851852,0.18055555555555555
1,0.08585858585858587,0.0782828282828283,0.1906565656565657,0.08333333333333334,0.09090909090909093,0.06186868686868688,0.09595959595959597,0.07323232323232325,0.1603535353535354,0.07954545454545456
2,0.13913043478260867,0.12367149758454103,0.07053140096618356,0.07826086956521738,0.06570048309178743,0.11111111111111108,0.10144927536231882,0.07632850241545892,0.08115942028985505,0.15265700483091785
3,0.1358024691358025,0.09171075837742505,0.08289241622574957,0.09876543209876545,0.08465608465608467,0.08641975308641976,0.07936507936507937,0.1287477954144621,0.11640211640211642,0.09523809523809526
4,0.10972222222222223,0.1138888888888889,0.08750000000000001,0.13194444444444448,0.09861111111111112,0.07777777777777779,0.07638888888888891,0.1416666666666667,0.06250000000000001,0.10000000000000002
5,0.226890756302521,0.08029878618113913,0.09710550887021475,0.06629318394024276,0.07282913165266107,0.09897292250233426,0.0915032679738562,0.06255835667600373,0.058823529411764705,0.14472455648926238
6,0.11241830065359477,0.05032679738562092,0.11568627450980393,0.07058823529411765,0.08300653594771241,0.09019607843137255,0.05032679738562092,0.11633986928104575,0.05816993464052288,0.2529411764705882
7,0.08856682769726248,0.08695652173913043,0.07568438003220612,0.11755233494363929,0.07246376811594203,0.09178743961352658,0.08373590982286634,0.07246376811594203,0.10144927536231885,0.20933977455716588
8,0.12037037037037036,0.06404320987654322,0.04861111111111111,0.10030864197530864,0.05709876543209876,0.08641975308641975,0.06327160493827161,0.08873456790123457,0.09876543209876543,0.27237654320987653
9,0.07975460122699385,0.4335378323108383,0.05623721881390591,0.0729379686434901,0.04873892297205179,0.052488070892978855,0.06169052488070892,0.08895705521472391,0.06373551465576004,0.04192229038854805
10,0.06962962962962962,0.09481481481481481,0.09481481481481481,0.07407407407407407,0.0725925925925926,0.16296296296296298,0.0874074074074074,0.0962962962962963,0.08444444444444445,0.16296296296296298
11,0.14898989898989898,0.08964646464646464,0.059343434343434344,0.07702020202020202,0.08207070707070707,0.07196969696969698,0.09722222222222222,0.07575757575757576,0.22853535353535354,0.06944444444444445
12,0.15555555555555556,0.08262108262108261,0.18176638176638177,0.045014245014245016,0.045014245014245016,0.046153846153846156,0.06723646723646724,0.14358974358974358,0.049002849002849,0.18404558404558405
13,0.2119205298013245,0.08167770419426049,0.1582045621780721,0.05665930831493746,0.08462104488594555,0.07211184694628403,0.047829286239882265,0.12362030905077263,0.05077262693156733,0.11258278145695365
14,0.12521367521367524,0.10854700854700856,0.03803418803418804,0.14700854700854704,0.07692307692307694,0.07863247863247864,0.027350427350427354,0.2995726495726496,0.026923076923076928,0.0717948717948718
15,0.13966480446927373,0.06021104903786468,0.03910614525139665,0.09497206703910614,0.06021104903786468,0.07014276846679081,0.06269397889509622,0.2271880819366853,0.12849162011173185,0.11731843575418995
16,0.10704607046070462,0.12737127371273715,0.12872628726287266,0.0799457994579946,0.0962059620596206,0.15311653116531168,0.0853658536585366,0.07859078590785909,0.0772357723577236,0.06639566395663958
17,0.10478771454381212,0.12737127371273715,0.0831074977416441,0.0912375790424571,0.07046070460704608,0.05600722673893406,0.05510388437217706,0.1815718157181572,0.15176151761517617,0.07859078590785909
18,0.1702741702741703,0.07840307840307842,0.21741221741221745,0.062049062049062055,0.09042809042809044,0.04665704665704666,0.041847041847041855,0.12602212602212606,0.051467051467051474,0.11544011544011545
19,0.1,0.08333333333333333,0.08703703703703704,0.08518518518518518,0.12962962962962962,0.11851851851851852,0.09259259259259259,0.13703703703703704,0.08333333333333333,0.08333333333333333
20,0.07111111111111112,0.09925925925925927,0.06962962962962964,0.08740740740740742,0.08444444444444446,0.06666666666666668,0.10074074074074076,0.11555555555555556,0.10666666666666669,0.19851851851851854
21,0.07964601769911504,0.10914454277286136,0.08947885939036382,0.12684365781710916,0.048180924287118974,0.0688298918387414,0.11701081612586037,0.09636184857423795,0.1583087512291052,0.10619469026548672
22,0.1467889908256881,0.14780835881753315,0.05708460754332315,0.04994903160040776,0.08460754332313966,0.08766564729867483,0.09072375127421001,0.062181447502548434,0.10193679918450563,0.17125382262996944
23,0.13464696223316913,0.11822660098522167,0.051450465243568694,0.07717569786535304,0.120415982484948,0.06349206349206349,0.07334428024083196,0.20032840722495895,0.05473453749315818,0.10618500273672687
24,0.0730593607305936,0.1111111111111111,0.1598173515981735,0.0684931506849315,0.0837138508371385,0.1126331811263318,0.1430745814307458,0.0989345509893455,0.0806697108066971,0.0684931506849315
25,0.16545893719806765,0.1461352657004831,0.08695652173913043,0.0640096618357488,0.09420289855072464,0.0748792270531401,0.06038647342995169,0.08454106280193237,0.16666666666666666,0.05676328502415459
26,0.2057347670250896,0.08745519713261649,0.03512544802867384,0.10752688172043011,0.13691756272401434,0.12688172043010754,0.05591397849462366,0.07813620071684588,0.08100358422939068,0.08530465949820788
27,0.10508182601205857,0.12747631352282515,0.11714039621016366,0.0913006029285099,0.06459948320413436,0.04995693367786391,0.06287683031869079,0.12489233419465978,0.12144702842377261,0.13522825150732126
28,0.0842911877394636,0.10855683269476372,0.05874840357598978,0.06385696040868455,0.07279693486590039,0.09578544061302682,0.06896551724137931,0.06130268199233716,0.09450830140485313,0.29118773946360155
29,0.1602564102564103,0.08440170940170942,0.06623931623931625,0.06623931623931625,0.12500000000000003,0.07585470085470086,0.16132478632478636,0.07585470085470086,0.05876068376068377,0.1260683760683761
30,0.050605060506050605,0.19471947194719472,0.0847084708470847,0.0924092409240924,0.0539053905390539,0.2079207920792079,0.12981298129812982,0.0627062706270627,0.07260726072607261,0.050605060506050605
31,0.1282828282828283,0.0888888888888889,0.07272727272727274,0.13939393939393943,0.09494949494949496,0.07373737373737375,0.1080808080808081,0.07979797979797981,0.098989898989899,0.11515151515151517
32,0.08823529411764706,0.10130718954248366,0.18845315904139434,0.09803921568627451,0.06862745098039216,0.08823529411764706,0.07734204793028322,0.12309368191721133,0.0664488017429194,0.10021786492374728
33,0.08006535947712418,0.10947712418300654,0.07352941176470588,0.07679738562091504,0.08169934640522876,0.20915032679738563,0.08823529411764706,0.08333333333333333,0.10294117647058823,0.09477124183006536
34,0.11646586345381524,0.17135207496653276,0.08032128514056223,0.08567603748326638,0.07764390896921015,0.08299866131191432,0.07496653279785809,0.10843373493975901,0.12717536813922353,0.07496653279785809
35,0.0685045948203843,0.0760233918128655,0.04928989139515456,0.10860484544695072,0.0685045948203843,0.27568922305764415,0.04511278195488722,0.09690893901420218,0.0760233918128655,0.13533834586466167
36,0.11695906432748537,0.09502923976608187,0.07748538011695906,0.0804093567251462,0.14619883040935672,0.06578947368421052,0.11695906432748537,0.1111111111111111,0.1067251461988304,0.08333333333333333
37,0.12462462462462462,0.06756756756756757,0.0945945945945946,0.08408408408408409,0.0915915915915916,0.17117117117117117,0.06906906906906907,0.11861861861861862,0.08258258258258258,0.0960960960960961
38,0.11764705882352942,0.0758169934640523,0.07712418300653597,0.09281045751633989,0.10326797385620916,0.10980392156862746,0.1019607843137255,0.09150326797385622,0.07189542483660132,0.1581699346405229
39,0.06461780929866036,0.07249802994483845,0.09298660362490149,0.13711583924349882,0.05279747832939322,0.1016548463356974,0.09535066981875492,0.10874704491725769,0.08353033884948778,0.19070133963750985
40,0.08538011695906433,0.0935672514619883,0.14385964912280702,0.08771929824561403,0.08654970760233918,0.1064327485380117,0.10526315789473684,0.07953216374269007,0.06549707602339182,0.14619883040935672
41,0.1639344262295082,0.049635701275045546,0.098816029143898,0.10610200364298726,0.05646630236794172,0.12978142076502736,0.05145719489981786,0.0842440801457195,0.07103825136612023,0.18852459016393444
42,0.07885304659498209,0.059737156511350066,0.14217443249701317,0.19115890083632023,0.08363201911589009,0.07048984468339309,0.1780167264038232,0.057347670250896064,0.05376344086021506,0.0848267622461171
43,0.08862433862433862,0.10185185185185185,0.06613756613756613,0.06746031746031746,0.10052910052910052,0.08994708994708994,0.19973544973544974,0.07142857142857142,0.07671957671957672,0.13756613756613756
44,0.06375227686703099,0.054644808743169404,0.0801457194899818,0.22859744990892536,0.2194899817850638,0.05737704918032788,0.05373406193078325,0.061020036429872505,0.07741347905282332,0.10382513661202188
45,0.10666666666666667,0.11911111111111111,0.04533333333333334,0.128,0.049777777777777775,0.0791111111111111,0.0791111111111111,0.04711111111111111,0.08533333333333333,0.2604444444444444
46,0.12037037037037036,0.07275132275132275,0.06613756613756613,0.07804232804232804,0.08465608465608465,0.14417989417989419,0.08333333333333333,0.10317460317460317,0.08994708994708994,0.1574074074074074
47,0.055055055055055056,0.062062062062062065,0.12812812812812813,0.08708708708708708,0.0920920920920921,0.07107107107107107,0.08208208208208208,0.14914914914914915,0.18518518518518517,0.08808808808808809
48,0.13143631436314362,0.12059620596205962,0.07588075880758807,0.08130081300813008,0.08536585365853659,0.1043360433604336,0.1070460704607046,0.07994579945799458,0.07723577235772358,0.13685636856368563
49,0.17329255861365953,0.05606523955147808,0.09480122324159021,0.05606523955147808,0.07543323139653414,0.0835881753312946,0.07849133537206932,0.1396534148827727,0.0998980632008155,0.14271151885830785
50,0.08838383838383838,0.059343434343434344,0.10227272727272728,0.05808080808080808,0.07449494949494949,0.12626262626262627,0.1919191919191919,0.0707070707070707,0.05808080808080808,0.17045454545454544
51,0.14711359404096838,0.04593420235878337,0.10242085661080076,0.07262569832402237,0.07324643078833025,0.08379888268156425,0.08752327746741156,0.13283674736188705,0.08379888268156425,0.17070142768466792
52,0.1607565011820331,0.1111111111111111,0.07565011820330969,0.06619385342789598,0.061465721040189124,0.11702127659574468,0.06028368794326241,0.08156028368794327,0.10283687943262411,0.16312056737588654
53,0.11500974658869396,0.06042884990253412,0.08674463937621833,0.12865497076023394,0.052631578947368425,0.07309941520467837,0.0760233918128655,0.051656920077972714,0.29044834307992207,0.06530214424951268
54,0.08249158249158249,0.08080808080808081,0.11952861952861953,0.13468013468013468,0.09090909090909091,0.09090909090909091,0.07575757575757576,0.08922558922558922,0.14814814814814814,0.08754208754208755
55,0.13137665967854648,0.04472396925227114,0.055904961565338925,0.07477288609364081,0.07617051013277429,0.04612159329140461,0.04612159329140461,0.06568832983927324,0.07826694619147449,0.3808525506638714
56,0.08651399491094147,0.08481764206955046,0.05937234944868533,0.08736217133163698,0.08057675996607294,0.13401187446988974,0.08057675996607294,0.07124681933842239,0.15521628498727735,0.16030534351145037
57,0.07700770077007703,0.08360836083608363,0.05940594059405941,0.3003300330033004,0.06930693069306933,0.10451045104510452,0.07590759075907592,0.08690869086908692,0.05830583058305831,0.08470847084708472
58,0.11961451247165533,0.05215419501133787,0.19671201814058956,0.07199546485260772,0.05442176870748299,0.04308390022675737,0.11054421768707483,0.10260770975056689,0.07482993197278912,0.17403628117913833
59,0.06844444444444445,0.13066666666666665,0.11466666666666667,0.09244444444444444,0.08,0.06311111111111112,0.104,0.08088888888888889,0.11733333333333333,0.14844444444444443
60,0.15802469135802466,0.08641975308641973,0.058024691358024676,0.07160493827160493,0.06049382716049381,0.06419753086419752,0.09012345679012344,0.0839506172839506,0.10246913580246911,0.2246913580246913
61,0.12307692307692308,0.09230769230769231,0.10256410256410256,0.07692307692307693,0.13162393162393163,0.07692307692307693,0.10085470085470086,0.08034188034188035,0.07692307692307693,0.13846153846153847
62,0.11111111111111112,0.11542610571736786,0.06256742179072278,0.16504854368932043,0.08090614886731393,0.07227615965480044,0.05933117583603021,0.10679611650485438,0.12944983818770228,0.09708737864077671
63,0.17712418300653598,0.11307189542483662,0.03333333333333334,0.03202614379084968,0.03594771241830066,0.07124183006535949,0.058169934640522884,0.30000000000000004,0.07973856209150328,0.09934640522875818
64,0.11973180076628352,0.07758620689655173,0.05938697318007663,0.06513409961685823,0.06226053639846743,0.08620689655172414,0.05842911877394636,0.18773946360153257,0.09961685823754789,0.1839080459770115
65,0.08450704225352113,0.11424100156494522,0.13458528951486698,0.07042253521126761,0.07355242566510173,0.13615023474178403,0.08763693270735524,0.09076682316118936,0.07668231611893583,0.13145539906103287
66,0.1362962962962963,0.08,0.0725925925925926,0.0874074074074074,0.0874074074074074,0.07703703703703704,0.09481481481481481,0.09925925925925926,0.1511111111111111,0.11407407407407408
67,0.1022727272727273,0.11994949494949497,0.07323232323232325,0.07575757575757577,0.06060606060606062,0.11111111111111113,0.11994949494949497,0.0782828282828283,0.10479797979797982,0.15404040404040406
68,0.1111111111111111,0.1700960219478738,0.06995884773662552,0.06172839506172839,0.09465020576131687,0.10013717421124829,0.09602194787379972,0.0877914951989026,0.06858710562414266,0.13991769547325103
69,0.10121012101210121,0.1419141914191419,0.066006600660066,0.14631463146314633,0.09570957095709572,0.1001100110011001,0.08690869086908691,0.06490649064906491,0.11771177117711772,0.07920792079207921
70,0.03703703703703704,0.13002364066193856,0.24271079590228528,0.09456264775413713,0.04334121355397952,0.13002364066193856,0.08274231678486998,0.10953506698187551,0.07643814026792752,0.05358550039401104
71,0.10015649452269171,0.10485133020344288,0.07668231611893583,0.08450704225352113,0.09702660406885759,0.1267605633802817,0.08294209702660407,0.08607198748043818,0.11424100156494522,0.1267605633802817
72,0.11515151515151516,0.08686868686868687,0.0898989898989899,0.06161616161616162,0.1686868686868687,0.09393939393939393,0.09393939393939393,0.12424242424242424,0.10101010101010101,0.06464646464646465
73,0.3524173027989822,0.12425784563189143,0.0810008481764207,0.07167090754877015,0.027989821882951654,0.0737913486005089,0.03816793893129771,0.06700593723494487,0.04071246819338423,0.12298558100084818
74,0.06310013717421124,0.13168724279835392,0.07818930041152264,0.08093278463648834,0.06995884773662552,0.09602194787379972,0.06310013717421124,0.06995884773662552,0.2716049382716049,0.07544581618655692
75,0.11293260473588343,0.04553734061930783,0.2103825136612022,0.05191256830601093,0.05737704918032787,0.1302367941712204,0.12112932604735883,0.09562841530054644,0.05191256830601093,0.12295081967213115
76,0.10015649452269171,0.11267605633802817,0.081377151799687,0.08607198748043818,0.09233176838810642,0.13302034428794993,0.09702660406885759,0.0892018779342723,0.10172143974960876,0.10641627543035993
77,0.1037037037037037,0.053703703703703705,0.09691358024691359,0.17777777777777778,0.17037037037037037,0.04197530864197531,0.1425925925925926,0.07407407407407407,0.08024691358024691,0.05864197530864197
78,0.15873015873015872,0.06349206349206349,0.08035714285714286,0.07936507936507936,0.06448412698412699,0.08134920634920635,0.07242063492063493,0.15873015873015872,0.13194444444444445,0.10912698412698413
79,0.18360433604336043,0.13211382113821138,0.0521680216802168,0.048102981029810296,0.09417344173441734,0.056910569105691054,0.06436314363143632,0.11653116531165311,0.08197831978319783,0.17005420054200543
80,0.10348583877995643,0.12745098039215685,0.07298474945533769,0.09041394335511982,0.06427015250544663,0.06971677559912855,0.08823529411764706,0.10893246187363835,0.18736383442265794,0.08714596949891068
81,0.07683215130023642,0.16666666666666669,0.13002364066193856,0.056737588652482275,0.07092198581560286,0.08983451536643028,0.059101654846335706,0.1170212765957447,0.16666666666666669,0.066193853427896
82,0.06209150326797386,0.08061002178649238,0.07407407407407407,0.12636165577342048,0.09694989106753812,0.0915032679738562,0.1318082788671024,0.10675381263616558,0.0860566448801743,0.1437908496732026
83,0.09523809523809523,0.1889400921658986,0.06758832565284179,0.0931899641577061,0.06093189964157706,0.0890937019969278,0.15053763440860216,0.11162314388120839,0.0629800307219662,0.07987711213517665
84,0.16137566137566137,0.11552028218694885,0.1128747795414462,0.07142857142857142,0.06613756613756613,0.08024691358024691,0.05114638447971781,0.09347442680776014,0.1419753086419753,0.10582010582010581
85,0.1162037037037037,0.13194444444444445,0.08287037037037037,0.13287037037037036,0.06620370370370371,0.09444444444444444,0.09398148148148149,0.07685185185185185,0.11666666666666667,0.08796296296296297
86,0.11460151250727167,0.06108202443280977,0.035485747527632346,0.03432228039557882,0.062245491564863295,0.051774287376381616,0.034904013961605584,0.3856893542757417,0.1227457824316463,0.09714950552646888
87,0.06225680933852141,0.11543450064850845,0.27107652399481197,0.031128404669260704,0.10073497622135756,0.12667531344574148,0.13316039775183747,0.051880674448767844,0.038045827929096415,0.06960657155209686
88,0.09163802978235967,0.15693012600229095,0.07445589919816724,0.0882016036655212,0.11798396334478808,0.12371134020618557,0.12485681557846506,0.06758304696449026,0.053837342497136315,0.10080183276059565
89,0.08049886621315194,0.12585034013605445,0.0634920634920635,0.1179138321995465,0.051020408163265314,0.11678004535147393,0.163265306122449,0.054421768707483,0.1723356009070295,0.054421768707483
90,0.09138724523339908,0.11505588428665352,0.047337278106508875,0.07166337935568705,0.07955292570677186,0.26364234056541747,0.06837606837606838,0.05917159763313609,0.06903353057199212,0.13477975016436555
91,0.0873015873015873,0.08412698412698413,0.08253968253968254,0.08888888888888889,0.0761904761904762,0.10793650793650794,0.10317460317460317,0.0873015873015873,0.13968253968253969,0.14285714285714285
92,0.08382759984183472,0.06326611308817714,0.0992487149070779,0.04468169236852511,0.0660340055357849,0.08105970739422697,0.06840648477659154,0.2870699881376038,0.02491103202846975,0.18149466192170818
93,0.1145124716553288,0.09523809523809523,0.05668934240362812,0.060090702947845805,0.11224489795918367,0.05102040816326531,0.061224489795918366,0.1961451247165533,0.15079365079365079,0.10204081632653061
94,0.08958333333333333,0.18333333333333332,0.04097222222222222,0.1701388888888889,0.09444444444444444,0.10208333333333333,0.13125,0.07083333333333333,0.0375,0.0798611111111111
95,0.18978374347501864,0.10775540641312453,0.027591349739000747,0.07829977628635347,0.07680835197613721,0.040268456375838924,0.029455630126771066,0.1476510067114094,0.04548844146159582,0.2568978374347502
96,0.12525252525252525,0.08787878787878788,0.07676767676767676,0.07676767676767676,0.06363636363636363,0.05757575757575758,0.13333333333333333,0.07474747474747474,0.15555555555555556,0.1484848484848485
97,0.1111111111111111,0.10598290598290598,0.08376068376068375,0.09914529914529914,0.09914529914529914,0.09230769230769231,0.11794871794871795,0.08547008547008547,0.08376068376068375,0.12136752136752137
98,0.11648745519713259,0.06451612903225805,0.0689964157706093,0.09139784946236558,0.1236559139784946,0.08781362007168457,0.060035842293906794,0.13888888888888887,0.17204301075268816,0.07616487455197131
99,0.0912280701754386,0.09239766081871345,0.0783625730994152,0.06549707602339182,0.05380116959064327,0.10175438596491228,0.14502923976608187,0.06900584795321638,0.08654970760233918,0.21637426900584794
100,0.12500000000000003,0.11882716049382717,0.08487654320987656,0.11419753086419754,0.0771604938271605,0.11265432098765434,0.0771604938271605,0.08950617283950618,0.1064814814814815,0.09413580246913582
101,0.1041041041041041,0.06506506506506507,0.07307307307307308,0.13013013013013014,0.13113113113113112,0.07307307307307308,0.07807807807807808,0.15215215215215216,0.09009009009009009,0.1031031031031031
102,0.21422222222222223,0.04888888888888889,0.09333333333333334,0.04622222222222222,0.05422222222222222,0.16977777777777778,0.048,0.06488888888888888,0.0951111111111111,0.16533333333333333
103,0.20309653916211295,0.05737704918032788,0.06648451730418944,0.06648451730418944,0.08652094717668489,0.05191256830601094,0.08743169398907105,0.13661202185792354,0.1074681238615665,0.13661202185792354
104,0.10666666666666667,0.08666666666666667,0.06333333333333334,0.13333333333333333,0.1711111111111111,0.07333333333333333,0.10222222222222223,0.057777777777777775,0.057777777777777775,0.14777777777777779
105,0.08771929824561404,0.16374269005847955,0.08187134502923978,0.10526315789473686,0.07894736842105264,0.08918128654970761,0.0760233918128655,0.10087719298245616,0.09210526315789475,0.12426900584795324
106,0.14339981006647673,0.0778727445394112,0.08072174738841406,0.10731244064577398,0.07692307692307693,0.16334283000949668,0.08831908831908832,0.07692307692307693,0.07407407407407407,0.1111111111111111
107,0.09803921568627451,0.09477124183006536,0.0784313725490196,0.09477124183006536,0.1111111111111111,0.08169934640522876,0.1503267973856209,0.09803921568627451,0.119281045751634,0.07352941176470588
108,0.10217113665389528,0.06768837803320563,0.07790549169859515,0.12388250319284802,0.070242656449553,0.21711366538952745,0.05747126436781609,0.06768837803320563,0.11877394636015326,0.0970625798212005
109,0.1256218905472637,0.042703150912106136,0.0439469320066335,0.16666666666666666,0.1961028192371476,0.052653399668325045,0.05721393034825871,0.06840796019900497,0.08582089552238806,0.16086235489220563
110,0.16131687242798354,0.09218106995884774,0.056790123456790124,0.09300411522633745,0.06419753086419754,0.20658436213991768,0.09300411522633745,0.048559670781893,0.06995884773662552,0.11440329218106995
111,0.08579465541490858,0.07524613220815753,0.07172995780590717,0.19268635724331926,0.07383966244725738,0.13853727144866385,0.2348804500703235,0.04430379746835443,0.040787623066104076,0.04219409282700422
112,0.13908313908313907,0.06526806526806526,0.0644910644910645,0.06837606837606838,0.03807303807303807,0.10101010101010101,0.06371406371406371,0.09168609168609168,0.0979020979020979,0.2703962703962704
113,0.13113113113113112,0.14214214214214213,0.11311311311311312,0.06106106106106106,0.05205205205205205,0.06506506506506507,0.1021021021021021,0.04704704704704705,0.15015015015015015,0.13613613613613615
114,0.11208576998050682,0.08576998050682261,0.06725146198830409,0.26705653021442494,0.10916179337231968,0.07212475633528265,0.05360623781676413,0.07992202729044834,0.07115009746588694,0.08187134502923976
115,0.07082779991146525,0.03939796370075255,0.23992917220008853,0.08233731739707835,0.11598052235502435,0.029659141212926073,0.06861443116423196,0.1828242585214697,0.09473218238158478,0.07569721115537849
116,0.08925318761384333,0.09289617486338797,0.09653916211293258,0.09107468123861565,0.1293260473588342,0.0837887067395264,0.0837887067395264,0.09471766848816027,0.15664845173041891,0.08196721311475408
117,0.11695906432748537,0.04093567251461988,0.1060985797827903,0.03926482873851295,0.047619047619047616,0.06766917293233082,0.06683375104427736,0.15622389306599832,0.11695906432748537,0.24143692564745195
118,0.11052937754508435,0.08027923211169284,0.1111111111111111,0.089586969168121,0.11227457824316463,0.07446189645142524,0.04653868528214078,0.13903432228039558,0.1157649796393252,0.12041884816753927
119,0.07032348804500703,0.09423347398030943,0.06469760900140648,0.0759493670886076,0.06891701828410689,0.14767932489451477,0.09282700421940929,0.10407876230661041,0.07454289732770746,0.20675105485232068
120,0.16595441595441593,0.07122507122507121,0.03846153846153846,0.09615384615384613,0.04558404558404558,0.13960113960113957,0.07549857549857548,0.07977207977207976,0.12535612535612534,0.16239316239316237
121,0.14634146341463414,0.07452574525745258,0.06775067750677506,0.08536585365853659,0.12737127371273713,0.07452574525745258,0.1070460704607046,0.10298102981029811,0.08943089430894309,0.12466124661246612
122,0.13742690058479534,0.06871345029239767,0.09210526315789475,0.09649122807017545,0.07017543859649124,0.152046783625731,0.09210526315789475,0.08040935672514621,0.10087719298245615,0.10964912280701755
123,0.09829059829059829,0.08974358974358974,0.2564102564102564,0.053418803418803416,0.08012820512820513,0.053418803418803416,0.07264957264957266,0.0876068376068376,0.09294871794871795,0.11538461538461539
124,0.08444444444444445,0.07777777777777778,0.06666666666666667,0.09259259259259259,0.03851851851851852,0.21555555555555556,0.09111111111111111,0.08962962962962963,0.1111111111111111,0.1325925925925926
125,0.08888888888888889,0.09583333333333334,0.08194444444444444,0.09861111111111111,0.08333333333333333,0.14583333333333334,0.10833333333333334,0.12083333333333333,0.0875,0.08888888888888889
126,0.0706425275115371,0.029463968761093362,0.03194888178913738,0.1235356762513312,0.07809726659566915,0.09442669506567271,0.03052893148739794,0.38374156904508344,0.05289314873979411,0.10472133475328363
127,0.1693548387096774,0.042114695340501794,0.10842293906810035,0.05555555555555555,0.06093189964157706,0.08154121863799284,0.09498207885304659,0.14336917562724014,0.17383512544802868,0.06989247311827956
128,0.06473429951690822,0.085024154589372,0.09371980676328504,0.09178743961352659,0.05797101449275363,0.10724637681159421,0.058937198067632854,0.0676328502415459,0.15555555555555559,0.2173913043478261
129,0.10888888888888888,0.06444444444444444,0.07888888888888888,0.06777777777777778,0.1111111111111111,0.08,0.07333333333333333,0.13666666666666666,0.09111111111111111,0.18777777777777777
130,0.075,0.07083333333333333,0.15833333333333333,0.10555555555555556,0.07083333333333333,0.06944444444444445,0.10972222222222222,0.10833333333333334,0.09166666666666666,0.14027777777777778
131,0.06756756756756759,0.11561561561561563,0.13813813813813816,0.09459459459459461,0.07207207207207209,0.12462462462462463,0.12762762762762767,0.07057057057057059,0.09909909909909911,0.0900900900900901
132,0.10331384015594543,0.12670565302144252,0.18079922027290452,0.07894736842105264,0.07846003898635479,0.0419103313840156,0.06042884990253412,0.09990253411306044,0.05409356725146199,0.1754385964912281
133,0.1453551912568306,0.18469945355191256,0.05136612021857923,0.0273224043715847,0.07030965391621129,0.13588342440801457,0.10309653916211294,0.05027322404371585,0.05792349726775956,0.1737704918032787
134,0.13168724279835392,0.11213991769547325,0.07304526748971193,0.09362139917695474,0.12654320987654322,0.13477366255144033,0.06584362139917696,0.08539094650205761,0.05864197530864197,0.1183127572016461
135,0.05664488017429194,0.06535947712418301,0.054466230936819175,0.12309368191721133,0.09368191721132897,0.11328976034858387,0.0718954248366013,0.12962962962962962,0.1514161220043573,0.14052287581699346
136,0.11272141706924316,0.10950080515297907,0.08695652173913043,0.10789049919484701,0.07890499194847021,0.1288244766505636,0.09339774557165861,0.10466988727858294,0.08695652173913043,0.09017713365539452
137,0.08888888888888889,0.08518518518518518,0.08888888888888889,0.09814814814814815,0.08333333333333333,0.1,0.08888888888888889,0.10185185185185185,0.1,0.1648148148148148
138,0.0983397190293742,0.06385696040868455,0.06002554278416347,0.11749680715197956,0.09067688378033206,0.06896551724137931,0.06130268199233716,0.0970625798212005,0.25798212005108556,0.0842911877394636
139,0.05636070853462158,0.10628019323671498,0.11996779388083736,0.04911433172302738,0.08051529790660225,0.07326892109500806,0.07085346215780998,0.16586151368760063,0.21900161030595813,0.05877616747181964
140,0.06634692246203037,0.0759392486011191,0.10231814548361311,0.0495603517186251,0.07434052757793765,0.04876099120703437,0.04876099120703437,0.08713029576338929,0.328537170263789,0.11830535571542766
141,0.17908496732026144,0.1084967320261438,0.08366013071895424,0.09803921568627451,0.06797385620915032,0.07450980392156863,0.07058823529411765,0.1411764705882353,0.08496732026143791,0.0915032679738562
142,0.24584717607973422,0.026578073089700997,0.031746031746031744,0.1554078995939461,0.11960132890365449,0.06312292358803986,0.04245108896271687,0.22702104097452935,0.05167958656330749,0.036544850498338874
143,0.3225458468176915,0.07874865156418555,0.03344120819848975,0.04422869471413161,0.08036677454153182,0.09115426105717368,0.05016181229773463,0.03398058252427184,0.06580366774541532,0.19956850053937433
144,0.036084315827081104,0.3972847445516256,0.059664165773490534,0.032868881743479815,0.055734190782422297,0.06145051804215791,0.05930689531975706,0.15076813147552698,0.09860664523043944,0.04823151125401929
145,0.2526115859449193,0.11490978157644824,0.06647673314339982,0.05982905982905983,0.06172839506172839,0.07407407407407407,0.08831908831908832,0.11585944919278253,0.07597340930674264,0.09021842355175688
146,0.09498207885304659,0.08064516129032258,0.08064516129032258,0.1774193548387097,0.0967741935483871,0.1039426523297491,0.08064516129032258,0.0967741935483871,0.10752688172043011,0.08064516129032258
147,0.10510510510510511,0.13041613041613043,0.06048906048906049,0.17331617331617333,0.03003003003003003,0.0489060489060489,0.16216216216216217,0.10124410124410124,0.09952809952809953,0.0888030888030888
148,0.10292397660818714,0.06432748538011696,0.09473684210526316,0.07368421052631578,0.07368421052631578,0.06900584795321638,0.06315789473684211,0.06432748538011696,0.12514619883040937,0.26900584795321636
149,0.14893617021276595,0.10283687943262411,0.054373522458628844,0.12293144208037825,0.11938534278959811,0.15130023640661938,0.07210401891252956,0.0768321513002364,0.08747044917257683,0.06382978723404255
150,0.08854166666666667,0.09895833333333333,0.078125,0.11458333333333333,0.09027777777777778,0.11979166666666667,0.13194444444444445,0.09375,0.09375,0.09027777777777778
151,0.10990338164251208,0.04770531400966183,0.14915458937198067,0.059178743961352656,0.041666666666666664,0.08272946859903382,0.10446859903381643,0.22644927536231885,0.07185990338164251,0.1068840579710145
152,0.08763693270735524,0.0892018779342723,0.07198748043818466,0.07981220657276995,0.12832550860719874,0.13145539906103287,0.07198748043818466,0.08294209702660407,0.08450704225352113,0.17214397496087636
153,0.09988776655443324,0.05723905723905725,0.06734006734006735,0.12121212121212123,0.19977553310886648,0.05274971941638609,0.1346801346801347,0.09203142536475871,0.07856341189674525,0.09652076318742987
154,0.1145617667356798,0.04761904761904763,0.052449965493443766,0.12215320910973088,0.0717736369910283,0.10904071773636993,0.10697032436162873,0.20565907522429266,0.04347826086956522,0.12629399585921328
155,0.12698412698412698,0.09603174603174604,0.06349206349206349,0.12936507936507938,0.13095238095238096,0.11349206349206349,0.05317460317460317,0.1111111111111111,0.09365079365079365,0.08174603174603175
156,0.46544482626956857,0.062237495227185954,0.06681939671630395,0.03245513554791906,0.04047346315387553,0.04009163802978237,0.048491790759832,0.04810996563573884,0.060710194730813294,0.13516609392898055
157,0.2176199868507561,0.0641025641025641,0.044707429322813935,0.03353057199211045,0.03517422748191979,0.030900723208415515,0.07856673241288625,0.2955292570677186,0.12787639710716633,0.07199211045364892
158,0.08656330749354003,0.08656330749354003,0.08397932816537466,0.13436692506459946,0.0994832041343669,0.07751937984496123,0.09819121447028421,0.08914728682170542,0.12790697674418602,0.11627906976744183
159,0.06332138590203108,0.0776583034647551,0.06451612903225808,0.12186379928315413,0.0896057347670251,0.20191158900836323,0.12783751493428916,0.059737156511350066,0.13022700119474315,0.06332138590203108
160,0.062421972534332085,0.08489388264669163,0.15106117353308365,0.06491885143570537,0.09987515605493133,0.11610486891385768,0.19350811485642946,0.08863920099875156,0.07615480649188515,0.062421972534332085
161,0.0718294051627385,0.20987654320987653,0.06172839506172839,0.09090909090909091,0.10662177328843996,0.0718294051627385,0.19865319865319866,0.06285072951739619,0.0707070707070707,0.05499438832772166
162,0.13801169590643275,0.09005847953216374,0.07134502923976609,0.06432748538011696,0.06783625730994151,0.11461988304093568,0.07368421052631578,0.06666666666666667,0.21403508771929824,0.09941520467836257
163,0.10202020202020202,0.08888888888888889,0.08585858585858586,0.12323232323232323,0.09797979797979799,0.07272727272727272,0.1191919191919192,0.05757575757575758,0.14545454545454545,0.10707070707070707
164,0.056074766355140186,0.10903426791277258,0.05088265835929388,0.08826583592938733,0.07684319833852545,0.16303219106957426,0.05399792315680166,0.09865005192107996,0.23260643821391486,0.07061266874350987
165,0.0696969696969697,0.09292929292929293,0.10202020202020202,0.06161616161616162,0.09696969696969697,0.09494949494949495,0.05555555555555555,0.09696969696969697,0.16565656565656567,0.16363636363636364
166,0.11,0.12,0.08,0.056666666666666664,0.10444444444444445,0.07111111111111111,0.11666666666666667,0.12555555555555556,0.07888888888888888,0.13666666666666666
167,0.0729847494553377,0.06644880174291941,0.09477124183006537,0.16013071895424838,0.0925925925925926,0.11764705882352942,0.06318082788671026,0.11328976034858389,0.13071895424836605,0.08823529411764708
168,0.0751173708920188,0.043035993740219096,0.21048513302034433,0.04225352112676057,0.08998435054773084,0.0751173708920188,0.1854460093896714,0.09780907668231613,0.0672926447574335,0.11345852895148671
169,0.07777777777777779,0.12142857142857144,0.15555555555555559,0.07301587301587303,0.0650793650793651,0.0896825396825397,0.19920634920634922,0.10714285714285715,0.07301587301587303,0.038095238095238106
170,0.08010335917312661,0.1434108527131783,0.07364341085271318,0.1111111111111111,0.09431524547803617,0.09948320413436693,0.11627906976744186,0.07364341085271318,0.06976744186046512,0.13824289405684753
171,0.15343915343915346,0.09312169312169313,0.06560846560846562,0.12380952380952383,0.17460317460317462,0.05925925925925927,0.06243386243386244,0.11111111111111112,0.07619047619047621,0.08042328042328044
172,0.1420217209690894,0.23809523809523814,0.06766917293233084,0.07268170426065164,0.08521303258145364,0.05012531328320803,0.05012531328320803,0.12865497076023394,0.05931495405179617,0.10609857978279033
173,0.05967078189300413,0.1738683127572017,0.1255144032921811,0.04938271604938273,0.12860082304526751,0.06790123456790124,0.17283950617283952,0.12139917695473254,0.05349794238683129,0.04732510288065845
174,0.0672514619883041,0.17446393762183238,0.08869395711500976,0.12768031189083823,0.07115009746588695,0.06530214424951268,0.17056530214424953,0.0760233918128655,0.06920077972709553,0.08966861598440547
175,0.07692307692307693,0.11870845204178537,0.08072174738841406,0.14150047483380818,0.1120607787274454,0.1396011396011396,0.04938271604938271,0.08452041785375118,0.09781576448243115,0.09876543209876543
176,0.1002710027100271,0.13821138211382114,0.06775067750677506,0.07994579945799458,0.11382113821138211,0.09078590785907859,0.13279132791327913,0.09078590785907859,0.11382113821138211,0.07181571815718157
177,0.08062930186823992,0.0727630285152409,0.10029498525073746,0.07177974434611603,0.0855457227138643,0.22910521140609635,0.10422812192723697,0.10422812192723697,0.07669616519174041,0.07472959685349066
178,0.10018214936247723,0.17122040072859745,0.07377049180327869,0.08743169398907104,0.13387978142076504,0.09836065573770492,0.07377049180327869,0.09380692167577413,0.056466302367941715,0.1111111111111111
179,0.058823529411764705,0.06535947712418301,0.12026143790849673,0.08235294117647059,0.09411764705882353,0.06535947712418301,0.265359477124183,0.08104575163398693,0.08496732026143791,0.08235294117647059
180,0.09347442680776014,0.10052910052910052,0.08112874779541446,0.08289241622574955,0.08465608465608465,0.10934744268077601,0.13756613756613756,0.10758377425044091,0.09700176366843033,0.10582010582010581
181,0.07468123861566485,0.08014571948998178,0.25956284153005466,0.04735883424408015,0.08743169398907104,0.075591985428051,0.08925318761384335,0.10746812386156648,0.06648451730418943,0.11202185792349727
182,0.08257437765634487,0.06071645415907711,0.11293260473588343,0.08986035215543413,0.04978749241044323,0.11171827565270188,0.04978749241044323,0.13782635094110504,0.1092896174863388,0.1955069823922283
183,0.06559571619812583,0.07630522088353414,0.12182061579651941,0.12985274431057564,0.07362784471218206,0.12985274431057564,0.15261044176706828,0.0856760374832664,0.10174029451137885,0.06291834002677377
184,0.08771929824561402,0.10916179337231965,0.09161793372319686,0.09161793372319686,0.09746588693957112,0.10136452241715396,0.11111111111111108,0.08771929824561402,0.08771929824561402,0.13450292397660815
185,0.03743961352657005,0.07306763285024155,0.3321256038647343,0.06159420289855073,0.13103864734299517,0.10144927536231885,0.04770531400966183,0.03321256038647343,0.05495169082125604,0.12741545893719808
186,0.06280193236714976,0.13405797101449277,0.07004830917874397,0.14251207729468598,0.14371980676328502,0.08333333333333333,0.10869565217391304,0.10144927536231885,0.0966183574879227,0.05676328502415459
187,0.07590759075907591,0.0704070407040704,0.0858085808580858,0.1111111111111111,0.050605060506050605,0.18371837183718373,0.07590759075907591,0.16501650165016502,0.0814081408140814,0.1001100110011001
188,0.07042253521126762,0.09076682316118938,0.09076682316118938,0.07981220657276997,0.12519561815336466,0.07355242566510174,0.08294209702660409,0.08607198748043819,0.1830985915492958,0.11737089201877936
189,0.09876543209876543,0.09876543209876543,0.0539311241065627,0.10136452241715399,0.24951267056530213,0.10136452241715399,0.08641975308641975,0.07732293697205977,0.057179987004548405,0.07537361923326835
190,0.12234706616729088,0.08863920099875156,0.09113607990012484,0.05867665418227216,0.21722846441947566,0.0749063670411985,0.05867665418227216,0.13358302122347065,0.08863920099875156,0.066167290886392
191,0.15568475452196381,0.17054263565891473,0.05103359173126615,0.11434108527131782,0.09689922480620156,0.04263565891472868,0.1111111111111111,0.09754521963824289,0.10271317829457365,0.05749354005167959
192,0.1259259259259259,0.12,0.12,0.09037037037037036,0.07407407407407407,0.08148148148148149,0.10962962962962963,0.0962962962962963,0.08592592592592592,0.0962962962962963
193,0.24841915085817526,0.07046070460704607,0.13640469738030714,0.07317073170731707,0.06142728093947606,0.06052393857271906,0.07407407407407407,0.07949412827461608,0.0966576332429991,0.0993676603432701
194,0.09851088201603665,0.09621993127147767,0.07674684994272624,0.13058419243986255,0.06071019473081329,0.1134020618556701,0.06643757159221077,0.05956471935853379,0.10882016036655212,0.18900343642611683
195,0.09477124183006533,0.09477124183006533,0.0849673202614379,0.10457516339869279,0.09477124183006533,0.16666666666666663,0.09912854030501086,0.10784313725490194,0.05882352941176469,0.09368191721132896
196,0.06517094017094018,0.09188034188034189,0.1452991452991453,0.1014957264957265,0.07264957264957266,0.1111111111111111,0.08867521367521368,0.12927350427350429,0.08547008547008547,0.10897435897435898
197,0.09375000000000001,0.22916666666666669,0.05555555555555556,0.10763888888888891,0.07870370370370372,0.07060185185185186,0.08796296296296298,0.09837962962962965,0.09375000000000001,0.08449074074074076
198,0.050505050505050504,0.06204906204906205,0.048340548340548344,0.20634920634920634,0.08802308802308802,0.21284271284271283,0.05988455988455989,0.08874458874458875,0.11688311688311688,0.06637806637806638
199,0.0915032679738562,0.03553921568627451,0.36887254901960786,0.03431372549019608,0.03104575163398693,0.060866013071895424,0.13970588235294118,0.0857843137254902,0.027777777777777776,0.12459150326797386
200,0.08333333333333333,0.08333333333333333,0.08333333333333333,0.1,0.08333333333333333,0.08333333333333333,0.2,0.08333333333333333,0.11666666666666667,0.08333333333333333
201,0.12156862745098039,0.06601307189542484,0.09607843137254903,0.07777777777777778,0.06666666666666667,0.03725490196078431,0.0915032679738562,0.11503267973856209,0.11241830065359477,0.21568627450980393
202,0.11490978157644825,0.1016144349477683,0.0626780626780627,0.05698005698005699,0.07692307692307694,0.08926875593542262,0.07882241215574551,0.214624881291548,0.11680911680911682,0.08736942070275405
203,0.0718954248366013,0.08888888888888889,0.0915032679738562,0.09019607843137255,0.14248366013071895,0.07581699346405228,0.12156862745098039,0.09411764705882353,0.09281045751633987,0.13071895424836602
204,0.1091617933723197,0.1686159844054581,0.08089668615984406,0.08966861598440547,0.08187134502923978,0.052631578947368425,0.11306042884990254,0.1345029239766082,0.07115009746588695,0.09844054580896687
205,0.18453541260558803,0.12345679012345678,0.06237816764132553,0.08966861598440545,0.11241065627030539,0.06952566601689408,0.13385315139701104,0.06627680311890838,0.08706952566601689,0.07082521117608837
206,0.14230019493177387,0.10916179337231968,0.03248862897985705,0.04158544509421702,0.04938271604938271,0.07212475633528265,0.07797270955165692,0.09096816114359974,0.27680311890838205,0.10721247563352826
207,0.10333333333333333,0.09333333333333334,0.15,0.13444444444444445,0.08777777777777777,0.06666666666666667,0.09333333333333334,0.07333333333333333,0.08333333333333333,0.11444444444444445
208,0.09217171717171717,0.0845959595959596,0.10353535353535354,0.20075757575757575,0.07323232323232323,0.10606060606060606,0.06060606060606061,0.09722222222222222,0.12373737373737374,0.05808080808080808
209,0.10816777041942606,0.08756438557763062,0.05518763796909493,0.0537159676232524,0.07211184694628404,0.11920529801324505,0.05960264900662252,0.12141280353200884,0.07873436350257544,0.2442972774098602
210,0.0789980732177264,0.21515735388567758,0.08156711624919717,0.19974309569685292,0.06679511881824021,0.10725754656390495,0.05266538214515093,0.10083493898522801,0.04945407835581246,0.047527296082209375
211,0.0691358024691358,0.10246913580246914,0.07901234567901234,0.17901234567901234,0.08395061728395062,0.11234567901234568,0.15555555555555556,0.07407407407407407,0.08888888888888889,0.05555555555555555
212,0.0907859078590786,0.13279132791327916,0.10433604336043362,0.07452574525745259,0.11517615176151763,0.0813008130081301,0.13279132791327916,0.11382113821138212,0.06639566395663958,0.0880758807588076
213,0.0811111111111111,0.06222222222222222,0.08,0.058888888888888886,0.07777777777777778,0.07,0.07777777777777778,0.07,0.2877777777777778,0.13444444444444445
214,0.1271753681392236,0.08032128514056226,0.1137884872824632,0.06559571619812585,0.10441767068273093,0.08701472556894245,0.1178045515394913,0.14859437751004018,0.07630522088353416,0.07898259705488622
215,0.08629989212513485,0.10248112189859762,0.09169363538295577,0.1272923408845739,0.14023732470334413,0.06580366774541532,0.1413160733549083,0.1272923408845739,0.04962243797195254,0.06796116504854369
216,0.06685499058380415,0.07815442561205273,0.3013182674199623,0.05367231638418079,0.05649717514124294,0.05084745762711865,0.12335216572504708,0.08757062146892655,0.05084745762711865,0.13088512241054615
217,0.0897718910963944,0.08609271523178806,0.06475349521707137,0.11626195732155994,0.09713024282560703,0.0662251655629139,0.0426784400294334,0.15894039735099336,0.1832229580573951,0.09492273730684324
218,0.10500610500610501,0.057387057387057384,0.0695970695970696,0.10256410256410256,0.12698412698412698,0.07692307692307693,0.221001221001221,0.10378510378510379,0.07203907203907203,0.06471306471306472
219,0.10694444444444444,0.0763888888888889,0.1388888888888889,0.06944444444444445,0.07777777777777778,0.0763888888888889,0.12222222222222222,0.08194444444444444,0.07361111111111111,0.1763888888888889
220,0.06018518518518518,0.10185185185185185,0.08680555555555555,0.15046296296296297,0.14699074074074073,0.08101851851851852,0.1550925925925926,0.10300925925925926,0.0625,0.052083333333333336
221,0.1430976430976431,0.06565656565656568,0.12542087542087546,0.07575757575757577,0.05976430976430977,0.16161616161616166,0.1927609427609428,0.06481481481481483,0.06481481481481483,0.0462962962962963
222,0.05247918928700688,0.058269996380745565,0.06623235613463627,0.031487513572204126,0.06152732537097358,0.0419833514296055,0.07347086500180963,0.12160694896851248,0.2848353239232718,0.20810712993123417
223,0.11475409836065571,0.07194899817850636,0.07285974499089252,0.07559198542805098,0.11384335154826955,0.05282331511839707,0.046448087431693985,0.046448087431693985,0.2714025500910746,0.133879781420765
224,0.09090909090909091,0.09764309764309764,0.08754208754208755,0.08080808080808081,0.08249158249158249,0.11447811447811448,0.17676767676767677,0.10101010101010101,0.07744107744107744,0.09090909090909091
225,0.12568306010928962,0.1111111111111111,0.08743169398907104,0.10018214936247723,0.10382513661202186,0.10382513661202186,0.0965391621129326,0.08378870673952642,0.10564663023679417,0.08196721311475409
226,0.08611111111111111,0.08333333333333333,0.06805555555555555,0.06944444444444445,0.09027777777777778,0.23333333333333334,0.07083333333333333,0.08472222222222223,0.14444444444444443,0.06944444444444445
227,0.10758377425044091,0.09347442680776014,0.08465608465608465,0.12345679012345678,0.08994708994708994,0.1128747795414462,0.08289241622574955,0.07936507936507936,0.12522045855379188,0.10052910052910052
228,0.07478632478632478,0.15064102564102563,0.07051282051282051,0.05128205128205128,0.1581196581196581,0.07905982905982906,0.0811965811965812,0.11752136752136752,0.1388888888888889,0.07799145299145299
229,0.07275132275132275,0.082010582010582,0.10714285714285714,0.16005291005291006,0.06349206349206349,0.24206349206349206,0.06613756613756613,0.06878306878306878,0.07142857142857142,0.06613756613756613
230,0.10144927536231885,0.07890499194847021,0.10789049919484701,0.07890499194847021,0.11916264090177134,0.19162640901771336,0.09339774557165861,0.07890499194847021,0.07729468599033816,0.07246376811594203
231,0.07744107744107742,0.07575757575757575,0.09259259259259257,0.11784511784511782,0.0808080808080808,0.1515151515151515,0.09427609427609425,0.07575757575757575,0.0909090909090909,0.14309764309764306
232,0.0875,0.0763888888888889,0.07361111111111111,0.06805555555555555,0.08611111111111111,0.2222222222222222,0.06944444444444445,0.1486111111111111,0.08055555555555556,0.0875
233,0.06524547803617571,0.03617571059431524,0.04844961240310078,0.11563307493540052,0.23320413436692505,0.18863049095607234,0.12403100775193798,0.06136950904392765,0.03875968992248062,0.08850129198966408
234,0.1142857142857143,0.09523809523809525,0.10634920634920636,0.07301587301587303,0.07619047619047621,0.07460317460317462,0.10952380952380954,0.09841269841269842,0.1015873015873016,0.1507936507936508
235,0.04987165383204987,0.14338100476714338,0.18921892189218922,0.09460946094609461,0.17748441510817747,0.09497616428309498,0.07554088742207554,0.07334066740007333,0.05353868720205354,0.048038137147048035
236,0.09936766034327012,0.07226738934056008,0.11743450767841013,0.09304426377597111,0.07678410117434509,0.07407407407407408,0.1716350496838302,0.06233062330623307,0.14995483288166217,0.0831074977416441
237,0.21635049683830176,0.0898825654923216,0.19963866305329725,0.030713640469738037,0.12601626016260165,0.07362240289069559,0.06639566395663958,0.0871725383920506,0.04200542005420055,0.06820234869015358
238,0.08068783068783068,0.07407407407407407,0.17195767195767195,0.06084656084656084,0.08862433862433862,0.1283068783068783,0.18915343915343916,0.062169312169312166,0.0701058201058201,0.07407407407407407
239,0.20667581161408322,0.2162780064014632,0.053497942386831275,0.04298125285779607,0.05075445816186557,0.06035665294924554,0.07636031092821216,0.12848651120256058,0.05715592135345222,0.10745313214449016
240,0.07047824523552679,0.09888529306005034,0.04818410643653362,0.06508450197770586,0.13664149586479685,0.07515282272563827,0.06508450197770586,0.36281912980942105,0.02445163610212154,0.05321826681049982
241,0.06093189964157706,0.12425328554360812,0.07526881720430108,0.16845878136200718,0.1015531660692951,0.07168458781362007,0.0931899641577061,0.13620071684587814,0.06690561529271206,0.1015531660692951
242,0.0528673835125448,0.06899641577060932,0.18458781362007168,0.04838709677419355,0.11379928315412187,0.06362007168458782,0.21505376344086022,0.08422939068100359,0.06989247311827956,0.0985663082437276
243,0.08333333333333334,0.12222222222222223,0.12037037037037038,0.08333333333333334,0.08333333333333334,0.0888888888888889,0.13333333333333336,0.09629629629629631,0.10185185185185186,0.08703703703703705
244,0.08555555555555555,0.09333333333333334,0.1,0.11444444444444445,0.0811111111111111,0.09555555555555556,0.15222222222222223,0.09777777777777778,0.11777777777777777,0.06222222222222222
245,0.07142857142857142,0.08253968253968254,0.1365079365079365,0.08095238095238096,0.07142857142857142,0.10634920634920635,0.18412698412698414,0.11428571428571428,0.08095238095238096,0.07142857142857142
246,0.15480649188514356,0.1111111111111111,0.09488139825218476,0.08863920099875156,0.09238451935081149,0.13607990012484394,0.10611735330836454,0.0686641697877653,0.0898876404494382,0.05742821473158552
247,0.12146555157307845,0.11788132218239745,0.0641178813221824,0.13261648745519714,0.11748307447232179,0.10752688172043011,0.019514137793707687,0.11071286340103545,0.05734767025089606,0.1513341298287535
248,0.066167290886392,0.07365792759051186,0.07116104868913857,0.18352059925093633,0.10112359550561797,0.08739076154806492,0.05742821473158552,0.0686641697877653,0.18976279650436953,0.10112359550561797
249,0.15204678362573099,0.1060985797827903,0.0810359231411863,0.13283208020050125,0.11695906432748537,0.1010860484544695,0.11946532999164577,0.07936507936507936,0.06015037593984962,0.050960735171261484
250,0.11522633744855967,0.06310013717421124,0.11248285322359397,0.11248285322359397,0.07133058984910837,0.0644718792866941,0.07681755829903979,0.08093278463648834,0.20713305898491083,0.09602194787379972
251,0.0935672514619883,0.07456140350877193,0.17982456140350878,0.06578947368421052,0.07017543859649122,0.15204678362573099,0.13596491228070176,0.0891812865497076,0.07163742690058479,0.06725146198830409
252,0.10968660968660969,0.09829059829059829,0.09544159544159544,0.0868945868945869,0.09829059829059829,0.14102564102564102,0.09829059829059829,0.0641025641025641,0.0754985754985755,0.13247863247863248
253,0.14897119341563786,0.0831275720164609,0.11440329218106995,0.060905349794238686,0.1440329218106996,0.0823045267489712,0.14156378600823044,0.1094650205761317,0.07160493827160494,0.043621399176954734
254,0.07320261437908498,0.07189542483660132,0.14640522875816997,0.07058823529411766,0.10588235294117648,0.08104575163398695,0.1947712418300654,0.09019607843137256,0.09411764705882354,0.07189542483660132
255,0.08064516129032258,0.08064516129032258,0.15053763440860216,0.08243727598566308,0.09498207885304659,0.0985663082437276,0.14695340501792115,0.08781362007168458,0.0967741935483871,0.08064516129032258
256,0.07692307692307693,0.09230769230769231,0.147008547008547,0.08376068376068375,0.07863247863247863,0.07692307692307693,0.15384615384615385,0.13675213675213677,0.07692307692307693,0.07692307692307693
257,0.06846240179573514,0.21436588103254772,0.059483726150392824,0.16722783389450058,0.05611672278338946,0.11111111111111112,0.1268237934904602,0.059483726150392824,0.06846240179573514,0.06846240179573514
258,0.07207207207207207,0.06906906906906907,0.07807807807807808,0.07657657657657657,0.10810810810810811,0.09309309309309309,0.25225225225225223,0.07507507507507508,0.1066066066066066,0.06906906906906907
259,0.16331994645247658,0.06693440428380187,0.11512717536813923,0.0642570281124498,0.08165997322623829,0.10843373493975904,0.19544846050870146,0.060240963855421686,0.06827309236947791,0.07630522088353414
260,0.11864406779661019,0.09039548022598871,0.09792843691148777,0.08662900188323919,0.08851224105461394,0.12241054613935971,0.10357815442561207,0.09039548022598871,0.10169491525423731,0.09981167608286254
261,0.11985018726591758,0.09238451935081148,0.0811485642946317,0.1410736579275905,0.07490636704119849,0.10112359550561795,0.17478152309612982,0.06616729088639199,0.06367041198501872,0.08489388264669162
262,0.09950248756218907,0.07794361525704811,0.09452736318407962,0.11276948590381428,0.1293532338308458,0.0746268656716418,0.09950248756218907,0.07628524046434496,0.1592039800995025,0.07628524046434496
263,0.04879879879879878,0.16028528528528527,0.0912162162162162,0.11373873873873871,0.25638138138138133,0.02965465465465465,0.04992492492492491,0.1456456456456456,0.0364114114114114,0.06794294294294292
264,0.1688888888888889,0.1448888888888889,0.07644444444444444,0.17244444444444446,0.07466666666666667,0.043555555555555556,0.072,0.08266666666666667,0.08088888888888889,0.08355555555555555
265,0.09932659932659933,0.09090909090909091,0.10606060606060606,0.07744107744107744,0.07912457912457913,0.09764309764309764,0.1447811447811448,0.09090909090909091,0.11616161616161616,0.09764309764309764
266,0.06619385342789598,0.06855791962174941,0.10401891252955082,0.10401891252955082,0.22695035460992907,0.10520094562647754,0.057919621749408984,0.09574468085106383,0.0673758865248227,0.10401891252955082
267,0.1262002743484225,0.09190672153635117,0.08916323731138547,0.102880658436214,0.0877914951989026,0.06584362139917696,0.06172839506172839,0.11934156378600823,0.11522633744855967,0.13991769547325103
268,0.0640096618357488,0.07729468599033816,0.12318840579710146,0.0929951690821256,0.09420289855072464,0.13405797101449277,0.13768115942028986,0.09541062801932366,0.08091787439613526,0.10024154589371981
269,0.04497354497354497,0.10582010582010581,0.038624338624338624,0.11693121693121693,0.3513227513227513,0.10952380952380952,0.04814814814814815,0.07089947089947089,0.03333333333333333,0.08042328042328042
270,0.08037825059101655,0.13120567375886524,0.06028368794326241,0.0933806146572104,0.11702127659574468,0.08747044917257683,0.09810874704491726,0.1276595744680851,0.10874704491725769,0.09574468085106383
271,0.1405508072174739,0.07597340930674265,0.15384615384615388,0.09876543209876545,0.07217473884140552,0.056980056980056995,0.16619183285849956,0.07692307692307694,0.07692307692307694,0.08167141500474835
272,0.0858085808580858,0.0704070407040704,0.21782178217821782,0.06930693069306931,0.0781078107810781,0.09130913091309131,0.12981298129812982,0.12211221122112212,0.0627062706270627,0.07260726072607261
273,0.07588075880758809,0.13821138211382117,0.1504065040650407,0.10298102981029814,0.0826558265582656,0.0853658536585366,0.14227642276422767,0.0853658536585366,0.06639566395663958,0.07046070460704608
274,0.0962962962962963,0.10648148148148148,0.046296296296296294,0.0962962962962963,0.262037037037037,0.06666666666666667,0.08703703703703704,0.08055555555555556,0.11481481481481481,0.04351851851851852
275,0.06906906906906907,0.15915915915915915,0.07957957957957958,0.13363363363363365,0.08108108108108109,0.1831831831831832,0.08258258258258258,0.07207207207207207,0.06906906906906907,0.07057057057057058
276,0.0701058201058201,0.11904761904761904,0.08333333333333333,0.1111111111111111,0.07142857142857142,0.1693121693121693,0.10052910052910052,0.06746031746031746,0.08597883597883597,0.12169312169312169
277,0.059052059052059055,0.0707070707070707,0.35120435120435123,0.04040404040404041,0.0707070707070707,0.06915306915306915,0.14296814296814297,0.0947940947940948,0.046620046620046623,0.05439005439005439
278,0.07207207207207207,0.1478978978978979,0.07432432432432433,0.03678678678678678,0.10435435435435435,0.05855855855855856,0.240990990990991,0.11486486486486487,0.03678678678678678,0.11336336336336336
279,0.12182061579651941,0.09772423025435073,0.08701472556894244,0.06559571619812583,0.0856760374832664,0.07898259705488621,0.07228915662650602,0.1713520749665328,0.12048192771084337,0.09906291834002677
280,0.06306306306306306,0.06706706706706707,0.11211211211211211,0.06106106106106106,0.06406406406406406,0.05305305305305305,0.1961961961961962,0.11611611611611612,0.08708708708708708,0.18018018018018017
281,0.11838006230529596,0.06957424714434061,0.08307372793354104,0.07892004153686398,0.05815160955347872,0.08307372793354104,0.05919003115264798,0.11318795430944965,0.17030114226375911,0.16614745586708207
282,0.1064327485380117,0.1111111111111111,0.08070175438596491,0.07953216374269007,0.0783625730994152,0.10175438596491228,0.10058479532163743,0.09473684210526316,0.10058479532163743,0.14619883040935672
283,0.1783068783068783,0.10793650793650794,0.06031746031746032,0.040740740740740744,0.07089947089947089,0.044444444444444446,0.0746031746031746,0.08095238095238096,0.2751322751322751,0.06666666666666667
284,0.1430325352977287,0.08164518109269492,0.04910988336402702,0.08839779005524863,0.12277470841006755,0.14855739717618174,0.04910988336402702,0.22099447513812157,0.046654389195825666,0.04972375690607735
285,0.10526315789473685,0.08070175438596493,0.10058479532163744,0.08538011695906435,0.14853801169590647,0.08304093567251464,0.06783625730994153,0.10526315789473685,0.0865497076023392,0.13684210526315793
286,0.09206349206349207,0.07301587301587302,0.08571428571428572,0.08253968253968254,0.07777777777777778,0.19682539682539682,0.0761904761904762,0.13174603174603175,0.1,0.08412698412698413
287,0.08779149519890259,0.08641975308641973,0.08916323731138545,0.08230452674897118,0.0987654320987654,0.08779149519890259,0.13580246913580243,0.06858710562414265,0.12482853223593962,0.13854595336076814
288,0.09230769230769233,0.08376068376068377,0.08205128205128207,0.08034188034188036,0.08034188034188036,0.0888888888888889,0.20000000000000004,0.0888888888888889,0.10427350427350429,0.09914529914529915
289,0.05773420479302831,0.07625272331154682,0.10130718954248363,0.06862745098039215,0.14052287581699344,0.065359477124183,0.2276688453159041,0.1296296296296296,0.06427015250544661,0.06862745098039215
290,0.16795865633074936,0.040482342807924204,0.04220499569336779,0.11283376399655469,0.04823428079242033,0.2136089577950043,0.04392764857881137,0.06201550387596899,0.082687338501292,0.18604651162790697
291,0.21654040404040406,0.05681818181818182,0.04482323232323233,0.07702020202020203,0.08080808080808083,0.086489898989899,0.10732323232323233,0.06565656565656568,0.0965909090909091,0.16792929292929296
292,0.07613168724279835,0.06995884773662552,0.047839506172839504,0.048868312757201646,0.3986625514403292,0.05452674897119342,0.06738683127572016,0.05864197530864197,0.10082304526748971,0.07716049382716049
293,0.05555555555555555,0.1527777777777778,0.12962962962962962,0.10648148148148148,0.1111111111111111,0.08101851851851852,0.08564814814814815,0.07407407407407407,0.08680555555555555,0.11689814814814815
294,0.2369146005509642,0.06795224977043159,0.08723599632690542,0.08723599632690542,0.0642791551882461,0.12121212121212122,0.06519742883379247,0.06611570247933884,0.1111111111111111,0.09274563820018365
295,0.12139917695473251,0.059670781893004114,0.09876543209876543,0.1111111111111111,0.06378600823045268,0.08333333333333333,0.08847736625514403,0.09876543209876543,0.15432098765432098,0.12037037037037036
296,0.1111111111111111,0.1111111111111111,0.08677248677248678,0.061375661375661375,0.05185185185185185,0.0656084656084656,0.06455026455026455,0.11322751322751323,0.05502645502645503,0.27936507936507937
297,0.08333333333333333,0.12808641975308643,0.06944444444444445,0.12191358024691358,0.09259259259259259,0.14969135802469136,0.1111111111111111,0.06944444444444445,0.10493827160493827,0.06944444444444445
298,0.17521367521367523,0.06752136752136753,0.06153846153846155,0.15042735042735045,0.06495726495726498,0.12735042735042737,0.09487179487179488,0.0683760683760684,0.04444444444444445,0.14529914529914534
299,0.06259780907668232,0.06964006259780908,0.07276995305164319,0.2104851330203443,0.1705790297339593,0.03912363067292645,0.046948356807511735,0.1674491392801252,0.09624413145539906,0.06416275430359937
300,0.14412238325281806,0.09339774557165863,0.04025764895330113,0.19323671497584544,0.09500805152979068,0.06441223832528181,0.08132045088566829,0.046698872785829314,0.1521739130434783,0.08937198067632851
301,0.1646586345381526,0.12449799196787148,0.06291834002677377,0.10575635876840696,0.07630522088353414,0.07228915662650602,0.0856760374832664,0.06961178045515395,0.16331994645247658,0.0749665327978581
302,0.08964646464646464,0.09217171717171717,0.1452020202020202,0.09722222222222222,0.07449494949494949,0.11742424242424243,0.14898989898989898,0.08838383838383838,0.08207070707070707,0.06439393939393939
303,0.13555555555555557,0.14296296296296296,0.05851851851851852,0.05925925925925926,0.1,0.14666666666666667,0.11259259259259259,0.07703703703703704,0.07925925925925927,0.08814814814814814
304,0.1661661661661662,0.09709709709709712,0.06506506506506508,0.09909909909909911,0.06606606606606608,0.0880880880880881,0.0930930930930931,0.0910910910910911,0.1691691691691692,0.06506506506506508
305,0.10998877665544333,0.11896745230078565,0.16049382716049385,0.07070707070707072,0.10662177328843997,0.06846240179573514,0.05611672278338946,0.10662177328843997,0.09652076318742987,0.10549943883277219
306,0.0970625798212005,0.08812260536398467,0.1545338441890166,0.06513409961685823,0.07918263090676884,0.07407407407407407,0.1545338441890166,0.08556832694763729,0.12260536398467432,0.07918263090676884
307,0.05698005698005698,0.0633903133903134,0.30128205128205127,0.06695156695156695,0.1103988603988604,0.053418803418803416,0.11965811965811966,0.08048433048433049,0.054843304843304845,0.09259259259259259
308,0.07575757575757575,0.09259259259259257,0.10774410774410771,0.08249158249158248,0.09427609427609425,0.12121212121212119,0.14141414141414138,0.07575757575757575,0.10101010101010098,0.10774410774410771
309,0.12436289500509684,0.039755351681957186,0.28491335372069315,0.034658511722731905,0.060652395514780834,0.040774719673802244,0.15494393476044852,0.10244648318042814,0.03924566768603466,0.11824668705402651
310,0.06261022927689594,0.09700176366843033,0.06084656084656084,0.2345679012345679,0.07936507936507936,0.0873015873015873,0.18694885361552027,0.054673721340388004,0.07848324514991181,0.0582010582010582
311,0.06329113924050633,0.08720112517580872,0.11673699015471167,0.10407876230661041,0.06469760900140648,0.1828410689170183,0.1209563994374121,0.07454289732770746,0.08720112517580872,0.09845288326300984
312,0.14957264957264957,0.04957264957264957,0.06581196581196581,0.0811965811965812,0.06666666666666667,0.24102564102564103,0.1282051282051282,0.09230769230769231,0.07008547008547009,0.05555555555555555
313,0.09259259259259259,0.10541310541310542,0.0698005698005698,0.23219373219373218,0.11538461538461539,0.06837606837606838,0.07122507122507123,0.07122507122507123,0.08404558404558404,0.08974358974358974
314,0.062037037037037036,0.09537037037037037,0.06388888888888888,0.08518518518518518,0.21481481481481482,0.0824074074074074,0.08333333333333333,0.11018518518518519,0.07592592592592592,0.12685185185185185
315,0.0857142857142857,0.0968253968253968,0.10634920634920632,0.0857142857142857,0.07460317460317459,0.07142857142857141,0.07936507936507935,0.08412698412698412,0.24444444444444438,0.07142857142857141
316,0.09574468085106383,0.0851063829787234,0.0591016548463357,0.1524822695035461,0.08274231678486997,0.12293144208037825,0.054373522458628844,0.05555555555555555,0.19030732860520094,0.1016548463356974
317,0.08909853249475891,0.10272536687631027,0.22641509433962265,0.0639412997903564,0.09014675052410902,0.07127882599580712,0.0649895178197065,0.11425576519916142,0.07547169811320754,0.10167714884696016
318,0.08247422680412371,0.09163802978235967,0.20389461626575028,0.06987399770904926,0.06529209621993128,0.06529209621993128,0.08247422680412371,0.143184421534937,0.1111111111111111,0.08476517754868271
319,0.05555555555555555,0.14320987654320988,0.1506172839506173,0.10617283950617284,0.09753086419753086,0.06666666666666667,0.12345679012345678,0.09259259259259259,0.10123456790123457,0.06296296296296296
320,0.10344827586206894,0.10344827586206894,0.08620689655172413,0.12068965517241377,0.12452107279693483,0.08620689655172413,0.11494252873563215,0.08812260536398465,0.08620689655172413,0.08620689655172413
321,0.11823361823361823,0.08974358974358974,0.0811965811965812,0.0641025641025641,0.0811965811965812,0.08404558404558404,0.0641025641025641,0.09116809116809117,0.1452991452991453,0.18091168091168092
322,0.11655773420479303,0.06535947712418301,0.09803921568627451,0.09477124183006536,0.10893246187363835,0.14270152505446623,0.08823529411764706,0.06100217864923747,0.06209150326797386,0.16230936819172112
323,0.07823129251700682,0.052154195011337875,0.108843537414966,0.13151927437641725,0.2120181405895692,0.090702947845805,0.11904761904761905,0.06122448979591837,0.0816326530612245,0.06462585034013607
324,0.09027777777777778,0.1001984126984127,0.07936507936507936,0.07341269841269842,0.07837301587301587,0.14484126984126985,0.12698412698412698,0.1130952380952381,0.07341269841269842,0.12003968253968254
325,0.09074074074074075,0.12222222222222222,0.10925925925925926,0.08333333333333333,0.1,0.1259259259259259,0.11851851851851852,0.08333333333333333,0.08333333333333333,0.08333333333333333
326,0.05842911877394637,0.1273946360153257,0.06321839080459772,0.14176245210727972,0.07088122605363986,0.2298850574712644,0.1149425287356322,0.06321839080459772,0.07758620689655174,0.05268199233716476
327,0.05366161616161616,0.11300505050505051,0.12815656565656566,0.058712121212121215,0.09785353535353536,0.17487373737373738,0.08648989898989899,0.10858585858585859,0.07512626262626262,0.10353535353535354
328,0.1076388888888889,0.0954861111111111,0.12152777777777778,0.08506944444444445,0.10416666666666667,0.08506944444444445,0.078125,0.13368055555555555,0.09375,0.0954861111111111
329,0.09788359788359788,0.06878306878306878,0.0992063492063492,0.1164021164021164,0.07407407407407407,0.19047619047619047,0.10582010582010581,0.10185185185185185,0.062169312169312166,0.08333333333333333
330,0.08955223880597014,0.0845771144278607,0.13930348258706468,0.13598673300165837,0.0945273631840796,0.0845771144278607,0.1111111111111111,0.07628524046434494,0.10945273631840796,0.07462686567164178
331,0.05945419103313841,0.14717348927875246,0.06432748538011697,0.24658869395711505,0.0925925925925926,0.07212475633528266,0.06920077972709553,0.08284600389863549,0.11306042884990256,0.05263157894736843
332,0.07432432432432431,0.10060060060060057,0.03828828828828828,0.13513513513513511,0.0683183183183183,0.28978978978978975,0.0728228228228228,0.07732732732732732,0.036786786786786776,0.10660660660660658
333,0.09305555555555556,0.08611111111111111,0.13055555555555556,0.075,0.07083333333333333,0.075,0.09444444444444444,0.16527777777777777,0.07916666666666666,0.13055555555555556
334,0.029629629629629634,0.13703703703703707,0.07654320987654323,0.12469135802469138,0.26790123456790127,0.07098765432098766,0.061111111111111116,0.14197530864197533,0.04876543209876544,0.041358024691358033
335,0.07555555555555556,0.11222222222222222,0.07111111111111111,0.08333333333333333,0.12,0.11777777777777777,0.15777777777777777,0.09444444444444444,0.09888888888888889,0.06888888888888889
336,0.05813953488372093,0.0917312661498708,0.11627906976744186,0.08397932816537468,0.09948320413436693,0.11627906976744186,0.14987080103359174,0.07493540051679587,0.08397932816537468,0.12532299741602068
337,0.0641025641025641,0.1168091168091168,0.08831908831908832,0.09116809116809117,0.08404558404558404,0.13817663817663817,0.13247863247863248,0.11823361823361823,0.07977207977207977,0.0868945868945869
338,0.10903426791277258,0.05192107995846314,0.056074766355140186,0.07684319833852545,0.06749740394600208,0.2834890965732087,0.04672897196261682,0.07372793354101766,0.08307372793354102,0.15160955347871236
339,0.11947431302270012,0.11887694145758662,0.07526881720430108,0.10692951015531661,0.17025089605734767,0.12066905615292713,0.07526881720430108,0.0884109916367981,0.07168458781362007,0.05316606929510155
340,0.11717171717171718,0.07676767676767676,0.17845117845117844,0.06531986531986532,0.08956228956228957,0.06531986531986532,0.12794612794612795,0.07744107744107744,0.13804713804713806,0.06397306397306397
341,0.07567049808429119,0.1053639846743295,0.12643678160919541,0.09770114942528736,0.12835249042145594,0.05363984674329502,0.1235632183908046,0.14655172413793102,0.06130268199233716,0.08141762452107279
342,0.12962962962962965,0.10846560846560847,0.0961199294532628,0.08112874779541447,0.09347442680776015,0.0670194003527337,0.08377425044091712,0.08201058201058202,0.16931216931216933,0.08906525573192241
343,0.07903780068728523,0.06758304696449027,0.09621993127147768,0.0893470790378007,0.1844215349369989,0.06414662084765178,0.06300114547537229,0.06643757159221078,0.16265750286368846,0.12714776632302408
344,0.0892857142857143,0.0892857142857143,0.10317460317460318,0.10714285714285715,0.09325396825396827,0.0892857142857143,0.13690476190476195,0.09523809523809525,0.0892857142857143,0.10714285714285715
345,0.05555555555555555,0.07127882599580712,0.0859538784067086,0.11844863731656184,0.12264150943396226,0.1519916142557652,0.17295597484276728,0.0639412997903564,0.0649895178197065,0.09224318658280922
346,0.09259259259259259,0.07275132275132275,0.06613756613756613,0.07539682539682539,0.08068783068783068,0.10978835978835978,0.26455026455026454,0.07407407407407407,0.07275132275132275,0.09126984126984126
347,0.08558558558558559,0.06756756756756757,0.07957957957957958,0.11711711711711711,0.08408408408408409,0.1021021021021021,0.14264264264264265,0.10810810810810811,0.1111111111111111,0.1021021021021021
348,0.11244979919678715,0.08299866131191433,0.12182061579651941,0.060240963855421686,0.09906291834002677,0.09906291834002677,0.14323962516733602,0.07764390896921017,0.07228915662650602,0.13119143239625167
349,0.08620689655172414,0.09195402298850575,0.1053639846743295,0.09770114942528736,0.09578544061302682,0.10344827586206896,0.11494252873563218,0.10727969348659004,0.09386973180076628,0.10344827586206896
350,0.08417508417508418,0.09427609427609428,0.34949494949494947,0.07777777777777778,0.0595959595959596,0.027609427609427608,0.07508417508417509,0.12794612794612795,0.03838383838383838,0.06565656565656566
351,0.07630522088353414,0.07764390896921017,0.06827309236947791,0.14056224899598393,0.07898259705488621,0.18741633199464525,0.08299866131191433,0.07630522088353414,0.10174029451137885,0.10977242302543508
352,0.10045662100456623,0.07305936073059362,0.08523592085235922,0.08219178082191782,0.09284627092846272,0.08828006088280062,0.20395738203957386,0.08219178082191782,0.10806697108066973,0.08371385083713852
353,0.07738095238095238,0.15079365079365079,0.057539682539682536,0.1001984126984127,0.09126984126984126,0.10317460317460317,0.0625,0.18253968253968253,0.06646825396825397,0.10813492063492064
354,0.09325396825396827,0.09126984126984128,0.1011904761904762,0.10317460317460318,0.09325396825396827,0.10714285714285715,0.12301587301587302,0.09126984126984128,0.0892857142857143,0.10714285714285715
355,0.0819672131147541,0.0819672131147541,0.11475409836065575,0.0819672131147541,0.08925318761384336,0.08561020036429874,0.15482695810564664,0.11293260473588344,0.11475409836065575,0.0819672131147541
356,0.16947960618846694,0.04922644163150492,0.03727144866385373,0.15963431786216598,0.04360056258790436,0.03938115330520394,0.07383966244725738,0.10126582278481013,0.14345991561181434,0.1828410689170183
357,0.109375,0.09027777777777778,0.12152777777777778,0.09375,0.0920138888888889,0.078125,0.11284722222222222,0.08680555555555555,0.10590277777777778,0.109375
358,0.07912457912457914,0.08080808080808083,0.1228956228956229,0.09090909090909093,0.09764309764309766,0.09595959595959597,0.1868686868686869,0.07744107744107745,0.09090909090909093,0.07744107744107745
359,0.07155322862129145,0.05410122164048865,0.10878417684700407,0.06980802792321117,0.3932518906340896,0.04944735311227458,0.09191390343222804,0.0535194880744619,0.04130308318789994,0.06631762652705062
360,0.1693121693121693,0.07671957671957672,0.09523809523809523,0.07671957671957672,0.07539682539682539,0.10052910052910052,0.14682539682539683,0.07407407407407407,0.05952380952380952,0.12566137566137567
361,0.08518518518518518,0.08,0.061481481481481484,0.07407407407407407,0.042222222222222223,0.2088888888888889,0.12444444444444444,0.13037037037037036,0.09111111111111111,0.10222222222222223
362,0.126984126984127,0.07231040564373899,0.08201058201058202,0.0908289241622575,0.06790123456790124,0.07583774250440918,0.1358024691358025,0.07319223985890654,0.1940035273368607,0.08112874779541447
363,0.07367149758454106,0.12681159420289856,0.09903381642512077,0.07367149758454106,0.08574879227053141,0.06159420289855073,0.23309178743961353,0.09903381642512077,0.07367149758454106,0.07367149758454106
364,0.1322751322751323,0.10934744268077602,0.08906525573192241,0.1181657848324515,0.10141093474426809,0.057319223985890656,0.04938271604938272,0.11375661375661376,0.11728395061728396,0.11199294532627867
365,0.14182475158084915,0.06775067750677506,0.057813911472448055,0.10840108401084012,0.0984643179765131,0.12014453477868112,0.06052393857271906,0.17705510388437218,0.07859078590785908,0.08943089430894309
366,0.06984126984126984,0.08994708994708994,0.091005291005291,0.16084656084656085,0.19153439153439153,0.06455026455026455,0.07513227513227513,0.10687830687830688,0.08253968253968254,0.06772486772486773
367,0.22341057635175288,0.07724301841948902,0.06357694592988712,0.10160427807486634,0.14379084967320263,0.048722519310754615,0.06060606060606062,0.04991087344028522,0.14081996434937613,0.09031491384432562
368,0.14666666666666667,0.10518518518518519,0.11259259259259259,0.09777777777777778,0.10222222222222223,0.06962962962962962,0.0962962962962963,0.08,0.0874074074074074,0.10222222222222223
369,0.06072351421188631,0.07105943152454781,0.2984496124031008,0.06976744186046513,0.06976744186046513,0.06072351421188631,0.08010335917312662,0.15116279069767444,0.07881136950904394,0.05943152454780362
370,0.08064516129032258,0.13261648745519714,0.12365591397849462,0.14336917562724014,0.08064516129032258,0.1039426523297491,0.08243727598566308,0.08064516129032258,0.0913978494623656,0.08064516129032258
371,0.07089947089947089,0.14603174603174604,0.09841269841269841,0.13756613756613756,0.14814814814814814,0.07724867724867725,0.08148148148148149,0.09735449735449736,0.07195767195767196,0.07089947089947089
372,0.08703703703703704,0.09444444444444444,0.08333333333333333,0.08518518518518518,0.08333333333333333,0.12777777777777777,0.10925925925925926,0.10555555555555556,0.09444444444444444,0.12962962962962962
373,0.09401709401709402,0.10427350427350428,0.1094017094017094,0.0905982905982906,0.10427350427350428,0.12136752136752137,0.08547008547008547,0.10256410256410256,0.09230769230769231,0.09572649572649573
374,0.08194444444444446,0.06944444444444446,0.19722222222222224,0.07083333333333335,0.07361111111111113,0.07500000000000001,0.07500000000000001,0.1652777777777778,0.08472222222222224,0.10694444444444445
375,0.07729468599033817,0.12974465148378195,0.16287094547964115,0.20427881297446518,0.14009661835748796,0.051069703243616295,0.0676328502415459,0.0655624568668047,0.03726708074534162,0.06418219461697725
376,0.09572649572649573,0.10427350427350428,0.08888888888888889,0.15384615384615385,0.07692307692307693,0.09914529914529914,0.09230769230769231,0.08717948717948718,0.12478632478632479,0.07692307692307693
377,0.05232974910394267,0.11827956989247315,0.10609318996415773,0.11182795698924734,0.2344086021505377,0.07240143369175629,0.06810035842293909,0.07885304659498209,0.0745519713261649,0.0831541218637993
378,0.09673202614379085,0.15555555555555556,0.11895424836601307,0.06535947712418301,0.09803921568627451,0.06928104575163399,0.1450980392156863,0.06274509803921569,0.12287581699346405,0.06535947712418301
379,0.08212560386473429,0.05175983436853001,0.058661145617667346,0.3319530710835058,0.18633540372670804,0.06418219461697722,0.040027605244996545,0.10904071773636988,0.03381642512077294,0.042097998619737745
380,0.07699037620297464,0.16185476815398078,0.03543307086614174,0.08048993875765531,0.20209973753280844,0.06692913385826774,0.11592300962379704,0.15266841644794404,0.06605424321959756,0.041557305336832905
381,0.07125603864734299,0.08695652173913043,0.1316425120772947,0.0748792270531401,0.07246376811594203,0.1642512077294686,0.13768115942028986,0.07246376811594203,0.10024154589371981,0.08816425120772947
382,0.11759935117599352,0.0851581508515815,0.0908353609083536,0.16139497161394972,0.08110300081103,0.05677210056772101,0.14760746147607462,0.09164639091646391,0.0827250608272506,0.0851581508515815
383,0.08037825059101655,0.10007880220646179,0.24822695035460993,0.06855791962174941,0.04806934594168637,0.06540583136327817,0.16627265563435775,0.0512214342001576,0.0677698975571316,0.10401891252955082
384,0.10975609756097561,0.07249322493224933,0.061653116531165314,0.08875338753387534,0.21138211382113822,0.07181571815718157,0.1375338753387534,0.10569105691056911,0.06436314363143632,0.07655826558265583
385,0.0567632850241546,0.07246376811594205,0.06280193236714977,0.061594202898550734,0.08574879227053142,0.13647342995169084,0.09178743961352659,0.06884057971014494,0.09299516908212561,0.2705314009661836
386,0.06827309236947791,0.11780455153949129,0.14457831325301204,0.08032128514056225,0.0749665327978581,0.10307898259705489,0.13386880856760375,0.09103078982597054,0.10040160642570281,0.0856760374832664
387,0.29111907606531257,0.09796893667861407,0.03703703703703703,0.04619673436877737,0.0808442851453604,0.10832337714058142,0.02867383512544802,0.15412186379928314,0.02508960573476702,0.13062524890481877
388,0.10606060606060604,0.08585858585858584,0.12457912457912455,0.11616161616161613,0.0909090909090909,0.11447811447811446,0.12626262626262624,0.08417508417508417,0.07575757575757575,0.07575757575757575
389,0.07724867724867725,0.12698412698412698,0.07830687830687831,0.08148148148148149,0.2052910052910053,0.08571428571428572,0.06455026455026455,0.12275132275132275,0.08465608465608465,0.07301587301587302
390,0.06962962962962962,0.07407407407407407,0.15407407407407409,0.09777777777777778,0.06666666666666667,0.08148148148148149,0.17185185185185184,0.08148148148148149,0.1348148148148148,0.06814814814814815
391,0.08950617283950618,0.23086419753086423,0.058024691358024696,0.11172839506172841,0.051234567901234575,0.16049382716049385,0.034567901234567905,0.07160493827160495,0.038271604938271614,0.15370370370370373
392,0.04962243797195254,0.05501618122977346,0.11326860841423948,0.06256742179072276,0.22545846817691478,0.09924487594390508,0.07874865156418555,0.1855447680690399,0.04854368932038835,0.08198489751887811
393,0.14652014652014653,0.06837606837606838,0.1794871794871795,0.06593406593406594,0.07448107448107448,0.08547008547008547,0.10744810744810745,0.06105006105006105,0.14163614163614163,0.0695970695970696
394,0.05128205128205128,0.12097304404996713,0.11571334648257725,0.055884286653517426,0.17291255752794216,0.12689020381328073,0.12491781722550953,0.07100591715976332,0.09533201840894148,0.0650887573964497
395,0.13098464317976513,0.0930442637759711,0.052393857271906055,0.14001806684733514,0.06865401987353206,0.04065040650406504,0.04245709123757904,0.06684733514001806,0.2204155374887082,0.14453477868112014
396,0.07107843137254902,0.08619281045751634,0.09395424836601307,0.09558823529411764,0.08415032679738563,0.13031045751633988,0.051879084967320264,0.22099673202614378,0.0363562091503268,0.1294934640522876
397,0.16071428571428573,0.07242063492063493,0.08333333333333333,0.0873015873015873,0.09126984126984126,0.08333333333333333,0.09126984126984126,0.0992063492063492,0.16071428571428573,0.07043650793650794
398,0.03859649122807018,0.041715399610136455,0.47446393762183237,0.06705653021442495,0.05964912280701754,0.05769980506822612,0.045224171539961014,0.07602339181286549,0.06978557504873294,0.06978557504873294
399,0.07195767195767196,0.06772486772486773,0.061375661375661375,0.13333333333333333,0.0835978835978836,0.07089947089947089,0.08888888888888889,0.09947089947089947,0.19788359788359788,0.12486772486772486
400,0.10648148148148148,0.2021604938271605,0.06944444444444445,0.09259259259259259,0.07253086419753087,0.16049382716049382,0.06944444444444445,0.08333333333333333,0.07407407407407407,0.06944444444444445
401,0.06002554278416347,0.1685823754789272,0.05747126436781609,0.1724137931034483,0.13282247765006386,0.09450830140485313,0.1123882503192848,0.06768837803320563,0.06257982120051085,0.07151979565772669
402,0.13178294573643412,0.11498708010335917,0.1511627906976744,0.06847545219638243,0.07364341085271318,0.06847545219638243,0.17829457364341086,0.06718346253229975,0.08527131782945736,0.060723514211886306
403,0.16013071895424835,0.05991285403050109,0.12854030501089325,0.06862745098039216,0.07734204793028322,0.06753812636165578,0.06427015250544663,0.08387799564270153,0.09694989106753812,0.19281045751633988
404,0.19811320754716982,0.07232704402515723,0.16561844863731656,0.07861635220125786,0.1069182389937107,0.07442348008385745,0.051362683438155136,0.09643605870020965,0.0660377358490566,0.09014675052410902
405,0.10641627543035993,0.07042253521126761,0.13302034428794993,0.0782472613458529,0.09702660406885759,0.07355242566510173,0.1643192488262911,0.10172143974960876,0.09859154929577464,0.07668231611893583
406,0.07762557077625572,0.14307458143074583,0.08675799086757992,0.09893455098934553,0.13546423135464233,0.09589041095890413,0.07762557077625572,0.10197869101978693,0.08523592085235922,0.09741248097412483
407,0.10113960113960115,0.0868945868945869,0.11965811965811966,0.06837606837606838,0.08404558404558404,0.11538461538461539,0.14957264957264957,0.10256410256410256,0.09829059829059829,0.07407407407407407
408,0.060523938572719045,0.21951219512195116,0.09936766034327008,0.11653116531165308,0.09665763324299907,0.11562782294489608,0.09033423667570008,0.06413730803974706,0.09214092140921408,0.04516711833785004
409,0.11148396718866517,0.13273676360924683,0.12453392990305742,0.13758389261744966,0.10551826994780016,0.07606263982102908,0.10141685309470544,0.05853840417598807,0.0965697240865026,0.05555555555555555
410,0.06837606837606838,0.11585944919278253,0.19943019943019943,0.0788224121557455,0.0835707502374169,0.08072174738841406,0.1291547958214625,0.10921177587844255,0.057929724596391265,0.07692307692307693
411,0.0778816199376947,0.10799584631360332,0.06438213914849429,0.20768431983385255,0.07268951194184839,0.12149532710280374,0.12357217030114226,0.07476635514018691,0.08618899273104881,0.06334371754932502
412,0.10435435435435435,0.06906906906906907,0.07732732732732733,0.09684684684684684,0.07207207207207207,0.03678678678678678,0.04054054054054054,0.12462462462462462,0.13663663663663664,0.24174174174174173
413,0.1136653895274585,0.06002554278416347,0.08684546615581099,0.06768837803320563,0.2656449553001277,0.06768837803320563,0.06002554278416347,0.08045977011494253,0.10472541507024266,0.09323116219667944
414,0.08398950131233596,0.1994750656167979,0.05511811023622047,0.12860892388451445,0.06124234470691164,0.1347331583552056,0.11811023622047244,0.08398950131233596,0.048118985126859144,0.08661417322834646
415,0.051075268817204304,0.07347670250896057,0.23655913978494625,0.06003584229390681,0.07258064516129033,0.08960573476702509,0.16756272401433692,0.13620071684587814,0.05913978494623656,0.053763440860215055
416,0.057692307692307696,0.1737891737891738,0.09045584045584046,0.16524216524216523,0.13247863247863248,0.10897435897435898,0.06766381766381767,0.0641025641025641,0.07193732193732194,0.06766381766381767
417,0.05925925925925926,0.08888888888888889,0.10687830687830688,0.05185185185185185,0.06666666666666667,0.23703703703703705,0.13756613756613756,0.05291005291005291,0.06984126984126984,0.1291005291005291
418,0.04962243797195254,0.10248112189859762,0.07227615965480043,0.1186623516720604,0.22653721682847897,0.06796116504854369,0.06796116504854369,0.08090614886731391,0.13592233009708737,0.07766990291262135
419,0.08064516129032259,0.10752688172043012,0.0824372759856631,0.08064516129032259,0.10394265232974911,0.0842293906810036,0.17741935483870971,0.0896057347670251,0.10215053763440862,0.09139784946236561
420,0.07956104252400549,0.05898491083676269,0.06035665294924554,0.13168724279835392,0.12757201646090535,0.11316872427983539,0.0720164609053498,0.15294924554183814,0.09396433470507544,0.10973936899862825
421,0.11564625850340134,0.08541194255479968,0.06122448979591835,0.04610733182161753,0.052154195011337855,0.0891912320483749,0.3499622071050642,0.07558578987150415,0.06273620559334844,0.0619803476946334
422,0.0798611111111111,0.0920138888888889,0.1388888888888889,0.078125,0.078125,0.09375,0.12152777777777778,0.14583333333333334,0.09375,0.078125
423,0.12510602205258692,0.025869380831212884,0.0932994062765055,0.050466497031382514,0.04113655640373197,0.04961832061068701,0.0657336726039016,0.42027141645462246,0.030110262934690407,0.09838846480067852
424,0.11886304909560723,0.1024978466838932,0.10680447889750215,0.07235142118863049,0.09043927648578812,0.10680447889750215,0.1748492678725237,0.05857019810508183,0.053402239448751075,0.11541774332472007
425,0.15151515151515152,0.047474747474747475,0.07474747474747474,0.10202020202020202,0.06161616161616162,0.17575757575757575,0.0707070707070707,0.07272727272727272,0.15858585858585858,0.08484848484848485
426,0.08487654320987656,0.07253086419753088,0.08333333333333334,0.1064814814814815,0.11419753086419754,0.10956790123456792,0.07870370370370372,0.07253086419753088,0.11111111111111112,0.16666666666666669
427,0.10781078107810782,0.06930693069306933,0.06270627062706272,0.06380638063806382,0.06490649064906492,0.06930693069306933,0.09130913091309133,0.11111111111111112,0.20902090209020904,0.15071507150715074
428,0.12952731737262124,0.05402087170042971,0.3511356660527931,0.0423572744014733,0.04358502148557397,0.07305095150399017,0.06261510128913444,0.05279312461632903,0.1190914671577655,0.0718232044198895
429,0.11974110032362459,0.1121898597626753,0.07119741100323625,0.08522114347357065,0.04962243797195254,0.11650485436893204,0.08414239482200647,0.08845738942826321,0.2017259978425027,0.07119741100323625
430,0.10947712418300654,0.0915032679738562,0.1715686274509804,0.09477124183006536,0.0784313725490196,0.0784313725490196,0.12254901960784313,0.0915032679738562,0.08823529411764706,0.07352941176470588
431,0.08669108669108669,0.09035409035409035,0.07081807081807082,0.14774114774114774,0.14163614163614163,0.07203907203907203,0.11965811965811966,0.09157509157509157,0.11721611721611722,0.06227106227106227
432,0.0940940940940941,0.14014014014014015,0.06906906906906907,0.16816816816816818,0.17717717717717718,0.057057057057057055,0.07707707707707707,0.06906906906906907,0.08008008008008008,0.06806806806806807
433,0.11702127659574468,0.08628841607565012,0.07565011820330969,0.12647754137115838,0.08274231678486997,0.06501182033096926,0.10047281323877069,0.07919621749408984,0.10874704491725769,0.15839243498817968
434,0.0896057347670251,0.07646356033452809,0.06810035842293909,0.13142174432497017,0.07407407407407408,0.18637992831541222,0.0896057347670251,0.09080047789725211,0.08124253285543609,0.11230585424133813
435,0.10409356725146199,0.0456140350877193,0.08304093567251462,0.24035087719298245,0.12222222222222222,0.06666666666666667,0.03391812865497076,0.07777777777777778,0.1736842105263158,0.05263157894736842
436,0.08020050125313284,0.18964076858813705,0.07769423558897244,0.08020050125313284,0.08771929824561404,0.0559732664995823,0.12364243943191314,0.1194653299916458,0.0760233918128655,0.1094402673350042
437,0.03565891472868217,0.04599483204134367,0.04289405684754522,0.0640826873385013,0.15607235142118864,0.047028423772609816,0.06046511627906977,0.3054263565891473,0.04857881136950904,0.1937984496124031
438,0.07032348804500703,0.10970464135021098,0.11392405063291139,0.10829817158931083,0.08016877637130802,0.10126582278481013,0.20253164556962025,0.06891701828410689,0.06891701828410689,0.0759493670886076
439,0.125,0.08251633986928104,0.07107843137254902,0.1323529411764706,0.1772875816993464,0.061274509803921566,0.07761437908496732,0.09803921568627451,0.10457516339869281,0.07026143790849673
440,0.08757062146892655,0.07721280602636535,0.064030131826742,0.10546139359698682,0.1751412429378531,0.096045197740113,0.1374764595103578,0.10546139359698682,0.08192090395480225,0.0696798493408663
441,0.06812169312169312,0.125,0.20502645502645503,0.03306878306878307,0.09193121693121693,0.056216931216931214,0.1388888888888889,0.11243386243386243,0.10251322751322751,0.0667989417989418
442,0.06575963718820861,0.14965986394557823,0.07558578987150416,0.07558578987150416,0.11337868480725624,0.07407407407407407,0.10128495842781557,0.10204081632653061,0.17838246409674982,0.06424792139077853
443,0.06740389678778304,0.04476040021063718,0.03686150605581885,0.05950500263296472,0.05055292259083728,0.440231700895208,0.06477093206951026,0.11848341232227488,0.08056872037914692,0.03686150605581885
444,0.10784313725490197,0.0860566448801743,0.07080610021786492,0.0860566448801743,0.2581699346405229,0.05010893246187364,0.06318082788671024,0.12636165577342048,0.06209150326797386,0.08932461873638345
445,0.05003679175864607,0.03090507726269316,0.5088300220750552,0.04231052244297277,0.05886681383370125,0.047829286239882265,0.054451802796173655,0.09013980868285504,0.04194260485651214,0.07468727005150846
446,0.10398860398860399,0.07977207977207977,0.07977207977207977,0.12962962962962962,0.08974358974358974,0.07122507122507123,0.07692307692307693,0.1111111111111111,0.09829059829059829,0.15954415954415954
447,0.09932659932659933,0.09090909090909091,0.08585858585858586,0.10437710437710437,0.1026936026936027,0.09090909090909091,0.08080808080808081,0.1026936026936027,0.1127946127946128,0.12962962962962962
448,0.061447811447811446,0.15656565656565657,0.06565656565656566,0.1414141414141414,0.13804713804713806,0.06565656565656566,0.07744107744107744,0.15572390572390574,0.0867003367003367,0.05134680134680135
449,0.08454106280193237,0.12560386473429952,0.071658615136876,0.09339774557165861,0.20611916264090177,0.05475040257648953,0.06521739130434782,0.15056360708534622,0.07326892109500806,0.0748792270531401
450,0.08230452674897121,0.18847736625514408,0.055144032921810714,0.06913580246913581,0.19423868312757206,0.0946502057613169,0.055967078189300426,0.12427983539094653,0.08641975308641976,0.04938271604938273
451,0.07973856209150326,0.11241830065359477,0.1084967320261438,0.12549019607843137,0.07320261437908497,0.13071895424836602,0.10718954248366012,0.08366013071895424,0.08104575163398693,0.09803921568627451
452,0.06313131313131314,0.07196969696969698,0.10479797979797979,0.07323232323232323,0.10101010101010101,0.07828282828282829,0.24621212121212122,0.0707070707070707,0.08080808080808081,0.10984848484848485
453,0.0847457627118644,0.08662900188323917,0.09416195856873823,0.0903954802259887,0.0903954802259887,0.12994350282485875,0.16760828625235405,0.0847457627118644,0.0847457627118644,0.08662900188323917
454,0.06290849673202613,0.05065359477124182,0.05310457516339868,0.15686274509803919,0.04166666666666666,0.31045751633986923,0.04901960784313724,0.048202614379084956,0.15032679738562088,0.07679738562091502
455,0.08298171589310831,0.04688232536333803,0.16361931551804973,0.12564463197374592,0.0618846694796062,0.12751992498827944,0.09939052977027663,0.060478199718706056,0.09798406000937648,0.13361462728551338
456,0.08918128654970761,0.09649122807017546,0.2076023391812866,0.08187134502923978,0.06871345029239767,0.08187134502923978,0.11111111111111113,0.09356725146198831,0.09210526315789475,0.07748538011695907
457,0.15752032520325204,0.05521680216802168,0.17073170731707318,0.036585365853658534,0.05250677506775068,0.06402439024390244,0.046409214092140924,0.09451219512195122,0.06842818428184282,0.2540650406504065
458,0.04296296296296297,0.08296296296296297,0.07037037037037039,0.4585185185185186,0.03555555555555556,0.07925925925925928,0.06740740740740742,0.04148148148148149,0.07481481481481483,0.046666666666666676
459,0.11728395061728394,0.1095679012345679,0.08796296296296297,0.06944444444444445,0.15432098765432098,0.07407407407407407,0.08487654320987655,0.09104938271604938,0.10339506172839506,0.10802469135802469
460,0.06987399770904926,0.16953035509736541,0.07445589919816724,0.0882016036655212,0.07331042382588775,0.12829324169530354,0.061855670103092786,0.10538373424971363,0.12142038946162657,0.10767468499427263
461,0.1111111111111111,0.10945273631840796,0.0812603648424544,0.11442786069651742,0.07628524046434494,0.12271973466003316,0.07462686567164178,0.0978441127694859,0.09286898839137644,0.11940298507462686
462,0.19365079365079366,0.1380952380952381,0.08571428571428572,0.08571428571428572,0.08095238095238096,0.0761904761904762,0.09841269841269841,0.07142857142857142,0.08571428571428572,0.08412698412698413
463,0.06042884990253411,0.08869395711500974,0.10526315789473684,0.06725146198830409,0.1364522417153996,0.07602339181286549,0.08284600389863547,0.23586744639376217,0.05555555555555555,0.09161793372319688
464,0.06913580246913578,0.10493827160493824,0.07901234567901233,0.1296296296296296,0.13456790123456788,0.07160493827160493,0.10493827160493824,0.07777777777777777,0.12098765432098763,0.10740740740740738
465,0.07308377896613191,0.16458704693998813,0.18538324420677363,0.06417112299465241,0.07130124777183601,0.05228758169934641,0.08615567439096851,0.044563279857397504,0.13131313131313133,0.12715389185977422
466,0.11670663469224621,0.05195843325339728,0.08553157474020784,0.11670663469224621,0.09432454036770584,0.06474820143884892,0.17985611510791366,0.09192645883293366,0.09512390087929656,0.10311750599520383
467,0.06018518518518517,0.09999999999999998,0.09444444444444441,0.07314814814814813,0.1046296296296296,0.0972222222222222,0.07870370370370369,0.05555555555555554,0.22870370370370366,0.10740740740740738
468,0.09961685823754789,0.09450830140485313,0.08173690932311622,0.08045977011494253,0.09067688378033206,0.13026819923371646,0.06385696040868455,0.10089399744572158,0.14814814814814814,0.10983397190293742
469,0.12812812812812815,0.10010010010010012,0.11611611611611614,0.07907907907907909,0.047047047047047055,0.10210210210210212,0.12412412412412414,0.10610610610610612,0.0830830830830831,0.11411411411411412
470,0.10652920962199312,0.052691867124856816,0.15463917525773196,0.10423825887743414,0.10996563573883161,0.06529209621993128,0.15234822451317298,0.08132875143184422,0.10882016036655212,0.06414662084765177
471,0.09640522875816994,0.08006535947712418,0.10294117647058823,0.07352941176470588,0.10457516339869281,0.10457516339869281,0.16339869281045752,0.11274509803921569,0.08823529411764706,0.07352941176470588
472,0.09206349206349208,0.07142857142857144,0.07301587301587303,0.08412698412698415,0.07936507936507937,0.08730158730158731,0.08412698412698415,0.09841269841269842,0.10634920634920636,0.22380952380952385
473,0.09838846480067855,0.16539440203562342,0.043256997455470736,0.2502120441051739,0.05173876166242578,0.10008481764206956,0.04749787955894826,0.0542832909245123,0.06022052586938083,0.1289228159457167
474,0.14084507042253522,0.10172143974960876,0.08607198748043818,0.07198748043818466,0.11424100156494522,0.0782472613458529,0.081377151799687,0.08294209702660407,0.15023474178403756,0.09233176838810642
475,0.16891891891891891,0.11411411411411411,0.06156156156156156,0.06531531531531531,0.052552552552552555,0.08783783783783784,0.12462462462462462,0.18243243243243243,0.0533033033033033,0.08933933933933934
476,0.13026819923371646,0.07662835249042145,0.07126436781609195,0.12183908045977011,0.0681992337164751,0.0896551724137931,0.055938697318007664,0.18620689655172415,0.06130268199233716,0.13869731800766283
477,0.11851851851851852,0.12,0.06666666666666667,0.0874074074074074,0.12296296296296297,0.06962962962962962,0.0725925925925926,0.10962962962962963,0.1348148148148148,0.09777777777777778
478,0.05777777777777778,0.19822222222222224,0.13955555555555557,0.1128888888888889,0.12533333333333335,0.05511111111111112,0.08977777777777779,0.08000000000000002,0.08266666666666668,0.05866666666666667
479,0.06731549067315491,0.05271695052716951,0.15896188158961883,0.0689375506893755,0.04460665044606651,0.13949716139497162,0.2846715328467153,0.0705596107055961,0.04460665044606651,0.0681265206812652
480,0.09047619047619049,0.1285714285714286,0.07142857142857144,0.22539682539682543,0.07301587301587303,0.11111111111111112,0.07460317460317462,0.08253968253968255,0.07142857142857144,0.07142857142857144
481,0.06930126002290951,0.08304696449026346,0.20847651775486828,0.054982817869415807,0.05784650630011455,0.07331042382588775,0.13974799541809851,0.13344788087056128,0.09851088201603665,0.08132875143184422
482,0.09829059829059829,0.0811965811965812,0.10256410256410256,0.1168091168091168,0.07692307692307693,0.1737891737891738,0.11396011396011396,0.10683760683760683,0.0641025641025641,0.06552706552706553
483,0.08888888888888888,0.09135802469135801,0.04444444444444444,0.13497942386831274,0.10041152263374482,0.2806584362139917,0.07325102880658435,0.05679012345679011,0.07407407407407406,0.055144032921810686
484,0.0703125,0.08940972222222222,0.10503472222222222,0.1293402777777778,0.12239583333333333,0.0720486111111111,0.0763888888888889,0.08333333333333333,0.1423611111111111,0.109375
485,0.15625,0.13194444444444445,0.06018518518518518,0.08680555555555555,0.0787037037037037,0.08796296296296297,0.10648148148148148,0.06712962962962964,0.056712962962962965,0.16782407407407407
486,0.049206349206349205,0.03888888888888889,0.3682539682539683,0.07222222222222222,0.07380952380952381,0.08095238095238096,0.1246031746031746,0.0373015873015873,0.09682539682539683,0.05793650793650794
487,0.09772423025435074,0.13386880856760378,0.11914323962516735,0.11111111111111112,0.08433734939759037,0.10575635876840697,0.0923694779116466,0.07228915662650603,0.06827309236947793,0.11512717536813924
488,0.11407407407407408,0.13037037037037036,0.08888888888888889,0.09481481481481481,0.06814814814814815,0.14222222222222222,0.09481481481481481,0.0725925925925926,0.10814814814814815,0.08592592592592592
489,0.09983896940418677,0.11111111111111108,0.08856682769726247,0.09822866344605473,0.08212560386473429,0.10305958132045086,0.10628019323671495,0.10305958132045086,0.13526570048309175,0.07246376811594202
490,0.07724867724867725,0.1037037037037037,0.08148148148148149,0.08994708994708994,0.06772486772486773,0.11005291005291006,0.1259259259259259,0.14179894179894179,0.07513227513227513,0.12698412698412698
491,0.07212475633528266,0.06920077972709553,0.1851851851851852,0.0497076023391813,0.060428849902534124,0.18810916179337236,0.14814814814814817,0.07992202729044835,0.054580896686159855,0.0925925925925926
492,0.07741347905282331,0.17122040072859745,0.10382513661202186,0.09744990892531877,0.2103825136612022,0.058287795992714025,0.07468123861566485,0.08469945355191257,0.04735883424408015,0.07468123861566485
493,0.14027777777777778,0.11388888888888889,0.09861111111111111,0.06944444444444445,0.07916666666666666,0.07777777777777778,0.10972222222222222,0.07916666666666666,0.11527777777777778,0.11666666666666667
494,0.07511737089201878,0.07198748043818466,0.10328638497652583,0.12832550860719874,0.10172143974960876,0.10172143974960876,0.08294209702660407,0.10015649452269171,0.162754303599374,0.07198748043818466
495,0.08465608465608467,0.08641975308641976,0.08465608465608467,0.08112874779541447,0.08289241622574957,0.18871252204585542,0.09523809523809526,0.10405643738977075,0.10229276895943565,0.08994708994708996
496,0.078125,0.10243055555555555,0.0798611111111111,0.11284722222222222,0.10590277777777778,0.14583333333333334,0.0954861111111111,0.09375,0.08680555555555555,0.09895833333333333
497,0.08765432098765433,0.07654320987654321,0.06172839506172839,0.1037037037037037,0.2382716049382716,0.07901234567901234,0.12098765432098765,0.08888888888888889,0.07654320987654321,0.06666666666666667
498,0.30842911877394635,0.05938697318007663,0.04853128991060025,0.04342273307790549,0.1685823754789272,0.10791826309067688,0.05747126436781609,0.11430395913154534,0.034482758620689655,0.05747126436781609
499,0.13333333333333336,0.07703703703703706,0.08592592592592593,0.06666666666666668,0.07703703703703706,0.10370370370370371,0.06666666666666668,0.11703703703703705,0.15703703703703706,0.11555555555555556
500,0.0842911877394636,0.07407407407407407,0.10344827586206896,0.08939974457215837,0.070242656449553,0.11749680715197956,0.05747126436781609,0.09450830140485313,0.07790549169859515,0.23116219667943805
501,0.10548523206751055,0.07454289732770746,0.10267229254571027,0.10407876230661041,0.0829817158931083,0.1111111111111111,0.1420534458509142,0.0829817158931083,0.07172995780590717,0.12236286919831224
502,0.11602753195673551,0.09242871189773846,0.07669616519174043,0.06784660766961653,0.2556538839724681,0.0865290068829892,0.0865290068829892,0.07276302851524091,0.057030481809242875,0.08849557522123895
503,0.10866910866910869,0.23260073260073263,0.068986568986569,0.07570207570207571,0.1611721611721612,0.06776556776556777,0.06654456654456656,0.06654456654456656,0.04517704517704518,0.10683760683760685
504,0.10156782549420586,0.12133605998636673,0.06952965235173825,0.09952283571915474,0.053169734151329244,0.18200408997955012,0.043626448534423996,0.07498295841854125,0.1901840490797546,0.06407634628493525
505,0.09943639291465375,0.04388083735909822,0.1876006441223832,0.041062801932367145,0.09178743961352656,0.052334943639291455,0.08091787439613525,0.1545893719806763,0.05555555555555554,0.19283413848631234
506,0.0743801652892562,0.06244260789715335,0.08539944903581267,0.07988980716253444,0.2433425160697888,0.09274563820018365,0.07621671258034894,0.12121212121212122,0.09550045913682277,0.06887052341597796
507,0.0933806146572104,0.05673758865248227,0.19739952718676124,0.061465721040189124,0.08983451536643026,0.07919621749408984,0.13829787234042554,0.11465721040189125,0.09219858156028368,0.0768321513002364
508,0.11843711843711843,0.08791208791208792,0.08302808302808302,0.10500610500610501,0.06227106227106227,0.08547008547008547,0.07692307692307693,0.07081807081807082,0.19413919413919414,0.115995115995116
509,0.10740740740740741,0.08888888888888889,0.08395061728395062,0.06172839506172839,0.09753086419753086,0.08148148148148149,0.2123456790123457,0.0654320987654321,0.07037037037037037,0.1308641975308642
510,0.1051693404634581,0.0796197266785502,0.052881758764111705,0.21687462863933452,0.06833036244800951,0.1021984551396316,0.0784313725490196,0.0374331550802139,0.07130124777183601,0.18775995246583482
511,0.12611111111111112,0.09444444444444444,0.04,0.0661111111111111,0.10944444444444444,0.04722222222222222,0.06777777777777778,0.17222222222222222,0.08222222222222222,0.19444444444444445
512,0.08555555555555555,0.12,0.0811111111111111,0.06888888888888889,0.08222222222222222,0.07555555555555556,0.08555555555555555,0.12444444444444444,0.2,0.07666666666666666
513,0.07888888888888888,0.09888888888888889,0.14444444444444443,0.14666666666666667,0.09111111111111111,0.06777777777777778,0.06555555555555556,0.0811111111111111,0.07,0.15555555555555556
514,0.06198830409356725,0.10058479532163743,0.16374269005847952,0.07602339181286549,0.1567251461988304,0.08070175438596491,0.07953216374269007,0.1064327485380117,0.07368421052631578,0.10058479532163743
515,0.11111111111111112,0.10344827586206898,0.08620689655172416,0.09195402298850576,0.10344827586206898,0.1149425287356322,0.11877394636015327,0.09003831417624522,0.08620689655172416,0.0938697318007663
516,0.07818930041152265,0.10596707818930043,0.07613168724279837,0.09567901234567902,0.08333333333333334,0.2541152263374486,0.08641975308641976,0.0771604938271605,0.07407407407407408,0.0689300411522634
517,0.15242165242165243,0.10541310541310542,0.07264957264957266,0.0876068376068376,0.06695156695156695,0.04487179487179487,0.06766381766381767,0.06196581196581197,0.27635327635327633,0.0641025641025641
518,0.058479532163742694,0.10526315789473685,0.11403508771929825,0.13742690058479534,0.08187134502923978,0.16666666666666669,0.11598440545808968,0.07407407407407408,0.06920077972709553,0.07699805068226122
519,0.09161793372319688,0.10526315789473684,0.08771929824561403,0.08771929824561403,0.10331384015594541,0.09941520467836257,0.10331384015594541,0.08771929824561403,0.14035087719298245,0.0935672514619883
520,0.10178117048346055,0.07718405428329092,0.04664970313825276,0.10941475826972011,0.04834605597964377,0.18575063613231552,0.06785411365564037,0.0720949957591179,0.1289228159457167,0.1620016963528414
521,0.0763888888888889,0.10833333333333334,0.09444444444444444,0.16111111111111112,0.08055555555555556,0.11805555555555555,0.12361111111111112,0.1,0.075,0.0625
522,0.1371158392434988,0.10992907801418438,0.07446808510638296,0.1796690307328605,0.05791962174940897,0.08983451536643025,0.07801418439716311,0.0685579196217494,0.13593380614657208,0.0685579196217494
523,0.09819121447028424,0.1111111111111111,0.09302325581395349,0.12919896640826872,0.09431524547803617,0.12015503875968993,0.09043927648578812,0.0710594315245478,0.11757105943152454,0.07493540051679587
524,0.06666666666666667,0.10138888888888889,0.0875,0.09583333333333334,0.075,0.1361111111111111,0.12916666666666668,0.15416666666666667,0.09166666666666666,0.0625
525,0.17400419287211744,0.08909853249475892,0.10167714884696018,0.09329140461215935,0.08176100628930819,0.07861635220125787,0.08176100628930819,0.08805031446540881,0.05765199161425577,0.15408805031446543
526,0.09436834094368342,0.19330289193302894,0.11111111111111112,0.07001522070015222,0.07153729071537292,0.11567732115677322,0.11415525114155252,0.08523592085235922,0.07458143074581432,0.07001522070015222
527,0.08055555555555557,0.06250000000000001,0.16250000000000003,0.08055555555555557,0.07916666666666668,0.1013888888888889,0.18472222222222226,0.07638888888888891,0.07083333333333335,0.1013888888888889
528,0.10256410256410256,0.06054131054131054,0.038461538461538464,0.17236467236467237,0.0633903133903134,0.09757834757834757,0.06267806267806268,0.15669515669515668,0.15598290598290598,0.08974358974358974
529,0.20444444444444446,0.09259259259259259,0.06666666666666667,0.0837037037037037,0.03777777777777778,0.06074074074074074,0.08444444444444445,0.1237037037037037,0.1111111111111111,0.1348148148148148
530,0.0967741935483871,0.15949820788530467,0.0913978494623656,0.08064516129032258,0.08602150537634409,0.08064516129032258,0.11827956989247312,0.08781362007168458,0.11290322580645161,0.08602150537634409
531,0.10547095318668923,0.1161872532430908,0.050197405527354765,0.03722504230118443,0.077834179357022,0.11731528482797518,0.05414551607445008,0.10321489001692047,0.0829103214890017,0.25549915397631134
532,0.17439293598233996,0.22663723325974983,0.07358351729212656,0.058130978660779986,0.07579102281089035,0.05886681383370125,0.09786607799852833,0.059602649006622516,0.03384841795437822,0.141280353200883
533,0.06920077972709553,0.08284600389863549,0.06822612085769982,0.1598440545808967,0.10331384015594543,0.09356725146198831,0.06627680311890839,0.08187134502923978,0.10721247563352827,0.1676413255360624
534,0.1016949152542373,0.1007532956685499,0.0696798493408663,0.06591337099811675,0.24858757062146894,0.09792843691148775,0.08757062146892655,0.07344632768361582,0.10263653483992467,0.051789077212806026
535,0.14792092706203136,0.09441036128152692,0.1138377641445126,0.07566462167689161,0.048738922972051804,0.17280163599182005,0.04839809134287662,0.09850034083162917,0.11008861622358555,0.08963871847307431
536,0.07058823529411765,0.06666666666666667,0.16470588235294117,0.07058823529411765,0.09673202614379085,0.08104575163398693,0.17516339869281045,0.12810457516339868,0.08235294117647059,0.06405228758169934
537,0.13310185185185186,0.06018518518518518,0.1076388888888889,0.061342592592592594,0.09606481481481481,0.06481481481481481,0.1550925925925926,0.0775462962962963,0.08217592592592593,0.16203703703703703
538,0.04360056258790435,0.07923112986404124,0.1364275668073136,0.05157055789967181,0.12001875293014531,0.29864041256446316,0.08907641819034223,0.0942334739803094,0.060478199718706036,0.026722925457102666
539,0.07628524046434494,0.08955223880597014,0.06384742951907131,0.08540630182421227,0.05721393034825871,0.10696517412935323,0.08623548922056384,0.07213930348258707,0.07877280265339967,0.2835820895522388
540,0.07323232323232323,0.09090909090909091,0.0707070707070707,0.06439393939393939,0.07954545454545454,0.14772727272727273,0.19570707070707072,0.06818181818181818,0.11237373737373738,0.09722222222222222
541,0.08163265306122447,0.05555555555555554,0.06916099773242629,0.2811791383219954,0.15192743764172334,0.05555555555555554,0.08276643990929704,0.08503401360544216,0.052154195011337855,0.08503401360544216
542,0.050427350427350436,0.12820512820512822,0.08376068376068377,0.1247863247863248,0.13589743589743591,0.12051282051282053,0.0888888888888889,0.10769230769230771,0.10170940170940172,0.05811965811965813
543,0.08580858085808582,0.08800880088008803,0.06490649064906492,0.10011001100110012,0.08250825082508252,0.06490649064906492,0.13421342134213424,0.09350935093509352,0.09900990099009903,0.18701870187018704
544,0.09856630824372761,0.0878136200716846,0.0949820788530466,0.08064516129032259,0.10394265232974911,0.0896057347670251,0.11290322580645162,0.12007168458781363,0.0824372759856631,0.12903225806451615
545,0.10113960113960115,0.12962962962962962,0.0811965811965812,0.09401709401709402,0.10683760683760683,0.07407407407407407,0.1623931623931624,0.07264957264957266,0.09116809116809117,0.0868945868945869
546,0.104,0.12533333333333332,0.10133333333333333,0.06755555555555555,0.1431111111111111,0.06755555555555555,0.07377777777777778,0.09422222222222222,0.08444444444444445,0.13866666666666666
547,0.08616780045351474,0.12698412698412698,0.061224489795918366,0.12018140589569161,0.14965986394557823,0.09070294784580499,0.15306122448979592,0.05328798185941043,0.10204081632653061,0.05668934240362812
548,0.11666666666666667,0.06527777777777778,0.08888888888888889,0.06805555555555555,0.14166666666666666,0.09861111111111111,0.17083333333333334,0.10833333333333334,0.0625,0.07916666666666666
549,0.06172839506172839,0.07681755829903979,0.06995884773662552,0.16598079561042525,0.1262002743484225,0.11385459533607682,0.0850480109739369,0.06310013717421124,0.149519890260631,0.0877914951989026
550,0.06493506493506493,0.07647907647907648,0.06493506493506493,0.16883116883116883,0.06493506493506493,0.12265512265512266,0.09090909090909091,0.06493506493506493,0.21645021645021645,0.06493506493506493
551,0.13020833333333334,0.08333333333333333,0.1076388888888889,0.09375,0.078125,0.078125,0.109375,0.08159722222222222,0.13194444444444445,0.10590277777777778
552,0.08333333333333334,0.08333333333333334,0.08333333333333334,0.06944444444444446,0.16666666666666669,0.11111111111111112,0.08179012345679014,0.07253086419753088,0.17901234567901236,0.06944444444444446
553,0.09206349206349208,0.07142857142857144,0.0888888888888889,0.13492063492063494,0.11111111111111112,0.08571428571428573,0.07142857142857144,0.08412698412698415,0.13492063492063494,0.12539682539682542
554,0.0756172839506173,0.08333333333333334,0.183641975308642,0.10493827160493828,0.06944444444444446,0.10030864197530866,0.10956790123456792,0.08641975308641976,0.09567901234567902,0.0910493827160494
555,0.07801418439716312,0.07801418439716312,0.1276595744680851,0.07328605200945626,0.0504334121355398,0.15130023640661938,0.07959022852639874,0.16233254531126873,0.05358550039401103,0.1457840819542947
556,0.06763285024154589,0.06280193236714976,0.1678743961352657,0.28019323671497587,0.05434782608695652,0.0893719806763285,0.06642512077294686,0.07246376811594203,0.08333333333333333,0.05555555555555555
557,0.12087912087912088,0.09523809523809523,0.0989010989010989,0.07203907203907203,0.07814407814407814,0.10989010989010989,0.1562881562881563,0.07936507936507936,0.08913308913308914,0.10012210012210013
558,0.062499999999999986,0.07638888888888888,0.0736111111111111,0.06527777777777777,0.1208333333333333,0.14305555555555552,0.2194444444444444,0.08888888888888888,0.08333333333333331,0.06666666666666665
559,0.07198748043818466,0.07042253521126761,0.11267605633802817,0.2112676056338028,0.0782472613458529,0.08450704225352113,0.0782472613458529,0.07042253521126761,0.14710485133020346,0.07511737089201878
560,0.09523809523809523,0.05555555555555555,0.1473922902494331,0.07256235827664399,0.20634920634920634,0.10657596371882086,0.0782312925170068,0.09863945578231292,0.07029478458049887,0.0691609977324263
561,0.13386880856760378,0.12851405622489961,0.06559571619812585,0.08969210174029453,0.06961178045515397,0.06961178045515397,0.07362784471218208,0.06291834002677378,0.2382864792503347,0.06827309236947793
562,0.08294209702660407,0.10328638497652583,0.11580594679186229,0.07042253521126761,0.09389671361502347,0.07198748043818466,0.10954616588419405,0.11424100156494522,0.13458528951486698,0.10328638497652583
563,0.061447811447811446,0.04040404040404041,0.06818181818181818,0.07575757575757576,0.07407407407407407,0.21717171717171718,0.08585858585858586,0.05134680134680135,0.12205387205387205,0.2037037037037037
564,0.1620795107033639,0.1325178389398573,0.07747196738022426,0.07033639143730887,0.0835881753312946,0.0744138634046891,0.10499490316004077,0.11824668705402651,0.0856269113149847,0.09072375127421
565,0.12254901960784313,0.08823529411764706,0.08986928104575163,0.09477124183006536,0.08660130718954248,0.13562091503267973,0.119281045751634,0.08823529411764706,0.09803921568627451,0.07679738562091504
566,0.06455026455026455,0.06666666666666667,0.13756613756613756,0.1111111111111111,0.056084656084656084,0.11216931216931217,0.2867724867724868,0.04973544973544974,0.04867724867724868,0.06666666666666667
567,0.10833333333333334,0.14722222222222223,0.07777777777777778,0.075,0.08055555555555556,0.09722222222222222,0.06805555555555555,0.08472222222222223,0.07916666666666666,0.18194444444444444
568,0.0784313725490196,0.07352941176470588,0.1111111111111111,0.09803921568627451,0.0915032679738562,0.07679738562091504,0.238562091503268,0.0784313725490196,0.07352941176470588,0.08006535947712418
569,0.05415499533146592,0.09243697478991597,0.10177404295051354,0.10550887021475257,0.11204481792717087,0.055088702147525676,0.06816059757236227,0.1942110177404295,0.08496732026143791,0.13165266106442577
570,0.07462686567164178,0.05638474295190713,0.06053067993366501,0.28192371475953565,0.0945273631840796,0.12106135986733002,0.05721393034825871,0.10281923714759536,0.06799336650082918,0.08291873963515754
571,0.10841423948220065,0.41639697950377563,0.04854368932038835,0.08629989212513485,0.10841423948220065,0.037756202804746494,0.0296655879180151,0.06040992448759439,0.02912621359223301,0.0749730312837109
572,0.06666666666666667,0.07314814814814814,0.058333333333333334,0.05740740740740741,0.08611111111111111,0.2675925925925926,0.09259259259259259,0.09351851851851851,0.1175925925925926,0.08703703703703704
573,0.26270136307311026,0.07600165220983064,0.040892193308550186,0.06071871127633209,0.14745972738537794,0.05080545229244114,0.04956629491945477,0.07600165220983064,0.12928541924824452,0.10656753407682776
574,0.0825825825825826,0.07657657657657659,0.0855855855855856,0.07957957957957959,0.0840840840840841,0.11861861861861864,0.1561561561561562,0.07657657657657659,0.07357357357357358,0.16666666666666669
575,0.08278867102396514,0.04720406681190995,0.10675381263616558,0.1655773420479303,0.289760348583878,0.07407407407407407,0.04502541757443718,0.07334785766158315,0.048656499636891795,0.06681190994916485
576,0.07981220657276995,0.12832550860719874,0.1298904538341158,0.07042253521126761,0.07042253521126761,0.1486697965571205,0.1267605633802817,0.07511737089201878,0.07198748043818466,0.09859154929577464
577,0.05764411027568922,0.12280701754385964,0.252297410192147,0.0835421888053467,0.05012531328320802,0.08020050125313283,0.06850459482038429,0.11194653299916457,0.040100250626566414,0.13283208020050125
578,0.0716374269005848,0.08187134502923978,0.14181286549707606,0.07748538011695907,0.0716374269005848,0.07456140350877194,0.19590643274853806,0.09210526315789475,0.08040935672514621,0.1125730994152047
579,0.14285714285714285,0.08571428571428572,0.11216931216931217,0.10264550264550265,0.08888888888888889,0.10264550264550265,0.08571428571428572,0.11216931216931217,0.08783068783068783,0.07936507936507936
580,0.08072916666666667,0.058159722222222224,0.06163194444444445,0.18836805555555555,0.1736111111111111,0.07378472222222222,0.10069444444444445,0.08072916666666667,0.09461805555555555,0.0876736111111111
581,0.4157706093189964,0.05555555555555555,0.07078853046594982,0.08243727598566308,0.06451612903225806,0.06630824372759857,0.05555555555555555,0.07706093189964158,0.04032258064516129,0.07168458781362007
582,0.06782106782106782,0.09956709956709957,0.07792207792207792,0.10678210678210678,0.18614718614718614,0.10966810966810966,0.09090909090909091,0.09956709956709957,0.0836940836940837,0.07792207792207792
583,0.10818713450292397,0.12280701754385964,0.1627680311890838,0.04775828460038986,0.12280701754385964,0.07504873294346978,0.13937621832358674,0.09649122807017543,0.07504873294346978,0.049707602339181284
584,0.09912854030501089,0.054466230936819175,0.11764705882352941,0.07734204793028322,0.0860566448801743,0.12418300653594772,0.15250544662309368,0.09694989106753812,0.1328976034858388,0.058823529411764705
585,0.05263157894736842,0.13255360623781676,0.06432748538011696,0.08771929824561403,0.10136452241715399,0.07797270955165692,0.1101364522417154,0.15594541910331383,0.14132553606237816,0.07602339181286549
586,0.07100271002710029,0.13766937669376697,0.04281842818428185,0.07262872628726288,0.12195121951219513,0.03685636856368565,0.0878048780487805,0.10677506775067752,0.19132791327913282,0.13116531165311657
587,0.1522633744855967,0.07544581618655692,0.07407407407407407,0.1646090534979424,0.0823045267489712,0.07270233196159122,0.07270233196159122,0.11385459533607682,0.09053497942386832,0.10150891632373114
588,0.08622222222222224,0.08711111111111113,0.07822222222222223,0.10222222222222224,0.06133333333333334,0.19822222222222224,0.11733333333333335,0.10577777777777779,0.09333333333333335,0.07022222222222224
589,0.11251758087201125,0.07876230661040788,0.09282700421940929,0.06329113924050633,0.11673699015471167,0.12517580872011252,0.1209563994374121,0.1350210970464135,0.07876230661040788,0.0759493670886076
590,0.0642361111111111,0.1232638888888889,0.11371527777777778,0.0642361111111111,0.06944444444444445,0.07725694444444445,0.059895833333333336,0.08854166666666667,0.2508680555555556,0.08854166666666667
591,0.07407407407407407,0.12794612794612795,0.06958473625140292,0.06172839506172839,0.18069584736251404,0.06734006734006734,0.051627384960718295,0.14814814814814814,0.10998877665544332,0.10886644219977554
592,0.08547008547008547,0.06303418803418803,0.06837606837606838,0.10683760683760683,0.11752136752136752,0.13034188034188035,0.08226495726495726,0.07371794871794872,0.18055555555555555,0.09188034188034189
593,0.06725146198830409,0.03567251461988304,0.0391812865497076,0.07719298245614035,0.09590643274853801,0.2321637426900585,0.03684210526315789,0.07134502923976609,0.03567251461988304,0.3087719298245614
594,0.08699763593380615,0.11063829787234042,0.06477541371158392,0.0591016548463357,0.1768321513002364,0.04680851063829787,0.037825059101654845,0.24491725768321512,0.07754137115839244,0.09456264775413711
595,0.23216374269005852,0.07192982456140352,0.06432748538011697,0.10701754385964914,0.2105263157894737,0.05146198830409358,0.03508771929824562,0.11169590643274856,0.07426900584795323,0.04152046783625732
596,0.1381381381381381,0.07007007007007006,0.08208208208208206,0.1301301301301301,0.10510510510510508,0.07807807807807807,0.07207207207207206,0.1241241241241241,0.08108108108108107,0.11911911911911909
597,0.14299516908212562,0.06666666666666667,0.09758454106280193,0.07632850241545894,0.11497584541062802,0.10531400966183575,0.07149758454106281,0.14589371980676327,0.08695652173913043,0.09178743961352658
598,0.066193853427896,0.10520094562647755,0.06737588652482271,0.1513002364066194,0.132387706855792,0.09338061465721041,0.15602836879432627,0.09338061465721041,0.08156028368794328,0.053191489361702135
599,0.14432989690721648,0.037800687285223365,0.052691867124856816,0.06128293241695303,0.09106529209621993,0.043528064146620846,0.08476517754868271,0.1815578465063001,0.16380297823596793,0.13917525773195877
600,0.0920138888888889,0.10416666666666667,0.0920138888888889,0.09027777777777778,0.0920138888888889,0.08333333333333333,0.17708333333333334,0.078125,0.1076388888888889,0.08333333333333333
601,0.08450704225352113,0.07042253521126761,0.21283255086071987,0.0892018779342723,0.09546165884194054,0.07042253521126761,0.0892018779342723,0.11737089201877934,0.08294209702660407,0.08763693270735524
602,0.17915590008613264,0.15590008613264428,0.047372954349698536,0.16623600344530576,0.08354866494401378,0.04220499569336779,0.04823428079242033,0.09819121447028424,0.11800172265288544,0.0611541774332472
603,0.05102040816326531,0.08843537414965986,0.07142857142857142,0.2743764172335601,0.08276643990929705,0.0873015873015873,0.1349206349206349,0.05782312925170068,0.07142857142857142,0.08049886621315193
604,0.09386973180076628,0.04980842911877394,0.25862068965517243,0.07279693486590039,0.12835249042145594,0.12962962962962962,0.06449553001277139,0.07662835249042145,0.033205619412515965,0.09259259259259259
605,0.054613935969868174,0.1854990583804143,0.047080979284369114,0.05367231638418079,0.1807909604519774,0.12052730696798493,0.08380414312617702,0.0847457627118644,0.10451977401129943,0.0847457627118644
606,0.12757201646090538,0.13031550068587108,0.07407407407407408,0.1234567901234568,0.07818930041152265,0.09190672153635118,0.06995884773662553,0.06995884773662553,0.16323731138545955,0.07133058984910838
607,0.11276948590381428,0.0746268656716418,0.14096185737976785,0.08955223880597016,0.09452736318407962,0.07794361525704811,0.08955223880597016,0.12769485903814265,0.10116086235489222,0.09121061359867332
608,0.08008008008008008,0.08808808808808809,0.0940940940940941,0.1111111111111111,0.08608608608608609,0.16416416416416416,0.15015015015015015,0.0920920920920921,0.05305305305305305,0.08108108108108109
609,0.04975124378109453,0.08291873963515754,0.06384742951907131,0.09369817578772803,0.06965174129353234,0.21641791044776118,0.14925373134328357,0.06053067993366501,0.1625207296849088,0.05140961857379768
610,0.12654320987654322,0.12345679012345678,0.08796296296296297,0.1388888888888889,0.0787037037037037,0.07098765432098765,0.07253086419753087,0.10185185185185185,0.0941358024691358,0.10493827160493827
611,0.10449735449735452,0.059523809523809534,0.08730158730158731,0.14550264550264552,0.07407407407407408,0.0687830687830688,0.07407407407407408,0.07804232804232805,0.09656084656084658,0.21164021164021168
612,0.1445020149683362,0.04375359815774323,0.1421991940126655,0.03684513529073115,0.05296488198042602,0.031088082901554404,0.08175014392630973,0.09096142774899252,0.12607944732297063,0.24985607369027057
613,0.11625514403292178,0.12551440329218105,0.1090534979423868,0.14711934156378598,0.06172839506172838,0.06584362139917695,0.0905349794238683,0.10288065843621397,0.11213991769547323,0.06893004115226337
614,0.0639412997903564,0.07023060796645703,0.20020964360587,0.10482180293501048,0.08490566037735849,0.10377358490566038,0.16037735849056603,0.08071278825995808,0.07442348008385745,0.05660377358490566
615,0.10227272727272725,0.08207070707070706,0.05934343434343433,0.1401515151515151,0.08207070707070706,0.07196969696969696,0.10984848484848482,0.10732323232323229,0.058080808080808066,0.18686868686868685
616,0.10945273631840796,0.0845771144278607,0.08955223880597014,0.10530679933665009,0.2296849087893864,0.05223880597014925,0.10530679933665009,0.11608623548922056,0.04809286898839138,0.05970149253731343
617,0.09363295880149815,0.08863920099875157,0.17103620474406994,0.09987515605493134,0.1223470661672909,0.06991260923845195,0.08239700374531836,0.11860174781523097,0.07240948813982523,0.08114856429463173
618,0.10294117647058824,0.0735294117647059,0.0931372549019608,0.07679738562091505,0.08333333333333334,0.1535947712418301,0.14379084967320263,0.09803921568627452,0.08823529411764708,0.0866013071895425
619,0.07158119658119659,0.12072649572649574,0.06623931623931625,0.10149572649572651,0.0576923076923077,0.06517094017094019,0.0747863247863248,0.07905982905982907,0.2061965811965812,0.15705128205128208
620,0.05179615705931495,0.07017543859649122,0.06850459482038429,0.1670843776106934,0.08688387635756056,0.10442773600668337,0.03759398496240601,0.12280701754385964,0.12197159565580618,0.16875522138680032
621,0.10592592592592594,0.10074074074074076,0.09703703703703705,0.1414814814814815,0.09333333333333335,0.10592592592592594,0.13925925925925928,0.12444444444444445,0.05185185185185186,0.04000000000000001
622,0.07468123861566485,0.10382513661202186,0.09927140255009108,0.07285974499089254,0.21584699453551912,0.12477231329690346,0.11293260473588343,0.08378870673952642,0.060109289617486336,0.05191256830601093
623,0.09784411276948592,0.13101160862354894,0.11111111111111112,0.07628524046434496,0.10945273631840798,0.08126036484245441,0.12106135986733003,0.08126036484245441,0.07794361525704811,0.11276948590381428
624,0.11392405063291139,0.10829817158931083,0.16033755274261605,0.0970464135021097,0.1209563994374121,0.07313642756680731,0.09282700421940929,0.08016877637130802,0.08720112517580872,0.06610407876230662
625,0.15061728395061733,0.14814814814814817,0.10864197530864199,0.10617283950617286,0.16543209876543213,0.04362139917695474,0.057613168724279844,0.10288065843621401,0.07078189300411523,0.04609053497942388
626,0.0989159891598916,0.08265582655826559,0.1016260162601626,0.13279132791327913,0.09349593495934959,0.0989159891598916,0.06910569105691057,0.0975609756097561,0.13008130081300814,0.0948509485094851
627,0.07881136950904392,0.06718346253229975,0.11627906976744186,0.1330749354005168,0.05813953488372093,0.09560723514211886,0.12403100775193798,0.10335917312661498,0.11498708010335917,0.10852713178294573
628,0.05195843325339728,0.1286970423661071,0.05515587529976019,0.07354116706634692,0.29896083133493206,0.08393285371702638,0.06874500399680256,0.08952837729816147,0.10151878497202238,0.047961630695443645
629,0.07142857142857144,0.1301587301587302,0.20952380952380956,0.10793650793650796,0.11587301587301589,0.061111111111111116,0.07301587301587303,0.06984126984126986,0.09603174603174605,0.0650793650793651
630,0.08940972222222222,0.08072916666666667,0.11805555555555555,0.0625,0.046875,0.08246527777777778,0.2960069444444444,0.11197916666666667,0.05642361111111111,0.05555555555555555
631,0.057777777777777775,0.0811111111111111,0.07555555555555556,0.2411111111111111,0.07444444444444444,0.12,0.16444444444444445,0.06111111111111111,0.051111111111111114,0.07333333333333333
632,0.04273504273504274,0.07027540360873695,0.1016144349477683,0.11490978157644825,0.07597340930674265,0.08641975308641976,0.21652421652421655,0.06362773029439697,0.05413105413105414,0.17378917378917383
633,0.1288416075650118,0.05555555555555555,0.1276595744680851,0.07092198581560284,0.08392434988179669,0.06382978723404255,0.057919621749408984,0.10401891252955082,0.15839243498817968,0.14893617021276595
634,0.050890585241730284,0.08227311280746397,0.08396946564885498,0.07294317217981341,0.21882951653944024,0.06361323155216286,0.10093299406276507,0.20780322307039867,0.04580152671755726,0.07294317217981341
635,0.1711711711711712,0.14914914914914917,0.09409409409409411,0.06306306306306307,0.060060060060060066,0.0850850850850851,0.11911911911911913,0.06506506506506508,0.0830830830830831,0.11011011011011013
636,0.1294037940379404,0.11653116531165311,0.03556910569105691,0.2669376693766938,0.15142276422764228,0.03421409214092141,0.04403794037940379,0.11957994579945799,0.03319783197831978,0.06910569105691057
637,0.08602150537634409,0.07287933094384708,0.09438470728793309,0.11708482676224612,0.07646356033452807,0.1983273596176822,0.11947431302270012,0.0908004778972521,0.07048984468339307,0.07407407407407407
638,0.12431243124312431,0.10451045104510451,0.0704070407040704,0.09130913091309131,0.2068206820682068,0.0781078107810781,0.08250825082508251,0.0814081408140814,0.061606160616061605,0.09900990099009901
639,0.08708708708708708,0.08558558558558559,0.07357357357357357,0.0945945945945946,0.0945945945945946,0.08258258258258258,0.07807807807807808,0.0915915915915916,0.14414414414414414,0.16816816816816818
640,0.09935897435897435,0.057692307692307696,0.06303418803418803,0.08974358974358974,0.06837606837606838,0.28739316239316237,0.07158119658119658,0.06196581196581197,0.057692307692307696,0.14316239316239315
641,0.09327846364883402,0.1550068587105624,0.08093278463648834,0.07818930041152264,0.08093278463648834,0.1083676268861454,0.06172839506172839,0.08641975308641975,0.08367626886145405,0.17146776406035666
642,0.0883190883190883,0.09781576448243112,0.11111111111111108,0.08736942070275402,0.07027540360873692,0.14150047483380815,0.10161443494776826,0.07027540360873692,0.1547958214624881,0.07692307692307691
643,0.09700176366843036,0.11287477954144623,0.07936507936507937,0.16225749559082894,0.10052910052910055,0.09523809523809526,0.09700176366843036,0.08465608465608467,0.09171075837742505,0.07936507936507937
644,0.0735294117647059,0.17810457516339873,0.09640522875816995,0.12745098039215688,0.10130718954248367,0.0866013071895425,0.08006535947712419,0.1062091503267974,0.07516339869281047,0.07516339869281047
645,0.1903133903133903,0.0660968660968661,0.06666666666666667,0.04957264957264957,0.07920227920227921,0.03076923076923077,0.06324786324786325,0.12364672364672365,0.2319088319088319,0.09857549857549858
646,0.10457516339869281,0.13202614379084968,0.058823529411764705,0.07712418300653595,0.07581699346405228,0.12287581699346405,0.0718954248366013,0.11895424836601307,0.12418300653594772,0.11372549019607843
647,0.09427609427609428,0.0819304152637486,0.06846240179573512,0.10437710437710437,0.09539842873176206,0.11784511784511785,0.08866442199775533,0.1728395061728395,0.0707070707070707,0.10549943883277217
648,0.09777777777777778,0.06814814814814815,0.11407407407407408,0.10814814814814815,0.08296296296296296,0.08,0.07111111111111111,0.14222222222222222,0.13037037037037036,0.10518518518518519
649,0.05708460754332314,0.12945973496432212,0.06320081549439348,0.09276248725790011,0.09480122324159021,0.07543323139653414,0.0672782874617737,0.18654434250764526,0.14169215086646278,0.09174311926605505
650,0.08378870673952643,0.0819672131147541,0.10382513661202188,0.08561020036429874,0.0819672131147541,0.10564663023679419,0.1876138433515483,0.09653916211293262,0.09107468123861567,0.0819672131147541
651,0.09722222222222222,0.0787037037037037,0.08796296296296297,0.09259259259259259,0.07098765432098765,0.13271604938271606,0.08179012345679013,0.11574074074074074,0.08950617283950617,0.1527777777777778
652,0.0970464135021097,0.09142053445850915,0.09282700421940929,0.09423347398030943,0.08016877637130802,0.11251758087201125,0.10829817158931083,0.11673699015471167,0.11954992967651196,0.08720112517580872
653,0.04286964129483815,0.07874015748031496,0.2650918635170604,0.047244094488188976,0.0752405949256343,0.0857392825896763,0.14698162729658792,0.10761154855643044,0.06299212598425197,0.08748906386701662
654,0.07936507936507936,0.09523809523809523,0.13051146384479717,0.09523809523809523,0.07936507936507936,0.10934744268077601,0.14991181657848324,0.08289241622574955,0.09700176366843033,0.08112874779541446
655,0.0989247311827957,0.060215053763440864,0.0931899641577061,0.044444444444444446,0.08888888888888889,0.08530465949820788,0.16559139784946236,0.0939068100358423,0.07813620071684588,0.1913978494623656
656,0.08607198748043818,0.081377151799687,0.0892018779342723,0.07042253521126761,0.07355242566510173,0.15492957746478872,0.07198748043818466,0.10015649452269171,0.12832550860719874,0.14397496087636932
657,0.13685636856368563,0.15176151761517614,0.07317073170731707,0.07588075880758807,0.11788617886178862,0.0921409214092141,0.07181571815718157,0.11517615176151762,0.07859078590785908,0.08672086720867209
658,0.07936507936507936,0.07936507936507936,0.14991181657848324,0.08465608465608465,0.07936507936507936,0.09523809523809523,0.13403880070546736,0.08641975308641975,0.1111111111111111,0.10052910052910052
659,0.06311111111111112,0.23555555555555555,0.09866666666666667,0.10488888888888889,0.06755555555555555,0.06222222222222222,0.17244444444444446,0.05333333333333334,0.041777777777777775,0.10044444444444445
660,0.07936507936507937,0.17346938775510207,0.07709750566893425,0.12131519274376419,0.09750566893424038,0.06462585034013607,0.07029478458049888,0.07029478458049888,0.14285714285714288,0.10317460317460318
661,0.07903780068728522,0.07331042382588775,0.061855670103092786,0.058419243986254296,0.15693012600229095,0.09278350515463918,0.12485681557846506,0.13402061855670103,0.10194730813287514,0.11683848797250859
662,0.11288888888888889,0.22666666666666666,0.08355555555555555,0.04888888888888889,0.18133333333333335,0.064,0.07733333333333334,0.07288888888888889,0.08977777777777778,0.042666666666666665
663,0.09859154929577464,0.0782472613458529,0.1298904538341158,0.07355242566510173,0.107981220657277,0.07668231611893583,0.08607198748043818,0.15336463223787167,0.10172143974960876,0.09389671361502347
664,0.07832422586520947,0.09744990892531877,0.10382513661202186,0.09198542805100182,0.08105646630236794,0.12568306010928962,0.1785063752276867,0.075591985428051,0.075591985428051,0.09198542805100182
665,0.07723577235772358,0.09146341463414634,0.04336043360433604,0.04403794037940379,0.06775067750677506,0.06842818428184282,0.04878048780487805,0.1632791327913279,0.0989159891598916,0.2967479674796748
666,0.06911636045494314,0.21784776902887146,0.06911636045494314,0.10586176727909014,0.16272965879265094,0.044619422572178484,0.056867891513560816,0.10761154855643047,0.06999125109361332,0.09623797025371832
667,0.05197132616487456,0.13620071684587817,0.07795698924731184,0.206989247311828,0.08154121863799285,0.0949820788530466,0.15860215053763443,0.07795698924731184,0.057347670250896064,0.05645161290322581
668,0.10119047619047619,0.0496031746031746,0.09226190476190477,0.07341269841269842,0.08035714285714286,0.07837301587301587,0.10218253968253968,0.1111111111111111,0.16071428571428573,0.15079365079365079
669,0.16239316239316243,0.09157509157509158,0.06593406593406595,0.06715506715506717,0.05982905982905984,0.10500610500610502,0.15995115995115997,0.09157509157509158,0.1098901098901099,0.0866910866910867
670,0.10144927536231885,0.10869565217391304,0.11352657004830918,0.11352657004830918,0.13043478260869565,0.05434782608695652,0.10386473429951691,0.07367149758454106,0.09420289855072464,0.10628019323671498
671,0.15718157181571815,0.07588075880758807,0.08401084010840108,0.06233062330623306,0.06639566395663957,0.1043360433604336,0.18834688346883469,0.08401084010840108,0.08672086720867209,0.09078590785907859
672,0.09341825902335456,0.07077140835102619,0.07147912243453644,0.10828025477707007,0.08563340410474168,0.07147912243453644,0.06227883934890304,0.10686482661004953,0.12101910828025478,0.20877565463552725
673,0.1,0.07142857142857142,0.14603174603174604,0.0873015873015873,0.08888888888888889,0.10476190476190476,0.12222222222222222,0.1126984126984127,0.08095238095238096,0.08571428571428572
674,0.08558558558558559,0.08708708708708708,0.1006006006006006,0.08408408408408409,0.12912912912912913,0.1006006006006006,0.13963963963963963,0.1006006006006006,0.08258258258258258,0.09009009009009009
675,0.09329140461215933,0.10587002096436059,0.22536687631027252,0.09643605870020965,0.10587002096436059,0.08385744234800839,0.07861635220125786,0.08385744234800839,0.07127882599580712,0.05555555555555555
676,0.08977189109639441,0.0640176600441501,0.09050772626931568,0.0640176600441501,0.05077262693156733,0.07652685798381163,0.21559970566593084,0.11258278145695365,0.08167770419426049,0.1545253863134658
677,0.06568446899938613,0.11540822590546347,0.08287292817679558,0.15776550030693678,0.10497237569060773,0.07059545733578883,0.1712707182320442,0.0570902394106814,0.10313075506445672,0.07120933087783916
678,0.10339506172839504,0.09104938271604937,0.1311728395061728,0.1126543209876543,0.06944444444444443,0.08641975308641973,0.0987654320987654,0.13734567901234565,0.08179012345679011,0.08796296296296295
679,0.06172839506172839,0.07407407407407407,0.0728395061728395,0.07037037037037037,0.17777777777777778,0.1,0.10123456790123457,0.1654320987654321,0.0962962962962963,0.08024691358024691
680,0.09788359788359789,0.0806878306878307,0.13359788359788363,0.10052910052910054,0.10582010582010583,0.06613756613756615,0.09656084656084657,0.0806878306878307,0.13492063492063494,0.10317460317460318
681,0.06385696040868455,0.07790549169859515,0.07151979565772669,0.1136653895274585,0.14814814814814814,0.06896551724137931,0.20561941251596424,0.10855683269476372,0.0842911877394636,0.05747126436781609
682,0.07355242566510173,0.07042253521126761,0.09389671361502347,0.09076682316118936,0.1111111111111111,0.13928012519561817,0.14397496087636932,0.10015649452269171,0.09389671361502347,0.08294209702660407
683,0.10123456790123457,0.03738977072310406,0.1001763668430335,0.09594356261022928,0.3689594356261023,0.06878306878306878,0.02927689594356261,0.0980599647266314,0.054673721340388004,0.0455026455026455
684,0.09090909090909091,0.09217171717171717,0.06186868686868687,0.10858585858585859,0.255050505050505,0.06439393939393939,0.07828282828282829,0.1148989898989899,0.05808080808080808,0.07575757575757576
685,0.11780455153949129,0.06224899598393574,0.07362784471218206,0.059571619812583666,0.07697456492637215,0.07161981258366801,0.10508701472556894,0.13721552878179386,0.08634538152610442,0.20950468540829986
686,0.051515151515151514,0.05858585858585859,0.05757575757575758,0.10202020202020202,0.18686868686868688,0.09191919191919191,0.11515151515151516,0.11717171717171718,0.15252525252525254,0.06666666666666667
687,0.07692307692307693,0.14358974358974358,0.10427350427350428,0.13846153846153847,0.07863247863247863,0.08888888888888889,0.09914529914529914,0.10427350427350428,0.08888888888888889,0.07692307692307693
688,0.14577777777777778,0.04533333333333334,0.06311111111111112,0.043555555555555556,0.060444444444444446,0.13244444444444445,0.05333333333333334,0.14222222222222222,0.19377777777777777,0.12
689,0.09746588693957116,0.08966861598440547,0.09356725146198831,0.10526315789473685,0.08966861598440547,0.08966861598440547,0.13060428849902536,0.09941520467836258,0.09161793372319689,0.11306042884990254
690,0.08863920099875156,0.08614232209737828,0.05867665418227216,0.0749063670411985,0.12359550561797752,0.06117353308364544,0.066167290886392,0.09238451935081149,0.1560549313358302,0.19225967540574282
691,0.09057971014492754,0.057971014492753624,0.0640096618357488,0.09057971014492754,0.0748792270531401,0.3695652173913043,0.06521739130434782,0.057971014492753624,0.057971014492753624,0.07125603864734299
692,0.06084656084656084,0.07804232804232804,0.14417989417989419,0.07671957671957672,0.09523809523809523,0.0701058201058201,0.17724867724867724,0.07407407407407407,0.09788359788359788,0.12566137566137567
693,0.107095046854083,0.12985274431057564,0.08835341365461848,0.0642570281124498,0.07898259705488621,0.06693440428380187,0.09504685408299866,0.11378848728246319,0.10843373493975904,0.14725568942436412
694,0.09468599033816427,0.1033816425120773,0.10144927536231886,0.06280193236714977,0.05024154589371981,0.11690821256038648,0.12270531400966185,0.1884057971014493,0.06183574879227054,0.09758454106280194
695,0.12169312169312169,0.07936507936507936,0.09700176366843033,0.07936507936507936,0.09876543209876543,0.09700176366843033,0.09523809523809523,0.10758377425044091,0.12345679012345678,0.10052910052910052
696,0.05015432098765432,0.21450617283950618,0.08256172839506173,0.040123456790123455,0.19830246913580246,0.07021604938271606,0.09567901234567901,0.11419753086419752,0.06867283950617284,0.06558641975308642
697,0.15555555555555559,0.1620915032679739,0.06535947712418302,0.06535947712418302,0.0627450980392157,0.07320261437908498,0.07450980392156864,0.07320261437908498,0.18562091503267977,0.0823529411764706
698,0.10699588477366255,0.16358024691358025,0.12448559670781893,0.07716049382716049,0.102880658436214,0.0668724279835391,0.11522633744855967,0.09773662551440329,0.08539094650205761,0.059670781893004114
699,0.12478632478632479,0.11282051282051282,0.10085470085470086,0.07692307692307693,0.07863247863247863,0.09401709401709402,0.14188034188034188,0.08547008547008547,0.10598290598290598,0.07863247863247863
700,0.1037037037037037,0.07851851851851852,0.07407407407407407,0.07407407407407407,0.12,0.08148148148148149,0.06666666666666667,0.09333333333333334,0.21185185185185185,0.0962962962962963
701,0.08080808080808081,0.09932659932659933,0.07744107744107744,0.08922558922558922,0.09090909090909091,0.08249158249158249,0.07575757575757576,0.09090909090909091,0.18013468013468015,0.132996632996633
702,0.05555555555555556,0.09362139917695475,0.07818930041152265,0.11831275720164611,0.08230452674897121,0.18415637860082307,0.1131687242798354,0.14506172839506176,0.0617283950617284,0.06790123456790124
703,0.0954861111111111,0.0920138888888889,0.08680555555555555,0.109375,0.078125,0.1076388888888889,0.11458333333333333,0.10069444444444445,0.10590277777777778,0.109375
704,0.11608623548922056,0.07628524046434494,0.07960199004975124,0.08955223880597014,0.0845771144278607,0.08623548922056384,0.13266998341625208,0.12935323383084577,0.11608623548922056,0.08955223880597014
705,0.07777777777777779,0.07460317460317462,0.07619047619047621,0.09523809523809525,0.23492063492063495,0.07142857142857144,0.07142857142857144,0.07619047619047621,0.09206349206349208,0.1301587301587302
706,0.1521585279547063,0.1259731068648266,0.055909412597310686,0.2278839348903043,0.05732484076433121,0.03750884642604388,0.09624911535739561,0.08421797593772117,0.06086341118188252,0.10191082802547771
707,0.08585858585858586,0.06986531986531987,0.05218855218855219,0.2609427609427609,0.09343434343434344,0.04713804713804714,0.10016835016835017,0.09006734006734007,0.08754208754208755,0.1127946127946128
708,0.162280701754386,0.09064327485380118,0.15497076023391815,0.08333333333333334,0.06578947368421054,0.09210526315789475,0.10233918128654972,0.08918128654970761,0.09210526315789475,0.0672514619883041
709,0.13725490196078433,0.10784313725490197,0.08061002178649238,0.08278867102396514,0.11655773420479303,0.06535947712418301,0.14161220043572983,0.07298474945533769,0.10784313725490197,0.08714596949891068
710,0.1288888888888889,0.052222222222222225,0.07888888888888888,0.06777777777777778,0.06777777777777778,0.08888888888888889,0.24222222222222223,0.08555555555555555,0.07666666666666666,0.1111111111111111
711,0.07669616519174043,0.07866273352999018,0.08062930186823994,0.2979351032448378,0.10521140609636186,0.05014749262536874,0.11012782694198625,0.057030481809242875,0.052114060963618494,0.09144542772861358
712,0.05747126436781609,0.08556832694763729,0.06002554278416347,0.09450830140485313,0.15964240102171137,0.1111111111111111,0.1724137931034483,0.0970625798212005,0.07279693486590039,0.08939974457215837
713,0.07723577235772358,0.13008130081300814,0.08672086720867209,0.06368563685636856,0.15853658536585366,0.06639566395663957,0.1070460704607046,0.11517615176151762,0.08943089430894309,0.10569105691056911
714,0.17481481481481484,0.11925925925925929,0.05851851851851853,0.04296296296296297,0.15185185185185188,0.0851851851851852,0.046666666666666676,0.11333333333333336,0.05703703703703705,0.1503703703703704
715,0.15634218289085547,0.11504424778761062,0.07374631268436578,0.0776794493608653,0.10226155358898721,0.06096361848574238,0.12586037364798427,0.09636184857423795,0.09832841691248771,0.09341199606686332
716,0.07544581618655692,0.07407407407407407,0.07270233196159122,0.12345679012345678,0.0850480109739369,0.14814814814814814,0.09327846364883402,0.08367626886145405,0.18244170096021947,0.06172839506172839
717,0.11965811965811968,0.10185185185185186,0.04665242165242166,0.06552706552706554,0.06232193732193733,0.04594017094017095,0.03133903133903135,0.12962962962962965,0.33511396011396016,0.061965811965811975
718,0.08780108780108781,0.06682206682206682,0.0644910644910645,0.11888111888111888,0.11655011655011654,0.09867909867909867,0.08080808080808081,0.11266511266511267,0.15384615384615385,0.09945609945609946
719,0.08034188034188035,0.14188034188034188,0.11282051282051282,0.09401709401709402,0.08034188034188035,0.08717948717948718,0.09572649572649573,0.08888888888888889,0.08034188034188035,0.13846153846153847
720,0.07751937984496124,0.09819121447028424,0.10852713178294573,0.12144702842377261,0.07493540051679587,0.16279069767441862,0.11498708010335917,0.08010335917312661,0.06847545219638243,0.09302325581395349
721,0.07355242566510174,0.10954616588419407,0.08137715179968702,0.08607198748043819,0.1392801251956182,0.10172143974960877,0.08607198748043819,0.0970266040688576,0.11111111111111112,0.11424100156494524
722,0.13641364136413642,0.0891089108910891,0.07260726072607261,0.09790979097909791,0.06930693069306931,0.061606160616061605,0.11001100110011001,0.09790979097909791,0.06490649064906491,0.2002200220022002
723,0.07510288065843622,0.08539094650205761,0.056584362139917695,0.23868312757201646,0.1728395061728395,0.07304526748971193,0.09773662551440329,0.05864197530864197,0.0823045267489712,0.059670781893004114
724,0.08080808080808081,0.0881542699724518,0.14784205693296604,0.0743801652892562,0.0881542699724518,0.09366391184573003,0.06611570247933884,0.19834710743801653,0.06978879706152434,0.09274563820018365
725,0.08139534883720932,0.11111111111111112,0.09560723514211887,0.09431524547803619,0.13049095607235145,0.06459948320413438,0.1046511627906977,0.12015503875968994,0.09819121447028425,0.09948320413436694
726,0.0837138508371385,0.1141552511415525,0.15220700152207,0.0958904109589041,0.1050228310502283,0.0943683409436834,0.0684931506849315,0.0958904109589041,0.091324200913242,0.0989345509893455
727,0.18233618233618235,0.05698005698005698,0.0560303893637227,0.07502374169040836,0.13010446343779677,0.06552706552706553,0.05698005698005698,0.12345679012345678,0.0892687559354226,0.16429249762583095
728,0.10541310541310542,0.11538461538461539,0.07692307692307693,0.07407407407407407,0.1623931623931624,0.09829059829059829,0.1282051282051282,0.07407407407407407,0.10113960113960115,0.0641025641025641
729,0.12903225806451615,0.09916367980884111,0.06451612903225808,0.12186379928315413,0.15173237753882918,0.10394265232974911,0.059737156511350066,0.12066905615292714,0.07885304659498209,0.07048984468339309
730,0.0906578220011056,0.07296849087893865,0.15588723051409623,0.1459369817578773,0.09176340519624103,0.030403537866224437,0.19071310116086237,0.05970149253731344,0.08015478164731897,0.08181315644002213
731,0.0591016548463357,0.061465721040189124,0.18912529550827423,0.0673758865248227,0.06973995271867613,0.11347517730496454,0.2198581560283688,0.1016548463356974,0.06264775413711583,0.05555555555555555
732,0.07507507507507508,0.1021021021021021,0.08408408408408409,0.07507507507507508,0.08858858858858859,0.08708708708708708,0.13063063063063063,0.10960960960960961,0.10810810810810811,0.13963963963963963
733,0.12979351032448377,0.09046214355948869,0.0471976401179941,0.06293018682399214,0.05506391347099312,0.19960668633235004,0.16027531956735497,0.06686332350049164,0.12586037364798427,0.061946902654867256
734,0.08333333333333333,0.07275132275132275,0.06613756613756613,0.06481481481481481,0.09126984126984126,0.10317460317460317,0.0701058201058201,0.10317460317460317,0.09788359788359788,0.24735449735449735
735,0.11769260549748356,0.04336043360433605,0.04878048780487806,0.03135888501742161,0.33139759969028265,0.06658923732094466,0.03368176538908247,0.21176926054974837,0.04723190089043748,0.06813782423538522
736,0.0905982905982906,0.08547008547008547,0.09914529914529914,0.0905982905982906,0.07692307692307693,0.20341880341880342,0.08034188034188035,0.09914529914529914,0.09401709401709402,0.08034188034188035
737,0.1156773211567732,0.1324200913242009,0.0821917808219178,0.1491628614916286,0.0715372907153729,0.0943683409436834,0.0989345509893455,0.0684931506849315,0.1050228310502283,0.0821917808219178
738,0.09206349206349207,0.07301587301587302,0.1,0.13968253968253969,0.08253968253968254,0.14603174603174604,0.1365079365079365,0.07142857142857142,0.07777777777777778,0.08095238095238096
739,0.09985935302390998,0.09142053445850915,0.10126582278481013,0.08157524613220815,0.090014064697609,0.10126582278481013,0.09563994374120956,0.0829817158931083,0.14345991561181434,0.11251758087201125
740,0.0967741935483871,0.1057347670250896,0.08602150537634409,0.0913978494623656,0.08243727598566308,0.14157706093189965,0.11290322580645161,0.0931899641577061,0.0985663082437276,0.0913978494623656
741,0.062146892655367235,0.07909604519774012,0.10357815442561205,0.10828625235404897,0.11487758945386065,0.12146892655367232,0.05743879472693032,0.1374764595103578,0.04990583804143126,0.1657250470809793
742,0.0715372907153729,0.1582952815829528,0.0821917808219178,0.0700152207001522,0.1156773211567732,0.0745814307458143,0.1308980213089802,0.1202435312024353,0.1080669710806697,0.0684931506849315
743,0.10082304526748974,0.0925925925925926,0.0925925925925926,0.0925925925925926,0.10288065843621402,0.0925925925925926,0.0925925925925926,0.1152263374485597,0.11111111111111113,0.10699588477366258
744,0.05925925925925926,0.10148148148148148,0.09037037037037036,0.10074074074074074,0.040740740740740744,0.09185185185185185,0.07407407407407407,0.04296296296296296,0.06592592592592593,0.3325925925925926
745,0.1641697877652934,0.132334581772784,0.07677902621722846,0.08302122347066167,0.08052434456928839,0.052434456928838954,0.05930087390761548,0.09800249687890138,0.06367041198501873,0.18976279650436953
746,0.09349593495934959,0.07859078590785908,0.05758807588075881,0.0535230352303523,0.12804878048780488,0.052845528455284556,0.054878048780487805,0.23983739837398374,0.04878048780487805,0.19241192411924118
747,0.0813008130081301,0.0867208672086721,0.11111111111111112,0.09756097560975611,0.0894308943089431,0.10840108401084013,0.1747967479674797,0.06910569105691058,0.06775067750677508,0.11382113821138212
748,0.12698412698412698,0.07936507936507936,0.09876543209876543,0.10405643738977072,0.1111111111111111,0.07936507936507936,0.09523809523809523,0.08112874779541446,0.14462081128747795,0.07936507936507936
749,0.07632850241545892,0.07053140096618356,0.3091787439613526,0.054106280193236704,0.06956521739130433,0.08695652173913042,0.12173913043478259,0.08115942028985505,0.0753623188405797,0.05507246376811593
750,0.06426426426426426,0.07087087087087086,0.04624624624624624,0.14114114114114115,0.16036036036036036,0.03063063063063063,0.0942942942942943,0.03903903903903904,0.05345345345345345,0.2996996996996997
751,0.07326007326007326,0.13064713064713065,0.0695970695970696,0.10012210012210013,0.0757020757020757,0.1343101343101343,0.1978021978021978,0.06593406593406594,0.09035409035409035,0.06227106227106227
752,0.08068783068783068,0.06878306878306878,0.11375661375661375,0.07142857142857142,0.1865079365079365,0.07804232804232804,0.12037037037037036,0.1349206349206349,0.06613756613756613,0.07936507936507936
753,0.14457831325301201,0.07496653279785809,0.06291834002677375,0.07095046854082997,0.08165997322623827,0.08567603748326638,0.10174029451137882,0.10174029451137882,0.14457831325301201,0.13119143239625164
754,0.10185185185185185,0.082010582010582,0.082010582010582,0.07539682539682539,0.21296296296296297,0.10846560846560846,0.08862433862433862,0.12301587301587301,0.06349206349206349,0.062169312169312166
755,0.0871647509578544,0.09770114942528736,0.05363984674329502,0.07950191570881227,0.2710727969348659,0.06513409961685823,0.06609195402298851,0.09674329501915709,0.05268199233716475,0.13026819923371646
756,0.078125,0.09375,0.0954861111111111,0.09375,0.078125,0.08680555555555555,0.21180555555555555,0.10590277777777778,0.078125,0.078125
757,0.11494252873563218,0.08301404853128991,0.07279693486590039,0.16347381864623245,0.06130268199233716,0.1673052362707535,0.07662835249042145,0.0842911877394636,0.070242656449553,0.10600255427841634
758,0.06691919191919192,0.1148989898989899,0.10101010101010101,0.11237373737373738,0.10984848484848485,0.1830808080808081,0.08964646464646464,0.06818181818181818,0.08080808080808081,0.07323232323232323
759,0.08148148148148149,0.07901234567901234,0.06790123456790123,0.06296296296296296,0.16666666666666666,0.10617283950617284,0.09382716049382717,0.17407407407407408,0.07160493827160494,0.0962962962962963
760,0.08,0.11259259259259259,0.08444444444444445,0.07555555555555556,0.13333333333333333,0.12444444444444444,0.08888888888888889,0.12296296296296297,0.08888888888888889,0.08888888888888889
761,0.07451763140385895,0.07052561543579508,0.0718562874251497,0.23419827012641384,0.14171656686626746,0.043912175648702596,0.12974051896207583,0.10046573519627412,0.0771789753825682,0.05588822355289421
762,0.08006535947712418,0.08496732026143791,0.1715686274509804,0.07352941176470588,0.08006535947712418,0.09803921568627451,0.119281045751634,0.1111111111111111,0.09313725490196079,0.08823529411764706
763,0.08730158730158731,0.05555555555555556,0.07936507936507937,0.072562358276644,0.11224489795918369,0.199546485260771,0.17346938775510207,0.08730158730158731,0.07936507936507937,0.05328798185941044
764,0.1320754716981132,0.058001397624039136,0.20125786163522014,0.10062893081761007,0.06918238993710692,0.07547169811320754,0.1453529000698812,0.07547169811320754,0.08874912648497554,0.05380852550663871
765,0.0772005772005772,0.08513708513708514,0.1240981240981241,0.07936507936507936,0.10533910533910534,0.1204906204906205,0.049783549783549784,0.10461760461760462,0.12987012987012986,0.1240981240981241
766,0.07235142118863049,0.1421188630490956,0.06976744186046512,0.1511627906976744,0.08397932816537468,0.09560723514211886,0.10981912144702842,0.07751937984496124,0.11886304909560723,0.07881136950904392
767,0.11267605633802819,0.07668231611893585,0.08450704225352114,0.14866979655712054,0.07042253521126762,0.1533646322378717,0.08920187793427231,0.08450704225352114,0.08137715179968702,0.09859154929577466
768,0.1111111111111111,0.13176007866273354,0.08357915437561456,0.10914454277286136,0.08357915437561456,0.06489675516224189,0.19075712881022616,0.07079646017699115,0.0599803343166175,0.0943952802359882
769,0.09439528023598821,0.0648967551622419,0.054080629301868244,0.14454277286135697,0.08947885939036383,0.06293018682399215,0.044247787610619475,0.0648967551622419,0.19960668633235007,0.1809242871189774
770,0.07561728395061729,0.1111111111111111,0.08487654320987655,0.08641975308641975,0.08950617283950617,0.0941358024691358,0.20679012345679013,0.09876543209876543,0.08179012345679013,0.07098765432098765
771,0.08438818565400844,0.13220815752461323,0.11251758087201125,0.11673699015471167,0.0759493670886076,0.11533052039381153,0.1111111111111111,0.0829817158931083,0.08860759493670886,0.08016877637130802
772,0.22507122507122507,0.07692307692307693,0.08831908831908832,0.06695156695156695,0.06552706552706553,0.0641025641025641,0.10398860398860399,0.06552706552706553,0.1623931623931624,0.0811965811965812
773,0.07063492063492062,0.09444444444444441,0.1436507936507936,0.08412698412698412,0.12857142857142853,0.2436507936507936,0.08174603174603173,0.04603174603174603,0.06904761904761904,0.03809523809523809
774,0.09285714285714286,0.10634920634920635,0.11587301587301588,0.10396825396825397,0.18888888888888888,0.06587301587301587,0.09365079365079365,0.07063492063492063,0.08253968253968254,0.07936507936507936
775,0.14009661835748793,0.08405797101449275,0.17681159420289855,0.07729468599033816,0.12077294685990338,0.06280193236714976,0.10434782608695652,0.09758454106280193,0.05990338164251208,0.07632850241545894
776,0.049868766404199474,0.29133858267716534,0.05336832895888014,0.0568678915135608,0.0726159230096238,0.05774278215223097,0.0647419072615923,0.07086614173228346,0.13385826771653545,0.14873140857392825
777,0.1099290780141844,0.07210401891252956,0.12529550827423167,0.08037825059101655,0.08392434988179669,0.06973995271867613,0.14657210401891252,0.09810874704491726,0.10756501182033097,0.10638297872340426
778,0.09116809116809117,0.06695156695156695,0.06837606837606838,0.12535612535612536,0.19373219373219372,0.08404558404558404,0.0811965811965812,0.08974358974358974,0.07407407407407407,0.12535612535612536
779,0.09914529914529914,0.09230769230769231,0.08717948717948718,0.07692307692307693,0.08205128205128205,0.0905982905982906,0.10085470085470086,0.08547008547008547,0.1111111111111111,0.17435897435897435
780,0.07476635514018691,0.07165109034267912,0.22118380062305296,0.04776739356178609,0.056074766355140186,0.0612668743509865,0.20456905503634476,0.07061266874350987,0.07061266874350987,0.12149532710280374
781,0.05915267785771383,0.1838529176658673,0.09512390087929656,0.14948041566746603,0.20223820943245405,0.07034372501998401,0.053557154276578735,0.07993605115907274,0.050359712230215826,0.055955235811350916
782,0.06243386243386243,0.06772486772486773,0.09841269841269841,0.05925925925925926,0.10052910052910052,0.06878306878306878,0.13756613756613756,0.10158730158730159,0.21693121693121692,0.08677248677248678
783,0.07608695652173914,0.11594202898550725,0.28381642512077293,0.0640096618357488,0.059178743961352656,0.06763285024154589,0.09903381642512077,0.10869565217391304,0.06038647342995169,0.06521739130434782
784,0.06944444444444445,0.10339506172839506,0.10648148148148148,0.08024691358024691,0.07561728395061729,0.125,0.09722222222222222,0.07253086419753087,0.2006172839506173,0.06944444444444445
785,0.06069094304388423,0.21195144724556492,0.08683473389355743,0.09523809523809525,0.06255835667600375,0.08870214752567696,0.14565826330532217,0.07843137254901962,0.09430438842203549,0.07563025210084034
786,0.07313642756680731,0.12658227848101267,0.09985935302390998,0.09845288326300984,0.15752461322081576,0.12376933895921238,0.09423347398030943,0.0759493670886076,0.07735583684950774,0.07313642756680731
787,0.078125,0.08506944444444445,0.0954861111111111,0.078125,0.078125,0.09375,0.171875,0.10243055555555555,0.1388888888888889,0.078125
788,0.05555555555555555,0.09090909090909091,0.09175084175084175,0.31313131313131315,0.08080808080808081,0.049663299663299666,0.07828282828282829,0.09175084175084175,0.0723905723905724,0.07575757575757576
789,0.17983963344788087,0.3087056128293242,0.04524627720504009,0.04066437571592211,0.04009163802978236,0.04982817869415808,0.06071019473081329,0.08991981672394044,0.045819014891179836,0.13917525773195877
790,0.13092161929371235,0.09474590869939709,0.0628768303186908,0.07407407407407408,0.0938845822566753,0.043927648578811374,0.09819121447028425,0.09216192937123172,0.19035314384151597,0.11886304909560724
791,0.174320987654321,0.2365432098765432,0.056296296296296296,0.13925925925925925,0.10765432098765432,0.02419753086419753,0.037037037037037035,0.05975308641975308,0.08987654320987655,0.07506172839506173
792,0.07608695652173912,0.11231884057971012,0.09420289855072461,0.22584541062801927,0.05676328502415458,0.061594202898550714,0.07487922705314008,0.08212560386473429,0.10748792270531399,0.10869565217391301
793,0.08255243195002229,0.04239178937974118,0.06648817492190985,0.3266398929049531,0.13074520303435963,0.06871932173136991,0.07050423917893796,0.05131637661758142,0.08478357875948236,0.0758589915216421
794,0.08080808080808081,0.07936507936507936,0.07647907647907648,0.09379509379509379,0.18759018759018758,0.08080808080808081,0.06782106782106782,0.16594516594516595,0.09379509379509379,0.0735930735930736
795,0.06899641577060933,0.055555555555555566,0.059139784946236576,0.19175627240143375,0.29928315412186385,0.06272401433691757,0.06451612903225808,0.07616487455197134,0.07078853046594984,0.05107526881720432
796,0.07493540051679588,0.05943152454780362,0.05598621877691646,0.13006029285099055,0.2170542635658915,0.09474590869939709,0.06632213608957796,0.09043927648578813,0.06718346253229976,0.14384151593453923
797,0.09411764705882354,0.09803921568627452,0.07712418300653597,0.05882352941176471,0.06666666666666668,0.09019607843137256,0.09281045751633989,0.07973856209150328,0.25228758169934645,0.09019607843137256
798,0.10457516339869281,0.10457516339869281,0.0784313725490196,0.09640522875816994,0.0784313725490196,0.13071895424836602,0.09803921568627451,0.14705882352941177,0.08823529411764706,0.07352941176470588
799,0.08299866131191434,0.10441767068273093,0.09638554216867472,0.08299866131191434,0.07764390896921018,0.11646586345381528,0.0816599732262383,0.1311914323962517,0.09504685408299868,0.1311914323962517
800,0.11688311688311688,0.08225108225108226,0.07936507936507936,0.12987012987012986,0.12554112554112554,0.11255411255411256,0.06493506493506493,0.12265512265512266,0.08080808080808081,0.08513708513708514
801,0.07270233196159122,0.06721536351165981,0.07133058984910837,0.17969821673525377,0.1056241426611797,0.1412894375857339,0.13991769547325103,0.0644718792866941,0.08367626886145405,0.07407407407407407
802,0.1695601851851852,0.03935185185185186,0.05729166666666668,0.14351851851851855,0.04456018518518519,0.03703703703703704,0.08101851851851853,0.04108796296296297,0.2627314814814815,0.12384259259259262
803,0.11324786324786325,0.09615384615384616,0.09615384615384616,0.1111111111111111,0.09615384615384616,0.10042735042735043,0.09615384615384616,0.09615384615384616,0.09829059829059829,0.09615384615384616
804,0.13194444444444445,0.09027777777777778,0.08159722222222222,0.078125,0.08333333333333333,0.08680555555555555,0.078125,0.09895833333333333,0.0920138888888889,0.17881944444444445
805,0.0814814814814815,0.08000000000000002,0.0977777777777778,0.08444444444444446,0.08000000000000002,0.0814814814814815,0.15851851851851856,0.09481481481481482,0.1614814814814815,0.08000000000000002
806,0.10196078431372549,0.07581699346405228,0.09019607843137255,0.13071895424836602,0.12287581699346405,0.09411764705882353,0.10980392156862745,0.08627450980392157,0.09673202614379085,0.0915032679738562
807,0.07458143074581432,0.13698630136986303,0.09589041095890412,0.09284627092846272,0.07001522070015222,0.17503805175038054,0.08828006088280062,0.08523592085235922,0.06849315068493152,0.11263318112633182
808,0.09090909090909091,0.09090909090909091,0.10437710437710437,0.09595959595959595,0.07575757575757576,0.09932659932659933,0.20202020202020202,0.08417508417508418,0.08080808080808081,0.07575757575757576
809,0.09142053445850915,0.1308016877637131,0.06610407876230662,0.15611814345991562,0.10126582278481013,0.11673699015471167,0.1279887482419128,0.06891701828410689,0.06469760900140648,0.0759493670886076
810,0.11358024691358025,0.05596707818930041,0.3333333333333333,0.03950617283950617,0.04526748971193416,0.08559670781893004,0.11358024691358025,0.06584362139917696,0.06419753086419754,0.0831275720164609
811,0.07407407407407407,0.0823045267489712,0.1646090534979424,0.06172839506172839,0.06858710562414266,0.1467764060356653,0.1467764060356653,0.09465020576131687,0.07270233196159122,0.0877914951989026
812,0.08454106280193237,0.0893719806763285,0.10024154589371981,0.17270531400966183,0.10024154589371981,0.0821256038647343,0.07367149758454106,0.13526570048309178,0.0785024154589372,0.08333333333333333
813,0.0847457627118644,0.0847457627118644,0.08662900188323917,0.09981167608286252,0.08662900188323917,0.1016949152542373,0.11487758945386065,0.08662900188323917,0.15254237288135594,0.1016949152542373
814,0.07777777777777778,0.07142857142857142,0.08571428571428572,0.08253968253968254,0.10952380952380952,0.1,0.10317460317460317,0.08888888888888889,0.1253968253968254,0.15555555555555556
815,0.0945945945945946,0.11561561561561562,0.11711711711711711,0.1036036036036036,0.12012012012012012,0.07057057057057058,0.0990990990990991,0.0945945945945946,0.08408408408408409,0.1006006006006006
816,0.09133216986620128,0.035485747527632346,0.1012216404886562,0.04421175101803374,0.09656777196044211,0.03781268179173938,0.051192553810354854,0.13554392088423503,0.24490983129726585,0.16172193135543922
817,0.07142857142857144,0.1015873015873016,0.08730158730158731,0.10476190476190478,0.08730158730158731,0.09841269841269842,0.14761904761904765,0.07777777777777779,0.1507936507936508,0.07301587301587303
818,0.07179487179487179,0.14102564102564102,0.05726495726495726,0.05555555555555555,0.05897435897435897,0.1264957264957265,0.14957264957264957,0.13504273504273503,0.13931623931623932,0.06495726495726496
819,0.1370056497175141,0.0371939736346516,0.08333333333333333,0.0428436911487759,0.3549905838041431,0.04143126177024482,0.06120527306967985,0.07297551789077213,0.062146892655367235,0.1068738229755179
820,0.09090909090909091,0.12345679012345678,0.0819304152637486,0.17059483726150393,0.09427609427609428,0.09988776655443322,0.09427609427609428,0.1122334455667789,0.07519640852974187,0.05723905723905724
821,0.1111111111111111,0.11512717536813923,0.10307898259705489,0.10174029451137885,0.07095046854082998,0.1539491298527443,0.07228915662650602,0.08433734939759036,0.08835341365461848,0.09906291834002677
822,0.06633499170812604,0.02321724709784411,0.18490878938640132,0.022802653399668325,0.03399668325041459,0.03109452736318408,0.026533996683250415,0.4054726368159204,0.05306799336650083,0.15257048092868988
823,0.052910052910052914,0.046737213403880075,0.055996472663139334,0.09920634920634921,0.1507936507936508,0.10361552028218696,0.14902998236331572,0.10185185185185186,0.04232804232804233,0.19753086419753088
824,0.0989159891598916,0.07588075880758807,0.09349593495934959,0.10840108401084012,0.06233062330623306,0.17615176151761516,0.08401084010840108,0.07588075880758807,0.13008130081300814,0.0948509485094851
825,0.07264957264957266,0.08404558404558404,0.11823361823361823,0.07407407407407407,0.06695156695156695,0.1282051282051282,0.08831908831908832,0.12393162393162394,0.14387464387464388,0.09971509971509972
826,0.1757105943152455,0.12855297157622741,0.05555555555555556,0.12855297157622741,0.06459948320413438,0.04651162790697675,0.07105943152454781,0.08527131782945738,0.16279069767441864,0.08139534883720932
827,0.18419489007724305,0.15092097445038624,0.13131313131313135,0.08437314319667262,0.03921568627450981,0.08556149732620322,0.16874628639334524,0.04575163398692811,0.030303030303030307,0.07961972667855022
828,0.07407407407407407,0.09602194787379972,0.0877914951989026,0.09876543209876543,0.0850480109739369,0.1289437585733882,0.09602194787379972,0.09327846364883402,0.102880658436214,0.13717421124828533
829,0.05092592592592592,0.07154882154882154,0.06986531986531987,0.32365319865319864,0.16498316498316498,0.0664983164983165,0.05765993265993266,0.08543771043771044,0.06944444444444445,0.03998316498316498
830,0.08854166666666667,0.0798611111111111,0.11458333333333333,0.10590277777777778,0.078125,0.08159722222222222,0.0920138888888889,0.078125,0.15104166666666666,0.13020833333333334
831,0.08157524613220817,0.08016877637130804,0.11251758087201126,0.15049226441631508,0.15049226441631508,0.10407876230661042,0.07594936708860761,0.06751054852320676,0.1139240506329114,0.06329113924050635
832,0.08791208791208792,0.06593406593406594,0.06471306471306472,0.0927960927960928,0.0757020757020757,0.2796092796092796,0.054945054945054944,0.07936507936507936,0.08424908424908426,0.11477411477411477
833,0.07936507936507936,0.09347442680776014,0.09523809523809523,0.10758377425044091,0.08112874779541446,0.16225749559082892,0.09347442680776014,0.07936507936507936,0.1111111111111111,0.09700176366843033
834,0.07462686567164178,0.0812603648424544,0.08623548922056384,0.11608623548922056,0.08623548922056384,0.23383084577114427,0.08955223880597014,0.0779436152570481,0.07960199004975124,0.07462686567164178
835,0.1349206349206349,0.08571428571428572,0.10158730158730159,0.07142857142857142,0.08253968253968254,0.08888888888888889,0.11904761904761904,0.14285714285714285,0.08571428571428572,0.0873015873015873
836,0.11728395061728394,0.08024691358024691,0.10864197530864197,0.07777777777777778,0.06666666666666667,0.09753086419753086,0.19506172839506172,0.09012345679012346,0.08765432098765433,0.07901234567901234
837,0.10973936899862827,0.08779149519890261,0.08504801097393691,0.09327846364883403,0.13991769547325106,0.08641975308641976,0.14677640603566533,0.10288065843621401,0.08367626886145406,0.06447187928669411
838,0.0927960927960928,0.08424908424908426,0.14407814407814407,0.06715506715506715,0.0757020757020757,0.10866910866910867,0.1746031746031746,0.08913308913308914,0.06715506715506715,0.09645909645909646
839,0.08721624850657109,0.06212664277180406,0.08124253285543608,0.06093189964157706,0.13978494623655913,0.06332138590203107,0.07287933094384708,0.14217443249701314,0.16487455197132617,0.12544802867383512
840,0.12457912457912458,0.06974506974506975,0.02886002886002886,0.08080808080808081,0.31457431457431456,0.03463203463203463,0.07551707551707551,0.18422318422318423,0.027898027898027897,0.05916305916305916
841,0.07608695652173914,0.10507246376811594,0.08695652173913043,0.11956521739130435,0.13405797101449277,0.0785024154589372,0.17391304347826086,0.07367149758454106,0.0929951690821256,0.059178743961352656
842,0.07936507936507936,0.09700176366843033,0.08465608465608465,0.09700176366843033,0.08818342151675485,0.1164021164021164,0.19047619047619047,0.07936507936507936,0.08465608465608465,0.08289241622574955
843,0.16437098255280075,0.08999081726354453,0.07346189164370982,0.13314967860422405,0.05968778696051423,0.13039485766758493,0.11019283746556474,0.050505050505050504,0.08356290174471992,0.1046831955922865
844,0.11006289308176101,0.07023060796645703,0.0639412997903564,0.09958071278825996,0.059748427672955975,0.27148846960167716,0.08280922431865828,0.0859538784067086,0.08909853249475891,0.06708595387840671
845,0.06981981981981981,0.08558558558558559,0.04129129129129129,0.04354354354354354,0.2515015015015015,0.11786786786786786,0.052552552552552555,0.11561561561561562,0.1614114114114114,0.060810810810810814
846,0.06837606837606838,0.05641025641025641,0.14444444444444443,0.05811965811965812,0.05042735042735043,0.18034188034188034,0.21025641025641026,0.05726495726495726,0.08974358974358974,0.08461538461538462
847,0.06375227686703097,0.0588949605343048,0.07285974499089254,0.1050394656952034,0.0989678202792957,0.1196114146933819,0.1092896174863388,0.11596842744383729,0.1281117182756527,0.12750455373406194
848,0.08426966292134831,0.2222222222222222,0.04931335830212235,0.07740324594257178,0.04868913857677903,0.05805243445692884,0.07240948813982521,0.15106117353308365,0.16978776529338327,0.06679151061173533
849,0.06313131313131314,0.06944444444444445,0.09595959595959595,0.10479797979797979,0.07575757575757576,0.07954545454545454,0.22727272727272727,0.08585858585858586,0.12247474747474747,0.07575757575757576
850,0.06194125159642401,0.14942528735632185,0.0561941251596424,0.2835249042145594,0.08556832694763729,0.07790549169859515,0.08748403575989783,0.06513409961685823,0.09259259259259259,0.040229885057471264
851,0.06775067750677506,0.09349593495934959,0.11924119241192412,0.09349593495934959,0.07723577235772358,0.07994579945799458,0.16802168021680217,0.08130081300813008,0.12601626016260162,0.09349593495934959
852,0.09523809523809526,0.09523809523809526,0.10052910052910055,0.09347442680776015,0.08818342151675486,0.07936507936507937,0.15696649029982365,0.09171075837742505,0.08818342151675486,0.11111111111111113
853,0.08363201911589008,0.08243727598566308,0.07048984468339307,0.0991636798088411,0.08004778972520908,0.07407407407407407,0.10513739545997611,0.08602150537634409,0.2174432497013142,0.1015531660692951
854,0.07703703703703704,0.06814814814814815,0.0874074074074074,0.09481481481481481,0.08,0.22666666666666666,0.10222222222222223,0.07111111111111111,0.0874074074074074,0.10518518518518519
855,0.07301587301587302,0.17142857142857143,0.09682539682539683,0.07142857142857142,0.1,0.08571428571428572,0.12222222222222222,0.09206349206349207,0.08571428571428572,0.10158730158730159
856,0.10628019323671499,0.11594202898550726,0.09661835748792272,0.11111111111111112,0.07729468599033817,0.15942028985507248,0.08695652173913045,0.07407407407407408,0.08695652173913045,0.08534621578099841
857,0.08367626886145405,0.08093278463648834,0.07407407407407407,0.21810699588477367,0.10013717421124829,0.0877914951989026,0.10973936899862825,0.06172839506172839,0.07956104252400549,0.10425240054869685
858,0.10510510510510511,0.07807807807807808,0.07507507507507508,0.11711711711711711,0.1066066066066066,0.08108108108108109,0.10810810810810811,0.11411411411411411,0.06756756756756757,0.14714714714714713
859,0.08828006088280062,0.09741248097412482,0.11872146118721462,0.10045662100456622,0.10958904109589042,0.07305936073059362,0.09284627092846272,0.09132420091324202,0.11567732115677322,0.11263318112633182
860,0.08916323731138547,0.09327846364883402,0.1550068587105624,0.11796982167352538,0.09327846364883402,0.07544581618655692,0.13443072702331962,0.07681755829903979,0.09327846364883402,0.07133058984910837
861,0.08672086720867209,0.10840108401084012,0.13821138211382114,0.11382113821138211,0.057813911472448055,0.06142728093947606,0.09033423667570009,0.07226738934056007,0.11653116531165311,0.15447154471544716
862,0.12345679012345681,0.0760233918128655,0.07017543859649124,0.18908382066276808,0.11046133853151399,0.10201429499675116,0.044834307992202733,0.10331384015594544,0.10461338531513972,0.0760233918128655
863,0.24635241301907967,0.09090909090909091,0.03423120089786756,0.08978675645342311,0.09371492704826039,0.1015712682379349,0.08978675645342311,0.09595959595959595,0.05443322109988777,0.10325476992143659
864,0.14524765729585007,0.13453815261044177,0.12650602409638553,0.06559571619812583,0.08634538152610442,0.060240963855421686,0.051539491298527446,0.1358768406961178,0.050870147255689425,0.14323962516733602
865,0.10922787193973636,0.10922787193973636,0.08851224105461394,0.11487758945386066,0.08851224105461394,0.09227871939736348,0.11676082862523542,0.10357815442561207,0.08474576271186442,0.09227871939736348
866,0.13688430698739978,0.13287514318442153,0.1013745704467354,0.05899198167239404,0.08132875143184422,0.06529209621993128,0.09392898052691867,0.09621993127147767,0.06930126002290951,0.16380297823596793
867,0.0983722576079264,0.06652512384996462,0.11748053786270347,0.164897381457891,0.13446567586694974,0.08067940552016985,0.09624911535739561,0.06935598018400566,0.09695682944090588,0.07501769285208776
868,0.09616634178037686,0.0792722547108512,0.0903183885640026,0.09096816114359974,0.16244314489928524,0.08512020792722547,0.10331384015594541,0.13580246913580246,0.04743339831059129,0.10916179337231968
869,0.10416666666666667,0.07561728395061729,0.11265432098765432,0.07561728395061729,0.08873456790123457,0.043209876543209874,0.05015432098765432,0.1412037037037037,0.2052469135802469,0.10339506172839506
870,0.09090909090909091,0.09539842873176206,0.08473625140291807,0.15095398428731763,0.11167227833894501,0.038159371492704826,0.12682379349046016,0.06790123456790123,0.07519640852974187,0.15824915824915825
871,0.07213930348258707,0.05970149253731343,0.16334991708126037,0.04975124378109453,0.06965174129353234,0.10862354892205639,0.07628524046434494,0.15339966832504145,0.18822553897180763,0.05887230514096186
872,0.0749665327978581,0.10441767068273092,0.08032128514056225,0.09504685408299866,0.0749665327978581,0.10174029451137885,0.22088353413654618,0.0963855421686747,0.08165997322623829,0.06961178045515395
873,0.05172413793103448,0.0842911877394636,0.12164750957854406,0.1024904214559387,0.09482758620689655,0.05363984674329502,0.19157088122605365,0.12835249042145594,0.06321839080459771,0.1082375478927203
874,0.13131313131313133,0.16620752984389348,0.12396694214876033,0.048668503213957756,0.11937557392102846,0.06152433425160698,0.08172635445362718,0.1046831955922865,0.08723599632690542,0.07529843893480258
875,0.07317073170731707,0.11924119241192412,0.07317073170731707,0.1897018970189702,0.10840108401084012,0.08943089430894309,0.07588075880758807,0.07859078590785908,0.08672086720867209,0.10569105691056911
876,0.044082125603864736,0.12983091787439613,0.06763285024154589,0.08031400966183574,0.1068840579710145,0.050724637681159424,0.07246376811594203,0.29528985507246375,0.05314009661835749,0.09963768115942029
877,0.08823529411764706,0.13071895424836602,0.10457516339869281,0.09803921568627451,0.09477124183006536,0.10784313725490197,0.119281045751634,0.08660130718954248,0.08496732026143791,0.08496732026143791
878,0.11250000000000002,0.07916666666666668,0.07083333333333335,0.1305555555555556,0.14722222222222225,0.07500000000000001,0.16388888888888892,0.0638888888888889,0.08333333333333334,0.07361111111111113
879,0.14475743348982786,0.07902973395931143,0.04225352112676056,0.054773082942097026,0.23708920187793428,0.14397496087636932,0.046948356807511735,0.08294209702660407,0.1134585289514867,0.054773082942097026
880,0.1091091091091091,0.08508508508508508,0.04904904904904905,0.06906906906906907,0.08708708708708708,0.15915915915915915,0.06806806806806807,0.12212212212212212,0.06506506506506507,0.18618618618618618
881,0.07893139040680024,0.07589556769884638,0.058287795992714025,0.05768063145112325,0.04796599878567092,0.08864602307225258,0.17182756527018822,0.1092896174863388,0.08196721311475409,0.22950819672131148
882,0.0679611650485437,0.20064724919093854,0.10140237324703345,0.09385113268608415,0.11542610571736786,0.06903991370010788,0.180151024811219,0.07011866235167208,0.0528586839266451,0.048543689320388356
883,0.06559571619812585,0.16064257028112452,0.0816599732262383,0.10575635876840697,0.09370816599732264,0.09772423025435074,0.09504685408299868,0.1137884872824632,0.08567603748326641,0.10040160642570282
884,0.12309368191721135,0.06971677559912856,0.1742919389978214,0.10130718954248367,0.08278867102396516,0.062091503267973865,0.05773420479302833,0.12200435729847496,0.07189542483660132,0.13507625272331159
885,0.08449074074074074,0.13310185185185186,0.07175925925925926,0.10532407407407407,0.08564814814814815,0.11342592592592593,0.19212962962962962,0.07175925925925926,0.08333333333333333,0.059027777777777776
886,0.06552706552706553,0.08404558404558404,0.06837606837606838,0.07692307692307693,0.1225071225071225,0.07834757834757834,0.0754985754985755,0.09116809116809117,0.12108262108262108,0.21652421652421652
887,0.10357815442561205,0.11299435028248588,0.06779661016949153,0.05743879472693032,0.10546139359698682,0.07627118644067797,0.06685499058380415,0.11958568738229755,0.2297551789077213,0.060263653483992465
888,0.07021604938271607,0.06018518518518519,0.19135802469135804,0.05246913580246914,0.07253086419753088,0.15895061728395066,0.154320987654321,0.06481481481481483,0.05324074074074075,0.1219135802469136
889,0.07719298245614035,0.09941520467836257,0.05380116959064327,0.07368421052631578,0.07719298245614035,0.08771929824561403,0.08538011695906433,0.07368421052631578,0.26432748538011697,0.10760233918128655
890,0.06846240179573512,0.12570145903479238,0.10101010101010101,0.07519640852974187,0.08866442199775533,0.13692480359147025,0.17059483726150393,0.06846240179573512,0.08978675645342311,0.07519640852974187
891,0.130718954248366,0.06971677559912853,0.06753812636165576,0.07625272331154682,0.25490196078431365,0.10566448801742917,0.08169934640522875,0.07843137254901959,0.0708061002178649,0.06427015250544661
892,0.08235294117647059,0.08758169934640522,0.13202614379084968,0.06274509803921569,0.09542483660130718,0.09019607843137255,0.1895424836601307,0.10588235294117647,0.08366013071895424,0.07058823529411765
893,0.09185185185185185,0.10518518518518519,0.18074074074074073,0.06666666666666667,0.0725925925925926,0.09333333333333334,0.1288888888888889,0.11851851851851852,0.07555555555555556,0.06666666666666667
894,0.11904761904761904,0.05555555555555555,0.07837301587301587,0.07936507936507936,0.05654761904761905,0.08630952380952381,0.1775793650793651,0.1359126984126984,0.11904761904761904,0.09226190476190477
895,0.07824726134585291,0.11424100156494524,0.07668231611893585,0.10641627543035995,0.08450704225352114,0.11424100156494524,0.14866979655712054,0.08920187793427231,0.08920187793427231,0.09859154929577466
896,0.07698412698412699,0.05476190476190476,0.25476190476190474,0.13174603174603175,0.05952380952380952,0.046825396825396826,0.06111111111111111,0.12936507936507938,0.11349206349206349,0.07142857142857142
897,0.09702660406885759,0.09702660406885759,0.1189358372456964,0.07198748043818466,0.09389671361502347,0.08294209702660407,0.07198748043818466,0.18153364632237873,0.107981220657277,0.07668231611893583
898,0.10093896713615023,0.0649452269170579,0.03834115805946792,0.09467918622848201,0.050078247261345854,0.13536776212832552,0.04616588419405321,0.09076682316118936,0.229264475743349,0.14945226917057902
899,0.06770833333333333,0.13802083333333334,0.058159722222222224,0.1527777777777778,0.09114583333333333,0.08680555555555555,0.0703125,0.1935763888888889,0.0703125,0.07118055555555555
900,0.0836940836940837,0.1038961038961039,0.09523809523809523,0.0707070707070707,0.08080808080808081,0.0836940836940837,0.2222222222222222,0.07936507936507936,0.10822510822510822,0.07215007215007214
901,0.08641975308641975,0.07544581618655692,0.16598079561042525,0.09190672153635117,0.09327846364883402,0.09465020576131687,0.13031550068587106,0.0823045267489712,0.08367626886145405,0.09602194787379972
902,0.09479409479409481,0.1600621600621601,0.12276612276612278,0.1390831390831391,0.07770007770007771,0.08857808857808859,0.15073815073815078,0.055167055167055175,0.06293706293706296,0.04817404817404818
903,0.077834179357022,0.08967851099830795,0.050197405527354765,0.049069373942470386,0.05978567399887197,0.09475465313028765,0.05301748448956571,0.07445008460236886,0.1319796954314721,0.31923293852227863
904,0.08547008547008547,0.06752136752136752,0.10683760683760683,0.16923076923076924,0.08547008547008547,0.08034188034188035,0.040170940170940174,0.13247863247863248,0.1658119658119658,0.06666666666666667
905,0.11272923408845739,0.07874865156418555,0.061488673139158574,0.11974110032362459,0.06364617044228695,0.13160733549083065,0.12405609492988134,0.05070118662351672,0.07982740021574973,0.17745415318230853
906,0.1546961325966851,0.06568446899938614,0.046654389195825666,0.06261510128913446,0.08164518109269492,0.07243707796193985,0.052179251074278704,0.13382443216697362,0.23634131368938002,0.09392265193370167
907,0.08262108262108263,0.05508072174738842,0.11585944919278254,0.06362773029439697,0.06552706552706554,0.050332383665717004,0.06077872744539412,0.07217473884140552,0.33713200379867053,0.09686609686609687
908,0.07042253521126761,0.08607198748043818,0.08763693270735524,0.07511737089201878,0.08607198748043818,0.08450704225352113,0.23161189358372458,0.09389671361502347,0.107981220657277,0.07668231611893583
909,0.05198776758409786,0.10601427115188583,0.08154943934760449,0.08460754332313965,0.04994903160040775,0.2222222222222222,0.12130479102956167,0.127420998980632,0.09174311926605505,0.06320081549439348
910,0.13765432098765434,0.21358024691358027,0.035185185185185194,0.07839506172839508,0.1740740740740741,0.1234567901234568,0.10987654320987655,0.041975308641975316,0.02777777777777778,0.058024691358024696
911,0.06565656565656568,0.13973063973063976,0.10690235690235692,0.08501683501683503,0.1851851851851852,0.07154882154882156,0.17171717171717174,0.06144781144781145,0.06144781144781145,0.051346801346801356
912,0.06578947368421051,0.047880116959064314,0.23538011695906427,0.08625730994152045,0.10014619883040933,0.09466374269005845,0.06286549707602337,0.10745614035087717,0.08004385964912279,0.11951754385964909
913,0.11678004535147395,0.1213151927437642,0.1281179138321996,0.053287981859410444,0.1337868480725624,0.057823129251700696,0.06122448979591838,0.10657596371882089,0.08616780045351476,0.13492063492063494
914,0.08278867102396516,0.21677559912854033,0.09803921568627452,0.0871459694989107,0.09150326797385622,0.12854030501089328,0.07407407407407408,0.059912854030501096,0.08823529411764708,0.0729847494553377
915,0.0689170182841069,0.09845288326300985,0.1575246132208158,0.08438818565400845,0.10548523206751056,0.08438818565400845,0.12517580872011255,0.07313642756680733,0.10126582278481014,0.10126582278481014
916,0.09327846364883402,0.05555555555555555,0.2757201646090535,0.04526748971193416,0.043209876543209874,0.03497942386831276,0.04183813443072702,0.1522633744855967,0.1111111111111111,0.1467764060356653
917,0.08616780045351474,0.08390022675736962,0.1292517006802721,0.061224489795918366,0.0963718820861678,0.1054421768707483,0.18140589569160998,0.1054421768707483,0.05668934240362812,0.09410430839002268
918,0.08450704225352113,0.09076682316118936,0.0892018779342723,0.081377151799687,0.10641627543035993,0.10954616588419405,0.13145539906103287,0.07511737089201878,0.13302034428794993,0.09859154929577464
919,0.10493827160493827,0.06481481481481481,0.09362139917695474,0.05246913580246913,0.17181069958847736,0.2273662551440329,0.05452674897119342,0.09773662551440329,0.05864197530864197,0.07407407407407407
920,0.1867612293144208,0.09456264775413711,0.08037825059101655,0.05555555555555555,0.0933806146572104,0.11347517730496454,0.14657210401891252,0.0851063829787234,0.06501182033096926,0.07919621749408984
921,0.08571428571428572,0.12,0.10984126984126984,0.17587301587301588,0.1707936507936508,0.03619047619047619,0.06031746031746032,0.1346031746031746,0.052698412698412696,0.05396825396825397
922,0.07777777777777778,0.18333333333333332,0.056666666666666664,0.06555555555555556,0.05555555555555555,0.08777777777777777,0.1322222222222222,0.10222222222222223,0.08222222222222222,0.15666666666666668
923,0.12469135802469136,0.09259259259259259,0.05925925925925926,0.10864197530864197,0.07530864197530865,0.10740740740740741,0.0962962962962963,0.09753086419753086,0.07901234567901234,0.15925925925925927
924,0.06235827664399093,0.08390022675736962,0.0691609977324263,0.06689342403628118,0.09410430839002268,0.13038548752834467,0.07029478458049887,0.15532879818594103,0.17573696145124718,0.09183673469387756
925,0.09166666666666665,0.10138888888888886,0.11111111111111108,0.09166666666666665,0.07083333333333332,0.14027777777777775,0.17499999999999996,0.08333333333333331,0.06805555555555554,0.06666666666666665
926,0.08275862068965517,0.08275862068965517,0.09808429118773947,0.05210727969348659,0.12720306513409962,0.06896551724137931,0.0743295019157088,0.06283524904214559,0.2950191570881226,0.055938697318007664
927,0.1421188630490956,0.05598621877691645,0.08613264427217916,0.0714900947459087,0.22136089577950044,0.07751937984496124,0.06373815676141258,0.11369509043927649,0.11800172265288544,0.04995693367786391
928,0.07287933094384708,0.16965352449223417,0.056152927120669056,0.1111111111111111,0.15412186379928317,0.12066905615292713,0.0991636798088411,0.07765830346475508,0.053763440860215055,0.08482676224611709
929,0.08276643990929705,0.09410430839002268,0.06802721088435375,0.13945578231292516,0.07256235827664399,0.15306122448979592,0.09750566893424037,0.06802721088435375,0.10090702947845805,0.1235827664399093
930,0.07994579945799458,0.1070460704607046,0.06504065040650407,0.1856368563685637,0.13685636856368563,0.08943089430894309,0.0948509485094851,0.06233062330623306,0.07588075880758807,0.10298102981029811
931,0.08620689655172414,0.10153256704980843,0.08812260536398467,0.08812260536398467,0.09003831417624521,0.10919540229885058,0.10919540229885058,0.12260536398467432,0.11302681992337164,0.09195402298850575
932,0.07407407407407408,0.0462962962962963,0.14300411522633746,0.13271604938271608,0.08641975308641976,0.05041152263374486,0.13065843621399179,0.08847736625514405,0.1594650205761317,0.08847736625514405
933,0.08966861598440545,0.09941520467836257,0.10721247563352826,0.14230019493177387,0.08771929824561403,0.08771929824561403,0.08771929824561403,0.08771929824561403,0.12280701754385964,0.08771929824561403
934,0.08888888888888889,0.07555555555555556,0.07703703703703704,0.09777777777777778,0.0962962962962963,0.10666666666666667,0.14814814814814814,0.07555555555555556,0.06814814814814815,0.16592592592592592
935,0.07303807303807304,0.128982128982129,0.050505050505050504,0.1445221445221445,0.048174048174048176,0.22144522144522144,0.09324009324009325,0.06371406371406371,0.10023310023310024,0.07614607614607614
936,0.1728395061728395,0.09567901234567901,0.07407407407407407,0.08950617283950617,0.08950617283950617,0.09876543209876543,0.10802469135802469,0.08333333333333333,0.11728395061728394,0.07098765432098765
937,0.06785980611483967,0.12602535421327368,0.11931394481730052,0.08873974645786727,0.17002237136465326,0.040268456375838924,0.15510812826249068,0.10887397464578673,0.05592841163310962,0.06785980611483967
938,0.0943562610229277,0.08553791887125221,0.06084656084656085,0.17283950617283952,0.08465608465608467,0.07760141093474428,0.045855379188712526,0.05379188712522046,0.24603174603174605,0.07848324514991183
939,0.04775413711583924,0.04397163120567376,0.5754137115839244,0.022222222222222223,0.06004728132387707,0.059574468085106386,0.03593380614657211,0.06855791962174941,0.052955082742316785,0.033569739952718676
940,0.125,0.09722222222222222,0.08928571428571429,0.08928571428571429,0.0992063492063492,0.09722222222222222,0.08928571428571429,0.08928571428571429,0.125,0.0992063492063492
941,0.13422222222222221,0.08,0.08355555555555555,0.056,0.10933333333333334,0.07111111111111111,0.13866666666666666,0.08,0.10044444444444445,0.14666666666666667
942,0.12941176470588237,0.0915032679738562,0.06143790849673202,0.07058823529411765,0.06013071895424837,0.19738562091503267,0.07712418300653595,0.09542483660130718,0.08758169934640522,0.12941176470588237
943,0.1044776119402985,0.07462686567164178,0.0845771144278607,0.08955223880597014,0.08623548922056384,0.11940298507462686,0.08955223880597014,0.08291873963515754,0.14925373134328357,0.11940298507462686
944,0.096045197740113,0.15065913370998116,0.0903954802259887,0.09981167608286252,0.09416195856873823,0.10546139359698682,0.10922787193973635,0.0847457627118644,0.0847457627118644,0.0847457627118644
945,0.03875968992248063,0.20000000000000004,0.0516795865633075,0.10180878552971577,0.060465116279069774,0.05219638242894058,0.12971576227390183,0.16072351421188633,0.06459948320413438,0.14005167958656334
946,0.07671957671957673,0.16402116402116404,0.10582010582010583,0.08994708994708996,0.0806878306878307,0.08201058201058202,0.10846560846560847,0.0806878306878307,0.11904761904761905,0.0925925925925926
947,0.0867579908675799,0.0745814307458143,0.1263318112633181,0.121765601217656,0.0776255707762557,0.0898021308980213,0.1050228310502283,0.0730593607305936,0.0928462709284627,0.15220700152207
948,0.14814814814814814,0.10185185185185185,0.06893004115226338,0.11522633744855967,0.0668724279835391,0.09876543209876543,0.05246913580246913,0.04835390946502058,0.15020576131687244,0.14917695473251028
949,0.08802308802308802,0.09379509379509379,0.08946608946608947,0.12554112554112554,0.08658008658008658,0.11255411255411256,0.16161616161616163,0.06493506493506493,0.08080808080808081,0.09668109668109669
950,0.12735042735042734,0.13418803418803418,0.041025641025641026,0.17264957264957265,0.08803418803418804,0.08974358974358974,0.11025641025641025,0.09658119658119659,0.06324786324786325,0.07692307692307693
951,0.0599250936329588,0.1373283395755306,0.07865168539325842,0.132334581772784,0.07740324594257178,0.19600499375780275,0.10986267166042447,0.07365792759051186,0.07116104868913857,0.06367041198501873
952,0.06552706552706553,0.2264957264957265,0.06837606837606838,0.09971509971509972,0.07977207977207977,0.07407407407407407,0.12535612535612536,0.07977207977207977,0.11253561253561253,0.06837606837606838
953,0.13745704467353953,0.09736540664375716,0.08018327605956473,0.09278350515463918,0.09163802978235967,0.08247422680412371,0.11798396334478808,0.10996563573883161,0.08934707903780069,0.10080183276059565
954,0.06756756756756756,0.09909909909909907,0.08108108108108107,0.07207207207207206,0.1216216216216216,0.15015015015015012,0.18618618618618615,0.07207207207207206,0.07657657657657656,0.07357357357357355
955,0.0641025641025641,0.10256410256410256,0.09686609686609686,0.09401709401709402,0.0811965811965812,0.07692307692307693,0.20085470085470086,0.11965811965811966,0.09971509971509972,0.0641025641025641
956,0.06552706552706554,0.08262108262108263,0.1016144349477683,0.05982905982905984,0.15574548907882244,0.10636277302943971,0.06362773029439697,0.09306742640075975,0.1747388414055081,0.09686609686609687
957,0.07474747474747474,0.09696969696969697,0.0898989898989899,0.07878787878787878,0.15656565656565657,0.10505050505050505,0.07171717171717172,0.1303030303030303,0.08080808080808081,0.11515151515151516
958,0.20358422939068102,0.09534050179211472,0.03727598566308245,0.04086021505376345,0.0946236559139785,0.13046594982078855,0.05304659498207886,0.07383512544802869,0.19211469534050182,0.07885304659498209
959,0.06362773029439696,0.09971509971509972,0.19278252611585944,0.04368471035137702,0.08547008547008547,0.12535612535612536,0.12630579297245964,0.0892687559354226,0.08736942070275404,0.08641975308641975
960,0.11589008363201912,0.06810035842293907,0.0967741935483871,0.11947431302270012,0.08124253285543608,0.17084826762246116,0.1039426523297491,0.07168458781362007,0.1027479091995221,0.06929510155316607
961,0.08980213089802132,0.08219178082191782,0.09741248097412483,0.08523592085235922,0.10197869101978693,0.11415525114155253,0.14307458143074583,0.07458143074581432,0.10654490106544903,0.10502283105022833
962,0.13721103653989564,0.04921700223713647,0.09470544369873231,0.04026845637583893,0.0760626398210291,0.1759880686055183,0.17971662938105895,0.06189410887397465,0.12975391498881433,0.0551826994780015
963,0.11391223155929038,0.08029878618113913,0.0784313725490196,0.05228758169934641,0.1111111111111111,0.058823529411764705,0.051353874883286646,0.15406162464985995,0.10830999066293184,0.19140989729225025
964,0.0754985754985755,0.1225071225071225,0.12535612535612536,0.07834757834757834,0.10541310541310542,0.1168091168091168,0.08831908831908832,0.08831908831908832,0.11823361823361823,0.0811965811965812
965,0.05217391304347826,0.0647342995169082,0.07536231884057971,0.2608695652173913,0.09565217391304348,0.10144927536231885,0.0966183574879227,0.08405797101449275,0.10241545893719807,0.06666666666666667
966,0.07042253521126761,0.19561815336463223,0.07668231611893583,0.07511737089201878,0.07511737089201878,0.10954616588419405,0.09546165884194054,0.07042253521126761,0.13145539906103287,0.10015649452269171
967,0.05860805860805861,0.10989010989010989,0.06715506715506715,0.15262515262515264,0.16727716727716727,0.08424908424908426,0.1452991452991453,0.07326007326007326,0.06471306471306472,0.07692307692307693
968,0.08695652173913045,0.24154589371980678,0.08534621578099841,0.07246376811594205,0.07729468599033817,0.09661835748792272,0.07246376811594205,0.09822866344605477,0.09500805152979068,0.07407407407407408
969,0.06489675516224189,0.1071779744346116,0.2910521140609636,0.06784660766961652,0.06588003933136677,0.07964601769911504,0.11799410029498525,0.06293018682399214,0.0688298918387414,0.07374631268436578
970,0.08490566037735849,0.14675052410901468,0.10062893081761007,0.0639412997903564,0.12054507337526206,0.06184486373165619,0.10796645702306079,0.14675052410901468,0.08909853249475891,0.07756813417190776
971,0.07337526205450733,0.11111111111111108,0.15199161425576518,0.09224318658280921,0.14360587002096434,0.07442348008385744,0.12159329140461213,0.07127882599580711,0.07547169811320753,0.08490566037735847
972,0.11198600174978128,0.13910761154855644,0.08486439195100612,0.07436570428696412,0.16885389326334208,0.07874015748031496,0.0542432195975503,0.07874015748031496,0.12335958005249344,0.0857392825896763
973,0.06069094304388422,0.08216619981325864,0.08123249299719888,0.08029878618113913,0.06629318394024276,0.18207282913165265,0.14285714285714285,0.1568627450980392,0.06629318394024276,0.08123249299719888
974,0.14666666666666667,0.06666666666666667,0.0725925925925926,0.1437037037037037,0.0962962962962963,0.0874074074074074,0.0725925925925926,0.07111111111111111,0.1037037037037037,0.13925925925925925
975,0.12698412698412698,0.08791208791208792,0.10134310134310134,0.11843711843711843,0.08302808302808302,0.09645909645909646,0.11477411477411477,0.07081807081807082,0.10622710622710622,0.09401709401709402
976,0.09615384615384616,0.12606837606837606,0.0876068376068376,0.07158119658119658,0.08867521367521368,0.09722222222222222,0.060897435897435896,0.10683760683760683,0.18803418803418803,0.07692307692307693
977,0.05938697318007663,0.07567049808429119,0.07758620689655173,0.1235632183908046,0.31800766283524906,0.0842911877394636,0.04885057471264368,0.09386973180076628,0.06130268199233716,0.05747126436781609
978,0.08139534883720931,0.07493540051679587,0.19121447028423771,0.06330749354005168,0.0710594315245478,0.08656330749354005,0.2235142118863049,0.08010335917312661,0.06847545219638243,0.059431524547803614
979,0.050078247261345854,0.28169014084507044,0.0539906103286385,0.07120500782472614,0.07511737089201878,0.10954616588419405,0.13693270735524257,0.07589984350547731,0.09467918622848201,0.05086071987480438
980,0.0915032679738562,0.1477124183006536,0.08235294117647059,0.11633986928104575,0.09281045751633987,0.13856209150326798,0.10065359477124183,0.09411764705882353,0.06666666666666667,0.06928104575163399
981,0.07011866235167208,0.1197411003236246,0.09385113268608415,0.12944983818770228,0.09924487594390509,0.10679611650485438,0.08090614886731393,0.07982740021574974,0.10679611650485438,0.1132686084142395
982,0.06329113924050633,0.15611814345991562,0.06751054852320675,0.10126582278481013,0.09563994374120956,0.21940928270042195,0.08579465541490858,0.08157524613220815,0.06469760900140648,0.06469760900140648
983,0.08922558922558922,0.11952861952861953,0.08754208754208755,0.08922558922558922,0.07744107744107744,0.1835016835016835,0.09090909090909091,0.09932659932659933,0.08754208754208755,0.07575757575757576
984,0.0823529411764706,0.13986928104575166,0.07189542483660132,0.08104575163398695,0.08627450980392158,0.22614379084967323,0.08104575163398695,0.0954248366013072,0.06535947712418302,0.07058823529411766
985,0.08695652173913043,0.1143317230273752,0.08856682769726248,0.08373590982286634,0.08373590982286634,0.16264090177133655,0.13043478260869565,0.09339774557165861,0.08051529790660225,0.07568438003220612
986,0.14995483288166214,0.1002710027100271,0.08581752484191509,0.057813911472448055,0.07226738934056007,0.07226738934056007,0.07226738934056007,0.14272809394760613,0.05962059620596206,0.18699186991869918
987,0.08888888888888889,0.09777777777777778,0.07703703703703704,0.10074074074074074,0.0725925925925926,0.2,0.06814814814814815,0.1259259259259259,0.0725925925925926,0.0962962962962963
988,0.06446140797285835,0.07888040712468193,0.09329940627650551,0.1077184054283291,0.12298558100084818,0.06700593723494487,0.1662425784563189,0.06361323155216285,0.13655640373197625,0.09923664122137404
989,0.15767634854771787,0.05255878284923929,0.10096818810511758,0.07146150299677272,0.0520977408944214,0.0640848317196865,0.1161825726141079,0.281235592438912,0.04103273397879208,0.06270170585523284
990,0.15458937198067632,0.027375201288244767,0.0703166935050993,0.2286634460547504,0.1529790660225443,0.08373590982286634,0.03542673107890499,0.08051529790660225,0.09017713365539452,0.0762211486849168
991,0.05458089668615984,0.10331384015594541,0.0935672514619883,0.11793372319688109,0.08869395711500974,0.09844054580896686,0.08576998050682261,0.11793372319688109,0.16764132553606237,0.07212475633528265
992,0.12037037037037036,0.10493827160493827,0.08641975308641975,0.0787037037037037,0.09259259259259259,0.09259259259259259,0.13580246913580246,0.11882716049382716,0.08487654320987655,0.08487654320987655
993,0.1463963963963964,0.07432432432432433,0.09009009009009009,0.13963963963963963,0.05555555555555555,0.048798798798798795,0.05930930930930931,0.07432432432432433,0.26126126126126126,0.0503003003003003
994,0.15815815815815815,0.0940940940940941,0.06406406406406406,0.057057057057057055,0.1011011011011011,0.08408408408408409,0.13213213213213212,0.11711711711711711,0.09109109109109109,0.1011011011011011
995,0.2281144781144781,0.08249158249158249,0.07828282828282829,0.09259259259259259,0.07828282828282829,0.0765993265993266,0.06818181818181818,0.11616161616161616,0.117003367003367,0.06228956228956229
996,0.07596371882086168,0.07256235827664399,0.08049886621315193,0.2981859410430839,0.13151927437641722,0.06689342403628118,0.05328798185941043,0.07596371882086168,0.05328798185941043,0.09183673469387756
997,0.05773420479302832,0.03776325344952796,0.05192447349310094,0.17138707334785766,0.2113289760348584,0.04720406681190995,0.04974582425562818,0.2694262890341322,0.03594771241830065,0.06753812636165578
998,0.10956790123456792,0.08179012345679014,0.14660493827160498,0.08641975308641976,0.09876543209876544,0.09876543209876544,0.1219135802469136,0.0756172839506173,0.08950617283950618,0.0910493827160494
999,0.08964646464646464,0.07702020202020202,0.09343434343434344,0.10353535353535354,0.10606060606060606,0.16540404040404041,0.06060606060606061,0.06439393939393939,0.15404040404040403,0.08585858585858586
1000,0.0537862703467799,0.21797593772116064,0.043170559094125975,0.12951167728237792,0.07855626326963906,0.16843595187544233,0.10544939844302902,0.05803255484784147,0.1075725406935598,0.03750884642604388
1001,0.06865401987353208,0.07949412827461609,0.09665763324299913,0.1635049683830172,0.1526648599819332,0.10478771454381214,0.14272809394760616,0.08039747064137309,0.04426377597109305,0.06684733514001807
1002,0.05867665418227216,0.14606741573033707,0.07865168539325842,0.09238451935081149,0.1760299625468165,0.1136079900124844,0.0986267166042447,0.0686641697877653,0.07240948813982521,0.09488139825218476
1003,0.09301156359979891,0.07792860734037206,0.09904474610356964,0.11211664152840625,0.09301156359979891,0.0668677727501257,0.19205630970336857,0.12217194570135748,0.07340372046254401,0.07038712921065864
1004,0.090014064697609,0.1308016877637131,0.07735583684950774,0.11673699015471167,0.07313642756680731,0.13783403656821377,0.15049226441631505,0.07735583684950774,0.06329113924050633,0.0829817158931083
1005,0.05013550135501355,0.05894308943089431,0.04200542005420054,0.18766937669376693,0.11449864498644986,0.28116531165311653,0.09823848238482384,0.041327913279132794,0.06775067750677506,0.058265582655826556
1006,0.05712050078247261,0.12363067292644757,0.05868544600938967,0.036776212832550864,0.05242566510172144,0.27230046948356806,0.19014084507042253,0.08841940532081377,0.07902973395931143,0.041471048513302036
1007,0.11794871794871795,0.08888888888888889,0.16153846153846155,0.09230769230769231,0.062393162393162394,0.12051282051282051,0.0641025641025641,0.14957264957264957,0.040170940170940174,0.10256410256410256
1008,0.075,0.12638888888888888,0.0763888888888889,0.0875,0.09444444444444444,0.1736111111111111,0.08888888888888889,0.11805555555555555,0.07361111111111111,0.08611111111111111
1009,0.07706093189964158,0.06899641577060932,0.06810035842293907,0.08870967741935484,0.2025089605734767,0.08064516129032258,0.16129032258064516,0.09767025089605735,0.051075268817204304,0.1039426523297491
1010,0.09523809523809523,0.12698412698412698,0.0735930735930736,0.06493506493506493,0.11688311688311688,0.10101010101010101,0.15584415584415584,0.08225108225108226,0.06493506493506493,0.11832611832611832
1011,0.11644444444444445,0.060444444444444446,0.0951111111111111,0.05688888888888889,0.07733333333333334,0.12711111111111112,0.06488888888888888,0.11022222222222222,0.11022222222222222,0.18133333333333335
1012,0.08302808302808302,0.12087912087912088,0.10256410256410256,0.07326007326007326,0.07448107448107448,0.10256410256410256,0.08669108669108669,0.09645909645909646,0.08669108669108669,0.17338217338217338
1013,0.08970438328236495,0.04791029561671764,0.0489296636085627,0.08766564729867483,0.18144750254842001,0.08256880733944956,0.09582059123343528,0.1376146788990826,0.163098878695209,0.06523955147808361
1014,0.3186813186813186,0.07875457875457874,0.056166056166056154,0.0952380952380952,0.056166056166056154,0.05494505494505493,0.04029304029304029,0.060439560439560426,0.13797313797313795,0.10134310134310132
1015,0.17082035306334376,0.05763239875389409,0.0659397715472482,0.06697819314641745,0.04465212876427831,0.14485981308411217,0.06386292834890966,0.23624091381100729,0.05140186915887851,0.09761163032191071
1016,0.06437389770723104,0.07231040564373897,0.0873015873015873,0.25220458553791886,0.10052910052910052,0.10670194003527336,0.08641975308641975,0.07319223985890652,0.08024691358024691,0.07671957671957672
1017,0.0925925925925926,0.10555555555555557,0.11481481481481483,0.12037037037037038,0.10000000000000002,0.11111111111111112,0.08333333333333334,0.0851851851851852,0.09444444444444446,0.0925925925925926
1018,0.11860174781523096,0.10112359550561797,0.07865168539325842,0.14357053682896379,0.05867665418227216,0.07365792759051186,0.05742821473158552,0.13982521847690388,0.132334581772784,0.09612983770287141
1019,0.10714285714285715,0.10515873015873017,0.09920634920634921,0.10714285714285715,0.09325396825396827,0.09722222222222224,0.10714285714285715,0.0892857142857143,0.10515873015873017,0.0892857142857143
1020,0.06871345029239767,0.0672514619883041,0.0760233918128655,0.11842105263157895,0.1535087719298246,0.06578947368421054,0.10380116959064328,0.13888888888888892,0.11403508771929825,0.09356725146198831
1021,0.07352941176470588,0.09313725490196079,0.07352941176470588,0.08823529411764706,0.08333333333333333,0.1454248366013072,0.09803921568627451,0.08169934640522876,0.15196078431372548,0.1111111111111111
1022,0.0695742471443406,0.10488058151609553,0.09657320872274143,0.07476635514018691,0.06334371754932502,0.07372793354101766,0.06645898234683281,0.08307372793354102,0.2731048805815161,0.09449636552440291
1023,0.12238325281803543,0.1215780998389694,0.1473429951690821,0.06602254428341385,0.04106280193236715,0.05958132045088567,0.11030595813204509,0.07085346215780998,0.16344605475040258,0.09742351046698873
1024,0.09333333333333335,0.13333333333333336,0.06962962962962964,0.10370370370370371,0.10962962962962965,0.10074074074074076,0.11851851851851854,0.10814814814814816,0.08296296296296297,0.08000000000000002
1025,0.0848570089076418,0.2381622128457571,0.20628223159868725,0.03281762775433661,0.08579465541490856,0.04594467885607125,0.07923112986404124,0.060947022972339414,0.1251758087201125,0.04078762306610407
1026,0.0689245395127748,0.06654783125371361,0.10279263220439691,0.0510992275698158,0.08199643493761141,0.041592394533571005,0.18122400475341652,0.047534165181224004,0.2650029708853238,0.0932857991681521
1027,0.08333333333333331,0.09074074074074073,0.08333333333333331,0.09814814814814812,0.08518518518518517,0.12777777777777774,0.08333333333333331,0.08333333333333331,0.16481481481481478,0.09999999999999998
1028,0.06444444444444446,0.07111111111111112,0.08444444444444446,0.0677777777777778,0.09222222222222223,0.12444444444444445,0.11111111111111112,0.05777777777777778,0.1477777777777778,0.1788888888888889
1029,0.09005847953216375,0.06783625730994153,0.15555555555555559,0.09005847953216375,0.06666666666666668,0.0865497076023392,0.23157894736842108,0.08304093567251464,0.05614035087719299,0.07251461988304095
1030,0.08064516129032258,0.08602150537634409,0.1057347670250896,0.08064516129032258,0.08064516129032258,0.12186379928315412,0.12365591397849462,0.10752688172043011,0.0967741935483871,0.11648745519713262
1031,0.039627039627039624,0.15073815073815075,0.053613053613053616,0.09090909090909091,0.08236208236208237,0.1655011655011655,0.05982905982905983,0.057498057498057496,0.2595182595182595,0.04040404040404041
1032,0.05874840357598978,0.08045977011494253,0.18518518518518517,0.06385696040868455,0.06896551724137931,0.1277139208173691,0.1545338441890166,0.09961685823754789,0.07662835249042145,0.0842911877394636
1033,0.06681681681681682,0.05630630630630631,0.13363363363363365,0.20645645645645647,0.06681681681681682,0.12387387387387387,0.06681681681681682,0.07957957957957958,0.14189189189189189,0.05780780780780781
1034,0.10267229254571027,0.08016877637130802,0.06469760900140648,0.07313642756680731,0.09142053445850915,0.23066104078762306,0.090014064697609,0.0829817158931083,0.10267229254571027,0.08157524613220815
1035,0.10457516339869281,0.07712418300653595,0.08888888888888889,0.13856209150326798,0.07450980392156863,0.09411764705882353,0.09411764705882353,0.09803921568627451,0.08627450980392157,0.1437908496732026
1036,0.06148867313915858,0.053937432578209286,0.14239482200647252,0.09600862998921253,0.11218985976267531,0.07659115426105718,0.23193096008629993,0.09708737864077671,0.06364617044228696,0.06472491909385114
1037,0.10526315789473686,0.10526315789473686,0.08771929824561404,0.08771929824561404,0.08771929824561404,0.12475633528265109,0.10526315789473686,0.08771929824561404,0.12085769980506825,0.08771929824561404
1038,0.0822041553748871,0.10840108401084013,0.05600722673893406,0.15718157181571818,0.09846431797651312,0.10027100271002712,0.0876242095754291,0.14182475158084917,0.10930442637759712,0.058717253839205064
1039,0.07098765432098766,0.1080246913580247,0.10493827160493828,0.1358024691358025,0.1064814814814815,0.06944444444444446,0.08950617283950618,0.12654320987654324,0.11728395061728396,0.07098765432098766
1040,0.0673076923076923,0.10363247863247864,0.08012820512820513,0.10683760683760683,0.23931623931623933,0.09401709401709402,0.060897435897435896,0.12606837606837606,0.06837606837606838,0.053418803418803416
1041,0.08132875143184422,0.09736540664375716,0.061855670103092786,0.09163802978235967,0.20847651775486828,0.07331042382588775,0.07674684994272624,0.1145475372279496,0.07674684994272624,0.11798396334478808
1042,0.13024282560706402,0.05224429727740986,0.03899926416482708,0.04194260485651214,0.10743193524650478,0.06769683590875644,0.06033848417954378,0.1479028697571744,0.28108903605592345,0.07211184694628403
1043,0.09679266895761741,0.048109965635738834,0.044673539518900345,0.06128293241695303,0.08877434135166094,0.03436426116838488,0.08705612829324169,0.05555555555555555,0.3974799541809851,0.0859106529209622
1044,0.07936507936507937,0.10866910866910869,0.1037851037851038,0.0744810744810745,0.10012210012210014,0.09890109890109891,0.137973137973138,0.1318681318681319,0.0976800976800977,0.06715506715506717
1045,0.08625730994152048,0.06578947368421054,0.13157894736842107,0.0716374269005848,0.08625730994152048,0.07748538011695907,0.2573099415204679,0.08040935672514621,0.07748538011695907,0.06578947368421054
1046,0.0912106135986733,0.07462686567164178,0.08291873963515754,0.0912106135986733,0.087893864013267,0.0779436152570481,0.13432835820895522,0.1724709784411277,0.10281923714759536,0.0845771144278607
