,Topic_0,Topic_1,Topic_2,Topic_3,Topic_4,Topic_5,Topic_6,Topic_7,Topic_8,Topic_9,Topic_10,Topic_11,Topic_12,Topic_13,Topic_14,Topic_15,Topic_16,Topic_17,Topic_18,Topic_19
0,0.04120370370370371,0.0800925925925926,0.02268518518518519,0.04120370370370371,0.0800925925925926,0.06157407407407408,0.04027777777777779,0.07731481481481482,0.02453703703703704,0.030092592592592594,0.03935185185185186,0.14120370370370372,0.07638888888888891,0.03935185185185186,0.04768518518518519,0.03657407407407408,0.042129629629629635,0.02731481481481482,0.02453703703703704,0.026388888888888892
1,0.028409090909090908,0.08901515151515152,0.03345959595959596,0.05744949494949495,0.05366161616161616,0.08396464646464646,0.03598484848484849,0.034722222222222224,0.08143939393939394,0.04861111111111111,0.034722222222222224,0.03977272727272727,0.030934343434343436,0.03598484848484849,0.04482323232323232,0.049873737373737376,0.03977272727272727,0.032196969696969696,0.08522727272727272,0.05997474747474747
2,0.029468599033816423,0.04685990338164251,0.0323671497584541,0.049758454106280194,0.05555555555555555,0.10289855072463767,0.09710144927536232,0.026570048309178744,0.029468599033816423,0.02753623188405797,0.035265700483091786,0.04396135265700483,0.04106280193236715,0.04106280193236715,0.02463768115942029,0.04492753623188406,0.05652173913043478,0.08067632850241546,0.08164251207729468,0.052657004830917876
3,0.07319223985890654,0.03968253968253969,0.03968253968253969,0.041446208112874784,0.04320987654320988,0.057319223985890656,0.06437389770723105,0.04497354497354498,0.052028218694885366,0.06790123456790124,0.05555555555555556,0.07319223985890654,0.057319223985890656,0.03968253968253969,0.03968253968253969,0.03968253968253969,0.04320987654320988,0.046737213403880075,0.03968253968253969,0.041446208112874784
4,0.12152777777777778,0.03263888888888889,0.052083333333333336,0.03263888888888889,0.03263888888888889,0.052083333333333336,0.05486111111111111,0.05763888888888889,0.04375,0.05763888888888889,0.05347222222222222,0.04791666666666667,0.04375,0.052083333333333336,0.03125,0.07569444444444444,0.03680555555555556,0.03819444444444445,0.034027777777777775,0.049305555555555554
5,0.07049486461251167,0.04341736694677871,0.02661064425770308,0.028478057889822595,0.04715219421101774,0.10037348272642391,0.08169934640522876,0.05088702147525677,0.027544351073762838,0.046218487394957986,0.03688141923436041,0.11437908496732026,0.03034547152194211,0.03034547152194211,0.021942110177404293,0.03127917833800187,0.05742296918767507,0.05929038281979458,0.06489262371615313,0.03034547152194211
6,0.029738562091503266,0.026470588235294117,0.017320261437908498,0.030392156862745098,0.019934640522875816,0.08137254901960785,0.08071895424836602,0.03954248366013072,0.029738562091503266,0.03496732026143791,0.05522875816993464,0.09575163398692811,0.05392156862745098,0.1323529411764706,0.022549019607843137,0.09052287581699346,0.03758169934640523,0.05130718954248366,0.03300653594771242,0.03758169934640523
7,0.0426731078904992,0.036231884057971016,0.036231884057971016,0.03784219001610306,0.07004830917874397,0.04589371980676329,0.039452495974235106,0.03784219001610306,0.036231884057971016,0.06682769726247988,0.0748792270531401,0.11191626409017713,0.05233494363929147,0.03784219001610306,0.039452495974235106,0.03784219001610306,0.0571658615136876,0.05394524959742351,0.04911433172302738,0.036231884057971016
8,0.061342592592592594,0.045910493827160496,0.017361111111111112,0.07523148148148148,0.03279320987654321,0.045910493827160496,0.0628858024691358,0.02970679012345679,0.01890432098765432,0.03202160493827161,0.019675925925925927,0.18016975308641975,0.04976851851851852,0.028935185185185185,0.04128086419753087,0.018132716049382717,0.060570987654320986,0.11458333333333333,0.03819444444444445,0.02662037037037037
9,0.046182685753237904,0.013803680981595092,0.038684389911383774,0.04107021131561009,0.04959100204498978,0.07856169052488071,0.03289025221540559,0.27079072937968646,0.0270961145194274,0.019938650306748466,0.05402181322426721,0.014485344239945467,0.029481935923653717,0.024369461486025902,0.02334696659850034,0.023006134969325152,0.015167007498295842,0.019938650306748466,0.014826175869120654,0.16274710293115202
10,0.03481481481481481,0.0362962962962963,0.03333333333333333,0.03481481481481481,0.10296296296296296,0.052592592592592594,0.05851851851851852,0.0674074074074074,0.03333333333333333,0.1162962962962963,0.040740740740740744,0.06444444444444444,0.03333333333333333,0.03481481481481481,0.03777777777777778,0.03333333333333333,0.03333333333333333,0.06592592592592593,0.04814814814814815,0.03777777777777778
11,0.03472222222222223,0.05366161616161617,0.02840909090909091,0.04103535353535354,0.04987373737373738,0.08143939393939395,0.02840909090909091,0.029671717171717175,0.03345959595959597,0.029671717171717175,0.03345959595959597,0.056186868686868695,0.10416666666666669,0.05997474747474748,0.05366161616161617,0.029671717171717175,0.13699494949494953,0.04356060606060607,0.03724747474747475,0.03472222222222223
12,0.025925925925925918,0.06980056980056978,0.021367521367521364,0.020227920227920224,0.11766381766381763,0.14957264957264954,0.02364672364672364,0.0282051282051282,0.053846153846153835,0.036182336182336176,0.019658119658119654,0.08119658119658119,0.05954415954415953,0.02706552706552706,0.0396011396011396,0.016809116809116807,0.02991452991452991,0.07264957264957264,0.07207977207977206,0.035042735042735036
13,0.0268579838116262,0.02538631346578367,0.020971302428256074,0.04231052244297278,0.1512141280353201,0.08940397350993379,0.034952170713760125,0.018763796909492276,0.0246504782928624,0.028329654157468732,0.04451802796173658,0.051876379690949236,0.06070640176600442,0.13061074319352467,0.07395143487858721,0.020971302428256074,0.028329654157468732,0.06659308314937455,0.04083885209713025,0.018763796909492276
14,0.016452991452991457,0.010470085470085471,0.019871794871794874,0.03910256410256411,0.030128205128205132,0.0903846153846154,0.04166666666666667,0.015170940170940173,0.014743589743589745,0.026282051282051286,0.05833333333333334,0.02243589743589744,0.023290598290598295,0.10790598290598293,0.04551282051282052,0.08440170940170942,0.014743589743589745,0.25192307692307697,0.02115384615384616,0.06602564102564104
15,0.02141527001862198,0.02762259466170081,0.036933581626319066,0.026381129733085044,0.031967721911856,0.05927995034140286,0.033829919304779646,0.031346989447548115,0.05865921787709498,0.06362507759155805,0.07790192427063937,0.06486654252017382,0.08597144630664186,0.08907510862818127,0.020794537554314093,0.022656734947237744,0.03507138423339541,0.14556176288019868,0.023277467411545627,0.04376163873370578
16,0.03455284552845529,0.04810298102981031,0.0386178861788618,0.03184281842818429,0.1158536585365854,0.03455284552845529,0.08333333333333334,0.037262872628726296,0.030487804878048787,0.1226287262872629,0.0453929539295393,0.030487804878048787,0.0386178861788618,0.030487804878048787,0.03455284552845529,0.0413279132791328,0.030487804878048787,0.05758807588075882,0.05352303523035232,0.060298102981029826
17,0.03568202348690153,0.023938572719060525,0.023938572719060525,0.03477868112014453,0.03297199638663053,0.04110207768744354,0.07542908762420958,0.07723577235772358,0.06639566395663957,0.027551942186088526,0.028455284552845527,0.04923215898825655,0.032068654019873535,0.05374887082204156,0.037488708220415536,0.05465221318879855,0.07994579945799458,0.14950316169828365,0.023938572719060525,0.051942186088527555
18,0.020442520442520443,0.03150553150553151,0.013708513708513708,0.011784511784511785,0.04785954785954786,0.0897065897065897,0.03727753727753728,0.018518518518518517,0.037758537758537755,0.03150553150553151,0.04401154401154401,0.017556517556517555,0.12000962000962001,0.15079365079365079,0.061808561808561806,0.04641654641654642,0.04304954304954305,0.094997594997595,0.03583453583453584,0.045454545454545456
19,0.07685185185185187,0.04907407407407408,0.04166666666666667,0.04166666666666667,0.04166666666666667,0.04166666666666667,0.04166666666666667,0.05833333333333334,0.04537037037037038,0.052777777777777785,0.05833333333333334,0.04166666666666667,0.05092592592592593,0.04166666666666667,0.09166666666666667,0.04166666666666667,0.04166666666666667,0.043518518518518526,0.04166666666666667,0.05648148148148149
20,0.05555555555555556,0.039259259259259265,0.039259259259259265,0.03333333333333334,0.0525925925925926,0.04370370370370371,0.03333333333333334,0.03333333333333334,0.05111111111111112,0.05407407407407408,0.039259259259259265,0.14740740740740743,0.039259259259259265,0.039259259259259265,0.03481481481481482,0.048148148148148155,0.07333333333333335,0.05407407407407408,0.05555555555555556,0.03333333333333334
21,0.06932153392330385,0.08898721730580139,0.025073746312684372,0.052605703048180935,0.043756145526057035,0.024090462143559494,0.04572271386430679,0.07915437561455262,0.044739429695181916,0.05948869223205508,0.06440511307767946,0.1234021632251721,0.023107177974434616,0.03490658800393314,0.025073746312684372,0.024090462143559494,0.025073746312684372,0.06735496558505409,0.04572271386430679,0.033923303834808266
22,0.05249745158002039,0.03312945973496433,0.06269113149847096,0.022935779816513766,0.04943934760448523,0.06269113149847096,0.04841997961264017,0.057594291539245675,0.02395514780835882,0.0688073394495413,0.029051987767584102,0.11773700305810399,0.022935779816513766,0.031090723751274214,0.044342507645259946,0.0361875637104995,0.08613659531090725,0.05963302752293579,0.051478083588175336,0.039245667686034665
23,0.027093596059113295,0.0391351943076081,0.0599343185550082,0.02654625068418171,0.062123700054734526,0.04351395730706075,0.056650246305418706,0.024356869184455385,0.025451559934318548,0.025451559934318548,0.03311439518336069,0.06759715380405035,0.047345374931581814,0.07690202517788723,0.06376573617952927,0.03201970443349753,0.04460864805692391,0.1529830322933771,0.033661740558292276,0.057744937055281866
24,0.04642313546423135,0.05707762557077625,0.06164383561643835,0.03424657534246575,0.04185692541856925,0.05251141552511415,0.03576864535768645,0.07229832572298325,0.06621004566210045,0.04490106544901065,0.03424657534246575,0.03424657534246575,0.03424657534246575,0.06468797564687975,0.04642313546423135,0.03576864535768645,0.03729071537290715,0.04185692541856925,0.08904109589041095,0.06925418569254185
25,0.02958937198067633,0.03321256038647344,0.0283816425120773,0.027173913043478264,0.03925120772946861,0.05857487922705315,0.0283816425120773,0.052536231884057975,0.0356280193236715,0.15760869565217395,0.036835748792270535,0.0283816425120773,0.07065217391304349,0.04891304347826088,0.038043478260869575,0.06219806763285025,0.08031400966183576,0.027173913043478264,0.06461352657004832,0.052536231884057975
26,0.06200716845878137,0.017562724014336922,0.03189964157706094,0.024014336917562728,0.020430107526881725,0.029032258064516134,0.02688172043010753,0.021146953405017925,0.017562724014336922,0.05770609318996416,0.058422939068100366,0.02831541218637993,0.28853046594982085,0.018279569892473122,0.13369175627240146,0.020430107526881725,0.04265232974910395,0.030465949820788533,0.024014336917562728,0.046953405017921154
27,0.14599483204134367,0.031438415159345395,0.03229974160206718,0.02885443583118002,0.053832902670111975,0.03832902670111973,0.03574504737295435,0.037467700258397935,0.04952627045650301,0.08570198105081826,0.05469422911283377,0.06761412575366063,0.08656330749354005,0.03316106804478897,0.03316106804478897,0.02885443583118002,0.027131782945736434,0.022825150732127476,0.03574504737295435,0.0710594315245478
28,0.028735632183908046,0.028735632183908046,0.038952745849297574,0.031289910600255426,0.03639846743295019,0.06066411238825032,0.0491698595146871,0.09642401021711366,0.040229885057471264,0.0772669220945083,0.042784163473818644,0.18199233716475097,0.05044699872286079,0.03384418901660281,0.0351213282247765,0.03639846743295019,0.0351213282247765,0.032567049808429116,0.031289910600255426,0.032567049808429116
29,0.04647435897435898,0.058226495726495735,0.043269230769230775,0.05395299145299146,0.02617521367521368,0.06570512820512822,0.03685897435897437,0.051816239316239326,0.03044871794871795,0.02510683760683761,0.027243589743589747,0.10737179487179488,0.09882478632478633,0.0592948717948718,0.035790598290598295,0.061431623931623935,0.02510683760683761,0.028311965811965815,0.0795940170940171,0.0389957264957265
30,0.05995599559955996,0.03465346534653466,0.1457645764576458,0.026952695269526955,0.05555555555555556,0.024752475247524757,0.025852585258525854,0.08635863586358637,0.029152915291529156,0.1270627062706271,0.04675467546754676,0.024752475247524757,0.030253025302530257,0.026952695269526955,0.030253025302530257,0.04125412541254126,0.026952695269526955,0.03575357535753576,0.06985698569856987,0.051155115511551164
31,0.02777777777777777,0.028787878787878782,0.05606060606060605,0.03989898989898989,0.060101010101010086,0.04999999999999999,0.04292929292929292,0.03787878787878787,0.02777777777777777,0.10050505050505047,0.0409090909090909,0.09444444444444441,0.04797979797979796,0.03181818181818181,0.03181818181818181,0.04393939393939393,0.032828282828282825,0.03787878787878787,0.11060606060606058,0.05606060606060605
32,0.03867102396514161,0.061546840958605666,0.02886710239651416,0.0332244008714597,0.0332244008714597,0.09749455337690632,0.05501089324618736,0.05392156862745098,0.03649237472766884,0.06263616557734204,0.039760348583877995,0.05827886710239651,0.024509803921568627,0.10294117647058823,0.03758169934640523,0.05827886710239651,0.024509803921568627,0.0789760348583878,0.03431372549019608,0.039760348583877995
33,0.03839869281045753,0.05147058823529413,0.04820261437908498,0.04493464052287583,0.07598039215686277,0.04166666666666668,0.10212418300653597,0.05147058823529413,0.036764705882352956,0.05800653594771244,0.04166666666666668,0.05147058823529413,0.0400326797385621,0.07107843137254904,0.04166666666666668,0.043300653594771255,0.036764705882352956,0.036764705882352956,0.043300653594771255,0.04493464052287583
34,0.04752342704149933,0.03681392235609103,0.03145917001338688,0.04618473895582329,0.059571619812583666,0.04618473895582329,0.03145917001338688,0.030120481927710843,0.04350736278447122,0.06626506024096386,0.04350736278447122,0.039491298527443104,0.07429718875502007,0.07429718875502007,0.06224899598393574,0.05421686746987952,0.05689424364123159,0.07697456492637215,0.04216867469879518,0.03681392235609103
35,0.03383458646616541,0.023809523809523808,0.02631578947368421,0.022138680033416874,0.023809523809523808,0.06140350877192982,0.14076858813700918,0.030492898913951544,0.022138680033416874,0.1299081035923141,0.06223893065998329,0.04553049289891395,0.052213868003341685,0.05054302422723475,0.024644945697577275,0.05555555555555555,0.029657477025898077,0.057226399331662486,0.021303258145363407,0.08646616541353383
36,0.07967836257309942,0.05921052631578947,0.0533625730994152,0.03289473684210526,0.046052631578947366,0.0489766081871345,0.03435672514619883,0.03728070175438596,0.056286549707602336,0.04312865497076023,0.056286549707602336,0.03289473684210526,0.04312865497076023,0.03435672514619883,0.10307017543859649,0.03435672514619883,0.06652046783625731,0.05482456140350877,0.03874269005847953,0.0445906432748538
37,0.09084084084084085,0.033783783783783786,0.03978978978978979,0.033783783783783786,0.03978978978978979,0.06531531531531531,0.09834834834834835,0.03678678678678678,0.038288288288288286,0.033783783783783786,0.04279279279279279,0.04129129129129129,0.048798798798798795,0.09984984984984985,0.05630630630630631,0.04129129129129129,0.0533033033033033,0.03528528528528529,0.03528528528528529,0.03528528528528529
38,0.06601307189542485,0.02941176470588236,0.03071895424836602,0.07777777777777779,0.06339869281045753,0.03725490196078432,0.08169934640522877,0.03725490196078432,0.03333333333333334,0.03071895424836602,0.0411764705882353,0.09477124183006538,0.03856209150326798,0.0411764705882353,0.055555555555555566,0.02941176470588236,0.0411764705882353,0.04640522875816994,0.08300653594771243,0.0411764705882353
39,0.044523246650906234,0.044523246650906234,0.08156028368794328,0.04767533490937747,0.023246650906225377,0.03821907013396376,0.03270291568163909,0.07919621749408985,0.04058313632781719,0.04058313632781719,0.024034672970843187,0.061859732072498036,0.08471237194641451,0.03900709219858157,0.023246650906225377,0.0334909377462569,0.04609929078014185,0.07998423955870766,0.09022852639873918,0.044523246650906234
40,0.06023391812865498,0.0368421052631579,0.026315789473684213,0.07309941520467837,0.027485380116959068,0.04502923976608188,0.09181286549707604,0.03333333333333334,0.06959064327485381,0.05555555555555556,0.03333333333333334,0.04502923976608188,0.026315789473684213,0.03099415204678363,0.03918128654970761,0.04619883040935673,0.028654970760233923,0.10935672514619885,0.07309941520467837,0.04853801169590644
41,0.029371584699453557,0.019808743169398912,0.018897996357012753,0.023907103825136614,0.033469945355191266,0.02800546448087432,0.19330601092896177,0.033469945355191266,0.06306921675774137,0.027094717668488165,0.06306921675774137,0.12363387978142078,0.05532786885245902,0.07581967213114756,0.03938979963570128,0.04303278688524591,0.03164845173041895,0.021630236794171222,0.03210382513661203,0.04394353369763206
42,0.05197132616487456,0.0997610513739546,0.08064516129032259,0.05913978494623657,0.10095579450418161,0.06272401433691757,0.03882915173237755,0.05197132616487456,0.04599761051373955,0.03166069295101554,0.049581839904420555,0.036439665471923545,0.029271206690561533,0.029271206690561533,0.02807646356033453,0.05436081242532856,0.029271206690561533,0.030465949820788533,0.04480286738351255,0.04480286738351255
43,0.06547619047619048,0.03902116402116402,0.08664021164021164,0.06415343915343916,0.03505291005291005,0.046957671957671955,0.04828042328042328,0.05886243386243386,0.031084656084656083,0.07076719576719577,0.04034391534391534,0.06944444444444445,0.041666666666666664,0.02976190476190476,0.03373015873015873,0.04034391534391534,0.02976190476190476,0.036375661375661374,0.10119047619047619,0.031084656084656083
44,0.03870673952641165,0.028688524590163928,0.07604735883424407,0.12340619307832419,0.02049180327868852,0.024134790528233144,0.02140255009107468,0.022313296903460834,0.05418943533697631,0.02049180327868852,0.040528233151183965,0.03597449908925318,0.0250455373406193,0.062386156648451714,0.17076502732240434,0.0605646630236794,0.049635701275045525,0.024134790528233144,0.051457194899817836,0.049635701275045525
45,0.024444444444444446,0.03155555555555556,0.02711111111111111,0.07777777777777778,0.03688888888888889,0.07777777777777778,0.026222222222222223,0.03777777777777778,0.026222222222222223,0.08133333333333333,0.021777777777777778,0.18888888888888888,0.03955555555555555,0.021777777777777778,0.02,0.035111111111111114,0.04577777777777778,0.03688888888888889,0.06266666666666666,0.08044444444444444
46,0.041666666666666664,0.04034391534391534,0.02976190476190476,0.046957671957671955,0.04298941798941799,0.06812169312169312,0.08796296296296297,0.02976190476190476,0.02976190476190476,0.06018518518518518,0.036375661375661374,0.12103174603174603,0.06283068783068783,0.02976190476190476,0.05357142857142857,0.04828042328042328,0.05357142857142857,0.03902116402116402,0.04828042328042328,0.02976190476190476
47,0.05955955955955956,0.02552552552552553,0.03553553553553554,0.05955955955955956,0.06556556556556557,0.04554554554554555,0.022522522522522525,0.02552552552552553,0.038538538538538544,0.02552552552552553,0.056556556556556566,0.03353353353353354,0.02752752752752753,0.09659659659659661,0.036536536536536546,0.04754754754754755,0.0835835835835836,0.03353353353353354,0.07457457457457459,0.10660660660660662
48,0.07655826558265581,0.031842818428184275,0.04268292682926829,0.031842818428184275,0.03726287262872628,0.05487804878048779,0.049457994579945784,0.05487804878048779,0.039972899728997285,0.0602981029810298,0.04132791327913279,0.0589430894308943,0.0657181571815718,0.04268292682926829,0.03455284552845528,0.039972899728997285,0.0602981029810298,0.0657181571815718,0.057588075880758795,0.05352303523035229
49,0.045361875637105004,0.05861365953109073,0.030071355759429156,0.02701325178389399,0.051478083588175336,0.057594291539245675,0.11365953109072377,0.02395514780835882,0.0688073394495413,0.045361875637105004,0.029051987767584102,0.06574923547400613,0.06574923547400613,0.06676860346585119,0.04332313965341489,0.04128440366972478,0.06778797145769624,0.0361875637104995,0.0361875637104995,0.025993883792048932
50,0.030934343434343436,0.10921717171717171,0.034722222222222224,0.03598484848484849,0.0422979797979798,0.037247474747474744,0.03345959595959596,0.049873737373737376,0.03977272727272727,0.028409090909090908,0.032196969696969696,0.08648989898989899,0.07133838383838384,0.03598484848484849,0.028409090909090908,0.049873737373737376,0.0422979797979798,0.0422979797979798,0.1029040404040404,0.06628787878787878
51,0.046865301055245195,0.041278708876474245,0.03072625698324023,0.03507138423339541,0.022036002482929862,0.20763500931098702,0.025139664804469282,0.035692116697703294,0.041278708876474245,0.018311607697082562,0.04376163873370578,0.0394165114835506,0.038795779019242714,0.08162631905648667,0.024518932340161396,0.022036002482929862,0.06114214773432652,0.04189944134078213,0.06797020484171323,0.07479826194909996
52,0.0726950354609929,0.03250591016548463,0.026595744680851064,0.047872340425531915,0.057328605200945626,0.0797872340425532,0.0466903073286052,0.03250591016548463,0.06205673758865248,0.031323877068557916,0.026595744680851064,0.12943262411347517,0.03723404255319149,0.06678486997635934,0.03250591016548463,0.030141843971631204,0.06796690307328605,0.03368794326241135,0.0466903073286052,0.03959810874704492
53,0.032651072124756333,0.03557504873294347,0.06481481481481481,0.059941520467836254,0.02387914230019493,0.04337231968810916,0.032651072124756333,0.05896686159844054,0.032651072124756333,0.040448343079922025,0.021929824561403508,0.025828460038986353,0.06578947368421052,0.03070175438596491,0.021929824561403508,0.03654970760233918,0.24415204678362573,0.04824561403508772,0.032651072124756333,0.047270955165692005
54,0.06818181818181819,0.03787878787878789,0.03787878787878789,0.06144781144781146,0.04124579124579125,0.07154882154882156,0.058080808080808094,0.03787878787878789,0.058080808080808094,0.03787878787878789,0.08164983164983167,0.03956228956228957,0.04797979797979799,0.03787878787878789,0.053030303030303046,0.03787878787878789,0.07491582491582494,0.03787878787878789,0.03787878787878789,0.04124579124579125
55,0.021313766596785466,0.04227812718378756,0.018518518518518517,0.0220125786163522,0.01781970649895178,0.026904262753319357,0.03459119496855346,0.03389238294898672,0.04227812718378756,0.02830188679245283,0.040880503144654086,0.30642907058001395,0.15688329839273235,0.027603074772886094,0.035290006988120196,0.04157931516422082,0.019217330538085255,0.026904262753319357,0.01781970649895178,0.03948287910552061
56,0.029262086513994912,0.020780322307039863,0.033502968617472435,0.058948261238337574,0.04368108566581849,0.0275657336726039,0.035199321458863446,0.07421543681085666,0.04028837998303647,0.08608990670059373,0.037743850720949955,0.14461407972858353,0.058948261238337574,0.04198473282442748,0.03604749787955895,0.04877014418999152,0.06743002544529263,0.026717557251908396,0.05131467345207803,0.03689567430025445
57,0.034653465346534656,0.024752475247524754,0.06985698569856985,0.037953795379537955,0.05335533553355336,0.04785478547854786,0.02585258525852585,0.03685368536853685,0.032453245324532455,0.06435643564356436,0.03905390539053905,0.03355335533553355,0.032453245324532455,0.12156215621562157,0.03135313531353135,0.14686468646864687,0.028052805280528052,0.05335533553355336,0.040154015401540157,0.04565456545654566
58,0.024092970521541954,0.07171201814058958,0.021825396825396828,0.030328798185941048,0.10685941043083902,0.048469387755102046,0.014455782312925172,0.02636054421768708,0.041099773242630394,0.0167233560090703,0.07851473922902495,0.12103174603174605,0.035997732426303865,0.07681405895691612,0.028061224489795922,0.02692743764172336,0.06434240362811793,0.02692743764172336,0.09041950113378686,0.04903628117913833
59,0.03688888888888889,0.12133333333333333,0.020888888888888887,0.04933333333333333,0.09288888888888888,0.024444444444444446,0.03155555555555556,0.06,0.08311111111111111,0.04133333333333333,0.05466666666666667,0.06266666666666666,0.03688888888888889,0.042222222222222223,0.06,0.03244444444444444,0.043111111111111114,0.04755555555555555,0.025333333333333333,0.03333333333333333
60,0.05617283950617284,0.06358024691358025,0.027777777777777776,0.029012345679012345,0.033950617283950615,0.03518518518518519,0.03271604938271605,0.040123456790123455,0.027777777777777776,0.040123456790123455,0.027777777777777776,0.25246913580246916,0.05617283950617284,0.03518518518518519,0.027777777777777776,0.027777777777777776,0.06111111111111111,0.04876543209876543,0.04506172839506173,0.03148148148148148
61,0.08119658119658123,0.062393162393162414,0.058974358974358994,0.03846153846153848,0.05384615384615387,0.03846153846153848,0.03846153846153848,0.03846153846153848,0.03846153846153848,0.04188034188034189,0.05555555555555557,0.07606837606837609,0.0435897435897436,0.03846153846153848,0.07094017094017097,0.06581196581196584,0.03846153846153848,0.04017094017094019,0.03846153846153848,0.04188034188034189
62,0.09870550161812297,0.024271844660194174,0.02535059331175836,0.08576051779935275,0.036138079827400214,0.05339805825242718,0.030744336569579287,0.03290183387270766,0.06202804746494067,0.081445523193096,0.02750809061488673,0.059870550161812294,0.04692556634304207,0.028586839266450916,0.03505933117583603,0.028586839266450916,0.06094929881337648,0.05016181229773463,0.0372168284789644,0.09439050701186623
63,0.021895424836601306,0.025816993464052286,0.017320261437908498,0.017973856209150325,0.10163398692810457,0.06830065359477124,0.027777777777777776,0.06372549019607843,0.019934640522875816,0.04607843137254902,0.06699346405228758,0.03823529411764706,0.07222222222222222,0.03169934640522876,0.016013071895424835,0.03366013071895425,0.05718954248366013,0.21928104575163399,0.02712418300653595,0.02712418300653595
64,0.044540229885057465,0.023467432950191564,0.04070881226053639,0.045498084291187735,0.04166666666666666,0.06369731800766282,0.061781609195402286,0.0493295019157088,0.0493295019157088,0.038793103448275856,0.03591954022988505,0.11637931034482756,0.09051724137931033,0.12595785440613025,0.0225095785440613,0.03304597701149425,0.03304597701149425,0.0253831417624521,0.03304597701149425,0.0253831417624521
65,0.038341158059467924,0.044600938967136156,0.03521126760563381,0.03521126760563381,0.14162754303599376,0.039906103286384983,0.07433489827856027,0.03521126760563381,0.038341158059467924,0.038341158059467924,0.047730829420970275,0.05868544600938968,0.03677621283255087,0.04929577464788733,0.03521126760563381,0.03521126760563381,0.03521126760563381,0.0805946791862285,0.05086071987480439,0.04929577464788733
66,0.03481481481481482,0.039259259259259265,0.04222222222222223,0.04222222222222223,0.05111111111111113,0.06444444444444446,0.037777777777777785,0.0614814814814815,0.03481481481481482,0.037777777777777785,0.04370370370370371,0.08222222222222224,0.07481481481481483,0.05407407407407409,0.046666666666666676,0.046666666666666676,0.07481481481481483,0.03333333333333334,0.03333333333333334,0.06444444444444446
67,0.034722222222222224,0.061237373737373736,0.0422979797979798,0.03977272727272727,0.03977272727272727,0.061237373737373736,0.052398989898989896,0.12436868686868686,0.0422979797979798,0.06755050505050506,0.032196969696969696,0.09027777777777778,0.041035353535353536,0.037247474747474744,0.028409090909090908,0.05113636363636364,0.04734848484848485,0.03598484848484849,0.041035353535353536,0.029671717171717172
68,0.10493827160493827,0.03223593964334705,0.06790123456790123,0.030864197530864196,0.050068587105624146,0.030864197530864196,0.062414266117969824,0.03223593964334705,0.03909465020576132,0.06790123456790123,0.030864197530864196,0.08024691358024691,0.030864197530864196,0.03635116598079561,0.030864197530864196,0.045953360768175584,0.030864197530864196,0.062414266117969824,0.061042524005486966,0.0720164609053498
69,0.026952695269526955,0.026952695269526955,0.05775577557755776,0.05225522552255226,0.030253025302530257,0.05995599559955996,0.04125412541254126,0.061056105610561066,0.03465346534653466,0.08855885588558857,0.07865786578657867,0.03245324532453246,0.06655665566556657,0.03245324532453246,0.05775577557755776,0.03465346534653466,0.056655665566556664,0.04015401540154016,0.03795379537953796,0.08305830583058307
70,0.23128447596532703,0.10441292356185973,0.03743104806934594,0.034278959810874705,0.027186761229314422,0.019306540583136328,0.04373522458628842,0.04058313632781718,0.024822695035460994,0.06185973207249803,0.03979511426319937,0.01773049645390071,0.024034672970843184,0.07525610717100079,0.022458628841607566,0.02876280535855004,0.02639873916469661,0.04373522458628842,0.02955082742316785,0.0673758865248227
71,0.06338028169014086,0.044600938967136156,0.04147104851330204,0.039906103286384983,0.046165884194053215,0.0618153364632238,0.060250391236306745,0.03521126760563381,0.04147104851330204,0.04773082942097028,0.044600938967136156,0.0805946791862285,0.055555555555555566,0.03677621283255087,0.050860719874804394,0.043035993740219096,0.07902973395931144,0.038341158059467924,0.03677621283255087,0.052425665101721454
72,0.03484848484848485,0.06212121212121212,0.04090909090909091,0.0601010101010101,0.05404040404040404,0.06212121212121212,0.05101010101010101,0.04696969696969697,0.031818181818181815,0.06111111111111111,0.025757575757575757,0.03787878787878788,0.031818181818181815,0.031818181818181815,0.1712121212121212,0.027777777777777776,0.02878787878787879,0.07222222222222222,0.025757575757575757,0.04191919191919192
73,0.025657336726039016,0.018871925360474977,0.013358778625954198,0.015055131467345207,0.016751484308736218,0.32506361323155214,0.03795589482612383,0.04050042408821035,0.020568278201865988,0.025657336726039016,0.043044953350296865,0.029050042408821034,0.023536895674300253,0.05746395250212044,0.030322307039864292,0.013358778625954198,0.019720101781170483,0.04219677692960136,0.010390161153519931,0.19147582697201018
74,0.034979423868312765,0.032235939643347054,0.0308641975308642,0.0308641975308642,0.039094650205761326,0.051440329218107005,0.039094650205761326,0.07338820301783266,0.04732510288065844,0.12002743484224968,0.0665294924554184,0.04595336076817559,0.0308641975308642,0.039094650205761326,0.036351165980795616,0.04046639231824418,0.1378600823045268,0.032235939643347054,0.03772290809327847,0.03360768175582991
75,0.025045537340619307,0.13160291438979962,0.031420765027322405,0.028688524590163935,0.025956284153005466,0.1407103825136612,0.10336976320582877,0.023224043715846996,0.036885245901639344,0.021402550091074682,0.02686703096539162,0.045081967213114756,0.06238615664845173,0.05418943533697632,0.05327868852459016,0.03961748633879782,0.02686703096539162,0.03506375227686703,0.05874316939890711,0.02959927140255009
76,0.06025039123630673,0.04929577464788732,0.036776212832550864,0.035211267605633804,0.07120500782472614,0.035211267605633804,0.08528951486697965,0.05086071987480438,0.035211267605633804,0.04616588419405321,0.03990610328638498,0.06807511737089202,0.04773082942097027,0.061815336463223784,0.036776212832550864,0.05555555555555555,0.04929577464788732,0.06025039123630673,0.035211267605633804,0.03990610328638498
77,0.09537037037037037,0.05462962962962963,0.08302469135802469,0.035493827160493825,0.019444444444444445,0.032407407407407406,0.018827160493827162,0.023148148148148147,0.0404320987654321,0.027469135802469135,0.03425925925925926,0.0404320987654321,0.07746913580246914,0.03611111111111111,0.02808641975308642,0.07314814814814814,0.04351851851851852,0.01574074074074074,0.038580246913580245,0.1824074074074074
78,0.08184523809523811,0.03025793650793651,0.026289682539682543,0.022321428571428575,0.07688492063492065,0.04613095238095239,0.07192460317460318,0.03621031746031747,0.0709325396825397,0.07589285714285715,0.02926587301587302,0.0828373015873016,0.03720238095238096,0.05406746031746033,0.0322420634920635,0.027281746031746035,0.03720238095238096,0.07589285714285715,0.05307539682539683,0.0322420634920635
79,0.03692411924119242,0.03556910569105692,0.0220189701897019,0.015921409214092144,0.034214092140921415,0.2164634146341464,0.03827913279132792,0.030149051490514913,0.05860433604336045,0.095189701897019,0.03285907859078591,0.032181571815718166,0.05115176151761519,0.0233739837398374,0.04640921409214093,0.024728997289972906,0.030826558265582664,0.08028455284552848,0.0220189701897019,0.0728319783197832
80,0.046296296296296294,0.04520697167755991,0.03431372549019608,0.04738562091503268,0.04520697167755991,0.06481481481481481,0.02886710239651416,0.0659041394335512,0.06372549019607843,0.0855119825708061,0.029956427015250545,0.04847494553376906,0.10076252723311546,0.041938997821350764,0.03213507625272331,0.046296296296296294,0.06917211328976035,0.02559912854030501,0.04520697167755991,0.0332244008714597
81,0.03605200945626478,0.03723404255319149,0.044326241134751775,0.03250591016548463,0.07624113475177305,0.051418439716312055,0.09160756501182032,0.05614657210401891,0.06323877068557919,0.07033096926713948,0.09397163120567376,0.04314420803782506,0.03486997635933806,0.03250591016548463,0.0466903073286052,0.026595744680851064,0.047872340425531915,0.053782505910165486,0.026595744680851064,0.03486997635933806
82,0.04084967320261438,0.02886710239651416,0.06263616557734204,0.041938997821350764,0.05827886710239651,0.04847494553376906,0.046296296296296294,0.061546840958605666,0.0332244008714597,0.029956427015250545,0.039760348583877995,0.07352941176470588,0.051742919389978215,0.03431372549019608,0.03758169934640523,0.061546840958605666,0.04520697167755991,0.029956427015250545,0.1443355119825708,0.029956427015250545
83,0.056579621095750134,0.021249359959037383,0.11085509472606248,0.02278545826932924,0.0243215565796211,0.0504352278545827,0.01612903225806452,0.06528417818740401,0.02278545826932924,0.08883768561187917,0.049923195084485415,0.026369687660010244,0.05862775217613928,0.03814644137224783,0.04224270353302612,0.05862775217613928,0.016641065028161806,0.0729646697388633,0.09600614439324118,0.06118791602662571
84,0.0718694885361552,0.033950617283950615,0.02072310405643739,0.021604938271604937,0.068342151675485,0.15211640211640212,0.04365079365079365,0.028659611992945325,0.050705467372134036,0.07539682539682539,0.08333333333333333,0.07627865961199294,0.03747795414462081,0.024250440917107582,0.03130511463844797,0.023368606701940034,0.0718694885361552,0.029541446208112873,0.027777777777777776,0.027777777777777776
85,0.07337962962962963,0.055324074074074074,0.050694444444444445,0.05856481481481481,0.06828703703703703,0.013194444444444444,0.06087962962962963,0.027546296296296298,0.019675925925925927,0.026157407407407407,0.05393518518518518,0.04837962962962963,0.10717592592592592,0.019675925925925927,0.056712962962962965,0.02013888888888889,0.07939814814814815,0.05578703703703704,0.06319444444444444,0.04189814814814815
86,0.023560209424083777,0.01774287376381618,0.01657940663176266,0.022978475858057016,0.29697498545666096,0.056719022687609096,0.04101221640488657,0.027050610820244337,0.025887143688190815,0.01657940663176266,0.015415939499709139,0.056137289121582334,0.060791157649796417,0.027050610820244337,0.08231529959278654,0.014252472367655618,0.11954624781849917,0.03984874927283306,0.022978475858057016,0.01657940663176266
87,0.06204063986165152,0.10008646779074792,0.15412883700821442,0.04042369217466493,0.07846952010376133,0.03307392996108949,0.014051015996541285,0.04907047124945956,0.03091223519239083,0.020536100302637264,0.018374405533938605,0.017077388672719407,0.05252918287937742,0.028318201469952436,0.03610030263726761,0.02745352356247297,0.011024643320363164,0.058149589277993935,0.060743623000432324,0.10743623000432337
88,0.049828178694158065,0.0395189003436426,0.1437571592210767,0.02577319587628865,0.0406643757159221,0.02920962199312714,0.06357388316151201,0.02920962199312714,0.030355097365406637,0.07388316151202748,0.03837342497136311,0.08533791523482244,0.02920962199312714,0.05670103092783504,0.05097365406643756,0.04639175257731958,0.02691867124856815,0.030355097365406637,0.05326460481099655,0.05670103092783504
89,0.025510204081632654,0.09013605442176871,0.10487528344671201,0.10714285714285714,0.025510204081632654,0.036848072562358274,0.10374149659863946,0.05612244897959184,0.030045351473922902,0.08673469387755102,0.03571428571428571,0.025510204081632654,0.04251700680272109,0.025510204081632654,0.027777777777777776,0.04478458049886622,0.036848072562358274,0.02891156462585034,0.03798185941043084,0.027777777777777776
90,0.026627218934911243,0.015450361604207758,0.0641025641025641,0.02333990795529257,0.03780407626561473,0.043721236028928336,0.23372781065088757,0.021367521367521368,0.017422748191978962,0.04963839579224195,0.07133464825772518,0.050953320184089414,0.041091387245233396,0.021367521367521368,0.035831689677843524,0.020710059171597635,0.05226824457593689,0.025312294543063774,0.06738987508218278,0.08053911900065747
91,0.05634920634920635,0.05,0.05634920634920635,0.0373015873015873,0.0373015873015873,0.046825396825396826,0.06587301587301587,0.03571428571428571,0.04365079365079365,0.07698412698412699,0.05317460317460317,0.08174603174603175,0.048412698412698414,0.04047619047619048,0.0373015873015873,0.03888888888888889,0.05317460317460317,0.04523809523809524,0.051587301587301584,0.04365079365079365
92,0.029458283906682484,0.04764729141953341,0.01166468960063266,0.016805061289047053,0.09114274416765519,0.05555555555555555,0.09232898378805852,0.027876631079478055,0.033412415974693556,0.025504151838671413,0.029062870699881376,0.06623171213918545,0.039739027283511266,0.22953736654804271,0.02155001977066034,0.03143534994068802,0.012060102807433769,0.051206010280743376,0.04922894424673784,0.03855278766310795
93,0.06179138321995465,0.025510204081632654,0.03344671201814059,0.030045351473922902,0.06972789115646258,0.04478458049886622,0.03231292517006803,0.08560090702947845,0.10714285714285714,0.04251700680272109,0.041383219954648526,0.030045351473922902,0.04478458049886622,0.03798185941043084,0.06065759637188209,0.02891156462585034,0.09807256235827665,0.05612244897959184,0.03231292517006803,0.036848072562358274
94,0.03715277777777778,0.06076388888888889,0.040625,0.024652777777777777,0.042708333333333334,0.02048611111111111,0.04756944444444444,0.06493055555555556,0.03576388888888889,0.08020833333333334,0.06354166666666666,0.027430555555555555,0.08715277777777777,0.03229166666666667,0.06909722222222223,0.060069444444444446,0.016319444444444445,0.06701388888888889,0.042708333333333334,0.07951388888888888
95,0.02665920954511559,0.01845637583892618,0.020693512304250563,0.04716629381058913,0.019202087994034306,0.3502982848620433,0.027777777777777783,0.057606263982102925,0.02367636092468308,0.016219239373601792,0.029642058165548105,0.11278896346010443,0.03150633855331843,0.01957494407158837,0.04082774049217003,0.01957494407158837,0.033370618941088746,0.07326621923937361,0.01584638329604773,0.01584638329604773
96,0.03989898989898989,0.10353535353535351,0.03181818181818181,0.02474747474747474,0.02373737373737373,0.10555555555555553,0.04696969696969695,0.03181818181818181,0.03787878787878787,0.06717171717171716,0.02777777777777777,0.12070707070707068,0.06414141414141412,0.029797979797979792,0.04292929292929292,0.03888888888888888,0.04999999999999999,0.0409090909090909,0.033838383838383834,0.03787878787878787
97,0.03846153846153847,0.03846153846153847,0.03846153846153847,0.04017094017094018,0.047008547008547015,0.0965811965811966,0.03846153846153847,0.04017094017094018,0.03846153846153847,0.03846153846153847,0.05555555555555556,0.03846153846153847,0.07435897435897437,0.041880341880341884,0.03846153846153847,0.041880341880341884,0.06068376068376069,0.045299145299145305,0.10000000000000002,0.048717948717948725
98,0.03270609318996416,0.021953405017921146,0.023745519713261647,0.041666666666666664,0.06944444444444445,0.030913978494623656,0.028225806451612902,0.04614695340501792,0.030913978494623656,0.0264336917562724,0.0721326164874552,0.03718637992831541,0.10528673835125447,0.08019713261648745,0.08288530465949821,0.05152329749103943,0.11514336917562724,0.025537634408602152,0.03808243727598566,0.039874551971326166
99,0.054385964912280704,0.048538011695906436,0.05321637426900585,0.02631578947368421,0.030994152046783626,0.05906432748538012,0.07660818713450293,0.030994152046783626,0.03216374269005848,0.052046783625730994,0.052046783625730994,0.16900584795321638,0.030994152046783626,0.0391812865497076,0.02631578947368421,0.02982456140350877,0.07076023391812865,0.0391812865497076,0.046198830409356725,0.03216374269005848
100,0.0470679012345679,0.036265432098765434,0.0470679012345679,0.06867283950617284,0.04398148148148148,0.04861111111111111,0.04552469135802469,0.036265432098765434,0.03935185185185185,0.06867283950617284,0.034722222222222224,0.0470679012345679,0.03780864197530864,0.07330246913580248,0.034722222222222224,0.05015432098765432,0.04861111111111111,0.034722222222222224,0.05787037037037037,0.09953703703703703
101,0.04954954954954955,0.03853853853853854,0.046546546546546545,0.059559559559559556,0.0985985985985986,0.07257257257257257,0.027527527527527528,0.026526526526526525,0.03153153153153153,0.05055055055055055,0.046546546546546545,0.04954954954954955,0.03553553553553553,0.053553553553553554,0.12862862862862862,0.05555555555555555,0.02952952952952953,0.028528528528528527,0.03953953953953954,0.03153153153153153
102,0.024444444444444446,0.05555555555555555,0.021777777777777778,0.03866666666666667,0.029777777777777778,0.043111111111111114,0.10533333333333333,0.029777777777777778,0.04577777777777778,0.092,0.044,0.1302222222222222,0.07955555555555556,0.04044444444444444,0.03777777777777778,0.028888888888888888,0.028,0.051111111111111114,0.03777777777777778,0.036
103,0.08879781420765026,0.04143897996357012,0.06329690346083787,0.03870673952641165,0.04872495446265937,0.08515482695810564,0.026867030965391614,0.03779599271402549,0.03597449908925318,0.02049180327868852,0.02595628415300546,0.030510018214936242,0.09153005464480873,0.0960837887067395,0.049635701275045525,0.02777777777777777,0.05783242258652093,0.0314207650273224,0.055100182149362464,0.04690346083788705
104,0.09833333333333336,0.04166666666666667,0.04055555555555556,0.02944444444444445,0.031666666666666676,0.02833333333333334,0.05833333333333335,0.05277777777777779,0.02611111111111112,0.048333333333333346,0.027222222222222228,0.10388888888888892,0.036111111111111115,0.03277777777777779,0.11277777777777781,0.05166666666666668,0.02833333333333334,0.03055555555555556,0.05944444444444446,0.06166666666666668
105,0.07821637426900586,0.03874269005847954,0.03289473684210527,0.044590643274853806,0.034356725146198835,0.05774853801169591,0.04605263157894737,0.06213450292397661,0.03728070175438597,0.07967836257309943,0.060672514619883045,0.06652046783625733,0.034356725146198835,0.05921052631578948,0.03874269005847954,0.04751461988304094,0.06213450292397661,0.04897660818713451,0.034356725146198835,0.0358187134502924
106,0.03751187084520418,0.03561253561253561,0.03751187084520418,0.11063627730294397,0.03181386514719848,0.027065527065527065,0.0641025641025641,0.030864197530864196,0.033713200379867046,0.03276353276353276,0.038461538461538464,0.0811965811965812,0.13817663817663817,0.04036087369420703,0.03561253561253561,0.043209876543209874,0.03561253561253561,0.03941120607787275,0.0365622032288699,0.0698005698005698
107,0.038398692810457526,0.06781045751633988,0.07271241830065361,0.03676470588235295,0.038398692810457526,0.040032679738562095,0.038398692810457526,0.04330065359477125,0.04330065359477125,0.0792483660130719,0.038398692810457526,0.038398692810457526,0.04330065359477125,0.054738562091503275,0.05800653594771243,0.06290849673202616,0.0531045751633987,0.04166666666666667,0.06617647058823531,0.044934640522875824
108,0.04533844189016603,0.031289910600255426,0.042784163473818644,0.06960408684546615,0.030012771392081736,0.028735632183908046,0.12196679438058748,0.0491698595146871,0.040229885057471264,0.05938697318007663,0.05172413793103448,0.0351213282247765,0.028735632183908046,0.04661558109833972,0.04533844189016603,0.04789272030651341,0.06832694763729247,0.0491698595146871,0.028735632183908046,0.07982120051085569
109,0.020522388059701493,0.026326699834162522,0.03959369817578773,0.023424543946932008,0.054933665008291874,0.030472636815920398,0.03959369817578773,0.026741293532338308,0.014303482587064677,0.020522388059701493,0.04208126036484246,0.06820066334991708,0.2614013266998342,0.013888888888888888,0.11878109452736318,0.04830016583747927,0.05617744610281924,0.018034825870646767,0.04125207296849088,0.03544776119402985
110,0.03251028806584363,0.04567901234567902,0.019341563786008233,0.12716049382716052,0.03580246913580248,0.07448559670781894,0.11152263374485598,0.03415637860082305,0.02181069958847737,0.14938271604938275,0.023456790123456795,0.041563786008230456,0.0308641975308642,0.05390946502057614,0.03004115226337449,0.02181069958847737,0.019341563786008233,0.03580246913580248,0.04074074074074075,0.05061728395061729
111,0.029887482419127982,0.07278481012658226,0.31118143459915604,0.037623066104078756,0.052390998593530226,0.01722925457102672,0.027074542897327702,0.01722925457102672,0.022151898734177212,0.041842475386779175,0.01863572433192686,0.01722925457102672,0.07208157524613219,0.0530942334739803,0.041139240506329104,0.05028129395218001,0.01652601969057665,0.02144866385372714,0.05028129395218001,0.029887482419127982
112,0.08663558663558664,0.029137529137529136,0.019813519813519812,0.020590520590520592,0.03613053613053613,0.022144522144522144,0.1184926184926185,0.03535353535353535,0.04079254079254079,0.05710955710955711,0.0811965811965812,0.175990675990676,0.045454545454545456,0.03146853146853147,0.020590520590520592,0.024475524475524476,0.04467754467754468,0.04700854700854701,0.027583527583527584,0.03535353535353535
113,0.05555555555555555,0.06856856856856856,0.05055055055055055,0.07557557557557558,0.12762762762762764,0.05655655655655656,0.02252252252252252,0.03153153153153153,0.03953953953953954,0.0965965965965966,0.03053053053053053,0.08458458458458458,0.06156156156156156,0.02252252252252252,0.023523523523523524,0.027527527527527528,0.025525525525525526,0.03453453453453453,0.027527527527527528,0.03753753753753754
114,0.04532163742690058,0.03557504873294347,0.059941520467836254,0.0891812865497076,0.0384990253411306,0.024853801169590642,0.02387914230019493,0.0384990253411306,0.028752436647173488,0.02290448343079922,0.2236842105263158,0.0297270955165692,0.0891812865497076,0.02290448343079922,0.06676413255360623,0.032651072124756333,0.02387914230019493,0.039473684210526314,0.024853801169590642,0.039473684210526314
115,0.016600265604249664,0.023240371845949532,0.020584329349269584,0.011730854360336428,0.22952633908809203,0.034307215582115975,0.009960159362549799,0.010402833111996457,0.16445329791943336,0.029880478087649397,0.039619300575475865,0.023240371845949532,0.022797698096502873,0.05467020805666223,0.04050464807436918,0.03829127932713589,0.10026560424966796,0.040947321823815844,0.034307215582115975,0.05467020805666223
116,0.04098360655737704,0.04098360655737704,0.04098360655737704,0.057377049180327856,0.0628415300546448,0.04098360655737704,0.04098360655737704,0.04098360655737704,0.057377049180327856,0.09927140255009105,0.06648451730418942,0.0500910746812386,0.04098360655737704,0.061020036429872485,0.04098360655737704,0.04098360655737704,0.04098360655737704,0.04280510018214936,0.04280510018214936,0.0500910746812386
117,0.019632414369256473,0.029657477025898077,0.02297410192147034,0.018796992481203006,0.027151211361737676,0.03467000835421888,0.03717627401837928,0.025480367585630742,0.14494569757727652,0.03216374269005848,0.021303258145363407,0.1858813700918964,0.06641604010025062,0.03717627401837928,0.02631578947368421,0.03132832080200501,0.07226399331662489,0.10568086883876357,0.03884711779448621,0.022138680033416874
118,0.029377545084351368,0.031122745782431648,0.03461314717859221,0.0491564863292612,0.07882489819662594,0.036358347876672484,0.01832460732984293,0.03228621291448516,0.07300756253635834,0.036358347876672484,0.0462478184991274,0.09162303664921466,0.08987783595113438,0.05904595695171611,0.0462478184991274,0.06893542757417102,0.037521815008726006,0.032867946480511924,0.039848749272833044,0.06835369400814427
119,0.033052039381153316,0.037271448663853735,0.04711673699015472,0.05836849507735584,0.042897327707454296,0.03586497890295359,0.09774964838255978,0.0569620253164557,0.03867791842475388,0.04008438818565402,0.033052039381153316,0.1188466947960619,0.031645569620253174,0.04430379746835444,0.048523206751054856,0.033052039381153316,0.031645569620253174,0.07946554149085797,0.03445850914205345,0.0569620253164557
120,0.022435897435897436,0.026709401709401708,0.025284900284900286,0.030982905982905984,0.028846153846153848,0.023148148148148147,0.14707977207977208,0.047364672364672365,0.026709401709401708,0.07086894586894586,0.016025641025641024,0.15562678062678062,0.0495014245014245,0.02955840455840456,0.01673789173789174,0.08368945868945869,0.10007122507122507,0.03311965811965812,0.0202991452991453,0.045940170940170943
121,0.07520325203252033,0.03184281842818428,0.03319783197831978,0.061653116531165314,0.04539295392953929,0.10094850948509485,0.03997289972899729,0.04539295392953929,0.034552845528455285,0.03997289972899729,0.034552845528455285,0.06029810298102981,0.08468834688346884,0.042682926829268296,0.05623306233062331,0.048102981029810296,0.061653116531165314,0.03319783197831978,0.03048780487804878,0.03997289972899729
122,0.03874269005847954,0.03289473684210527,0.05628654970760234,0.03289473684210527,0.07090643274853803,0.07529239766081873,0.16008771929824564,0.03874269005847954,0.03289473684210527,0.034356725146198835,0.03289473684210527,0.05628654970760234,0.03728070175438597,0.04897660818713451,0.03728070175438597,0.03289473684210527,0.04897660818713451,0.03728070175438597,0.05190058479532164,0.04312865497076024
123,0.028311965811965812,0.060363247863247864,0.03365384615384615,0.05502136752136752,0.05074786324786325,0.08386752136752136,0.02403846153846154,0.04113247863247863,0.1971153846153846,0.030448717948717948,0.04326923076923077,0.04861111111111111,0.060363247863247864,0.03258547008547009,0.02403846153846154,0.04754273504273504,0.042200854700854704,0.030448717948717948,0.04006410256410257,0.026175213675213676
124,0.030740740740740746,0.06555555555555558,0.05444444444444445,0.04851851851851852,0.0462962962962963,0.03592592592592593,0.07592592592592594,0.0462962962962963,0.022592592592592595,0.061111111111111116,0.03444444444444445,0.031481481481481485,0.023333333333333338,0.04851851851851852,0.021851851851851855,0.0262962962962963,0.05814814814814816,0.13000000000000003,0.049259259259259267,0.08925925925925927
125,0.04652777777777778,0.034027777777777775,0.06875,0.03263888888888889,0.06319444444444444,0.03125,0.07847222222222222,0.04375,0.035416666666666666,0.06041666666666667,0.059027777777777776,0.049305555555555554,0.035416666666666666,0.08541666666666667,0.04513888888888889,0.03680555555555556,0.04513888888888889,0.034027777777777775,0.06041666666666667,0.05486111111111111
126,0.013312034078807244,0.018636847710330143,0.04668086616968407,0.03248136315228968,0.013312034078807244,0.030706425275115374,0.04455094071707491,0.04455094071707491,0.015086971955981542,0.012957046503372384,0.11696840610578631,0.07011004614838481,0.053780617678381264,0.3189563365282216,0.033191338303159394,0.017926872559460422,0.034256301029463976,0.03674121405750799,0.016861909833155844,0.028931487397941075
127,0.030913978494623656,0.05241935483870968,0.059587813620071685,0.029121863799283155,0.039874551971326166,0.050627240143369175,0.059587813620071685,0.0246415770609319,0.15905017921146952,0.03181003584229391,0.03270609318996416,0.03718637992831541,0.047939068100358424,0.04345878136200717,0.03808243727598566,0.030913978494623656,0.11424731182795698,0.03449820788530466,0.05421146953405018,0.029121863799283155
128,0.028502415458937197,0.0391304347826087,0.05748792270531401,0.052657004830917876,0.050724637681159424,0.028502415458937197,0.035265700483091786,0.03429951690821256,0.03429951690821256,0.028502415458937197,0.03333333333333333,0.21690821256038648,0.036231884057971016,0.03140096618357488,0.042995169082125605,0.04106280193236715,0.07101449275362319,0.06135265700483092,0.025603864734299518,0.050724637681159424
129,0.05833333333333334,0.031666666666666676,0.025000000000000005,0.05500000000000001,0.028333333333333335,0.0338888888888889,0.04833333333333334,0.029444444444444447,0.04055555555555556,0.027222222222222224,0.04055555555555556,0.16500000000000004,0.0738888888888889,0.03833333333333334,0.08722222222222224,0.026111111111111116,0.036111111111111115,0.08944444444444445,0.03277777777777779,0.03277777777777779
130,0.06458333333333335,0.12291666666666667,0.03402777777777778,0.04097222222222223,0.04930555555555556,0.04930555555555556,0.03125000000000001,0.03402777777777778,0.10347222222222223,0.04930555555555556,0.036805555555555564,0.06736111111111112,0.04791666666666668,0.043750000000000004,0.04236111111111112,0.0326388888888889,0.036805555555555564,0.03402777777777778,0.04097222222222223,0.038194444444444454
131,0.09684684684684684,0.06381381381381382,0.03528528528528529,0.07432432432432433,0.060810810810810814,0.0518018018018018,0.060810810810810814,0.08483483483483484,0.04129129129129129,0.03678678678678678,0.033783783783783786,0.033783783783783786,0.03528528528528529,0.033783783783783786,0.03528528528528529,0.0457957957957958,0.033783783783783786,0.044294294294294295,0.05930930930930931,0.038288288288288286
132,0.023635477582846003,0.017300194931773878,0.04995126705653021,0.03971734892787524,0.035818713450292396,0.04312865497076023,0.042641325536062376,0.04702729044834308,0.1118421052631579,0.04117933723196881,0.12451267056530214,0.06115984405458089,0.055311890838206625,0.10453216374269006,0.039230019493177386,0.02266081871345029,0.028021442495126704,0.03630604288499025,0.06115984405458089,0.0148635477582846
133,0.04134790528233151,0.020947176684881604,0.0872495446265938,0.014025500910746813,0.01766848816029144,0.025683060109289616,0.07923497267759563,0.19617486338797815,0.026775956284153007,0.036247723132969034,0.014754098360655738,0.058469945355191254,0.04426229508196721,0.018397085610200363,0.03114754098360656,0.027140255009107467,0.02058287795992714,0.18961748633879782,0.03588342440801457,0.014389799635701275
134,0.1733539094650206,0.0344650205761317,0.07150205761316873,0.037551440329218116,0.0756172839506173,0.027263374485596712,0.037551440329218116,0.056069958847736634,0.02829218106995885,0.037551440329218116,0.040637860082304536,0.08384773662551442,0.02520576131687243,0.02829218106995885,0.056069958847736634,0.02932098765432099,0.02314814814814815,0.05092592592592593,0.04166666666666667,0.04166666666666667
135,0.03867102396514161,0.03867102396514161,0.04738562091503268,0.03431372549019608,0.027777777777777776,0.046296296296296294,0.046296296296296294,0.04411764705882353,0.029956427015250545,0.06045751633986928,0.07026143790849673,0.08115468409586056,0.03540305010893246,0.0789760348583878,0.026688453159041396,0.04520697167755991,0.08877995642701525,0.06372549019607843,0.04302832244008715,0.0528322440087146
136,0.0394524959742351,0.06521739130434781,0.037842190016103054,0.05394524959742349,0.041062801932367145,0.044283413848631235,0.10869565217391301,0.041062801932367145,0.049114331723027364,0.0394524959742351,0.04267310789049919,0.037842190016103054,0.07326892109500804,0.07326892109500804,0.03623188405797101,0.05072463768115941,0.03623188405797101,0.03623188405797101,0.052334943639291455,0.041062801932367145
137,0.04166666666666667,0.043518518518518526,0.04166666666666667,0.04166666666666667,0.04166666666666667,0.04166666666666667,0.06944444444444446,0.04166666666666667,0.05092592592592593,0.05462962962962964,0.05833333333333334,0.1064814814814815,0.04166666666666667,0.05462962962962964,0.04166666666666667,0.04166666666666667,0.05092592592592593,0.04907407407407408,0.043518518518518526,0.043518518518518526
138,0.03128991060025543,0.03256704980842912,0.03895274584929758,0.08620689655172416,0.03256704980842912,0.04789272030651342,0.03512132822477651,0.02873563218390805,0.03256704980842912,0.04661558109833973,0.06321839080459772,0.06960408684546616,0.05427841634738187,0.05938697318007664,0.03384418901660282,0.03895274584929758,0.1794380587484036,0.03001277139208174,0.03001277139208174,0.02873563218390805
139,0.020531400966183576,0.0607890499194847,0.05112721417069243,0.042270531400966184,0.07125603864734299,0.030193236714975844,0.05756843800322061,0.05756843800322061,0.13808373590982287,0.0640096618357488,0.03421900161030596,0.022946859903381644,0.030193236714975844,0.025362318840579712,0.05676328502415459,0.030998389694041867,0.08011272141706924,0.04710144927536232,0.0430756843800322,0.035829307568438
140,0.04196642685851319,0.027577937649880094,0.030775379696243006,0.029176658673061552,0.028377298161470825,0.018784972022382093,0.017985611510791366,0.0771382893685052,0.08513189448441247,0.06434852118305355,0.07154276578737011,0.036370903277378096,0.03876898481215028,0.03557154276578737,0.021183053557154278,0.01958433253397282,0.17306155075939247,0.09552358113509192,0.03796962430055955,0.049160671462829736
141,0.07124183006535949,0.03333333333333334,0.030718954248366015,0.03856209150326798,0.054248366013071904,0.058169934640522884,0.05163398692810458,0.029411764705882356,0.04248366013071896,0.03856209150326798,0.03986928104575164,0.04640522875816994,0.1470588235294118,0.04901960784313726,0.030718954248366015,0.04248366013071896,0.04248366013071896,0.08562091503267975,0.030718954248366015,0.03725490196078432
142,0.0518641565153193,0.027870062753783682,0.01864156515319306,0.028608342561830934,0.04928017718715393,0.04448135843484681,0.01199704688076781,0.010889627168696936,0.017534145441122185,0.014211886304909561,0.4213732004429679,0.02528608342561831,0.07327427094868956,0.03709856035437431,0.043004798818752306,0.02085640457733481,0.043743078626799554,0.02676264304171281,0.011627906976744186,0.02159468438538206
143,0.02292340884573894,0.024002157497303122,0.042880258899676366,0.02130528586839266,0.019687162891046384,0.18581445523193094,0.06283710895361379,0.0477346278317152,0.01537216828478964,0.03802588996763753,0.030474649406688235,0.11731391585760514,0.0984358144552319,0.02292340884573894,0.09627831715210353,0.013754045307443362,0.03101402373247033,0.03371089536138079,0.028856526429341955,0.046655879180151016
144,0.03626295105394785,0.016970346552340126,0.024830296534476604,0.009824937477670598,0.05448374419435514,0.024830296534476604,0.038049303322615226,0.031618435155412655,0.016613076098606648,0.14630225080385856,0.02590210789567703,0.014826723829939267,0.018756698821007507,0.04305108967488389,0.04412290103608432,0.03340478742408003,0.033762057877813514,0.3074312254376564,0.05484101464808861,0.024115755627009648
145,0.1391263057929725,0.031813865147198486,0.05175688509021843,0.028015194681861352,0.049857549857549865,0.17426400759734095,0.07834757834757836,0.02706552706552707,0.02421652421652422,0.07454890788224124,0.0308641975308642,0.022317188983855655,0.022317188983855655,0.0422602089268756,0.022317188983855655,0.049857549857549865,0.03561253561253562,0.0422602089268756,0.02706552706552707,0.026115859449192785
146,0.061827956989247326,0.0421146953405018,0.0421146953405018,0.08691756272401435,0.0421146953405018,0.0421146953405018,0.0421146953405018,0.040322580645161296,0.052867383512544816,0.0439068100358423,0.06720430107526883,0.040322580645161296,0.05645161290322582,0.040322580645161296,0.05465949820788532,0.04749103942652331,0.05645161290322582,0.0439068100358423,0.040322580645161296,0.05645161290322582
147,0.09416559416559418,0.04654654654654655,0.10574860574860576,0.04997854997854999,0.031102531102531104,0.033247533247533254,0.02638352638352639,0.04225654225654226,0.0250965250965251,0.14135564135564138,0.06842556842556843,0.05727155727155728,0.07700557700557702,0.020377520377520383,0.020377520377520383,0.018661518661518665,0.03968253968253969,0.03625053625053626,0.0250965250965251,0.040969540969540974
148,0.03333333333333334,0.03801169590643275,0.026315789473684213,0.04152046783625732,0.028654970760233923,0.03099415204678363,0.03099415204678363,0.034502923976608195,0.032163742690058485,0.07192982456140352,0.04385964912280702,0.20526315789473687,0.0801169590643275,0.04152046783625732,0.026315789473684213,0.029824561403508774,0.03099415204678363,0.06374269005847955,0.04619883040935673,0.06374269005847955
149,0.07151300236406619,0.034869976359338056,0.05141843971631204,0.0998817966903073,0.05496453900709219,0.03132387706855791,0.05496453900709219,0.09160756501182031,0.03723404255319148,0.04550827423167848,0.04669030732860519,0.03959810874704491,0.08806146572104018,0.02777777777777777,0.03723404255319148,0.0478723404255319,0.02777777777777777,0.032505910165484625,0.03605200945626477,0.04314420803782505
150,0.042534722222222224,0.06163194444444445,0.0685763888888889,0.051215277777777776,0.0390625,0.0390625,0.08072916666666667,0.06510416666666667,0.0390625,0.05642361111111111,0.04079861111111111,0.0390625,0.04079861111111111,0.05295138888888889,0.06163194444444445,0.0390625,0.042534722222222224,0.0390625,0.06163194444444445,0.0390625
151,0.03230676328502415,0.10235507246376811,0.051026570048309176,0.0232487922705314,0.04559178743961353,0.1736111111111111,0.05344202898550725,0.05344202898550725,0.04861111111111111,0.0160024154589372,0.029287439613526572,0.049818840579710144,0.07155797101449275,0.06310386473429952,0.0232487922705314,0.0160024154589372,0.03955314009661836,0.04076086956521739,0.035326086956521736,0.03170289855072464
152,0.035211267605633804,0.036776212832550864,0.036776212832550864,0.035211267605633804,0.03834115805946792,0.036776212832550864,0.07746478873239436,0.07746478873239436,0.03990610328638498,0.036776212832550864,0.05712050078247261,0.16040688575899845,0.036776212832550864,0.03990610328638498,0.04929577464788732,0.04616588419405321,0.036776212832550864,0.04303599374021909,0.035211267605633804,0.04460093896713615
153,0.044332210998877665,0.0409652076318743,0.05667789001122334,0.06677890011223345,0.0611672278338945,0.030864197530864196,0.026374859708193043,0.02861952861952862,0.03198653198653199,0.04769921436588103,0.025252525252525252,0.057800224466891134,0.08810325476992144,0.043209876543209874,0.15432098765432098,0.044332210998877665,0.03310886644219978,0.05555555555555555,0.026374859708193043,0.03647586980920314
154,0.15079365079365079,0.040372670807453416,0.03968253968253968,0.0852311939268461,0.050724637681159424,0.04796411318150449,0.030710835058661144,0.03761214630779848,0.022429261559696344,0.09420289855072464,0.02035886818495514,0.03899240855762595,0.054865424430641824,0.028640441683919944,0.022429261559696344,0.04520358868184955,0.027260179434092476,0.08385093167701864,0.054865424430641824,0.023809523809523808
155,0.05357142857142857,0.019444444444444445,0.03293650793650794,0.038492063492063494,0.025793650793650792,0.028174603174603175,0.08531746031746032,0.023412698412698413,0.04246031746031746,0.11388888888888889,0.0496031746031746,0.08373015873015872,0.028174603174603175,0.041666666666666664,0.07658730158730159,0.09404761904761905,0.037698412698412696,0.036904761904761905,0.037698412698412696,0.0503968253968254
156,0.016609392898052695,0.01279114165712104,0.014700267277586866,0.020045819014891185,0.019663993890798016,0.04715540282550593,0.020809469263077515,0.024245895379916,0.034173348606338305,0.015463917525773198,0.021573119511263845,0.09526536846124477,0.4476899579992364,0.01355479190530737,0.033027873234058806,0.01279114165712104,0.030736922489499812,0.06051928216876671,0.043337151584574275,0.015845742649866365
157,0.35256410256410264,0.030736357659434586,0.015614727153188693,0.01890203813280737,0.034681130834976995,0.11160420775805392,0.021531886916502305,0.04388560157790928,0.02087442472057857,0.011669953977646287,0.015943458251150563,0.029421433267587116,0.060322156476002635,0.046844181459566085,0.017258382642998032,0.011012491781722552,0.10141354372123604,0.0205456936226167,0.01134122287968442,0.023833004602235374
158,0.04974160206718347,0.0368217054263566,0.07041343669250648,0.09883720930232559,0.030361757105943157,0.03940568475452197,0.04457364341085272,0.03940568475452197,0.038113695090439284,0.030361757105943157,0.04328165374677003,0.06395348837209304,0.04715762273901809,0.038113695090439284,0.06912144702842378,0.03423772609819122,0.08591731266149873,0.04328165374677003,0.06007751937984497,0.0368217054263566
159,0.06869772998805257,0.06989247311827956,0.06750298685782556,0.03046594982078853,0.04360812425328554,0.034050179211469536,0.11887694145758662,0.08183990442054959,0.028076463560334528,0.07945041816009558,0.03882915173237754,0.03046594982078853,0.04241338112305854,0.03046594982078853,0.028076463560334528,0.07347670250896057,0.044802867383512544,0.032855436081242535,0.02927120669056153,0.026881720430107527
160,0.03308364544319601,0.058052434456928856,0.12921348314606745,0.04307116104868915,0.14669163545568042,0.040574282147315864,0.040574282147315864,0.04307116104868915,0.03558052434456929,0.030586766541822727,0.030586766541822727,0.028089887640449444,0.0418227215980025,0.046816479400749074,0.03682896379525594,0.03807740324594258,0.03308364544319601,0.04307116104868915,0.06429463171036207,0.03682896379525594
161,0.04433221099887766,0.04882154882154881,0.07351290684624016,0.035353535353535345,0.04769921436588102,0.027497194163860823,0.025252525252525245,0.03759820426487093,0.05106621773288438,0.04433221099887766,0.06677890011223343,0.025252525252525245,0.0499438832772166,0.034231200897867554,0.034231200897867554,0.07463524130190795,0.028619528619528614,0.05667789001122333,0.07687991021324353,0.11728395061728392
162,0.032163742690058485,0.028654970760233923,0.028654970760233923,0.04385964912280702,0.05555555555555556,0.0625730994152047,0.05555555555555556,0.050877192982456146,0.04970760233918129,0.056725146198830415,0.026315789473684213,0.07076023391812866,0.04152046783625732,0.028654970760233923,0.03333333333333334,0.03099415204678363,0.15497076023391815,0.04619883040935673,0.04736842105263159,0.05555555555555556
163,0.030808080808080802,0.028787878787878782,0.058080808080808066,0.07828282828282827,0.02575757575757575,0.05202020202020201,0.05505050505050504,0.035858585858585854,0.05404040404040403,0.033838383838383834,0.05606060606060605,0.04999999999999999,0.04696969696969695,0.034848484848484844,0.03989898989898989,0.08535353535353533,0.11666666666666664,0.032828282828282825,0.04393939393939393,0.0409090909090909
164,0.027518172377985466,0.04413291796469367,0.02959501557632399,0.02959501557632399,0.030633437175493255,0.03271028037383178,0.0991692627206646,0.1863966770508827,0.07736240913811009,0.026479750778816202,0.03167185877466252,0.026479750778816202,0.03167185877466252,0.036863966770508835,0.03374870197300105,0.05140186915887851,0.1074766355140187,0.03374870197300105,0.024402907580477678,0.038940809968847356
165,0.05606060606060607,0.03585858585858587,0.02272727272727273,0.02474747474747475,0.05202020202020203,0.03787878787878789,0.062121212121212126,0.06818181818181819,0.11767676767676769,0.02777777777777778,0.02474747474747475,0.11464646464646466,0.02676767676767677,0.046969696969696974,0.03383838383838385,0.042929292929292935,0.07323232323232325,0.03585858585858587,0.038888888888888896,0.05707070707070708
166,0.03944444444444444,0.045,0.03166666666666667,0.025,0.13833333333333334,0.09055555555555556,0.025,0.026111111111111113,0.042777777777777776,0.03722222222222222,0.07277777777777777,0.07277777777777777,0.04833333333333333,0.028333333333333332,0.030555555555555555,0.06055555555555556,0.03833333333333333,0.028333333333333332,0.085,0.03388888888888889
167,0.16176470588235298,0.02777777777777778,0.043028322440087155,0.05392156862745099,0.031045751633986932,0.028867102396514164,0.03867102396514162,0.028867102396514164,0.03867102396514162,0.05392156862745099,0.0462962962962963,0.029956427015250548,0.06481481481481483,0.1269063180827887,0.028867102396514164,0.06917211328976036,0.0266884531590414,0.025599128540305015,0.025599128540305015,0.04956427015250545
168,0.025430359937402197,0.14280125195618157,0.035602503912363075,0.018388106416275436,0.02073552425665102,0.05125195618153366,0.03482003129890455,0.02386541471048514,0.06377151799687013,0.02386541471048514,0.018388106416275436,0.07472613458528952,0.028560250391236313,0.04107981220657278,0.08802816901408451,0.026212832550860727,0.0309076682316119,0.024647887323943667,0.168622848200313,0.05829420970266042
169,0.0503968253968254,0.12738095238095237,0.0496031746031746,0.037698412698412696,0.036904761904761905,0.021825396825396824,0.0623015873015873,0.06547619047619048,0.11150793650793651,0.05277777777777778,0.02976190476190476,0.01865079365079365,0.036904761904761905,0.04484126984126984,0.019444444444444445,0.03373015873015873,0.028174603174603175,0.03134920634920635,0.09166666666666666,0.0496031746031746
170,0.06266149870801035,0.051033591731266155,0.05620155038759691,0.03552971576227391,0.031653746770025845,0.04586563307493541,0.05232558139534885,0.038113695090439284,0.038113695090439284,0.07558139534883722,0.061369509043927656,0.11304909560723515,0.030361757105943157,0.03423772609819122,0.03294573643410854,0.0678294573643411,0.030361757105943157,0.04974160206718347,0.05232558139534885,0.04069767441860466
171,0.03650793650793651,0.023809523809523808,0.040740740740740744,0.02486772486772487,0.06190476190476191,0.03015873015873016,0.023809523809523808,0.05873015873015873,0.03650793650793651,0.046031746031746035,0.07566137566137567,0.07671957671957672,0.03015873015873016,0.05343915343915344,0.10846560846560846,0.1126984126984127,0.03756613756613757,0.03439153439153439,0.0291005291005291,0.05873015873015873
172,0.029657477025898077,0.022138680033416874,0.03132832080200501,0.046365914786967416,0.03467000835421888,0.18421052631578946,0.030492898913951544,0.14076858813700918,0.04720133667502088,0.04218880534670008,0.027151211361737676,0.02297410192147034,0.021303258145363407,0.060568086883876354,0.03383458646616541,0.025480367585630742,0.027986633249791143,0.06140350877192982,0.018796992481203006,0.09147869674185463
173,0.04063786008230452,0.0838477366255144,0.05606995884773661,0.024176954732510282,0.09413580246913578,0.0375514403292181,0.02520576131687242,0.024176954732510282,0.02623456790123456,0.04166666666666666,0.052983539094650194,0.02932098765432098,0.03652263374485596,0.07767489711934154,0.0426954732510288,0.04886831275720163,0.02829218106995884,0.0426954732510288,0.1280864197530864,0.05915637860082303
174,0.0462962962962963,0.043372319688109166,0.050194931773879146,0.09795321637426901,0.03460038986354776,0.04434697855750488,0.029727095516569203,0.0882066276803119,0.043372319688109166,0.06091617933723197,0.06091617933723197,0.0462962962962963,0.023879142300194934,0.02875243664717349,0.02777777777777778,0.042397660818713455,0.025828460038986357,0.0375243664717349,0.048245614035087724,0.11939571150097467
175,0.026115859449192782,0.02231718898385565,0.043209876543209874,0.046058879392212725,0.03276353276353276,0.024216524216524215,0.02801519468186135,0.05270655270655271,0.030864197530864196,0.11728395061728394,0.07075023741690409,0.038461538461538464,0.030864197530864196,0.12867996201329535,0.09354226020892688,0.03181386514719848,0.03751187084520418,0.06885090218423552,0.027065527065527065,0.048907882241215575
176,0.0399728997289973,0.0467479674796748,0.07926829268292684,0.03319783197831979,0.0413279132791328,0.06029810298102982,0.03184281842818429,0.07791327913279134,0.0399728997289973,0.06842818428184283,0.030487804878048783,0.0453929539295393,0.037262872628726296,0.0413279132791328,0.03455284552845529,0.06571815718157183,0.03455284552845529,0.0481029810298103,0.03455284552845529,0.10907859078590787
177,0.06342182890855458,0.058505408062930184,0.04277286135693215,0.022123893805309734,0.048672566371681415,0.024090462143559487,0.13815142576204523,0.024090462143559487,0.10570304818092428,0.0319567354965585,0.02704031465093412,0.023107177974434612,0.05752212389380531,0.06735496558505408,0.04277286135693215,0.06342182890855458,0.024090462143559487,0.026057030481809244,0.06342182890855458,0.045722713864306784
178,0.03961748633879782,0.03597449908925319,0.05327868852459016,0.022313296903460837,0.03597449908925319,0.025045537340619307,0.027777777777777776,0.038706739526411654,0.028688524590163935,0.06876138433515483,0.08515482695810565,0.07422586520947176,0.03051001821493625,0.07695810564663023,0.052367941712204005,0.050546448087431695,0.020491803278688523,0.08333333333333333,0.02686703096539162,0.12340619307832422
179,0.03333333333333334,0.13267973856209153,0.09215686274509806,0.03594771241830066,0.03725490196078432,0.08169934640522877,0.03202614379084968,0.034640522875817,0.034640522875817,0.03202614379084968,0.050326797385620924,0.034640522875817,0.0411764705882353,0.03594771241830066,0.04640522875816994,0.034640522875817,0.0411764705882353,0.04379084967320262,0.09215686274509806,0.03333333333333334
180,0.07848324514991183,0.08906525573192241,0.04497354497354498,0.03968253968253969,0.04497354497354498,0.05555555555555556,0.07142857142857144,0.041446208112874784,0.03968253968253969,0.03968253968253969,0.05555555555555556,0.052028218694885366,0.03968253968253969,0.041446208112874784,0.03968253968253969,0.046737213403880075,0.03968253968253969,0.05555555555555556,0.04320987654320988,0.041446208112874784
181,0.048724954462659384,0.0651183970856102,0.03506375227686703,0.028688524590163935,0.02413479052823315,0.031420765027322405,0.036885245901639344,0.02959927140255009,0.17167577413479052,0.05510018214936248,0.03961748633879782,0.05327868852459016,0.046903460837887066,0.08060109289617487,0.027777777777777776,0.03051001821493625,0.025045537340619307,0.08515482695810565,0.05418943533697632,0.03051001821493625
182,0.10655737704918032,0.03491196114146934,0.03673345476624165,0.028840315725561626,0.02398299939283546,0.048876745598057075,0.04219793564055859,0.03430479659987857,0.027625986642380085,0.020947176684881604,0.030054644808743168,0.10595021250758956,0.04705525197328476,0.12962962962962962,0.01791135397692775,0.0294474802671524,0.07012750455373407,0.027018822100789312,0.02398299939283546,0.11384335154826958
183,0.0394912985274431,0.08500669344042837,0.14524765729585004,0.0394912985274431,0.036813922356091024,0.031459170013386877,0.036813922356091024,0.05957161981258365,0.04216867469879517,0.04082998661311914,0.06626506024096385,0.030120481927710836,0.030120481927710836,0.05555555555555554,0.04216867469879517,0.05823293172690762,0.04752342704149932,0.03547523427041498,0.04484605087014725,0.03279785809906291
184,0.06725146198830409,0.043859649122807015,0.049707602339181284,0.043859649122807015,0.04775828460038986,0.043859649122807015,0.0769980506822612,0.04775828460038986,0.043859649122807015,0.05360623781676413,0.049707602339181284,0.043859649122807015,0.043859649122807015,0.04580896686159844,0.05165692007797271,0.043859649122807015,0.043859649122807015,0.043859649122807015,0.06140350877192982,0.05360623781676413
185,0.021437198067632852,0.022041062801932368,0.017814009661835748,0.0196256038647343,0.2931763285024155,0.029287439613526572,0.049818840579710144,0.0552536231884058,0.060084541062801936,0.03834541062801932,0.019021739130434784,0.05464975845410628,0.03170289855072464,0.021437198067632852,0.07820048309178744,0.036533816425120776,0.034118357487922704,0.03109903381642512,0.017210144927536232,0.06914251207729469
186,0.07910628019323673,0.027173913043478264,0.13466183574879229,0.027173913043478264,0.036835748792270535,0.032004830917874406,0.04649758454106281,0.04891304347826088,0.03925120772946861,0.036835748792270535,0.07669082125603865,0.0283816425120773,0.027173913043478264,0.04045893719806764,0.08272946859903384,0.07548309178743963,0.04287439613526571,0.027173913043478264,0.04891304347826088,0.04166666666666667
187,0.043454345434543455,0.029152915291529153,0.03905390539053905,0.06215621562156216,0.048954895489548955,0.043454345434543455,0.09845984598459846,0.03685368536853685,0.05335533553355336,0.029152915291529153,0.03685368536853685,0.06655665566556655,0.030253025302530254,0.12816281628162815,0.024752475247524754,0.03685368536853685,0.054455445544554455,0.043454345434543455,0.037953795379537955,0.05665566556655666
188,0.057120500782472626,0.043035993740219096,0.03521126760563381,0.03677621283255087,0.03521126760563381,0.053990610328638514,0.060250391236306745,0.049295774647887335,0.044600938967136156,0.038341158059467924,0.03677621283255087,0.043035993740219096,0.03521126760563381,0.03521126760563381,0.052425665101721454,0.055555555555555566,0.1447574334898279,0.04147104851330204,0.06494522691705791,0.03677621283255087
189,0.0451591942820013,0.036712150747238464,0.0451591942820013,0.022417153996101363,0.015919428200129954,0.043859649122807015,0.043209876543209874,0.030864197530864196,0.029564652371669914,0.024366471734892786,0.036062378167641324,0.06920077972709551,0.04645873944119558,0.05295646523716699,0.20305393112410655,0.10883690708252111,0.02111760883690708,0.07115009746588694,0.02761533463287849,0.02631578947368421
190,0.11423220973782772,0.03433208489388265,0.028089887640449437,0.02933832709113608,0.031835205992509365,0.08177278401997504,0.028089887640449437,0.033083645443196,0.03433208489388265,0.033083645443196,0.031835205992509365,0.028089887640449437,0.04057428214731586,0.09925093632958802,0.14294631710362046,0.033083645443196,0.05181023720349563,0.06554307116104868,0.028089887640449437,0.03058676654182272
191,0.06363049095607236,0.09076227390180878,0.03197674418604651,0.09786821705426356,0.03133074935400517,0.10303617571059431,0.0229328165374677,0.06750645994832041,0.02099483204134367,0.030038759689922482,0.06556847545219638,0.03714470284237726,0.03456072351421188,0.0377906976744186,0.04425064599483204,0.03133074935400517,0.04037467700258398,0.046188630490956076,0.01970284237726098,0.08301033591731266
192,0.04962962962962963,0.04814814814814815,0.040740740740740744,0.052592592592592594,0.05555555555555555,0.07629629629629629,0.03925925925925926,0.03333333333333333,0.06296296296296296,0.06296296296296296,0.03777777777777778,0.03333333333333333,0.05555555555555555,0.07333333333333333,0.03481481481481481,0.03333333333333333,0.03481481481481481,0.04962962962962963,0.06444444444444444,0.061481481481481484
193,0.08175248419150859,0.04200542005420054,0.03297199638663053,0.03477868112014453,0.03839205058717254,0.11336946702800361,0.023035230352303523,0.05374887082204156,0.05374887082204156,0.02032520325203252,0.03026196928635953,0.1034327009936766,0.06729900632339657,0.04290876242095754,0.04290876242095754,0.027551942186088526,0.06549232158988257,0.024841915085817526,0.045618789521228546,0.05555555555555555
194,0.029209621993127148,0.03264604810996564,0.03722794959908362,0.029209621993127148,0.029209621993127148,0.030355097365406643,0.10595647193585338,0.08762886597938144,0.04066437571592211,0.05211912943871707,0.0418098510882016,0.14719358533791524,0.0418098510882016,0.029209621993127148,0.02577319587628866,0.0429553264604811,0.05670103092783505,0.03493699885452463,0.04982817869415808,0.05555555555555555
195,0.04520697167755991,0.05827886710239651,0.027777777777777776,0.0855119825708061,0.03758169934640523,0.029956427015250545,0.15413943355119825,0.04411764705882353,0.046296296296296294,0.08006535947712418,0.0332244008714597,0.04302832244008715,0.027777777777777776,0.03431372549019608,0.024509803921568627,0.05827886710239651,0.02559912854030501,0.06045751633986928,0.04738562091503268,0.03649237472766884
196,0.055021367521367534,0.030448717948717955,0.043269230769230775,0.048611111111111126,0.14903846153846156,0.024038461538461547,0.025106837606837615,0.030448717948717955,0.043269230769230775,0.05715811965811967,0.05395299145299147,0.032585470085470095,0.04540598290598291,0.07211538461538462,0.03685897435897437,0.040064102564102574,0.03792735042735043,0.04540598290598291,0.08920940170940173,0.040064102564102574
197,0.048032407407407406,0.027199074074074073,0.13020833333333334,0.057291666666666664,0.10358796296296297,0.05497685185185185,0.03761574074074074,0.028356481481481483,0.026041666666666668,0.10821759259259259,0.036458333333333336,0.028356481481481483,0.041087962962962965,0.026041666666666668,0.029513888888888888,0.052662037037037035,0.04224537037037037,0.05613425925925926,0.030671296296296297,0.03530092592592592
198,0.04509379509379509,0.06962481962481962,0.04581529581529581,0.22619047619047614,0.02777777777777777,0.018398268398268396,0.09632034632034629,0.018398268398268396,0.019841269841269837,0.019841269841269837,0.062409812409812394,0.057359307359307346,0.032828282828282825,0.03932178932178931,0.0523088023088023,0.029220779220779213,0.03860028860028859,0.022005772005772,0.029220779220779213,0.04942279942279941
199,0.014501633986928102,0.08598856209150325,0.020629084967320258,0.015318627450980388,0.03492647058823529,0.08517156862745097,0.04187091503267973,0.01858660130718954,0.26654411764705876,0.01736111111111111,0.03819444444444444,0.03696895424836601,0.03084150326797385,0.049632352941176454,0.01776960784313725,0.02553104575163398,0.01736111111111111,0.016952614379084963,0.1292892156862745,0.036560457516339864
200,0.04351851851851853,0.10092592592592596,0.0527777777777778,0.047222222222222235,0.04166666666666668,0.04166666666666668,0.04351851851851853,0.04907407407407409,0.04166666666666668,0.06388888888888891,0.04166666666666668,0.04166666666666668,0.05462962962962965,0.04166666666666668,0.04166666666666668,0.058333333333333355,0.05462962962962965,0.04166666666666668,0.04166666666666668,0.0564814814814815
201,0.02843137254901961,0.04215686274509805,0.01928104575163399,0.04411764705882354,0.0323529411764706,0.16764705882352943,0.031699346405228764,0.029084967320261442,0.08006535947712419,0.06633986928104577,0.04084967320261439,0.08464052287581701,0.036928104575163406,0.034967320261437916,0.04869281045751635,0.033006535947712426,0.04411764705882354,0.06895424836601309,0.04607843137254903,0.02058823529411765
202,0.027065527065527065,0.0251661918328585,0.028964862298195632,0.04415954415954416,0.04795821462488129,0.14957264957264957,0.03941120607787275,0.0754985754985755,0.054605887939221276,0.04795821462488129,0.04131054131054131,0.0584045584045584,0.02801519468186135,0.03941120607787275,0.07169990503323836,0.028964862298195632,0.04795821462488129,0.08594491927825261,0.033713200379867046,0.024216524216524215
203,0.03202614379084967,0.041176470588235294,0.0542483660130719,0.05163398692810457,0.045098039215686274,0.03333333333333333,0.03333333333333333,0.03071895424836601,0.0542483660130719,0.04771241830065359,0.060784313725490195,0.05947712418300653,0.06470588235294118,0.05032679738562092,0.09607843137254903,0.041176470588235294,0.038562091503267976,0.05163398692810457,0.056862745098039215,0.056862745098039215
204,0.0375243664717349,0.042397660818713455,0.04142300194931774,0.06384015594541911,0.0716374269005848,0.04922027290448344,0.036549707602339186,0.04532163742690059,0.04434697855750488,0.05604288499025342,0.04044834307992203,0.02680311890838207,0.04922027290448344,0.08723196881091619,0.02680311890838207,0.06091617933723198,0.04142300194931774,0.07456140350877194,0.03849902534113061,0.06578947368421054
205,0.04061078622482131,0.015919428200129954,0.06920077972709551,0.05360623781676413,0.02696556205328135,0.12573099415204678,0.043209876543209874,0.05360623781676413,0.023716699155295645,0.07439896036387264,0.04126055880441845,0.01916829109811566,0.03996101364522417,0.02631578947368421,0.07115009746588694,0.02696556205328135,0.04645873944119558,0.06075373619233268,0.11923326835607537,0.021767381416504222
206,0.025016244314489927,0.024366471734892786,0.02631578947368421,0.02761533463287849,0.03346328784925276,0.036712150747238464,0.058154645873944116,0.07634827810266406,0.03216374269005848,0.08414554905782975,0.030214424951267055,0.08024691358024691,0.06335282651072124,0.04775828460038986,0.025016244314489927,0.02631578947368421,0.20500324886289797,0.036062378167641324,0.04256010396361273,0.01916829109811566
207,0.035,0.049444444444444444,0.05611111111111111,0.03388888888888889,0.11944444444444445,0.04833333333333333,0.026111111111111113,0.050555555555555555,0.050555555555555555,0.07277777777777777,0.05277777777777778,0.07611111111111112,0.04611111111111111,0.03944444444444444,0.03611111111111111,0.03277777777777778,0.03277777777777778,0.04611111111111111,0.058333333333333334,0.03722222222222222
208,0.07260101010101011,0.038510101010101015,0.03345959595959597,0.04229797979797981,0.04356060606060607,0.07891414141414142,0.04482323232323233,0.038510101010101015,0.047348484848484855,0.04229797979797981,0.06250000000000001,0.04608585858585859,0.05997474747474748,0.09154040404040406,0.05744949494949496,0.03724747474747475,0.047348484848484855,0.03093434343434344,0.029671717171717175,0.05492424242424243
209,0.051140544518027964,0.016556291390728478,0.02612214863870493,0.016556291390728478,0.03421633554083885,0.123252391464312,0.07100809418690214,0.03200883002207505,0.023914643119941133,0.04304635761589404,0.03642384105960265,0.1571008094186902,0.025386313465783666,0.06070640176600441,0.02759381898454746,0.029801324503311258,0.03863134657836645,0.07100809418690214,0.07100809418690214,0.044518027961736574
210,0.1313423249839435,0.020873474630700065,0.12235067437379576,0.017662170841361593,0.05684007707129094,0.02023121387283237,0.027296082209377008,0.027296082209377008,0.03692999357739242,0.03692999357739242,0.09023763648041104,0.024084778420038536,0.0626204238921002,0.020873474630700065,0.02151573538856776,0.049132947976878616,0.022157996146435453,0.027938342967244702,0.022800256904303148,0.1608863198458574
211,0.06234567901234568,0.029012345679012345,0.15123456790123457,0.0808641975308642,0.030246913580246913,0.027777777777777776,0.029012345679012345,0.027777777777777776,0.040123456790123455,0.05740740740740741,0.037654320987654324,0.03148148148148148,0.027777777777777776,0.03518518518518519,0.03148148148148148,0.043827160493827164,0.04506172839506173,0.06728395061728396,0.0882716049382716,0.05617283950617284
212,0.03455284552845529,0.06707317073170734,0.06436314363143633,0.05352303523035231,0.0386178861788618,0.03455284552845529,0.0413279132791328,0.03184281842818429,0.037262872628726296,0.06300813008130082,0.06300813008130082,0.03184281842818429,0.056233062330623314,0.06842818428184283,0.057588075880758816,0.06029810298102982,0.030487804878048783,0.06029810298102982,0.06436314363143633,0.0413279132791328
213,0.026111111111111113,0.025,0.035,0.045,0.029444444444444443,0.026111111111111113,0.028333333333333332,0.07944444444444444,0.058333333333333334,0.03944444444444444,0.025,0.065,0.07388888888888889,0.03722222222222222,0.04611111111111111,0.03388888888888889,0.225,0.028333333333333332,0.03388888888888889,0.03944444444444444
214,0.042168674698795185,0.05823293172690764,0.030120481927710847,0.034136546184738964,0.04082998661311915,0.05555555555555556,0.052878179384203486,0.044846050870147265,0.060910307898259713,0.034136546184738964,0.030120481927710847,0.035475234270415,0.07429718875502009,0.10240963855421688,0.08768406961178046,0.032797858099062924,0.043507362784471225,0.04752342704149934,0.042168674698795185,0.05020080321285141
215,0.030744336569579287,0.03182308522114347,0.10302049622437973,0.026429341963322545,0.05771305285868392,0.026429341963322545,0.03182308522114347,0.05016181229773463,0.038295577130528585,0.05555555555555555,0.05879180151024811,0.0296655879180151,0.04261057173678533,0.08036677454153182,0.08036677454153182,0.05879180151024811,0.036138079827400214,0.039374325782092774,0.07713052858683926,0.0447680690399137
216,0.02871939736346516,0.1285310734463277,0.03531073446327684,0.0211864406779661,0.027777777777777776,0.025894538606403013,0.0211864406779661,0.038135593220338986,0.2010357815442561,0.029661016949152543,0.025894538606403013,0.08804143126177025,0.0475517890772128,0.04190207156308851,0.02401129943502825,0.03531073446327684,0.0371939736346516,0.039077212806026364,0.08145009416195857,0.022128060263653482
217,0.15783664459161148,0.02097130242825607,0.01949963208241354,0.03789551140544518,0.018763796909492272,0.03568800588668138,0.020235467255334805,0.024650478292862398,0.022442972774098603,0.06512141280353201,0.08204562178072111,0.023914643119941133,0.07027225901398086,0.024650478292862398,0.04157468727005151,0.03200883002207505,0.11515820456217807,0.11000735835172921,0.039367181751287714,0.03789551140544518
218,0.07631257631257633,0.07264957264957267,0.07753357753357755,0.03113553113553114,0.03357753357753358,0.03113553113553114,0.03479853479853481,0.027472527472527476,0.05433455433455434,0.03113553113553114,0.03113553113553114,0.05555555555555556,0.027472527472527476,0.04334554334554335,0.03846153846153847,0.13614163614163616,0.03357753357753358,0.03357753357753358,0.07387057387057389,0.05677655677655678
219,0.0326388888888889,0.0840277777777778,0.05902777777777779,0.04097222222222223,0.05208333333333335,0.03125000000000001,0.046527777777777786,0.03125000000000001,0.03402777777777778,0.03541666666666667,0.047916666666666684,0.08541666666666668,0.09375000000000003,0.03125000000000001,0.046527777777777786,0.03541666666666667,0.03402777777777778,0.06458333333333335,0.07986111111111112,0.03402777777777778
220,0.09201388888888891,0.06423611111111112,0.0769675925925926,0.049189814814814825,0.03530092592592593,0.0306712962962963,0.03761574074074075,0.04803240740740741,0.03993055555555556,0.05497685185185186,0.05497685185185186,0.02604166666666667,0.0306712962962963,0.03993055555555556,0.0758101851851852,0.09895833333333334,0.02951388888888889,0.034143518518518524,0.038773148148148154,0.04224537037037038
221,0.023989898989898988,0.0484006734006734,0.06691919191919192,0.08291245791245791,0.03998316498316498,0.050084175084175085,0.06439393939393939,0.04503367003367004,0.0382996632996633,0.04503367003367004,0.036616161616161616,0.026515151515151516,0.04755892255892256,0.0382996632996633,0.03577441077441077,0.05176767676767677,0.02988215488215488,0.023989898989898988,0.15614478114478114,0.0484006734006734
222,0.07256605139341296,0.02949692363373145,0.03203040173724213,0.024429967426710098,0.04759319580166486,0.04071661237785016,0.017191458559536736,0.039630836047774155,0.1413318856315599,0.05266015200868621,0.015381831342743395,0.12070213536011581,0.024429967426710098,0.022982265653275425,0.026963445530220776,0.025153818313427435,0.18367716250452407,0.020810712993123415,0.027325370973579444,0.034925805284111475
223,0.06602914389799637,0.03324225865209472,0.020491803278688527,0.05327868852459017,0.030510018214936253,0.05783242258652095,0.02777777777777778,0.02231329690346084,0.08515482695810567,0.02231329690346084,0.03324225865209472,0.10063752276867033,0.034153005464480884,0.020491803278688527,0.0824225865209472,0.02777777777777778,0.18897996357012753,0.04052823315118398,0.02777777777777778,0.02504553734061931
224,0.044612794612794625,0.054713804713804735,0.11868686868686873,0.039562289562289576,0.04124579124579126,0.037878787878787894,0.07828282828282832,0.04629629629629631,0.05303030303030305,0.037878787878787894,0.037878787878787894,0.037878787878787894,0.05303030303030305,0.04797979797979799,0.037878787878787894,0.04124579124579126,0.037878787878787894,0.04292929292929294,0.0681818181818182,0.04292929292929294
225,0.04098360655737704,0.04098360655737704,0.05373406193078323,0.04462659380692167,0.057377049180327856,0.04280510018214936,0.0774134790528233,0.04098360655737704,0.04098360655737704,0.0500910746812386,0.07377049180327867,0.04098360655737704,0.04098360655737704,0.04098360655737704,0.04280510018214936,0.08652094717668486,0.05555555555555554,0.046448087431693985,0.04098360655737704,0.04098360655737704
226,0.047916666666666684,0.043750000000000004,0.03958333333333334,0.03125000000000001,0.057638888888888906,0.03125000000000001,0.17569444444444446,0.04236111111111112,0.04097222222222223,0.03125000000000001,0.04097222222222223,0.03402777777777778,0.0326388888888889,0.03125000000000001,0.06458333333333335,0.03125000000000001,0.09513888888888891,0.03541666666666667,0.046527777777777786,0.046527777777777786
227,0.05555555555555557,0.04144620811287479,0.04320987654320989,0.07142857142857145,0.060846560846560864,0.039682539682539694,0.039682539682539694,0.1031746031746032,0.039682539682539694,0.04320987654320989,0.04144620811287479,0.039682539682539694,0.05555555555555557,0.039682539682539694,0.039682539682539694,0.039682539682539694,0.06966490299823636,0.04320987654320989,0.039682539682539694,0.053791887125220476
228,0.06143162393162393,0.02403846153846154,0.030448717948717948,0.03365384615384615,0.09775641025641026,0.053952991452991456,0.025106837606837608,0.06677350427350427,0.031517094017094016,0.03579059829059829,0.027243589743589744,0.04433760683760684,0.038995726495726496,0.03579059829059829,0.057158119658119656,0.09241452991452992,0.0860042735042735,0.08066239316239317,0.03258547008547009,0.04433760683760684
229,0.06018518518518518,0.036375661375661374,0.08002645502645503,0.02976190476190476,0.07208994708994709,0.032407407407407406,0.11177248677248677,0.07738095238095238,0.037698412698412696,0.08531746031746032,0.03902116402116402,0.02976190476190476,0.057539682539682536,0.03902116402116402,0.03373015873015873,0.04431216931216931,0.031084656084656083,0.02976190476190476,0.02976190476190476,0.04298941798941799
230,0.04106280193236715,0.050724637681159424,0.036231884057971016,0.04911433172302738,0.04428341384863124,0.04106280193236715,0.107085346215781,0.06521739130434782,0.04428341384863124,0.04911433172302738,0.039452495974235106,0.03784219001610306,0.05877616747181964,0.04428341384863124,0.03784219001610306,0.07648953301127215,0.039452495974235106,0.03784219001610306,0.036231884057971016,0.06360708534621579
231,0.03956228956228957,0.05471380471380473,0.03787878787878789,0.10521885521885525,0.03787878787878789,0.05134680134680136,0.11195286195286198,0.05471380471380473,0.04124579124579125,0.03787878787878789,0.04124579124579125,0.04124579124579125,0.03956228956228957,0.053030303030303046,0.03787878787878789,0.03956228956228957,0.04124579124579125,0.03787878787878789,0.058080808080808094,0.03787878787878789
232,0.08125000000000002,0.03402777777777778,0.04097222222222223,0.03125000000000001,0.03541666666666667,0.03125000000000001,0.12152777777777779,0.06736111111111112,0.0326388888888889,0.03541666666666667,0.045138888888888895,0.043750000000000004,0.036805555555555564,0.09791666666666668,0.05208333333333334,0.03125000000000001,0.03541666666666667,0.04930555555555556,0.03125000000000001,0.06597222222222224
233,0.03585271317829458,0.055878552971576234,0.06427648578811371,0.036498708010335924,0.03843669250645995,0.02939276485788114,0.03843669250645995,0.03197674418604652,0.01647286821705427,0.040374677002583986,0.04618863049095608,0.03585271317829458,0.02228682170542636,0.05523255813953489,0.17990956072351424,0.07525839793281655,0.014534883720930234,0.04425064599483205,0.0952842377260982,0.043604651162790706
234,0.04365079365079365,0.05793650793650794,0.03571428571428571,0.03571428571428571,0.05952380952380952,0.07063492063492063,0.03888888888888889,0.05,0.05,0.04206349206349207,0.03571428571428571,0.04523809523809524,0.05793650793650794,0.05,0.0626984126984127,0.03571428571428571,0.09285714285714286,0.04523809523809524,0.05476190476190476,0.03571428571428571
235,0.03392005867253392,0.04198753208654199,0.06215621562156216,0.02291895856252292,0.03905390539053905,0.04822148881554822,0.040887422075540886,0.03942060872753942,0.06912357902456913,0.06802346901356802,0.09002566923359002,0.01155115511551155,0.02841950861752842,0.05078841217455079,0.028052805280528052,0.09699303263659699,0.01595159515951595,0.06655665566556655,0.09589292262559589,0.05005500550055005
236,0.13595302619692864,0.045618789521228546,0.03387533875338753,0.1928635953026197,0.036585365853658534,0.023035230352303523,0.023035230352303523,0.02122854561878952,0.028455284552845527,0.02122854561878952,0.02032520325203252,0.04200542005420054,0.05374887082204156,0.02935862691960253,0.02122854561878952,0.05013550135501355,0.05916892502258356,0.025745257452574527,0.11246612466124661,0.023938572719060525
237,0.04403794037940379,0.042231255645889795,0.04403794037940379,0.017389340560072266,0.06662149954832881,0.21973803071364048,0.03274616079494128,0.0521680216802168,0.027326106594399276,0.054426377597109304,0.022357723577235773,0.018744354110207768,0.03139114724480578,0.07700993676603432,0.08152664859981933,0.041779584462511295,0.014679313459801264,0.035456187895212286,0.03229448961156278,0.04403794037940379
238,0.031084656084656083,0.11441798941798942,0.07208994708994709,0.05489417989417989,0.07473544973544974,0.03505291005291005,0.05357142857142857,0.02976190476190476,0.07076719576719577,0.07473544973544974,0.036375661375661374,0.02976190476190476,0.031084656084656083,0.037698412698412696,0.02976190476190476,0.031084656084656083,0.032407407407407406,0.05357142857142857,0.05357142857142857,0.05357142857142857
239,0.06515775034293553,0.033150434385002286,0.05235482395976223,0.03635116598079561,0.02263374485596708,0.10173754000914495,0.02857796067672611,0.03680841335162323,0.0180612711476909,0.01211705532693187,0.0386374028349337,0.061957018747142205,0.08161865569272976,0.051440329218107,0.02446273433927755,0.0413808870598994,0.024919981710105166,0.13740283493369912,0.059670781893004114,0.07155921353452217
240,0.05195972671700828,0.014563106796116507,0.02642934196332255,0.010248112189859765,0.10805465659834593,0.08072635742538657,0.03649766271125495,0.010607695073714493,0.027508090614886734,0.06202804746494068,0.048363897878460994,0.04908306364617045,0.015641855447680694,0.20226537216828483,0.12099964041711615,0.017799352750809065,0.01384394102840705,0.024991010427903634,0.05843221862639339,0.019956850053937436
241,0.045997610513739545,0.04838709677419355,0.04360812425328554,0.12962962962962962,0.03763440860215054,0.028076463560334528,0.03046594982078853,0.0913978494623656,0.04360812425328554,0.032855436081242535,0.05197132616487455,0.04002389486260454,0.047192353643966546,0.03882915173237754,0.07825567502986858,0.03643966547192354,0.026881720430107527,0.05675029868578255,0.03046594982078853,0.061529271206690564
242,0.07482078853046595,0.1778673835125448,0.03449820788530466,0.021057347670250897,0.050627240143369175,0.029121863799283155,0.03449820788530466,0.050627240143369175,0.04525089605734767,0.0246415770609319,0.030017921146953404,0.030913978494623656,0.023745519713261647,0.050627240143369175,0.062275985663082435,0.030913978494623656,0.025537634408602152,0.0246415770609319,0.14381720430107528,0.03449820788530466
243,0.04537037037037038,0.06574074074074075,0.04166666666666667,0.04166666666666667,0.04537037037037038,0.05277777777777779,0.04166666666666667,0.043518518518518526,0.047222222222222235,0.047222222222222235,0.04166666666666667,0.05277777777777779,0.04166666666666667,0.060185185185185196,0.04166666666666667,0.047222222222222235,0.054629629629629646,0.0638888888888889,0.07685185185185187,0.047222222222222235
244,0.049444444444444444,0.03611111111111111,0.08833333333333333,0.07277777777777777,0.042777777777777776,0.03277777777777778,0.028333333333333332,0.06277777777777778,0.025,0.03611111111111111,0.025,0.029444444444444443,0.04722222222222222,0.045,0.028333333333333332,0.10722222222222222,0.058333333333333334,0.08166666666666667,0.04833333333333333,0.055
245,0.07063492063492065,0.09761904761904763,0.0642857142857143,0.03730158730158731,0.038888888888888896,0.042063492063492074,0.04682539682539683,0.05000000000000001,0.05158730158730159,0.03730158730158731,0.03730158730158731,0.03730158730158731,0.03571428571428572,0.043650793650793655,0.03730158730158731,0.040476190476190485,0.040476190476190485,0.05634920634920636,0.08333333333333334,0.05158730158730159
246,0.03058676654182272,0.04931335830212235,0.04931335830212235,0.04556803995006242,0.05181023720349563,0.028089887640449437,0.031835205992509365,0.07428214731585518,0.035580524344569285,0.13046192259675407,0.04307116104868914,0.028089887640449437,0.08177278401997504,0.06554307116104868,0.05305867665418227,0.05930087390761548,0.033083645443196,0.03682896379525593,0.03682896379525593,0.035580524344569285
247,0.06033452807646357,0.022102747909199527,0.027279968140183197,0.04002389486260455,0.028474711270410197,0.07785742731979292,0.06790123456790124,0.01891676622859419,0.035643170051772206,0.03962564715252888,0.08144165671047393,0.0587415372361609,0.04878534448426922,0.026483472720031865,0.12325766626841897,0.021306252489048192,0.033253683791318205,0.1547192353643967,0.01294305057745918,0.020908004778972523
248,0.029338327091136086,0.029338327091136086,0.044319600499375784,0.16292134831460678,0.029338327091136086,0.0655430711610487,0.03558052434456929,0.046816479400749074,0.029338327091136086,0.03932584269662922,0.03183520599250937,0.028089887640449444,0.028089887640449444,0.03807740324594258,0.034332084893882654,0.04556803995006243,0.1554307116104869,0.030586766541822727,0.04307116104868915,0.053058676654182284
249,0.05889724310776942,0.027151211361737676,0.13826232247284878,0.027151211361737676,0.06474519632414369,0.07811194653299916,0.0898078529657477,0.023809523809523808,0.03717627401837928,0.019632414369256473,0.043859649122807015,0.04553049289891395,0.027986633249791143,0.060568086883876354,0.035505430242272346,0.05889724310776942,0.035505430242272346,0.032999164578111945,0.02882205513784461,0.06558061821219716
250,0.039094650205761326,0.05006858710562415,0.048696844993141294,0.04732510288065844,0.0308641975308642,0.04458161865569274,0.032235939643347054,0.0308641975308642,0.07201646090534981,0.04732510288065844,0.1104252400548697,0.04732510288065844,0.07887517146776407,0.04732510288065844,0.03772290809327847,0.032235939643347054,0.09807956104252402,0.04320987654320988,0.0308641975308642,0.0308641975308642
251,0.035818713450292396,0.10453216374269006,0.03289473684210526,0.03289473684210526,0.05043859649122807,0.03435672514619883,0.12353801169590643,0.03289473684210526,0.07236842105263158,0.0402046783625731,0.03289473684210526,0.03728070175438596,0.0533625730994152,0.0533625730994152,0.03289473684210526,0.05482456140350877,0.03289473684210526,0.0402046783625731,0.06944444444444445,0.03289473684210526
252,0.03917378917378917,0.057692307692307696,0.04202279202279202,0.04202279202279202,0.04344729344729345,0.03774928774928775,0.08903133903133903,0.07051282051282051,0.0349002849002849,0.054843304843304845,0.053418803418803416,0.08190883190883191,0.03205128205128205,0.03632478632478633,0.03347578347578348,0.06766381766381767,0.0349002849002849,0.03632478632478633,0.06196581196581197,0.05056980056980057
253,0.028395061728395062,0.08189300411522633,0.028395061728395062,0.029218106995884775,0.040740740740740744,0.1633744855967078,0.044032921810699586,0.06296296296296296,0.03333333333333333,0.04567901234567901,0.030041152263374487,0.020164609053497942,0.03662551440329218,0.053909465020576135,0.13127572016460906,0.05473251028806585,0.028395061728395062,0.026748971193415638,0.021810699588477367,0.03827160493827161
254,0.03594771241830065,0.06209150326797386,0.05555555555555555,0.03071895424836601,0.03725490196078431,0.029411764705882353,0.05032679738562092,0.03202614379084967,0.07254901960784314,0.042483660130718956,0.06339869281045751,0.029411764705882353,0.038562091503267976,0.052941176470588235,0.029411764705882353,0.0542483660130719,0.038562091503267976,0.05032679738562092,0.1522875816993464,0.042483660130718956
255,0.05107526881720431,0.05824372759856632,0.060035842293906815,0.0421146953405018,0.05645161290322581,0.06899641577060933,0.0439068100358423,0.05107526881720431,0.049283154121863806,0.0439068100358423,0.0439068100358423,0.040322580645161296,0.045698924731182804,0.040322580645161296,0.040322580645161296,0.045698924731182804,0.054659498207885314,0.0421146953405018,0.07974910394265235,0.0421146953405018
256,0.04017094017094018,0.11709401709401712,0.05213675213675215,0.03846153846153847,0.03846153846153847,0.03846153846153847,0.03846153846153847,0.05384615384615386,0.08803418803418805,0.03846153846153847,0.05726495726495728,0.03846153846153847,0.03846153846153847,0.08632478632478634,0.04017094017094018,0.03846153846153847,0.03846153846153847,0.03846153846153847,0.041880341880341884,0.03846153846153847
257,0.03198653198653199,0.0409652076318743,0.06228956228956229,0.02861952861952862,0.03647586980920314,0.026374859708193043,0.03647586980920314,0.26318742985409654,0.03647586980920314,0.10718294051627385,0.02974186307519641,0.025252525252525252,0.045454545454545456,0.02749719416386083,0.037598204264870934,0.026374859708193043,0.04208754208754209,0.02974186307519641,0.03310886644219978,0.03310886644219978
258,0.03528528528528529,0.054804804804804805,0.060810810810810814,0.044294294294294295,0.04279279279279279,0.03678678678678678,0.038288288288288286,0.06981981981981981,0.033783783783783786,0.0533033033033033,0.03678678678678678,0.038288288288288286,0.033783783783783786,0.038288288288288286,0.03528528528528529,0.03678678678678678,0.08333333333333333,0.033783783783783786,0.15840840840840842,0.03528528528528529
259,0.03279785809906291,0.15194109772423023,0.04216867469879517,0.05020080321285139,0.0394912985274431,0.05957161981258365,0.05957161981258365,0.03413654618473895,0.046184738955823285,0.038152610441767064,0.03547523427041498,0.030120481927710836,0.05689424364123158,0.031459170013386877,0.03413654618473895,0.046184738955823285,0.030120481927710836,0.046184738955823285,0.08902275769745648,0.046184738955823285
260,0.05367231638418079,0.044256120527306965,0.059322033898305086,0.0423728813559322,0.0423728813559322,0.04990583804143126,0.1007532956685499,0.05555555555555555,0.0480225988700565,0.046139359698681735,0.046139359698681735,0.04990583804143126,0.0423728813559322,0.0480225988700565,0.0423728813559322,0.0423728813559322,0.0423728813559322,0.04990583804143126,0.0423728813559322,0.051789077212806026
261,0.028089887640449444,0.07927590511860176,0.17166042446941326,0.06304619225967542,0.03308364544319601,0.044319600499375784,0.03183520599250937,0.055555555555555566,0.03932584269662922,0.03682896379525594,0.061797752808988776,0.04931335830212236,0.08177278401997505,0.034332084893882654,0.03308364544319601,0.03308364544319601,0.030586766541822727,0.028089887640449444,0.030586766541822727,0.034332084893882654
262,0.038971807628524056,0.07048092868988393,0.05887230514096187,0.05887230514096187,0.0373134328358209,0.0373134328358209,0.04063018242122721,0.05389718076285241,0.0373134328358209,0.0373134328358209,0.04892205638474296,0.04063018242122721,0.04394693200663351,0.04228855721393036,0.11028192371475955,0.0373134328358209,0.07711442786069653,0.0373134328358209,0.05058043117744611,0.04063018242122721
263,0.053115615615615626,0.013325825825825827,0.05686936936936938,0.019331831831831837,0.02308558558558559,0.09140390390390392,0.013325825825825827,0.06437687687687689,0.056493993993994,0.037725225225225235,0.0778903903903904,0.028340840840840844,0.020833333333333336,0.051614114114114124,0.0673798798798799,0.175487987987988,0.01970720720720721,0.04072822822822823,0.029842342342342346,0.05912162162162163
264,0.02711111111111111,0.06533333333333333,0.021777777777777778,0.108,0.043111111111111114,0.09911111111111111,0.020888888888888887,0.03244444444444444,0.023555555555555555,0.03333333333333333,0.08577777777777777,0.052,0.092,0.052,0.035111111111111114,0.03244444444444444,0.03155555555555556,0.05733333333333333,0.043111111111111114,0.044
265,0.06986531986531988,0.10016835016835018,0.042929292929292935,0.05808080808080809,0.03787878787878789,0.03787878787878789,0.04797979797979798,0.0462962962962963,0.05471380471380472,0.05303030303030304,0.03787878787878789,0.0782828282828283,0.03956228956228957,0.03787878787878789,0.03787878787878789,0.042929292929292935,0.04461279461279462,0.03956228956228957,0.05471380471380472,0.03787878787878789
266,0.0455082742316785,0.05496453900709221,0.04787234042553192,0.03486997635933807,0.0455082742316785,0.03841607565011821,0.03841607565011821,0.04787234042553192,0.04432624113475178,0.028959810874704495,0.04196217494089835,0.05378250591016549,0.030141843971631208,0.07269503546099292,0.1377068557919622,0.059692671394799064,0.043144208037825066,0.03841607565011821,0.03250591016548464,0.0632387706855792
267,0.052812071330589835,0.03223593964334704,0.03086419753086419,0.05006858710562413,0.051440329218106984,0.06104252400548695,0.03223593964334704,0.0596707818930041,0.06378600823045266,0.05006858710562413,0.06378600823045266,0.06378600823045266,0.07338820301783264,0.052812071330589835,0.0336076817558299,0.0336076817558299,0.06515775034293551,0.041838134430727016,0.040466392318244164,0.04732510288065842
268,0.03925120772946861,0.10809178743961355,0.088768115942029,0.04287439613526571,0.036835748792270535,0.03442028985507247,0.06582125603864736,0.027173913043478267,0.05012077294685992,0.038043478260869575,0.04649758454106281,0.04287439613526571,0.03079710144927537,0.03925120772946861,0.07548309178743963,0.04166666666666667,0.04287439613526571,0.04287439613526571,0.0670289855072464,0.03925120772946861
269,0.03518518518518519,0.017195767195767195,0.08492063492063492,0.052116402116402116,0.019312169312169312,0.03042328042328042,0.053703703703703705,0.01984126984126984,0.03941798941798942,0.04576719576719577,0.04047619047619048,0.034126984126984124,0.023544973544973546,0.03941798941798942,0.058994708994708996,0.29603174603174603,0.0208994708994709,0.03253968253968254,0.019312169312169312,0.03677248677248677
270,0.03368794326241135,0.0384160756501182,0.05851063829787234,0.03368794326241135,0.047872340425531915,0.04196217494089834,0.031323877068557916,0.026595744680851064,0.03486997635933806,0.060874704491725766,0.053782505910165486,0.04314420803782506,0.0797872340425532,0.04550827423167849,0.0726950354609929,0.0644208037825059,0.09160756501182032,0.0466903073286052,0.0466903073286052,0.047872340425531915
271,0.051756885090218425,0.21225071225071226,0.033713200379867046,0.02801519468186135,0.02231718898385565,0.07739791073124407,0.024216524216524215,0.03181386514719848,0.03466286799620133,0.03466286799620133,0.038461538461538464,0.043209876543209874,0.03181386514719848,0.04795821462488129,0.02231718898385565,0.05745489078822412,0.05270655270655271,0.0365622032288699,0.051756885090218425,0.06695156695156695
272,0.03135313531353135,0.08965896589658966,0.03355335533553355,0.032453245324532455,0.037953795379537955,0.06105610561056106,0.048954895489548955,0.035753575357535754,0.05555555555555555,0.024752475247524754,0.032453245324532455,0.048954895489548955,0.041254125412541254,0.11826182618261827,0.03685368536853685,0.02695269526952695,0.02695269526952695,0.040154015401540157,0.09405940594059406,0.08305830583058306
273,0.037262872628726296,0.10094850948509486,0.05894308943089432,0.030487804878048783,0.05081300813008131,0.05894308943089432,0.0440379403794038,0.09146341463414635,0.049457994579945805,0.035907859078590794,0.0481029810298103,0.037262872628726296,0.030487804878048783,0.0453929539295393,0.03184281842818429,0.057588075880758816,0.030487804878048783,0.05352303523035231,0.07520325203252035,0.03184281842818429
274,0.056018518518518516,0.03564814814814815,0.06527777777777778,0.020833333333333332,0.034722222222222224,0.03194444444444444,0.024537037037037038,0.07268518518518519,0.0412037037037037,0.0412037037037037,0.052314814814814814,0.020833333333333332,0.07361111111111111,0.029166666666666667,0.0875,0.0763888888888889,0.09212962962962963,0.04212962962962963,0.02546296296296296,0.0763888888888889
275,0.03378378378378379,0.035285285285285295,0.03378378378378379,0.03378378378378379,0.05180180180180181,0.03678678678678679,0.035285285285285295,0.16291291291291293,0.05330330330330331,0.06981981981981983,0.07882882882882884,0.03378378378378379,0.04729729729729731,0.0427927927927928,0.0412912912912913,0.045795795795795805,0.0487987987987988,0.03378378378378379,0.03378378378378379,0.04729729729729731
276,0.03505291005291005,0.041666666666666664,0.083994708994709,0.056216931216931214,0.11838624338624339,0.041666666666666664,0.07473544973544974,0.037698412698412696,0.036375661375661374,0.06944444444444445,0.04298941798941799,0.061507936507936505,0.02976190476190476,0.03373015873015873,0.02976190476190476,0.03505291005291005,0.03373015873015873,0.036375661375661374,0.0496031746031746,0.052248677248677246
277,0.019813519813519816,0.1565656565656566,0.025252525252525256,0.02680652680652681,0.07575757575757577,0.020590520590520595,0.020590520590520595,0.036130536130536135,0.24125874125874128,0.03923853923853925,0.03846153846153847,0.028360528360528364,0.020590520590520595,0.04933954933954934,0.018259518259518263,0.032245532245532255,0.018259518259518263,0.02602952602952603,0.05710955710955712,0.04933954933954934
278,0.06869369369369371,0.1910660660660661,0.031906906906906916,0.022897897897897902,0.028903903903903908,0.03941441441441442,0.018393393393393395,0.13250750750750753,0.027402402402402406,0.044669669669669676,0.0243993993993994,0.03716216216216217,0.017642642642642647,0.08070570570570572,0.052927927927927935,0.061186186186186195,0.016891891891891896,0.040915915915915924,0.025150150150150152,0.03716216216216217
279,0.051539491298527446,0.03145917001338688,0.03279785809906292,0.030120481927710843,0.05287817938420348,0.06091030789825971,0.048862115127175365,0.051539491298527446,0.03547523427041499,0.1639892904953146,0.030120481927710843,0.048862115127175365,0.03145917001338688,0.05421686746987952,0.048862115127175365,0.04350736278447122,0.04752342704149933,0.07429718875502007,0.030120481927710843,0.03145917001338688
280,0.08358358358358357,0.034534534534534526,0.1206206206206206,0.03353353353353353,0.04854854854854854,0.050550550550550535,0.02552552552552552,0.04654654654654654,0.07857857857857857,0.03253253253253253,0.02552552552552552,0.10360360360360357,0.02552552552552552,0.05955955955955954,0.03153153153153152,0.02552552552552552,0.04854854854854854,0.04454454454454454,0.056556556556556545,0.024524524524524517
281,0.053478712357217045,0.038940809968847356,0.03271028037383178,0.041017653167185884,0.049325025960539996,0.10955347871235724,0.04724818276220147,0.026479750778816206,0.054517133956386306,0.09605399792315683,0.02855659397715473,0.0825545171339564,0.023364485981308414,0.04828660436137073,0.03582554517133957,0.03478712357217031,0.05244029075804778,0.06905503634475599,0.023364485981308414,0.05244029075804778
282,0.03333333333333333,0.043859649122807015,0.06842105263157895,0.038011695906432746,0.04736842105263158,0.09064327485380116,0.02865497076023392,0.054385964912280704,0.038011695906432746,0.046198830409356725,0.07192982456140351,0.06140350877192982,0.054385964912280704,0.03567251461988304,0.03684210526315789,0.03450292397660819,0.07076023391812865,0.04035087719298246,0.0391812865497076,0.06608187134502924
283,0.016137566137566138,0.01984126984126984,0.025661375661375663,0.023544973544973546,0.03571428571428571,0.06375661375661376,0.02513227513227513,0.046825396825396826,0.041534391534391535,0.022486772486772486,0.041005291005291,0.0373015873015873,0.06534391534391534,0.017195767195767195,0.039947089947089946,0.017195767195767195,0.24523809523809523,0.05,0.056878306878306875,0.10925925925925926
284,0.09238796807857581,0.03222836095764273,0.024861878453038673,0.06537753222836096,0.072744014732965,0.02056476365868631,0.04082259054634745,0.022406384284837322,0.01810926949048496,0.014426028238182934,0.021792510742786986,0.035297728667894414,0.14333947206875383,0.0776550030693677,0.06660527931246163,0.07335788827501534,0.024861878453038673,0.08686310620012277,0.02117863720073665,0.04511970534069982
285,0.027485380116959064,0.02865497076023392,0.05087719298245614,0.03567251461988304,0.038011695906432746,0.11169590643274854,0.02631578947368421,0.06842105263157895,0.03684210526315789,0.06023391812865497,0.04269005847953217,0.05321637426900585,0.04152046783625731,0.08011695906432749,0.05087719298245614,0.04035087719298246,0.06023391812865497,0.06023391812865497,0.05672514619883041,0.02982456140350877
286,0.03571428571428572,0.03571428571428572,0.038888888888888896,0.038888888888888896,0.045238095238095244,0.0642857142857143,0.15952380952380954,0.03571428571428572,0.038888888888888896,0.056349206349206364,0.040476190476190485,0.05000000000000002,0.05793650793650795,0.07380952380952382,0.03571428571428572,0.042063492063492074,0.038888888888888896,0.03571428571428572,0.040476190476190485,0.03571428571428572
287,0.04869684499314129,0.05555555555555555,0.033607681755829906,0.04183813443072702,0.04869684499314129,0.12414266117969822,0.05692729766803841,0.06927297668038408,0.03497942386831276,0.04046639231824417,0.033607681755829906,0.07613168724279835,0.030864197530864196,0.04458161865569273,0.030864197530864196,0.043209876543209874,0.04458161865569273,0.03497942386831276,0.06927297668038408,0.03772290809327846
288,0.043589743589743594,0.07264957264957267,0.05213675213675215,0.05726495726495728,0.041880341880341884,0.05042735042735044,0.03846153846153847,0.06923076923076925,0.03846153846153847,0.05042735042735044,0.03846153846153847,0.05384615384615386,0.04017094017094018,0.04017094017094018,0.04700854700854702,0.03846153846153847,0.04017094017094018,0.04700854700854702,0.09658119658119661,0.043589743589743594
289,0.03758169934640523,0.15522875816993464,0.06372549019607843,0.02559912854030501,0.027777777777777776,0.029956427015250545,0.024509803921568627,0.03540305010893246,0.05718954248366013,0.024509803921568627,0.024509803921568627,0.02886710239651416,0.03104575163398693,0.11274509803921569,0.04847494553376906,0.08333333333333333,0.03867102396514161,0.03213507625272331,0.0855119825708061,0.0332244008714597
290,0.07622739018087855,0.01937984496124031,0.07536606373815675,0.03488372093023256,0.031438415159345395,0.04177433247200689,0.16236003445305772,0.043496985357450474,0.02627045650301464,0.0512489233419466,0.0409130060292851,0.12360034453057708,0.04952627045650301,0.021102497846683894,0.02627045650301464,0.020241171403962102,0.04521963824289406,0.06244616709732989,0.020241171403962102,0.027993109388458226
291,0.04135101010101011,0.018623737373737376,0.08238636363636365,0.04387626262626263,0.016729797979797983,0.05776515151515152,0.05965909090909092,0.0754419191919192,0.02051767676767677,0.05460858585858586,0.026830808080808084,0.12089646464646465,0.06344696969696971,0.03061868686868687,0.10069444444444446,0.04577020202020203,0.060921717171717175,0.021148989898989903,0.04135101010101011,0.017361111111111115
292,0.03523662551440329,0.03009259259259259,0.024948559670781894,0.018261316872427984,0.043467078189300415,0.04552469135802469,0.024948559670781894,0.04398148148148148,0.036265432098765434,0.024434156378600823,0.06198559670781893,0.02700617283950617,0.03935185185185185,0.020833333333333332,0.17001028806584362,0.1823559670781893,0.05632716049382716,0.020318930041152265,0.031121399176954733,0.06352880658436214
293,0.05381944444444446,0.03645833333333334,0.0457175925925926,0.02719907407407408,0.09895833333333336,0.03298611111111112,0.030671296296296304,0.08738425925925927,0.04918981481481483,0.06307870370370372,0.04340277777777778,0.06192129629629631,0.03182870370370371,0.05266203703703705,0.03645833333333334,0.08854166666666669,0.04224537037037038,0.029513888888888895,0.04224537037037038,0.0457175925925926
294,0.046372819100091826,0.05831037649219467,0.09871441689623507,0.045454545454545456,0.029843893480257115,0.07667584940312214,0.03076216712580349,0.02800734618916437,0.03902662993572085,0.0371900826446281,0.04086317722681359,0.06473829201101929,0.028925619834710745,0.03076216712580349,0.032598714416896234,0.03076216712580349,0.06106519742883379,0.03627180899908173,0.03627180899908173,0.14738292011019283
295,0.10545267489711935,0.06635802469135803,0.030349794238683128,0.029320987654320986,0.030349794238683128,0.05401234567901234,0.029320987654320986,0.11574074074074074,0.038580246913580245,0.04681069958847737,0.038580246913580245,0.06430041152263374,0.05915637860082305,0.035493827160493825,0.04681069958847737,0.03446502057613169,0.06532921810699588,0.028292181069958847,0.051954732510288065,0.029320987654320986
296,0.0343915343915344,0.03862433862433863,0.03227513227513228,0.0343915343915344,0.06402116402116403,0.06084656084656085,0.04179894179894181,0.02380952380952381,0.02698412698412699,0.02592592592592593,0.037566137566137574,0.05873015873015874,0.1232804232804233,0.05555555555555556,0.0544973544973545,0.024867724867724872,0.037566137566137574,0.1285714285714286,0.03227513227513228,0.06402116402116403
297,0.034722222222222224,0.05015432098765432,0.08410493827160494,0.0470679012345679,0.0470679012345679,0.034722222222222224,0.04398148148148148,0.09645061728395062,0.034722222222222224,0.08410493827160494,0.09182098765432099,0.034722222222222224,0.04089506172839506,0.034722222222222224,0.04861111111111111,0.03935185185185185,0.03935185185185185,0.034722222222222224,0.034722222222222224,0.04398148148148148
298,0.023504273504273508,0.019230769230769235,0.07649572649572652,0.026923076923076928,0.022649572649572652,0.034615384615384624,0.13376068376068379,0.0576923076923077,0.024358974358974363,0.02008547008547009,0.04230769230769232,0.13290598290598293,0.034615384615384624,0.032905982905982914,0.03974358974358975,0.07393162393162395,0.022649572649572652,0.07136752136752138,0.034615384615384624,0.07564102564102565
299,0.02621283255086072,0.021517996870109544,0.03482003129890454,0.07081377151799687,0.02699530516431925,0.037949921752738654,0.01917057902973396,0.021517996870109544,0.037949921752738654,0.027777777777777776,0.02464788732394366,0.022300469483568074,0.03325508607198748,0.1334115805946792,0.06298904538341157,0.16784037558685447,0.08959311424100157,0.06924882629107981,0.03325508607198748,0.03873239436619718
300,0.036634460547504036,0.030193236714975848,0.05273752012882448,0.14694041867954913,0.026167471819645738,0.02777777777777778,0.03502415458937199,0.021336553945249602,0.021336553945249602,0.10587761674718198,0.024557165861513693,0.05515297906602255,0.0962157809983897,0.019726247987117557,0.07045088566827698,0.025362318840579715,0.0462962962962963,0.05354267310789051,0.026167471819645738,0.07850241545893721
301,0.05153949129852745,0.042168674698795185,0.042168674698795185,0.06626506024096387,0.032797858099062924,0.032797858099062924,0.03815261044176708,0.08366800535475236,0.030120481927710847,0.12918340026773764,0.06894243641231594,0.030120481927710847,0.0676037483266399,0.04082998661311915,0.042168674698795185,0.032797858099062924,0.07429718875502009,0.030120481927710847,0.034136546184738964,0.030120481927710847
302,0.04103535353535353,0.07512626262626261,0.09280303030303029,0.029671717171717165,0.03724747474747474,0.07260101010101008,0.04103535353535353,0.04356060606060606,0.056186868686868674,0.05744949494949494,0.039772727272727265,0.0284090909090909,0.051136363636363626,0.04356060606060606,0.0284090909090909,0.05239898989898988,0.03598484848484848,0.03472222222222222,0.09280303030303029,0.04608585858585858
303,0.030740740740740746,0.04333333333333334,0.08481481481481483,0.021111111111111115,0.0425925925925926,0.03962962962962964,0.12407407407407409,0.028518518518518523,0.038888888888888896,0.1188888888888889,0.03814814814814815,0.06703703703703705,0.049259259259259267,0.04851851851851852,0.08481481481481483,0.047037037037037044,0.035185185185185194,0.01740740740740741,0.021111111111111115,0.018888888888888893
304,0.03053053053053053,0.05155155155155155,0.03853853853853854,0.06456456456456457,0.045545545545545546,0.11461461461461461,0.03053053053053053,0.033533533533533534,0.02952952952952953,0.04854854854854855,0.03153153153153153,0.023523523523523524,0.04154154154154154,0.07257257257257257,0.03053053053053053,0.033533533533533534,0.14464464464464463,0.02952952952952953,0.046546546546546545,0.05855855855855856
305,0.026374859708193043,0.025252525252525252,0.03647586980920314,0.02974186307519641,0.03984287317620651,0.10493827160493827,0.026374859708193043,0.03310886644219978,0.03984287317620651,0.06004489337822671,0.03198653198653199,0.07014590347923681,0.03872053872053872,0.04208754208754209,0.06790123456790123,0.045454545454545456,0.03423120089786756,0.16217732884399552,0.03198653198653199,0.05331088664421998
306,0.03767560664112388,0.1436781609195402,0.04022988505747126,0.03001277139208173,0.03128991060025542,0.056832694763729236,0.02873563218390804,0.04278416347381864,0.03895274584929757,0.05427841634738185,0.02873563218390804,0.05300127713920816,0.04022988505747126,0.04278416347381864,0.035121328224776496,0.05044699872286078,0.08365261813537674,0.036398467432950186,0.061941251596423996,0.0632183908045977
307,0.04736467236467238,0.11360398860398863,0.025284900284900293,0.025997150997151004,0.05662393162393164,0.02457264957264958,0.02172364672364673,0.021011396011396014,0.16488603988603992,0.016025641025641028,0.045227920227920236,0.055199430199430216,0.023860398860398868,0.04380341880341881,0.02457264957264958,0.0836894586894587,0.01958689458689459,0.020299145299145303,0.09366096866096868,0.07300569800569802
308,0.05639730639730641,0.07491582491582494,0.04966329966329968,0.07154882154882156,0.05639730639730641,0.03787878787878789,0.06986531986531988,0.0782828282828283,0.03787878787878789,0.03787878787878789,0.03787878787878789,0.03787878787878789,0.03787878787878789,0.03956228956228957,0.03787878787878789,0.03787878787878789,0.03787878787878789,0.053030303030303046,0.06986531986531988,0.03956228956228957
309,0.022171253822629966,0.08995922528032618,0.014016309887869517,0.015545361875637102,0.06396534148827726,0.07517838939857287,0.01656472986748216,0.04306829765545361,0.20158002038735978,0.015035677879714573,0.020642201834862383,0.05733944954128439,0.050713557594291525,0.057849133537206915,0.025739041794087657,0.031345565749235464,0.02115188583078491,0.025739041794087657,0.1251274209989806,0.027268093781855244
310,0.0480599647266314,0.05158730158730159,0.1291887125220459,0.23941798941798945,0.04188712522045856,0.019841269841269844,0.025132275132275134,0.025132275132275134,0.02248677248677249,0.03659611992945327,0.025132275132275134,0.02160493827160494,0.020723104056437392,0.029541446208112877,0.05864197530864198,0.03130511463844798,0.04012345679012346,0.030423280423280425,0.07098765432098766,0.032186948853615525
311,0.03445850914205346,0.1385372714486639,0.12025316455696208,0.047116736990154735,0.04149085794655417,0.03164556962025318,0.08509142053445855,0.038677918424753883,0.03445850914205346,0.04289732770745431,0.03445850914205346,0.05414908579465544,0.03164556962025318,0.03164556962025318,0.03445850914205346,0.03727144866385374,0.038677918424753883,0.03164556962025318,0.04289732770745431,0.04852320675105487
312,0.025213675213675214,0.06794871794871794,0.04658119658119658,0.03461538461538462,0.03803418803418803,0.027777777777777776,0.23376068376068376,0.047435897435897434,0.03547008547008547,0.02863247863247863,0.05,0.02435897435897436,0.10384615384615385,0.05,0.03547008547008547,0.023504273504273504,0.03974358974358974,0.027777777777777776,0.02606837606837607,0.03376068376068376
313,0.05056980056980057,0.04344729344729345,0.051994301994301995,0.19017094017094016,0.03347578347578348,0.0349002849002849,0.03205128205128205,0.03347578347578348,0.03205128205128205,0.0349002849002849,0.03205128205128205,0.05911680911680912,0.053418803418803416,0.03205128205128205,0.04487179487179487,0.04202279202279202,0.046296296296296294,0.03632478632478633,0.03347578347578348,0.08333333333333333
314,0.04490740740740741,0.029166666666666667,0.052314814814814814,0.038425925925925926,0.0412037037037037,0.07731481481481481,0.02175925925925926,0.04027777777777778,0.04027777777777778,0.055092592592592596,0.04398148148148148,0.033796296296296297,0.034722222222222224,0.03194444444444444,0.14027777777777778,0.08657407407407407,0.038425925925925926,0.06342592592592593,0.05694444444444444,0.029166666666666667
315,0.03571428571428572,0.040476190476190485,0.03571428571428572,0.038888888888888896,0.042063492063492074,0.03730158730158731,0.03571428571428572,0.03571428571428572,0.07222222222222223,0.06746031746031747,0.06269841269841271,0.038888888888888896,0.045238095238095244,0.043650793650793655,0.03571428571428572,0.043650793650793655,0.1642857142857143,0.040476190476190485,0.04841269841269843,0.03571428571428572
316,0.039598108747044926,0.03250591016548464,0.028959810874704495,0.10815602836879434,0.039598108747044926,0.030141843971631208,0.04787234042553192,0.043144208037825066,0.02777777777777778,0.05378250591016549,0.08451536643026006,0.030141843971631208,0.06442080378250592,0.0455082742316785,0.037234042553191495,0.05378250591016549,0.05614657210401892,0.03132387706855792,0.04078014184397164,0.1046099290780142
317,0.02987421383647798,0.049790356394129966,0.05922431865828091,0.028825995807127875,0.058176100628930805,0.05398322851153038,0.0340670859538784,0.024633123689727456,0.09905660377358488,0.024633123689727456,0.03721174004192872,0.06236897274633122,0.04559748427672955,0.04035639412997903,0.0340670859538784,0.03930817610062892,0.05398322851153038,0.05607966457023059,0.058176100628930805,0.11058700209643603
318,0.029209621993127148,0.03722794959908362,0.06586483390607102,0.026918671248568157,0.05441008018327606,0.03264604810996564,0.0441008018327606,0.029209621993127148,0.16437571592210767,0.09564719358533791,0.03951890034364261,0.05670103092783505,0.028064146620847653,0.03722794959908362,0.03608247422680412,0.03608247422680412,0.05784650630011455,0.05555555555555555,0.02577319587628866,0.04753722794959908
319,0.06358024691358025,0.09444444444444444,0.07469135802469136,0.06358024691358025,0.05246913580246913,0.03148148148148148,0.027777777777777776,0.05,0.03641975308641975,0.07839506172839507,0.07839506172839507,0.027777777777777776,0.027777777777777776,0.046296296296296294,0.03271604938271605,0.027777777777777776,0.03271604938271605,0.053703703703703705,0.04259259259259259,0.05740740740740741
320,0.04310344827586207,0.04310344827586207,0.045019157088122604,0.04310344827586207,0.04310344827586207,0.04310344827586207,0.04310344827586207,0.04310344827586207,0.04310344827586207,0.04693486590038314,0.05651340996168582,0.04310344827586207,0.04310344827586207,0.04310344827586207,0.09482758620689655,0.07183908045977011,0.04693486590038314,0.07375478927203065,0.04693486590038314,0.04310344827586207
321,0.03205128205128205,0.03205128205128205,0.03205128205128205,0.0349002849002849,0.03917378917378917,0.049145299145299144,0.05626780626780627,0.06196581196581197,0.03917378917378917,0.03632478632478633,0.04772079772079772,0.099002849002849,0.05626780626780627,0.07336182336182336,0.03347578347578348,0.03205128205128205,0.0876068376068376,0.06908831908831908,0.04487179487179487,0.04344729344729345
322,0.06481481481481481,0.05718954248366013,0.03758169934640523,0.10729847494553377,0.06808278867102396,0.105119825708061,0.049564270152505446,0.041938997821350764,0.04411764705882353,0.026688453159041396,0.03431372549019608,0.061546840958605666,0.026688453159041396,0.029956427015250545,0.07352941176470588,0.0332244008714597,0.024509803921568627,0.03540305010893246,0.03649237472766884,0.041938997821350764
323,0.06859410430839002,0.04251700680272109,0.09580498866213152,0.0391156462585034,0.06859410430839002,0.030045351473922902,0.04365079365079365,0.026643990929705215,0.041383219954648526,0.036848072562358274,0.054988662131519275,0.03344671201814059,0.027777777777777776,0.053854875283446714,0.04931972789115646,0.14229024943310659,0.040249433106575964,0.03571428571428571,0.03231292517006803,0.036848072562358274
324,0.1274801587301587,0.037202380952380945,0.055059523809523794,0.04216269841269841,0.048115079365079354,0.02430555555555555,0.06597222222222221,0.04117063492063491,0.03224206349206349,0.04910714285714284,0.02926587301587301,0.091765873015873,0.02529761904761904,0.04613095238095238,0.02926587301587301,0.05307539682539681,0.05704365079365078,0.03819444444444444,0.037202380952380945,0.06994047619047618
325,0.0638888888888889,0.06203703703703704,0.04166666666666667,0.04907407407407408,0.04722222222222223,0.04166666666666667,0.0675925925925926,0.04166666666666667,0.04166666666666667,0.05833333333333334,0.043518518518518526,0.04166666666666667,0.04166666666666667,0.043518518518518526,0.05092592592592593,0.04722222222222223,0.052777777777777785,0.04166666666666667,0.07314814814814816,0.04907407407407408
326,0.03591954022988505,0.030172413793103443,0.07998084291187738,0.04262452107279693,0.056992337164750946,0.024425287356321834,0.1546934865900383,0.10584291187739461,0.03400383141762452,0.06657088122605363,0.08381226053639845,0.021551724137931032,0.02634099616858237,0.028256704980842904,0.0225095785440613,0.03208812260536398,0.03591954022988505,0.0253831417624521,0.03783524904214559,0.05507662835249041
327,0.020517676767676768,0.038825757575757576,0.09185606060606061,0.04071969696969697,0.07039141414141414,0.029987373737373736,0.04008838383838384,0.07481060606060606,0.03377525252525253,0.10953282828282829,0.028093434343434344,0.03756313131313131,0.03377525252525253,0.09627525252525253,0.050189393939393936,0.07544191919191919,0.023042929292929292,0.03377525252525253,0.032512626262626264,0.038825757575757576
328,0.04253472222222222,0.05989583333333332,0.03906249999999999,0.04774305555555554,0.04600694444444444,0.040798611111111105,0.040798611111111105,0.03906249999999999,0.04427083333333333,0.040798611111111105,0.0564236111111111,0.040798611111111105,0.07204861111111109,0.09809027777777775,0.054687499999999986,0.04253472222222222,0.04427083333333333,0.06684027777777776,0.040798611111111105,0.04253472222222222
329,0.036375661375661374,0.06283068783068783,0.08928571428571429,0.041666666666666664,0.031084656084656083,0.031084656084656083,0.11044973544973545,0.09193121693121693,0.06283068783068783,0.02976190476190476,0.061507936507936505,0.031084656084656083,0.046957671957671955,0.052248677248677246,0.046957671957671955,0.02976190476190476,0.036375661375661374,0.04298941798941799,0.032407407407407406,0.032407407407407406
330,0.05555555555555556,0.05223880597014926,0.08208955223880599,0.08374792703150913,0.04228855721393036,0.0373134328358209,0.0373134328358209,0.05887230514096187,0.0373134328358209,0.04228855721393036,0.04228855721393036,0.0373134328358209,0.05887230514096187,0.0373134328358209,0.05058043117744611,0.06384742951907132,0.04394693200663351,0.038971807628524056,0.05223880597014926,0.04560530679933666
331,0.0384990253411306,0.032651072124756333,0.05019493177387914,0.09015594541910331,0.032651072124756333,0.024853801169590642,0.02387914230019493,0.039473684210526314,0.021929824561403508,0.09405458089668615,0.08333333333333333,0.02387914230019493,0.02290448343079922,0.028752436647173488,0.06871345029239766,0.13596491228070176,0.02387914230019493,0.0384990253411306,0.08333333333333333,0.04239766081871345
332,0.043168168168168174,0.04016516516516517,0.04016516516516517,0.032657657657657664,0.023648648648648653,0.025150150150150152,0.2751501501501502,0.05818318318318319,0.0213963963963964,0.018393393393393395,0.04016516516516517,0.04016516516516517,0.03941441441441442,0.02064564564564565,0.034909909909909914,0.09346846846846849,0.017642642642642647,0.04767267267267268,0.03566066066066067,0.05217717717717718
333,0.03263888888888889,0.035416666666666666,0.06041666666666667,0.03125,0.07847222222222222,0.06597222222222222,0.035416666666666666,0.03125,0.09930555555555555,0.05763888888888889,0.04513888888888889,0.04791666666666667,0.050694444444444445,0.06875,0.05763888888888889,0.034027777777777775,0.03263888888888889,0.03819444444444445,0.03958333333333333,0.05763888888888889
334,0.03364197530864198,0.020061728395061727,0.05277777777777778,0.014506172839506172,0.04845679012345679,0.019444444444444445,0.021296296296296296,0.058333333333333334,0.038580246913580245,0.07006172839506172,0.04969135802469136,0.028703703703703703,0.016975308641975308,0.1521604938271605,0.12808641975308643,0.10030864197530864,0.016975308641975308,0.0441358024691358,0.03981481481481482,0.045987654320987656
335,0.037222222222222226,0.06833333333333334,0.04722222222222223,0.05944444444444445,0.04944444444444445,0.027222222222222224,0.037222222222222226,0.04722222222222223,0.031666666666666676,0.07166666666666668,0.04277777777777778,0.026111111111111116,0.05611111111111112,0.07277777777777779,0.026111111111111116,0.10611111111111113,0.03833333333333334,0.036111111111111115,0.07277777777777779,0.04611111111111112
336,0.05490956072351421,0.09237726098191215,0.030361757105943153,0.03165374677002584,0.029069767441860465,0.0458656330749354,0.03294573643410853,0.03811369509043928,0.03940568475452196,0.04198966408268734,0.04844961240310078,0.05878552971576227,0.030361757105943153,0.029069767441860465,0.040697674418604654,0.05749354005167959,0.029069767441860465,0.043281653746770024,0.1789405684754522,0.047157622739018086
337,0.06481481481481481,0.051994301994301995,0.05911680911680912,0.04772079772079772,0.046296296296296294,0.05056980056980057,0.03774928774928775,0.06623931623931624,0.04344729344729345,0.06766381766381767,0.03347578347578348,0.04344729344729345,0.0349002849002849,0.049145299145299144,0.03632478632478633,0.04772079772079772,0.03917378917378917,0.04202279202279202,0.07621082621082621,0.06196581196581197
338,0.03686396677050884,0.034787123572170314,0.023364485981308417,0.04205607476635515,0.04413291796469368,0.031671858774662526,0.2767393561786086,0.023364485981308417,0.032710280373831786,0.03997923156801663,0.04828660436137073,0.08670820353063347,0.028556593977154734,0.028556593977154734,0.05347871235721705,0.04205607476635515,0.032710280373831786,0.028556593977154734,0.032710280373831786,0.032710280373831786
339,0.05943847072879331,0.04151732377538829,0.049880525686977296,0.0492831541218638,0.10603345280764635,0.016427718040621268,0.030764635603345282,0.0456989247311828,0.02060931899641577,0.04151732377538829,0.10543608124253286,0.02956989247311828,0.06899641577060932,0.0504778972520908,0.056451612903225805,0.07974910394265233,0.03016726403823178,0.028375149342891277,0.0480884109916368,0.04151732377538829
340,0.02053872053872054,0.0872053872053872,0.03265993265993266,0.02053872053872054,0.0643097643097643,0.10606060606060606,0.027946127946127945,0.06565656565656566,0.047474747474747475,0.017845117845117844,0.07306397306397307,0.023232323232323233,0.05286195286195286,0.03468013468013468,0.021212121212121213,0.0797979797979798,0.09259259259259259,0.0595959595959596,0.027946127946127945,0.04478114478114478
341,0.04837164750957856,0.03591954022988506,0.0378352490421456,0.029214559386973187,0.06657088122605366,0.04166666666666667,0.023467432950191578,0.051245210727969365,0.1317049808429119,0.04262452107279694,0.0407088122605364,0.04166666666666667,0.03687739463601533,0.04454022988505748,0.1077586206896552,0.027298850574712652,0.03208812260536399,0.056992337164750974,0.07327586206896552,0.030172413793103457
342,0.05952380952380953,0.026014109347442683,0.05335097001763669,0.044532627865961204,0.029541446208112877,0.08333333333333334,0.04188712522045856,0.030423280423280425,0.03395061728395062,0.07275132275132276,0.043650793650793655,0.03395061728395062,0.037477954144620816,0.03571428571428572,0.05776014109347443,0.08156966490299825,0.09215167548500883,0.05423280423280424,0.044532627865961204,0.043650793650793655
343,0.03837342497136312,0.026918671248568157,0.026918671248568157,0.04982817869415808,0.0429553264604811,0.04066437571592211,0.02577319587628866,0.03608247422680412,0.03608247422680412,0.03837342497136312,0.04868270332187858,0.07388316151202749,0.04868270332187858,0.0441008018327606,0.08304696449026346,0.05211912943871707,0.16666666666666666,0.04753722794959908,0.03722794959908362,0.03608247422680412
344,0.04464285714285715,0.04464285714285715,0.09027777777777779,0.04464285714285715,0.05456349206349208,0.04464285714285715,0.04464285714285715,0.04464285714285715,0.04464285714285715,0.04464285714285715,0.04464285714285715,0.06250000000000001,0.04464285714285715,0.052579365079365094,0.04464285714285715,0.048611111111111126,0.04464285714285715,0.04464285714285715,0.06646825396825398,0.04464285714285715
345,0.08542976939203355,0.09067085953878407,0.11163522012578617,0.036163522012578615,0.026729559748427674,0.030922431865828093,0.06027253668763103,0.03930817610062893,0.044549266247379454,0.024633123689727462,0.05712788259958071,0.0319706498951782,0.024633123689727462,0.025681341719077568,0.034067085953878404,0.06761006289308176,0.03930817610062893,0.04140461215932914,0.0749475890985325,0.05293501048218029
346,0.0496031746031746,0.11574074074074074,0.08267195767195767,0.056216931216931214,0.031084656084656083,0.02976190476190476,0.06283068783068783,0.046957671957671955,0.02976190476190476,0.031084656084656083,0.03373015873015873,0.06018518518518518,0.02976190476190476,0.02976190476190476,0.041666666666666664,0.02976190476190476,0.032407407407407406,0.0496031746031746,0.09722222222222222,0.06018518518518518
347,0.06981981981981983,0.045795795795795805,0.05180180180180181,0.035285285285285295,0.0487987987987988,0.0427927927927928,0.06081081081081082,0.03378378378378379,0.03828828828828829,0.03378378378378379,0.0412912912912913,0.06531531531531533,0.04729729729729731,0.050300300300300305,0.03378378378378379,0.07282282282282283,0.06381381381381383,0.0487987987987988,0.06831831831831833,0.04729729729729731
348,0.04484605087014726,0.06091030789825971,0.04216867469879518,0.03547523427041499,0.051539491298527446,0.05555555555555555,0.06492637215528782,0.03413654618473896,0.050200803212851405,0.03279785809906292,0.030120481927710843,0.07697456492637215,0.03815261044176707,0.03145917001338688,0.05689424364123159,0.03279785809906292,0.04216867469879518,0.05823293172690763,0.07161981258366801,0.08902275769745649
349,0.045019157088122604,0.04310344827586207,0.04310344827586207,0.05842911877394636,0.05268199233716475,0.04310344827586207,0.0603448275862069,0.05459770114942529,0.0603448275862069,0.05268199233716475,0.045019157088122604,0.04885057471264368,0.04885057471264368,0.05076628352490421,0.04310344827586207,0.04310344827586207,0.04310344827586207,0.04310344827586207,0.07375478927203065,0.04693486590038314
350,0.057744107744107744,0.06548821548821548,0.027777777777777776,0.02441077441077441,0.011616161616161616,0.036531986531986534,0.01734006734006734,0.017676767676767676,0.2924242424242424,0.017676767676767676,0.013636363636363636,0.03720538720538721,0.13080808080808082,0.03282828282828283,0.014983164983164984,0.06717171717171717,0.01632996632996633,0.06447811447811448,0.030471380471380472,0.0234006734006734
351,0.048862115127175365,0.04216867469879518,0.08500669344042838,0.12248995983935743,0.040829986613119144,0.04484605087014726,0.051539491298527446,0.03145917001338688,0.048862115127175365,0.03413654618473896,0.0823293172690763,0.05287817938420348,0.03413654618473896,0.040829986613119144,0.04484605087014726,0.03681392235609103,0.03145917001338688,0.03547523427041499,0.04350736278447122,0.04752342704149933
352,0.03881278538812786,0.07077625570776257,0.14992389649923898,0.04794520547945206,0.04794520547945206,0.03881278538812786,0.06316590563165907,0.03729071537290716,0.05098934550989346,0.03576864535768646,0.03424657534246576,0.03424657534246576,0.04185692541856926,0.05707762557077626,0.03729071537290716,0.04946727549467276,0.04642313546423136,0.04490106544901066,0.03729071537290716,0.03576864535768646
353,0.04513888888888889,0.033234126984126984,0.024305555555555556,0.029265873015873016,0.07688492063492064,0.05406746031746032,0.06597222222222222,0.022321428571428572,0.032242063492063495,0.0679563492063492,0.06101190476190476,0.08085317460317461,0.027281746031746032,0.043154761904761904,0.03521825396825397,0.05505952380952381,0.04513888888888889,0.08878968253968254,0.027281746031746032,0.08482142857142858
354,0.05654761904761905,0.050595238095238096,0.044642857142857144,0.07242063492063493,0.04662698412698413,0.044642857142857144,0.044642857142857144,0.044642857142857144,0.04662698412698413,0.054563492063492064,0.044642857142857144,0.054563492063492064,0.044642857142857144,0.044642857142857144,0.05654761904761905,0.04662698412698413,0.044642857142857144,0.044642857142857144,0.06448412698412699,0.04861111111111111
355,0.040983606557377046,0.05191256830601093,0.06284153005464481,0.040983606557377046,0.04644808743169399,0.05555555555555555,0.040983606557377046,0.04644808743169399,0.09927140255009108,0.040983606557377046,0.05009107468123861,0.040983606557377046,0.040983606557377046,0.040983606557377046,0.040983606557377046,0.05737704918032787,0.05737704918032787,0.042805100182149364,0.0610200364298725,0.040983606557377046
356,0.0319971870604782,0.027777777777777776,0.06645569620253164,0.07981715893108299,0.024964838255977496,0.048874824191279885,0.03129395218002813,0.020042194092827006,0.021448663853727144,0.03270042194092827,0.05942334739803094,0.11568213783403657,0.15436005625879043,0.061533052039381156,0.023558368495077357,0.022855133614627286,0.07419127988748242,0.039732770745428976,0.03270042194092827,0.03059071729957806
357,0.054687499999999986,0.07725694444444443,0.07378472222222221,0.03906249999999999,0.04600694444444444,0.03906249999999999,0.040798611111111105,0.05121527777777776,0.054687499999999986,0.07031249999999999,0.04427083333333333,0.06336805555555554,0.04427083333333333,0.04774305555555554,0.04253472222222222,0.04427083333333333,0.03906249999999999,0.03906249999999999,0.04253472222222222,0.04600694444444444
358,0.03956228956228957,0.03787878787878789,0.10521885521885525,0.06481481481481483,0.04461279461279462,0.03787878787878789,0.03956228956228957,0.03956228956228957,0.03787878787878789,0.042929292929292935,0.03956228956228957,0.03956228956228957,0.03787878787878789,0.03787878787878789,0.04124579124579125,0.04966329966329968,0.03787878787878789,0.03787878787878789,0.12373737373737377,0.06481481481481483
359,0.04159394997091333,0.016579406631762657,0.05322862129144852,0.016579406631762657,0.02995927865037813,0.054392088423502044,0.014252472367655615,0.016579406631762657,0.018324607329842934,0.02995927865037813,0.023560209424083774,0.025305410122164054,0.04973821989528796,0.03054101221640489,0.0782431646305992,0.32547993019197213,0.02705061082024433,0.02937754508435137,0.06893542757417104,0.05031995346131472
360,0.031084656084656083,0.06283068783068783,0.02976190476190476,0.032407407407407406,0.1541005291005291,0.07076719576719577,0.037698412698412696,0.06018518518518518,0.032407407407407406,0.04298941798941799,0.04034391534391534,0.06018518518518518,0.09722222222222222,0.03373015873015873,0.031084656084656083,0.04298941798941799,0.031084656084656083,0.03373015873015873,0.03373015873015873,0.041666666666666664
361,0.06555555555555556,0.056666666666666664,0.04925925925925926,0.06111111111111111,0.05814814814814815,0.02925925925925926,0.11370370370370371,0.06777777777777778,0.030740740740740742,0.03222222222222222,0.03518518518518519,0.034444444444444444,0.053703703703703705,0.024074074074074074,0.034444444444444444,0.01888888888888889,0.05444444444444444,0.06407407407407407,0.06111111111111111,0.055185185185185184
362,0.062169312169312166,0.1335978835978836,0.0445326278659612,0.07275132275132275,0.02601410934744268,0.04365079365079365,0.04717813051146384,0.05335097001763668,0.024250440917107582,0.06569664902998236,0.041005291005291,0.029541446208112873,0.06746031746031746,0.03571428571428571,0.03747795414462081,0.028659611992945325,0.10008818342151675,0.029541446208112873,0.03042328042328042,0.026895943562610228
363,0.04528985507246376,0.15157004830917872,0.04891304347826086,0.030797101449275357,0.03442028985507246,0.02838164251207729,0.027173913043478253,0.03442028985507246,0.05012077294685989,0.05736714975845409,0.030797101449275357,0.0682367149758454,0.030797101449275357,0.05857487922705313,0.0428743961352657,0.0791062801932367,0.03200483091787439,0.03200483091787439,0.07065217391304346,0.04649758454106279
364,0.05335097001763667,0.020723104056437385,0.024250440917107575,0.05335097001763667,0.05070546737213402,0.15123456790123455,0.02777777777777777,0.036596119929453254,0.05070546737213402,0.019841269841269837,0.09391534391534388,0.02336860670194003,0.05864197530864196,0.03395061728395061,0.05070546737213402,0.07451499118165783,0.06393298059964725,0.041005291005290996,0.020723104056437385,0.05070546737213402
365,0.05555555555555557,0.02303523035230353,0.02213188798554653,0.09710930442637762,0.03929539295392955,0.03116531165311654,0.09801264679313462,0.04290876242095756,0.03658536585365855,0.03206865401987355,0.0718157181571816,0.042005420054200555,0.06458897922312559,0.13324299909665768,0.04471544715447156,0.03748870822041555,0.02393857271906053,0.04561878952122856,0.027551942186088536,0.03116531165311654
366,0.03015873015873016,0.04285714285714286,0.04497354497354497,0.035449735449735446,0.032275132275132276,0.035449735449735446,0.03333333333333333,0.038624338624338624,0.03439153439153439,0.05026455026455026,0.12645502645502646,0.0417989417989418,0.040740740740740744,0.0746031746031746,0.054497354497354496,0.09047619047619047,0.05767195767195767,0.025925925925925925,0.03333333333333333,0.07671957671957672
367,0.022875816993464054,0.016934046345811055,0.04961378490790256,0.05555555555555556,0.06387403446226977,0.1761734997029115,0.015151515151515154,0.03594771241830066,0.019904931669637554,0.022281639928698756,0.07516339869281047,0.03832442067736186,0.08407605466428997,0.03773024361259656,0.05258467023172906,0.09477124183006537,0.050802139037433164,0.028223410576351755,0.029411764705882356,0.030600118835412957
368,0.05555555555555555,0.10592592592592592,0.03481481481481481,0.042222222222222223,0.04962962962962963,0.06296296296296296,0.03481481481481481,0.03333333333333333,0.0437037037037037,0.061481481481481484,0.0362962962962963,0.04666666666666667,0.07333333333333333,0.051111111111111114,0.06,0.0437037037037037,0.03481481481481481,0.042222222222222223,0.0362962962962963,0.051111111111111114
369,0.03811369509043928,0.04844961240310078,0.03165374677002584,0.03165374677002584,0.03811369509043928,0.05232558139534884,0.03294573643410853,0.03165374677002584,0.23320413436692505,0.029069767441860465,0.03940568475452196,0.03165374677002584,0.029069767441860465,0.0665374677002584,0.030361757105943153,0.07170542635658915,0.03811369509043928,0.03294573643410853,0.06395348837209303,0.029069767441860465
370,0.040322580645161296,0.040322580645161296,0.05465949820788532,0.04749103942652331,0.040322580645161296,0.040322580645161296,0.08333333333333334,0.06541218637992834,0.040322580645161296,0.058243727598566324,0.052867383512544816,0.040322580645161296,0.05107526881720432,0.040322580645161296,0.040322580645161296,0.045698924731182804,0.0421146953405018,0.06541218637992834,0.07078853046594984,0.040322580645161296
371,0.03968253968253968,0.032275132275132276,0.031216931216931216,0.05343915343915344,0.051322751322751325,0.04708994708994709,0.03439153439153439,0.023809523809523808,0.032275132275132276,0.0291005291005291,0.038624338624338624,0.03333333333333333,0.035449735449735446,0.056613756613756616,0.06613756613756613,0.05873015873015873,0.040740740740740744,0.05555555555555555,0.059788359788359786,0.18042328042328043
372,0.0638888888888889,0.04166666666666667,0.056481481481481494,0.043518518518518526,0.05833333333333335,0.07685185185185187,0.06944444444444446,0.047222222222222235,0.04537037037037038,0.04166666666666667,0.04907407407407409,0.056481481481481494,0.04166666666666667,0.04166666666666667,0.04166666666666667,0.04537037037037038,0.05092592592592594,0.04537037037037038,0.04166666666666667,0.04166666666666667
373,0.04017094017094018,0.03846153846153847,0.045299145299145305,0.03846153846153847,0.06581196581196583,0.045299145299145305,0.06581196581196583,0.06752136752136753,0.053846153846153856,0.07094017094017095,0.03846153846153847,0.045299145299145305,0.045299145299145305,0.052136752136752146,0.03846153846153847,0.05726495726495727,0.05726495726495727,0.03846153846153847,0.043589743589743594,0.052136752136752146
374,0.034027777777777775,0.06180555555555556,0.03125,0.03819444444444445,0.06458333333333334,0.034027777777777775,0.04375,0.06458333333333334,0.13819444444444445,0.03263888888888889,0.035416666666666666,0.05625,0.04097222222222222,0.09930555555555555,0.04652777777777778,0.03125,0.03125,0.03263888888888889,0.04652777777777778,0.03680555555555556
375,0.03761214630779849,0.02173913043478261,0.030710835058661148,0.1507936507936508,0.06314699792960664,0.05279503105590063,0.025879917184265015,0.03692201518288476,0.11283643892339545,0.04037267080745342,0.05348516218081436,0.03485162180814355,0.01966873706004141,0.03692201518288476,0.07073844030365771,0.04451345755693582,0.016908212560386476,0.04865424430641822,0.03968253968253969,0.06176673567977917
376,0.03846153846153847,0.043589743589743594,0.03846153846153847,0.10000000000000003,0.04871794871794873,0.041880341880341884,0.041880341880341884,0.0606837606837607,0.04017094017094018,0.04700854700854702,0.03846153846153847,0.03846153846153847,0.045299145299145305,0.05726495726495728,0.04017094017094018,0.04017094017094018,0.08461538461538463,0.03846153846153847,0.045299145299145305,0.07094017094017095
377,0.02903225806451613,0.024731182795698924,0.13727598566308244,0.036917562724014336,0.028315412186379927,0.02043010752688172,0.016129032258064516,0.07706093189964158,0.06200716845878136,0.026164874551971327,0.046236559139784944,0.056272401433691756,0.02043010752688172,0.06630824372759857,0.05555555555555555,0.14301075268817204,0.027598566308243727,0.05268817204301075,0.02043010752688172,0.053405017921146956
378,0.05816993464052288,0.03071895424836601,0.056862745098039215,0.042483660130718956,0.056862745098039215,0.03333333333333333,0.03986928104575163,0.060784313725490195,0.045098039215686274,0.05947712418300653,0.034640522875816995,0.03071895424836601,0.03333333333333333,0.03333333333333333,0.03594771241830065,0.06601307189542484,0.07647058823529412,0.034640522875816995,0.08431372549019608,0.0869281045751634
379,0.038302277432712216,0.016908212560386472,0.036231884057971016,0.056935817805383024,0.02035886818495514,0.025189786059351276,0.02933057280883368,0.03554175293305728,0.021048999309868876,0.032091097308488616,0.05831608005521049,0.016908212560386472,0.024499654934437544,0.0810904071773637,0.038302277432712216,0.3447204968944099,0.019668737060041408,0.025879917184265012,0.023119392684610076,0.05555555555555555
380,0.015091863517060369,0.028215223097112864,0.06277340332458443,0.029527559055118113,0.019466316710411203,0.03390201224846895,0.038713910761154866,0.025590551181102365,0.03958880139982503,0.05927384076990377,0.025590551181102365,0.039151356080489946,0.022528433945756782,0.0951443569553806,0.05533683289588802,0.19181977252843396,0.03171478565179353,0.07720909886264218,0.06277340332458443,0.04658792650918636
381,0.05253623188405797,0.06099033816425121,0.044082125603864736,0.050120772946859904,0.07548309178743962,0.051328502415458936,0.12258454106280194,0.10809178743961352,0.04045893719806763,0.02717391304347826,0.035628019323671496,0.034420289855072464,0.03683574879227053,0.0464975845410628,0.028381642512077296,0.05253623188405797,0.035628019323671496,0.02717391304347826,0.0392512077294686,0.030797101449275364
382,0.13503649635036497,0.05150040551500405,0.027980535279805353,0.027169505271695052,0.06204379562043796,0.023925385239253853,0.040957015409570155,0.027169505271695052,0.041768045417680456,0.05555555555555555,0.049878345498783457,0.06447688564476886,0.06204379562043796,0.05150040551500405,0.031224655312246552,0.037712895377128956,0.032846715328467155,0.030413625304136254,0.07583130575831305,0.07096512570965126
383,0.0665878644602049,0.1091410559495666,0.03900709219858157,0.020094562647754142,0.0334909377462569,0.028762805358550043,0.03664302600472814,0.024822695035460998,0.1579984239558708,0.06973995271867614,0.029550827423167853,0.06973995271867614,0.023246650906225377,0.028762805358550043,0.01851851851851852,0.05949566587864461,0.026398739164696615,0.03664302600472814,0.0925925925925926,0.028762805358550043
384,0.046409214092140924,0.020663956639566397,0.12432249322493225,0.04369918699186992,0.06266937669376693,0.04098915989159892,0.019308943089430895,0.028794037940379404,0.036246612466124664,0.017953929539295393,0.057926829268292686,0.05047425474254742,0.09451219512195122,0.021341463414634148,0.14193766937669378,0.029471544715447155,0.027439024390243903,0.057926829268292686,0.049796747967479675,0.028116531165311653
385,0.036835748792270535,0.05012077294685991,0.027173913043478264,0.027173913043478264,0.03925120772946861,0.052536231884057975,0.11533816425120774,0.04166666666666667,0.027173913043478264,0.032004830917874406,0.03321256038647344,0.20471014492753625,0.0283816425120773,0.04287439613526571,0.027173913043478264,0.027173913043478264,0.04649758454106281,0.06461352657004832,0.04891304347826088,0.027173913043478264
386,0.051539491298527446,0.07965194109772424,0.04350736278447122,0.07563587684069611,0.050200803212851405,0.03547523427041499,0.03413654618473896,0.040829986613119144,0.07563587684069611,0.06358768406961178,0.030120481927710843,0.040829986613119144,0.039491298527443104,0.04752342704149933,0.030120481927710843,0.03145917001338688,0.03413654618473896,0.04350736278447122,0.09571619812583668,0.05689424364123159
387,0.02927120669056153,0.017323775388291517,0.03723616089207487,0.03723616089207487,0.011748307447232178,0.16587017124651532,0.11569095977698128,0.011748307447232178,0.014137793707686181,0.02648347272003186,0.018518518518518517,0.09776981282357626,0.061529271206690564,0.13281561131023498,0.04082039028275587,0.027678215850258862,0.015332536837913182,0.05794504181600956,0.01692552767821585,0.06391875746714457
388,0.04797979797979798,0.06818181818181819,0.08333333333333334,0.03787878787878789,0.04461279461279462,0.03787878787878789,0.03787878787878789,0.06818181818181819,0.0462962962962963,0.07323232323232325,0.04797979797979798,0.03787878787878789,0.05303030303030304,0.06986531986531988,0.05303030303030304,0.03787878787878789,0.03787878787878789,0.03956228956228957,0.03787878787878789,0.03956228956228957
389,0.08306878306878307,0.023809523809523808,0.051322751322751325,0.032275132275132276,0.035449735449735446,0.03015873015873016,0.0291005291005291,0.06931216931216931,0.043915343915343914,0.05873015873015873,0.11164021164021164,0.025925925925925925,0.06507936507936508,0.05343915343915344,0.09047619047619047,0.04814814814814815,0.03650793650793651,0.031216931216931216,0.023809523809523808,0.056613756613756616
390,0.05555555555555555,0.03481481481481481,0.07185185185185185,0.0362962962962963,0.06296296296296296,0.03481481481481481,0.03333333333333333,0.03333333333333333,0.04518518518518518,0.04814814814814815,0.03333333333333333,0.03333333333333333,0.052592592592592594,0.03333333333333333,0.03333333333333333,0.0362962962962963,0.09703703703703703,0.0362962962962963,0.15333333333333332,0.03481481481481481
391,0.059567901234567885,0.016975308641975304,0.02623456790123456,0.04043209876543209,0.01759259259259259,0.04598765432098765,0.09845679012345676,0.016975308641975304,0.016975308641975304,0.028086419753086414,0.08302469135802468,0.09845679012345676,0.04228395061728395,0.01944444444444444,0.02067901234567901,0.031172839506172834,0.01635802469135802,0.24783950617283945,0.015123456790123453,0.05833333333333332
392,0.0372168284789644,0.04800431499460626,0.06094929881337648,0.026429341963322545,0.052319309600863,0.07389428263214672,0.04584681769147789,0.024271844660194174,0.05124056094929881,0.03182308522114347,0.026429341963322545,0.041531823085221145,0.024271844660194174,0.07820927723840346,0.05339805825242718,0.10194174757281553,0.02535059331175836,0.040453074433656956,0.11165048543689321,0.0447680690399137
393,0.028693528693528696,0.042124542124542134,0.08730158730158731,0.027472527472527476,0.05433455433455434,0.047008547008547015,0.05433455433455434,0.028693528693528696,0.1373626373626374,0.05555555555555556,0.06166056166056167,0.03357753357753358,0.06654456654456656,0.02991452991452992,0.028693528693528696,0.03479853479853481,0.04090354090354091,0.04090354090354091,0.03357753357753358,0.06654456654456656
394,0.04832347140039446,0.03648915187376725,0.12656147271531884,0.015450361604207754,0.02859960552268244,0.02071005917159763,0.045693622616699535,0.030571992110453642,0.04240631163708086,0.07922419460880999,0.032544378698224845,0.030571992110453642,0.01742274819197896,0.07264957264957264,0.05884286653517421,0.05029585798816567,0.01939513477975016,0.02859960552268244,0.1028928336620644,0.11275476660092042
395,0.07091237579042459,0.030261969286359533,0.020325203252032523,0.12511291779584466,0.029358626919602532,0.04471544715447155,0.021228545618789525,0.02845528455284553,0.030261969286359533,0.03748870822041554,0.06458897922312558,0.11517615176151763,0.022131887985546526,0.02574525745257453,0.02845528455284553,0.023035230352303527,0.1829268292682927,0.022131887985546526,0.021228545618789525,0.05645889792231256
396,0.010008169934640522,0.017361111111111112,0.024305555555555556,0.012050653594771242,0.010416666666666666,0.034109477124183,0.08108660130718955,0.05494281045751634,0.12806372549019607,0.011642156862745098,0.07005718954248366,0.026348039215686275,0.04554738562091503,0.05494281045751634,0.023080065359477125,0.03329248366013072,0.013276143790849673,0.0508578431372549,0.03165849673202614,0.26695261437908496
397,0.03720238095238096,0.05009920634920636,0.07886904761904763,0.04017857142857144,0.08482142857142859,0.0699404761904762,0.04216269841269842,0.038194444444444454,0.026289682539682543,0.05109126984126985,0.03918650793650794,0.04315476190476191,0.07192460317460318,0.027281746031746035,0.045138888888888895,0.05208333333333334,0.095734126984127,0.03125000000000001,0.03720238095238096,0.038194444444444454
398,0.014230019493177384,0.05633528265107211,0.06569200779727094,0.04307992202729044,0.04931773879142299,0.02787524366471734,0.0189083820662768,0.021247563352826508,0.33703703703703697,0.013060428849902531,0.028654970760233912,0.028265107212475625,0.018518518518518514,0.028265107212475625,0.019298245614035085,0.02943469785575048,0.035672514619883036,0.050877192982456125,0.059064327485380104,0.05516569200779726
399,0.03333333333333333,0.043915343915343914,0.023809523809523808,0.054497354497354496,0.035449735449735446,0.026984126984126985,0.03015873015873016,0.04708994708994709,0.059788359788359786,0.03650793650793651,0.10423280423280423,0.05238095238095238,0.035449735449735446,0.05026455026455026,0.028042328042328042,0.02486772486772487,0.17407407407407408,0.04497354497354497,0.03756613756613757,0.056613756613756616
400,0.03626543209876544,0.03472222222222223,0.03626543209876544,0.04243827160493828,0.03780864197530865,0.03780864197530865,0.06250000000000001,0.06404320987654323,0.03472222222222223,0.07638888888888891,0.15509259259259262,0.03626543209876544,0.04243827160493828,0.03626543209876544,0.03472222222222223,0.03472222222222223,0.03472222222222223,0.05632716049382717,0.05324074074074075,0.05324074074074075
401,0.028735632183908053,0.04022988505747127,0.10280970625798215,0.030012771392081743,0.09770114942528739,0.03256704980842912,0.03895274584929758,0.04406130268199234,0.028735632183908053,0.0644955300127714,0.08365261813537676,0.03256704980842912,0.03895274584929758,0.028735632183908053,0.060664112388250334,0.10280970625798215,0.030012771392081743,0.04150702426564496,0.04022988505747127,0.03256704980842912
402,0.030361757105943153,0.09366925064599484,0.04844961240310078,0.03165374677002584,0.07170542635658915,0.08333333333333333,0.05749354005167959,0.03811369509043928,0.04198966408268734,0.044573643410852716,0.0458656330749354,0.029069767441860465,0.047157622739018086,0.030361757105943153,0.03682170542635659,0.04198966408268734,0.030361757105943153,0.040697674418604654,0.10529715762273902,0.05103359173126615
403,0.03431372549019608,0.0920479302832244,0.02559912854030501,0.041938997821350764,0.026688453159041396,0.03431372549019608,0.04084967320261438,0.0528322440087146,0.046296296296296294,0.05392156862745098,0.029956427015250545,0.08115468409586056,0.1661220043572985,0.05501089324618736,0.049564270152505446,0.027777777777777776,0.039760348583877995,0.03867102396514161,0.026688453159041396,0.03649237472766884
404,0.10953878406708595,0.027777777777777776,0.029874213836477988,0.05188679245283019,0.08542976939203355,0.10324947589098532,0.02358490566037736,0.04769392033542977,0.03511530398322851,0.037211740041928724,0.05922431865828092,0.04769392033542977,0.0770440251572327,0.026729559748427674,0.04140461215932914,0.03511530398322851,0.04245283018867924,0.03930817610062893,0.04035639412997904,0.03930817610062893
405,0.05868544600938967,0.10093896713615023,0.07746478873239436,0.03834115805946792,0.07120500782472614,0.03990610328638498,0.03834115805946792,0.035211267605633804,0.03834115805946792,0.04929577464788732,0.035211267605633804,0.04303599374021909,0.05086071987480438,0.05555555555555555,0.04773082942097027,0.03990610328638498,0.03990610328638498,0.04929577464788732,0.041471048513302036,0.04929577464788732
406,0.08751902587519027,0.04033485540334856,0.04946727549467276,0.03424657534246576,0.03424657534246576,0.03729071537290716,0.04794520547945206,0.05707762557077626,0.03881278538812786,0.05403348554033486,0.06012176560121766,0.05859969558599696,0.04794520547945206,0.04033485540334856,0.07838660578386607,0.05098934550989346,0.04033485540334856,0.05251141552511416,0.03424657534246576,0.05555555555555556
407,0.046296296296296294,0.07336182336182336,0.1047008547008547,0.03205128205128205,0.04344729344729345,0.03774928774928775,0.04487179487179487,0.03205128205128205,0.07051282051282051,0.051994301994301995,0.04772079772079772,0.03774928774928775,0.04487179487179487,0.06196581196581197,0.03347578347578348,0.03774928774928775,0.057692307692307696,0.04487179487179487,0.06054131054131054,0.03632478632478633
408,0.13324299909665765,0.027551942186088533,0.0934959349593496,0.055555555555555566,0.046522131887985554,0.02393857271906053,0.049232158988256565,0.0835591689250226,0.05284552845528457,0.04742547425474256,0.025745257452574534,0.021228545618789525,0.07542908762420959,0.050135501355013566,0.04200542005420055,0.03297199638663054,0.031165311653116538,0.026648599819331535,0.02393857271906053,0.05736224028906957
409,0.08072334079045487,0.12844891871737507,0.02404921700223713,0.060216256524981346,0.028896346010439965,0.06469052945563011,0.026659209545115577,0.06282624906785979,0.03187919463087248,0.09340044742729305,0.04045488441461595,0.014354958985831466,0.037472035794183435,0.0326249067859806,0.07028337061894108,0.02479492915734526,0.05984340044742728,0.041573452647278145,0.03225205070842654,0.04455630126771066
410,0.05840455840455839,0.05460588793922126,0.07834757834757833,0.032763532763532756,0.07075023741690407,0.07929724596391262,0.035612535612535606,0.03941120607787274,0.05365622032288698,0.04320987654320987,0.02326685660018993,0.03086419753086419,0.021367521367521364,0.03371320037986704,0.07549857549857548,0.047008547008546994,0.03086419753086419,0.06220322886989552,0.0859449192782526,0.04320987654320987
411,0.03374870197300105,0.06905503634475599,0.0659397715472482,0.15732087227414332,0.049325025960539996,0.02440290758047768,0.03478712357217031,0.029595015576323994,0.023364485981308414,0.05036344755970926,0.09397715472481831,0.023364485981308414,0.04724818276220147,0.029595015576323994,0.02440290758047768,0.04309449636552441,0.06386292834890966,0.04724818276220147,0.042056074766355145,0.04724818276220147
412,0.1204954954954955,0.024399399399399398,0.022147147147147148,0.0259009009009009,0.028153153153153154,0.10097597597597598,0.019144144144144143,0.04391891891891892,0.02665165165165165,0.049174174174174176,0.0777027027027027,0.17454954954954954,0.04316816816816817,0.031156156156156155,0.031156156156156155,0.05518018018018018,0.02515015015015015,0.02364864864864865,0.05292792792792793,0.024399399399399398
413,0.06704980842911876,0.033844189016602806,0.03128991060025542,0.033844189016602806,0.033844189016602806,0.04406130268199233,0.02873563218390804,0.03767560664112388,0.04022988505747126,0.036398467432950186,0.045338441890166024,0.08237547892720305,0.04150702426564495,0.07343550446998721,0.08492975734355043,0.1436781609195402,0.035121328224776496,0.03128991060025542,0.03256704980842911,0.04278416347381864
414,0.09930008748906388,0.04593175853018373,0.02055993000874891,0.059930008748906395,0.02755905511811024,0.03718285214348207,0.06430446194225724,0.05293088363954506,0.022309711286089242,0.030183727034120738,0.09492563429571305,0.03280839895013124,0.06430446194225724,0.04855643044619423,0.03543307086614174,0.021434820647419077,0.02055993000874891,0.025809273840769906,0.10367454068241472,0.09230096237970255
415,0.05331541218637991,0.11872759856630821,0.08019713261648743,0.021057347670250894,0.05600358422939067,0.022849462365591395,0.027329749103942647,0.029121863799283148,0.18055555555555552,0.021953405017921142,0.025537634408602145,0.027329749103942647,0.021057347670250894,0.04973118279569891,0.021953405017921142,0.07392473118279569,0.02016129032258064,0.04525089605734766,0.07840501792114694,0.025537634408602145
416,0.09294871794871795,0.032407407407407406,0.06018518518518518,0.030982905982905984,0.04522792022792023,0.019586894586894586,0.04024216524216524,0.059472934472934474,0.028133903133903133,0.11645299145299146,0.08725071225071225,0.026709401709401708,0.03027065527065527,0.024572649572649572,0.04309116809116809,0.10861823361823361,0.05591168091168091,0.024572649572649572,0.05163817663817664,0.021723646723646725
417,0.04391534391534392,0.03862433862433863,0.11481481481481483,0.029100529100529102,0.03862433862433863,0.029100529100529102,0.05978835978835979,0.05555555555555556,0.04391534391534392,0.08201058201058202,0.03227513227513228,0.03227513227513228,0.03227513227513228,0.02698412698412699,0.03862433862433863,0.03968253968253969,0.028042328042328046,0.09788359788359789,0.06825396825396826,0.06825396825396826
418,0.03398058252427185,0.027508090614886734,0.02858683926645092,0.02642934196332255,0.03613807982740022,0.025350593311758363,0.03182308522114348,0.024271844660194178,0.08036677454153184,0.06202804746494068,0.03937432578209278,0.046925566343042076,0.04368932038834952,0.02858683926645092,0.12459546925566345,0.07497303128371091,0.09223300970873788,0.06310679611650487,0.044768069039913705,0.06526429341963325
419,0.05824372759856632,0.09408602150537636,0.07974910394265235,0.0439068100358423,0.045698924731182804,0.040322580645161296,0.040322580645161296,0.05645161290322581,0.040322580645161296,0.040322580645161296,0.0421146953405018,0.040322580645161296,0.040322580645161296,0.040322580645161296,0.040322580645161296,0.05645161290322581,0.0421146953405018,0.06541218637992834,0.040322580645161296,0.05286738351254481
420,0.05178326474622771,0.033950617283950615,0.029835390946502057,0.05864197530864197,0.025034293552812073,0.03806584362139918,0.09499314128943759,0.029835390946502057,0.01748971193415638,0.031207133058984912,0.06481481481481481,0.05521262002743484,0.07441700960219479,0.07578875171467764,0.10253772290809328,0.07716049382716049,0.030521262002743483,0.04355281207133059,0.0360082304526749,0.02914951989026063
421,0.035903250188964474,0.13340891912320485,0.09788359788359788,0.048752834467120185,0.04195011337868481,0.022297808012093728,0.03212396069538927,0.07218442932728647,0.05026455026455026,0.07142857142857142,0.03212396069538927,0.04421768707482993,0.08049886621315193,0.0200302343159486,0.025321239606953892,0.032879818594104306,0.021541950113378686,0.035903250188964474,0.07747543461829176,0.023809523809523808
422,0.0564236111111111,0.04427083333333333,0.08940972222222221,0.03906249999999999,0.06510416666666666,0.04947916666666665,0.03906249999999999,0.03906249999999999,0.04253472222222222,0.03906249999999999,0.03906249999999999,0.03906249999999999,0.03906249999999999,0.07899305555555554,0.04947916666666665,0.04427083333333333,0.04427083333333333,0.040798611111111105,0.08246527777777776,0.03906249999999999
423,0.0231128074639525,0.016327396098388465,0.019720101781170483,0.052798982188295165,0.0320186598812553,0.16136556403731978,0.05152671755725191,0.01166242578456319,0.01929601357082273,0.016327396098388465,0.016327396098388465,0.0417726887192536,0.06340118744698897,0.21480067854113655,0.016751484308736218,0.050678541136556406,0.016327396098388465,0.07273112807463952,0.07994062765055132,0.0231128074639525
424,0.03316106804478898,0.0925925925925926,0.059000861326442736,0.0314384151593454,0.02713178294573644,0.020241171403962106,0.04608096468561586,0.034883720930232565,0.03229974160206719,0.027993109388458233,0.07795004306632215,0.059000861326442736,0.09689922480620158,0.03402239448751077,0.03402239448751077,0.03574504737295436,0.030577088716623606,0.029715762273901814,0.12015503875968996,0.07708871662360035
425,0.04797979797979796,0.022727272727272724,0.033838383838383834,0.033838383838383834,0.04494949494949494,0.061111111111111095,0.18939393939393934,0.03787878787878787,0.02676767676767676,0.04797979797979796,0.02777777777777777,0.02373737373737373,0.04696969696969695,0.033838383838383834,0.02676767676767676,0.04696969696969695,0.12777777777777774,0.02676767676767676,0.04292929292929292,0.04999999999999999
426,0.04398148148148149,0.05015432098765433,0.03935185185185186,0.03780864197530865,0.03780864197530865,0.03472222222222223,0.08873456790123459,0.07021604938271607,0.03472222222222223,0.04706790123456791,0.06250000000000001,0.10262345679012347,0.03472222222222223,0.03780864197530865,0.07638888888888891,0.03935185185185186,0.03935185185185186,0.03935185185185186,0.04089506172839507,0.04243827160493828
427,0.046754675467546754,0.035753575357535754,0.043454345434543455,0.06435643564356436,0.034653465346534656,0.07535753575357536,0.06215621562156216,0.05115511551155116,0.041254125412541254,0.028052805280528052,0.08745874587458746,0.048954895489548955,0.06105610561056106,0.03355335533553355,0.024752475247524754,0.02695269526952695,0.13806380638063806,0.040154015401540157,0.029152915291529153,0.02695269526952695
428,0.02424800491098833,0.27777777777777773,0.016267648864333944,0.040822590546347445,0.03345610804174339,0.07274401473296499,0.01688152240638428,0.02977286678944137,0.04880294659300183,0.02240638428483732,0.024861878453038666,0.05678330263965622,0.05064456721915284,0.04818907305095149,0.04450583179864947,0.015039901780233268,0.07274401473296499,0.04818907305095149,0.02608962553713934,0.02977286678944137
429,0.05555555555555555,0.03182308522114347,0.0296655879180151,0.028586839266450916,0.04800431499460626,0.05771305285868392,0.06850053937432578,0.11596548004314995,0.0296655879180151,0.036138079827400214,0.0372168284789644,0.03290183387270766,0.06094929881337648,0.040453074433656956,0.024271844660194174,0.036138079827400214,0.1256742179072276,0.02750809061488673,0.043689320388349516,0.06957928802588997
430,0.05637254901960785,0.07761437908496734,0.05147058823529412,0.03676470588235295,0.05637254901960785,0.07271241830065361,0.03676470588235295,0.03676470588235295,0.048202614379084976,0.05147058823529412,0.040032679738562095,0.03676470588235295,0.03676470588235295,0.044934640522875824,0.03676470588235295,0.05147058823529412,0.04166666666666667,0.04166666666666667,0.09395424836601309,0.05147058823529412
431,0.08852258852258853,0.038461538461538464,0.038461538461538464,0.06776556776556776,0.038461538461538464,0.038461538461538464,0.03968253968253968,0.043345543345543344,0.031135531135531136,0.0995115995115995,0.0347985347985348,0.031135531135531136,0.0641025641025641,0.029914529914529916,0.05555555555555555,0.04700854700854701,0.038461538461538464,0.0347985347985348,0.03968253968253968,0.10073260073260074
432,0.10360360360360363,0.02352352352352353,0.07057057057057059,0.07457457457457459,0.039539539539539544,0.04054054054054055,0.022522522522522525,0.05955955955955957,0.05155155155155156,0.07957957957957959,0.038538538538538544,0.022522522522522525,0.04654654654654655,0.027527527527527535,0.10260260260260264,0.06856856856856858,0.04554554554554555,0.02352352352352353,0.025525525525525533,0.03353353353353354
433,0.07624113475177305,0.027777777777777776,0.08569739952718676,0.028959810874704492,0.03486997635933806,0.040780141843971635,0.026595744680851064,0.03368794326241135,0.028959810874704492,0.03723404255319149,0.04196217494089834,0.12825059101654845,0.03605200945626478,0.03959810874704492,0.04905437352245863,0.031323877068557916,0.08569739952718676,0.07624113475177305,0.06205673758865248,0.028959810874704492
434,0.044802867383512544,0.034050179211469536,0.05436081242532855,0.1081242532855436,0.028076463560334528,0.047192353643966546,0.11409796893667862,0.032855436081242535,0.03763440860215054,0.026881720430107527,0.04241338112305854,0.045997610513739545,0.04838709677419355,0.05555555555555555,0.03046594982078853,0.04121863799283154,0.03524492234169654,0.047192353643966546,0.07706093189964158,0.04838709677419355
435,0.10146198830409354,0.013742690058479529,0.030701754385964904,0.30380116959064324,0.04766081871345028,0.016666666666666663,0.030701754385964904,0.02309941520467836,0.021929824561403504,0.014912280701754382,0.02251461988304093,0.02602339181286549,0.04999999999999999,0.028362573099415197,0.1441520467836257,0.02602339181286549,0.014912280701754382,0.03888888888888888,0.014327485380116956,0.03011695906432748
436,0.03467000835421887,0.04051796157059314,0.06474519632414368,0.01963241436925647,0.027986633249791136,0.031328320802005004,0.021303258145363404,0.06474519632414368,0.08813700918964075,0.08730158730158728,0.02965747702589807,0.07059314954051794,0.033834586466165405,0.06725146198830408,0.058897243107769406,0.038847117794486206,0.05054302422723474,0.05304928989139514,0.09064327485380115,0.026315789473684202
437,0.06382428940568476,0.017829457364341085,0.03488372093023256,0.025064599483204133,0.04935400516795865,0.040051679586563305,0.03229974160206718,0.020930232558139535,0.08811369509043927,0.020930232558139535,0.025064599483204133,0.06434108527131784,0.028165374677002582,0.18630490956072351,0.04573643410852713,0.026098191214470285,0.026098191214470285,0.1186046511627907,0.037467700258397935,0.04883720930232558
438,0.03586497890295359,0.08227848101265824,0.06258790436005628,0.03586497890295359,0.03445850914205345,0.059774964838255985,0.04571026722925458,0.04008438818565402,0.03445850914205345,0.06540084388185656,0.06258790436005628,0.048523206751054856,0.04430379746835444,0.033052039381153316,0.03445850914205345,0.05133614627285514,0.033052039381153316,0.06821378340365683,0.0879043600562588,0.04008438818565402
439,0.05678104575163397,0.04452614379084967,0.033905228758169925,0.022467320261437905,0.043709150326797376,0.03635620915032679,0.02573529411764705,0.0355392156862745,0.029003267973856203,0.05106209150326796,0.07066993464052286,0.030637254901960776,0.07883986928104574,0.04942810457516338,0.10906862745098037,0.043709150326797376,0.05678104575163397,0.0355392156862745,0.04942810457516338,0.09681372549019605
440,0.06732580037664784,0.05414312617702449,0.03060263653483993,0.06920903954802261,0.03060263653483993,0.040960451977401134,0.061676082862523546,0.040960451977401134,0.05979284369114878,0.029661016949152547,0.042843691148775905,0.040018832391713756,0.04190207156308852,0.05508474576271187,0.11064030131826744,0.07956685499058382,0.02777777777777778,0.03342749529190208,0.05790960451977402,0.025894538606403016
441,0.07837301587301587,0.13988095238095238,0.04728835978835979,0.016203703703703703,0.03207671957671958,0.0248015873015873,0.030753968253968252,0.044642857142857144,0.14781746031746032,0.06514550264550265,0.02414021164021164,0.018187830687830687,0.05125661375661376,0.036044973544973546,0.03207671957671958,0.04398148148148148,0.03406084656084656,0.04927248677248677,0.02943121693121693,0.054563492063492064
442,0.09183673469387756,0.0563114134542706,0.03741496598639456,0.0782312925170068,0.035903250188964474,0.020786092214663644,0.02456538170823885,0.09259259259259259,0.02985638699924414,0.03363567649281935,0.04950869236583522,0.020786092214663644,0.03741496598639456,0.06311413454270597,0.035903250188964474,0.04421768707482993,0.05782312925170068,0.08956916099773243,0.04950869236583522,0.05102040816326531
443,0.12348604528699315,0.018694049499736704,0.04186413902053712,0.02553975776724592,0.02238020010531859,0.018694049499736704,0.24723538704581358,0.03291205897840969,0.016587677725118485,0.058715113217482885,0.04976303317535545,0.02132701421800948,0.04133754607688257,0.0982095839915745,0.013954713006845709,0.08399157451290153,0.03607161664033702,0.015007898894154818,0.018694049499736704,0.015534491837809373
444,0.03649237472766885,0.037581699346405234,0.025599128540305018,0.045206971677559916,0.050653594771241844,0.06917211328976036,0.03213507625272332,0.055010893246187374,0.06263616557734206,0.045206971677559916,0.0462962962962963,0.03431372549019609,0.028867102396514167,0.0462962962962963,0.1998910675381264,0.03431372549019609,0.039760348583878,0.043028322440087155,0.035403050108932466,0.03213507625272332
445,0.022259013980868287,0.0369757174392936,0.00974981604120677,0.01894775570272259,0.022259013980868287,0.030353200883002206,0.01894775570272259,0.010853568800588667,0.46559970566593084,0.011221486387049302,0.046173657100809416,0.03072111846946284,0.02262693156732892,0.0336644591611479,0.02152317880794702,0.05684326710816777,0.034400294334069166,0.018211920529801324,0.052428256070640174,0.036239882266372335
446,0.03632478632478633,0.046296296296296294,0.04344729344729345,0.13176638176638178,0.03205128205128205,0.10185185185185185,0.03205128205128205,0.03205128205128205,0.0349002849002849,0.03205128205128205,0.03205128205128205,0.07336182336182336,0.05626780626780627,0.07051282051282051,0.04487179487179487,0.0349002849002849,0.04202279202279202,0.03917378917378917,0.03774928774928775,0.046296296296296294
447,0.042929292929292935,0.04966329966329967,0.03787878787878789,0.06986531986531988,0.04124579124579125,0.06818181818181819,0.056397306397306404,0.06144781144781145,0.04797979797979798,0.056397306397306404,0.04797979797979798,0.06818181818181819,0.03787878787878789,0.04966329966329967,0.04461279461279462,0.03956228956228957,0.04966329966329967,0.03787878787878789,0.05471380471380472,0.03787878787878789
448,0.03745791245791247,0.043350168350168354,0.0702861952861953,0.02314814814814815,0.03577441077441078,0.034090909090909095,0.021464646464646468,0.04671717171717173,0.038299663299663306,0.025673400673400678,0.03240740740740741,0.030723905723905726,0.03914141414141415,0.030723905723905726,0.058501683501683506,0.25378787878787884,0.03577441077441078,0.05345117845117846,0.025673400673400678,0.06355218855218857
449,0.025362318840579712,0.035829307568438,0.025362318840579712,0.04066022544283414,0.030998389694041867,0.11634460547504026,0.0430756843800322,0.03180354267310789,0.023752012882447666,0.07528180354267311,0.038244766505636074,0.030998389694041867,0.04146537842190016,0.11714975845410629,0.1316425120772947,0.04710144927536232,0.023752012882447666,0.030998389694041867,0.02938808373590982,0.0607890499194847
450,0.0448559670781893,0.02263374485596708,0.03497942386831276,0.02757201646090535,0.06954732510288066,0.056378600823045265,0.03662551440329218,0.02345679012345679,0.02345679012345679,0.04238683127572016,0.05226337448559671,0.04238683127572016,0.029218106995884775,0.02263374485596708,0.09423868312757201,0.08024691358024691,0.07037037037037037,0.04567901234567901,0.03580246913580247,0.14526748971193415
451,0.07647058823529412,0.042483660130718956,0.08954248366013072,0.04379084967320261,0.0542483660130719,0.029411764705882353,0.05947712418300653,0.034640522875816995,0.04771241830065359,0.03071895424836601,0.06339869281045751,0.05947712418300653,0.03202614379084967,0.03071895424836601,0.03071895424836601,0.029411764705882353,0.04771241830065359,0.1,0.042483660130718956,0.05555555555555555
452,0.05744949494949495,0.09659090909090909,0.03345959595959596,0.037247474747474744,0.07765151515151515,0.041035353535353536,0.029671717171717172,0.028409090909090908,0.041035353535353536,0.037247474747474744,0.0422979797979798,0.06881313131313131,0.028409090909090908,0.049873737373737376,0.052398989898989896,0.05618686868686869,0.0422979797979798,0.04734848484848485,0.08396464646464646,0.04861111111111111
453,0.044256120527306965,0.04990583804143126,0.0800376647834275,0.044256120527306965,0.0480225988700565,0.0423728813559322,0.046139359698681735,0.05743879472693032,0.0423728813559322,0.046139359698681735,0.05555555555555555,0.0423728813559322,0.044256120527306965,0.04990583804143126,0.044256120527306965,0.06497175141242938,0.0423728813559322,0.046139359698681735,0.06308851224105462,0.046139359698681735
454,0.03390522875816993,0.030637254901960783,0.06331699346405228,0.11070261437908496,0.03799019607843137,0.03145424836601307,0.14338235294117646,0.0298202614379085,0.027369281045751634,0.06495098039215687,0.05923202614379085,0.0559640522875817,0.0428921568627451,0.026552287581699346,0.020016339869281044,0.020833333333333332,0.1017156862745098,0.0298202614379085,0.02165032679738562,0.04779411764705882
455,0.09540553211439289,0.030707923112986407,0.05555555555555556,0.03258321612751993,0.022737927801218943,0.041490857946554154,0.09118612283169246,0.060243788091889364,0.06727613689639007,0.014299109235818099,0.04617909048288796,0.0714955461790905,0.025082044069385846,0.023206751054852325,0.034927332395686836,0.018987341772151903,0.057899671823722465,0.08837318330989219,0.09587435536802627,0.026488513830285984
456,0.03289473684210527,0.060672514619883045,0.05921052631578948,0.04605263157894737,0.07967836257309943,0.050438596491228074,0.03289473684210527,0.03289473684210527,0.10160818713450294,0.03289473684210527,0.040204678362573104,0.04751461988304094,0.03874269005847954,0.04897660818713451,0.03289473684210527,0.06505847953216376,0.03728070175438597,0.0358187134502924,0.08698830409356727,0.03728070175438597
457,0.023204607046070462,0.021510840108401083,0.019817073170731708,0.02015582655826558,0.023204607046070462,0.3155487804878049,0.02523712737127371,0.017784552845528455,0.0377710027100271,0.041497289972899726,0.014735772357723578,0.10992547425474254,0.07063008130081301,0.0391260162601626,0.009315718157181572,0.0377710027100271,0.03539972899728997,0.030995934959349592,0.034722222222222224,0.07164634146341463
458,0.03148148148148148,0.04111111111111111,0.02925925925925926,0.38555555555555554,0.02925925925925926,0.05148148148148148,0.025555555555555557,0.06037037037037037,0.023333333333333334,0.027777777777777776,0.02851851851851852,0.016666666666666666,0.01814814814814815,0.02259259259259259,0.02185185185185185,0.05296296296296296,0.03222222222222222,0.01814814814814815,0.05148148148148148,0.03222222222222222
459,0.05478395061728394,0.0486111111111111,0.040895061728395056,0.03472222222222222,0.039351851851851846,0.039351851851851846,0.043981481481481476,0.043981481481481476,0.060956790123456776,0.05169753086419752,0.037808641975308636,0.06867283950617283,0.05015432098765431,0.043981481481481476,0.12577160493827158,0.03626543209876543,0.0486111111111111,0.0486111111111111,0.03626543209876543,0.045524691358024685
460,0.03035509736540665,0.02806414662084766,0.02806414662084766,0.075028636884307,0.03379152348224514,0.050973654066437585,0.032646048109965645,0.07846506300114549,0.02806414662084766,0.11741122565864837,0.07846506300114549,0.053264604810996576,0.03608247422680413,0.03608247422680413,0.037227949599083626,0.06357388316151204,0.034936998854524635,0.040664375715922116,0.044100801832760606,0.07273768613974801
461,0.0406301824212272,0.03731343283582089,0.0406301824212272,0.03731343283582089,0.04228855721393035,0.03731343283582089,0.09038142620232173,0.12686567164179105,0.04228855721393035,0.0538971807628524,0.03897180762852405,0.06218905472636816,0.05223880597014925,0.06550580431177445,0.03897180762852405,0.03731343283582089,0.03731343283582089,0.04228855721393035,0.03897180762852405,0.03731343283582089
462,0.0373015873015873,0.05476190476190476,0.0373015873015873,0.03888888888888889,0.046825396825396826,0.08174603174603175,0.03571428571428571,0.0880952380952381,0.0373015873015873,0.07063492063492063,0.03571428571428571,0.04047619047619048,0.09285714285714286,0.03571428571428571,0.048412698412698414,0.0373015873015873,0.05,0.03571428571428571,0.05634920634920635,0.03888888888888889
463,0.0891812865497076,0.02387914230019493,0.059941520467836254,0.02290448343079922,0.06871345029239766,0.04337231968810916,0.025828460038986353,0.04434697855750487,0.06481481481481481,0.03070175438596491,0.033625730994152045,0.039473684210526314,0.032651072124756333,0.06968810916179337,0.04532163742690058,0.05019493177387914,0.0384990253411306,0.032651072124756333,0.08333333333333333,0.10087719298245613
464,0.030246913580246913,0.029012345679012345,0.053703703703703705,0.05123456790123457,0.033950617283950615,0.040123456790123455,0.027777777777777776,0.046296296296296294,0.07716049382716049,0.06481481481481481,0.047530864197530866,0.05246913580246913,0.03518518518518519,0.040123456790123455,0.05,0.10925925925925926,0.04876543209876543,0.08209876543209876,0.030246913580246913,0.05
465,0.029411764705882356,0.056149732620320865,0.016934046345811055,0.04901960784313726,0.13042186571598338,0.12091503267973858,0.044860368389780164,0.09714795008912658,0.03475935828877006,0.06625074272133097,0.03297682709447416,0.03594771241830066,0.017528223410576357,0.018122400475341655,0.03654188948306596,0.030005941770647658,0.08467023172905527,0.030005941770647658,0.021093285799168155,0.04723707664884136
466,0.021982414068745005,0.10591526778577139,0.021183053557154278,0.09152677857713828,0.03157474020783373,0.021183053557154278,0.06354916067146282,0.021183053557154278,0.01958433253397282,0.02597921662669864,0.06115107913669065,0.09792166266986412,0.061950439648281376,0.043565147881694646,0.033972821742605915,0.03237410071942446,0.05875299760191847,0.021183053557154278,0.11390887290167866,0.05155875299760192
467,0.02916666666666666,0.05787037037037036,0.02731481481481481,0.05324074074074073,0.039351851851851846,0.021759259259259256,0.021759259259259256,0.04212962962962962,0.04675925925925925,0.13009259259259257,0.022685185185185183,0.06527777777777777,0.04583333333333332,0.039351851851851846,0.06898148148148146,0.0662037037037037,0.1134259259259259,0.041203703703703694,0.03749999999999999,0.030092592592592584
468,0.03895274584929758,0.03128991060025543,0.04278416347381865,0.051724137931034496,0.03256704980842912,0.061941251596424024,0.10664112388250321,0.0657726692209451,0.053001277139208186,0.07471264367816094,0.03895274584929758,0.050446998722860806,0.03128991060025543,0.030012771392081743,0.03256704980842912,0.058109833971902954,0.07343550446998724,0.0363984674329502,0.050446998722860806,0.03895274584929758
469,0.04054054054054055,0.06056056056056057,0.11861861861861864,0.036536536536536546,0.03553553553553554,0.07657657657657659,0.030530530530530533,0.03253253253253254,0.05555555555555556,0.050550550550550556,0.03353353353353354,0.0875875875875876,0.037537537537537545,0.04954954954954956,0.02552552552552553,0.023523523523523528,0.04354354354354355,0.04554554554554555,0.09159159159159161,0.024524524524524527
470,0.0452462772050401,0.06357388316151204,0.03608247422680413,0.06701030927835053,0.03379152348224514,0.030355097365406647,0.037227949599083626,0.028064146620847656,0.12772050400916382,0.025773195876288662,0.07846506300114549,0.046391752577319596,0.06357388316151204,0.06128293241695304,0.03951890034364262,0.040664375715922116,0.03951890034364262,0.034936998854524635,0.075028636884307,0.025773195876288662
471,0.07271241830065361,0.06617647058823531,0.08415032679738564,0.038398692810457526,0.040032679738562095,0.053104575163398705,0.0465686274509804,0.03676470588235295,0.038398692810457526,0.0465686274509804,0.04330065359477125,0.04166666666666667,0.03676470588235295,0.044934640522875824,0.058006535947712434,0.038398692810457526,0.05637254901960786,0.03676470588235295,0.07271241830065361,0.04820261437908498
472,0.040476190476190485,0.042063492063492074,0.03571428571428572,0.038888888888888896,0.040476190476190485,0.03571428571428572,0.05000000000000001,0.03571428571428572,0.038888888888888896,0.03571428571428572,0.05000000000000001,0.203968253968254,0.03571428571428572,0.04841269841269842,0.04682539682539683,0.03571428571428572,0.04682539682539683,0.03730158730158731,0.05158730158730159,0.05000000000000001
473,0.03774385072094996,0.020780322307039866,0.030110262934690418,0.030110262934690418,0.04792196776929602,0.04961832061068703,0.07082273112807465,0.22264631043257,0.027565733672603905,0.06403731976251062,0.04028837998303648,0.0623409669211196,0.03180661577608143,0.01908396946564886,0.023324851569126382,0.08948261238337575,0.03604749787955896,0.04707379134860051,0.02162849872773537,0.027565733672603905
474,0.05086071987480439,0.039906103286384983,0.05086071987480439,0.03677621283255087,0.038341158059467924,0.03521126760563381,0.044600938967136156,0.039906103286384983,0.039906103286384983,0.05868544600938968,0.03521126760563381,0.0696400625978091,0.05555555555555556,0.046165884194053215,0.10406885758998437,0.03677621283255087,0.07433489827856027,0.05242566510172145,0.047730829420970275,0.043035993740219096
475,0.06794294294294295,0.0716966966966967,0.028903903903903908,0.022897897897897902,0.028153153153153157,0.040915915915915924,0.040915915915915924,0.09346846846846849,0.028153153153153157,0.025900900900900903,0.046921921921921926,0.0626876876876877,0.08445945945945947,0.05142642642642643,0.05818318318318319,0.03566066066066067,0.026651651651651655,0.043168168168168174,0.10322822822822825,0.038663663663663674
476,0.07547892720306514,0.02413793103448276,0.02413793103448276,0.03103448275862069,0.04099616858237548,0.12145593869731801,0.04636015325670498,0.01800766283524904,0.027203065134099615,0.021839080459770115,0.07701149425287357,0.04176245210727969,0.027203065134099615,0.09003831417624521,0.01800766283524904,0.027969348659003832,0.02413793103448276,0.1781609195402299,0.01800766283524904,0.06704980842911877
477,0.06,0.03925925925925926,0.04666666666666667,0.03481481481481481,0.04962962962962963,0.061481481481481484,0.03777777777777778,0.040740740740740744,0.0362962962962963,0.04666666666666667,0.06,0.052592592592592594,0.04666666666666667,0.040740740740740744,0.04962962962962963,0.0674074074074074,0.07629629629629629,0.0437037037037037,0.052592592592592594,0.05703703703703704
478,0.04577777777777778,0.026222222222222223,0.09733333333333333,0.03244444444444444,0.04577777777777778,0.026222222222222223,0.03155555555555556,0.07244444444444445,0.08311111111111111,0.050222222222222224,0.05466666666666667,0.020888888888888887,0.02,0.06088888888888889,0.03422222222222222,0.124,0.036,0.07333333333333333,0.029777777777777778,0.035111111111111114
479,0.03852392538523925,0.2923763179237632,0.033657745336577456,0.03203568532035685,0.053122465531224655,0.057177615571776155,0.056366585563665854,0.03446877534468775,0.037712895377128956,0.023114355231143552,0.03446877534468775,0.03203568532035685,0.05068937550689376,0.045823195458231956,0.025547445255474453,0.030413625304136254,0.019059205190592052,0.026358475263584754,0.04339010543390105,0.033657745336577456
480,0.05158730158730159,0.03571428571428572,0.05158730158730159,0.1531746031746032,0.03730158730158731,0.03730158730158731,0.03730158730158731,0.03571428571428572,0.040476190476190485,0.09920634920634921,0.057936507936507946,0.03571428571428572,0.040476190476190485,0.03571428571428572,0.03571428571428572,0.05317460317460318,0.03571428571428572,0.03571428571428572,0.03571428571428572,0.05476190476190477
481,0.030068728522336774,0.042668957617411234,0.04667812142038947,0.03636884306987401,0.015750286368843073,0.06042382588774342,0.051832760595647204,0.09593356242840781,0.20532646048109968,0.024341351660939294,0.026632302405498284,0.03121420389461627,0.02777777777777778,0.05813287514318443,0.02605956471935854,0.04209621993127149,0.03121420389461627,0.058705612829324176,0.07359679266895763,0.015177548682703323
482,0.04202279202279202,0.06623931623931624,0.07336182336182336,0.04772079772079772,0.06766381766381767,0.03205128205128205,0.1103988603988604,0.049145299145299144,0.049145299145299144,0.046296296296296294,0.04344729344729345,0.03205128205128205,0.051994301994301995,0.049145299145299144,0.03205128205128205,0.03917378917378917,0.0349002849002849,0.04202279202279202,0.05911680911680912,0.03205128205128205
483,0.06049382716049383,0.02263374485596708,0.0448559670781893,0.07119341563786008,0.03827160493827161,0.018518518518518517,0.1831275720164609,0.09588477366255144,0.018518518518518517,0.028395061728395062,0.030864197530864196,0.01934156378600823,0.06790123456790123,0.02263374485596708,0.06460905349794238,0.04979423868312757,0.03333333333333333,0.021810699588477367,0.03909465020576132,0.06872427983539095
484,0.037760416666666664,0.021267361111111112,0.05251736111111111,0.14713541666666666,0.08203125,0.10894097222222222,0.025607638888888888,0.031684027777777776,0.039496527777777776,0.02734375,0.023871527777777776,0.02734375,0.07074652777777778,0.029947916666666668,0.06293402777777778,0.031684027777777776,0.05685763888888889,0.031684027777777776,0.048177083333333336,0.04296875
485,0.029513888888888888,0.041087962962962965,0.029513888888888888,0.045717592592592594,0.03993055555555555,0.07233796296296297,0.04918981481481482,0.10127314814814815,0.031828703703703706,0.07349537037037036,0.036458333333333336,0.06539351851851852,0.08622685185185185,0.031828703703703706,0.05960648148148148,0.03877314814814815,0.03761574074074074,0.03993055555555555,0.045717592592592594,0.04456018518518518
486,0.028968253968253962,0.08928571428571427,0.048809523809523796,0.11071428571428568,0.01944444444444444,0.020238095238095236,0.020238095238095236,0.044047619047619044,0.2821428571428571,0.017857142857142853,0.017857142857142853,0.020238095238095236,0.02658730158730158,0.01944444444444444,0.04087301587301587,0.05833333333333332,0.020238095238095236,0.022619047619047615,0.052777777777777764,0.03928571428571428
487,0.03279785809906292,0.03413654618473896,0.050200803212851405,0.030120481927710843,0.06894243641231593,0.07028112449799197,0.03815261044176707,0.06091030789825971,0.03681392235609103,0.05555555555555555,0.05287817938420348,0.06358768406961178,0.051539491298527446,0.04484605087014726,0.04752342704149933,0.04216867469879518,0.03547523427041499,0.048862115127175365,0.06358768406961178,0.07161981258366801
488,0.03925925925925926,0.07481481481481482,0.03333333333333333,0.07185185185185185,0.04666666666666667,0.03481481481481481,0.04962962962962963,0.06,0.03333333333333333,0.05407407407407407,0.05407407407407407,0.0437037037037037,0.05407407407407407,0.03333333333333333,0.03333333333333333,0.03777777777777778,0.04518518518518518,0.08962962962962963,0.040740740740740744,0.07037037037037037
489,0.061996779388083734,0.04106280193236715,0.07809983896940419,0.04750402576489533,0.05555555555555555,0.036231884057971016,0.04106280193236715,0.04428341384863124,0.036231884057971016,0.0571658615136876,0.04106280193236715,0.036231884057971016,0.06038647342995169,0.06843800322061191,0.036231884057971016,0.04106280193236715,0.09098228663446055,0.036231884057971016,0.050724637681159424,0.039452495974235106
490,0.028042328042328042,0.02486772486772487,0.11058201058201059,0.04285714285714286,0.0746031746031746,0.03015873015873016,0.040740740740740744,0.056613756613756616,0.040740740740740744,0.06613756613756613,0.026984126984126985,0.05026455026455026,0.04285714285714286,0.06190476190476191,0.040740740740740744,0.03015873015873016,0.038624338624338624,0.07671957671957672,0.056613756613756616,0.059788359788359786
491,0.02680311890838207,0.12426900584795324,0.04727095516569202,0.035575048732943475,0.08235867446393763,0.030701754385964918,0.10769980506822614,0.04727095516569202,0.051169590643274865,0.042397660818713455,0.057992202729044845,0.02582846003898636,0.036549707602339186,0.04532163742690059,0.04044834307992203,0.022904483430799222,0.02192982456140351,0.07456140350877194,0.04142300194931774,0.0375243664717349
492,0.07877959927140253,0.0314207650273224,0.04872495446265937,0.029599271402550083,0.03961748633879781,0.03597449908925318,0.024134790528233144,0.0250455373406193,0.03415300546448087,0.04781420765027321,0.0250455373406193,0.05054644808743168,0.04508196721311475,0.02140255009107468,0.09699453551912565,0.2108378870673952,0.02140255009107468,0.042349726775956276,0.02595628415300546,0.06511839708561018
493,0.046527777777777786,0.043750000000000004,0.03125000000000001,0.061805555555555565,0.04930555555555556,0.05208333333333334,0.04930555555555556,0.04791666666666668,0.043750000000000004,0.043750000000000004,0.046527777777777786,0.10763888888888891,0.06319444444444446,0.04097222222222223,0.03125000000000001,0.03402777777777778,0.061805555555555565,0.046527777777777786,0.06597222222222224,0.0326388888888889
494,0.049295774647887335,0.050860719874804394,0.03521126760563381,0.0805946791862285,0.03677621283255087,0.052425665101721454,0.03521126760563381,0.04147104851330204,0.07746478873239437,0.03521126760563381,0.046165884194053215,0.03521126760563381,0.055555555555555566,0.03677621283255087,0.03521126760563381,0.053990610328638514,0.09624413145539909,0.03521126760563381,0.053990610328638514,0.057120500782472626
495,0.05908289241622577,0.039682539682539694,0.053791887125220476,0.05555555555555557,0.04850088183421518,0.039682539682539694,0.09435626102292771,0.07848324514991184,0.04320987654320989,0.05731922398589067,0.04320987654320989,0.04144620811287479,0.04320987654320989,0.053791887125220476,0.039682539682539694,0.039682539682539694,0.050264550264550276,0.039682539682539694,0.039682539682539694,0.039682539682539694
496,0.040798611111111105,0.054687499999999986,0.054687499999999986,0.040798611111111105,0.04774305555555554,0.040798611111111105,0.09288194444444443,0.03906249999999999,0.040798611111111105,0.04600694444444444,0.03906249999999999,0.06336805555555554,0.054687499999999986,0.040798611111111105,0.0564236111111111,0.07204861111111109,0.04427083333333333,0.03906249999999999,0.05121527777777776,0.040798611111111105
497,0.037654320987654324,0.05493827160493827,0.09814814814814815,0.046296296296296294,0.03641975308641975,0.030246913580246913,0.046296296296296294,0.040123456790123455,0.03148148148148148,0.03271604938271605,0.06358024691358025,0.03888888888888889,0.03271604938271605,0.04259259259259259,0.09320987654320988,0.10432098765432099,0.04259259259259259,0.05123456790123457,0.03271604938271605,0.043827160493827164
498,0.06545338441890167,0.023946360153256706,0.023946360153256706,0.028416347381864625,0.046296296296296294,0.1152618135376756,0.04118773946360153,0.018837803320561942,0.018199233716475097,0.05332056194125159,0.05076628352490421,0.047573435504469984,0.04948914431673052,0.13505747126436782,0.13441890166028098,0.032247765006385695,0.022030651340996167,0.023946360153256706,0.03033205619412516,0.039272030651340994
499,0.0362962962962963,0.03333333333333333,0.03333333333333333,0.0362962962962963,0.03925925925925926,0.06296296296296296,0.06,0.0437037037037037,0.03777777777777778,0.052592592592592594,0.03333333333333333,0.04814814814814815,0.09851851851851852,0.06,0.03333333333333333,0.03481481481481481,0.14296296296296296,0.042222222222222223,0.03333333333333333,0.03777777777777778
500,0.044061302681992334,0.028735632183908046,0.037675606641123884,0.040229885057471264,0.044061302681992334,0.07088122605363985,0.07215836526181353,0.028735632183908046,0.0491698595146871,0.042784163473818644,0.032567049808429116,0.11047254150702426,0.07982120051085569,0.05044699872286079,0.042784163473818644,0.032567049808429116,0.04789272030651341,0.032567049808429116,0.044061302681992334,0.06832694763729247
501,0.03867791842475387,0.0639943741209564,0.03727144866385373,0.04992967651195499,0.06118143459915612,0.03727144866385373,0.052742616033755275,0.034458509142053444,0.035864978902953586,0.13291139240506328,0.03867791842475387,0.056962025316455694,0.03164556962025317,0.035864978902953586,0.034458509142053444,0.04992967651195499,0.03867791842475387,0.07665260196905767,0.056962025316455694,0.035864978902953586
502,0.029006882989183875,0.0752212389380531,0.03392330383480826,0.037856440511307765,0.02704031465093412,0.0319567354965585,0.030973451327433628,0.030973451327433628,0.045722713864306784,0.034906588003933134,0.037856440511307765,0.034906588003933134,0.051622418879056046,0.04375614552605703,0.1352015732546706,0.15781710914454278,0.022123893805309734,0.03687315634218289,0.0319567354965585,0.07030481809242871
503,0.03205128205128205,0.024114774114774116,0.025946275946275948,0.018009768009768008,0.04242979242979243,0.058302808302808304,0.055860805860805864,0.04731379731379731,0.025946275946275948,0.09432234432234432,0.05280830280830281,0.06135531135531135,0.025335775335775336,0.03144078144078144,0.08577533577533578,0.12606837606837606,0.01984126984126984,0.08699633699633699,0.03144078144078144,0.05463980463980464
504,0.03919563735514656,0.05010224948875256,0.02079072937968644,0.052147239263803685,0.03169734151329244,0.04192229038854806,0.1584867075664622,0.03442399454669394,0.021472392638036814,0.14826175869120659,0.07873210633946831,0.035105657805044314,0.028289025221540563,0.028970688479890937,0.03578732106339469,0.030334014996591687,0.08077709611451944,0.032379004771642815,0.03169734151329244,0.01942740286298569
505,0.0142914653784219,0.07910628019323672,0.02073268921095008,0.0215378421900161,0.02999194847020934,0.23248792270531402,0.019122383252818037,0.017512077294685992,0.017914653784219,0.012681159420289856,0.02999194847020934,0.042874396135265704,0.024355877616747183,0.09520933977455717,0.09883252818035426,0.019524959742351047,0.04367954911433172,0.07588566827697263,0.07185990338164251,0.032407407407407406
506,0.05647382920110194,0.04178145087235997,0.039944903581267226,0.028007346189164374,0.04912764003673095,0.05371900826446282,0.02617079889807163,0.021579430670339763,0.09228650137741048,0.042699724517906344,0.03443526170798899,0.03259871441689624,0.039944903581267226,0.09595959595959597,0.043617998163452715,0.1767676767676768,0.028925619834710748,0.028007346189164374,0.02617079889807163,0.04178145087235997
507,0.04787234042553192,0.026595744680851068,0.08687943262411349,0.05496453900709221,0.1719858156028369,0.05851063829787235,0.026595744680851068,0.043144208037825066,0.03132387706855792,0.030141843971631208,0.043144208037825066,0.0455082742316785,0.033687943262411355,0.037234042553191495,0.026595744680851068,0.037234042553191495,0.04078014184397164,0.06796690307328607,0.05732860520094563,0.03250591016548464
508,0.060439560439560426,0.028693528693528685,0.05433455433455432,0.07387057387057386,0.08730158730158728,0.027472527472527465,0.03846153846153846,0.03601953601953601,0.027472527472527465,0.057997557997557986,0.047008547008546994,0.08608058608058607,0.08974358974358973,0.03601953601953601,0.027472527472527465,0.028693528693528685,0.07387057387057386,0.05189255189255188,0.03235653235653235,0.03479853479853479
509,0.07716049382716049,0.05864197530864197,0.0808641975308642,0.037654320987654324,0.05123456790123457,0.05493827160493827,0.03271604938271605,0.04135802469135803,0.04259259259259259,0.030246913580246913,0.03888888888888889,0.07592592592592592,0.03641975308641975,0.033950617283950615,0.03271604938271605,0.033950617283950615,0.040123456790123455,0.029012345679012345,0.12283950617283951,0.04876543209876543
510,0.03951277480689246,0.020499108734402856,0.025252525252525256,0.10130718954248367,0.017528223410576357,0.04664289958407606,0.04307783719548426,0.06743909685086157,0.03773024361259656,0.12388591800356508,0.03357100415923946,0.17557932263814618,0.016934046345811055,0.03951277480689246,0.05258467023172906,0.044860368389780164,0.018122400475341655,0.024658348187759957,0.015151515151515154,0.056149732620320865
511,0.03305555555555555,0.028055555555555556,0.01361111111111111,0.01861111111111111,0.04638888888888889,0.041944444444444444,0.025833333333333333,0.043611111111111114,0.0325,0.04472222222222222,0.05361111111111111,0.1947222222222222,0.08138888888888889,0.06416666666666666,0.05694444444444444,0.04138888888888889,0.04638888888888889,0.03361111111111111,0.03305555555555555,0.06638888888888889
512,0.045,0.028333333333333332,0.06277777777777778,0.03388888888888889,0.03944444444444444,0.030555555555555555,0.028333333333333332,0.05277777777777778,0.030555555555555555,0.04055555555555555,0.04833333333333333,0.04611111111111111,0.051666666666666666,0.06722222222222222,0.04055555555555555,0.03944444444444444,0.17055555555555554,0.045,0.03388888888888889,0.065
513,0.029444444444444447,0.05722222222222223,0.04611111111111112,0.043888888888888894,0.037222222222222226,0.07500000000000001,0.028333333333333335,0.0338888888888889,0.028333333333333335,0.06722222222222224,0.029444444444444447,0.10833333333333335,0.04944444444444445,0.08611111111111112,0.04166666666666667,0.0638888888888889,0.036111111111111115,0.04277777777777778,0.053888888888888896,0.04166666666666667
514,0.03801169590643275,0.040350877192982464,0.040350877192982464,0.028654970760233926,0.07192982456140352,0.12690058479532165,0.03333333333333334,0.026315789473684216,0.04152046783625732,0.026315789473684216,0.04619883040935673,0.026315789473684216,0.04502923976608188,0.08479532163742691,0.0497076023391813,0.06023391812865499,0.0497076023391813,0.032163742690058485,0.0672514619883041,0.0649122807017544
515,0.043103448275862065,0.043103448275862065,0.09674329501915706,0.043103448275862065,0.054597701149425276,0.0507662835249042,0.07567049808429117,0.043103448275862065,0.043103448275862065,0.043103448275862065,0.04885057471264367,0.043103448275862065,0.0450191570881226,0.05268199233716474,0.043103448275862065,0.0507662835249042,0.04885057471264367,0.043103448275862065,0.0450191570881226,0.043103448275862065
516,0.03960905349794239,0.03446502057613169,0.025205761316872428,0.055041152263374485,0.051954732510288065,0.035493827160493825,0.12705761316872427,0.05401234567901234,0.05298353909465021,0.09927983539094651,0.04681069958847737,0.032407407407407406,0.045781893004115226,0.051954732510288065,0.05298353909465021,0.047839506172839504,0.035493827160493825,0.03343621399176955,0.028292181069958847,0.04989711934156379
517,0.021011396011396014,0.042378917378917386,0.02314814814814815,0.017450142450142453,0.02172364672364673,0.04451566951566952,0.017450142450142453,0.04950142450142451,0.04024216524216525,0.1406695156695157,0.040954415954415964,0.031695156695156705,0.05662393162393163,0.04950142450142451,0.024572649572649576,0.02172364672364673,0.21260683760683763,0.03383190883190884,0.07941595441595443,0.030982905982905987
518,0.04727095516569201,0.06968810916179338,0.08235867446393763,0.06384015594541911,0.0462962962962963,0.026803118908382068,0.08430799220272905,0.0462962962962963,0.0706627680311891,0.042397660818713455,0.0375243664717349,0.02192982456140351,0.050194931773879146,0.024853801169590645,0.022904483430799222,0.05409356725146199,0.03265107212475634,0.024853801169590645,0.0882066276803119,0.0628654970760234
519,0.057504873294346975,0.04580896686159844,0.043859649122807015,0.04580896686159844,0.0594541910331384,0.043859649122807015,0.05555555555555555,0.049707602339181284,0.05165692007797271,0.0594541910331384,0.043859649122807015,0.043859649122807015,0.043859649122807015,0.043859649122807015,0.06140350877192982,0.043859649122807015,0.06920077972709551,0.04580896686159844,0.04775828460038986,0.043859649122807015
520,0.0818490245971162,0.03095843935538592,0.031806615776081425,0.16072943172179813,0.033502968617472435,0.031806615776081425,0.15988125530110264,0.033502968617472435,0.01993214588634436,0.02586938083121289,0.02332485156912638,0.0640373197625106,0.06912637828668362,0.026717557251908396,0.022476675148430873,0.0275657336726039,0.026717557251908396,0.05131467345207803,0.041136556403731976,0.037743850720949955
521,0.06041666666666667,0.06180555555555556,0.06180555555555556,0.03263888888888889,0.052083333333333336,0.03263888888888889,0.034027777777777775,0.06041666666666667,0.03125,0.04236111111111111,0.059027777777777776,0.03125,0.03125,0.04513888888888889,0.03125,0.11597222222222223,0.035416666666666666,0.035416666666666666,0.09097222222222222,0.05486111111111111
522,0.03132387706855792,0.05378250591016549,0.05614657210401892,0.09278959810874705,0.036052009456264786,0.04196217494089835,0.03132387706855792,0.07387706855791963,0.02777777777777778,0.07151300236406621,0.04078014184397164,0.03132387706855792,0.0703309692671395,0.03486997635933807,0.026595744680851068,0.03250591016548464,0.10697399527186763,0.06678486997635935,0.03250591016548464,0.04078014184397164
523,0.07816537467700259,0.034237726098191215,0.043281653746770024,0.047157622739018086,0.040697674418604654,0.029069767441860465,0.040697674418604654,0.07170542635658915,0.0665374677002584,0.030361757105943153,0.07041343669250646,0.029069767441860465,0.040697674418604654,0.0458656330749354,0.029069767441860465,0.07816537467700259,0.040697674418604654,0.06524547803617571,0.06266149870801034,0.0562015503875969
524,0.07291666666666667,0.03125,0.06180555555555556,0.035416666666666666,0.03263888888888889,0.04513888888888889,0.08680555555555555,0.06875,0.03263888888888889,0.05347222222222222,0.049305555555555554,0.03125,0.04375,0.03263888888888889,0.07847222222222222,0.04375,0.09375,0.03125,0.03125,0.04375
525,0.02987421383647799,0.02987421383647799,0.07285115303983229,0.03721174004192873,0.04454926624737946,0.0969601677148847,0.06236897274633124,0.028825995807127885,0.02568134171907757,0.039308176100628936,0.028825995807127885,0.10639412997903565,0.06551362683438157,0.09171907756813419,0.040356394129979045,0.03406708595387841,0.024633123689727466,0.07285115303983229,0.024633123689727466,0.04350104821802936
526,0.04490106544901066,0.07838660578386607,0.06773211567732117,0.03576864535768646,0.04337899543378996,0.03576864535768646,0.04185692541856926,0.11643835616438357,0.06316590563165907,0.05707762557077626,0.03424657534246576,0.03424657534246576,0.04794520547945206,0.04033485540334856,0.03424657534246576,0.03576864535768646,0.03881278538812786,0.03576864535768646,0.03424657534246576,0.07990867579908677
527,0.04236111111111112,0.08819444444444446,0.08819444444444446,0.03958333333333334,0.036805555555555564,0.0326388888888889,0.0701388888888889,0.03125000000000001,0.06041666666666668,0.03402777777777778,0.03125000000000001,0.03402777777777778,0.045138888888888895,0.07986111111111112,0.03125000000000001,0.04236111111111112,0.03958333333333334,0.04236111111111112,0.09513888888888891,0.03541666666666667
528,0.04807692307692308,0.04237891737891738,0.025997150997150997,0.028133903133903133,0.025997150997150997,0.033831908831908834,0.060897435897435896,0.0438034188034188,0.02101139601139601,0.022435897435897436,0.18767806267806267,0.028846153846153848,0.1527777777777778,0.06588319088319089,0.0202991452991453,0.0316951566951567,0.06018518518518518,0.018162393162393164,0.02101139601139601,0.060897435897435896
529,0.09370370370370372,0.0462962962962963,0.01740740740740741,0.045555555555555564,0.047037037037037044,0.041851851851851855,0.030740740740740746,0.040370370370370376,0.02555555555555556,0.031481481481481485,0.024814814814814817,0.152962962962963,0.02777777777777778,0.1151851851851852,0.03814814814814815,0.01740740740740741,0.06407407407407409,0.028518518518518523,0.06481481481481483,0.0462962962962963
530,0.042114695340501794,0.0528673835125448,0.07258064516129033,0.04032258064516129,0.06182795698924731,0.0456989247311828,0.0492831541218638,0.06362007168458782,0.0456989247311828,0.04032258064516129,0.0492831541218638,0.04032258064516129,0.051075268817204304,0.042114695340501794,0.04032258064516129,0.06362007168458782,0.06899641577060932,0.042114695340501794,0.047491039426523295,0.04032258064516129
531,0.0583756345177665,0.017202481669486746,0.016074450084602367,0.014382402707275803,0.07642413987591652,0.07924421883812746,0.11759729272419628,0.07642413987591652,0.013818386914833615,0.07473209249858996,0.04427523970671179,0.1446700507614213,0.028482797518330515,0.04709531866892273,0.047659334461364916,0.016074450084602367,0.04145516074450085,0.01889452904681331,0.03637901861252115,0.03073886068809927
532,0.028329654157468732,0.04598969830757911,0.053348050036791765,0.023914643119941136,0.03421633554083886,0.08204562178072113,0.04451802796173658,0.07983811626195733,0.03715967623252392,0.08130978660779986,0.030537159676232526,0.1320824135393672,0.06364974245768949,0.02170713760117734,0.030537159676232526,0.037895511405445184,0.01655629139072848,0.0783664459161148,0.040103016924208985,0.037895511405445184
533,0.04142300194931774,0.023879142300194934,0.02875243664717349,0.06091617933723197,0.03167641325536063,0.05116959064327486,0.05896686159844055,0.02777777777777778,0.02777777777777778,0.05409356725146199,0.07456140350877194,0.06871345029239767,0.0375243664717349,0.06578947368421054,0.061890838206627684,0.08625730994152048,0.05409356725146199,0.042397660818713455,0.05409356725146199,0.048245614035087724
534,0.030602636534839918,0.05979284369114876,0.07203389830508473,0.03342749529190207,0.09557438794726927,0.048493408662900174,0.03907721280602636,0.03813559322033898,0.024952919020715624,0.048493408662900174,0.030602636534839918,0.021186440677966097,0.06544256120527306,0.02777777777777777,0.08050847457627117,0.12382297551789075,0.05131826741996232,0.03625235404896421,0.0315442561205273,0.04096045197740112
535,0.1085548738922972,0.06083844580777096,0.026755282890252214,0.044819359236537154,0.03425357873210634,0.024028629856850715,0.12968643490115883,0.01789366053169734,0.08946830265848671,0.09832992501704158,0.03152692569870484,0.057770961145194276,0.059134287661895026,0.01823449216087253,0.08605998636673483,0.011077027948193593,0.025391956373551464,0.022665303340149965,0.03834355828220859,0.015167007498295842
536,0.042483660130718956,0.165359477124183,0.046405228758169936,0.03986928104575163,0.038562091503267976,0.03202614379084967,0.03071895424836601,0.029411764705882353,0.1065359477124183,0.029411764705882353,0.038562091503267976,0.029411764705882353,0.056862745098039215,0.056862745098039215,0.07647058823529412,0.03202614379084967,0.03333333333333333,0.03333333333333333,0.05163398692810457,0.03071895424836601
537,0.038773148148148154,0.06307870370370372,0.03645833333333334,0.03182870370370371,0.07812500000000001,0.03993055555555556,0.02719907407407408,0.03298611111111112,0.05844907407407409,0.04803240740740742,0.038773148148148154,0.12557870370370372,0.04918981481481483,0.03993055555555556,0.05034722222222224,0.0457175925925926,0.046875000000000014,0.03530092592592593,0.08391203703703705,0.029513888888888895
538,0.12212845757149554,0.03727144866385373,0.02086263478668542,0.02180028129395218,0.02461322081575246,0.0189873417721519,0.058368495077355836,0.029301453352086265,0.1826066572902016,0.060712611345522735,0.03492733239568683,0.010548523206751054,0.04242850445382091,0.033989685888420065,0.029770276605719643,0.1352555086732302,0.019456165025785278,0.0213314580403188,0.026019690576652602,0.06962025316455696
539,0.03938640132669984,0.03524046434494196,0.05597014925373136,0.03772802653399669,0.038557213930348264,0.04270315091210614,0.0509950248756219,0.04684908789386402,0.02114427860696518,0.09411276948590384,0.03524046434494196,0.19029850746268662,0.03524046434494196,0.04104477611940299,0.04519071310116087,0.031094527363184087,0.03938640132669984,0.06923714759535657,0.026948590381426208,0.023631840796019907
540,0.029671717171717172,0.09659090909090909,0.054924242424242424,0.04482323232323232,0.032196969696969696,0.028409090909090908,0.04861111111111111,0.07133838383838384,0.032196969696969696,0.09154040404040405,0.03851010101010101,0.05366161616161616,0.030934343434343436,0.028409090909090908,0.028409090909090908,0.06502525252525253,0.046085858585858584,0.0422979797979798,0.0928030303030303,0.043560606060606064
541,0.028911564625850334,0.04931972789115645,0.030045351473922895,0.22845804988662127,0.031179138321995457,0.04138321995464852,0.025510204081632647,0.03684807256235827,0.03344671201814058,0.025510204081632647,0.04818594104308389,0.04818594104308389,0.03344671201814058,0.05158730158730157,0.11394557823129249,0.030045351473922895,0.028911564625850334,0.028911564625850334,0.02777777777777777,0.058390022675736945
542,0.02948717948717948,0.0329059829059829,0.12008547008547006,0.03632478632478632,0.08333333333333331,0.04401709401709401,0.05854700854700853,0.11410256410256407,0.04914529914529913,0.05170940170940169,0.05085470085470084,0.03205128205128204,0.03376068376068375,0.023504273504273497,0.03205128205128204,0.04059829059829059,0.043162393162393155,0.025213675213675207,0.06623931623931623,0.0329059829059829
543,0.03685368536853686,0.04125412541254126,0.03465346534653466,0.07425742574257427,0.029152915291529156,0.025852585258525854,0.026952695269526955,0.04015401540154016,0.03795379537953796,0.07535753575357537,0.03135313531353136,0.1402640264026403,0.06435643564356437,0.04455445544554456,0.029152915291529156,0.04675467546754676,0.06875687568756877,0.03355335533553356,0.07425742574257427,0.04455445544554456
544,0.04032258064516129,0.0528673835125448,0.05824372759856631,0.04032258064516129,0.04032258064516129,0.0456989247311828,0.04032258064516129,0.06003584229390681,0.06003584229390681,0.056451612903225805,0.0492831541218638,0.07258064516129033,0.042114695340501794,0.06899641577060932,0.05465949820788531,0.042114695340501794,0.04032258064516129,0.04032258064516129,0.05465949820788531,0.04032258064516129
545,0.03347578347578348,0.0349002849002849,0.15883190883190884,0.03205128205128205,0.04487179487179487,0.04344729344729345,0.0349002849002849,0.05626780626780627,0.03205128205128205,0.07193732193732194,0.0405982905982906,0.05911680911680912,0.05056980056980057,0.03205128205128205,0.049145299145299144,0.0405982905982906,0.03774928774928775,0.0405982905982906,0.06196581196581197,0.04487179487179487
546,0.05555555555555556,0.036000000000000004,0.02177777777777778,0.037777777777777785,0.06444444444444446,0.02444444444444445,0.031555555555555566,0.09644444444444446,0.03244444444444445,0.03244444444444445,0.06622222222222224,0.09733333333333334,0.08755555555555557,0.04222222222222223,0.07244444444444446,0.044888888888888895,0.03066666666666667,0.02977777777777778,0.06711111111111112,0.02888888888888889
547,0.06292517006802723,0.03571428571428572,0.10827664399092972,0.044784580498866224,0.02664399092970522,0.031179138321995467,0.04138321995464853,0.09580498866213154,0.02664399092970522,0.10827664399092972,0.04024943310657597,0.032312925170068035,0.05385487528344672,0.025510204081632657,0.03911564625850341,0.05158730158730159,0.0640589569160998,0.02664399092970522,0.03458049886621316,0.05045351473922903
548,0.046527777777777786,0.03958333333333334,0.07569444444444445,0.03125000000000001,0.0326388888888889,0.038194444444444454,0.036805555555555564,0.03541666666666667,0.043750000000000004,0.036805555555555564,0.036805555555555564,0.06597222222222224,0.043750000000000004,0.08125000000000002,0.045138888888888895,0.08541666666666668,0.03958333333333334,0.0326388888888889,0.10347222222222223,0.04930555555555556
549,0.032235939643347054,0.03360768175582991,0.05555555555555556,0.0665294924554184,0.04183813443072703,0.032235939643347054,0.06378600823045269,0.04458161865569274,0.039094650205761326,0.04046639231824418,0.03772290809327847,0.05006858710562415,0.04732510288065844,0.0308641975308642,0.12002743484224968,0.036351165980795616,0.12002743484224968,0.0308641975308642,0.04320987654320988,0.03360768175582991
550,0.042568542568542575,0.055555555555555566,0.03968253968253969,0.11183261183261187,0.041125541125541135,0.03246753246753247,0.052669552669552686,0.07864357864357865,0.03823953823953825,0.05122655122655124,0.05122655122655124,0.03246753246753247,0.03823953823953825,0.03246753246753247,0.036796536796536806,0.03391053391053392,0.13059163059163062,0.03246753246753247,0.03246753246753247,0.03535353535353536
551,0.06510416666666667,0.06684027777777778,0.0390625,0.0390625,0.04079861111111111,0.042534722222222224,0.0390625,0.04079861111111111,0.0390625,0.051215277777777776,0.0390625,0.0390625,0.0546875,0.044270833333333336,0.0546875,0.0390625,0.0720486111111111,0.0998263888888889,0.042534722222222224,0.051215277777777776
552,0.04398148148148148,0.034722222222222224,0.036265432098765434,0.04861111111111111,0.0763888888888889,0.034722222222222224,0.036265432098765434,0.03935185185185185,0.034722222222222224,0.034722222222222224,0.0470679012345679,0.034722222222222224,0.05632716049382716,0.036265432098765434,0.11805555555555555,0.036265432098765434,0.14583333333333334,0.036265432098765434,0.034722222222222224,0.034722222222222224
553,0.0373015873015873,0.03571428571428571,0.0373015873015873,0.05,0.03571428571428571,0.03888888888888889,0.0373015873015873,0.04047619047619048,0.05,0.03571428571428571,0.0880952380952381,0.06904761904761905,0.05317460317460317,0.04047619047619048,0.07698412698412699,0.03888888888888889,0.0865079365079365,0.0373015873015873,0.07380952380952381,0.0373015873015873
554,0.034722222222222224,0.034722222222222224,0.07947530864197531,0.08564814814814815,0.04243827160493827,0.05941358024691358,0.034722222222222224,0.04243827160493827,0.05324074074074074,0.036265432098765434,0.03935185185185185,0.05324074074074074,0.034722222222222224,0.06712962962962964,0.036265432098765434,0.04089506172839506,0.03935185185185185,0.04243827160493827,0.09645061728395062,0.0470679012345679
555,0.08944050433412137,0.061071710007880226,0.017730496453900714,0.03585500394011033,0.04609929078014185,0.04137115839243499,0.08707643814026794,0.03585500394011033,0.03033884948778566,0.04137115839243499,0.026398739164696615,0.07840819542947204,0.05713159968479118,0.08786446020488575,0.020094562647754142,0.0421591804570528,0.043735224586288424,0.028762805358550043,0.08865248226950356,0.04058313632781719
556,0.03804347826086957,0.028381642512077296,0.058574879227053143,0.23490338164251207,0.03804347826086957,0.07427536231884058,0.04045893719806763,0.0320048309178744,0.029589371980676328,0.035628019323671496,0.0392512077294686,0.030797101449275364,0.050120772946859904,0.02717391304347826,0.02717391304347826,0.07669082125603864,0.030797101449275364,0.02717391304347826,0.0392512077294686,0.041666666666666664
557,0.04090354090354091,0.07142857142857144,0.03968253968253969,0.05921855921855922,0.03846153846153847,0.028693528693528696,0.10439560439560441,0.044566544566544575,0.032356532356532366,0.05067155067155068,0.03357753357753358,0.032356532356532366,0.03968253968253969,0.03846153846153847,0.04578754578754579,0.027472527472527476,0.03479853479853481,0.08974358974358976,0.11782661782661784,0.02991452991452992
558,0.07430555555555557,0.10625000000000002,0.1090277777777778,0.03541666666666667,0.0326388888888889,0.0326388888888889,0.03541666666666667,0.046527777777777786,0.03402777777777778,0.0326388888888889,0.04236111111111112,0.03125000000000001,0.03125000000000001,0.03541666666666667,0.03541666666666667,0.10625000000000002,0.04236111111111112,0.043750000000000004,0.05902777777777779,0.03402777777777778
559,0.03677621283255088,0.03677621283255088,0.0430359937402191,0.15884194053208142,0.03834115805946793,0.03521126760563382,0.06338028169014087,0.05242566510172146,0.05555555555555557,0.0430359937402191,0.03677621283255088,0.03521126760563382,0.03521126760563382,0.03521126760563382,0.049295774647887335,0.0430359937402191,0.05868544600938969,0.05868544600938969,0.03834115805946793,0.04616588419405322
560,0.04931972789115647,0.0640589569160998,0.057256235827664405,0.02777777777777778,0.030045351473922906,0.07199546485260773,0.03458049886621316,0.025510204081632657,0.032312925170068035,0.0640589569160998,0.06859410430839004,0.045918367346938785,0.032312925170068035,0.07086167800453516,0.1275510204081633,0.057256235827664405,0.02777777777777778,0.031179138321995467,0.028911564625850344,0.05272108843537416
561,0.03815261044176708,0.034136546184738964,0.03145917001338689,0.0890227576974565,0.034136546184738964,0.042168674698795185,0.030120481927710847,0.05555555555555556,0.03145917001338689,0.04886211512717537,0.05823293172690764,0.030120481927710847,0.042168674698795185,0.032797858099062924,0.030120481927710847,0.03681392235609104,0.21218206157965197,0.042168674698795185,0.030120481927710847,0.05020080321285141
562,0.036776212832550864,0.05868544600938967,0.04929577464788732,0.04460093896713615,0.06338028169014084,0.06964006259780908,0.035211267605633804,0.03834115805946792,0.04460093896713615,0.05868544600938967,0.041471048513302036,0.04773082942097027,0.05086071987480438,0.04460093896713615,0.03990610328638498,0.04616588419405321,0.10093896713615023,0.041471048513302036,0.05086071987480438,0.036776212832550864
563,0.0542929292929293,0.06018518518518519,0.02735690235690236,0.13762626262626265,0.043350168350168354,0.020622895622895626,0.10311447811447813,0.02314814814814815,0.019781144781144785,0.019781144781144785,0.02651515151515152,0.14099326599326603,0.06776094276094277,0.018939393939393943,0.042508417508417516,0.029040404040404044,0.05765993265993267,0.03324915824915826,0.04671717171717173,0.02735690235690236
564,0.025993883792048932,0.03414882772680938,0.06065239551478084,0.03414882772680938,0.022935779816513766,0.10448521916411826,0.07696228338430175,0.037206931702344556,0.045361875637105004,0.04943934760448523,0.05963302752293579,0.0361875637104995,0.051478083588175336,0.05555555555555556,0.04638124362895006,0.05963302752293579,0.06269113149847096,0.04026503567787972,0.0688073394495413,0.028032619775739044
565,0.07107843137254903,0.054738562091503275,0.054738562091503275,0.059640522875817004,0.048202614379084976,0.03676470588235295,0.06290849673202616,0.04983660130718955,0.038398692810457526,0.03676470588235295,0.05800653594771243,0.038398692810457526,0.054738562091503275,0.040032679738562095,0.03676470588235295,0.054738562091503275,0.04330065359477125,0.05147058823529412,0.07271241830065361,0.03676470588235295
566,0.02486772486772487,0.08412698412698413,0.17407407407407408,0.032275132275132276,0.08306878306878307,0.06084656084656084,0.03333333333333333,0.043915343915343914,0.023809523809523808,0.04497354497354497,0.031216931216931216,0.028042328042328042,0.040740740740740744,0.023809523809523808,0.03650793650793651,0.0291005291005291,0.023809523809523808,0.032275132275132276,0.1253968253968254,0.023809523809523808
567,0.03541666666666667,0.0326388888888889,0.04236111111111112,0.043750000000000004,0.060416666666666674,0.0701388888888889,0.05347222222222223,0.03541666666666667,0.04930555555555556,0.1201388888888889,0.05069444444444445,0.07430555555555557,0.05347222222222223,0.05208333333333334,0.03541666666666667,0.03541666666666667,0.03541666666666667,0.04097222222222223,0.03402777777777778,0.045138888888888895
568,0.040032679738562095,0.12336601307189544,0.08578431372549021,0.06454248366013074,0.04330065359477125,0.03676470588235295,0.03676470588235295,0.038398692810457526,0.05147058823529412,0.03676470588235295,0.04166666666666667,0.038398692810457526,0.048202614379084976,0.0465686274509804,0.03676470588235295,0.04330065359477125,0.03676470588235295,0.038398692810457526,0.07434640522875818,0.038398692810457526
569,0.023809523809523808,0.03221288515406162,0.023809523809523808,0.04715219421101774,0.034080298786181136,0.021942110177404293,0.021942110177404293,0.023809523809523808,0.05555555555555555,0.08450046685340803,0.04435107376283847,0.03688141923436041,0.04061624649859944,0.2441643323996265,0.05929038281979458,0.045284780578898225,0.03221288515406162,0.034080298786181136,0.03968253968253968,0.0546218487394958
570,0.020315091210613596,0.018656716417910443,0.050995024875621874,0.09742951907131009,0.028606965174129348,0.02611940298507462,0.05182421227197345,0.02777777777777777,0.031094527363184073,0.023631840796019894,0.06592039800995024,0.031094527363184073,0.06923714759535654,0.08830845771144277,0.02777777777777777,0.18864013266998336,0.02446102819237147,0.05514096185737975,0.03855721393034825,0.03441127694859038
571,0.05204962243797194,0.02130528586839266,0.021844660194174755,0.03910463861920172,0.01537216828478964,0.08872707659115425,0.01537216828478964,0.3303667745415318,0.03371089536138079,0.03964401294498381,0.01537216828478964,0.0331715210355987,0.059061488673139144,0.020226537216828475,0.026699029126213584,0.07092772384034518,0.012675296655879176,0.030474649406688235,0.013754045307443362,0.06014023732470333
572,0.03101851851851852,0.026388888888888892,0.06712962962962965,0.02731481481481482,0.026388888888888892,0.0337962962962963,0.263425925925926,0.08657407407407408,0.025462962962962965,0.05046296296296297,0.023611111111111114,0.02268518518518519,0.058796296296296305,0.02731481481481482,0.06712962962962965,0.04305555555555556,0.04398148148148149,0.021759259259259263,0.03194444444444445,0.021759259259259263
573,0.015902519619991742,0.03985956216439489,0.019206939281288728,0.012185047501032635,0.021685254027261465,0.06092523750516317,0.026228831061544822,0.02209830648492359,0.01796778190830236,0.02829409334985544,0.016728624535315987,0.0634035522511359,0.27116893845518386,0.04605534902932673,0.08570838496489055,0.05059892606361009,0.10305658818669974,0.025402726146220578,0.011358942585708387,0.06216439487814954
574,0.03678678678678678,0.05780780780780781,0.03978978978978979,0.0472972972972973,0.0503003003003003,0.033783783783783786,0.04129129129129129,0.0533033033033033,0.0457957957957958,0.0457957957957958,0.03678678678678678,0.10885885885885886,0.04279279279279279,0.03678678678678678,0.03678678678678678,0.03978978978978979,0.0457957957957958,0.06531531531531531,0.09834834834834835,0.03678678678678678
575,0.03594771241830065,0.038852578068264344,0.020697167755991286,0.030137981118373274,0.03957879448075526,0.03231663035584604,0.03231663035584604,0.02578068264342774,0.033042846768336964,0.027233115468409588,0.06572258533042846,0.033042846768336964,0.06209150326797386,0.044662309368191724,0.13761801016702976,0.20878721859114016,0.0374001452432825,0.049019607843137254,0.016339869281045753,0.029411764705882353
576,0.052425665101721454,0.10250391236306731,0.07746478873239437,0.03521126760563381,0.03521126760563381,0.049295774647887335,0.06494522691705791,0.049295774647887335,0.038341158059467924,0.03521126760563381,0.06338028169014086,0.06338028169014086,0.03521126760563381,0.038341158059467924,0.03521126760563381,0.046165884194053215,0.03521126760563381,0.049295774647887335,0.058685446009389686,0.03521126760563381
577,0.02380952380952381,0.051378446115288225,0.019632414369256477,0.022974101921470345,0.030492898913951547,0.030492898913951547,0.04803675856307436,0.02130325814536341,0.15162907268170428,0.03299916457811195,0.04135338345864662,0.07727652464494571,0.03884711779448622,0.04135338345864662,0.019632414369256477,0.04135338345864662,0.03383458646616542,0.12238930659983292,0.07644110275689224,0.0747702589807853
578,0.041666666666666664,0.06359649122807018,0.07967836257309942,0.03728070175438596,0.0445906432748538,0.06067251461988304,0.03289473684210526,0.03435672514619883,0.062134502923976605,0.03728070175438596,0.0402046783625731,0.08698830409356725,0.03289473684210526,0.05482456140350877,0.03289473684210526,0.03728070175438596,0.03728070175438596,0.035818713450292396,0.09137426900584796,0.056286549707602336
579,0.07142857142857142,0.09788359788359788,0.043915343915343914,0.08095238095238096,0.03439153439153439,0.07248677248677249,0.03333333333333333,0.035449735449735446,0.032275132275132276,0.03439153439153439,0.026984126984126985,0.040740740740740744,0.03756613756613757,0.06507936507936508,0.023809523809523808,0.028042328042328042,0.07142857142857142,0.0746031746031746,0.04497354497354497,0.05026455026455026
580,0.022135416666666664,0.04817708333333332,0.036892361111111105,0.18185763888888887,0.03255208333333333,0.04210069444444444,0.027343749999999993,0.027343749999999993,0.02300347222222222,0.02821180555555555,0.08984374999999999,0.057725694444444434,0.029079861111111105,0.04557291666666666,0.15755208333333331,0.04036458333333333,0.02300347222222222,0.02126736111111111,0.029079861111111105,0.036892361111111105
581,0.030017921146953407,0.028225806451612906,0.02195340501792115,0.08467741935483872,0.03629032258064517,0.09363799283154123,0.034498207885304666,0.03897849462365592,0.025537634408602156,0.026433691756272405,0.046146953405017926,0.05331541218637993,0.26747311827956993,0.042562724014336924,0.03897849462365592,0.022849462365591402,0.031810035842293916,0.02195340501792115,0.03360215053763441,0.0210573476702509
582,0.04978354978354979,0.03535353535353536,0.05411255411255412,0.03535353535353536,0.036796536796536806,0.03535353535353536,0.03391053391053392,0.07431457431457433,0.044011544011544015,0.044011544011544015,0.08730158730158731,0.03246753246753247,0.042568542568542575,0.06421356421356422,0.05411255411255412,0.09884559884559886,0.03823953823953825,0.042568542568542575,0.03391053391053392,0.06277056277056278
583,0.03947368421052632,0.1457115009746589,0.02777777777777778,0.023879142300194934,0.048245614035087724,0.048245614035087724,0.050194931773879146,0.04142300194931774,0.03460038986354776,0.04532163742690059,0.026803118908382068,0.029727095516569203,0.03460038986354776,0.11452241715399611,0.03167641325536063,0.03265107212475634,0.025828460038986357,0.05116959064327486,0.08040935672514621,0.06773879142300196
584,0.04084967320261439,0.0735294117647059,0.03213507625272332,0.06808278867102398,0.039760348583878,0.033224400871459704,0.07135076252723313,0.029956427015250548,0.031045751633986932,0.0266884531590414,0.07461873638344228,0.029956427015250548,0.031045751633986932,0.07244008714596951,0.05174291938997822,0.025599128540305015,0.10838779956427017,0.03213507625272332,0.08551198257080611,0.04193899782135077
585,0.024853801169590645,0.022904483430799222,0.05214424951267057,0.042397660818713455,0.10672514619883042,0.024853801169590645,0.04532163742690059,0.03460038986354776,0.050194931773879146,0.049220272904483435,0.04434697855750488,0.03460038986354776,0.030701754385964914,0.024853801169590645,0.05116959064327486,0.0462962962962963,0.11452241715399611,0.035575048732943475,0.0882066276803119,0.07651072124756336
586,0.020325203252032523,0.017073170731707322,0.06585365853658538,0.042547425474254746,0.02520325203252033,0.03983739837398375,0.047967479674796754,0.030081300813008135,0.04200542005420055,0.1845528455284553,0.03224932249322494,0.03333333333333334,0.019783197831978322,0.030623306233062333,0.07344173441734418,0.10000000000000002,0.08861788617886181,0.03387533875338754,0.042547425474254746,0.030081300813008135
587,0.05006858710562416,0.030864197530864203,0.030864197530864203,0.04183813443072703,0.09807956104252404,0.055555555555555566,0.03360768175582991,0.032235939643347054,0.030864197530864203,0.04458161865569274,0.10768175582990401,0.07887517146776407,0.04046639231824418,0.07064471879286696,0.030864197530864203,0.04595336076817559,0.056927297668038425,0.04732510288065845,0.030864197530864203,0.04183813443072703
588,0.06533333333333334,0.052888888888888895,0.052000000000000005,0.07866666666666668,0.03066666666666667,0.02088888888888889,0.1915555555555556,0.054666666666666676,0.022666666666666672,0.054666666666666676,0.02177777777777778,0.03955555555555556,0.03511111111111112,0.03244444444444445,0.053777777777777785,0.02888888888888889,0.03955555555555556,0.02355555555555556,0.06800000000000002,0.03333333333333334
589,0.05696202531645568,0.06258790436005625,0.03445850914205344,0.03164556962025316,0.044303797468354424,0.0682137834036568,0.04992967651195498,0.03164556962025316,0.06399437412095639,0.03727144866385372,0.04289732770745428,0.03164556962025316,0.08368495077355835,0.06680731364275666,0.048523206751054836,0.05274261603375526,0.03727144866385372,0.03164556962025316,0.06680731364275666,0.05696202531645568
590,0.026475694444444437,0.05164930555555554,0.019531249999999997,0.024739583333333325,0.09331597222222221,0.057725694444444434,0.03428819444444444,0.0525173611111111,0.04210069444444444,0.044704861111111105,0.043836805555555546,0.0603298611111111,0.029079861111111105,0.0603298611111111,0.04557291666666666,0.026475694444444437,0.17751736111111108,0.03255208333333333,0.044704861111111105,0.03255208333333333
591,0.0297418630751964,0.04320987654320987,0.027497194163860823,0.027497194163860823,0.0701459034792368,0.026374859708193036,0.04769921436588102,0.04545454545454545,0.05106621773288438,0.14534231200897865,0.05218855218855217,0.06453423120089785,0.07687991021324353,0.05555555555555554,0.06790123456790122,0.026374859708193036,0.035353535353535345,0.03198653198653198,0.03086419753086419,0.04433221099887766
592,0.09561965811965811,0.11164529914529915,0.026175213675213676,0.026175213675213676,0.04326923076923077,0.037927350427350424,0.030448717948717948,0.027243589743589744,0.02403846153846154,0.02403846153846154,0.04433760683760684,0.0625,0.02403846153846154,0.027243589743589744,0.09882478632478632,0.028311965811965812,0.14262820512820512,0.027243589743589744,0.037927350427350424,0.060363247863247864
593,0.016081871345029242,0.014912280701754387,0.030701754385964914,0.03011695906432749,0.08099415204678365,0.03421052631578948,0.2903508771929825,0.0324561403508772,0.019005847953216377,0.013742690058479534,0.07690058479532165,0.06754385964912282,0.06345029239766083,0.05994152046783626,0.04590643274853802,0.016081871345029242,0.019005847953216377,0.042982456140350886,0.01842105263157895,0.027192982456140356
594,0.018676122931442083,0.02104018912529551,0.026241134751773053,0.025768321513002367,0.039479905437352254,0.10945626477541373,0.021513002364066197,0.020094562647754142,0.01914893617021277,0.07494089834515368,0.03096926713947991,0.018203309692671397,0.15153664302600475,0.03427895981087471,0.0938534278959811,0.15153664302600475,0.03758865248226951,0.043735224586288424,0.023877068557919625,0.038061465721040195
595,0.07514619883040936,0.023099415204678363,0.017251461988304094,0.02017543859649123,0.044152046783625734,0.035380116959064324,0.022514619883040935,0.031871345029239766,0.017251461988304094,0.028362573099415204,0.024269005847953218,0.02368421052631579,0.19912280701754387,0.06812865497076023,0.12017543859649123,0.14239766081871344,0.044152046783625734,0.01608187134502924,0.01608187134502924,0.03070175438596491
596,0.024524524524524523,0.04454454454454455,0.032532532532532535,0.04054054054054054,0.045545545545545546,0.07557557557557558,0.07257257257257257,0.046546546546546545,0.03853853853853854,0.02952952952952953,0.03653653653653654,0.03953953953953954,0.09059059059059059,0.10760760760760761,0.06356356356356356,0.045545545545545546,0.032532532532532535,0.04954954954954955,0.023523523523523524,0.06056056056056056
597,0.05942028985507248,0.04975845410628021,0.03043478260869566,0.038164251207729476,0.02367149758454107,0.07294685990338165,0.04975845410628021,0.04009661835748793,0.04879227053140098,0.05072463768115944,0.024637681159420298,0.047826086956521754,0.03429951690821257,0.08260869565217392,0.06811594202898552,0.03043478260869566,0.05942028985507248,0.03526570048309179,0.027536231884057977,0.12608695652173915
598,0.04078014184397164,0.04787234042553193,0.08096926713947993,0.09278959810874705,0.046690307328605206,0.03486997635933807,0.02659574468085107,0.027777777777777783,0.054964539007092215,0.05969267139479907,0.06560283687943264,0.02659574468085107,0.02659574468085107,0.036052009456264786,0.04196217494089835,0.10460992907801421,0.043144208037825066,0.03014184397163121,0.07269503546099292,0.039598108747044926
599,0.11655211912943872,0.04095074455899198,0.04209621993127148,0.02663230240549828,0.04553264604810996,0.025486827033218785,0.02663230240549828,0.04667812142038946,0.022623138602520045,0.016895761741122565,0.0352233676975945,0.0758877434135166,0.1211340206185567,0.0220504009163803,0.027777777777777776,0.03751431844215349,0.13831615120274915,0.06729667812142039,0.03579610538373425,0.028923253150057275
600,0.05642361111111111,0.07725694444444445,0.09114583333333333,0.049479166666666664,0.04079861111111111,0.059895833333333336,0.049479166666666664,0.0390625,0.04079861111111111,0.044270833333333336,0.04079861111111111,0.0390625,0.0390625,0.051215277777777776,0.042534722222222224,0.06163194444444445,0.042534722222222224,0.0390625,0.04774305555555555,0.04774305555555555
601,0.06181533646322379,0.03677621283255087,0.03521126760563381,0.07120500782472615,0.03677621283255087,0.0727699530516432,0.03521126760563381,0.03521126760563381,0.07120500782472615,0.03677621283255087,0.03521126760563381,0.05868544600938968,0.03677621283255087,0.08372456964006261,0.04147104851330204,0.04929577464788733,0.03521126760563381,0.039906103286384983,0.07433489827856027,0.05242566510172145
602,0.01937984496124031,0.01937984496124031,0.03832902670111973,0.04608096468561585,0.0409130060292851,0.0409130060292851,0.021963824289405683,0.034022394487510765,0.023686477174849268,0.03229974160206718,0.13565891472868216,0.03574504737295435,0.2364341085271318,0.021963824289405683,0.03660637381567614,0.027993109388458226,0.06589147286821706,0.059862187769164514,0.025409130060292853,0.037467700258397935
603,0.042517006802721094,0.03458049886621316,0.0640589569160998,0.15816326530612249,0.04138321995464853,0.025510204081632657,0.05045351473922903,0.08900226757369616,0.025510204081632657,0.03684807256235828,0.05045351473922903,0.03684807256235828,0.02777777777777778,0.05952380952380953,0.047052154195011346,0.05952380952380953,0.03571428571428572,0.028911564625850344,0.056122448979591844,0.030045351473922906
604,0.018837803320561945,0.02075351213282248,0.04054916985951469,0.05140485312899107,0.2104086845466156,0.03799489144316731,0.03735632183908047,0.020114942528735635,0.03416347381864624,0.01947637292464879,0.04693486590038315,0.0462962962962963,0.028416347381864628,0.04757343550446999,0.11653895274584931,0.018837803320561945,0.015644955300127716,0.05779054916985952,0.10887611749680716,0.02203065134099617
605,0.05508474576271186,0.030602636534839925,0.04190207156308851,0.0211864406779661,0.06826741996233522,0.02495291902071563,0.0635593220338983,0.07862523540489642,0.025894538606403013,0.07203389830508475,0.03248587570621469,0.033427495291902073,0.06073446327683616,0.0211864406779661,0.04849340866290019,0.07768361581920905,0.04096045197740113,0.046610169491525424,0.03248587570621469,0.12382297551789077
606,0.04046639231824417,0.033607681755829906,0.10082304526748971,0.05555555555555555,0.059670781893004114,0.03497942386831276,0.051440329218107,0.047325102880658436,0.07064471879286695,0.05281207133058985,0.03223593964334705,0.04046639231824417,0.043209876543209874,0.04046639231824417,0.03635116598079561,0.0541838134430727,0.08847736625514403,0.030864197530864196,0.03772290809327846,0.04869684499314129
607,0.07213930348258708,0.06882255389718078,0.04063018242122721,0.05223880597014926,0.07213930348258708,0.06716417910447763,0.038971807628524056,0.05389718076285241,0.0373134328358209,0.0373134328358209,0.038971807628524056,0.0373134328358209,0.05058043117744611,0.04726368159203981,0.04063018242122721,0.0373134328358209,0.04394693200663351,0.05887230514096187,0.06550580431177447,0.038971807628524056
608,0.09859859859859862,0.044544544544544554,0.05655655655655657,0.07057057057057059,0.05155155155155156,0.02352352352352353,0.10360360360360363,0.026526526526526532,0.04354354354354355,0.026526526526526532,0.044544544544544554,0.05855855855855857,0.022522522522522525,0.039539539539539544,0.029529529529529537,0.03353353353353354,0.022522522522522525,0.038538538538538544,0.13663663663663667,0.028528528528528534
609,0.050165837479270316,0.12064676616915423,0.06674958540630183,0.04767827529021559,0.03855721393034826,0.0203150912106136,0.060945273631840796,0.0236318407960199,0.0203150912106136,0.034411276948590384,0.053482587064676616,0.024461028192371476,0.03855721393034826,0.019485903814262025,0.043532338308457715,0.0203150912106136,0.1181592039800995,0.030265339966832505,0.06343283582089553,0.10489220563847429
610,0.03935185185185185,0.034722222222222224,0.034722222222222224,0.05478395061728395,0.05941358024691358,0.05015432098765432,0.03935185185185185,0.05787037037037037,0.0470679012345679,0.0470679012345679,0.07175925925925926,0.06095679012345679,0.07330246913580248,0.04089506172839506,0.04552469135802469,0.0763888888888889,0.04243827160493827,0.05015432098765432,0.034722222222222224,0.03935185185185185
611,0.05357142857142857,0.032407407407407406,0.037698412698412696,0.056216931216931214,0.04034391534391534,0.07076719576719577,0.041666666666666664,0.08267195767195767,0.032407407407407406,0.05092592592592592,0.06415343915343916,0.083994708994709,0.032407407407407406,0.031084656084656083,0.03902116402116402,0.04034391534391534,0.06283068783068783,0.0787037037037037,0.032407407407407406,0.036375661375661374
612,0.03655728267127232,0.04979850316637882,0.04058721934369604,0.015831894070236042,0.03713298791018999,0.02964881980426022,0.022740356937248133,0.02101324122049511,0.11600460564191135,0.024467472654001156,0.02101324122049511,0.20120898100172716,0.044617156016119756,0.04519286125503743,0.04289004029936673,0.015256188831318367,0.1171560161197467,0.07743235463442719,0.022740356937248133,0.018710420264824414
613,0.045781893004115226,0.029320987654320986,0.08693415637860083,0.042695473251028807,0.06635802469135803,0.041666666666666664,0.028292181069958847,0.03137860082304527,0.08281893004115226,0.05709876543209876,0.09825102880658436,0.03446502057613169,0.061213991769547324,0.03137860082304527,0.025205761316872428,0.030349794238683128,0.04681069958847737,0.07458847736625514,0.04063786008230453,0.044753086419753084
614,0.04559748427672956,0.026729559748427674,0.16928721174004194,0.037211740041928724,0.19549266247379454,0.02358490566037736,0.03825995807127883,0.02358490566037736,0.025681341719077568,0.07285115303983228,0.027777777777777776,0.029874213836477988,0.0319706498951782,0.03511530398322851,0.025681341719077568,0.0330188679245283,0.024633123689727462,0.05083857442348008,0.05083857442348008,0.0319706498951782
615,0.03598484848484849,0.032196969696969696,0.05113636363636364,0.032196969696969696,0.1167929292929293,0.052398989898989896,0.034722222222222224,0.07007575757575757,0.030934343434343436,0.04482323232323232,0.029671717171717172,0.13068181818181818,0.04861111111111111,0.03851010101010101,0.04861111111111111,0.05744949494949495,0.03345959595959596,0.04734848484848485,0.032196969696969696,0.032196969696969696
616,0.03938640132669984,0.02114427860696518,0.024461028192371483,0.026119402985074633,0.04104477611940299,0.020315091210613603,0.04850746268656718,0.040215588723051414,0.02280265339966833,0.040215588723051414,0.07421227197346601,0.04519071310116087,0.03772802653399669,0.030265339966832512,0.06592039800995027,0.17122719734660036,0.030265339966832512,0.06757877280265341,0.10489220563847432,0.04850746268656718
617,0.10799001248439451,0.035580524344569285,0.03058676654182272,0.033083645443196,0.04681647940074907,0.05930087390761548,0.031835205992509365,0.02933832709113608,0.07303370786516854,0.02933832709113608,0.04307116104868914,0.028089887640449437,0.060549313358302125,0.08801498127340825,0.09550561797752809,0.033083645443196,0.035580524344569285,0.05181023720349563,0.028089887640449437,0.05930087390761548
618,0.04330065359477125,0.0792483660130719,0.048202614379084976,0.03676470588235295,0.04330065359477125,0.08251633986928106,0.04983660130718955,0.04983660130718955,0.0465686274509804,0.038398692810457526,0.038398692810457526,0.0531045751633987,0.03676470588235295,0.05147058823529412,0.03676470588235295,0.06454248366013074,0.03676470588235295,0.04166666666666667,0.06944444444444446,0.0531045751633987
619,0.05074786324786325,0.026175213675213676,0.05608974358974359,0.06570512820512821,0.02938034188034188,0.037927350427350424,0.03365384615384615,0.07104700854700854,0.04326923076923077,0.06784188034188034,0.030448717948717948,0.12232905982905982,0.05929487179487179,0.031517094017094016,0.026175213675213676,0.03365384615384615,0.07318376068376069,0.05929487179487179,0.049679487179487176,0.03258547008547009
620,0.0672514619883041,0.025480367585630746,0.027986633249791146,0.11654135338345865,0.04720133667502089,0.07309941520467837,0.09732664995822891,0.02965747702589808,0.02130325814536341,0.030492898913951547,0.07644110275689224,0.07560568086883877,0.03132832080200502,0.03801169590643275,0.048872180451127824,0.02464494569757728,0.08312447786131998,0.028822055137844613,0.01879699248120301,0.03801169590643275
621,0.07296296296296297,0.056666666666666664,0.07444444444444444,0.032962962962962965,0.05814814814814815,0.03,0.04185185185185185,0.04111111111111111,0.01888888888888889,0.035925925925925924,0.021111111111111112,0.01814814814814815,0.07074074074074074,0.056666666666666664,0.046296296296296294,0.08481481481481482,0.048518518518518516,0.03740740740740741,0.04703703703703704,0.10629629629629629
622,0.026867030965391614,0.056921675774134775,0.09244080145719488,0.0314207650273224,0.06511839708561018,0.05327868852459015,0.024134790528233144,0.07786885245901638,0.0314207650273224,0.02049180327868852,0.05418943533697631,0.02777777777777777,0.029599271402550083,0.04143897996357012,0.08060109289617486,0.07058287795992713,0.035063752276867026,0.05327868852459015,0.0733151183970856,0.05418943533697631
623,0.05721393034825871,0.03731343283582089,0.05721393034825871,0.03897180762852405,0.06882255389718077,0.0406301824212272,0.03731343283582089,0.08043117744610281,0.10033167495854063,0.03897180762852405,0.03731343283582089,0.03731343283582089,0.05223880597014925,0.04228855721393035,0.03731343283582089,0.08043117744610281,0.03731343283582089,0.03731343283582089,0.04228855721393035,0.03897180762852405
624,0.03867791842475387,0.05977496483825598,0.04430379746835443,0.03305203938115331,0.07243319268635724,0.07805907172995781,0.03164556962025317,0.04992967651195499,0.03305203938115331,0.03727144866385373,0.04992967651195499,0.04289732770745429,0.08368495077355836,0.034458509142053444,0.03164556962025317,0.04430379746835443,0.04289732770745429,0.047116736990154715,0.051336146272855133,0.09353023909985936
625,0.04156378600823045,0.030864197530864196,0.03580246913580247,0.03580246913580247,0.05555555555555555,0.06296296296296296,0.030864197530864196,0.04979423868312757,0.08683127572016461,0.020987654320987655,0.04567901234567901,0.025925925925925925,0.07530864197530865,0.04238683127572016,0.07366255144032922,0.12962962962962962,0.0448559670781893,0.05555555555555555,0.025102880658436213,0.030864197530864196
626,0.05758807588075881,0.03048780487804878,0.061653116531165314,0.041327913279132794,0.03726287262872629,0.046747967479674794,0.06707317073170732,0.034552845528455285,0.03726287262872629,0.034552845528455285,0.03590785907859079,0.0508130081300813,0.054878048780487805,0.046747967479674794,0.06436314363143632,0.07520325203252033,0.08739837398373984,0.03997289972899729,0.03048780487804878,0.06571815718157181
627,0.03552971576227391,0.057493540051679594,0.0768733850129199,0.10658914728682171,0.1091731266149871,0.06266149870801035,0.03552971576227391,0.03423772609819122,0.03294573643410854,0.038113695090439284,0.061369509043927656,0.05232558139534885,0.04457364341085272,0.05361757105943153,0.031653746770025845,0.030361757105943157,0.038113695090439284,0.03294573643410854,0.030361757105943157,0.03552971576227391
628,0.027577937649880088,0.021982414068745,0.04676258992805755,0.029176658673061545,0.03397282174260591,0.031574740207833726,0.03237410071942445,0.030775379696243,0.05475619504396481,0.06754596322941646,0.021982414068745,0.017985611510791363,0.06754596322941646,0.029176658673061545,0.09392486011191044,0.12909672262190244,0.027577937649880088,0.04276578737010391,0.021982414068745,0.171462829736211
629,0.048015873015873026,0.029761904761904764,0.035317460317460324,0.035317460317460324,0.0757936507936508,0.05992063492063493,0.031349206349206356,0.031349206349206356,0.16944444444444448,0.055158730158730164,0.04246031746031747,0.02658730158730159,0.031349206349206356,0.04484126984126985,0.04642857142857144,0.04166666666666667,0.052777777777777785,0.03690476190476191,0.04166666666666667,0.0638888888888889
630,0.05859375,0.24522569444444445,0.06901041666666667,0.022135416666666668,0.045572916666666664,0.025607638888888888,0.029947916666666668,0.040364583333333336,0.045572916666666664,0.03689236111111111,0.03428819444444445,0.025607638888888888,0.029079861111111112,0.07161458333333333,0.026475694444444444,0.028211805555555556,0.031684027777777776,0.026475694444444444,0.06032986111111111,0.047309027777777776
631,0.07833333333333334,0.08166666666666667,0.1272222222222222,0.09166666666666666,0.05611111111111111,0.02722222222222222,0.04611111111111111,0.04833333333333333,0.029444444444444443,0.03611111111111111,0.026111111111111113,0.025,0.045,0.03277777777777778,0.03611111111111111,0.035,0.025,0.04055555555555555,0.08166666666666667,0.030555555555555555
632,0.038461538461538464,0.043209876543209874,0.14767331433998102,0.03276353276353276,0.021367521367521368,0.03276353276353276,0.0365622032288699,0.0365622032288699,0.04415954415954416,0.07075023741690409,0.03561253561253561,0.14957264957264957,0.024216524216524215,0.021367521367521368,0.028964862298195632,0.09924026590693258,0.02231718898385565,0.0365622032288699,0.05365622032288699,0.024216524216524215
633,0.059692671394799064,0.037234042553191495,0.033687943262411355,0.03486997635933807,0.030141843971631208,0.03486997635933807,0.06205673758865249,0.03486997635933807,0.03486997635933807,0.02777777777777778,0.05378250591016549,0.06914893617021278,0.05260047281323878,0.08569739952718677,0.033687943262411355,0.030141843971631208,0.14834515366430262,0.04787234042553192,0.04787234042553192,0.04078014184397164
634,0.05385920271416455,0.03095843935538592,0.0453774385072095,0.03435114503816794,0.033502968617472435,0.02332485156912638,0.01993214588634436,0.02502120441051739,0.030110262934690414,0.046225614927905,0.024173027989821884,0.04028837998303647,0.02332485156912638,0.18278201865988125,0.14461407972858353,0.039440203562340966,0.022476675148430873,0.047073791348600506,0.06658184902459711,0.06658184902459711
635,0.07657657657657659,0.09159159159159161,0.06656656656656658,0.02552552552552553,0.02652652652652653,0.06656656656656658,0.038538538538538544,0.07257257257257259,0.037537537537537545,0.024524524524524527,0.04654654654654655,0.08158158158158159,0.030530530530530533,0.037537537537537545,0.031531531531531536,0.04854854854854856,0.031531531531531536,0.0845845845845846,0.04754754754754755,0.03353353353353354
636,0.016768292682926834,0.020833333333333336,0.017445799457994585,0.011348238482384825,0.012703252032520328,0.06995257452574527,0.026253387533875346,0.030657181571815725,0.015074525745257457,0.042852303523035234,0.23729674796747974,0.01913956639566396,0.025575880758807595,0.03675474254742548,0.07029132791327915,0.09197154471544716,0.016768292682926834,0.0282859078590786,0.01846205962059621,0.19156504065040655
637,0.07945041816009557,0.043608124253285536,0.02807646356033452,0.03405017921146953,0.04480286738351254,0.03882915173237753,0.1320191158900836,0.09259259259259257,0.03166069295101553,0.02807646356033452,0.05316606929510154,0.02688172043010752,0.08661887694145758,0.030465949820788523,0.02807646356033452,0.04719235364396653,0.03405017921146953,0.050776583034647535,0.06152927120669055,0.02807646356033452
638,0.03355335533553355,0.03135313531353135,0.048954895489548955,0.03905390539053905,0.03905390539053905,0.046754675467546754,0.054455445544554455,0.04235423542354235,0.029152915291529153,0.11936193619361936,0.030253025302530254,0.02695269526952695,0.054455445544554455,0.07095709570957096,0.15016501650165018,0.028052805280528052,0.030253025302530254,0.04455445544554455,0.03135313531353135,0.048954895489548955
639,0.053303303303303316,0.051801801801801814,0.053303303303303316,0.07132132132132134,0.047297297297297314,0.045795795795795805,0.045795795795795805,0.03828828828828829,0.039789789789789795,0.03378378378378379,0.05480480480480482,0.08033033033033034,0.03378378378378379,0.05630630630630632,0.03378378378378379,0.03828828828828829,0.08183183183183185,0.06381381381381383,0.03828828828828829,0.03828828828828829
640,0.03472222222222222,0.041132478632478625,0.033653846153846145,0.2911324786324786,0.029380341880341873,0.11271367521367519,0.04433760683760683,0.02617521367521367,0.0251068376068376,0.027243589743589737,0.028311965811965805,0.051816239316239306,0.03472222222222222,0.03044871794871794,0.0251068376068376,0.027243589743589737,0.028311965811965805,0.03579059829059828,0.033653846153846145,0.03899572649572649
641,0.03497942386831276,0.03635116598079561,0.030864197530864196,0.043209876543209874,0.08573388203017833,0.043209876543209874,0.043209876543209874,0.10493827160493827,0.03223593964334705,0.04183813443072702,0.030864197530864196,0.1419753086419753,0.033607681755829906,0.050068587105624146,0.03223593964334705,0.05692729766803841,0.04046639231824417,0.033607681755829906,0.04458161865569273,0.03909465020576132
642,0.04605887939221273,0.06600189933523268,0.053656220322887,0.044159544159544165,0.036562203228869904,0.05080721747388415,0.05840455840455841,0.0479582146248813,0.03561253561253562,0.0422602089268756,0.0422602089268756,0.04510921177587845,0.03751187084520419,0.03276353276353277,0.03561253561253562,0.041310541310541314,0.11443494776828111,0.03751187084520419,0.08214624881291549,0.049857549857549865
643,0.07142857142857144,0.03968253968253969,0.05379188712522046,0.03968253968253969,0.04320987654320988,0.03968253968253969,0.07142857142857144,0.05555555555555556,0.03968253968253969,0.06790123456790124,0.03968253968253969,0.04320987654320988,0.05555555555555556,0.03968253968253969,0.03968253968253969,0.06084656084656085,0.041446208112874784,0.04320987654320988,0.05908289241622575,0.05555555555555556
644,0.04330065359477124,0.04820261437908497,0.0727124183006536,0.06781045751633986,0.041666666666666664,0.05473856209150327,0.03676470588235294,0.08415032679738563,0.04330065359477124,0.03676470588235294,0.03676470588235294,0.03676470588235294,0.04003267973856209,0.03676470588235294,0.04330065359477124,0.051470588235294115,0.03839869281045752,0.059640522875817,0.041666666666666664,0.0857843137254902
645,0.02763532763532763,0.018518518518518514,0.014529914529914527,0.048148148148148134,0.02364672364672364,0.17008547008547006,0.013960113960113957,0.09886039886039884,0.019658119658119654,0.016809116809116807,0.019088319088319084,0.020227920227920224,0.12279202279202277,0.04415954415954415,0.04301994301994301,0.031054131054131046,0.18319088319088317,0.016239316239316237,0.024216524216524208,0.04415954415954415
646,0.034640522875816995,0.03071895424836601,0.06209150326797386,0.03725490196078431,0.06209150326797386,0.07124183006535947,0.04379084967320261,0.041176470588235294,0.041176470588235294,0.03071895424836601,0.03594771241830065,0.06470588235294118,0.04771241830065359,0.03594771241830065,0.041176470588235294,0.08169934640522876,0.06470588235294118,0.10522875816993464,0.03725490196078431,0.03071895424836601
647,0.06565656565656566,0.03984287317620651,0.06453423120089787,0.08698092031425365,0.044332210998877665,0.043209876543209874,0.02861952861952862,0.05218855218855219,0.0723905723905724,0.02749719416386083,0.07575757575757576,0.05331088664421998,0.037598204264870934,0.057800224466891134,0.051066217732884396,0.04769921436588103,0.03198653198653199,0.043209876543209874,0.026374859708193043,0.04994388327721661
648,0.03777777777777778,0.03333333333333333,0.05851851851851852,0.03925925925925926,0.03333333333333333,0.040740740740740744,0.03333333333333333,0.04666666666666667,0.11037037037037037,0.03333333333333333,0.03333333333333333,0.05555555555555555,0.07333333333333333,0.040740740740740744,0.0437037037037037,0.08074074074074074,0.03333333333333333,0.04962962962962963,0.08518518518518518,0.03777777777777778
649,0.039245667686034665,0.037206931702344556,0.02701325178389399,0.06269113149847096,0.032110091743119275,0.04943934760448523,0.05351681957186545,0.0688073394495413,0.07288481141692152,0.051478083588175336,0.05963302752293579,0.04230377166156983,0.030071355759429156,0.0361875637104995,0.04943934760448523,0.05657492354740062,0.09836901121304792,0.05861365953109073,0.04638124362895006,0.028032619775739044
650,0.040983606557377046,0.075591985428051,0.08469945355191257,0.0610200364298725,0.040983606557377046,0.040983606557377046,0.040983606557377046,0.05555555555555555,0.040983606557377046,0.040983606557377046,0.040983606557377046,0.05373406193078324,0.040983606557377046,0.040983606557377046,0.05373406193078324,0.040983606557377046,0.040983606557377046,0.040983606557377046,0.08287795992714025,0.040983606557377046
651,0.04089506172839506,0.034722222222222224,0.05169753086419753,0.05015432098765432,0.034722222222222224,0.036265432098765434,0.0763888888888889,0.05478395061728395,0.04089506172839506,0.034722222222222224,0.03935185185185185,0.10725308641975309,0.04243827160493827,0.08719135802469136,0.034722222222222224,0.04089506172839506,0.034722222222222224,0.04398148148148148,0.06712962962962964,0.0470679012345679
652,0.03445850914205345,0.031645569620253174,0.059774964838255985,0.054149085794655424,0.09353023909985937,0.033052039381153316,0.04430379746835444,0.06399437412095642,0.054149085794655424,0.07243319268635726,0.054149085794655424,0.04711673699015472,0.04430379746835444,0.05274261603375528,0.04711673699015472,0.042897327707454296,0.042897327707454296,0.03445850914205345,0.04711673699015472,0.04571026722925458
653,0.09492563429571303,0.17454068241469817,0.05468066491688539,0.04243219597550306,0.031933508311461065,0.0415573053368329,0.027559055118110236,0.024934383202099737,0.1342957130358705,0.021434820647419073,0.023184601924759404,0.05205599300087489,0.02230971128608924,0.04505686789151356,0.031933508311461065,0.0310586176727909,0.023184601924759404,0.021434820647419073,0.05555555555555555,0.045931758530183726
654,0.043209876543209874,0.07848324514991181,0.07319223985890652,0.043209876543209874,0.04144620811287478,0.04144620811287478,0.04144620811287478,0.04144620811287478,0.03968253968253968,0.05202821869488536,0.05555555555555555,0.03968253968253968,0.03968253968253968,0.03968253968253968,0.04144620811287478,0.04144620811287478,0.03968253968253968,0.03968253968253968,0.12257495590828923,0.04497354497354497
655,0.03261648745519713,0.05698924731182796,0.07634408602150537,0.04265232974910394,0.07491039426523298,0.103584229390681,0.03046594982078853,0.03261648745519713,0.028315412186379927,0.043369175627240145,0.035483870967741936,0.11720430107526882,0.03118279569892473,0.05913978494623656,0.04265232974910394,0.02258064516129032,0.027598566308243727,0.03978494623655914,0.07204301075268817,0.03046594982078853
656,0.05242566510172144,0.03990610328638498,0.036776212832550864,0.05242566510172144,0.03990610328638498,0.035211267605633804,0.12128325508607199,0.05086071987480438,0.04303599374021909,0.05868544600938967,0.05555555555555555,0.07433489827856025,0.035211267605633804,0.04773082942097027,0.035211267605633804,0.04616588419405321,0.03990610328638498,0.03834115805946792,0.03990610328638498,0.05712050078247261
657,0.03726287262872629,0.03184281842818428,0.03319783197831978,0.03590785907859079,0.07655826558265583,0.03861788617886179,0.08875338753387534,0.06707317073170732,0.03726287262872629,0.03048780487804878,0.03997289972899729,0.04403794037940379,0.041327913279132794,0.06300813008130081,0.06978319783197832,0.04539295392953929,0.034552845528455285,0.06571815718157181,0.03319783197831978,0.08604336043360433
658,0.046737213403880075,0.10141093474426809,0.04850088183421517,0.05555555555555556,0.041446208112874784,0.041446208112874784,0.03968253968253969,0.03968253968253969,0.03968253968253969,0.05379188712522046,0.04320987654320988,0.04497354497354498,0.06261022927689595,0.052028218694885366,0.04320987654320988,0.03968253968253969,0.041446208112874784,0.052028218694885366,0.06966490299823634,0.04320987654320988
659,0.029777777777777778,0.05555555555555555,0.132,0.04666666666666667,0.06444444444444444,0.03333333333333333,0.03955555555555555,0.028,0.03688888888888889,0.10355555555555555,0.03422222222222222,0.043111111111111114,0.029777777777777778,0.03244444444444444,0.030666666666666665,0.04666666666666667,0.02266666666666667,0.06177777777777778,0.06977777777777777,0.059111111111111114
660,0.04818594104308389,0.03231292517006802,0.025510204081632647,0.047052154195011325,0.030045351473922895,0.03344671201814058,0.028911564625850334,0.06972789115646257,0.037981859410430835,0.0901360544217687,0.05952380952380951,0.0901360544217687,0.037981859410430835,0.030045351473922895,0.04931972789115645,0.026643990929705208,0.09920634920634917,0.058390022675736945,0.05952380952380951,0.04591836734693877
661,0.0429553264604811,0.04066437571592211,0.029209621993127148,0.030355097365406643,0.05555555555555555,0.03379152348224513,0.04066437571592211,0.07617411225658649,0.03608247422680412,0.04982817869415808,0.03608247422680412,0.0429553264604811,0.05670103092783505,0.05097365406643757,0.11512027491408934,0.03493699885452463,0.06128293241695303,0.05326460481099656,0.06242840778923253,0.05097365406643757
662,0.02266666666666667,0.07777777777777778,0.04044444444444444,0.023555555555555555,0.035111111111111114,0.02,0.035111111111111114,0.03244444444444444,0.02711111111111111,0.07511111111111111,0.02266666666666667,0.028,0.051111111111111114,0.03777777777777778,0.11066666666666666,0.036,0.035111111111111114,0.18,0.028888888888888888,0.08044444444444444
663,0.050860719874804394,0.058685446009389686,0.03677621283255087,0.03677621283255087,0.0805946791862285,0.03521126760563381,0.03677621283255087,0.03521126760563381,0.04147104851330204,0.038341158059467924,0.07433489827856027,0.046165884194053215,0.06494522691705791,0.06651017214397498,0.058685446009389686,0.03677621283255087,0.046165884194053215,0.044600938967136156,0.07433489827856027,0.03677621283255087
664,0.08697632058287795,0.02595628415300546,0.05236794171220399,0.045992714025500904,0.04872495446265937,0.04690346083788705,0.05783242258652093,0.09153005464480873,0.04326047358834243,0.0669398907103825,0.045992714025500904,0.029599271402550083,0.03233151183970855,0.04417122040072859,0.04143897996357012,0.06420765027322403,0.030510018214936242,0.03688524590163934,0.06511839708561018,0.04326047358834243
665,0.051829268292682924,0.019986449864498646,0.04234417344173442,0.024051490514905148,0.022018970189701895,0.10806233062330624,0.03353658536585366,0.017276422764227643,0.04573170731707317,0.043021680216802166,0.036246612466124664,0.039634146341463415,0.08976964769647697,0.036246612466124664,0.02676151761517615,0.024051490514905148,0.05453929539295393,0.21375338753387535,0.028116531165311653,0.043021680216802166
666,0.021434820647419077,0.02055993000874891,0.055555555555555566,0.024934383202099744,0.08530183727034123,0.04768153980752407,0.024934383202099744,0.06692913385826774,0.03980752405949257,0.1404199475065617,0.07217847769028873,0.019685039370078743,0.03368328958880141,0.027559055118110243,0.10367454068241473,0.03193350831146107,0.04855643044619424,0.040682414698162736,0.029308836395450576,0.0651793525809274
667,0.025537634408602156,0.037186379928315416,0.043458781362007176,0.19041218637992835,0.027329749103942657,0.020161290322580648,0.02195340501792115,0.0631720430107527,0.052419354838709686,0.13575268817204303,0.034498207885304666,0.02374551971326165,0.03091397849462366,0.03808243727598567,0.05510752688172044,0.027329749103942657,0.02374551971326165,0.03897849462365592,0.06586021505376345,0.04435483870967743
668,0.06299603174603174,0.04017857142857143,0.04017857142857143,0.049107142857142856,0.030257936507936508,0.033234126984126984,0.033234126984126984,0.03422619047619048,0.03125,0.025297619047619048,0.03720238095238095,0.08779761904761904,0.04117063492063492,0.09176587301587301,0.05009920634920635,0.030257936507936508,0.12748015873015872,0.04117063492063492,0.07787698412698413,0.03521825396825397
669,0.08119658119658121,0.12271062271062272,0.04090354090354091,0.03846153846153847,0.03479853479853481,0.10683760683760685,0.03724053724053725,0.02991452991452992,0.049450549450549455,0.08485958485958488,0.02991452991452992,0.04090354090354091,0.0518925518925519,0.044566544566544575,0.03113553113553114,0.03968253968253969,0.032356532356532366,0.03357753357753358,0.032356532356532366,0.03724053724053725
670,0.15760869565217392,0.04770531400966183,0.04045893719806763,0.04528985507246377,0.0646135265700483,0.05495169082125604,0.02717391304347826,0.028381642512077296,0.029589371980676328,0.02717391304347826,0.04891304347826087,0.03804347826086957,0.04891304347826087,0.051328502415458936,0.06099033816425121,0.041666666666666664,0.03321256038647343,0.050120772946859904,0.051328502415458936,0.05253623188405797
671,0.06436314363143632,0.08739837398373984,0.03048780487804878,0.06436314363143632,0.03590785907859079,0.03319783197831978,0.06300813008130081,0.03048780487804878,0.03726287262872629,0.042682926829268296,0.042682926829268296,0.03048780487804878,0.10772357723577236,0.03861788617886179,0.03319783197831978,0.034552845528455285,0.03048780487804878,0.03048780487804878,0.1294037940379404,0.03319783197831978
672,0.03573956121726823,0.05272469922151452,0.04918612880396321,0.05343241330502478,0.06900212314225054,0.030785562632696398,0.03715498938428875,0.03715498938428875,0.055555555555555566,0.017338995046001417,0.028662420382165613,0.14614295824486911,0.044232130219391375,0.05484784147204531,0.028662420382165613,0.05909412597310688,0.10014154281670208,0.06121726822363766,0.02158527954706299,0.017338995046001417
673,0.038888888888888896,0.045238095238095244,0.05000000000000002,0.076984126984127,0.045238095238095244,0.054761904761904776,0.0642857142857143,0.03571428571428572,0.09444444444444447,0.03571428571428572,0.045238095238095244,0.038888888888888896,0.03730158730158731,0.045238095238095244,0.04841269841269843,0.03571428571428572,0.04682539682539683,0.045238095238095244,0.07380952380952382,0.042063492063492074
674,0.08933933933933934,0.0457957957957958,0.044294294294294295,0.03678678678678678,0.038288288288288286,0.033783783783783786,0.060810810810810814,0.03528528528528529,0.0457957957957958,0.0533033033033033,0.033783783783783786,0.0518018018018018,0.0503003003003003,0.03528528528528529,0.06231231231231231,0.05930930930930931,0.0472972972972973,0.03678678678678678,0.07882882882882883,0.060810810810810814
675,0.04979035639412998,0.10429769392033543,0.08018867924528301,0.07809224318658281,0.1609014675052411,0.030922431865828093,0.026729559748427674,0.02358490566037736,0.05083857442348008,0.044549266247379454,0.04245283018867924,0.034067085953878404,0.02358490566037736,0.053983228511530396,0.028825995807127882,0.030922431865828093,0.027777777777777776,0.02358490566037736,0.04140461215932914,0.04350104821802935
676,0.04231052244297278,0.1512141280353201,0.09529065489330393,0.02023546725533481,0.03274466519499633,0.04378219278881531,0.043046357615894044,0.06953642384105961,0.031272994849153794,0.02170713760117734,0.027593818984547467,0.08425312729948493,0.0783664459161148,0.048933038999264176,0.026857983811626202,0.020971302428256074,0.024650478292862404,0.07247976453274468,0.026122148638704937,0.038631346578366456
677,0.16666666666666669,0.058624923265807254,0.07458563535911604,0.03836709637814611,0.017495395948434626,0.018109269490484962,0.016881522406384287,0.031000613873542054,0.018109269490484962,0.025475751995089016,0.09422958870472684,0.04450583179864948,0.03652547575199509,0.02977286678944138,0.032228360957642734,0.0316144874155924,0.017495395948434626,0.08809085328422346,0.10405156537753224,0.0561694290976059
678,0.04398148148148148,0.10416666666666667,0.04243827160493827,0.04552469135802469,0.03780864197530864,0.0470679012345679,0.03935185185185185,0.04089506172839506,0.04398148148148148,0.06095679012345679,0.034722222222222224,0.0470679012345679,0.05941358024691358,0.0763888888888889,0.034722222222222224,0.04552469135802469,0.04089506172839506,0.05941358024691358,0.03780864197530864,0.05787037037037037
679,0.03271604938271605,0.05123456790123457,0.07839506172839507,0.030246913580246913,0.06728395061728396,0.03148148148148148,0.040123456790123455,0.03888888888888889,0.059876543209876544,0.033950617283950615,0.029012345679012345,0.043827160493827164,0.030246913580246913,0.10185185185185185,0.10308641975308643,0.037654320987654324,0.053703703703703705,0.033950617283950615,0.059876543209876544,0.04259259259259259
680,0.06944444444444445,0.057539682539682536,0.031084656084656083,0.052248677248677246,0.08664021164021164,0.083994708994709,0.036375661375661374,0.031084656084656083,0.03505291005291005,0.06018518518518518,0.04298941798941799,0.036375661375661374,0.032407407407407406,0.03373015873015873,0.046957671957671955,0.07605820105820106,0.056216931216931214,0.031084656084656083,0.04563492063492063,0.05489417989417989
681,0.04916985951468709,0.06832694763729245,0.05555555555555554,0.04278416347381864,0.04406130268199233,0.03001277139208173,0.02873563218390804,0.033844189016602806,0.033844189016602806,0.02873563218390804,0.033844189016602806,0.02873563218390804,0.036398467432950186,0.058109833971902926,0.058109833971902926,0.1168582375478927,0.03128991060025542,0.02873563218390804,0.1296296296296296,0.0632183908045977
682,0.035211267605633804,0.035211267605633804,0.07746478873239436,0.04929577464788732,0.036776212832550864,0.03990610328638498,0.0539906103286385,0.08528951486697965,0.04929577464788732,0.035211267605633804,0.035211267605633804,0.04460093896713615,0.035211267605633804,0.05555555555555555,0.04929577464788732,0.04616588419405321,0.05086071987480438,0.03990610328638498,0.11032863849765258,0.035211267605633804
683,0.01216931216931217,0.025573192239858905,0.051322751322751325,0.03192239858906525,0.016049382716049384,0.019223985890652558,0.015343915343915344,0.015696649029982364,0.03827160493827161,0.02522045855379189,0.02416225749559083,0.018871252204585538,0.045326278659611995,0.045326278659611995,0.1091710758377425,0.09153439153439154,0.02345679012345679,0.04215167548500882,0.008289241622574956,0.34091710758377425
684,0.034722222222222224,0.028409090909090908,0.041035353535353536,0.028409090909090908,0.03851010101010101,0.028409090909090908,0.029671717171717172,0.034722222222222224,0.041035353535353536,0.0625,0.06628787878787878,0.05744949494949495,0.06881313131313131,0.030934343434343436,0.17487373737373738,0.07133838383838384,0.034722222222222224,0.030934343434343436,0.03598484848484849,0.061237373737373736
685,0.026439089692101733,0.0505354752342704,0.02041499330655957,0.03915662650602409,0.02844712182061579,0.25803212851405616,0.03514056224899598,0.05254350736278446,0.01974564926372155,0.021753681392235606,0.04585006693440428,0.08333333333333331,0.03915662650602409,0.03714859437751003,0.04451137884872824,0.018406961178045512,0.03781793842034805,0.0465194109772423,0.05120481927710842,0.04384203480589022
686,0.028787878787878796,0.040909090909090916,0.038888888888888896,0.03585858585858587,0.06818181818181819,0.043939393939393945,0.040909090909090916,0.059090909090909104,0.03686868686868688,0.09646464646464649,0.04696969696969698,0.025757575757575764,0.03181818181818182,0.038888888888888896,0.10252525252525255,0.044949494949494954,0.07020202020202021,0.025757575757575764,0.03787878787878789,0.08535353535353536
687,0.04700854700854701,0.05384615384615385,0.05042735042735043,0.07435897435897436,0.07094017094017094,0.062393162393162394,0.038461538461538464,0.05726495726495726,0.04871794871794872,0.05042735042735043,0.04188034188034188,0.04358974358974359,0.038461538461538464,0.05042735042735043,0.038461538461538464,0.0452991452991453,0.040170940170940174,0.05555555555555555,0.04871794871794872,0.04358974358974359
688,0.034222222222222216,0.019999999999999997,0.052888888888888874,0.06977777777777776,0.041333333333333326,0.054666666666666655,0.1542222222222222,0.022666666666666665,0.02977777777777777,0.059999999999999984,0.02888888888888888,0.03599999999999999,0.04399999999999999,0.06799999999999999,0.03599999999999999,0.025333333333333326,0.13288888888888886,0.04399999999999999,0.021777777777777774,0.02355555555555555
689,0.05165692007797269,0.05165692007797269,0.06140350877192981,0.04385964912280701,0.04580896686159843,0.053606237816764116,0.04385964912280701,0.06140350877192981,0.04775828460038985,0.04385964912280701,0.04385964912280701,0.05165692007797269,0.04385964912280701,0.04385964912280701,0.04385964912280701,0.04580896686159843,0.04385964912280701,0.07115009746588692,0.06140350877192981,0.04580896686159843
690,0.03183520599250937,0.03183520599250937,0.02808988764044944,0.05181023720349564,0.06429463171036207,0.06054931335830213,0.0418227215980025,0.08551810237203497,0.029338327091136082,0.05305867665418228,0.02808988764044944,0.0418227215980025,0.07802746566791512,0.046816479400749074,0.06679151061173534,0.02808988764044944,0.09925093632958804,0.056803995006242204,0.030586766541822723,0.04556803995006243
691,0.04770531400966182,0.040458937198067625,0.030797101449275357,0.03442028985507246,0.02958937198067632,0.03562801932367149,0.30012077294685985,0.03804347826086956,0.04166666666666666,0.02838164251207729,0.06340579710144927,0.02958937198067632,0.04166666666666666,0.04649758454106279,0.033212560386473425,0.03562801932367149,0.030797101449275357,0.027173913043478253,0.027173913043478253,0.03804347826086956
692,0.033730158730158735,0.11838624338624341,0.05886243386243387,0.04828042328042329,0.049603174603174614,0.06415343915343917,0.029761904761904767,0.03637566137566138,0.033730158730158735,0.0376984126984127,0.03108465608465609,0.05224867724867726,0.04431216931216932,0.04563492063492064,0.029761904761904767,0.05092592592592594,0.033730158730158735,0.04431216931216932,0.09060846560846562,0.06679894179894182
693,0.0394912985274431,0.07831325301204818,0.031459170013386877,0.03413654618473895,0.03279785809906291,0.071619812583668,0.046184738955823285,0.062248995983935726,0.0394912985274431,0.04886211512717535,0.03413654618473895,0.09170013386880856,0.0394912985274431,0.09036144578313252,0.04082998661311914,0.031459170013386877,0.05823293172690762,0.04484605087014725,0.04350736278447121,0.04082998661311914
694,0.04202898550724638,0.05265700483091788,0.05555555555555556,0.022705314009661838,0.054589371980676336,0.04782608695652175,0.04879227053140097,0.04202898550724638,0.08260869565217392,0.03333333333333334,0.054589371980676336,0.03526570048309179,0.07294685990338165,0.05652173913043479,0.026570048309178747,0.02560386473429952,0.03333333333333334,0.053623188405797106,0.07681159420289857,0.08260869565217392
695,0.03968253968253969,0.06437389770723105,0.05731922398589066,0.041446208112874784,0.05908289241622576,0.05202821869488537,0.03968253968253969,0.05202821869488537,0.04497354497354498,0.03968253968253969,0.03968253968253969,0.03968253968253969,0.05731922398589066,0.046737213403880075,0.04850088183421518,0.041446208112874784,0.07142857142857144,0.05731922398589066,0.05379188712522047,0.05379188712522047
696,0.035879629629629636,0.02276234567901235,0.08603395061728396,0.032021604938271615,0.026620370370370374,0.036651234567901245,0.029706790123456794,0.09760802469135804,0.026620370370370374,0.03279320987654322,0.029706790123456794,0.0304783950617284,0.026620370370370374,0.07060185185185186,0.02739197530864198,0.1956018518518519,0.039737654320987664,0.018904320987654325,0.032021604938271615,0.10223765432098766
697,0.05032679738562092,0.041176470588235294,0.03202614379084967,0.045098039215686274,0.08169934640522876,0.10915032679738562,0.03333333333333333,0.08562091503267974,0.029411764705882353,0.10915032679738562,0.029411764705882353,0.029411764705882353,0.05163398692810457,0.03725490196078431,0.03071895424836601,0.03986928104575163,0.06470588235294118,0.034640522875816995,0.029411764705882353,0.03594771241830065
698,0.042695473251028807,0.06327160493827161,0.035493827160493825,0.042695473251028807,0.1147119341563786,0.051954732510288065,0.023148148148148147,0.05915637860082305,0.03343621399176955,0.02726337448559671,0.03652263374485597,0.03755144032921811,0.04063786008230453,0.04372427983539095,0.026234567901234566,0.09722222222222222,0.04063786008230453,0.0684156378600823,0.04372427983539095,0.07150205761316872
699,0.05384615384615387,0.06581196581196584,0.08461538461538465,0.06410256410256412,0.04529914529914531,0.03846153846153848,0.03846153846153848,0.05384615384615387,0.04871794871794873,0.03846153846153848,0.04529914529914531,0.03846153846153848,0.07094017094017097,0.03846153846153848,0.03846153846153848,0.0435897435897436,0.0435897435897436,0.06410256410256412,0.04700854700854702,0.03846153846153848
700,0.03333333333333333,0.04666666666666667,0.0362962962962963,0.0437037037037037,0.04962962962962963,0.042222222222222223,0.06,0.0362962962962963,0.042222222222222223,0.08814814814814814,0.03333333333333333,0.0362962962962963,0.06444444444444444,0.03333333333333333,0.07333333333333333,0.0674074074074074,0.10592592592592592,0.0362962962962963,0.03481481481481481,0.0362962962962963
701,0.03787878787878788,0.04461279461279461,0.03787878787878788,0.047979797979797977,0.04461279461279461,0.0563973063973064,0.03787878787878788,0.03787878787878788,0.041245791245791245,0.1271043771043771,0.03787878787878788,0.05134680134680135,0.03956228956228956,0.054713804713804715,0.03956228956228956,0.04292929292929293,0.07996632996632996,0.041245791245791245,0.03956228956228956,0.05976430976430976
702,0.02623456790123457,0.07355967078189302,0.0704732510288066,0.09927983539094652,0.04783950617283951,0.024176954732510293,0.08179012345679014,0.040637860082304536,0.02520576131687243,0.02623456790123457,0.05504115226337449,0.02314814814814815,0.02314814814814815,0.11059670781893005,0.033436213991769555,0.06944444444444446,0.03240740740740741,0.043724279835390956,0.05504115226337449,0.03858024691358025
703,0.03906250000000001,0.03906250000000001,0.06857638888888891,0.04079861111111112,0.061631944444444454,0.046006944444444454,0.05121527777777778,0.03906250000000001,0.04253472222222223,0.04774305555555556,0.03906250000000001,0.06857638888888891,0.05468750000000001,0.05468750000000001,0.03906250000000001,0.08940972222222224,0.04253472222222223,0.04253472222222223,0.05121527777777778,0.04253472222222223
704,0.038971807628524056,0.06384742951907132,0.05058043117744611,0.04892205638474296,0.05223880597014926,0.038971807628524056,0.0373134328358209,0.0373134328358209,0.04063018242122721,0.04726368159203981,0.0373134328358209,0.04560530679933666,0.06882255389718078,0.04063018242122721,0.0373134328358209,0.05887230514096187,0.04394693200663351,0.04560530679933666,0.115257048092869,0.05058043117744611
705,0.06111111111111112,0.03730158730158731,0.03571428571428572,0.040476190476190485,0.043650793650793655,0.03571428571428572,0.03571428571428572,0.03571428571428572,0.042063492063492074,0.043650793650793655,0.04682539682539683,0.07857142857142858,0.043650793650793655,0.03571428571428572,0.12301587301587304,0.09444444444444447,0.045238095238095244,0.043650793650793655,0.040476190476190485,0.03730158730158731
706,0.02937013446567587,0.025123849964614295,0.0697098372257608,0.06121726822363765,0.018046709129511677,0.08457183297947629,0.01592356687898089,0.05697098372257608,0.03927813163481953,0.03078556263269639,0.06900212314225053,0.02653927813163482,0.06617126680820948,0.021585279547062988,0.024416135881104035,0.10155697098372257,0.02653927813163482,0.05555555555555555,0.04210898796886058,0.13552724699221513
707,0.05681818181818183,0.03661616161616162,0.018939393939393943,0.2428451178451179,0.03998316498316499,0.02314814814814815,0.03577441077441078,0.03577441077441078,0.03324915824915826,0.028198653198653206,0.031565656565656575,0.08122895622895625,0.04587542087542088,0.045033670033670044,0.061868686868686885,0.019781144781144785,0.05850168350168351,0.057659932659932675,0.02567340067340068,0.021464646464646468
708,0.035818713450292396,0.03289473684210526,0.03874269005847953,0.05482456140350877,0.062134502923976605,0.07967836257309942,0.03289473684210526,0.035818713450292396,0.03435672514619883,0.05043859649122807,0.046052631578947366,0.03289473684210526,0.07383040935672515,0.09722222222222222,0.046052631578947366,0.03289473684210526,0.041666666666666664,0.03289473684210526,0.10453216374269006,0.03435672514619883
709,0.0528322440087146,0.06808278867102396,0.04411764705882353,0.03867102396514161,0.0593681917211329,0.039760348583877995,0.03758169934640523,0.05392156862745098,0.03104575163398693,0.08224400871459694,0.03431372549019608,0.056100217864923745,0.04520697167755991,0.05827886710239651,0.06263616557734204,0.04302832244008715,0.051742919389978215,0.04520697167755991,0.06263616557734204,0.0332244008714597
710,0.040555555555555546,0.1372222222222222,0.08499999999999999,0.04722222222222221,0.06944444444444443,0.0361111111111111,0.034999999999999996,0.026111111111111106,0.024999999999999994,0.024999999999999994,0.030555555555555548,0.05833333333333332,0.05166666666666665,0.0361111111111111,0.04722222222222221,0.034999999999999996,0.032777777777777774,0.05833333333333332,0.07833333333333332,0.04499999999999999
711,0.03490658800393314,0.0368731563421829,0.02605703048180925,0.24827925270403153,0.049655850540806304,0.06637168141592922,0.025073746312684372,0.044739429695181916,0.044739429695181916,0.025073746312684372,0.038839724680432654,0.030973451327433635,0.033923303834808266,0.024090462143559494,0.08112094395280238,0.03490658800393314,0.024090462143559494,0.03785644051130777,0.04277286135693216,0.049655850540806304
712,0.028735632183908053,0.08620689655172416,0.04150702426564496,0.030012771392081743,0.04661558109833973,0.04022988505747127,0.03384418901660282,0.07215836526181355,0.06704980842911878,0.03128991060025543,0.049169859514687116,0.055555555555555566,0.030012771392081743,0.03767560664112389,0.11302681992337167,0.11430395913154537,0.03128991060025543,0.030012771392081743,0.028735632183908053,0.03256704980842912
713,0.08333333333333333,0.042682926829268296,0.046747967479674794,0.03048780487804878,0.04539295392953929,0.03997289972899729,0.03319783197831978,0.042682926829268296,0.03319783197831978,0.046747967479674794,0.03048780487804878,0.042682926829268296,0.054878048780487805,0.03726287262872629,0.06842818428184282,0.0494579945799458,0.03048780487804878,0.09417344173441734,0.07926829268292683,0.06842818428184282
714,0.08185185185185186,0.024814814814814814,0.024814814814814814,0.01888888888888889,0.03888888888888889,0.07296296296296297,0.05,0.04703703703703704,0.021111111111111112,0.02851851851851852,0.04407407407407407,0.06703703703703703,0.03962962962962963,0.058888888888888886,0.08259259259259259,0.09222222222222222,0.03148148148148148,0.052222222222222225,0.05592592592592593,0.06703703703703703
715,0.03392330383480826,0.06047197640117994,0.06637168141592921,0.023107177974434612,0.025073746312684365,0.06538839724680433,0.02704031465093412,0.04277286135693215,0.061455260570304815,0.05063913470993117,0.04375614552605703,0.06932153392330384,0.0319567354965585,0.035889872173058016,0.06932153392330384,0.03883972468043265,0.03687315634218289,0.05063913470993117,0.056538839724680434,0.11061946902654868
716,0.06790123456790123,0.050068587105624146,0.033607681755829906,0.062414266117969824,0.05281207133058985,0.03497942386831276,0.07064471879286695,0.047325102880658436,0.030864197530864196,0.03635116598079561,0.08573388203017833,0.030864197530864196,0.03223593964334705,0.03909465020576132,0.03223593964334705,0.033607681755829906,0.11865569272976681,0.04869684499314129,0.04046639231824417,0.051440329218107
717,0.02938034188034188,0.013354700854700854,0.016915954415954417,0.048254985754985755,0.012286324786324786,0.0568019943019943,0.0219017094017094,0.021545584045584047,0.021545584045584047,0.06891025641025642,0.05466524216524216,0.029736467236467237,0.06392450142450143,0.04398148148148148,0.04896723646723647,0.018696581196581196,0.3107193732193732,0.02581908831908832,0.029736467236467237,0.06285612535612535
718,0.05011655011655012,0.05788655788655789,0.0236985236985237,0.027583527583527584,0.045454545454545456,0.030691530691530692,0.026029526029526028,0.08818958818958819,0.02292152292152292,0.08663558663558664,0.029137529137529136,0.06798756798756798,0.0236985236985237,0.08275058275058275,0.10839160839160839,0.040015540015540016,0.07498057498057498,0.027583527583527584,0.060217560217560216,0.026029526029526028
719,0.057264957264957284,0.04017094017094019,0.08119658119658123,0.04188034188034189,0.04017094017094019,0.08119658119658123,0.07264957264957268,0.08974358974358977,0.04017094017094019,0.05384615384615387,0.0435897435897436,0.04017094017094019,0.03846153846153848,0.04017094017094019,0.03846153846153848,0.03846153846153848,0.04017094017094019,0.04017094017094019,0.04188034188034189,0.04017094017094019
720,0.039405684754521955,0.04328165374677002,0.11304909560723511,0.06782945736434107,0.048449612403100764,0.052325581395348826,0.10012919896640825,0.05620155038759689,0.03165374677002583,0.052325581395348826,0.030361757105943146,0.04974160206718345,0.029069767441860458,0.03294573643410852,0.029069767441860458,0.045865633074935394,0.039405684754521955,0.03811369509043927,0.03423772609819121,0.06653746770025838
721,0.06494522691705791,0.038341158059467924,0.05555555555555556,0.05868544600938968,0.06338028169014086,0.03521126760563381,0.03521126760563381,0.04929577464788733,0.04147104851330204,0.05242566510172145,0.03677621283255087,0.0915492957746479,0.03677621283255087,0.04147104851330204,0.06651017214397498,0.06181533646322379,0.04147104851330204,0.038341158059467924,0.03677621283255087,0.05399061032863851
722,0.054455445544554455,0.028052805280528052,0.09185918591859187,0.02695269526952695,0.028052805280528052,0.05115511551155116,0.034653465346534656,0.030253025302530254,0.04455445544554455,0.032453245324532455,0.035753575357535754,0.14466446644664466,0.07755775577557755,0.08855885588558855,0.03685368536853685,0.030253025302530254,0.029152915291529153,0.029152915291529153,0.04455445544554455,0.06105610561056106
723,0.08281893004115225,0.024176954732510282,0.024176954732510282,0.36059670781893,0.03652263374485596,0.03343621399176954,0.023148148148148143,0.0272633744855967,0.02623456790123456,0.0324074074074074,0.02623456790123456,0.023148148148148143,0.02829218106995884,0.0324074074074074,0.06944444444444443,0.0324074074074074,0.03446502057613168,0.0272633744855967,0.02520576131687242,0.03034979423868312
724,0.0371900826446281,0.032598714416896234,0.03535353535353535,0.03076216712580349,0.07851239669421488,0.0775941230486685,0.03076216712580349,0.049127640036730945,0.0472910927456382,0.05555555555555555,0.05096418732782369,0.02800734618916437,0.05096418732782369,0.08677685950413223,0.03902662993572085,0.0472910927456382,0.0371900826446281,0.07392102846648302,0.046372819100091826,0.06473829201101929
725,0.053617571059431525,0.09237726098191215,0.03294573643410853,0.030361757105943153,0.043281653746770024,0.03294573643410853,0.0355297157622739,0.09496124031007752,0.05749354005167959,0.04974160206718346,0.043281653746770024,0.047157622739018086,0.044573643410852716,0.07816537467700259,0.05232558139534884,0.03940568475452196,0.03811369509043928,0.044573643410852716,0.0355297157622739,0.053617571059431525
726,0.040334855403348545,0.035768645357686445,0.040334855403348545,0.04794520547945204,0.05707762557077624,0.04946727549467274,0.043378995433789945,0.034246575342465745,0.07990867579908674,0.04946727549467274,0.05251141552511414,0.05251141552511414,0.034246575342465745,0.05251141552511414,0.06773211567732114,0.038812785388127845,0.05555555555555554,0.07382039573820394,0.04946727549467274,0.044901065449010645
727,0.0308641975308642,0.02421652421652422,0.025166191832858502,0.12393162393162395,0.03561253561253562,0.03466286799620134,0.03561253561253562,0.0308641975308642,0.028964862298195636,0.026115859449192785,0.0308641975308642,0.10588793922127257,0.14197530864197533,0.0650522317188984,0.10778727445394114,0.04320987654320988,0.025166191832858502,0.036562203228869904,0.02421652421652422,0.02326685660018994
728,0.03774928774928775,0.0349002849002849,0.11609686609686609,0.05056980056980057,0.05626780626780627,0.03205128205128205,0.03205128205128205,0.0349002849002849,0.03205128205128205,0.03774928774928775,0.057692307692307696,0.03774928774928775,0.046296296296296294,0.03917378917378917,0.03632478632478633,0.10754985754985755,0.04202279202279202,0.07193732193732194,0.04344729344729345,0.053418803418803416
729,0.05675029868578254,0.02688172043010752,0.03405017921146953,0.03405017921146953,0.030465949820788523,0.06033452807646355,0.03405017921146953,0.02688172043010752,0.05436081242532854,0.049581839904420534,0.09498207885304656,0.02807646356033452,0.08183990442054957,0.06511350059737155,0.09737156511350056,0.050776583034647535,0.030465949820788523,0.03882915173237753,0.05316606929510154,0.051971326164874536
730,0.0339966832504146,0.021282476506357107,0.06495301271420675,0.04228855721393036,0.026257600884466558,0.07324488667772251,0.02017689331122167,0.02072968490878939,0.0760088446655611,0.01686014372581537,0.03454947484798232,0.027363184079601994,0.04394693200663351,0.06495301271420675,0.022940851299060257,0.15561083471531237,0.01907131011608624,0.0793255942509674,0.09369817578772804,0.0627418463239359
731,0.05969267139479906,0.10224586288416075,0.0384160756501182,0.03250591016548463,0.027777777777777776,0.0726950354609929,0.0466903073286052,0.03486997635933806,0.040780141843971635,0.026595744680851064,0.026595744680851064,0.026595744680851064,0.027777777777777776,0.050236406619385346,0.028959810874704492,0.03486997635933806,0.031323877068557916,0.03250591016548463,0.22990543735224586,0.028959810874704492
732,0.035285285285285295,0.0412912912912913,0.08033033033033034,0.03378378378378379,0.050300300300300305,0.050300300300300305,0.039789789789789795,0.035285285285285295,0.035285285285285295,0.07582582582582584,0.07132132132132134,0.05930930930930932,0.04729729729729731,0.05480480480480481,0.03378378378378379,0.0412912912912913,0.06681681681681684,0.06231231231231232,0.050300300300300305,0.035285285285285295
733,0.05063913470993117,0.026057030481809244,0.15781710914454278,0.05555555555555555,0.040806293018682396,0.035889872173058016,0.08308751229105212,0.06735496558505408,0.022123893805309734,0.04473942969518191,0.022123893805309734,0.0535889872173058,0.061455260570304815,0.04965585054080629,0.024090462143559487,0.0319567354965585,0.04375614552605703,0.05063913470993117,0.05063913470993117,0.028023598820058997
734,0.0667989417989418,0.031084656084656083,0.02976190476190476,0.031084656084656083,0.05357142857142857,0.03373015873015873,0.02976190476190476,0.07605820105820106,0.05092592592592592,0.031084656084656083,0.061507936507936505,0.14351851851851852,0.02976190476190476,0.04828042328042328,0.032407407407407406,0.036375661375661374,0.06415343915343916,0.08531746031746032,0.03373015873015873,0.031084656084656083
735,0.01916376306620209,0.017228029423151374,0.026519550909794812,0.009872241579558653,0.01684088269454123,0.023035230352303523,0.026519550909794812,0.017615176151761516,0.01916376306620209,0.01645373596593109,0.018776616337591947,0.025745257452574527,0.04548974061169183,0.08149438637243515,0.34823848238482386,0.03464963221060782,0.032713898567557104,0.1391792489353465,0.019938056523422377,0.0613627564847077
736,0.043589743589743594,0.05384615384615386,0.03846153846153847,0.05213675213675215,0.05213675213675215,0.04871794871794873,0.12051282051282054,0.04700854700854702,0.043589743589743594,0.04017094017094018,0.06581196581196583,0.041880341880341884,0.03846153846153847,0.03846153846153847,0.03846153846153847,0.04017094017094018,0.05042735042735044,0.041880341880341884,0.06239316239316241,0.041880341880341884
737,0.040334855403348545,0.034246575342465745,0.04794520547945204,0.044901065449010645,0.06012176560121764,0.034246575342465745,0.05251141552511414,0.12252663622526633,0.034246575342465745,0.09817351598173513,0.06925418569254184,0.034246575342465745,0.034246575342465745,0.034246575342465745,0.035768645357686445,0.034246575342465745,0.043378995433789945,0.035768645357686445,0.04946727549467274,0.06012176560121764
738,0.042063492063492074,0.05000000000000001,0.076984126984127,0.07222222222222223,0.05000000000000001,0.040476190476190485,0.03571428571428572,0.07063492063492065,0.05158730158730159,0.0753968253968254,0.03571428571428572,0.04841269841269842,0.03571428571428572,0.05158730158730159,0.03571428571428572,0.043650793650793655,0.03571428571428572,0.03571428571428572,0.0753968253968254,0.03730158730158731
739,0.03727144866385373,0.07524613220815753,0.03164556962025317,0.03727144866385373,0.034458509142053444,0.034458509142053444,0.03867791842475387,0.04852320675105485,0.04430379746835443,0.04571026722925457,0.03164556962025317,0.08931082981715893,0.05977496483825598,0.04852320675105485,0.04289732770745429,0.051336146272855133,0.08790436005625879,0.0639943741209564,0.0639943741209564,0.03305203938115331
740,0.0421146953405018,0.05645161290322582,0.06899641577060933,0.0421146953405018,0.040322580645161296,0.040322580645161296,0.061827956989247326,0.045698924731182804,0.040322580645161296,0.07437275985663083,0.0439068100358423,0.0439068100358423,0.05645161290322582,0.040322580645161296,0.040322580645161296,0.08691756272401435,0.045698924731182804,0.0439068100358423,0.040322580645161296,0.045698924731182804
741,0.02401129943502825,0.030602636534839925,0.05602636534839925,0.030602636534839925,0.08239171374764595,0.051318267419962336,0.059792843691148775,0.0211864406779661,0.06073446327683616,0.04566854990583804,0.052259887005649715,0.054143126177024485,0.0739171374764595,0.0371939736346516,0.0795668549905838,0.05037664783427495,0.02401129943502825,0.05790960451977401,0.029661016949152543,0.07862523540489642
742,0.03576864535768645,0.03576864535768645,0.07534246575342465,0.04033485540334855,0.08295281582952815,0.03729071537290715,0.03424657534246575,0.06012176560121765,0.03881278538812785,0.05859969558599695,0.04490106544901065,0.03424657534246575,0.03424657534246575,0.06468797564687975,0.03424657534246575,0.08143074581430745,0.04946727549467275,0.03576864535768645,0.06164383561643835,0.06012176560121765
743,0.0462962962962963,0.0462962962962963,0.048353909465020585,0.0462962962962963,0.0462962962962963,0.0462962962962963,0.0462962962962963,0.0462962962962963,0.048353909465020585,0.06069958847736626,0.0462962962962963,0.048353909465020585,0.0462962962962963,0.06687242798353911,0.06275720164609055,0.0462962962962963,0.05041152263374486,0.054526748971193424,0.05041152263374486,0.0462962962962963
744,0.01814814814814815,0.024074074074074074,0.05592592592592593,0.01888888888888889,0.052222222222222225,0.06407407407407407,0.05148148148148148,0.06925925925925926,0.01814814814814815,0.07296296296296297,0.03148148148148148,0.14555555555555555,0.025555555555555557,0.01814814814814815,0.02185185185185185,0.04777777777777778,0.027777777777777776,0.1448148148148148,0.058888888888888886,0.032962962962962965
745,0.025280898876404494,0.02278401997503121,0.056491885143570536,0.018414481897627965,0.07459425717852684,0.11204744069912609,0.026529338327091135,0.03776529338327091,0.025280898876404494,0.02028714107365793,0.0852059925093633,0.033395755305867664,0.13389513108614232,0.0433832709113608,0.032147315855181026,0.025280898876404494,0.024032459425717852,0.08021223470661673,0.020911360799001247,0.10205992509363296
746,0.06063685636856369,0.015243902439024392,0.028794037940379408,0.028116531165311657,0.054539295392953935,0.06199186991869919,0.03963414634146342,0.04505420054200543,0.04031165311653117,0.0206639566395664,0.03556910569105692,0.09180216802168023,0.03082655826558266,0.09993224932249324,0.08773712737127373,0.07215447154471546,0.028116531165311657,0.11077235772357726,0.018631436314363148,0.02947154471544716
747,0.057588075880758795,0.08197831978319782,0.09281842818428183,0.05352303523035229,0.033197831978319776,0.057588075880758795,0.033197831978319776,0.04132791327913279,0.05623306233062329,0.03726287262872628,0.033197831978319776,0.0589430894308943,0.04268292682926829,0.04674796747967479,0.033197831978319776,0.030487804878048773,0.031842818428184275,0.057588075880758795,0.06707317073170731,0.05352303523035229
748,0.03968253968253969,0.05379188712522046,0.03968253968253969,0.14726631393298062,0.041446208112874784,0.03968253968253969,0.06613756613756615,0.041446208112874784,0.041446208112874784,0.04850088183421517,0.04850088183421517,0.03968253968253969,0.041446208112874784,0.03968253968253969,0.05555555555555556,0.03968253968253969,0.03968253968253969,0.057319223985890656,0.03968253968253969,0.03968253968253969
749,0.02463768115942029,0.06231884057971015,0.08067632850241546,0.0391304347826087,0.04589371980676329,0.026570048309178744,0.04492753623188406,0.04396135265700483,0.24685990338164251,0.022705314009661835,0.023671497584541065,0.02753623188405797,0.049758454106280194,0.042028985507246375,0.02463768115942029,0.0536231884057971,0.03719806763285024,0.026570048309178744,0.049758454106280194,0.02753623188405797
750,0.028528528528528527,0.014114114114114115,0.06576576576576576,0.06816816816816818,0.03993993993993994,0.02072072072072072,0.024924924924924926,0.02132132132132132,0.016516516516516516,0.014714714714714715,0.07237237237237237,0.15945945945945947,0.038138138138138135,0.04954954954954955,0.07717717717717718,0.02192192192192192,0.028528528528528527,0.014714714714714715,0.025525525525525526,0.19789789789789788
751,0.07875457875457877,0.03968253968253969,0.23260073260073263,0.042124542124542134,0.03601953601953602,0.028693528693528696,0.03357753357753358,0.044566544566544575,0.04334554334554335,0.04334554334554335,0.05311355311355312,0.028693528693528696,0.027472527472527476,0.03968253968253969,0.042124542124542134,0.02991452991452992,0.028693528693528696,0.028693528693528696,0.05921855921855922,0.03968253968253969
752,0.02976190476190476,0.04431216931216931,0.036375661375661374,0.02976190476190476,0.03373015873015873,0.056216931216931214,0.03373015873015873,0.02976190476190476,0.08134920634920635,0.03373015873015873,0.04298941798941799,0.03373015873015873,0.032407407407407406,0.056216931216931214,0.1130952380952381,0.05357142857142857,0.04034391534391534,0.0496031746031746,0.125,0.04431216931216931
753,0.09036144578313253,0.03681392235609103,0.03145917001338688,0.03413654618473896,0.06091030789825971,0.07161981258366801,0.03279785809906292,0.06894243641231593,0.03815261044176707,0.030120481927710843,0.03413654618473896,0.05689424364123159,0.05287817938420348,0.04484605087014726,0.06760374832663989,0.03145917001338688,0.08902275769745649,0.03681392235609103,0.05287817938420348,0.03815261044176707
754,0.0562169312169312,0.03769841269841269,0.03769841269841269,0.040343915343915335,0.05224867724867723,0.0324074074074074,0.029761904761904753,0.029761904761904753,0.035052910052910044,0.029761904761904753,0.06283068783068782,0.029761904761904753,0.06018518518518517,0.08134920634920634,0.11309523809523807,0.1091269841269841,0.03769841269841269,0.040343915343915335,0.0324074074074074,0.05224867724867723
755,0.03304597701149426,0.030172413793103453,0.022509578544061305,0.06178160919540231,0.04837164750957855,0.03496168582375479,0.02538314176245211,0.03496168582375479,0.04454022988505748,0.12500000000000003,0.029214559386973184,0.06657088122605366,0.03975095785440614,0.0589080459770115,0.10775862068965518,0.10584291187739465,0.03591954022988506,0.03208812260536399,0.03400383141762453,0.029214559386973184
756,0.03906249999999999,0.13281249999999997,0.08072916666666666,0.03906249999999999,0.04947916666666665,0.03906249999999999,0.03906249999999999,0.052951388888888874,0.03906249999999999,0.040798611111111105,0.03906249999999999,0.03906249999999999,0.04253472222222222,0.04600694444444444,0.03906249999999999,0.04427083333333333,0.040798611111111105,0.054687499999999986,0.05989583333333332,0.04253472222222222
757,0.028735632183908046,0.028735632183908046,0.09642401021711366,0.10791826309067688,0.031289910600255426,0.04533844189016603,0.044061302681992334,0.1040868454661558,0.05044699872286079,0.06194125159642401,0.04789272030651341,0.038952745849297574,0.06066411238825032,0.028735632183908046,0.0351213282247765,0.032567049808429116,0.0351213282247765,0.038952745849297574,0.041507024265644954,0.041507024265644954
758,0.03345959595959596,0.05744949494949495,0.061237373737373736,0.06502525252525253,0.03345959595959596,0.029671717171717172,0.13446969696969696,0.05113636363636364,0.03345959595959596,0.09785353535353536,0.028409090909090908,0.034722222222222224,0.028409090909090908,0.028409090909090908,0.0726010101010101,0.028409090909090908,0.03345959595959596,0.03345959595959596,0.049873737373737376,0.06502525252525253
759,0.030246913580246913,0.029012345679012345,0.033950617283950615,0.03518518518518519,0.05,0.040123456790123455,0.03148148148148148,0.05493827160493827,0.033950617283950615,0.040123456790123455,0.09320987654320988,0.06358024691358025,0.040123456790123455,0.09938271604938272,0.08333333333333333,0.07098765432098765,0.027777777777777776,0.046296296296296294,0.06358024691358025,0.03271604938271605
760,0.052592592592592594,0.03777777777777778,0.05407407407407407,0.03481481481481481,0.04666666666666667,0.03777777777777778,0.03925925925925926,0.04666666666666667,0.04666666666666667,0.04962962962962963,0.03481481481481481,0.03333333333333333,0.04666666666666667,0.061481481481481484,0.06296296296296296,0.14888888888888888,0.03777777777777778,0.03777777777777778,0.03333333333333333,0.05703703703703704
761,0.02029274783765802,0.053559547571523626,0.026946107784431142,0.015635395874916837,0.018962075848303398,0.053559547571523626,0.015635395874916837,0.05289421157684632,0.03692614770459082,0.12674650698602796,0.07152361942781106,0.015635395874916837,0.03426480372588158,0.033599467731204265,0.05422488356620094,0.18662674650698605,0.03958749168330007,0.024284763805721893,0.05489021956087825,0.06420492348636063
762,0.04983660130718956,0.06781045751633988,0.0792483660130719,0.038398692810457526,0.0792483660130719,0.053104575163398705,0.03676470588235295,0.03676470588235295,0.06781045751633988,0.040032679738562095,0.04166666666666667,0.03676470588235295,0.04166666666666667,0.04166666666666667,0.03676470588235295,0.05147058823529413,0.06454248366013074,0.058006535947712434,0.03676470588235295,0.04166666666666667
763,0.02551020408163266,0.06519274376417235,0.061791383219954664,0.049319727891156476,0.042517006802721094,0.03911564625850341,0.16156462585034018,0.03117913832199547,0.03798185941043085,0.02551020408163266,0.03571428571428572,0.02551020408163266,0.03684807256235828,0.043650793650793655,0.027777777777777783,0.0787981859410431,0.03911564625850341,0.03911564625850341,0.0787981859410431,0.05498866213151929
764,0.04996505939902166,0.14081062194269742,0.025506638714185886,0.05345911949685535,0.03389238294898672,0.01642208245981831,0.04018169112508735,0.025506638714185886,0.09958071278825996,0.09049615653389238,0.03948287910552061,0.057651991614255764,0.023410202655485674,0.0716282320055905,0.03948287910552061,0.02620545073375262,0.05345911949685535,0.03249475890985325,0.021313766596785466,0.05904961565338924
765,0.10642135642135644,0.02994227994227995,0.03860028860028861,0.03571428571428572,0.029220779220779227,0.06240981240981242,0.08333333333333334,0.058802308802308814,0.0450937950937951,0.03427128427128428,0.06962481962481964,0.043650793650793655,0.03787878787878789,0.03643578643578644,0.040764790764790775,0.040764790764790775,0.07106782106782109,0.08621933621933624,0.028499278499278507,0.021284271284271288
766,0.05361757105943151,0.04328165374677002,0.07558139534883719,0.036821705426356585,0.06007751937984495,0.04069767441860465,0.029069767441860458,0.036821705426356585,0.030361757105943146,0.09108527131782944,0.029069767441860458,0.029069767441860458,0.04198966408268733,0.06007751937984495,0.03294573643410852,0.11046511627906974,0.051033591731266134,0.029069767441860458,0.039405684754521955,0.07945736434108526
767,0.03521126760563381,0.03677621283255087,0.09311424100156496,0.038341158059467924,0.043035993740219096,0.03521126760563381,0.14319248826291084,0.04147104851330204,0.03521126760563381,0.03521126760563381,0.07120500782472615,0.03521126760563381,0.08685446009389673,0.03521126760563381,0.039906103286384983,0.053990610328638514,0.03521126760563381,0.03521126760563381,0.03521126760563381,0.03521126760563381
768,0.06833824975417895,0.14601769911504422,0.06833824975417895,0.04670599803343165,0.02507374631268436,0.05260570304818091,0.029006882989183868,0.0447394296951819,0.05063913470993116,0.04080629301868239,0.026057030481809237,0.0663716814159292,0.05162241887905603,0.03097345132743362,0.02212389380530973,0.05358898721730579,0.02802359882005899,0.02704031465093411,0.060471976401179926,0.0614552605703048
769,0.03982300884955753,0.023107177974434616,0.06047197640117995,0.07620452310717798,0.03294001966568339,0.03982300884955753,0.03490658800393314,0.027040314650934122,0.04572271386430679,0.03195673549655851,0.023107177974434616,0.09488692232055065,0.06145526057030482,0.03294001966568339,0.04768928220255655,0.02507374631268437,0.13913470993117014,0.027040314650934122,0.054572271386430685,0.08210422812192725
770,0.05478395061728395,0.09182098765432099,0.08719135802469136,0.04552469135802469,0.04861111111111111,0.034722222222222224,0.036265432098765434,0.04089506172839506,0.06558641975308642,0.0470679012345679,0.04398148148148148,0.034722222222222224,0.034722222222222224,0.03780864197530864,0.04861111111111111,0.03935185185185185,0.03935185185185185,0.04089506172839506,0.09027777777777778,0.03780864197530864
771,0.03727144866385373,0.06540084388185655,0.07946554149085795,0.04430379746835443,0.058368495077355836,0.03305203938115331,0.07665260196905767,0.09071729957805907,0.04852320675105485,0.09071729957805907,0.03305203938115331,0.03164556962025317,0.034458509142053444,0.035864978902953586,0.03164556962025317,0.03305203938115331,0.047116736990154715,0.047116736990154715,0.04008438818565401,0.04149085794655415
772,0.0405982905982906,0.054843304843304845,0.03205128205128205,0.04202279202279202,0.1047008547008547,0.03347578347578348,0.07478632478632478,0.057692307692307696,0.03347578347578348,0.04487179487179487,0.04202279202279202,0.053418803418803416,0.03347578347578348,0.03347578347578348,0.04202279202279202,0.04344729344729345,0.07763532763532764,0.06481481481481481,0.05911680911680912,0.03205128205128205
773,0.15674603174603172,0.15119047619047615,0.05436507936507935,0.02658730158730158,0.027380952380952374,0.02182539682539682,0.03452380952380952,0.07579365079365077,0.044841269841269835,0.017857142857142853,0.05436507936507935,0.017857142857142853,0.022619047619047615,0.02658730158730158,0.03373015873015872,0.043253968253968246,0.027380952380952374,0.025793650793650785,0.03452380952380952,0.10277777777777775
774,0.08214285714285714,0.06865079365079366,0.059126984126984125,0.041666666666666664,0.025,0.05277777777777778,0.024206349206349207,0.034523809523809526,0.02896825396825397,0.021031746031746033,0.08214285714285714,0.037698412698412696,0.03134920634920635,0.040873015873015874,0.05119047619047619,0.08373015873015872,0.03531746031746032,0.04722222222222222,0.025793650793650792,0.12658730158730158
775,0.06618357487922705,0.11739130434782609,0.06231884057971015,0.021739130434782608,0.025603864734299518,0.09806763285024155,0.023671497584541065,0.035265700483091786,0.042995169082125605,0.029468599033816423,0.0323671497584541,0.03816425120772947,0.05652173913043478,0.03333333333333333,0.08647342995169083,0.06328502415458938,0.028502415458937197,0.03719806763285024,0.04396135265700483,0.05748792270531401
776,0.03630796150481191,0.023184601924759407,0.023184601924759407,0.028433945756780408,0.022309711286089242,0.05030621172353457,0.041557305336832905,0.06342957130358706,0.026684164479440078,0.08617672790901139,0.09055118110236222,0.0678040244969379,0.06342957130358706,0.03193350831146107,0.023184601924759407,0.04593175853018373,0.03718285214348207,0.03980752405949257,0.040682414698162736,0.15791776027996504
777,0.04078014184397163,0.09397163120567373,0.07269503546099289,0.03132387706855791,0.05851063829787233,0.03605200945626477,0.02777777777777777,0.026595744680851057,0.05732860520094561,0.03132387706855791,0.03368794326241134,0.056146572104018896,0.04669030732860519,0.06914893617021275,0.04550827423167848,0.056146572104018896,0.08569739952718675,0.034869976359338056,0.052600472813238756,0.04314420803782505
778,0.06054131054131054,0.04344729344729345,0.0349002849002849,0.03632478632478633,0.06623931623931624,0.03347578347578348,0.04772079772079772,0.03205128205128205,0.03347578347578348,0.04202279202279202,0.03347578347578348,0.10327635327635327,0.03632478632478633,0.0349002849002849,0.09188034188034189,0.13319088319088318,0.03917378917378917,0.03205128205128205,0.03205128205128205,0.03347578347578348
779,0.03846153846153847,0.04017094017094018,0.050427350427350436,0.03846153846153847,0.053846153846153856,0.05555555555555556,0.03846153846153847,0.048717948717948725,0.041880341880341884,0.053846153846153856,0.03846153846153847,0.10170940170940172,0.03846153846153847,0.047008547008547015,0.03846153846153847,0.041880341880341884,0.043589743589743594,0.07264957264957267,0.06923076923076925,0.048717948717948725
780,0.04413291796469367,0.17808930425752859,0.02855659397715473,0.02440290758047768,0.0659397715472482,0.06074766355140188,0.029595015576323994,0.026479750778816206,0.1188992731048806,0.03167185877466252,0.023364485981308414,0.03478712357217031,0.06282450674974041,0.06178608515057114,0.03374870197300105,0.029595015576323994,0.025441329179646945,0.03582554517133957,0.05036344755970926,0.03374870197300105
781,0.028377298161470825,0.03157474020783373,0.07314148681055156,0.03317346123101519,0.043565147881694646,0.041167066346922465,0.027577937649880094,0.017985611510791366,0.036370903277378096,0.0859312549960032,0.12829736211031176,0.01958433253397282,0.03477218225419664,0.054756195043964825,0.06594724220623502,0.06674660271782575,0.025179856115107913,0.028377298161470825,0.021183053557154278,0.13629096722621903
782,0.033333333333333326,0.06084656084656083,0.06084656084656083,0.04920634920634919,0.025925925925925918,0.06719576719576718,0.033333333333333326,0.0238095238095238,0.04285714285714285,0.029100529100529092,0.03439153439153438,0.044973544973544964,0.04285714285714285,0.028042328042328035,0.04920634920634919,0.03227513227513227,0.18359788359788357,0.033333333333333326,0.08201058201058199,0.04285714285714285
783,0.029589371980676328,0.1105072463768116,0.04891304347826087,0.03321256038647343,0.04045893719806763,0.02717391304347826,0.02717391304347826,0.03683574879227053,0.16968599033816426,0.035628019323671496,0.04528985507246377,0.0392512077294686,0.044082125603864736,0.06219806763285024,0.02717391304347826,0.03804347826086957,0.034420289855072464,0.03683574879227053,0.06340579710144928,0.050120772946859904
784,0.04089506172839506,0.0625,0.04089506172839506,0.03780864197530864,0.04552469135802469,0.04243827160493827,0.05478395061728395,0.034722222222222224,0.05324074074074074,0.034722222222222224,0.07175925925925926,0.034722222222222224,0.03780864197530864,0.034722222222222224,0.034722222222222224,0.034722222222222224,0.14429012345679013,0.05169753086419753,0.06404320987654322,0.04398148148148148
785,0.05648926237161531,0.027544351073762838,0.11437908496732026,0.023809523809523808,0.06676003734827264,0.023809523809523808,0.03034547152194211,0.046218487394957986,0.04715219421101774,0.08916900093370682,0.028478057889822595,0.03127917833800187,0.03127917833800187,0.04435107376283847,0.025676937441643323,0.07796451914098973,0.025676937441643323,0.07983193277310924,0.05368814192343604,0.07609710550887021
786,0.05836849507735584,0.04711673699015472,0.0738396624472574,0.042897327707454296,0.041490857946554154,0.03586497890295359,0.041490857946554154,0.06821378340365683,0.03867791842475388,0.04571026722925458,0.049929676511955,0.04008438818565402,0.03867791842475388,0.04430379746835444,0.07243319268635726,0.08931082981715895,0.03867791842475388,0.03445850914205345,0.041490857946554154,0.0569620253164557
787,0.04079861111111111,0.04079861111111111,0.0720486111111111,0.04079861111111111,0.0390625,0.0390625,0.0546875,0.04079861111111111,0.04079861111111111,0.0390625,0.0390625,0.04079861111111111,0.0390625,0.0390625,0.0390625,0.0390625,0.06336805555555555,0.04079861111111111,0.17100694444444445,0.04079861111111111
788,0.06607744107744108,0.04419191919191919,0.020622895622895623,0.2697811447811448,0.023989898989898988,0.023148148148148147,0.020622895622895623,0.04503367003367004,0.032407407407407406,0.03409090909090909,0.06018518518518518,0.03156565656565657,0.03577441077441077,0.023989898989898988,0.07281144781144781,0.025673400673400674,0.025673400673400674,0.040824915824915826,0.04335016835016835,0.06018518518518518
789,0.059851088201603654,0.043241695303550966,0.01460481099656357,0.023768613974799534,0.03350515463917525,0.172680412371134,0.018613974799541806,0.07989690721649483,0.01460481099656357,0.054123711340206174,0.05355097365406642,0.08161512027491408,0.05813287514318441,0.027205040091638023,0.020904925544100797,0.015750286368843066,0.018613974799541806,0.1320160366552119,0.052978235967926675,0.024341351660939283
790,0.040913006029285104,0.029715762273901814,0.03660637381567615,0.023686477174849275,0.02627045650301465,0.12360034453057711,0.021963824289405687,0.045219638242894065,0.023686477174849275,0.05986218776916453,0.03746770025839794,0.04608096468561586,0.06072351421188632,0.030577088716623606,0.034883720930232565,0.07881136950904394,0.15977605512489237,0.04780361757105944,0.04435831180017227,0.027993109388458233
791,0.03876543209876543,0.018024691358024692,0.014567901234567901,0.016049382716049384,0.049135802469135806,0.027901234567901233,0.01308641975308642,0.10296296296296296,0.041234567901234566,0.10790123456790124,0.17506172839506173,0.03777777777777778,0.11185185185185186,0.026419753086419754,0.059506172839506176,0.02493827160493827,0.042222222222222223,0.052098765432098765,0.020493827160493826,0.02
792,0.04045893719806763,0.035628019323671496,0.03804347826086957,0.14915458937198067,0.09480676328502416,0.035628019323671496,0.034420289855072464,0.04770531400966183,0.03321256038647343,0.03321256038647343,0.04770531400966183,0.04891304347826087,0.059782608695652176,0.03683574879227053,0.02717391304347826,0.0646135265700483,0.050120772946859904,0.050120772946859904,0.04045893719806763,0.0320048309178744
793,0.03547523427041499,0.03279785809906292,0.04529228023203927,0.27822400713966977,0.04663096831771531,0.020749665327978582,0.02610441767068273,0.027889335118250782,0.017626059794734493,0.014502454261490405,0.08813029897367247,0.04930834448906738,0.02744310575635877,0.012717536813922356,0.09259259259259259,0.06715751896474788,0.036367692994199015,0.026996876394466757,0.03279785809906292,0.021195894689870595
794,0.04545454545454546,0.03246753246753247,0.03246753246753247,0.06277056277056278,0.08152958152958155,0.044011544011544015,0.06421356421356422,0.044011544011544015,0.036796536796536806,0.052669552669552686,0.05122655122655124,0.03968253968253969,0.052669552669552686,0.07142857142857144,0.07431457431457433,0.044011544011544015,0.03823953823953825,0.052669552669552686,0.03391053391053392,0.04545454545454546
795,0.1312724014336918,0.022849462365591402,0.026433691756272408,0.18145161290322584,0.022849462365591402,0.03270609318996417,0.026433691756272408,0.03808243727598567,0.031810035842293916,0.031810035842293916,0.02195340501792115,0.02822580645161291,0.056003584229390696,0.023745519713261654,0.14112903225806456,0.023745519713261654,0.030913978494623663,0.03360215053763441,0.05331541218637994,0.04166666666666667
796,0.03832902670111973,0.044358311800172266,0.050387596899224806,0.04608096468561585,0.021963824289405683,0.02885443583118002,0.05813953488372093,0.05727820844099914,0.023686477174849268,0.02627045650301464,0.11670973298880276,0.08397932816537468,0.02885443583118002,0.050387596899224806,0.11326442721791559,0.06416881998277348,0.025409130060292853,0.03316106804478897,0.040051679586563305,0.04866494401378122
797,0.03202614379084968,0.062091503267973865,0.029411764705882356,0.03333333333333334,0.0647058823529412,0.09869281045751635,0.0477124183006536,0.04248366013071896,0.0411764705882353,0.05686274509803922,0.03986928104575164,0.03856209150326798,0.029411764705882356,0.04640522875816994,0.03594771241830066,0.03202614379084968,0.17058823529411768,0.03202614379084968,0.029411764705882356,0.03725490196078432
798,0.06617647058823531,0.03676470588235295,0.07598039215686275,0.03676470588235295,0.0465686274509804,0.038398692810457526,0.10702614379084968,0.05147058823529412,0.038398692810457526,0.03676470588235295,0.04983660130718955,0.038398692810457526,0.05147058823529412,0.0465686274509804,0.04330065359477125,0.054738562091503275,0.03676470588235295,0.054738562091503275,0.03676470588235295,0.0531045751633987
799,0.03815261044176707,0.03815261044176707,0.04350736278447122,0.03547523427041499,0.06626506024096386,0.03279785809906292,0.06224899598393574,0.07965194109772424,0.03815261044176707,0.03681392235609103,0.05689424364123159,0.09571619812583668,0.04752342704149933,0.03547523427041499,0.03547523427041499,0.03815261044176707,0.05421686746987952,0.07697456492637215,0.04350736278447122,0.04484605087014726
800,0.056998556998557,0.03535353535353535,0.04256854256854257,0.03391053391053391,0.03535353535353535,0.045454545454545456,0.049783549783549784,0.04401154401154401,0.03823953823953824,0.032467532467532464,0.04401154401154401,0.06132756132756133,0.03535353535353535,0.05411255411255411,0.07575757575757576,0.11471861471861472,0.04256854256854257,0.06854256854256854,0.032467532467532464,0.056998556998557
801,0.04458161865569273,0.06515775034293553,0.07064471879286695,0.15843621399176955,0.03497942386831276,0.04183813443072702,0.08024691358024691,0.05692729766803841,0.03497942386831276,0.03497942386831276,0.05281207133058985,0.03909465020576132,0.030864197530864196,0.030864197530864196,0.03635116598079561,0.03497942386831276,0.033607681755829906,0.030864197530864196,0.03497942386831276,0.05281207133058985
802,0.10561342592592594,0.04774305555555556,0.018807870370370374,0.1576967592592593,0.020543981481481486,0.050636574074074084,0.028067129629629633,0.024016203703703706,0.02112268518518519,0.01822916666666667,0.022280092592592594,0.08825231481481483,0.025752314814814818,0.017650462962962965,0.02748842592592593,0.017650462962962965,0.2063078703703704,0.02112268518518519,0.04716435185185186,0.03385416666666667
803,0.04807692307692306,0.04807692307692306,0.05235042735042733,0.04807692307692306,0.04807692307692306,0.04807692307692306,0.06944444444444442,0.04807692307692306,0.04807692307692306,0.05235042735042733,0.05448717948717947,0.04807692307692306,0.04807692307692306,0.04807692307692306,0.04807692307692306,0.04807692307692306,0.050213675213675195,0.04807692307692306,0.04807692307692306,0.04807692307692306
804,0.04600694444444445,0.0390625,0.04079861111111111,0.04079861111111111,0.0390625,0.0390625,0.0390625,0.0546875,0.04079861111111111,0.0390625,0.0390625,0.09114583333333333,0.0390625,0.06336805555555555,0.042534722222222224,0.0390625,0.04774305555555555,0.13975694444444445,0.04079861111111111,0.0390625
805,0.03925925925925926,0.0837037037037037,0.08518518518518518,0.03777777777777778,0.03925925925925926,0.03333333333333333,0.03333333333333333,0.03333333333333333,0.051111111111111114,0.03333333333333333,0.04518518518518518,0.042222222222222223,0.05851851851851852,0.04518518518518518,0.04518518518518518,0.0362962962962963,0.09407407407407407,0.040740740740740744,0.07185185185185185,0.051111111111111114
806,0.03594771241830065,0.03202614379084967,0.08431372549019608,0.03986928104575163,0.03594771241830065,0.07254901960784314,0.03333333333333333,0.029411764705882353,0.03071895424836601,0.046405228758169936,0.07777777777777778,0.042483660130718956,0.046405228758169936,0.03333333333333333,0.05947712418300653,0.10261437908496732,0.03594771241830065,0.042483660130718956,0.05032679738562092,0.06862745098039216
807,0.04033485540334856,0.052511415525114166,0.047945205479452066,0.06012176560121767,0.058599695585996966,0.03881278538812786,0.07229832572298327,0.050989345509893466,0.047945205479452066,0.04490106544901066,0.07838660578386607,0.047945205479452066,0.03424657534246576,0.04490106544901066,0.03424657534246576,0.07229832572298327,0.04337899543378996,0.04185692541856926,0.03424657534246576,0.054033485540334866
808,0.058080808080808094,0.11195286195286198,0.07491582491582494,0.042929292929292935,0.03956228956228957,0.03787878787878789,0.05639730639730641,0.0462962962962963,0.04124579124579125,0.053030303030303046,0.03787878787878789,0.04797979797979799,0.03787878787878789,0.04461279461279462,0.03787878787878789,0.042929292929292935,0.04124579124579125,0.04124579124579125,0.06818181818181819,0.03787878787878789
809,0.04711673699015472,0.04711673699015472,0.11462728551336147,0.041490857946554154,0.05133614627285514,0.033052039381153316,0.05555555555555556,0.06680731364275669,0.03445850914205345,0.03867791842475388,0.06680731364275669,0.03867791842475388,0.059774964838255985,0.041490857946554154,0.06258790436005628,0.042897327707454296,0.03445850914205345,0.03445850914205345,0.041490857946554154,0.04711673699015472
810,0.029218106995884775,0.0794238683127572,0.028395061728395062,0.026748971193415638,0.10164609053497943,0.04238683127572016,0.03662551440329218,0.02345679012345679,0.15185185185185185,0.037448559670781895,0.021810699588477367,0.05802469135802469,0.020164609053497942,0.08106995884773663,0.018518518518518517,0.0242798353909465,0.025102880658436213,0.03991769547325103,0.13209876543209875,0.021810699588477367
811,0.04732510288065842,0.11316872427983536,0.0802469135802469,0.03909465020576131,0.0336076817558299,0.03086419753086419,0.041838134430727016,0.04732510288065842,0.11179698216735251,0.0336076817558299,0.03086419753086419,0.0569272976680384,0.040466392318244164,0.03086419753086419,0.03086419753086419,0.03497942386831275,0.03497942386831275,0.03223593964334704,0.08573388203017832,0.04320987654320987
812,0.034420289855072464,0.03804347826086957,0.042874396135265704,0.05253623188405797,0.035628019323671496,0.050120772946859904,0.0320048309178744,0.06099033816425121,0.0392512077294686,0.0392512077294686,0.04528985507246377,0.06099033816425121,0.0464975845410628,0.07065217391304347,0.08997584541062802,0.07669082125603864,0.050120772946859904,0.051328502415458936,0.035628019323671496,0.04770531400966183
813,0.044256120527306965,0.06685499058380415,0.06120527306967985,0.044256120527306965,0.044256120527306965,0.0423728813559322,0.046139359698681735,0.05743879472693032,0.046139359698681735,0.046139359698681735,0.0423728813559322,0.0423728813559322,0.0423728813559322,0.0423728813559322,0.0423728813559322,0.05555555555555555,0.08945386064030132,0.05555555555555555,0.046139359698681735,0.0423728813559322
814,0.05158730158730159,0.05952380952380953,0.03730158730158731,0.040476190476190485,0.03730158730158731,0.03571428571428572,0.057936507936507946,0.05634920634920636,0.057936507936507946,0.040476190476190485,0.042063492063492074,0.09761904761904763,0.03571428571428572,0.05634920634920636,0.07222222222222223,0.03730158730158731,0.06746031746031747,0.03571428571428572,0.045238095238095244,0.03571428571428572
815,0.048798798798798795,0.03978978978978979,0.05780780780780781,0.03978978978978979,0.03528528528528529,0.038288288288288286,0.033783783783783786,0.07882882882882883,0.06681681681681682,0.038288288288288286,0.03528528528528529,0.060810810810810814,0.06381381381381382,0.06531531531531531,0.033783783783783786,0.08783783783783784,0.03978978978978979,0.03678678678678678,0.0457957957957958,0.0533033033033033
816,0.036940081442699245,0.02181500872600349,0.02065154159394997,0.06602675974403723,0.036940081442699245,0.02472367655613729,0.014252472367655613,0.02530541012216405,0.03868528214077952,0.015997673065735893,0.04741128563118092,0.06951716114019779,0.06602675974403723,0.06486329261198372,0.08987783595113438,0.025887143688190808,0.16143106457242584,0.09744037230948226,0.06311809191390343,0.013089005235602094
817,0.0373015873015873,0.06111111111111111,0.0865079365079365,0.09126984126984126,0.048412698412698414,0.03888888888888889,0.03571428571428571,0.04047619047619048,0.03571428571428571,0.048412698412698414,0.05634920634920635,0.04523809523809524,0.03571428571428571,0.04047619047619048,0.03888888888888889,0.04365079365079365,0.05476190476190476,0.046825396825396826,0.051587301587301584,0.0626984126984127
818,0.054273504273504275,0.12008547008547009,0.03717948717948718,0.020085470085470087,0.09017094017094017,0.026923076923076925,0.11666666666666667,0.03803418803418803,0.0858974358974359,0.054273504273504275,0.019230769230769232,0.03632478632478633,0.03376068376068376,0.03717948717948718,0.029487179487179487,0.06794871794871794,0.03888888888888889,0.02863247863247863,0.02863247863247863,0.03632478632478633
819,0.0713276836158192,0.043549905838041435,0.01765536723163842,0.02236346516007533,0.025188323917137476,0.020009416195856874,0.015301318267419962,0.012005649717514125,0.01765536723163842,0.035546139359698685,0.016242937853107344,0.054378531073446326,0.0821563088512241,0.12264595103578155,0.13724105461393596,0.10758003766478343,0.04590395480225989,0.033192090395480225,0.04307909604519774,0.0769774011299435
820,0.02749719416386083,0.05555555555555555,0.11054994388327721,0.0409652076318743,0.044332210998877665,0.02974186307519641,0.06677890011223345,0.058922558922558925,0.0409652076318743,0.03198653198653199,0.09034792368125702,0.03647586980920314,0.03984287317620651,0.06228956228956229,0.06677890011223345,0.08024691358024691,0.03198653198653199,0.02749719416386083,0.02749719416386083,0.02974186307519641
821,0.05020080321285141,0.0461847389558233,0.04886211512717537,0.030120481927710847,0.09705488621151273,0.03145917001338689,0.042168674698795185,0.030120481927710847,0.03815261044176708,0.11445783132530121,0.035475234270415,0.05957161981258367,0.07697456492637217,0.034136546184738964,0.04752342704149934,0.032797858099062924,0.03815261044176708,0.08366800535475236,0.030120481927710847,0.032797858099062924
822,0.022180762852404643,0.010986733001658375,0.009742951907131012,0.0134742951907131,0.03752072968490879,0.050787728026533994,0.028814262023217248,0.03296019900497513,0.4608208955223881,0.017205638474295192,0.02093698175787728,0.043325041459369815,0.04498341625207297,0.04125207296849088,0.021766169154228857,0.016791044776119403,0.01554726368159204,0.0773217247097844,0.018034825870646767,0.01554726368159204
823,0.036816578483245155,0.10427689594356263,0.061948853615520286,0.010361552028218696,0.03505291005291006,0.01565255731922399,0.0738536155202822,0.02711640211640212,0.024911816578483247,0.03813932980599648,0.018298059964726634,0.1219135802469136,0.03725749559082893,0.09810405643738979,0.0892857142857143,0.07297178130511466,0.0240299823633157,0.018298059964726634,0.026675485008818344,0.06503527336860672
824,0.0521680216802168,0.06029810298102981,0.046747967479674794,0.18766937669376693,0.03319783197831978,0.03048780487804878,0.06978319783197832,0.06029810298102981,0.03590785907859079,0.03997289972899729,0.034552845528455285,0.03726287262872629,0.03861788617886179,0.03590785907859079,0.03048780487804878,0.03184281842818428,0.046747967479674794,0.041327913279132794,0.03184281842818428,0.054878048780487805
825,0.057692307692307696,0.11894586894586895,0.054843304843304845,0.04344729344729345,0.046296296296296294,0.03347578347578348,0.03205128205128205,0.09757834757834757,0.03917378917378917,0.03205128205128205,0.03205128205128205,0.054843304843304845,0.03347578347578348,0.0349002849002849,0.03774928774928775,0.03347578347578348,0.06481481481481481,0.053418803418803416,0.06054131054131054,0.03917378917378917
826,0.0733204134366925,0.048772609819121446,0.016472868217054265,0.08301033591731266,0.038436692506459945,0.03972868217054264,0.02099483204134367,0.017118863049095608,0.016472868217054265,0.048772609819121446,0.18507751937984496,0.03133074935400517,0.11918604651162791,0.02487080103359173,0.02487080103359173,0.022286821705426358,0.04425064599483204,0.061046511627906974,0.03520671834625323,0.048772609819121446
827,0.036541889483065956,0.06981580510992276,0.10190136660724897,0.036541889483065956,0.03535353535353535,0.11853832442067737,0.04783125371360666,0.09774212715389186,0.08407605466428995,0.04188948306595366,0.040106951871657755,0.02703505644682115,0.049019607843137254,0.026440879382055853,0.034165181224004755,0.015151515151515152,0.017528223410576353,0.024658348187759953,0.034759358288770054,0.060903149138443254
828,0.061042524005486966,0.04869684499314129,0.04458161865569273,0.03497942386831276,0.07064471879286695,0.06790123456790123,0.05829903978052126,0.030864197530864196,0.03772290809327846,0.06652949245541838,0.03909465020576132,0.05829903978052126,0.03497942386831276,0.06652949245541838,0.043209876543209874,0.04458161865569273,0.07338820301783265,0.04046639231824417,0.03772290809327846,0.04046639231824417
829,0.025883838383838377,0.039772727272727265,0.062499999999999986,0.2872474747474747,0.03598484848484848,0.06334175084175082,0.017466329966329963,0.04356060606060606,0.03261784511784511,0.01578282828282828,0.051136363636363626,0.014941077441077437,0.01957070707070707,0.03472222222222222,0.1096380471380471,0.05492424242424241,0.0162037037037037,0.012836700336700334,0.038510101010101,0.023358585858585856
830,0.04079861111111111,0.058159722222222224,0.04079861111111111,0.04600694444444445,0.0390625,0.0390625,0.0390625,0.0390625,0.1293402777777778,0.0390625,0.044270833333333336,0.1032986111111111,0.0390625,0.0390625,0.0390625,0.05642361111111111,0.04774305555555555,0.042534722222222224,0.0390625,0.0390625
831,0.06399437412095642,0.048523206751054856,0.03445850914205345,0.07243319268635726,0.037271448663853735,0.031645569620253174,0.03445850914205345,0.03867791842475388,0.05555555555555556,0.05274261603375528,0.0569620253164557,0.033052039381153316,0.03586497890295359,0.03445850914205345,0.048523206751054856,0.10196905766526021,0.031645569620253174,0.031645569620253174,0.05133614627285514,0.1047819971870605
832,0.027472527472527476,0.02991452991452992,0.027472527472527476,0.068986568986569,0.03724053724053725,0.03846153846153847,0.28510378510378515,0.03113553113553114,0.032356532356532366,0.027472527472527476,0.03968253968253969,0.07997557997557998,0.032356532356532366,0.03113553113553114,0.04334554334554335,0.049450549450549455,0.028693528693528696,0.02991452991452992,0.027472527472527476,0.032356532356532366
833,0.04144620811287479,0.08553791887125223,0.04144620811287479,0.039682539682539694,0.04320987654320989,0.039682539682539694,0.08377425044091713,0.039682539682539694,0.07142857142857145,0.07495590828924165,0.039682539682539694,0.05555555555555557,0.039682539682539694,0.039682539682539694,0.039682539682539694,0.039682539682539694,0.039682539682539694,0.04320987654320989,0.039682539682539694,0.06261022927689597
834,0.04228855721393036,0.0373134328358209,0.06550580431177447,0.050580431177446115,0.04228855721393036,0.0373134328358209,0.14013266998341628,0.060530679933665024,0.047263681592039815,0.04394693200663351,0.0373134328358209,0.0373134328358209,0.038971807628524056,0.04394693200663351,0.04063018242122721,0.050580431177446115,0.0373134328358209,0.04560530679933666,0.047263681592039815,0.053897180762852416
835,0.042063492063492074,0.042063492063492074,0.045238095238095244,0.03730158730158731,0.061111111111111116,0.03571428571428572,0.05000000000000001,0.042063492063492074,0.04841269841269842,0.03571428571428572,0.05476190476190477,0.05317460317460318,0.09126984126984128,0.045238095238095244,0.03571428571428572,0.040476190476190485,0.03571428571428572,0.05634920634920636,0.10873015873015875,0.038888888888888896
836,0.07469135802469135,0.06234567901234567,0.09320987654320986,0.05987654320987653,0.029012345679012338,0.04506172839506172,0.04876543209876542,0.03765432098765432,0.04382716049382716,0.029012345679012338,0.029012345679012338,0.03395061728395061,0.051234567901234554,0.04629629629629629,0.030246913580246906,0.030246913580246906,0.04135802469135802,0.05987654320987653,0.1253086419753086,0.029012345679012338
837,0.06927297668038407,0.05555555555555554,0.10493827160493824,0.07201646090534979,0.0363511659807956,0.03223593964334704,0.03086419753086419,0.04595336076817558,0.041838134430727016,0.052812071330589835,0.0336076817558299,0.0336076817558299,0.06652949245541837,0.05006858710562413,0.06241426611796981,0.04595336076817558,0.03086419753086419,0.0363511659807956,0.041838134430727016,0.0569272976680384
838,0.03968253968253968,0.04945054945054945,0.04822954822954823,0.043345543345543344,0.05555555555555555,0.040903540903540904,0.028693528693528692,0.029914529914529916,0.04700854700854701,0.06776556776556776,0.033577533577533576,0.03968253968253968,0.054334554334554336,0.056776556776556776,0.028693528693528692,0.03968253968253968,0.03235653235653236,0.05311355311355311,0.15567765567765568,0.05555555555555555
839,0.034050179211469536,0.04121863799283154,0.04121863799283154,0.03046594982078853,0.05913978494623656,0.04360812425328554,0.04121863799283154,0.031660692951015534,0.04958183990442055,0.04002389486260454,0.03763440860215054,0.05913978494623656,0.04241338112305854,0.05913978494623656,0.11409796893667862,0.03643966547192354,0.13799283154121864,0.04121863799283154,0.028076463560334528,0.031660692951015534
840,0.04545454545454546,0.0343915343915344,0.02621452621452622,0.03102453102453103,0.06565656565656568,0.01755651755651756,0.020923520923520927,0.04593554593554594,0.020442520442520446,0.019961519961519965,0.04930254930254931,0.02236652236652237,0.0497835497835498,0.1310726310726311,0.2734487734487735,0.05747955747955749,0.013708513708513712,0.02236652236652237,0.032948532948532956,0.019961519961519965
841,0.035628019323671496,0.09359903381642512,0.07789855072463768,0.07427536231884058,0.03321256038647343,0.02717391304347826,0.029589371980676328,0.04891304347826087,0.041666666666666664,0.04770531400966183,0.06582125603864734,0.02717391304347826,0.0392512077294686,0.02717391304347826,0.10205314009661835,0.03321256038647343,0.051328502415458936,0.07427536231884058,0.029589371980676328,0.04045893719806763
842,0.053791887125220456,0.09259259259259259,0.05026455026455026,0.06613756613756613,0.043209876543209874,0.04144620811287478,0.07671957671957672,0.04497354497354497,0.03968253968253968,0.03968253968253968,0.04144620811287478,0.03968253968253968,0.04144620811287478,0.03968253968253968,0.043209876543209874,0.04673721340388007,0.04144620811287478,0.04144620811287478,0.07495590828924162,0.04144620811287478
843,0.07943067033976126,0.06198347107438017,0.0876951331496786,0.04361799816345271,0.025252525252525252,0.05096418732782369,0.10514233241505969,0.02157943067033976,0.032598714416896234,0.07392102846648302,0.06290174471992654,0.049127640036730945,0.04178145087235996,0.049127640036730945,0.027089072543617997,0.02800734618916437,0.04178145087235996,0.03168044077134986,0.03076216712580349,0.05555555555555555
844,0.027777777777777776,0.03511530398322851,0.05712788259958071,0.04245283018867924,0.05293501048218029,0.03825995807127883,0.26048218029350106,0.05083857442348008,0.025681341719077568,0.04350104821802935,0.0330188679245283,0.04140461215932914,0.024633123689727462,0.037211740041928724,0.037211740041928724,0.025681341719077568,0.05188679245283019,0.037211740041928724,0.044549266247379454,0.0330188679245283
845,0.0228978978978979,0.016891891891891893,0.0259009009009009,0.037162162162162164,0.039414414414414414,0.027402402402402402,0.03791291291291291,0.08746246246246246,0.030405405405405407,0.0656906906906907,0.028903903903903905,0.028903903903903905,0.027402402402402402,0.061936936936936936,0.12875375375375375,0.1174924924924925,0.06343843843843844,0.0228978978978979,0.020645645645645645,0.10848348348348348
846,0.03803418803418803,0.10897435897435898,0.06196581196581197,0.05683760683760684,0.02094017094017094,0.03632478632478633,0.13034188034188035,0.09188034188034189,0.03717948717948718,0.03803418803418803,0.02264957264957265,0.04829059829059829,0.023504273504273504,0.02435897435897436,0.027777777777777776,0.025213675213675214,0.023504273504273504,0.03547008547008547,0.12094017094017094,0.027777777777777776
847,0.027018822100789316,0.04766241651487554,0.07194899817850639,0.09927140255009109,0.04098360655737705,0.04341226472374014,0.04341226472374014,0.05373406193078325,0.03005464480874317,0.07559198542805101,0.01851851851851852,0.09319975713418338,0.07984213721918641,0.02337583485124469,0.06041287188828173,0.045233758348512454,0.03916211293260474,0.0336976320582878,0.026411657559198547,0.047055251973284765
848,0.01591760299625468,0.037765293383270906,0.037765293383270906,0.02340823970037453,0.026529338327091128,0.019662921348314603,0.019038701622971284,0.07397003745318351,0.030274656679151055,0.1788389513108614,0.06273408239700373,0.02590511860174781,0.030898876404494374,0.06523096129837702,0.043383270911360794,0.030898876404494374,0.16198501872659174,0.03589263420724094,0.03838951310861422,0.04151061173533083
849,0.029671717171717165,0.115530303030303,0.07260101010101008,0.06502525252525251,0.029671717171717165,0.029671717171717165,0.03472222222222222,0.04987373737373736,0.05744949494949494,0.07638888888888888,0.039772727272727265,0.05492424242424241,0.03345959595959595,0.0284090909090909,0.04356060606060606,0.0486111111111111,0.03472222222222222,0.044823232323232313,0.08143939393939392,0.029671717171717165
850,0.032886334610472544,0.06289910600255427,0.06673052362707535,0.1152618135376756,0.05076628352490421,0.02330779054916986,0.020753512132822477,0.07247765006385697,0.019476372924648787,0.05459770114942529,0.09227330779054917,0.019476372924648787,0.05587484035759898,0.040549169859514685,0.04310344827586207,0.0941890166028097,0.022669220945083016,0.030970625798212005,0.020753512132822477,0.06098339719029374
851,0.037262872628726296,0.08604336043360435,0.09417344173441736,0.037262872628726296,0.03319783197831979,0.03455284552845529,0.03319783197831979,0.06571815718157183,0.08468834688346885,0.06165311653116532,0.05352303523035231,0.0453929539295393,0.03455284552845529,0.0386178861788618,0.030487804878048783,0.06029810298102982,0.0386178861788618,0.0386178861788618,0.06029810298102982,0.03184281842818429
852,0.048500881834215165,0.06613756613756613,0.05202821869488536,0.048500881834215165,0.03968253968253968,0.04144620811287478,0.048500881834215165,0.03968253968253968,0.05026455026455026,0.059082892416225746,0.04144620811287478,0.059082892416225746,0.06613756613756613,0.05202821869488536,0.04144620811287478,0.043209876543209874,0.04144620811287478,0.03968253968253968,0.07671957671957672,0.04497354497354497
853,0.04958183990442055,0.08303464755077658,0.045997610513739545,0.03882915173237754,0.031660692951015534,0.03524492234169654,0.031660692951015534,0.04241338112305854,0.06033452807646356,0.03524492234169654,0.04241338112305854,0.09020310633213859,0.034050179211469536,0.02927120669056153,0.044802867383512544,0.044802867383512544,0.1260454002389486,0.03643966547192354,0.03763440860215054,0.06033452807646356
854,0.061481481481481484,0.04962962962962963,0.03333333333333333,0.08814814814814814,0.0362962962962963,0.03481481481481481,0.10444444444444445,0.042222222222222223,0.0437037037037037,0.0362962962962963,0.03777777777777778,0.061481481481481484,0.0437037037037037,0.042222222222222223,0.03333333333333333,0.05851851851851852,0.03481481481481481,0.03777777777777778,0.05851851851851852,0.061481481481481484
855,0.03571428571428572,0.040476190476190485,0.05317460317460318,0.03571428571428572,0.043650793650793655,0.03571428571428572,0.03571428571428572,0.040476190476190485,0.03730158730158731,0.03571428571428572,0.03571428571428572,0.045238095238095244,0.03571428571428572,0.07063492063492065,0.045238095238095244,0.06746031746031747,0.03730158730158731,0.15000000000000002,0.08333333333333334,0.03571428571428572
856,0.0426731078904992,0.05877616747181964,0.039452495974235106,0.04106280193236715,0.04750402576489533,0.03784219001610306,0.061996779388083734,0.036231884057971016,0.05877616747181964,0.05233494363929147,0.050724637681159424,0.0571658615136876,0.06521739130434782,0.03784219001610306,0.036231884057971016,0.04106280193236715,0.039452495974235106,0.06038647342995169,0.0861513687600644,0.04911433172302738
857,0.04595336076817559,0.04183813443072703,0.06104252400548697,0.06378600823045269,0.03772290809327847,0.032235939643347054,0.07750342935528122,0.04458161865569274,0.039094650205761326,0.07750342935528122,0.052812071330589856,0.06104252400548697,0.06790123456790124,0.0308641975308642,0.05006858710562415,0.039094650205761326,0.0308641975308642,0.039094650205761326,0.05006858710562415,0.05692729766803842
858,0.06231231231231232,0.039789789789789795,0.057807807807807816,0.06231231231231232,0.08033033033033034,0.045795795795795805,0.057807807807807816,0.0427927927927928,0.03378378378378379,0.0412912912912913,0.05480480480480481,0.05930930930930932,0.039789789789789795,0.039789789789789795,0.08183183183183185,0.039789789789789795,0.03378378378378379,0.03678678678678679,0.0427927927927928,0.04729729729729731
859,0.04794520547945206,0.06012176560121766,0.03729071537290716,0.10882800608828007,0.03424657534246576,0.03881278538812786,0.04033485540334856,0.04033485540334856,0.04794520547945206,0.04033485540334856,0.03729071537290716,0.06012176560121766,0.03576864535768646,0.04033485540334856,0.04185692541856926,0.07382039573820397,0.03881278538812786,0.08143074581430747,0.03576864535768646,0.05859969558599696
860,0.048696844993141274,0.08573388203017832,0.0802469135802469,0.03086419753086419,0.051440329218106984,0.0363511659807956,0.0363511659807956,0.048696844993141274,0.08847736625514402,0.07613168724279834,0.04320987654320987,0.037722908093278454,0.05829903978052125,0.040466392318244164,0.0336076817558299,0.044581618655692726,0.03497942386831275,0.0336076817558299,0.03909465020576131,0.051440329218106984
861,0.05916892502258357,0.0934959349593496,0.0862691960252936,0.030261969286359536,0.03658536585365854,0.055555555555555566,0.030261969286359536,0.05103884372177057,0.024841915085817533,0.04561878952122855,0.03477868112014454,0.0934959349593496,0.02393857271906053,0.0817524841915086,0.03387533875338754,0.03477868112014454,0.054652213188798565,0.03568202348690154,0.03477868112014454,0.05916892502258357
862,0.07179987004548409,0.022417153996101367,0.06270305393112412,0.10298895386614686,0.015919428200129957,0.058804418453541264,0.023066926575698508,0.023066926575698508,0.026315789473684213,0.05750487329434698,0.09389213775178688,0.04385964912280702,0.04320987654320988,0.039311241065627035,0.05750487329434698,0.06595191682910982,0.052956465237166996,0.020467836257309944,0.031513970110461344,0.08674463937621833
863,0.04741863075196407,0.027216610549943877,0.017676767676767673,0.027216610549943877,0.0249719416386083,0.08726150392817059,0.154040404040404,0.03395061728395061,0.0249719416386083,0.046857463524130186,0.08221099887766553,0.04349046015712682,0.06930415263748596,0.0350729517396184,0.04292929292929292,0.029461279461279456,0.031705948372615034,0.08389450056116722,0.05527497194163859,0.0350729517396184
864,0.04116465863453815,0.02242302543507363,0.0391566265060241,0.03714859437751004,0.04317269076305221,0.13755020080321284,0.03714859437751004,0.02710843373493976,0.07195448460508702,0.028447121820615796,0.0679384203480589,0.0967202141900937,0.03246318607764391,0.03848728246318608,0.06659973226238286,0.024431057563587683,0.025769745649263723,0.06191432396251673,0.04250334672021419,0.05789825970548862
865,0.044256120527306965,0.0423728813559322,0.09322033898305085,0.05743879472693032,0.0480225988700565,0.0423728813559322,0.0423728813559322,0.059322033898305086,0.044256120527306965,0.046139359698681735,0.0423728813559322,0.06685499058380415,0.0423728813559322,0.06308851224105462,0.044256120527306965,0.0423728813559322,0.0423728813559322,0.046139359698681735,0.0423728813559322,0.0480225988700565
866,0.01804123711340206,0.02434135166093929,0.028923253150057275,0.02434135166093929,0.11082474226804123,0.03923253150057274,0.0650057273768614,0.10223367697594501,0.019759450171821305,0.015177548682703322,0.01804123711340206,0.11655211912943872,0.08906071019473082,0.019759450171821305,0.0518327605956472,0.026059564719358535,0.0650057273768614,0.10166093928980527,0.03006872852233677,0.034077892325315
867,0.03220099079971692,0.024416135881104042,0.15958952583156408,0.03857041755130928,0.02370842179759378,0.025123849964614302,0.044939844302901634,0.025831564048124565,0.05201698513800426,0.03220099079971692,0.08244869072894552,0.019462137296532206,0.08669497523000709,0.01804670912951168,0.09731068648266103,0.06192498230714793,0.07254069355980185,0.027246992215145087,0.039985845718329804,0.03573956121726823
868,0.028914879792072773,0.038011695906432746,0.09064327485380116,0.029564652371669914,0.030864197530864196,0.05490578297595841,0.038011695906432746,0.02046783625730994,0.028914879792072773,0.02046783625730994,0.06010396361273554,0.07115009746588694,0.03996101364522417,0.10818713450292397,0.09584145549057829,0.038011695906432746,0.03541260558804418,0.09454191033138401,0.05165692007797271,0.024366471734892786
869,0.029706790123456794,0.018904320987654325,0.03279320987654322,0.046682098765432105,0.05979938271604939,0.052854938271604944,0.02430555555555556,0.018904320987654325,0.16242283950617287,0.040509259259259266,0.021990740740740745,0.044367283950617294,0.033564814814814825,0.054398148148148154,0.046682098765432105,0.05902777777777778,0.11072530864197533,0.036651234567901245,0.029706790123456794,0.0760030864197531
870,0.057519640852974174,0.04236812570145903,0.01992143658810325,0.029461279461279456,0.026655443322109982,0.058080808080808066,0.030583613916947243,0.050224466891133544,0.02216610549943883,0.08838383838383837,0.09960718294051625,0.13832772166105498,0.04349046015712682,0.018237934904601568,0.02890011223344556,0.07828282828282827,0.038439955106621765,0.024410774410774404,0.06930415263748596,0.03563411896745229
871,0.05514096185737977,0.12230514096185738,0.026119402985074626,0.021144278606965175,0.022802653399668325,0.026119402985074626,0.06343283582089553,0.09079601990049752,0.0236318407960199,0.04187396351575456,0.02529021558872305,0.028606965174129355,0.05099502487562189,0.10074626865671642,0.05099502487562189,0.024461028192371476,0.10903814262023218,0.046849087893864015,0.037728026533996685,0.031923714759535655
872,0.06091030789825972,0.09973226238286483,0.06091030789825972,0.03681392235609104,0.05421686746987953,0.03012048192771085,0.04886211512717538,0.06626506024096387,0.03145917001338689,0.03949129852744311,0.05153949129852746,0.04082998661311915,0.03012048192771085,0.034136546184738964,0.042168674698795185,0.05020080321285142,0.032797858099062924,0.042168674698795185,0.09705488621151274,0.05020080321285142
873,0.030172413793103443,0.12308429118773943,0.044540229885057465,0.03208812260536398,0.0253831417624521,0.045498084291187735,0.029214559386973173,0.1182950191570881,0.027298850574712638,0.04262452107279693,0.03783524904214559,0.039750957854406126,0.024425287356321834,0.09818007662835246,0.03400383141762452,0.08189655172413791,0.024425287356321834,0.05603448275862068,0.030172413793103443,0.05507662835249041
874,0.060146923783287405,0.028925619834710738,0.07851239669421486,0.03719008264462809,0.029843893480257108,0.20339761248852153,0.021579430670339756,0.02617079889807162,0.02708907254361799,0.03719008264462809,0.03627180899908172,0.02249770431588613,0.04912764003673093,0.05831037649219466,0.06473829201101927,0.073921028466483,0.04729109274563818,0.02708907254361799,0.02433425160697887,0.04637281910009182
875,0.039972899728997285,0.038617886178861784,0.033197831978319776,0.13211382113821135,0.03590785907859078,0.039972899728997285,0.05352303523035229,0.0630081300813008,0.04674796747967479,0.07791327913279131,0.045392953929539286,0.0616531165311653,0.033197831978319776,0.031842818428184275,0.0657181571815718,0.03590785907859078,0.04268292682926829,0.049457994579945784,0.030487804878048773,0.04268292682926829
876,0.02022946859903382,0.021437198067632855,0.02022946859903382,0.021437198067632855,0.03955314009661837,0.021437198067632855,0.02445652173913044,0.026871980676328507,0.05464975845410629,0.026268115942028988,0.07638888888888891,0.044987922705314015,0.0480072463768116,0.08846618357487925,0.05102657004830918,0.03411835748792271,0.027475845410628023,0.24426328502415462,0.0516304347826087,0.05706521739130435
877,0.04983660130718955,0.04166666666666667,0.10375816993464054,0.03676470588235295,0.03676470588235295,0.0531045751633987,0.06944444444444446,0.07107843137254903,0.04983660130718955,0.040032679738562095,0.03676470588235295,0.038398692810457526,0.03676470588235295,0.06454248366013074,0.04330065359477125,0.04166666666666667,0.05637254901960785,0.038398692810457526,0.040032679738562095,0.05147058823529412
878,0.03125,0.10625,0.03819444444444445,0.03819444444444445,0.05486111111111111,0.06875,0.03958333333333333,0.04236111111111111,0.03125,0.049305555555555554,0.03125,0.03125,0.03680555555555556,0.03125,0.14097222222222222,0.03680555555555556,0.034027777777777775,0.03680555555555556,0.04236111111111111,0.07847222222222222
879,0.02856025039123631,0.023082942097026608,0.0363849765258216,0.032472613458528955,0.06611893583724571,0.032472613458528955,0.11776212832550863,0.03012519561815337,0.017605633802816906,0.03012519561815337,0.09350547730829423,0.02934272300469484,0.08568075117370894,0.0496870109546166,0.13184663536776214,0.058294209702660416,0.02073552425665102,0.03169014084507043,0.03325508607198749,0.05125195618153365
880,0.03753753753753754,0.025525525525525526,0.03053053053053053,0.03553553553553553,0.03653653653653654,0.05755755755755756,0.047547547547547545,0.02952952952952953,0.03553553553553553,0.05555555555555555,0.06156156156156156,0.14264264264264265,0.06056056056056056,0.045545545545545546,0.05855855855855856,0.04054054054054054,0.03553553553553553,0.059559559559559556,0.04254254254254254,0.06156156156156156
881,0.10898603521554341,0.03248330297510625,0.031876138433515486,0.04705525197328476,0.020947176684881604,0.075591985428051,0.06223436551305404,0.05373406193078324,0.039162112932604735,0.027018822100789312,0.031876138433515486,0.10898603521554341,0.05373406193078324,0.03673345476624165,0.026411657559198543,0.01426836672738312,0.022161505768063146,0.03430479659987857,0.13934426229508196,0.033090467516697024
882,0.05663430420711973,0.11596548004314992,0.14185544768069036,0.03613807982740021,0.03074433656957928,0.029665587918015095,0.031823085221143466,0.052319309600862986,0.02642934196332254,0.02858683926645091,0.03829557713052858,0.024271844660194167,0.03613807982740021,0.024271844660194167,0.05663430420711973,0.08576051779935273,0.025350593311758353,0.06526429341963322,0.05555555555555554,0.03829557713052858
883,0.059571619812583666,0.03279785809906292,0.07563587684069611,0.04350736278447122,0.07028112449799197,0.03815261044176707,0.040829986613119144,0.048862115127175365,0.04484605087014726,0.06091030789825971,0.03681392235609103,0.030120481927710843,0.04484605087014726,0.07295850066934405,0.030120481927710843,0.04216867469879518,0.06760374832663989,0.0823293172690763,0.03547523427041499,0.04216867469879518
884,0.03758169934640523,0.026688453159041396,0.03104575163398693,0.056100217864923745,0.027777777777777776,0.14869281045751634,0.03867102396514161,0.024509803921568627,0.05501089324618736,0.027777777777777776,0.0332244008714597,0.06372549019607843,0.04084967320261438,0.09749455337690632,0.06917211328976035,0.07461873638344227,0.03867102396514161,0.04738562091503268,0.02559912854030501,0.03540305010893246
885,0.06307870370370372,0.07465277777777779,0.06307870370370372,0.05266203703703705,0.03530092592592593,0.03761574074074075,0.03993055555555556,0.05844907407407409,0.03645833333333334,0.09548611111111113,0.08854166666666669,0.026041666666666675,0.04803240740740742,0.03530092592592593,0.034143518518518524,0.030671296296296304,0.02835648148148149,0.034143518518518524,0.08854166666666669,0.029513888888888895
886,0.03347578347578348,0.03347578347578348,0.03347578347578348,0.03347578347578348,0.06908831908831908,0.03347578347578348,0.04344729344729345,0.05911680911680912,0.04772079772079772,0.0405982905982906,0.04202279202279202,0.16452991452991453,0.03347578347578348,0.0633903133903134,0.04344729344729345,0.03205128205128205,0.05626780626780627,0.04487179487179487,0.04487179487179487,0.04772079772079772
887,0.026836158192090395,0.0475517890772128,0.023069679849340868,0.039077212806026364,0.03436911487758945,0.033427495291902073,0.04096045197740113,0.07580037664783427,0.052259887005649715,0.04096045197740113,0.02871939736346516,0.0211864406779661,0.05602636534839925,0.09180790960451977,0.05037664783427495,0.03248587570621469,0.16713747645951035,0.07768361581920905,0.029661016949152543,0.030602636534839925
888,0.05362654320987655,0.17168209876543214,0.046682098765432105,0.041280864197530874,0.05516975308641976,0.08294753086419754,0.06442901234567902,0.033564814814814825,0.035108024691358035,0.023533950617283955,0.039737654320987664,0.05671296296296297,0.028163580246913584,0.026620370370370374,0.02584876543209877,0.044367283950617294,0.023533950617283955,0.0459104938271605,0.07291666666666669,0.028163580246913584
889,0.041520467836257305,0.03801169590643274,0.08245614035087719,0.04502923976608186,0.03216374269005847,0.027485380116959057,0.04269005847953216,0.026315789473684202,0.029824561403508764,0.10467836257309938,0.08479532163742688,0.033333333333333326,0.06725146198830408,0.026315789473684202,0.027485380116959057,0.03216374269005847,0.15614035087719297,0.039181286549707595,0.027485380116959057,0.035672514619883036
890,0.06790123456790122,0.035353535353535345,0.13636363636363633,0.026374859708193036,0.10493827160493824,0.0297418630751964,0.060044893378226695,0.06565656565656565,0.03310886644219977,0.035353535353535345,0.027497194163860823,0.036475869809203136,0.0398428731762065,0.027497194163860823,0.0398428731762065,0.028619528619528614,0.061167227833894486,0.025252525252525245,0.07912457912457911,0.0398428731762065
891,0.07461873638344227,0.056100217864923745,0.049564270152505446,0.02559912854030501,0.03867102396514161,0.03104575163398693,0.029956427015250545,0.046296296296296294,0.03213507625272331,0.0528322440087146,0.041938997821350764,0.024509803921568627,0.05065359477124183,0.04084967320261438,0.21187363834422657,0.0724400871459695,0.027777777777777776,0.03431372549019608,0.029956427015250545,0.02886710239651416
892,0.05947712418300654,0.13529411764705884,0.07385620915032681,0.04901960784313726,0.05163398692810458,0.05555555555555556,0.062091503267973865,0.05163398692810458,0.03594771241830066,0.03725490196078432,0.03725490196078432,0.029411764705882356,0.03856209150326798,0.03725490196078432,0.04640522875816994,0.04640522875816994,0.029411764705882356,0.03333333333333334,0.03986928104575164,0.050326797385620924
893,0.05703703703703704,0.08814814814814814,0.08074074074074074,0.03333333333333333,0.06296296296296296,0.04666666666666667,0.0362962962962963,0.04814814814814815,0.09259259259259259,0.05407407407407407,0.03481481481481481,0.03333333333333333,0.04666666666666667,0.05555555555555555,0.03333333333333333,0.03777777777777778,0.03333333333333333,0.040740740740740744,0.04814814814814815,0.0362962962962963
894,0.032242063492063495,0.06498015873015874,0.04117063492063492,0.049107142857142856,0.08680555555555555,0.053075396825396824,0.06299603174603174,0.053075396825396824,0.06994047619047619,0.022321428571428572,0.023313492063492064,0.029265873015873016,0.09077380952380952,0.030257936507936508,0.022321428571428572,0.042162698412698416,0.04513888888888889,0.049107142857142856,0.08779761904761904,0.0441468253968254
895,0.04773082942097028,0.049295774647887335,0.049295774647887335,0.039906103286384983,0.03521126760563381,0.043035993740219096,0.050860719874804394,0.03677621283255087,0.03677621283255087,0.07120500782472615,0.0805946791862285,0.049295774647887335,0.03521126760563381,0.03677621283255087,0.055555555555555566,0.03521126760563381,0.04147104851330204,0.043035993740219096,0.11189358372456967,0.050860719874804394
896,0.02023809523809524,0.057539682539682536,0.025,0.02023809523809524,0.04246031746031746,0.11785714285714285,0.028174603174603175,0.017857142857142856,0.09246031746031746,0.06626984126984127,0.04325396825396825,0.017857142857142856,0.037698412698412696,0.056746031746031746,0.036904761904761905,0.040873015873015874,0.054365079365079366,0.055952380952380955,0.0630952380952381,0.10515873015873016
897,0.035211267605633804,0.05086071987480438,0.036776212832550864,0.04773082942097027,0.035211267605633804,0.04929577464788732,0.035211267605633804,0.04929577464788732,0.06651017214397496,0.03834115805946792,0.04616588419405321,0.04460093896713615,0.06025039123630673,0.08059467918622848,0.036776212832550864,0.05555555555555555,0.08528951486697965,0.05242566510172144,0.036776212832550864,0.05712050078247261
898,0.08568075117370892,0.017605633802816902,0.017605633802816902,0.02621283255086072,0.03169014084507042,0.02543035993740219,0.11854460093896714,0.05203442879499218,0.023082942097026604,0.07237871674491393,0.07081377151799687,0.0848982785602504,0.0528169014084507,0.03169014084507042,0.023082942097026604,0.02621283255086072,0.1388888888888889,0.03169014084507042,0.023865414710485134,0.045774647887323945
899,0.037760416666666664,0.01953125,0.037760416666666664,0.06987847222222222,0.03428819444444445,0.032552083333333336,0.054253472222222224,0.09331597222222222,0.048177083333333336,0.08984375,0.061197916666666664,0.02734375,0.040364583333333336,0.1323784722222222,0.047309027777777776,0.025607638888888888,0.02734375,0.055121527777777776,0.039496527777777776,0.026475694444444444
900,0.04834054834054836,0.042568542568542575,0.09307359307359309,0.042568542568542575,0.03823953823953825,0.0497835497835498,0.03823953823953825,0.0598845598845599,0.054112554112554126,0.06565656565656568,0.03391053391053392,0.03246753246753247,0.07431457431457433,0.03823953823953825,0.03246753246753247,0.07431457431457433,0.036796536796536806,0.041125541125541135,0.06565656565656568,0.03823953823953825
901,0.04458161865569273,0.12002743484224966,0.04183813443072702,0.03497942386831276,0.07338820301783265,0.05829903978052126,0.0541838134430727,0.03223593964334705,0.047325102880658436,0.06652949245541838,0.05829903978052126,0.03223593964334705,0.050068587105624146,0.04046639231824417,0.03909465020576132,0.030864197530864196,0.03635116598079561,0.033607681755829906,0.06652949245541838,0.03909465020576132
902,0.06254856254856253,0.04156954156954156,0.06332556332556331,0.03846153846153846,0.047008547008546994,0.03379953379953379,0.019036519036519033,0.11460761460761458,0.03379953379953379,0.046231546231546225,0.0571095571095571,0.03379953379953379,0.04467754467754467,0.05477855477855476,0.03302253302253302,0.10606060606060604,0.027583527583527577,0.021367521367521364,0.06798756798756797,0.05322455322455321
903,0.03468697123519458,0.022278623801466443,0.03919909757473209,0.023970671178793007,0.05047941342357586,0.03355893965031021,0.05273547659334461,0.03186689227298364,0.017766497461928935,0.06175972927241963,0.05724760293288212,0.22532430908065426,0.03976311336717428,0.023406655386350818,0.03299492385786802,0.022278623801466443,0.08601240834743373,0.0730400451212634,0.04201917653694304,0.02961082910321489
904,0.023504273504273504,0.021794871794871794,0.02094017094017094,0.1517094017094017,0.0594017094017094,0.03803418803418803,0.03461538461538462,0.09615384615384616,0.06452991452991454,0.06025641025641026,0.049145299145299144,0.023504273504273504,0.052564102564102565,0.07307692307692308,0.03974358974358974,0.04316239316239316,0.051709401709401706,0.027777777777777776,0.020085470085470087,0.04829059829059829
905,0.019147788565264296,0.058522114347357074,0.08117583603020498,0.05258899676375405,0.035329018338727085,0.024002157497303132,0.07470334412081986,0.07686084142394824,0.024002157497303132,0.07686084142394824,0.04989212513484359,0.09951456310679613,0.09519956850053939,0.03101402373247034,0.04611650485436894,0.034789644012944994,0.02184466019417476,0.02939590075512406,0.04234088457389429,0.026699029126213594
906,0.031000613873542054,0.02179251074278699,0.018109269490484962,0.020564763658686314,0.043891958256599146,0.031000613873542054,0.05248618784530387,0.027317372621240028,0.026089625537139352,0.06230816451810928,0.08747697974217312,0.033456108041743406,0.08993247391037448,0.11325966850828731,0.02915899324739104,0.02977286678944138,0.19060773480662987,0.038980969920196444,0.02670349907918969,0.026089625537139352
907,0.023266856600189935,0.02231718898385565,0.027065527065527065,0.026115859449192782,0.030864197530864196,0.03181386514719848,0.028964862298195632,0.0365622032288699,0.12298195631528964,0.043209876543209874,0.033713200379867046,0.03276353276353276,0.07359924026590693,0.02231718898385565,0.028964862298195632,0.026115859449192782,0.3034188034188034,0.028964862298195632,0.0251661918328585,0.03181386514719848
908,0.038341158059467924,0.05868544600938968,0.0727699530516432,0.03521126760563381,0.043035993740219096,0.03677621283255087,0.039906103286384983,0.05399061032863851,0.03521126760563381,0.05399061032863851,0.03521126760563381,0.03521126760563381,0.044600938967136156,0.043035993740219096,0.044600938967136156,0.039906103286384983,0.07120500782472615,0.03521126760563381,0.14632237871674494,0.03677621283255087
909,0.06778797145769624,0.037206931702344556,0.08817533129459737,0.07186544342507646,0.031090723751274214,0.025993883792048932,0.06371049949031601,0.03516819571865444,0.051478083588175336,0.050458715596330285,0.03312945973496433,0.030071355759429156,0.024974515800203878,0.11671763506625893,0.030071355759429156,0.04943934760448523,0.03414882772680938,0.04026503567787972,0.06065239551478084,0.057594291539245675
910,0.09228395061728395,0.023765432098765433,0.11265432098765432,0.021296296296296296,0.039197530864197534,0.01574074074074074,0.04722222222222222,0.04969135802469136,0.018827160493827162,0.04660493827160494,0.03425925925925926,0.05709876543209876,0.039197530864197534,0.03117283950617284,0.07253086419753087,0.042283950617283954,0.021296296296296296,0.023148148148148147,0.030555555555555555,0.18117283950617283
911,0.06776094276094276,0.10648148148148148,0.09806397306397306,0.04671717171717172,0.0281986531986532,0.021464646464646464,0.020622895622895623,0.024831649831649833,0.03577441077441077,0.027356902356902357,0.040824915824915826,0.01978114478114478,0.030723905723905723,0.040824915824915826,0.04671717171717172,0.1393097643097643,0.023148148148148147,0.125,0.03324915824915825,0.023148148148148147
912,0.020650584795321638,0.08570906432748537,0.02942251461988304,0.030884502923976608,0.0268640350877193,0.05866228070175439,0.023940058479532164,0.015899122807017545,0.18329678362573099,0.01882309941520468,0.01918859649122807,0.05537280701754386,0.030884502923976608,0.11896929824561403,0.06816520467836257,0.04294590643274854,0.062317251461988306,0.02320906432748538,0.02101608187134503,0.06377923976608187
913,0.03231292517006802,0.026643990929705208,0.04365079365079364,0.025510204081632647,0.03344671201814058,0.07539682539682538,0.031179138321995457,0.05045351473922901,0.14795918367346936,0.04365079365079364,0.04818594104308389,0.05498866213151926,0.04591836734693877,0.06859410430839001,0.09467120181405893,0.034580498866213144,0.039115646258503396,0.03684807256235827,0.030045351473922895,0.03684807256235827
914,0.03213507625272331,0.039760348583877995,0.0593681917211329,0.12254901960784313,0.029956427015250545,0.02886710239651416,0.027777777777777776,0.05065359477124183,0.05501089324618736,0.05392156862745098,0.04847494553376906,0.02886710239651416,0.0724400871459695,0.029956427015250545,0.041938997821350764,0.04847494553376906,0.03649237472766884,0.10185185185185185,0.029956427015250545,0.061546840958605666
915,0.06680731364275667,0.05414908579465542,0.056962025316455694,0.04430379746835443,0.04852320675105485,0.04289732770745429,0.035864978902953586,0.03305203938115331,0.052742616033755275,0.04571026722925457,0.051336146272855133,0.07243319268635724,0.03164556962025317,0.04430379746835443,0.03164556962025317,0.03164556962025317,0.0710267229254571,0.06258790436005626,0.09071729957805907,0.03164556962025317
916,0.027777777777777776,0.0387517146776406,0.015432098765432098,0.025034293552812073,0.0360082304526749,0.07030178326474623,0.02091906721536351,0.031207133058984912,0.2191358024691358,0.03806584362139918,0.024348422496570644,0.05727023319615912,0.020233196159122085,0.07784636488340192,0.022976680384087792,0.049039780521262004,0.10871056241426612,0.07853223593964334,0.022290809327846366,0.016117969821673524
917,0.04365079365079365,0.07539682539682539,0.05839002267573696,0.04478458049886622,0.04365079365079365,0.09126984126984126,0.05272108843537415,0.03571428571428571,0.03458049886621315,0.04251700680272109,0.04365079365079365,0.0391156462585034,0.041383219954648526,0.07766439909297052,0.03571428571428571,0.031179138321995464,0.026643990929705215,0.05045351473922902,0.06292517006802721,0.06859410430839002
918,0.0649452269170579,0.04460093896713615,0.05086071987480438,0.06964006259780908,0.036776212832550864,0.03990610328638498,0.03834115805946792,0.03990610328638498,0.0539906103286385,0.0649452269170579,0.041471048513302036,0.06338028169014084,0.061815336463223784,0.035211267605633804,0.05712050078247261,0.05868544600938967,0.05555555555555555,0.03834115805946792,0.04303599374021909,0.041471048513302036
919,0.06430041152263376,0.03240740740740741,0.024176954732510293,0.02520576131687243,0.02520576131687243,0.046810699588477375,0.1599794238683128,0.03034979423868313,0.03137860082304528,0.02932098765432099,0.033436213991769555,0.02932098765432099,0.05401234567901235,0.04269547325102881,0.056069958847736634,0.14351851851851855,0.027263374485596712,0.040637860082304536,0.02314814814814815,0.08076131687242799
920,0.03605200945626477,0.034869976359338056,0.04432624113475177,0.03132387706855791,0.03132387706855791,0.04432624113475177,0.05732860520094561,0.03368794326241134,0.032505910165484625,0.04314420803782505,0.038416075650118196,0.03723404255319148,0.15425531914893614,0.0478723404255319,0.030141843971631197,0.06914893617021275,0.032505910165484625,0.052600472813238756,0.09869976359338059,0.05023640661938533
921,0.01873015873015873,0.028253968253968254,0.03333333333333333,0.029523809523809525,0.035238095238095235,0.04793650793650794,0.035238095238095235,0.020634920634920634,0.0326984126984127,0.05365079365079365,0.09238095238095238,0.02126984126984127,0.04984126984126984,0.10126984126984127,0.04857142857142857,0.21936507936507937,0.02253968253968254,0.01873015873015873,0.05047619047619047,0.040317460317460314
922,0.06277777777777778,0.035,0.03166666666666667,0.04055555555555555,0.08055555555555556,0.11611111111111111,0.035,0.06388888888888888,0.025,0.05388888888888889,0.028333333333333332,0.07944444444444444,0.03277777777777778,0.055,0.025,0.035,0.06388888888888888,0.06277777777777778,0.03944444444444444,0.03388888888888889
923,0.03641975308641975,0.029012345679012345,0.06111111111111111,0.04135802469135803,0.05246913580246913,0.1425925925925926,0.06604938271604938,0.03518518518518519,0.05740740740740741,0.06358024691358025,0.05123456790123457,0.05864197530864197,0.03641975308641975,0.03888888888888889,0.04876543209876543,0.03271604938271605,0.03888888888888889,0.03641975308641975,0.040123456790123455,0.03271604938271605
924,0.030045351473922902,0.025510204081632654,0.025510204081632654,0.06519274376417233,0.040249433106575964,0.03458049886621315,0.12188208616780045,0.06859410430839002,0.10374149659863946,0.041383219954648526,0.03458049886621315,0.04705215419501134,0.04591836734693878,0.04365079365079365,0.05612244897959184,0.05952380952380952,0.041383219954648526,0.05272108843537415,0.027777777777777776,0.03458049886621315
925,0.03680555555555556,0.06597222222222222,0.16875,0.06041666666666667,0.04791666666666667,0.03125,0.04097222222222222,0.035416666666666666,0.052083333333333336,0.04236111111111111,0.03263888888888889,0.03263888888888889,0.03125,0.05486111111111111,0.049305555555555554,0.04236111111111111,0.03125,0.052083333333333336,0.03263888888888889,0.059027777777777776
926,0.08927203065134098,0.04329501915708812,0.052490421455938685,0.018773946360153254,0.02567049808429118,0.029501915708812252,0.04406130268199233,0.02183908045977011,0.02873563218390804,0.022605363984674325,0.0318007662835249,0.024904214559386965,0.04636015325670497,0.033333333333333326,0.0586206896551724,0.037164750957854396,0.27777777777777773,0.0586206896551724,0.03409961685823754,0.021072796934865898
927,0.021102497846683894,0.04177433247200689,0.02454780361757106,0.12790697674418605,0.0719207579672696,0.02627045650301464,0.044358311800172266,0.056416881998277345,0.05813953488372093,0.021963824289405683,0.034022394487510765,0.01937984496124031,0.09431524547803617,0.056416881998277345,0.16752799310938846,0.022825150732127476,0.02627045650301464,0.027993109388458226,0.03574504737295435,0.021102497846683894
928,0.026881720430107534,0.04360812425328555,0.13560334528076468,0.03166069295101554,0.04480286738351255,0.026881720430107534,0.04599761051373955,0.04002389486260455,0.03166069295101554,0.0770609318996416,0.04360812425328555,0.04002389486260455,0.04121863799283155,0.03166069295101554,0.08064516129032259,0.12604540023894864,0.030465949820788537,0.037634408602150546,0.026881720430107534,0.037634408602150546
929,0.05045351473922903,0.032312925170068035,0.2023809523809524,0.04818594104308391,0.02777777777777778,0.03458049886621316,0.058390022675736966,0.047052154195011346,0.03798185941043085,0.025510204081632657,0.045918367346938785,0.08673469387755103,0.025510204081632657,0.032312925170068035,0.03571428571428572,0.045918367346938785,0.043650793650793655,0.03571428571428572,0.042517006802721094,0.04138321995464853
930,0.030487804878048787,0.035907859078590794,0.06842818428184283,0.14701897018970192,0.06165311653116533,0.03455284552845529,0.0426829268292683,0.03455284552845529,0.03184281842818429,0.03319783197831979,0.030487804878048787,0.03455284552845529,0.06300813008130082,0.0386178861788618,0.07926829268292684,0.058943089430894324,0.03184281842818429,0.037262872628726296,0.0386178861788618,0.06707317073170734
931,0.0718390804597701,0.04693486590038313,0.04885057471264367,0.04693486590038313,0.0450191570881226,0.05842911877394635,0.060344827586206885,0.06800766283524903,0.043103448275862065,0.05268199233716474,0.043103448275862065,0.043103448275862065,0.043103448275862065,0.0450191570881226,0.043103448275862065,0.04885057471264367,0.0450191570881226,0.054597701149425276,0.043103448275862065,0.04885057471264367
932,0.033436213991769555,0.06738683127572018,0.05092592592592593,0.10545267489711936,0.052983539094650214,0.04166666666666667,0.02829218106995885,0.02314814814814815,0.05195473251028807,0.024176954732510293,0.04269547325102881,0.04475308641975309,0.04886831275720165,0.06121399176954733,0.04166666666666667,0.03034979423868313,0.13940329218106998,0.02623456790123457,0.056069958847736634,0.02932098765432099
933,0.04385964912280701,0.04385964912280701,0.059454191033138384,0.11013645224171537,0.04385964912280701,0.04775828460038985,0.04385964912280701,0.04385964912280701,0.04385964912280701,0.04385964912280701,0.04385964912280701,0.04580896686159843,0.04385964912280701,0.04385964912280701,0.04385964912280701,0.04385964912280701,0.059454191033138384,0.04580896686159843,0.06140350877192981,0.04385964912280701
934,0.04518518518518519,0.05703703703703705,0.07185185185185186,0.04814814814814816,0.04370370370370371,0.03481481481481482,0.046666666666666676,0.09851851851851855,0.055555555555555566,0.055555555555555566,0.05111111111111113,0.04370370370370371,0.03333333333333334,0.04074074074074075,0.0688888888888889,0.039259259259259265,0.03333333333333334,0.04962962962962964,0.046666666666666676,0.036296296296296306
935,0.03690753690753691,0.04234654234654235,0.03923853923853925,0.12859362859362863,0.03379953379953381,0.02680652680652681,0.14491064491064493,0.11460761460761462,0.020590520590520595,0.06721056721056723,0.061771561771561775,0.037684537684537694,0.03457653457653458,0.02991452991452992,0.017482517482517487,0.02602952602952603,0.028360528360528364,0.02680652680652681,0.04545454545454546,0.03690753690753691
936,0.036265432098765434,0.034722222222222224,0.04089506172839506,0.03780864197530864,0.034722222222222224,0.0779320987654321,0.05632716049382716,0.05478395061728395,0.036265432098765434,0.06404320987654322,0.06712962962962964,0.036265432098765434,0.05787037037037037,0.04089506172839506,0.03780864197530864,0.09645061728395062,0.06404320987654322,0.036265432098765434,0.05015432098765432,0.03935185185185185
937,0.05630126771066368,0.13758389261744966,0.04586129753914989,0.030201342281879196,0.01901565995525727,0.027218493661446682,0.016778523489932886,0.030201342281879196,0.11521252796420582,0.03467561521252797,0.06897837434750187,0.03616703952274422,0.021998508575689784,0.04735272184936615,0.03616703952274422,0.0831469052945563,0.04586129753914989,0.06152125279642058,0.024981357196122298,0.06077554064131245
938,0.02601410934744268,0.033950617283950615,0.02513227513227513,0.11419753086419752,0.03218694885361552,0.03042328042328042,0.051587301587301584,0.04188712522045855,0.023368606701940034,0.040123456790123455,0.04805996472663139,0.0445326278659612,0.07451499118165784,0.01984126984126984,0.05599647266313933,0.034832451499118164,0.20767195767195767,0.02601410934744268,0.028659611992945325,0.041005291005291
939,0.014420803782505915,0.04515366430260049,0.022931442080378256,0.014893617021276602,0.5586288416075652,0.010638297872340429,0.026713947990543746,0.025295508274231684,0.02576832151300237,0.010638297872340429,0.0115839243498818,0.01725768321513003,0.012056737588652486,0.016784869976359345,0.027186761229314432,0.012529550827423172,0.029078014184397174,0.06264775413711586,0.04278959810874706,0.013002364066193857
940,0.046626984126984135,0.04464285714285715,0.06051587301587303,0.04464285714285715,0.05456349206349208,0.04464285714285715,0.05456349206349208,0.046626984126984135,0.04464285714285715,0.06845238095238097,0.04464285714285715,0.05059523809523811,0.04464285714285715,0.04464285714285715,0.07043650793650795,0.04464285714285715,0.046626984126984135,0.052579365079365094,0.04464285714285715,0.046626984126984135
941,0.059111111111111114,0.04044444444444444,0.029777777777777778,0.026222222222222223,0.042222222222222223,0.025333333333333333,0.05466666666666667,0.03244444444444444,0.028888888888888888,0.03866666666666667,0.028888888888888888,0.11333333333333333,0.07511111111111111,0.043111111111111114,0.0768888888888889,0.03777777777777778,0.03688888888888889,0.02266666666666667,0.15777777777777777,0.029777777777777778
942,0.07124183006535947,0.06339869281045751,0.029411764705882353,0.03071895424836601,0.034640522875816995,0.056862745098039215,0.15359477124183007,0.03071895424836601,0.03333333333333333,0.0803921568627451,0.05816993464052288,0.046405228758169936,0.03071895424836601,0.03594771241830065,0.03071895424836601,0.03986928104575163,0.07516339869281045,0.038562091503267976,0.029411764705882353,0.03071895424836601
943,0.0406301824212272,0.03731343283582089,0.0439469320066335,0.06882255389718077,0.0505804311774461,0.03731343283582089,0.07545605306799337,0.03731343283582089,0.0439469320066335,0.03731343283582089,0.0406301824212272,0.08540630182421227,0.03731343283582089,0.0505804311774461,0.0472636815920398,0.03731343283582089,0.10862354892205639,0.0406301824212272,0.03731343283582089,0.04228855721393035
944,0.0423728813559322,0.0423728813559322,0.0423728813559322,0.044256120527306965,0.05367231638418079,0.0743879472693032,0.044256120527306965,0.07062146892655367,0.044256120527306965,0.06497175141242938,0.05743879472693032,0.0423728813559322,0.0480225988700565,0.0423728813559322,0.044256120527306965,0.05743879472693032,0.0423728813559322,0.05555555555555555,0.044256120527306965,0.0423728813559322
945,0.09534883720930233,0.08604651162790698,0.01524547803617571,0.03591731266149871,0.07829457364341086,0.02041343669250646,0.031266149870801035,0.037467700258397935,0.026614987080103358,0.060723514211886306,0.040051679586563305,0.058656330749354,0.025064599483204133,0.043669250645994834,0.05607235142118863,0.018863049095607234,0.029198966408268735,0.120671834625323,0.07364341085271318,0.04677002583979328
946,0.032407407407407406,0.032407407407407406,0.10383597883597884,0.03373015873015873,0.057539682539682536,0.02976190476190476,0.04431216931216931,0.03902116402116402,0.04298941798941799,0.06944444444444445,0.02976190476190476,0.02976190476190476,0.0787037037037037,0.031084656084656083,0.0496031746031746,0.04828042328042328,0.09193121693121693,0.04034391534391534,0.04828042328042328,0.0667989417989418
947,0.03576864535768645,0.07686453576864535,0.05403348554033485,0.08447488584474885,0.03881278538812785,0.03729071537290715,0.04946727549467275,0.03881278538812785,0.05555555555555555,0.05251141552511415,0.03576864535768645,0.06012176560121765,0.05251141552511415,0.03424657534246575,0.04337899543378995,0.04490106544901065,0.04490106544901065,0.07077625570776255,0.04490106544901065,0.04490106544901065
948,0.06635802469135803,0.03343621399176955,0.02417695473251029,0.058127572016460904,0.06532921810699588,0.025205761316872428,0.035493827160493825,0.035493827160493825,0.04372427983539095,0.03652263374485597,0.03960905349794239,0.13220164609053497,0.025205761316872428,0.023148148148148147,0.03446502057613169,0.038580246913580245,0.09927983539094651,0.03652263374485597,0.03652263374485597,0.11059670781893004
949,0.07287157287157288,0.03246753246753247,0.16089466089466092,0.03246753246753247,0.036796536796536806,0.03246753246753247,0.044011544011544015,0.03246753246753247,0.03535353535353536,0.06854256854256856,0.06277056277056278,0.03823953823953825,0.03823953823953825,0.03246753246753247,0.05844155844155845,0.07287157287157288,0.041125541125541135,0.036796536796536806,0.03391053391053392,0.036796536796536806
950,0.06965811965811966,0.02094017094017094,0.09957264957264957,0.047435897435897434,0.03034188034188034,0.03290598290598291,0.04658119658119658,0.08504273504273505,0.019230769230769232,0.07905982905982906,0.11666666666666667,0.03974358974358974,0.03290598290598291,0.02094017094017094,0.02863247863247863,0.07307692307692308,0.02435897435897436,0.055982905982905985,0.029487179487179487,0.047435897435897434
951,0.054307116104868935,0.03433208489388266,0.16541822721598007,0.06304619225967543,0.04681647940074908,0.036828963795255944,0.051810237203495646,0.09300873907615484,0.03183520599250938,0.07178526841448192,0.04057428214731587,0.03183520599250938,0.036828963795255944,0.02933832709113609,0.036828963795255944,0.05805243445692886,0.03058676654182273,0.028089887640449448,0.028089887640449448,0.03058676654182273
952,0.04487179487179488,0.034900284900284906,0.07905982905982907,0.061965811965811975,0.04487179487179488,0.036324786324786335,0.04772079772079773,0.04914529914529915,0.034900284900284906,0.10185185185185186,0.060541310541310546,0.032051282051282055,0.032051282051282055,0.051994301994302,0.051994301994302,0.04772079772079773,0.034900284900284906,0.034900284900284906,0.08190883190883193,0.036324786324786335
953,0.06242840778923253,0.06013745704467354,0.06013745704467354,0.07617411225658649,0.07388316151202749,0.026918671248568157,0.04066437571592211,0.05899198167239404,0.03150057273768614,0.06128293241695303,0.03264604810996564,0.07388316151202749,0.03150057273768614,0.05211912943871707,0.03379152348224513,0.05097365406643757,0.0441008018327606,0.05899198167239404,0.04066437571592211,0.029209621993127148
954,0.0518018018018018,0.0472972972972973,0.09234234234234234,0.05780780780780781,0.0503003003003003,0.0472972972972973,0.0472972972972973,0.07282282282282282,0.038288288288288286,0.0533033033033033,0.038288288288288286,0.033783783783783786,0.0457957957957958,0.033783783783783786,0.048798798798798795,0.04129129129129129,0.03978978978978979,0.05780780780780781,0.05780780780780781,0.044294294294294295
955,0.046296296296296294,0.13319088319088318,0.046296296296296294,0.0405982905982906,0.04344729344729345,0.03347578347578348,0.04344729344729345,0.04487179487179487,0.046296296296296294,0.05056980056980057,0.05626780626780627,0.04772079772079772,0.03205128205128205,0.05056980056980057,0.03205128205128205,0.04344729344729345,0.051994301994301995,0.07051282051282051,0.04772079772079772,0.03917378917378917
956,0.024216524216524215,0.046058879392212725,0.056505223171889836,0.03941120607787275,0.028964862298195632,0.05365622032288699,0.023266856600189935,0.02801519468186135,0.04415954415954416,0.05365622032288699,0.05080721747388414,0.029914529914529916,0.04510921177587844,0.09924026590693258,0.051756885090218425,0.06695156695156695,0.14577397910731243,0.03561253561253561,0.030864197530864196,0.046058879392212725
957,0.042929292929292935,0.02373737373737374,0.05404040404040405,0.044949494949494954,0.05606060606060607,0.028787878787878793,0.05707070707070708,0.02575757575757576,0.044949494949494954,0.05202020202020203,0.03383838383838385,0.05808080808080809,0.03787878787878789,0.11565656565656567,0.10757575757575759,0.06616161616161617,0.05303030303030304,0.02575757575757576,0.03585858585858587,0.03585858585858587
958,0.048387096774193554,0.03476702508960574,0.029032258064516134,0.017562724014336922,0.06272401433691757,0.021863799283154125,0.07634408602150539,0.030465949820788533,0.03476702508960574,0.11218637992831543,0.019713261648745522,0.049820788530465954,0.089247311827957,0.03405017921146954,0.05770609318996416,0.02831541218637993,0.13010752688172045,0.036200716845878146,0.04265232974910395,0.04408602150537635
959,0.03561253561253562,0.06220322886989555,0.039411206077872754,0.02136752136752137,0.06980056980056981,0.025166191832858505,0.07834757834757836,0.06790123456790124,0.08594491927825262,0.02326685660018994,0.03371320037986705,0.04985754985754987,0.024216524216524222,0.0650522317188984,0.03846153846153847,0.05270655270655272,0.04320987654320988,0.03371320037986705,0.10778727445394115,0.0422602089268756
960,0.04480286738351254,0.06033452807646355,0.03405017921146953,0.10573476702508958,0.03285543608124253,0.029271206690561522,0.12604540023894859,0.03643966547192353,0.06869772998805256,0.03166069295101553,0.03405017921146953,0.04719235364396653,0.02688172043010752,0.042413381123058536,0.04719235364396653,0.03166069295101553,0.02807646356033452,0.02807646356033452,0.07108721624850656,0.07347670250896056
961,0.03424657534246575,0.07534246575342465,0.06621004566210045,0.05098934550989345,0.04642313546423135,0.06316590563165905,0.07534246575342465,0.04946727549467275,0.03424657534246575,0.03424657534246575,0.03424657534246575,0.06925418569254185,0.04033485540334855,0.04033485540334855,0.07838660578386605,0.03881278538812785,0.05251141552511415,0.03881278538812785,0.03424657534246575,0.04337899543378995
962,0.03169276659209545,0.13982102908277405,0.021998508575689784,0.04436987322893363,0.021998508575689784,0.0197613721103654,0.14802386278896346,0.04586129753914989,0.021998508575689784,0.04213273676360925,0.03243847874720358,0.03243847874720358,0.09582401193139448,0.03318419090231171,0.030947054436987323,0.029455630126771066,0.03318419090231171,0.09209545115585384,0.0592841163310962,0.02348993288590604
963,0.028478057889822595,0.023809523809523808,0.02661064425770308,0.023809523809523808,0.052754435107376284,0.19374416433239963,0.03127917833800187,0.029411764705882353,0.049953314659197015,0.037815126050420166,0.038748832866479926,0.04061624649859944,0.06395891690009337,0.034080298786181136,0.06302521008403361,0.03314659197012138,0.05742296918767507,0.111577964519141,0.02287581699346405,0.03688141923436041
964,0.053418803418803416,0.03347578347578348,0.051994301994301995,0.03632478632478633,0.049145299145299144,0.051994301994301995,0.07478632478632478,0.054843304843304845,0.04487179487179487,0.03632478632478633,0.1103988603988604,0.03205128205128205,0.03205128205128205,0.03205128205128205,0.049145299145299144,0.06054131054131054,0.07905982905982906,0.046296296296296294,0.03205128205128205,0.03917378917378917
965,0.029468599033816427,0.0922705314009662,0.04202898550724638,0.10096618357487924,0.024637681159420294,0.022705314009661838,0.05072463768115943,0.04782608695652175,0.038164251207729476,0.03140096618357489,0.1628019323671498,0.024637681159420294,0.023671497584541068,0.02173913043478261,0.05169082125603865,0.09710144927536234,0.03526570048309179,0.02173913043478261,0.03526570048309179,0.045893719806763295
966,0.04929577464788732,0.04303599374021909,0.05712050078247261,0.05712050078247261,0.036776212832550864,0.036776212832550864,0.05086071987480438,0.04303599374021909,0.035211267605633804,0.12284820031298904,0.035211267605633804,0.036776212832550864,0.036776212832550864,0.035211267605633804,0.035211267605633804,0.03990610328638498,0.08685446009389672,0.04929577464788732,0.03990610328638498,0.07276995305164319
967,0.03724053724053725,0.05433455433455434,0.05799755799755801,0.03113553113553114,0.03479853479853481,0.028693528693528696,0.03601953601953602,0.07142857142857144,0.05677655677655678,0.03724053724053725,0.06776556776556777,0.03846153846153847,0.027472527472527476,0.044566544566544575,0.06776556776556777,0.08119658119658121,0.03113553113553114,0.04578754578754579,0.06410256410256411,0.0860805860805861
968,0.05555555555555555,0.05233494363929147,0.04428341384863124,0.06521739130434782,0.0571658615136876,0.036231884057971016,0.036231884057971016,0.10869565217391304,0.04589371980676329,0.07809983896940419,0.0426731078904992,0.036231884057971016,0.050724637681159424,0.03784219001610306,0.036231884057971016,0.04106280193236715,0.0426731078904992,0.03784219001610306,0.04106280193236715,0.05394524959742351
969,0.029006882989183868,0.11160275319567352,0.05948869223205505,0.03294001966568338,0.16175024582104225,0.031956735496558496,0.02409046214355948,0.03097345132743362,0.09488692232055061,0.03588987217305801,0.03785644051130776,0.03588987217305801,0.02212389380530973,0.04572271386430678,0.02409046214355948,0.02507374631268436,0.03687315634218288,0.07423795476892821,0.060471976401179926,0.02507374631268436
970,0.0319706498951782,0.06341719077568134,0.07914046121593292,0.034067085953878404,0.0759958071278826,0.029874213836477988,0.04559748427672956,0.029874213836477988,0.029874213836477988,0.1430817610062893,0.044549266247379454,0.03825995807127883,0.05817610062893082,0.06446540880503145,0.06027253668763103,0.027777777777777776,0.034067085953878404,0.027777777777777776,0.03511530398322851,0.046645702306079666
971,0.03825995807127883,0.04245283018867924,0.04979035639412998,0.0319706498951782,0.04245283018867924,0.044549266247379454,0.03825995807127883,0.0330188679245283,0.04769392033542977,0.06341719077568134,0.10953878406708595,0.03511530398322851,0.02358490566037736,0.03825995807127883,0.036163522012578615,0.11582809224318659,0.037211740041928724,0.05293501048218029,0.07285115303983228,0.046645702306079666
972,0.0284339457567804,0.03280839895013123,0.05643044619422572,0.04068241469816273,0.05643044619422572,0.05205599300087489,0.020559930008748905,0.03543307086614173,0.06517935258092739,0.14741907261592302,0.02230971128608924,0.02230971128608924,0.05818022747156605,0.021434820647419073,0.06780402449693788,0.05380577427821522,0.06780402449693788,0.05818022747156605,0.05993000874890639,0.03280839895013123
973,0.029411764705882356,0.06676003734827266,0.05555555555555556,0.09197012138188611,0.029411764705882356,0.029411764705882356,0.058356676003734835,0.021942110177404297,0.022875816993464054,0.03874883286647993,0.07609710550887022,0.04995331465919702,0.025676937441643326,0.03968253968253969,0.04621848739495799,0.035014005602240904,0.04435107376283848,0.054621848739495805,0.14332399626517275,0.04061624649859945
974,0.042222222222222223,0.03925925925925926,0.03333333333333333,0.07777777777777778,0.03777777777777778,0.03925925925925926,0.03777777777777778,0.04666666666666667,0.0362962962962963,0.04518518518518518,0.07629629629629629,0.08962962962962963,0.07333333333333333,0.04518518518518518,0.05407407407407407,0.04518518518518518,0.06592592592592593,0.04666666666666667,0.03481481481481481,0.03333333333333333
975,0.09584859584859586,0.09340659340659341,0.028693528693528692,0.03235653235653236,0.040903540903540904,0.03968253968253968,0.05311355311355311,0.061660561660561664,0.03968253968253968,0.06654456654456654,0.045787545787545784,0.061660561660561664,0.031135531135531136,0.04822954822954823,0.059218559218559216,0.033577533577533576,0.04945054945054945,0.040903540903540904,0.031135531135531136,0.04700854700854701
976,0.026175213675213676,0.04113247863247863,0.031517094017094016,0.03365384615384615,0.03365384615384615,0.027243589743589744,0.06356837606837606,0.04113247863247863,0.04006410256410257,0.0827991452991453,0.03365384615384615,0.045405982905982904,0.05608974358974359,0.05181623931623932,0.05822649572649573,0.028311965811965812,0.19284188034188035,0.03579059829059829,0.02938034188034188,0.04754273504273504
977,0.09243295019157088,0.026340996168582376,0.027298850574712645,0.05028735632183908,0.021551724137931036,0.026340996168582376,0.09147509578544061,0.037835249042145594,0.05124521072796935,0.033045977011494254,0.05890804597701149,0.026340996168582376,0.022509578544061302,0.0886015325670498,0.09626436781609195,0.05699233716475096,0.033045977011494254,0.034961685823754786,0.037835249042145594,0.08668582375478927
978,0.04974160206718346,0.1182170542635659,0.07816537467700259,0.044573643410852716,0.043281653746770024,0.029069767441860465,0.029069767441860465,0.029069767441860465,0.11692506459948321,0.044573643410852716,0.03682170542635659,0.03165374677002584,0.05103359173126615,0.05103359173126615,0.029069767441860465,0.03811369509043928,0.03294573643410853,0.0355297157622739,0.07816537467700259,0.03294573643410853
979,0.045774647887323945,0.04499217527386541,0.04812206572769953,0.05672926447574335,0.09663536776212832,0.08411580594679187,0.04812206572769953,0.03951486697965571,0.01995305164319249,0.20774647887323944,0.05359937402190924,0.023865414710485134,0.042644757433489826,0.027777777777777776,0.03247261345852895,0.030907668231611892,0.023082942097026604,0.021517996870109544,0.018388106416275432,0.03403755868544601
980,0.034640522875816995,0.06209150326797386,0.03333333333333333,0.05947712418300653,0.03725490196078431,0.029411764705882353,0.0542483660130719,0.042483660130718956,0.03333333333333333,0.0803921568627451,0.05163398692810457,0.029411764705882353,0.034640522875816995,0.03333333333333333,0.06209150326797386,0.0542483660130719,0.03986928104575163,0.049019607843137254,0.03202614379084967,0.14705882352941177
981,0.05879180151024811,0.043689320388349516,0.024271844660194174,0.04908306364617044,0.05016181229773463,0.05339805825242718,0.04584681769147789,0.08468176914778856,0.05663430420711974,0.07281553398058252,0.09762675296655879,0.039374325782092774,0.041531823085221145,0.04261057173678533,0.04908306364617044,0.04584681769147789,0.05663430420711974,0.036138079827400214,0.02535059331175836,0.026429341963322545
982,0.05977496483825598,0.03164556962025317,0.07805907172995781,0.034458509142053444,0.03164556962025317,0.03305203938115331,0.14275668073136427,0.056962025316455694,0.03727144866385373,0.09212376933895922,0.03164556962025317,0.034458509142053444,0.03164556962025317,0.03867791842475387,0.047116736990154715,0.0639943741209564,0.03305203938115331,0.035864978902953586,0.03164556962025317,0.05414908579465542
983,0.042929292929292935,0.056397306397306404,0.03956228956228957,0.03787878787878789,0.04124579124579125,0.03956228956228957,0.12710437710437714,0.051346801346801356,0.042929292929292935,0.04124579124579125,0.03787878787878789,0.03787878787878789,0.03787878787878789,0.04966329966329967,0.03787878787878789,0.06481481481481483,0.06313131313131315,0.056397306397306404,0.03787878787878789,0.056397306397306404
984,0.042483660130718956,0.03071895424836601,0.041176470588235294,0.05032679738562092,0.05555555555555555,0.03202614379084967,0.11437908496732026,0.10784313725490197,0.03725490196078431,0.05947712418300653,0.03594771241830065,0.029411764705882353,0.04379084967320261,0.05555555555555555,0.029411764705882353,0.0542483660130719,0.03202614379084967,0.05555555555555555,0.034640522875816995,0.05816993464052288
985,0.036231884057971016,0.06038647342995169,0.05394524959742351,0.0426731078904992,0.06843800322061191,0.04106280193236715,0.10225442834138486,0.04428341384863124,0.0426731078904992,0.06682769726247988,0.0426731078904992,0.036231884057971016,0.0426731078904992,0.0426731078904992,0.036231884057971016,0.036231884057971016,0.039452495974235106,0.039452495974235106,0.05233494363929147,0.07326892109500806
986,0.054652213188798565,0.040198735320686546,0.05284552845528457,0.03387533875338754,0.0808491418247516,0.0808491418247516,0.027551942186088533,0.07181571815718159,0.05284552845528457,0.040198735320686546,0.060975609756097573,0.10162601626016263,0.04742547425474256,0.0853658536585366,0.025745257452574534,0.02393857271906053,0.021228545618789525,0.04200542005420055,0.023035230352303527,0.03297199638663054
987,0.05555555555555554,0.033333333333333326,0.033333333333333326,0.09555555555555553,0.0511111111111111,0.04666666666666666,0.12814814814814812,0.03777777777777777,0.034814814814814805,0.048148148148148134,0.034814814814814805,0.033333333333333326,0.04222222222222222,0.06148148148148147,0.05555555555555554,0.03777777777777777,0.04222222222222222,0.06148148148148147,0.033333333333333326,0.033333333333333326
988,0.022476675148430873,0.028413910093299407,0.033502968617472435,0.04283290924512299,0.0631891433418151,0.037743850720949955,0.02502120441051739,0.01993214588634436,0.019083969465648856,0.05385920271416455,0.05640373197625106,0.020780322307039863,0.039440203562340966,0.033502968617472435,0.05385920271416455,0.0631891433418151,0.0275657336726039,0.041136556403731976,0.28965224766751485,0.028413910093299407
989,0.10027662517289074,0.023743660673121253,0.08414015675426464,0.012678653757491932,0.022821576763485476,0.039880129091747346,0.03065928999538958,0.05186721991701245,0.09843245735361918,0.014983863531581374,0.026970954356846474,0.046795758414015676,0.06938681420009221,0.12010142923005994,0.015444905486399263,0.036191793453204245,0.020977408944213922,0.11134163208852006,0.04310742277547257,0.030198248040571692
990,0.04643048845947397,0.015297906602254432,0.012077294685990341,0.2879763821792808,0.03408480944712829,0.024959742351046706,0.07004830917874398,0.03140096618357489,0.0662909286097692,0.015297906602254432,0.02388620504562534,0.06575415995705852,0.03998926462694579,0.022275899087493292,0.09044551798174988,0.022275899087493292,0.053408480944712844,0.02979066022544284,0.028180354267310796,0.020128824476650566
991,0.03362573099415205,0.022904483430799222,0.09795321637426901,0.0882066276803119,0.025828460038986357,0.043372319688109166,0.05896686159844055,0.03460038986354776,0.024853801169590645,0.07358674463937623,0.022904483430799222,0.055068226120857704,0.03460038986354776,0.03460038986354776,0.09015594541910332,0.02192982456140351,0.0716374269005848,0.050194931773879146,0.07651072124756336,0.03849902534113061
992,0.0625,0.04861111111111111,0.04243827160493827,0.034722222222222224,0.05015432098765432,0.04089506172839506,0.036265432098765434,0.034722222222222224,0.04089506172839506,0.11033950617283951,0.04398148148148148,0.036265432098765434,0.05324074074074074,0.0625,0.06095679012345679,0.05324074074074074,0.03780864197530864,0.03780864197530864,0.06867283950617284,0.04398148148148148
993,0.039414414414414414,0.03415915915915916,0.045420420420420424,0.041666666666666664,0.029654654654654656,0.10172672672672672,0.052177177177177174,0.03566066066066066,0.04842342342342342,0.08821321321321321,0.06719219219219219,0.019894894894894894,0.0701951951951952,0.024399399399399398,0.06268768768768769,0.020645645645645645,0.1325075075075075,0.02665165165165165,0.0228978978978979,0.03641141141141141
994,0.056556556556556566,0.0835835835835836,0.036536536536536546,0.024524524524524527,0.0845845845845846,0.0835835835835836,0.023523523523523528,0.04654654654654655,0.036536536536536546,0.05555555555555556,0.03353353353353354,0.029529529529529534,0.06356356356356357,0.038538538538538544,0.0805805805805806,0.022522522522522525,0.04254254254254255,0.03553553553553554,0.06456456456456458,0.057557557557557565
995,0.11321548821548823,0.034090909090909095,0.020622895622895626,0.03493265993265994,0.04166666666666667,0.04587542087542088,0.029882154882154885,0.06944444444444446,0.03998316498316499,0.045033670033670044,0.020622895622895626,0.028198653198653202,0.07954545454545456,0.034090909090909095,0.038299663299663306,0.03745791245791247,0.0904882154882155,0.04924242424242425,0.04587542087542088,0.10143097643097644
996,0.03798185941043084,0.02891156462585034,0.026643990929705215,0.20918367346938777,0.04251700680272109,0.040249433106575964,0.026643990929705215,0.03458049886621315,0.06859410430839002,0.026643990929705215,0.07539682539682539,0.051587301587301584,0.027777777777777776,0.0391156462585034,0.08219954648526077,0.03344671201814059,0.026643990929705215,0.0481859410430839,0.03571428571428571,0.03798185941043084
997,0.027051561365286855,0.03540305010893246,0.07171387073347858,0.020152505446623094,0.01906318082788671,0.011074800290486565,0.011437908496732025,0.0528322440087146,0.01906318082788671,0.011801016702977488,0.2725127087872186,0.024509803921568627,0.027051561365286855,0.1229121278140886,0.11020334059549745,0.05355846042120552,0.023783587509077705,0.03685548293391431,0.021241830065359478,0.027777777777777776
998,0.05632716049382715,0.08256172839506172,0.05169753086419752,0.043981481481481476,0.043981481481481476,0.039351851851851846,0.0655864197530864,0.05941358024691357,0.05632716049382715,0.03472222222222222,0.045524691358024685,0.03626543209876543,0.042438271604938266,0.03626543209876543,0.0655864197530864,0.045524691358024685,0.05015432098765431,0.043981481481481476,0.060956790123456776,0.039351851851851846
999,0.10416666666666667,0.058712121212121215,0.032196969696969696,0.07133838383838384,0.032196969696969696,0.0422979797979798,0.09785353535353536,0.03977272727272727,0.030934343434343436,0.028409090909090908,0.07386363636363637,0.03977272727272727,0.046085858585858584,0.03851010101010101,0.041035353535353536,0.049873737373737376,0.05366161616161616,0.05113636363636364,0.028409090909090908,0.03977272727272727
1000,0.07041755130927105,0.049893842887473464,0.08457183297947629,0.025831564048124558,0.020169851380042462,0.01875442321302194,0.03503184713375796,0.08527954706298656,0.01875442321302194,0.057678697806086345,0.07466383581033263,0.01592356687898089,0.030077848549186128,0.04281670205237084,0.022292993630573247,0.1178343949044586,0.033616418966737435,0.09235668789808917,0.04069355980184006,0.06334041047416844
1001,0.05013550135501355,0.058265582655826556,0.17931345980126467,0.04742547425474255,0.024841915085817526,0.03477868112014453,0.03929539295392954,0.036585365853658534,0.02935862691960253,0.024841915085817526,0.032068654019873535,0.023035230352303523,0.026648599819331528,0.026648599819331528,0.06278229448961156,0.14227642276422764,0.02032520325203252,0.036585365853658534,0.06278229448961156,0.04200542005420054
1002,0.02933832709113608,0.031835205992509365,0.041822721598002495,0.02933832709113608,0.060549313358302125,0.02933832709113608,0.03058676654182272,0.04556803995006242,0.048064918851435705,0.04307116104868914,0.06304619225967541,0.033083645443196,0.06429463171036205,0.03682896379525593,0.0867665418227216,0.06679151061173533,0.04681647940074907,0.033083645443196,0.11548064918851436,0.06429463171036205
1003,0.019356460532931122,0.149069884364002,0.032428355957767725,0.053544494720965306,0.06259426847662142,0.0314228255404726,0.02287581699346405,0.042483660130718956,0.024886877828054297,0.017345399698340876,0.06561085972850679,0.021870286576168928,0.06108597285067873,0.07767722473604827,0.028908999497234793,0.09577677224736049,0.03544494720965309,0.042483660130718956,0.08924082453494218,0.025892408245349424
1004,0.03164556962025317,0.09071729957805907,0.09212376933895922,0.03164556962025317,0.03164556962025317,0.035864978902953586,0.08931082981715893,0.08790436005625879,0.03164556962025317,0.04149085794655415,0.04852320675105485,0.03867791842475387,0.04289732770745429,0.03164556962025317,0.03305203938115331,0.035864978902953586,0.03305203938115331,0.04430379746835443,0.035864978902953586,0.09212376933895922
1005,0.11077235772357721,0.04234417344173441,0.1697154471544715,0.052506775067750665,0.023373983739837394,0.01863143631436314,0.11957994579945797,0.04098915989159891,0.02405149051490514,0.021341463414634144,0.06741192411924118,0.025406504065040643,0.022696476964769643,0.02405149051490514,0.028794037940379397,0.08367208672086719,0.055894308943089416,0.02405149051490514,0.022018970189701892,0.022696476964769643
1006,0.04107981220657277,0.062206572769953054,0.045774647887323945,0.020735524256651018,0.022300469483568074,0.03325508607198748,0.0528169014084507,0.33294209702660404,0.037949921752738654,0.0661189358372457,0.023082942097026604,0.018388106416275432,0.021517996870109544,0.01995305164319249,0.01917057902973396,0.020735524256651018,0.030907668231611892,0.023865414710485134,0.06455399061032864,0.042644757433489826
1007,0.04145299145299145,0.031196581196581197,0.03205128205128205,0.055982905982905985,0.07735042735042735,0.07307692307692308,0.0782051282051282,0.023504273504273504,0.03290598290598291,0.04829059829059829,0.06794871794871794,0.03632478632478633,0.04658119658119658,0.12008547008547009,0.054273504273504275,0.027777777777777776,0.02606837606837607,0.04829059829059829,0.0405982905982906,0.03803418803418803
1008,0.06597222222222222,0.049305555555555554,0.07708333333333334,0.04375,0.03958333333333333,0.03125,0.06458333333333334,0.05347222222222222,0.04236111111111111,0.05763888888888889,0.04375,0.03263888888888889,0.03125,0.049305555555555554,0.049305555555555554,0.05486111111111111,0.03263888888888889,0.05347222222222222,0.04097222222222222,0.08680555555555555
1009,0.02195340501792115,0.045250896057347674,0.15725806451612906,0.02195340501792115,0.045250896057347674,0.024641577060931903,0.020161290322580648,0.043458781362007176,0.031810035842293916,0.02374551971326165,0.03629032258064517,0.06765232974910396,0.04973118279569893,0.07213261648745521,0.10170250896057349,0.11514336917562726,0.030017921146953407,0.03091397849462366,0.03808243727598567,0.022849462365591402
1010,0.03679653679653681,0.08297258297258302,0.07575757575757579,0.03246753246753248,0.10317460317460321,0.03246753246753248,0.03246753246753248,0.08441558441558446,0.038239538239538254,0.07142857142857145,0.03246753246753248,0.03246753246753248,0.04545454545454548,0.04545454545454548,0.03246753246753248,0.07142857142857145,0.03246753246753248,0.033910533910533926,0.03246753246753248,0.051226551226551245
1011,0.05555555555555555,0.02266666666666667,0.02,0.03777777777777778,0.03777777777777778,0.08577777777777777,0.03333333333333333,0.07777777777777778,0.07511111111111111,0.03777777777777778,0.06,0.059111111111111114,0.06,0.10533333333333333,0.044,0.02266666666666667,0.06355555555555556,0.04133333333333333,0.03422222222222222,0.026222222222222223
1012,0.03968253968253968,0.04456654456654457,0.038461538461538464,0.040903540903540904,0.04945054945054945,0.06654456654456654,0.031135531135531136,0.033577533577533576,0.0995115995115995,0.11660561660561661,0.031135531135531136,0.056776556776556776,0.03968253968253968,0.0811965811965812,0.06043956043956044,0.03235653235653236,0.036019536019536016,0.038461538461538464,0.028693528693528692,0.0347985347985348
1013,0.03516819571865443,0.03516819571865443,0.02701325178389398,0.0657492354740061,0.04026503567787971,0.024974515800203868,0.04841997961264015,0.0749235474006116,0.04841997961264015,0.03924566768603465,0.050458715596330264,0.03211009174311926,0.03924566768603465,0.05555555555555554,0.05861365953109071,0.13710499490316003,0.09021406727828744,0.03516819571865443,0.03414882772680937,0.028032619775739034
1014,0.1504884004884005,0.02533577533577534,0.017399267399267403,0.01495726495726496,0.022893772893772896,0.030830280830280835,0.04853479853479854,0.03388278388278389,0.04731379731379732,0.06013431013431014,0.0686813186813187,0.06135531135531136,0.1211843711843712,0.04059829059829061,0.021672771672771676,0.02594627594627595,0.11080586080586081,0.02716727716727717,0.013736263736263738,0.05708180708180709
1015,0.026220145379023882,0.023624091381100727,0.04698857736240914,0.024143302180685357,0.14356178608515058,0.023104880581516097,0.06100726895119418,0.01998961578400831,0.026739356178608516,0.0397196261682243,0.027777777777777776,0.09890965732087227,0.06879543094496365,0.16121495327102803,0.01791277258566978,0.01998961578400831,0.060488058151609556,0.02518172377985462,0.04439252336448598,0.04023883696780893
1016,0.1247795414462081,0.03042328042328042,0.02072310405643739,0.17680776014109348,0.05246913580246913,0.03306878306878307,0.05423280423280423,0.033950617283950615,0.03306878306878307,0.034832451499118164,0.07980599647266313,0.027777777777777776,0.03218694885361552,0.0427689594356261,0.034832451499118164,0.06393298059964726,0.021604938271604937,0.021604938271604937,0.056878306878306875,0.024250440917107582
1017,0.043518518518518526,0.043518518518518526,0.043518518518518526,0.07500000000000001,0.05092592592592593,0.06203703703703704,0.04166666666666667,0.06203703703703704,0.043518518518518526,0.04166666666666667,0.04166666666666667,0.04166666666666667,0.04166666666666667,0.05092592592592593,0.0675925925925926,0.043518518518518526,0.052777777777777785,0.05092592592592593,0.04166666666666667,0.06018518518518519
1018,0.04307116104868915,0.034332084893882654,0.02808988764044944,0.09925093632958804,0.029338327091136082,0.05430711610486892,0.04556803995006243,0.07303370786516855,0.04556803995006243,0.07927590511860176,0.04307116104868915,0.05430711610486892,0.044319600499375784,0.06304619225967542,0.049313358302122356,0.02808988764044944,0.03308364544319601,0.08426966292134833,0.02808988764044944,0.040574282147315864
1019,0.050595238095238096,0.050595238095238096,0.04662698412698413,0.044642857142857144,0.050595238095238096,0.04662698412698413,0.07242063492063493,0.044642857142857144,0.04662698412698413,0.05257936507936508,0.05654761904761905,0.05654761904761905,0.04662698412698413,0.04662698412698413,0.044642857142857144,0.044642857142857144,0.05654761904761905,0.044642857142857144,0.044642857142857144,0.05257936507936508
1020,0.03728070175438596,0.03435672514619883,0.03874269005847953,0.07821637426900585,0.0445906432748538,0.07675438596491228,0.03289473684210526,0.03289473684210526,0.0533625730994152,0.03289473684210526,0.06067251461988304,0.03289473684210526,0.05043859649122807,0.07529239766081872,0.05921052631578947,0.08406432748538012,0.03874269005847953,0.046052631578947366,0.04312865497076023,0.04751461988304093
1021,0.040032679738562095,0.044934640522875824,0.0465686274509804,0.04330065359477125,0.06454248366013074,0.038398692810457526,0.12500000000000003,0.05637254901960786,0.038398692810457526,0.04166666666666667,0.040032679738562095,0.05147058823529413,0.044934640522875824,0.03676470588235295,0.04330065359477125,0.04166666666666667,0.07107843137254903,0.038398692810457526,0.04166666666666667,0.05147058823529413
1022,0.03374870197300105,0.029595015576323994,0.042056074766355145,0.0462097611630322,0.06074766355140188,0.04413291796469367,0.042056074766355145,0.039979231568016624,0.07009345794392524,0.06386292834890966,0.037902388369678096,0.029595015576323994,0.06697819314641745,0.03582554517133957,0.042056074766355145,0.04724818276220147,0.17912772585669784,0.025441329179646945,0.03063343717549326,0.03271028037383178
1023,0.03985507246376811,0.10507246376811594,0.05112721417069243,0.022946859903381644,0.11956521739130435,0.03180354267310789,0.01892109500805153,0.03985507246376811,0.026972624798711754,0.045491143317230275,0.020531400966183576,0.07286634460547504,0.042270531400966184,0.030193236714975844,0.02214170692431562,0.042270531400966184,0.1292270531400966,0.03180354267310789,0.0607890499194847,0.046296296296296294
1024,0.05407407407407407,0.03333333333333333,0.08222222222222222,0.0437037037037037,0.03777777777777778,0.03333333333333333,0.03333333333333333,0.04518518518518518,0.03777777777777778,0.10888888888888888,0.04814814814814815,0.042222222222222223,0.04814814814814815,0.03925925925925926,0.0362962962962963,0.06,0.03777777777777778,0.0437037037037037,0.0437037037037037,0.09111111111111111
1025,0.03164556962025317,0.08227848101265822,0.029770276605719643,0.014767932489451477,0.023206751054852322,0.06493202062822316,0.015705578996718237,0.12822315986872948,0.05039849976558837,0.04336615096108767,0.0213314580403188,0.013830285982184717,0.14510079699953118,0.034458509142053444,0.01617440225035162,0.07571495546179091,0.038209095171120484,0.053211439287388654,0.029301453352086265,0.08837318330989218
1026,0.042483660130718956,0.11319073083778966,0.02703505644682115,0.18805704099821746,0.04426619132501485,0.037136066547831255,0.01990493166963755,0.023469994058229353,0.02287581699346405,0.018122400475341652,0.04783125371360666,0.05614973262032086,0.06268568033273916,0.034759358288770054,0.014557338086749852,0.031194295900178252,0.046048722519310754,0.018122400475341652,0.07932263814616755,0.07278669043374926
1027,0.04537037037037037,0.041666666666666664,0.04351851851851852,0.041666666666666664,0.058333333333333334,0.041666666666666664,0.04722222222222222,0.06944444444444445,0.041666666666666664,0.05462962962962963,0.041666666666666664,0.058333333333333334,0.041666666666666664,0.041666666666666664,0.041666666666666664,0.04537037037037037,0.09537037037037037,0.04722222222222222,0.04351851851851852,0.058333333333333334
1028,0.04833333333333333,0.07722222222222222,0.05277777777777778,0.03944444444444444,0.041666666666666664,0.02722222222222222,0.095,0.03833333333333333,0.028333333333333332,0.035,0.03944444444444444,0.10833333333333334,0.028333333333333332,0.029444444444444443,0.03388888888888889,0.03166666666666667,0.08388888888888889,0.041666666666666664,0.06722222222222222,0.05277777777777778
1029,0.042690058479532174,0.09181286549707604,0.07309941520467837,0.059064327485380125,0.029824561403508774,0.026315789473684213,0.03918128654970761,0.04152046783625732,0.042690058479532174,0.03567251461988305,0.029824561403508774,0.04152046783625732,0.0368421052631579,0.10000000000000002,0.034502923976608195,0.04152046783625732,0.027485380116959068,0.034502923976608195,0.1339181286549708,0.03801169590643275
1030,0.0439068100358423,0.040322580645161296,0.05645161290322581,0.040322580645161296,0.054659498207885314,0.045698924731182804,0.040322580645161296,0.0439068100358423,0.0474910394265233,0.040322580645161296,0.040322580645161296,0.05645161290322581,0.040322580645161296,0.054659498207885314,0.040322580645161296,0.040322580645161296,0.05645161290322581,0.0421146953405018,0.1353046594982079,0.040322580645161296
1031,0.04312354312354312,0.06954156954156954,0.019036519036519036,0.02292152292152292,0.01825951825951826,0.019036519036519036,0.08352758352758352,0.2940947940947941,0.021367521367521368,0.03923853923853924,0.11460761460761461,0.01825951825951826,0.017482517482517484,0.03768453768453769,0.02292152292152292,0.017482517482517484,0.017482517482517484,0.01825951825951826,0.019036519036519036,0.08663558663558664
1032,0.02873563218390805,0.06321839080459772,0.06066411238825033,0.03512132822477651,0.181992337164751,0.03384418901660282,0.03128991060025543,0.02873563218390805,0.04022988505747127,0.0363984674329502,0.03001277139208174,0.04022988505747127,0.03895274584929758,0.056832694763729256,0.04022988505747127,0.05810983397190295,0.04022988505747127,0.02873563218390805,0.08365261813537676,0.04278416347381865
1033,0.0731981981981982,0.028903903903903905,0.08896396396396396,0.051426426426426426,0.02364864864864865,0.04316816816816817,0.02515015015015015,0.017642642642642644,0.059684684684684686,0.041666666666666664,0.16328828828828829,0.02515015015015015,0.03566066066066066,0.02665165165165165,0.028903903903903905,0.06493993993993993,0.09872372372372372,0.020645645645645645,0.04391891891891892,0.03866366366366367
1034,0.04571026722925457,0.03305203938115331,0.056962025316455694,0.056962025316455694,0.052742616033755275,0.04008438818565401,0.10759493670886076,0.04430379746835443,0.05555555555555555,0.07524613220815753,0.04430379746835443,0.03164556962025317,0.051336146272855133,0.058368495077355836,0.04852320675105485,0.034458509142053444,0.03727144866385373,0.03164556962025317,0.047116736990154715,0.047116736990154715
1035,0.06209150326797386,0.03333333333333333,0.0542483660130719,0.06209150326797386,0.052941176470588235,0.03594771241830065,0.0542483660130719,0.05555555555555555,0.03333333333333333,0.034640522875816995,0.03333333333333333,0.08431372549019608,0.042483660130718956,0.05947712418300653,0.03986928104575163,0.05032679738562092,0.034640522875816995,0.0673202614379085,0.049019607843137254,0.060784313725490195
1036,0.026429341963322545,0.11488673139158576,0.04692556634304207,0.07820927723840346,0.040453074433656956,0.03182308522114347,0.024271844660194174,0.02535059331175836,0.04800431499460626,0.036138079827400214,0.0447680690399137,0.03182308522114347,0.03398058252427184,0.0889967637540453,0.043689320388349516,0.05339805825242718,0.0296655879180151,0.05124056094929881,0.12351672060409924,0.026429341963322545
1037,0.06335282651072124,0.04580896686159844,0.06335282651072124,0.04580896686159844,0.043859649122807015,0.057504873294346975,0.043859649122807015,0.06140350877192982,0.04580896686159844,0.06140350877192982,0.043859649122807015,0.043859649122807015,0.04775828460038986,0.043859649122807015,0.043859649122807015,0.043859649122807015,0.05165692007797271,0.04580896686159844,0.043859649122807015,0.0594541910331384
1038,0.05465221318879856,0.04471544715447155,0.04561878952122855,0.07362240289069559,0.06549232158988258,0.03658536585365854,0.03658536585365854,0.05284552845528456,0.023938572719060528,0.05284552845528456,0.06549232158988258,0.02574525745257453,0.05555555555555556,0.039295392953929545,0.06278229448961158,0.023035230352303527,0.05013550135501356,0.04923215898825656,0.04200542005420055,0.09981933152664861
1039,0.0609567901234568,0.03780864197530865,0.04861111111111112,0.03780864197530865,0.03472222222222223,0.03780864197530865,0.03472222222222223,0.08719135802469137,0.03626543209876544,0.03472222222222223,0.091820987654321,0.03626543209876544,0.03472222222222223,0.0609567901234568,0.04861111111111112,0.09027777777777779,0.05632716049382717,0.03626543209876544,0.03626543209876544,0.05787037037037038
1040,0.06356837606837608,0.03151709401709402,0.03472222222222223,0.03685897435897437,0.04220085470085471,0.03044871794871795,0.03365384615384616,0.06356837606837608,0.03044871794871795,0.03792735042735043,0.061431623931623935,0.02617521367521368,0.02510683760683761,0.10523504273504275,0.11164529914529916,0.0966880341880342,0.03365384615384616,0.0592948717948718,0.035790598290598295,0.040064102564102574
1041,0.052119129438717056,0.03722794959908361,0.036082474226804113,0.04639175257731958,0.08304696449026344,0.07159221076746848,0.02577319587628865,0.02577319587628865,0.030355097365406637,0.03379152348224512,0.08533791523482244,0.02920962199312714,0.0395189003436426,0.06013745704467353,0.14146620847651772,0.04639175257731958,0.028064146620847646,0.02691867124856815,0.06586483390607101,0.03493699885452462
1042,0.019499632082413544,0.029065489330389997,0.028329654157468732,0.038631346578366456,0.058498896247240625,0.04083885209713025,0.031272994849153794,0.07247976453274468,0.01802796173657101,0.04231052244297278,0.046725533480500375,0.05555555555555556,0.0526122148638705,0.07615894039735101,0.061442236938925684,0.026122148638704934,0.17181751287711555,0.07689477557027227,0.031272994849153794,0.022442972774098607
1043,0.01804123711340206,0.02663230240549828,0.0209049255441008,0.014604810996563574,0.04381443298969072,0.027777777777777776,0.014032073310423826,0.08104238258877434,0.015177548682703322,0.06328751431844215,0.06099656357388316,0.0518327605956472,0.0495418098510882,0.04209621993127148,0.038087056128293245,0.019759450171821305,0.3433562428407789,0.01575028636884307,0.02720504009163803,0.026059564719358535
1044,0.07387057387057387,0.028693528693528692,0.08852258852258853,0.0347985347985348,0.04700854700854701,0.04945054945054945,0.043345543345543344,0.027472527472527472,0.040903540903540904,0.09340659340659341,0.12026862026862027,0.027472527472527472,0.04456654456654457,0.038461538461538464,0.051892551892551896,0.05311355311355311,0.036019536019536016,0.03968253968253968,0.028693528693528692,0.03235653235653236
1045,0.03581871345029239,0.13961988304093564,0.08991228070175437,0.04166666666666666,0.050438596491228053,0.04166666666666666,0.04459064327485379,0.03435672514619882,0.07383040935672514,0.03435672514619882,0.032894736842105254,0.032894736842105254,0.04751461988304092,0.04605263157894736,0.032894736842105254,0.03581871345029239,0.03581871345029239,0.037280701754385956,0.0796783625730994,0.032894736842105254
1046,0.06218905472636816,0.09867330016583747,0.06882255389718077,0.03897180762852405,0.05887230514096186,0.0406301824212272,0.0439469320066335,0.03731343283582089,0.03731343283582089,0.03731343283582089,0.04560530679933665,0.0406301824212272,0.0406301824212272,0.0538971807628524,0.05223880597014925,0.04560530679933665,0.06053067993366501,0.04892205638474295,0.03731343283582089,0.0505804311774461
