,fac_id,rev_id,rev_rating,review,user,rev_created_time,rev_url,rev_is_selected,fac_name,fac_is_closed,review_count,fac_rating,fac_updated_time,phone,business_url,fac_url,address,city,state,country,postal_code,latitude,longitude,cat1,cat2,cat3,cat4,cat5,cat6
81550,97oIqu_N8NZN5gb4AtE7YA,4G_6mqB1eKhes41Scj3TLA,5,"cortina has such a beautiful energy. as a therapist, she's encouraging and supportive while e helping to push you towards change. she has the gift of blending spiritual wisdom with counseling  knowledge that really leads to healing. i love how she uses adversity to move her forward in her own life and is able to help clients do the same.

the office is in a great location in the heart of winter park and has a dedicated parking lot. she sees clients through an appointment only basis. i know she also offers discounted rates for package purchases of sessions but otherwise has a pretty standard self-pay rate. i believe she does telehealth and of course in person sessions. she has an online portal too so clients can do scheduling and  paperwork all online (but has paper copies if the old school approach is more comfy). 

ps! she has a book! so if you're interested in checking her out before you schedule it might be worth it to grab a copy and hear from her through her writing.",Cristina A.,2020-02-04,https://www.yelp.com/biz/boundless-living-aloma-2?adjust_creative=upenn&hrid=4G_6mqB1eKhes41Scj3TLA&utm_campaign=yelp_feed&utm_medium=feed_v2&utm_source=upenn,False,Boundless Living,False,1,5.0,2020-06-05T23:07:31,15613155939.0,https://www.iamcortinapeters.com,https://www.yelp.com/biz/boundless-living-aloma-2?adjust_creative=upenn&utm_campaign=yelp_feed&utm_medium=feed_v2&utm_source=upenn,2431 Aloma Ave Ste 236,Aloma,FL,US,32792.0,,,Life Coach,Counseling & Mental Health,Business Consulting,,,
139862,FM4lptFTfusByl0ZxdWO-g,3i7qX7vC84wt89rhfIWvcw,1,"recently had cosmetic surgery. i was only looking to get a (bbl) brazilian butt lift with fat transfer.  i'm a very petite woman already (108lbs) just never had a butt. dr. mowlavi talked me into doing all this other stuff like a mini tummy tuck for loose skin,  i didn't have a lot of loose skin and  have pictures to prove it.  he said it would be the size of a c-section scar 4-6 inches.  i woke up to an incision from hip to hip.  his office said recovery is quicker with his vaser lipo and renuvion techniques. this is by far the worst pain and recovery ever. i would never recommend this for anyone! they didn't have much to do with me after they got my money ($25k not including stay and airfare and 3days extra for a nurse because i couldn't get in and out of bed. for total of 30k)
i went in everyday for first week for massages.  dr. mowlavi only saw me the day after surgery for 2 mins to look at his work.  i tried to set up a post op a week after because i was very unhappy with results.  he knew of my disappointment because my massage therapist told him.  he didn't come to the office for our appointment time.  so i rescheduled for the next day at 3pm for video chat.  again 3pm came and no dr.  we called his office several times and they said he was with other consultations and would call me. we waited until 5:30pm dr never called in, and then the office was closed.  i was beyond furious this is 2 appt he's missed and not a single call from anyone in the office to reschedule or anything.  so i called claudia and she acted like he'd get back to me and she'd be in it first thing.  she's a huge liar,  she's never had this surgery done and tells all the new clients how you could hop on a plane in a week no problem.  so instead the next day i got an email from their assistant mimi with my before and after video and said if i had any questions to email them. that was last week on feb 4th. i have yet to have a post op appt or even a scheduled appt with dr.  he doesn't care and has completely disregarded me as a patient. now i'm still in tons of pain,  my swelling will not subside and i have to go to drs to have my stomach drained of the fluid because it's moving like a waterbed which is called a seroma. it's been a nightmare.  his office has done nothing but lie and avoid me. i was told he does this with all his patients.  i'm still laid up in bed and i have children and a job i can't do.  
here is a pic of my supposed small c-section scar i have to live with. 
 pay attention and do not sign the arbitration agreement clause.  you legally don't have too!
notice that dr. mowlavi never post before and healed after results.",Toni Arken T.,2020-02-11,https://www.yelp.com/biz/arian-mowlavi-md-the-cosmetic-plastic-surgery-institute-laguna-beach-2?adjust_creative=upenn&hrid=3i7qX7vC84wt89rhfIWvcw&utm_campaign=yelp_feed&utm_medium=feed_v2&utm_source=upenn,False,"Arian Mowlavi, MD - The Cosmetic Plastic Surgery Institute",False,110,4.0,2020-04-26T11:13:22,19495583230.0,https://drlaguna.com,https://www.yelp.com/biz/arian-mowlavi-md-the-cosmetic-plastic-surgery-institute-laguna-beach-2?adjust_creative=upenn&utm_campaign=yelp_feed&utm_medium=feed_v2&utm_source=upenn,32406 Coast Hwy,Laguna Beach,CA,US,92651.0,,,Cosmetic Surgeons,Dermatologists,Medical Spas,,,
233556,zELmjXDjhtvdb6pCfzOB3w,AUcHdu-Fqesuy0aivPzIrA,5,"i came to innovative express care because my primary was moving here. i feel like it is very important to write honest reviews, especially when it comes to your health. i have been unfortunate enough to experience some not so great healthcare, and it has made me very much appreciate how attentive and caring innovative express care is. i see jenna benoit, pa-c, for primary care and have been seeing her for many years. i am really happy that jenna decided to move here because it feels like it runs on an integrated care model. they are expanding to offer wellness through ketamine infusion, cbd oil, among others. they also have an innovative med spa which i also think is great. the way they've branched out is impressed and i enjoy that they keep the same type of model. their patient portal is very easy to use and tracks your health in one setting. i am able to easily send messages and ask about prescriptions. they also have telemedicine which is helpful for when i don't need to come in/am busy. they have social workers here, too, so you can receive therapy. again, definitely feels like an integrated healthcare model being used. 

aside from going here for my primary care, i have gone to their urgent care on several occasions. my primary is kind, caring, and patient with me; she knows me well but doesn't get annoyed when i reach out, make requests, or send her many messages. as a person with anxiety, this is special to met because it helps me feel at ease. i've had the opportunity to receive care from jayme, michelle, and lindsay (all pas) in the past when i had to come in for urgent care and they were all really wonderful and kind. kindness goes a long way and it extends to their nurses who've always said hi to me and made me feel welcomed and comfortable. there was a period of time where i had to come in a few times a week or once a week and everyone from the nurses to the receptionists have always been welcoming. i definitely appreciate innovative express care and their staff; i encourage everyone to come here! be mindful that if you're coming for urgent care, you're definitely going to have to wait. it's just how it is, but i've never waited for urgent care more than 15-20 minutes; make an appointment online ahead of time is the best suggestion!",Cass K.,2020-01-10,https://www.yelp.com/biz/innovative-express-care-chicago?adjust_creative=upenn&hrid=AUcHdu-Fqesuy0aivPzIrA&utm_campaign=yelp_feed&utm_medium=feed_v2&utm_source=upenn,False,Innovative Express Care,False,254,4.0,2020-06-06T05:44:17,17732705600.0,https://www.innovativeexpresscare.com,https://www.yelp.com/biz/innovative-express-care-chicago?adjust_creative=upenn&utm_campaign=yelp_feed&utm_medium=feed_v2&utm_source=upenn,2400 N Ashland Ave,Chicago,IL,US,60614.0,,,Urgent Care,Internal Medicine,Family Practice,,,
254423,vzeeC-BpVHHPQKtQafqbhA,YF67e_dNwUtlBbZPo5Evpw,1,"i went to see someone here for an annual check-up. i had called my insurance before to confirm it would be compensated as part of my plan. they confirmed it. zoom billed it inaccurately, and i've had to pay out of pocket. i was told i would receive a refund which i have not seen. they then ignored my several emails to adjust it. i then wasted half a dozen calls with their useless billing department, nichole, who didn't adjust anything. do not come here unless you want to be billed inaccurately and have to follow-up needlessly. go anywhere else.",Lida T.,2020-02-28,https://www.yelp.com/biz/zoom-care-bellevue-bellevue?adjust_creative=upenn&hrid=YF67e_dNwUtlBbZPo5Evpw&utm_campaign=yelp_feed&utm_medium=feed_v2&utm_source=upenn,False,ZOOM+Care Bellevue,False,24,3.5,2020-05-17T23:15:02,15036848252.0,https://www.zoomcare.com,https://www.yelp.com/biz/zoom-care-bellevue-bellevue?adjust_creative=upenn&utm_campaign=yelp_feed&utm_medium=feed_v2&utm_source=upenn,10425 NE 8th St Ste 4,Bellevue,WA,US,98004.0,47.617275,-122.2008685,Urgent Care,Family Practice,,,,
270428,pwPeD5AOZ9XUcco7r7lSWg,KGxYVFnssntcFe8YlNbueg,1,"two hour wait and then they offered a virtual doctor on zoom at the end.  for that, just let me take it from home and zoom right???  it better cost less.   and i can just chill from the house.   i've been waiting 2 hours and still have not been seen.  same with another lady in here and she blew up.  they tried to charge for her waiting 2 hours and wanting to reschedule.  she never even talked to a doctor!!!!    i asked how many doctors on staff - only one.   and they were busy taking patients and appointments.  wtf.  

all business poor customer patient sat.   i'm out man.",Isaac L.,2020-02-21,https://www.yelp.com/biz/action-urgent-care-san-jose?adjust_creative=upenn&hrid=KGxYVFnssntcFe8YlNbueg&utm_campaign=yelp_feed&utm_medium=feed_v2&utm_source=upenn,False,Action Urgent Care,False,331,3.0,2020-06-03T17:07:24,14086457073.0,http://actionurgentcare.com/,https://www.yelp.com/biz/action-urgent-care-san-jose?adjust_creative=upenn&utm_campaign=yelp_feed&utm_medium=feed_v2&utm_source=upenn,1375 Blossom Hill Rd,San Jose,CA,US,95118.0,,,Urgent Care,Family Practice,,,,
270441,pwPeD5AOZ9XUcco7r7lSWg,-m-eJT1HBH8h6v3UbIkC0Q,1,"i set up an appointment online for a skin reaction. when i got to the office i was surprised 1) that i would be attended to by a nurse practitioner rather than a doctor 2) that the visit would be performed via video conference.

i would never have gone in for a skin reaction had the provider been transparent that the visit were be to performed via video conference.

in short, the combination of the video conference and poor bedside manner from the nurse practitioner led to misdiagnoses for which i had to follow up with another care provider for secondary issues caused by the misdiagnoses.

i pursued review of my case, and the customer experience was abysmal. weeks for email responses, promises for phone calls, and unable to provide any documentation of the investigation that was said to have happened internally, or, at the very least, an apology. i would highly advise against this care provider and intend to pursue legal action against them.",Ky K.,2020-01-11,https://www.yelp.com/biz/action-urgent-care-san-jose?adjust_creative=upenn&hrid=-m-eJT1HBH8h6v3UbIkC0Q&utm_campaign=yelp_feed&utm_medium=feed_v2&utm_source=upenn,False,Action Urgent Care,False,331,3.0,2020-06-03T17:07:24,14086457073.0,http://actionurgentcare.com/,https://www.yelp.com/biz/action-urgent-care-san-jose?adjust_creative=upenn&utm_campaign=yelp_feed&utm_medium=feed_v2&utm_source=upenn,1375 Blossom Hill Rd,San Jose,CA,US,95118.0,,,Urgent Care,Family Practice,,,,
270466,pwPeD5AOZ9XUcco7r7lSWg,sHcfwyv7RtxQ86qQtSs6JA,1,"wish i had read these reviews before going there..
my eyes were itching and i presumed i was having a skin reaction so i went here two weeks ago before a business meeting..
they were incredibly slow and could not get their internet to take my insurance card..
finally they set up a zoom meeting with the 'doctor' and turns out it was a pa who looked and acted like she was 12..
i repeatedly tried to explain that it was the skin under my eyes that was itching but they still insisted on making me take a worthless eye exam..
i left with a prescription for ocular antihistamine drops and antibiotics that did absolutely nothing to help me..
i finally went next door and purchased otc topical anti-itch medication and bacitracin which at least helped a little but decided i would never be going back..
the kicker is that i just received a bill for $179 which was charged to my credit card.. dont even think of going here if you are sick!",Selena C.,2020-01-27,https://www.yelp.com/biz/action-urgent-care-san-jose?adjust_creative=upenn&hrid=sHcfwyv7RtxQ86qQtSs6JA&utm_campaign=yelp_feed&utm_medium=feed_v2&utm_source=upenn,False,Action Urgent Care,False,331,3.0,2020-06-03T17:07:24,14086457073.0,http://actionurgentcare.com/,https://www.yelp.com/biz/action-urgent-care-san-jose?adjust_creative=upenn&utm_campaign=yelp_feed&utm_medium=feed_v2&utm_source=upenn,1375 Blossom Hill Rd,San Jose,CA,US,95118.0,,,Urgent Care,Family Practice,,,,
408680,BJXd6_qpmifBt7On3RnA_w,s_VC5dwETYROGxzqC5s0fA,5,"just had another great visit at zoom care. from the front desk staff to the awesome doctor amy theppote, dpm, it was another seamless visit. although we certainly don't want to have to visit, when we are in need of care, especially quick, convenient, this is our place to go. dr amy was wonderful with our son who broke his toe. we really appreciated her kindness and knowledge. she is fantastic!  so awesome to have a doctor of podiatry at zoom care!",Marci D.,2020-01-27,https://www.yelp.com/biz/zoom-care-scholls-ferry-beaverton?adjust_creative=upenn&hrid=s_VC5dwETYROGxzqC5s0fA&utm_campaign=yelp_feed&utm_medium=feed_v2&utm_source=upenn,True,ZOOM+Care Scholls Ferry,False,29,4.0,2020-01-27T16:11:24,15036848252.0,http://www.zoomcare.com,https://www.yelp.com/biz/zoom-care-scholls-ferry-beaverton?adjust_creative=upenn&utm_campaign=yelp_feed&utm_medium=feed_v2&utm_source=upenn,11355 SW Scholls Ferry Rd,Beaverton,OR,US,97008.0,,,Family Practice,Urgent Care,Orthopedists,,,
458615,SxcXbSRo_1UoQCVJaIATQw,eAduW3OOmpmIi3t55yMeug,5,"very blessed by the care and attention i have received at caduceus. afraid that i may be contagious with the flu, the virtual visit with the urgent care confirmed my fears and they called in the medication i needed.  cannot stress this enough, this years's flu is extremely painful and getting the medication needed asap is important. so thankful to shital patel np & tanya lizarde mvp for the compassionate care!",Natalie P.,2020-01-11,https://www.yelp.com/biz/caduceus-medical-group-laguna-beach?adjust_creative=upenn&hrid=eAduW3OOmpmIi3t55yMeug&utm_campaign=yelp_feed&utm_medium=feed_v2&utm_source=upenn,False,Caduceus Medical Group,False,136,3.5,2020-05-25T22:04:17,19494990577.0,http://www.caduceusmedicalgroup.com,https://www.yelp.com/biz/caduceus-medical-group-laguna-beach?adjust_creative=upenn&utm_campaign=yelp_feed&utm_medium=feed_v2&utm_source=upenn,333 Thalia St,Laguna Beach,CA,US,92651.0,33.5365648,-117.777176,Family Practice,Urgent Care,Diagnostic Services,,,
519270,JocBhEOhTbLGNk4eIS_YVg,sVZA9cNr88lDowxJJprUDg,5,"my doctor was dr. kulak. we had a great experience because of him. he answered all questions and provided information clearly, whether in office, email or through video conference. even after we got pregnant and switched to a regular ob gyn he was willing to support me. the staff at genesis were kind and friendly which you need for those 630 am blood withdrawal",Emily R.,2020-01-14,https://www.yelp.com/biz/genesis-fertility-and-reproductive-medicine-brooklyn-2?adjust_creative=upenn&hrid=sVZA9cNr88lDowxJJprUDg&utm_campaign=yelp_feed&utm_medium=feed_v2&utm_source=upenn,True,Genesis Fertility & Reproductive Medicine,False,18,2.5,2020-01-28T18:45:29,17182838600.0,https://www.genesisfertility.com,https://www.yelp.com/biz/genesis-fertility-and-reproductive-medicine-brooklyn-2?adjust_creative=upenn&utm_campaign=yelp_feed&utm_medium=feed_v2&utm_source=upenn,6010 Bay Pkwy Ste 501,Brooklyn,NY,US,11204.0,,,Obstetricians & Gynecologists,,,,,
535850,gVvKBApIbMFjbz3uwUHjgw,mqRfhETBPhi3TCo87dxVkg,5,"i got the radiant iv drip. i wanted vitamin c for health reasons and they recommended the radiant drip. it has a lower level of vitamin c than if you get the vitamin c by itself. i also tacked on vitamin d for an addition $29. totally worth it. they have specials as well and will let you know what is available. staff is informative and friendly. they check your vitals, and you also get to video chat with a nurse to check your medical condition as well as answer any questions you may have. i want to do the hyperbaric chamber next. my skin felt hydrated and soft as an additional bonus to the iv drip. wasn't there for that, but who is complaining. not this woman.",Christine C.,2020-03-09,https://www.yelp.com/biz/restore-hyper-wellness-virginia-beach-virginia-beach?adjust_creative=upenn&hrid=mqRfhETBPhi3TCo87dxVkg&utm_campaign=yelp_feed&utm_medium=feed_v2&utm_source=upenn,False,Restore Hyper Wellness - Virginia Beach,False,8,5.0,2020-04-19T17:11:44,17577697514.0,https://restore.com/locations/virginia-beach-va/,https://www.yelp.com/biz/restore-hyper-wellness-virginia-beach-virginia-beach?adjust_creative=upenn&utm_campaign=yelp_feed&utm_medium=feed_v2&utm_source=upenn,1860 Laskin Rd Ste 103,Virginia Beach,VA,US,23454.0,,,Cryotherapy,IV Hydration,Saunas,,,
544109,uJskEypcuwx_WhCWiSmJKg,ykyKhMBjrjt4cPPzA6r6Hw,1,"i received a phone call the beginning of december from this company with the name of the person that would be handling my cpap machine order.  preferred received the prescription and order from sleep telemedicine services, who performed the two sleep studies on me.  ten days later i called and was finally connected to the cpap machine contact.  she informed me she hadn't even looked at the order.  while i was on the phone with her, she looked at the order and then stated she wasn't even going to submit it to my insurance because she didn't feel it would be approved.  she also felt after looking at the prescription that i didn't even need a cpap machine.  she went on and on about how doctors write prescriptions that aren't necessary, and she wasn't going to waste her time.  she ended the call stating she would reach out to my doctor and let them know.  

the next day i called sleep telemedicine services and they submitted the order to aa medical.  it was approved by my insurance the next day.  two days later i received my machine and wonderful training by the therapist at aa medical.  

never ever will i use preferred for any dme!!",Cpk R.,2020-02-11,https://www.yelp.com/biz/preferred-homecare-las-vegas-3?adjust_creative=upenn&hrid=ykyKhMBjrjt4cPPzA6r6Hw&utm_campaign=yelp_feed&utm_medium=feed_v2&utm_source=upenn,False,Preferred Homecare,False,114,1.5,2020-05-05T14:55:31,17029516900.0,http://www.preferredhomecare.com/,https://www.yelp.com/biz/preferred-homecare-las-vegas-3?adjust_creative=upenn&utm_campaign=yelp_feed&utm_medium=feed_v2&utm_source=upenn,871 Grier Dr Ste C,Las Vegas,NV,US,89119.0,36.06862,-115.14381999999999,Home Health Care,,,,,
551451,Klo_7kS-mwqBIwI-pH-n5g,DvoSSDhPlsYar6ZY5Azt2Q,5,absolutely the easiest doctor visit ever.  done from the comfort of my own home.  on top of that the doctor was on time and was so nice!  i used to use this video conference dr visits all the time in the mainland but this service was even better than i could have ever imagined!  thanks dr anegawa for the outstanding care!,Jocelyn M.,2020-01-28,https://www.yelp.com/biz/plushcare-urgent-care-san-francisco-2?adjust_creative=upenn&hrid=DvoSSDhPlsYar6ZY5Azt2Q&utm_campaign=yelp_feed&utm_medium=feed_v2&utm_source=upenn,False,PlushCare Urgent Care,False,284,4.5,2020-06-05T13:18:22,14152315333.0,http://www.plushcare.com,https://www.yelp.com/biz/plushcare-urgent-care-san-francisco-2?adjust_creative=upenn&utm_campaign=yelp_feed&utm_medium=feed_v2&utm_source=upenn,,San Francisco,CA,US,94107.0,,,Doctors,Urgent Care,Concierge Medicine,,,
551458,Klo_7kS-mwqBIwI-pH-n5g,pDO_cyPRrCczLwzOFt5Gdw,5,cedar count is the highest since the early 1900's and i couldn't shake the sinus pressure and lost nasal drip. so i reached out to plush care thru my insurance and was able to get an appointment within 2 hours. meet the doctor online video chat and told him what was going on he asked a few questions. he wrote a prescription i picked it up the same days and now two days later i am 95% back to normal just a small infrequent cough which will probably be gone by tomorrow. so easy and convenient.,John B.,2020-01-22,https://www.yelp.com/biz/plushcare-urgent-care-san-francisco-2?adjust_creative=upenn&hrid=pDO_cyPRrCczLwzOFt5Gdw&utm_campaign=yelp_feed&utm_medium=feed_v2&utm_source=upenn,False,PlushCare Urgent Care,False,284,4.5,2020-06-05T13:18:22,14152315333.0,http://www.plushcare.com,https://www.yelp.com/biz/plushcare-urgent-care-san-francisco-2?adjust_creative=upenn&utm_campaign=yelp_feed&utm_medium=feed_v2&utm_source=upenn,,San Francisco,CA,US,94107.0,,,Doctors,Urgent Care,Concierge Medicine,,,
551464,Klo_7kS-mwqBIwI-pH-n5g,suS3oWH0EKkIjFzGFawEqg,5,"i tried plushcare this week, and i was quite impressed. i have a telemedicine service that is free through my insurance, but i often feel like the medical doctors are hesitant to prescribe medication unless you are in really bad shape. plushcare had a $15 copay for me with my insurance, plus 30-day trial membership, then $9.99/month. so this time, i had the flu for a week and developed bronchitis, i couldn't sleep through the night due to my hacking cough. dr. klenk was so upbeat and compassionate; she got me hooked up with needed meds for my bronchitis, and also sent a refill of one of my maintenance meds. this was on new year's eve afternoon...by dinnertime, i had already picked up my prescriptions from the pharmacy and was on the road to healing. i will definitely turn to them again.",Susan S.,2020-01-02,https://www.yelp.com/biz/plushcare-urgent-care-san-francisco-2?adjust_creative=upenn&hrid=suS3oWH0EKkIjFzGFawEqg&utm_campaign=yelp_feed&utm_medium=feed_v2&utm_source=upenn,False,PlushCare Urgent Care,False,284,4.5,2020-06-05T13:18:22,14152315333.0,http://www.plushcare.com,https://www.yelp.com/biz/plushcare-urgent-care-san-francisco-2?adjust_creative=upenn&utm_campaign=yelp_feed&utm_medium=feed_v2&utm_source=upenn,,San Francisco,CA,US,94107.0,,,Doctors,Urgent Care,Concierge Medicine,,,
637073,IR_n-BcgreN4JAbRl19oWA,c5gDDZikIrZKbe2-GwUehg,1,"zoomcare is the worst ever.  1st of all, you won't see a doctor, you will sure a pa (physicians assistant).  the pas we saw at bridgeport didn't look like they were out of high school and one had just started at zoom.  my wife went in on january 1st only because we were the only ones open.  the pa then prescribed a weeks worth of docecylcine (sp?) and a at the end of the week she was 75% better, but not completely well.  i had the same condition and my ent prescribed 22 days of docecycline (sp?) and i am 100% better.  on january 20th, my wife goes into zoom and asks a different pa, ""hey, i am not 100% better.  could you prescribe another 7 days of the antibiotic"".  this is where analysis paralysis sets in to the apparent high school age pa.  he doesn't know what to do, so he sends my wife to the hospital to get an x-ray (zoom bridgeport has no imaging capabilities).  we get the x-ray and zoom promises to get back to us by 6 pm.  no response.  i call back on jan 20 and the call center woman says she has no info for us.  at that time, my wife gives the call center woman her authorization to speak with me about this issue (hippa) but as i find out later, zoom never makes a note of my wife's verbal authorization.  i call back the morning of jan 21st and zoom won't tell me anything.  i then ask the probable high school girl age girl who answers the phone at the call center to simply send my wife an email to update us as to next steps, i.e. docecycline prescription.  the young girl at the call center says isn't sure if she can send my wife an email to provide an update on the pa's decision to extend a prescription for the antibiotics or feedback on the x-ray.  

if you go to zoom, be prepared for ""young and dumb"" excuses, care provided by pas and not physicians and no one at this office will answer your call, rather it goes to a non-healthcare operator who will continue the snowball of incompetency.  they aren't on epic or similar ehr.

bottom line is you must be ready to be seen by non-doctors, with no imaging back up at this center and you must be ready to endure broken promises and incompetent follow up.",George A.,2020-01-21,https://www.yelp.com/biz/zoom-care-bridgeport-village-portland?adjust_creative=upenn&hrid=c5gDDZikIrZKbe2-GwUehg&utm_campaign=yelp_feed&utm_medium=feed_v2&utm_source=upenn,False,ZOOM+Care - Bridgeport Village,False,34,3.0,2020-03-04T07:59:12,15036848252.0,http://www.zoomcare.com,https://www.yelp.com/biz/zoom-care-bridgeport-village-portland?adjust_creative=upenn&utm_campaign=yelp_feed&utm_medium=feed_v2&utm_source=upenn,7421 SW Bridgeport Rd Ste 220,Portland,OR,US,97224.0,,,Family Practice,Urgent Care,,,,
760493,3giHqbOpxDrz7FcyIZoJCg,RkCfw6qepMYyZmt-J4Ql2w,1,"they won't tell you up front how much any of their services are, so you have no idea how much they will bill you for. and, since you have to sign an agreement to pay beforehand, there's no recourse. 
also, the doctors consult via video chat. the one person who works there acts as their hands. 
i decided to wait to see my regular doctor instead.",Zoe L.,2020-03-02,https://www.yelp.com/biz/action-urgent-care-san-francisco?adjust_creative=upenn&hrid=RkCfw6qepMYyZmt-J4Ql2w&utm_campaign=yelp_feed&utm_medium=feed_v2&utm_source=upenn,False,Action Urgent Care,False,9,2.0,2020-05-07T08:44:21,14158550475.0,http://actionurgentcare.com,https://www.yelp.com/biz/action-urgent-care-san-francisco?adjust_creative=upenn&utm_campaign=yelp_feed&utm_medium=feed_v2&utm_source=upenn,735 7th Ave,San Francisco,CA,US,94118.0,,,Urgent Care,,,,,
829626,1sDs3xjiji-ix6JEZb-rtg,QYsHF_lgcZvWrHG9PBKBPg,5,"i am hooked on lifeplus pharmacy!!!!!
family owned, caring, compassionate and knowledgeable staff. i am thankful that i found lifeplus pharmacy, my meds are always on time. i had telemedicine with dr. singh once, a very caring, knowledgeable and compassionate md. what a great experience. ritue, a wonderful pharmacist takes care of her clients and makes sure that everyone gets treated respectfully and compassionately. last night i had my vitamin and hydration iv treatments.... wow  it only took few minutes after to feel rejuvenated and ready for the new year. i highly recommend lifeplus pharmacy.",Maya M.,2020-01-01,https://www.yelp.com/biz/lifeplus-pharmacy-san-jose-2?adjust_creative=upenn&hrid=QYsHF_lgcZvWrHG9PBKBPg&utm_campaign=yelp_feed&utm_medium=feed_v2&utm_source=upenn,False,LifePlus Pharmacy,False,18,5.0,2020-05-31T20:20:08,14086068900.0,https://www.lifeplusrx.com,https://www.yelp.com/biz/lifeplus-pharmacy-san-jose-2?adjust_creative=upenn&utm_campaign=yelp_feed&utm_medium=feed_v2&utm_source=upenn,377 Santana Row Ste 1145,San Jose,CA,US,95128.0,,,Pharmacy,Drugstores,IV Hydration,,,
829708,E30Qe6PEReV3ykidfekQOQ,knFrkEYJz3xTnFU-NGbosw,5,"first of all, i'd like to say that i don't think i can't even put into words how blessed i feel for having met dr. pawel stachowicz on 9-5-19  i originally met dr. pawel for a free consultation.(i was skeptical) but it was free!
i figured what did i have to lose? most plastic surgeons charge for a consultation.
the date of my consultation i miss judged how long it would take me to get to his office and was very late. i was stressed and had anxiety because i thought i would miss my appointment which is hard enough for me to make.
i text dr. pawel to let him know i would be late. he said ""no problem let me know when you have arrived""
when i finally reached the office dr. pawel greeted me and spent a lot of time with me going over the whole procedure, asking me questions and getting to know me plus doing the exam
i am 53 years old and i wanted a mommy makeover! a much needed breast reduction/lift, lipo and tummy tuck.
i was very specific and telling dr. pawel what i wanted.
that day in his office i was so impressed with dr. pawel and became comfortable with him and his demeanor that by the end of the consultation i listen to my gut feeling and when ahead and schedule the surgery.
normally i would have to do a lot of research and thinking before making such a big decision.
dr. paul  let me pick a day and then later called to confirm and text me everything that we went over. it's nice to have everything in writing so you can refer back to it plus it can all be a little overwhelming trying to remember what your doctor is telling you all at once.
i did call dr. powell a couple more times with questions i forgot to ask during our conversations and he was always available to answer my questions. he usually returned my calls within two hours if i left a message or text.

i had my surgery done at abbott northwestern hospital. that definitely gave me comfort in knowing i had a full anesthesia department by my side, not to mention it was much less expensive than a surgery center. i believe that's why dr. pawel is able to keep his prices so low, usually the surgery is about the same as the surgery centers fees in my experience.
the nurses that assisted dr. pawel  were great! i have to give a shout out to them as well as the anesthesiologist.
dr. pawel did such an amazing job! my boobs look better than when i was 20 years old! the body contouring and tummy tuck makes me look and feel like a teenager again. dr. pawel is an artist! i am very impressed with dr. pawel he is very good at what he does, before during and after my surgery dr. pawel was there. whether it be by phone text or video chat. evenings or weekend appointments! he was able to answer questions when i was out of town about wound care by sending in photos or video chatting. i recommend to anybody who is considering a plastic surgery procedure-especially breast or a tummy tuck- lipo to contact dr. pawel and set up an appointment.  its free!
what have you got to lose other than pounds! :)",Sally B.,2020-02-17,https://www.yelp.com/biz/authentic-plastic-surgery-st-paul?adjust_creative=upenn&hrid=knFrkEYJz3xTnFU-NGbosw&utm_campaign=yelp_feed&utm_medium=feed_v2&utm_source=upenn,True,Authentic Plastic Surgery,False,6,5.0,2020-02-17T16:38:51,16127701995.0,,https://www.yelp.com/biz/authentic-plastic-surgery-st-paul?adjust_creative=upenn&utm_campaign=yelp_feed&utm_medium=feed_v2&utm_source=upenn,1563 Como Ave Ste 108,St. Paul,MN,US,55108.0,,,Cosmetic Surgeons,,,,,
850143,y6CJm3JBdAyiWQU9NhRwoQ,ffyr_bc9GedSsGUIF2ajXQ,5,"i went through a long weekend with a bad ear infection.  i called telehealth on monday morning, president's day, and i was directed to the sanford office.  i went online, read some reviews, and made my appointment for 11 am.  i arrived early because i was in pain, and i knew i needed to fill out paperwork.  when i walked in, the staff was very friendly and i filled out the new patient paperwork while i waited.  i was on the phone with my worried girlfriend, about an ear infection, and it seemed that i was called in minutes by the nurse who guided me through triage and then to the waiting room.  i waited a few minutes and a pa showed up, very nice, asked some more questions, noticed i had a visible outside ear infection, and proceeded with the exam.  i think it took longer for my prescription to be written because i was anxious at that point.  i never expect to walk in and out of a doctor's office in less than a hour, but i did.  i spent over 90 minutes to have my prescription filled, which is for another review.  i was quite please with adventhealth, and during this time, the lobby had around 5 people waiting to be seen.  they did call the people with reservations.",Bill Y.,2020-02-17,https://www.yelp.com/biz/adventhealth-centra-care-sanford-sanford?adjust_creative=upenn&hrid=ffyr_bc9GedSsGUIF2ajXQ&utm_campaign=yelp_feed&utm_medium=feed_v2&utm_source=upenn,False,AdventHealth Centra Care Sanford,False,24,2.5,2020-05-04T05:59:40,14073303412.0,https://centracare.adventhealth.com,https://www.yelp.com/biz/adventhealth-centra-care-sanford-sanford?adjust_creative=upenn&utm_campaign=yelp_feed&utm_medium=feed_v2&utm_source=upenn,4451 West 1st Street,Sanford,FL,US,32771.0,,,Urgent Care,Walk-in Clinics,,,,
945499,CjnoNRQSaCSbRdS4JDi2bQ,NvF3O-F9dVl-_mQzRPMBAQ,5,"my 1st appointment with dr. wexler was in 2017. i was curious & somewhat apprehensive, as it was to take place over the phone, using telemedicine. 
i should preface my review by saying that the search for a psychiatrist who not only has excellent credentials but with whom you can feel comfortable is not easily accomplished. within minutes of speaking with him i wanted to yell ""eureka ""! dr. wexler has been working 
with me to manage & ""fine tune "" my medications. he has also been educating me about depression, anxiety & the ""how"" & ""why"" various medications work together -
all helping me emerge from the bleak, black wasteland that i have inhabited for far too long. within the 1st 7 
months of becoming his patient, dr. wexler did more to alleviate my symptoms stemming from major depressive disorder, generalized anxiety & fnd ( functional neurologic disorder) than had been the case for well over 8 yrs. he keeps abreast of the newest developments & advancements in his fields. the passion he has for his specialties is obvious. his written feedback following ea. appt. is prompt as is his response to e-mails. his reports are sent to my other treating physicians & therapist. the result: a team of professionals all working together for the same goal. my confidence in dr. wexler & in his ability to finally let me thrive cannot be overstated. how fortunate i feel to have become his patient!
ea california 

nb not à criticism but a fact of life: be aware that you will have to pay for your care out of pocket. no insurances are accepted.",Eileen A.,2020-03-07,https://www.yelp.com/biz/david-wexler-md-los-angeles?adjust_creative=upenn&hrid=NvF3O-F9dVl-_mQzRPMBAQ&utm_campaign=yelp_feed&utm_medium=feed_v2&utm_source=upenn,False,"David Wexler, MD",False,40,5.0,2020-05-12T15:45:15,13108183821.0,https://www.davidwexlermd.com,https://www.yelp.com/biz/david-wexler-md-los-angeles?adjust_creative=upenn&utm_campaign=yelp_feed&utm_medium=feed_v2&utm_source=upenn,10850 Wilshire Blvd Ste 1260,Los Angeles,CA,US,90024.0,,,Psychiatrists,,,,,
1020605,i1_RRP-chmNsa00RrNu8ew,bN_-dESvlo2AHudlX8Vp-A,5,"had my medical marijuana evaluation with dr. fu last week and everything went well. staff walked me through the entire process, totally professional. i did in in the clinic cause i didn't know it's done with telemedicine. doh. now i know. but the good thing is i got my documents and photo id right away. i'm loving the photo id and the quality. 

since i have been coming here for weight loss consultations in the past, it just made sense to go with dr. fu again. docking 1 star because the staff forgot to tell me that i could have done it online, which would have saved me the drive. 

at least i got to see the renovated building. if we're judging purely on the quality of service and knowledge of the doctor, the rating is 5 stars. ask about cbd, dr. fu knows quite a lot about alternative treatments.





type a message",Jessica H.,2020-01-16,https://www.yelp.com/biz/steady-care-medical-clinic-santa-ana?adjust_creative=upenn&hrid=bN_-dESvlo2AHudlX8Vp-A&utm_campaign=yelp_feed&utm_medium=feed_v2&utm_source=upenn,False,Steady Care Medical Clinic,False,135,4.5,2020-04-15T13:14:56,17145588033.0,http://steadycaremedical.com,https://www.yelp.com/biz/steady-care-medical-clinic-santa-ana?adjust_creative=upenn&utm_campaign=yelp_feed&utm_medium=feed_v2&utm_source=upenn,2001 East 1st St Ste 102,Santa Ana,CA,US,92705.0,,,Medical Centers,,,,,
1020834,uXzPLCe_ZeAhLMxokm_cZQ,JppnEobQZ12MBZLjHpHJoA,4,"i love that zoom care allows for same day care... i was feeling under the weather with pain/ringing in my left ear so i thought i had an ear infection. i was able to get seen a couple hours after my pain started. i didn't have to wait at all and i was seen during my scheduled appointment. they take a lot of different insurance and they have an in-house pharmacy. 

my only concern is that i was only with the doctor for about 10 minutes max and she confirmed my ear infection but she also found out that i had a sinus infection and swollen nose... which apparently all connect together. she gave me some antibiotics, a nasal spray, and some probiotics and that was $71 out of pocket... not sure how much they charged my insurance but i was caught off guard because it's definitely a lot higher than expected! my insurance usually covers 100% with a $35 co-pay so i was confused with their charges... they don't give you a receipt on the spot, you have to check the statements online and they make you view your status online.",Krystal L.,2020-02-04,https://www.yelp.com/biz/zoom-care-university-seattle?adjust_creative=upenn&hrid=JppnEobQZ12MBZLjHpHJoA&utm_campaign=yelp_feed&utm_medium=feed_v2&utm_source=upenn,False,ZOOM+Care University,False,25,4.0,2020-03-29T03:04:08,15036848252.0,http://www.zoomcare.com,https://www.yelp.com/biz/zoom-care-university-seattle?adjust_creative=upenn&utm_campaign=yelp_feed&utm_medium=feed_v2&utm_source=upenn,4540 University Way NE,Seattle,WA,US,98105.0,,,Family Practice,Urgent Care,,,,
1026409,zhuFLoMZJTCYe0n-q5C8gw,__ohuGpjWGJbXx6lkh9Nkw,5,"needed to get my teeth whitened before the wedding. i didn't think i really needed it but the wife to be insisted.  i didn't think the zoom products actually work but went ahead with it.  after an hour, it's safe to say my teeth have never been whiter and brighter.  no more yellow teeth!  i've been getting a lot of compliments on how white and shiny my teeth are.  i guess i really did need it!  the nurse was great and explained each step along the way.  at the end, the owner also gave me some special toothpaste for sensitivity teeth, which i thought was very nice.  fyi the sensitivity wasn't as bad as i had expected it to be.  highly recommend!",Milad S.,2020-01-07,https://www.yelp.com/biz/cupertino-dental-and-facial-esthetics-cupertino-3?adjust_creative=upenn&hrid=__ohuGpjWGJbXx6lkh9Nkw&utm_campaign=yelp_feed&utm_medium=feed_v2&utm_source=upenn,False,Cupertino Dental and Facial Esthetics,False,44,5.0,2020-05-23T14:50:46,14088651777.0,http://smilegallery.com,https://www.yelp.com/biz/cupertino-dental-and-facial-esthetics-cupertino-3?adjust_creative=upenn&utm_campaign=yelp_feed&utm_medium=feed_v2&utm_source=upenn,10413 Torre Ave Ste 600,Cupertino,CA,US,95014.0,37.3167886,-122.0296345,Cosmetic Dentists,Medical Spas,Skin Care,,,
1079999,Fp7dwkcSQO8QqIAAPiH1vg,OaPL7-szj5h4CmDvYzRDkA,1,first time member at kaiser 1/1/2020. have gotten sick  3 times in the last month. decide to try to seek help and get a prescription through my new health care provider. go through the evisit option only to be advised that i actually need to call the nurse hotline. i do. have to wait 1.5 hours for a call back where in the nurse advises i gargle with saltwater. i do. symptoms worsen by the next day. attempt virtual visit...don't qualify since i haven't had an in person visit yet.  call to make an in person office visit...no availability until tomorrow afternoon and that appts with a diff dr. kaiser permanente...so far u 100% suck and i 100% regret switching over to u. two thumbs down. i'll now be waiting in urgent care for the next 3 hours. god help  me if they tell me to gargle salt water again.,Tasha B.,2020-01-27,https://www.yelp.com/biz/kaiser-permanente-ontario-vineyard-medical-offices-ontario?adjust_creative=upenn&hrid=OaPL7-szj5h4CmDvYzRDkA&utm_campaign=yelp_feed&utm_medium=feed_v2&utm_source=upenn,False,Kaiser Permanente Ontario Vineyard Medical Offices,False,202,3.0,2020-05-01T11:13:00,18887500036.0,http://kaiserpermanente.org,https://www.yelp.com/biz/kaiser-permanente-ontario-vineyard-medical-offices-ontario?adjust_creative=upenn&utm_campaign=yelp_feed&utm_medium=feed_v2&utm_source=upenn,2295 S Vineyard Ave,Ontario,CA,US,91761.0,,,Medical Centers,,,,,
1407931,ZhogP3o3lqoSZm7BZSZ4hA,3A4K4s1BdUL-VsL_s9vlDg,5,"had a virtual appointment with my 18 month old and they needed to do some testing so were going to send someone to our home within 20 minutes! there was some confusion and miscommunication about pricing but they remedied (pun intended) it with excellent customer service.

we will definitely use remedy for our future sick care needs. just a tip- make sure to call and specifically mention your child's age if you're doing a virtual visit.

remedy is a life saver for this mom of 4.",Natalie H.,2020-02-12,https://www.yelp.com/biz/remedy-urgent-care-austin-4?adjust_creative=upenn&hrid=3A4K4s1BdUL-VsL_s9vlDg&utm_campaign=yelp_feed&utm_medium=feed_v2&utm_source=upenn,False,Remedy Urgent Care,False,195,5.0,2020-03-31T16:15:38,18447363395.0,http://myremedy.com,https://www.yelp.com/biz/remedy-urgent-care-austin-4?adjust_creative=upenn&utm_campaign=yelp_feed&utm_medium=feed_v2&utm_source=upenn,,Austin,TX,US,78735.0,,,Urgent Care,Home Health Care,,,,
1407946,ZhogP3o3lqoSZm7BZSZ4hA,zkRS29GMSYFg4Euzdo1Dyw,5,"such a good experience with these people. our family has used them twice now. once was strictly a video conference and the second time they did a video and came out to the home to do labwork. overall, both times the care was exceptional and everyone we have dealt with their has had such a caring personality. highly recommended.",s a.,2020-01-26,https://www.yelp.com/biz/remedy-urgent-care-austin-4?adjust_creative=upenn&hrid=zkRS29GMSYFg4Euzdo1Dyw&utm_campaign=yelp_feed&utm_medium=feed_v2&utm_source=upenn,False,Remedy Urgent Care,False,195,5.0,2020-03-31T16:15:38,18447363395.0,http://myremedy.com,https://www.yelp.com/biz/remedy-urgent-care-austin-4?adjust_creative=upenn&utm_campaign=yelp_feed&utm_medium=feed_v2&utm_source=upenn,,Austin,TX,US,78735.0,,,Urgent Care,Home Health Care,,,,
1409588,D2NYH_iCQlMTa74UR0Aduw,apFfX2MhFaSfYlQE8yOcvw,5,"i came in because of a sinus infection and they treated me like a human and not a piece of cattle like all of the other doctor's offices i've been to. they diagnosed me, gave me the meds that i needed and i was out the door in  20 minutes. we really like zoom+care. we have also ya amen my daughere to a different location on alberta in portland. the doctor was also very helpful with my daughter and diagnosed her skin rash was  poison ivy or oak. they actually care about their patients and not just shove as many meds as possible into them. we will only use  zoom from now on.",Matthew N.,2020-01-19,https://www.yelp.com/biz/zoom-care-grand-central-vancouver-vancouver?adjust_creative=upenn&hrid=apFfX2MhFaSfYlQE8yOcvw&utm_campaign=yelp_feed&utm_medium=feed_v2&utm_source=upenn,True,ZOOM+Care Grand Central - Vancouver,False,13,3.0,2020-04-01T11:46:23,15036848252.0,http://www.zoomcare.com,https://www.yelp.com/biz/zoom-care-grand-central-vancouver-vancouver?adjust_creative=upenn&utm_campaign=yelp_feed&utm_medium=feed_v2&utm_source=upenn,2510 Columbia House Blvd Ste 107,Vancouver,WA,US,98661.0,,,Family Practice,Urgent Care,,,,
1493706,d3B9SUJX80wwa0BCV5vSBw,rlgfVyBpyOEI_w9liRpeng,1,"how many stars do you give to a clinic that almost killed you? since zero stars isn't possible i guess i'll have to settle for one star. let this serve as a psa to get your own doctor and to never visit a zoomcare if you value your life. there is a reason you never have to wait at a zoomcare, they want you in and out and fast as physically possible. my obvious symptoms were ignored and i was shoved out the door.

less than 4 hours later after i left zoomcare, where my symptoms were ignored i was experiencing a medical emergency which was only amplified because zoomcare, and their terrible pa ignored my symptoms. if i would have listened to the advice of this zoomcare, and the ""super""clinic they referred me to, i would be dead. my husband without a partner and my children without a mother.

so to zoomcare if you're reading this, these are the telltale signs of epiglottitis:
severe sore throat
fever
a muffled or hoarse voice
abnormal, high-pitched sound when breathing in (stridor)
difficulty breathing
difficulty swallowing
drooling

i experienced 6/7 of these symptoms when i came into the clinic, which i told the pa. this pa faked a strep test and sent me on my way after explaining i was having a hard time breathing, in addition to 6 of these 7 tell tale signs of epiglottitis. if you want to see where i ended up at the end of the night, check out my review of the super clinic on ne grand.",Jenna T.,2020-01-06,https://www.yelp.com/biz/zoom-care-mississippi-portland?adjust_creative=upenn&hrid=rlgfVyBpyOEI_w9liRpeng&utm_campaign=yelp_feed&utm_medium=feed_v2&utm_source=upenn,False,ZOOM+Care - Mississippi,False,45,3.0,2020-02-19T19:24:50,15036848252.0,http://www.zoomcare.com,https://www.yelp.com/biz/zoom-care-mississippi-portland?adjust_creative=upenn&utm_campaign=yelp_feed&utm_medium=feed_v2&utm_source=upenn,3872 N Mississippi Ave,Portland,OR,US,97227.0,45.550669734878,-122.67528672451999,Family Practice,Urgent Care,,,,
1493709,d3B9SUJX80wwa0BCV5vSBw,Bh_KlGNYcGBvvcsODPWmJQ,1,"there's a reason his location is poorly rated. linsey zocco is a terrible pa. do not see her. i repeat do not see her. i had lunch with a friend today and our conversation went like this:

friend: ugh i had a terrible zoom care experience.
me: which location?
friend: missippi
me: (gasps) no, who did you see?
friend: zocco
me: omg me too!

this is a person that should be in a lab. she should not be dealing with the public. she has a terrible attitude. she doesn't listen to you when you describe what you are experiencing, she says she performs tests that she does not. she is rude, off-putting and gives zoomcare a very bad name. she is the reason i have banned zoomcare for myself and my entire family.",Jessica T.,2020-01-15,https://www.yelp.com/biz/zoom-care-mississippi-portland?adjust_creative=upenn&hrid=Bh_KlGNYcGBvvcsODPWmJQ&utm_campaign=yelp_feed&utm_medium=feed_v2&utm_source=upenn,False,ZOOM+Care - Mississippi,False,45,3.0,2020-02-19T19:24:50,15036848252.0,http://www.zoomcare.com,https://www.yelp.com/biz/zoom-care-mississippi-portland?adjust_creative=upenn&utm_campaign=yelp_feed&utm_medium=feed_v2&utm_source=upenn,3872 N Mississippi Ave,Portland,OR,US,97227.0,45.550669734878,-122.67528672451999,Family Practice,Urgent Care,,,,
1577652,FsrHO3o53cjrdMwTBEOsKw,3xdvMdugFl3aZyxtzx8zsg,5,"suddenly came down with a stomach flu bug.  called regenerate me and amazing customer service from the get go. the call was disconnected on my end and the reached back out to me to verify i still wanted services. they scheduled me for about 2 hours later and had me do a video chat with a doctor to go over my medical history. 

my nurse, amber, showed up on time. very communicative and informative of everything she was doing, as she was doing it. answered all of my questions and got my iv started.  she stayed right next to me and making sure i was comfortable the entire time and even covered me with my own blanket. 

thank you for this service and we will definitely recommend and use their services again if needed!",Rayne W.,2020-01-25,https://www.yelp.com/biz/regenerate-me-las-vegas-2?adjust_creative=upenn&hrid=3xdvMdugFl3aZyxtzx8zsg&utm_campaign=yelp_feed&utm_medium=feed_v2&utm_source=upenn,True,Regenerate Me,False,54,5.0,2020-03-28T00:16:38,17027782800.0,http://www.regenerateme.com,https://www.yelp.com/biz/regenerate-me-las-vegas-2?adjust_creative=upenn&utm_campaign=yelp_feed&utm_medium=feed_v2&utm_source=upenn,3535 S Las Vegas Blvd,Las Vegas,NV,US,89109.0,,,IV Hydration,Concierge Medicine,,,,
1588941,apVI8C26LytocvyT1iSACw,f_EFeVP87dAzd1rX4KQN8A,1,"this place is horrible.  the last 2 office visits were supposed to be well visits which my insurance pays 100%.  they didn't do that and now are billing for my copayment.  also, when you call they don't return your call.  you get switched from 1 person to the next and then put on hold and then disconnected.  the medical assistant is never available.  i have been trying to get a refill on a prescription for over a week. my pharmacy has called them with no luck either and sent 3 faxes.  i have made close to 24 phone calls.  most of my calls are disconnected.  they switch you all over the place and some tell me that a request has been sent but no one is responding. i left numerous messages with the medical assistants and have not heard anything.  i am out of my medication and now think i will do better with a virtual doctor.  done with this mad house that you wait 2 plus hours to get past your appointment time.",Bea R.,2020-02-04,https://www.yelp.com/biz/healthlinc-michigan-city-michigan-city?adjust_creative=upenn&hrid=f_EFeVP87dAzd1rX4KQN8A&utm_campaign=yelp_feed&utm_medium=feed_v2&utm_source=upenn,True,HealthLinc - Michigan City,False,2,1.0,2020-02-04T15:54:18,12198726200.0,https://healthlincchc.org,https://www.yelp.com/biz/healthlinc-michigan-city-michigan-city?adjust_creative=upenn&utm_campaign=yelp_feed&utm_medium=feed_v2&utm_source=upenn,710 Franklin St Ste 200,Michigan City,IN,US,46360.0,,,Family Practice,Obstetricians & Gynecologists,Pediatricians,,,
1615702,i1DEFCp75q6iEkaKW7n5dA,6ugi5xrHJV6oR56qX0aQSQ,1,"how many stars do you give to a clinic that almost killed you? since zero stars inset possible i guess i'll have to settle for one star. let this serve as a psa to get your own doctor and to never visit a zoomcare if you value your life. there is a reason you never have to wait at a zoomcare, they want you in and out and fast as physically possible. my obvious symptoms were ignored and i was shoved out the door.

after visiting the zoomcare location on mississippi (also a 1 star review) it was recommended that i check out a super clinic for an x-ray. i was at this location 15 minutes after i left the first location.

i explained all over again what i had explained at the previous clinic and they ordered an x-ray. it took a good 45 minutes to get the x-ray, once it was complete i started shaking uncontrollably(later i realized this was probably a spike in my temp). the x-ray guy(he was the only good thing about this clinic) loaded me up with blankets and directed me back to the exam room. i waited another good 45 minutes and suddenly it became very hard to breathe, like my throat was closing off more. i was struggling to breathe and because of this is started to panic and my hands went numb. i called out for the nurse and explained i was having a panic because it was getting more difficult to breathe.

i was injected full of ativan because they thought i was having a panic attack. i was having a panic attack because i couldn't breathe. i wasn't having a random panic attack. they gave me a thick gi drink and told me to drink it. i tried. i couldn't. i explained i could not physically swallow it. the drink kept coming up. they said they didn't see anything on the xray. i was told to ""take an uber home and rest. maybe see a gi specialist within 48 hours"". 

i thought this was a joke. but i took than damn uber home and was left without a car. i went home, tried to draw a bath and ""relax"". i started vomiting and it wouldn't stop, but i kept choking as it was happening. i was worried i would asphyxiate. thank god my mother in law was there to take care of my kids because i called the neighbor and she took me to the er at ohsu. my neighbor had become a nurse mere weeks before and she knew i was in respiratory distress within seconds of seeing me. seconds! once i got to ohsu they admitted me immediately, did a quick ct scan, and i was intubated right before my airway was completely obstructed. from the first zoomcare appointment to my intubation was 6 hours. zoomcare wasted so much time. if they wouldn't have ignored my symptoms i may not have had to be intubated and spent 5 days in the hospital.

my husband was in europe on business and because i was so out of it i was unable to tell my mother in law, or him, which hospital i went to. when he finally found me and the er doctor called him back, he was told that the doctors were unable to say whether i would live or die. he was on the tarmac on an emergency flight to come back to me. 9 hours he had to wait to know if his kids would be left without a mother and him without his parter of 20 years. but thank god ohsu was able to recognize my symptoms right away. they saved my life. if it wasn't for my own intuition i would have died that night.

the medical emergency in which i experienced was called epiglottitis, something that nurses and doctors are trained to recognize. zoomcare failed on all attempts.",Jenna T.,2020-01-06,https://www.yelp.com/biz/zoom-care-ne-grand-super-clinic-portland-3?adjust_creative=upenn&hrid=6ugi5xrHJV6oR56qX0aQSQ&utm_campaign=yelp_feed&utm_medium=feed_v2&utm_source=upenn,False,ZOOM+Care NE Grand - Super Clinic,False,79,4.0,2020-04-17T21:07:53,15036848252.0,http://www.zoomcare.com,https://www.yelp.com/biz/zoom-care-ne-grand-super-clinic-portland-3?adjust_creative=upenn&utm_campaign=yelp_feed&utm_medium=feed_v2&utm_source=upenn,607 NE Grand Ave,Portland,OR,US,97232.0,,,Emergency Rooms,Diagnostic Imaging,,,,
1615707,i1DEFCp75q6iEkaKW7n5dA,ODg3L7k3GwNZHMWKT7sv1g,2,"i've been dealing with solvent and adhesive poisoning in my nervous system which they did not catch. my husband and i came in after 3 days of not keeping down water or food. the staff was nice but the doctor as soon as she walked in profiled me immediately, with my tattoos etc, which made me feel very uncomfortable and then told me about something i might have but my symptoms didnt match.....- btw i could tell she had just looked it up because she pronounced it incorrectly (i have friends who have been working on research in the field so i knew what she was talking about right away) but i didnt want to correct her and make her annoyed. it was very sad because i was extremely sick and the other staff were nice. i also love having a woman doctor so i feel very disappointed to say this about another female. i really like zoomcare but the way she acted towards us was very off putting.",Drew M.,2020-02-26,https://www.yelp.com/biz/zoom-care-ne-grand-super-clinic-portland-3?adjust_creative=upenn&hrid=ODg3L7k3GwNZHMWKT7sv1g&utm_campaign=yelp_feed&utm_medium=feed_v2&utm_source=upenn,False,ZOOM+Care NE Grand - Super Clinic,False,79,4.0,2020-04-17T21:07:53,15036848252.0,http://www.zoomcare.com,https://www.yelp.com/biz/zoom-care-ne-grand-super-clinic-portland-3?adjust_creative=upenn&utm_campaign=yelp_feed&utm_medium=feed_v2&utm_source=upenn,607 NE Grand Ave,Portland,OR,US,97232.0,,,Emergency Rooms,Diagnostic Imaging,,,,
1615708,i1DEFCp75q6iEkaKW7n5dA,7gmiR2Sfemvz8PNv8R5-jQ,1,"i'm sad to be writing this review considering that i have been an avid zoomcare user for several years now...until now. the staff is friendly, the facilities are clean and they are convenient. if you are uninsured, they are not affordable. luckily for me, i have insurance and thus i pay my copay and visit when i need to. on christmas eve i, unfortunately, needed to go in and receive treatment. i was told that the cost would be $146.59 as opposed to my usual $25. keep in mind that i have been going to zoomcare for years and have never paid more than my copay. i kindly advised the gal at the front desk that this was not the case and she ""credited back"" the $146.59 and then authorized an additional charge of $25. it took about 2 weeks to receive my credit back. a good 3 weeks later, all of a sudden, $121.59 is missing from my bank account. thank the universe that i had it in my account, otherwise, this random theft of funds could have been completely catastrophic. i called zoomcare customer service to attempt to discuss and received the most horrendous customer experience of my life from cori. she was genuinely the least compassionate, least educated (at her job) and least articulate (in explanation of what zoomcare had done) person that i have ever met. she spoke over the top of me every time i attempted to speak and finally got angry and hung up. she also lied when i asked for a manager and refused just before her hang up. luckily, when i called back, i received rhonda. rhonda was cori's polar opposite who took the time to explain how they had coded the visit to my insurance company etc. after having called my insurance company, it turns out, zoomcare chose a code that causes the billing to be moderated by whether the doctor is on the insurance network as opposed to whether zoomcare is. their billing error was costing me quite a bit of time as well as the money that i am out that they took out of my account without authorization. long story short, unless forced, i would not go to zoomcare again. i could have visited an urgent care and only paid a $50 copay, a fraction of what zoomcare cost me for 12 minutes of their time.",Sarah C.,2020-01-16,https://www.yelp.com/biz/zoom-care-ne-grand-super-clinic-portland-3?adjust_creative=upenn&hrid=7gmiR2Sfemvz8PNv8R5-jQ&utm_campaign=yelp_feed&utm_medium=feed_v2&utm_source=upenn,False,ZOOM+Care NE Grand - Super Clinic,False,79,4.0,2020-04-17T21:07:53,15036848252.0,http://www.zoomcare.com,https://www.yelp.com/biz/zoom-care-ne-grand-super-clinic-portland-3?adjust_creative=upenn&utm_campaign=yelp_feed&utm_medium=feed_v2&utm_source=upenn,607 NE Grand Ave,Portland,OR,US,97232.0,,,Emergency Rooms,Diagnostic Imaging,,,,
1625520,KMO2lyUyICGebj8tl1Jpaw,0m-6WbLICvNiDsLCagNuvA,5,"my daughter is in town visiting for the weekend and my grand baby was not feeling well. we were having a hard time finding a place that took her insurance and accidentally stumbled on this clinic while on our way to another. the clinic is absolutely beautiful and they were quick to get her checked in and seen. the staff was so kind and they obviously love what they do. while there, we also learned that they have the option of also treating a parent if they are in with their sick kiddo but they also have a new telemedicine service for adults! will be recommending this urgent care to all of my grandma friends!",Lisa M.,2020-02-01,https://www.yelp.com/biz/over-the-rainbow-pediatric-urgent-care-henderson?adjust_creative=upenn&hrid=0m-6WbLICvNiDsLCagNuvA&utm_campaign=yelp_feed&utm_medium=feed_v2&utm_source=upenn,False,Over the Rainbow Pediatric Urgent Care,False,100,4.5,2020-06-01T17:36:12,17025502273.0,http://www.overtherainbowcare.com,https://www.yelp.com/biz/over-the-rainbow-pediatric-urgent-care-henderson?adjust_creative=upenn&utm_campaign=yelp_feed&utm_medium=feed_v2&utm_source=upenn,10170 S Eastern Ave Ste 160,Henderson,NV,US,89052.0,,,Urgent Care,Pediatricians,,,,
1779474,_fPWPtuRauzEDnTvhYCshg,7HjQDiXYEKgwg-Kajf4xJA,5,"after seeing several psychiatrists in the coachella valley area that we're not a fit, i was frustrated and started to give up hope in finding a someone to help me with my anxiety. i decided to search for someone the la area, and that brought me to yelp. as i read dr k's numerous positive reviews, i started to regain hope. i drove out to meet him in person, to see for myself. he was so down to earth and didn't speak down to me like previous doctors have. he instantly made me feel at ease, and i was able to open up and speak with him freely. 

i was excited to learn i could video chat with him for appointments rather than drive two hours each way to la. since seeing dr k i have been able to get back on my medication, and have been sleeping through the night. best of all, he has given me many helpful techniques i can do on my own to help to manage my anxiety. i have had a very tough year and dr k has helped me more than words can express. 

i first sought help for anxiety 20 years ago, and have seen numerous doctors in multiple states. none compare to dr k, and to anyone else struggling with anxiety, i can't recommend him enough!",melaina b.,2020-01-26,https://www.yelp.com/biz/lindsay-kiriakos-md-anxiety-disorders-specialist-los-angeles-2?adjust_creative=upenn&hrid=7HjQDiXYEKgwg-Kajf4xJA&utm_campaign=yelp_feed&utm_medium=feed_v2&utm_source=upenn,False,"Lindsay Kiriakos, MD - Anxiety Disorders Specialist",False,45,4.5,2020-03-30T07:43:22,13106177549.0,https://www.lapsychiatrist.com,https://www.yelp.com/biz/lindsay-kiriakos-md-anxiety-disorders-specialist-los-angeles-2?adjust_creative=upenn&utm_campaign=yelp_feed&utm_medium=feed_v2&utm_source=upenn,11633 San Vicente Blvd Ste 306,Los Angeles,CA,US,90049.0,,,Psychiatrists,,,,,
1883034,GgmZWPpIq6dnNRtPU9h_lQ,tGh7Pdrplf1r6IxoK4hHHQ,1,"hello, i'm outpatient and recieve medication through pharmacy since i recieved my kidney which i take great care., i called the pharmacy earlier in week and talk to zooms who said no refills i said okay but out so please ask the pharmacy to please barrow a few pills until we get the priscription all while kept talking over still i told no problem it would be fine., friday came and i only recieved one prescription and so i back she said no we have not heard from your ., when ask the few colesteral pills she again talked over me and we don't have okay., no its not freakin okay.., and amid, this virus .., i tried looking around maybe i missed i couldn't believe these type of treatment was happening to me.., i called back and ask zoomi to speak to a supervisor it hung several times., i finally got i asked why she kept hanging she said no no boo boo., i said what ? street talk for the street off the lips of pharmacy to the patients., i want people to no how the treated me., she got on phone with jenny who just repeated that we don't have a prescription., and was arguing with me, i no her she doesn't no me patients who's not professional and who is this is not the first this has happened",Tiffany C.,2020-03-13,https://www.yelp.com/biz/advent-health-infusion-center-orlando?adjust_creative=upenn&hrid=tGh7Pdrplf1r6IxoK4hHHQ&utm_campaign=yelp_feed&utm_medium=feed_v2&utm_source=upenn,False,Advent Health Infusion Center,False,1,1.0,2020-03-13T13:16:42,,,https://www.yelp.com/biz/advent-health-infusion-center-orlando?adjust_creative=upenn&utm_campaign=yelp_feed&utm_medium=feed_v2&utm_source=upenn,2501 S Orange Ave Ste 481,Orlando,FL,US,32806.0,,,Medical Centers,,,,,
2047707,59DAXlEHGCqpr7IvKzjk3Q,hP2F3VD3AwK4t-kOun3DeQ,1,horrible experience. wait time was long. another lady was there and was complaining she had been waiting for an hour and half. spoke to 2 young ladies. both asked the same questions over again. then had some video chat.  couldn't see the person. that person asked the same questions again. by this point i'm very annoyed. finally i was taken into a consultation room with an rn that was made very clear to me that he's from mexico and he's a great plant tic surgeon. don't know why i needed to know. quoted me a ridiculous amount for botox. bottom  line didn't get anything done. wouldn't recommend this place. oh and by the way seems like the whole staff only speaks spanish,Marissa J.,2020-02-08,https://www.yelp.com/biz/ecologica-medical-spa-montebello-2?adjust_creative=upenn&hrid=hP2F3VD3AwK4t-kOun3DeQ&utm_campaign=yelp_feed&utm_medium=feed_v2&utm_source=upenn,False,Ecologica Medical Spa,False,62,4.0,2020-06-06T15:36:56,13237220022.0,http://ecologicamedspa.com,https://www.yelp.com/biz/ecologica-medical-spa-montebello-2?adjust_creative=upenn&utm_campaign=yelp_feed&utm_medium=feed_v2&utm_source=upenn,1200A W Beverly Blvd,Montebello,CA,US,90640.0,,,Medical Spas,Skin Care,Body Contouring,,,
2170591,z17cFEOSJ1ToV-fxaTxIwQ,Mm2FVQQT5z9jyPhOgSr0dg,2,"this doctors office has disappointed me since day one. staff is really nice and helpful when in office, however niceness only gets you so far. i've had issues with billing, appointments taking far longer than needed with unnecessary ""exams"" breathing treatments, and i have played absolute hell ever getting a prescription refill over the phone. there's hardly ever a physician on site to approve a refill, and staff find difficulty in locating physicians electronically to approve refills. i called this weekend desperately out of a medication and even left a voicemail for the dr. they just called me back monday morning to let me know they refilled my medication. i wouldn't have called on a saturday and dialed to speak directly to a dr if it was not truly urgent. luckily i was able to video chat with a dr through my insurance and get my refill immediately. no thanks to this office. will not be returning to this practice.",Candice W.,2020-03-09,https://www.yelp.com/biz/alan-e-gorenberg-md-inc-orange-3?adjust_creative=upenn&hrid=Mm2FVQQT5z9jyPhOgSr0dg&utm_campaign=yelp_feed&utm_medium=feed_v2&utm_source=upenn,False,Alan E Gorenberg MD Inc,False,31,4.0,2020-05-13T20:42:26,17146334666.0,http://www.allergyandasthmacarecenter.net,https://www.yelp.com/biz/alan-e-gorenberg-md-inc-orange-3?adjust_creative=upenn&utm_campaign=yelp_feed&utm_medium=feed_v2&utm_source=upenn,8506 E Chapman Ave,Orange,CA,US,92869.0,,,Allergists,,,,,
2178831,VjGbstkwWU7ixv7-LEe-2g,4ugdaChpJ9z2FGp7dNIirw,1,veterans stay away from here! i used my va referral for this place only to get one refill and now forced to see when va can see me again. it was a nice thought to be able to do telehealth only to find out the person that refilled my rx shouldn't have without seeing me in person first no one ever said anything until i reached out for a refill and that is when they told me i have to drive to them! one hour drive one way! this should have been told to me first thing not after refilling my rx and then basically saying oops we shouldn't have done that. so now the person that i was assigned to said why don't you try a different medicine? ok what i don't know what is out there and got no suggestions just insults and assumptions even though they had complete list of my rx history they never gave me options only that i can drive over 2 hours to be seen by someone else! called the va mission act and let them know what was going on they said i could only see that person who was no longer available at times i needed and only way they would cover is to get another referral from the va. if i didn't do this and just went to them for appointment and was seen by different doctor who knows where the bill would end up being passed on to. my bet is me!,Rob G.,2020-02-06,https://www.yelp.com/biz/viewpoints-psychotherapy-services-colorado-springs-2?adjust_creative=upenn&hrid=4ugdaChpJ9z2FGp7dNIirw&utm_campaign=yelp_feed&utm_medium=feed_v2&utm_source=upenn,False,ViewPoints Psychotherapy Services,False,8,3.5,2020-05-06T12:56:51,17196491902.0,https://www.viewpointspsychotherapy.com,https://www.yelp.com/biz/viewpoints-psychotherapy-services-colorado-springs-2?adjust_creative=upenn&utm_campaign=yelp_feed&utm_medium=feed_v2&utm_source=upenn,5353 N Union Blvd Ste 202,Colorado Springs,CO,US,80918.0,,,Counseling & Mental Health,,,,,
2181327,0ljQhEI-lak0cn_lG-Tcig,EiJ6I8xU38_JkEGPdW3-xQ,1,"so disappointed. my kids got kaiser insurance recently due to my fiancee's workplace changing insurance. it has been one debacle after another. first i went to register to be listed as a parent/caregiver. they put in our information incorrectly and somehow put that my insurance was primary even though anyone with health care experience would realize that my fiancee has a birthdate one month earlier, so his would be primary. then, my son needed an opthamology referral. they gave an approval for an outside md that was dated a year prior and therefore already expired. when i called i was transferred to another department and then called back over 3 times to get the answer i already knew. after 2 months of going back and forth, we were authorized to see the kaiser pediatric opthamologist. but then it took until january this year (2 more months) to see her.  having an over 4 month wait was unacceptable when it was all kaiser's fault. i never got a formal apology. the customer service person was sorry i had a bad experience, but with the amount of time i was fielding phone calls, i could buy a a massage and facial. now i got a bill for a phone encounter which seems illegal. my children did not have a telehealth visit nor an in person visit. that would constitute fraudulent charges. the only two good experiences i have had with kaiser were the two good doctors we saw dr. kathleen morimoto and dr. julie nishimura.",Xanna H.,2020-02-14,https://www.yelp.com/biz/kaiser-permanente-honolulu-11?adjust_creative=upenn&hrid=EiJ6I8xU38_JkEGPdW3-xQ&utm_campaign=yelp_feed&utm_medium=feed_v2&utm_source=upenn,False,Kaiser Permanente,False,4,2.0,2020-02-14T23:35:01,18009665955.0,http://www.kp.org,https://www.yelp.com/biz/kaiser-permanente-honolulu-11?adjust_creative=upenn&utm_campaign=yelp_feed&utm_medium=feed_v2&utm_source=upenn,,Honolulu,HI,US,96813.0,,,Insurance,Medical Centers,,,,
2187929,La4eOjAc7RyQTfijnVkSHg,4Nh8CcPvMhScw1sRqauo0Q,5,"so grateful that my dentist recommended carly and orofacial myology! this is not regular speech therapy.... though, it probably should be something all speech therapists are certified in. actually, dare i share, that it should be something all pediatricians, school admins, teachers, speech therapists, dentists, and orthodontists are taught about and should intern in at the very least.
both of my kids looked completely normal from the outside, but had challenges with how their mouth was forming and (as it turns out) facial/jaw/tongue/etc. neuro-muscular control challenges. the visual observation of teeth was only the tip of the iceberg. without going into lots of details, there were speaking, eating, breathing, tongue and lip ties, drooling, tongue thrust, tooth crowding, cross bite, over bite, under bite, and swallowing challenges. we were looking at orthodontists and surgical options by the time my oldest was 6 years old. all i could foresee was debt, time, lots of therapy, and metal mouths for the next 20 years. looking back now, as i write this, i wonder how i thought some braces and time would fix all this.
carly spoke about orofacial myology at a dental conference my pediatric dentist attended. our pediatric dentist had been our dentist for a couple years and had even consulted orthodontists about my kids. after learning from carly, she recommended this therapy for both kids before i got ortho/surgical quotes.
i am so glad she did. carly did an assessment and found some serious challenges. skeptical as i was, she reviewed results of this type of therapy with me and explained that both kids were having neuro-muscular challenges that could be managed to change the shape of their mouth and teeth, breathing, etc. i saw pictures of results and carly made me feel comfortable with her recommendations. after our consult, i came to the conclusion that with this therapy, my kids might not have to have braces or surgery, and that this would help indefinitely for the rest of their lives, so we started therapy that week.
after only 2 weeks of therapy, all signs of sleep apnea were gone and my son hadn't choked on his food at all. (i hadn't put 2:2 together- that breathing challenges and other issues while sleeping were signs of sleep apnea, until it stopped. neither had the pediatrician.) 
carly is so good with kids and personable, using food, straws, mirrors, even toys to get the kids thru the therapy sessions and want to continue practicing at home.
after 4 months carly showed me a side-by-side picture of the mouths of both kids before therapy and after the 4 months. if it wasn't zoomed in from their full face, i don't think i would have said they were from the same people. after 1 year, our pediatric dentist retook xrays and pulled me aside. she told me she needed to talk to carly asap because she'd never seen such natural, results. she said she never would have said (in comparing last year's xrays to this year's), that they were from the same people.
since the 2nd xrays were taken, my older child has lost all but 4 baby teeth. there's now plenty of room for her adult teeth, and they are coming in and straightening out on their own. for both kids, the apnea, ties, crowding, choking, and cross/under bites are gone. we are still working on the speech part, but that'll come in time, the little one's still pretty young.
thank you carly. i appreciate you and wish orofacial myology was something more people in the us understood, recommended, and used in regular practice.",Larissa G.,2020-03-03,https://www.yelp.com/biz/carly-schneider-orofacial-myology-mill-valley?adjust_creative=upenn&hrid=4Nh8CcPvMhScw1sRqauo0Q&utm_campaign=yelp_feed&utm_medium=feed_v2&utm_source=upenn,False,Carly Schneider Orofacial Myology,False,11,4.5,2020-04-11T12:15:55,14157555212.0,http://www.carlyschneiderorofacialmyology.com,https://www.yelp.com/biz/carly-schneider-orofacial-myology-mill-valley?adjust_creative=upenn&utm_campaign=yelp_feed&utm_medium=feed_v2&utm_source=upenn,147 Lomita Dr Ste D,Mill Valley,CA,US,94941.0,,,Orthodontists,Speech Therapists,Sleep Specialists,,,
2190834,GMBhpbkTcQLiAQNo_tK64Q,xe2OKHVuYOnqeNw_wttjmg,5,"can i just tell you about the top notch treatment i received here during my time of illness and discomfort. 

well, the start was in the lobby at the front desk. the sweet lady asked my name & complaint. we continued this line of conversation, and she then directed me to the examination room & intake area. 

i was instructed to give a urine sample & have and seat in the waiting room, to which i did. after having a seat, i noticed a mobile phone charging unit on the wall. there were iphone & android chargers... what a novel idea. 

the continued process was just as seemless & the care takers were ever so sweet, considerate, informative & caring. i mean, i get it, they were doing their job, but the kindness was well beyond ""just doing a job"". 

while, i don't want to return anytime soon, if i had to make an emergency stop in to an er department, this is where i'd be.",Teneha B.,2020-02-04,https://www.yelp.com/biz/tulane-er-new-orleans-2?adjust_creative=upenn&hrid=xe2OKHVuYOnqeNw_wttjmg&utm_campaign=yelp_feed&utm_medium=feed_v2&utm_source=upenn,True,Tulane ER,False,1,5.0,2020-02-04T15:39:33,,,https://www.yelp.com/biz/tulane-er-new-orleans-2?adjust_creative=upenn&utm_campaign=yelp_feed&utm_medium=feed_v2&utm_source=upenn,,New Orleans,LA,US,,,,Emergency Rooms,,,,,
2219817,Ow-ozZDdJjgcsUCdN8vlIw,H8tGUdJAQG_q5rMUXszhIQ,1,"recently had cosmetic surgery. i was only looking to get a (bbl) brazilian butt lift with fat transfer.  i'm a very petite woman already (108lbs) just never had a butt. dr. mowlavi talked me into doing all this other stuff like a mini tummy tuck for loose skin,  i didn't have a lot of loose skin and  have pictures to prove it.  he said it would be the size of a c-section scar 4-6 inches.  i woke up to an incision from hip to hip.  his office said recovery is quicker with his vaser lipo and renuvion techniques. this is by far the worst pain and recovery ever. i would never recommend this for anyone! they didn't have much to do with me after they got my money ($25k not including stay and airfare and 3days extra for a nurse because i couldn't get in and out of bed. for total of 30k)
i went in everyday for first week for massages.  dr. mowlavi only saw me the day after surgery for 2 mins to look at his work.  i tried to set up a post op a week after because i was very unhappy with results.  he knew of my disappointment because my massage therapist told him.  he didn't come to the office for our appointment time.  so i rescheduled for the next day at 3pm for video chat.  again 3pm came and no dr.  we called his office several times and they said he was with other consultations and would call me. we waited until 5:30pm dr never called in, and then the office was closed.  i was beyond furious this is 2 appt he's missed and not a single call from anyone in the office to reschedule or anything.  so i called claudia and she acted like he'd get back to me and she'd be in it first thing.  she's a huge liar,  she's never had this surgery done and tells all the new clients how you could hop on a plane in a week no problem.  so instead the next day i got an email from their assistant mimi with my before and after video and said if i had any questions to email them. that was last week on feb 4th. i have yet to have a post op appt or even a scheduled appt with dr.  he doesn't care and has completely disregarded me as a patient. now i'm still in tons of pain,  my swelling will not subside and i have to go to drs to have my stomach drained of the fluid because it's moving like a waterbed which is called a seroma. it's been a nightmare.  his office has done nothing but lie and avoid me. i was told he does this with all his patients.  i'm still laid up in bed and i have children and a job i can't do.  
here is a pic of my supposed small c-section scar i have to live with. 
 pay attention and do not sign the arbitration agreement clause.  you legally don't have too!
notice that dr. mowlavi never post before and healed after results.",Toni Arken T.,2020-02-11,https://www.yelp.com/biz/cosmetic-plastic-surgery-institute-newport-beach-8?adjust_creative=upenn&hrid=H8tGUdJAQG_q5rMUXszhIQ&utm_campaign=yelp_feed&utm_medium=feed_v2&utm_source=upenn,False,Cosmetic Plastic Surgery Institute,False,21,4.0,2020-02-11T10:36:21,19494994147.0,https://cosmeticplasticsurgeryinstitute.com,https://www.yelp.com/biz/cosmetic-plastic-surgery-institute-newport-beach-8?adjust_creative=upenn&utm_campaign=yelp_feed&utm_medium=feed_v2&utm_source=upenn,2001 Westcliff Dr,Newport Beach,CA,US,92660.0,,,Plastic Surgeons,Medical Spas,,,,
2298541,y-VK-3e8qhS0PWlkgIuc-w,X3JDeTfXzYVmwbHaoxrjsw,1,terrible! i get in there and they start trying to do a video conference with me.  the customer service is terrible terrible terrible.  girls at the front are rude,Amy M.,2020-01-16,https://www.yelp.com/biz/total-med-solutions-allen?adjust_creative=upenn&hrid=X3JDeTfXzYVmwbHaoxrjsw&utm_campaign=yelp_feed&utm_medium=feed_v2&utm_source=upenn,False,Total Med Solutions,False,48,4.5,2020-03-19T13:34:04,19723759881.0,http://www.totalmedsolutions.com,https://www.yelp.com/biz/total-med-solutions-allen?adjust_creative=upenn&utm_campaign=yelp_feed&utm_medium=feed_v2&utm_source=upenn,1150 N Watters Rd Ste 100,Allen,TX,US,75013.0,,,Weight Loss Centers,Skin Care,Medical Spas,,,
2312796,BnxZlyiHvJ4kr6DEG0XIgw,QHBKA2Hj1R7bOlFmKA455g,1,"terrible company. i reached out to this company to get help with my anxiety. the first appt i had, the dr was 15 min late. the dr was good tho. i made my second appt with her for the following week. the day of the appt, i got a call that morning at 730 am (the appt was at 1030am) canceling the appt. i believe they told me the dr i saw was no longer with them? whatever. so rescheduled the appt for today. log on to the zoom, wait 15 min (just like the first time). this new dr is a no show. so i call to see what the issue is. i am told that my dr is being held up because of another appt. they also check my zoom link to make sure everything is ok. i am then told to log back on and wait, which i do for another 20 min. dr still doesn't show. now i am in the middle of a mild panic attack and am emotional. so at this point i call back to get my money back. they are now trying to act like it was my fault and maybe i didn't log on to zoom right? also got an email from a the dr (basically while i'm on the phone with happier living about this issue) being ""like are u ok? i see u didn't link on to the session (i was there the whole time) i guess there was a problem with zoom, blah blah blah."" i was told that i would be refunded but these other reviews have me a bit worried. i will update this post if there are any issues with refunds or other charges. terrible company. made my anxiety worse. go elsewhere and stay strong!",Erika R.,2020-03-03,https://www.yelp.com/biz/happier-living-west-hollywood-2?adjust_creative=upenn&hrid=QHBKA2Hj1R7bOlFmKA455g&utm_campaign=yelp_feed&utm_medium=feed_v2&utm_source=upenn,False,Happier Living,False,322,2.5,2020-05-26T12:21:58,18886842779.0,https://happierliving.com,https://www.yelp.com/biz/happier-living-west-hollywood-2?adjust_creative=upenn&utm_campaign=yelp_feed&utm_medium=feed_v2&utm_source=upenn,8235 Santa Monica Blvd,West Hollywood,CA,US,90046.0,34.09105770000001,-118.3687025,Psychiatrists,,,,,
2321454,SwDPGhk0l0BXgQpYeKUZ3Q,kGzZYVY4fnWiyVAsvhNCsA,5,"dr. tony is an amazing practitioner and an absolute miracle worker.  he has helped me so much with a multitude of health problems, including hashimoto's disease and severe anxiety.  i can't say enough about him!  he also helped me with some emotional stuff i was stuck on.  he is the only doctor i go to because i have seen and continue to see such incredible results.  don't be swayed by some of the other reviews you see on here, he doesn't operate on the same model as a zoomcare or normal doctor's office, because he doesn't give you a bunch of pills and send you on your way after 15 minutes.  he actually takes time to get to the root cause of what's going on with you, and that may be much different than what a traditional doctor that won't really help you will do.",Amy H.,2020-01-31,https://www.yelp.com/biz/mountain-spring-health-clinic-portland?adjust_creative=upenn&hrid=kGzZYVY4fnWiyVAsvhNCsA&utm_campaign=yelp_feed&utm_medium=feed_v2&utm_source=upenn,True,Mountain Spring Health Clinic,False,15,3.5,2020-01-31T12:12:34,15034937446.0,http://www.mountainspringhealth.com,https://www.yelp.com/biz/mountain-spring-health-clinic-portland?adjust_creative=upenn&utm_campaign=yelp_feed&utm_medium=feed_v2&utm_source=upenn,736 SE 60th Ave,Portland,OR,US,97215.0,,,Acupuncture,Naturopathic/Holistic,Family Practice,,,
2421131,S2QWqB4ezO_tiMgEXDnzWw,LyMlYSWl7cXiJAEzqn4uKQ,5,check in with fast and easy and my video virtual visit was a flight with np mary denicola,Ronny D.,2020-01-15,https://www.yelp.com/biz/pdq-urgent-care-and-more-orange-4?adjust_creative=upenn&hrid=LyMlYSWl7cXiJAEzqn4uKQ&utm_campaign=yelp_feed&utm_medium=feed_v2&utm_source=upenn,False,PDQ Urgent Care & More,False,29,5.0,2020-05-21T09:51:25,17142870459.0,https://www.pdqurgentcareandmore.com,https://www.yelp.com/biz/pdq-urgent-care-and-more-orange-4?adjust_creative=upenn&utm_campaign=yelp_feed&utm_medium=feed_v2&utm_source=upenn,7630 E Chapman Ave Ste B,Orange,CA,US,92869,,,Urgent Care,Pediatricians,Family Practice,,,
2462753,VDIcgTQVzOdd4fucVE4sZw,fWDAVlLkC1cpafNa6EhCcA,2,"have had mixed experiences with this urgent care site. results vary dependent on doctor that is working. 

front of house service is professional and fast. nurses are competent and efficient.

our most recent visit was prompted by a ""pop"" and ""something snapped like a rubber band"" feeling in my wife's leg that also made the back of her thigh look deformed. we called out telemedicine provider who told us to go right to urgent care or the er because she may have ruptured a muscle or have a detached tendon. we followed that up with a call to our ortho office that gave the same advice. 

once in the exam room and vital signs done, the physician arrived asked us what happened. we recounted the above complaint. he poked the front of my wife's leg. said it was probably a strain and said he'd call in some muscle relaxer and give her crutches. he was in and out in lass than a minute- no exaggeration. never looked at the back of her leg. never had her stand. never evaluated her ability to walk. never touched the back of her leg. 

i have been a paramedic for decades. i have worked in an emergency room. this was the most dismissive i've ever seen a family member treated, and the most incomplete physical exam i've ever watched somebody do.

ended up at orthopedic doctor the next day and were given a different diagnosis and wife spent weeks recovering. 

don't think we'll be back.",Dave K.,2020-01-05,https://www.yelp.com/biz/jefferson-urgent-care-smylie-times-jefferson-health-19-philadelphia?adjust_creative=upenn&hrid=fWDAVlLkC1cpafNa6EhCcA&utm_campaign=yelp_feed&utm_medium=feed_v2&utm_source=upenn,False,Jefferson Urgent Care - Smylie Times - Jefferson Health 19,False,10,3.0,2020-04-23T11:46:09,12153330304.0,http://hospitals.jefferson.edu/departments-and-services/urgent-care,https://www.yelp.com/biz/jefferson-urgent-care-smylie-times-jefferson-health-19-philadelphia?adjust_creative=upenn&utm_campaign=yelp_feed&utm_medium=feed_v2&utm_source=upenn,2607 Rhawn St,Philadelphia,PA,US,19152,,,Urgent Care,,,,,
2490878,rifOSHDevmmYVYcgv0JedQ,8VksJicBQlcsspBO6R5J8w,5,"my husband and i did a pre-martial course and it was the best thing we could have done prior to getting married. we learned a lot of important tools that will help us in our marriage, and were also able to work through some issues that had come up during our sessions with our therapist. 

the fact that we could do video conference was huge, as we both have very busy lives. would definitely recommend this place!",Adriana A.,2020-02-18,https://www.yelp.com/biz/healthy-minds-nyc-new-york-6?adjust_creative=upenn&hrid=8VksJicBQlcsspBO6R5J8w&utm_campaign=yelp_feed&utm_medium=feed_v2&utm_source=upenn,True,Healthy Minds NYC,False,6,3.5,2020-04-03T16:42:53,19293997120.0,http://www.healthyminds.nyc,https://www.yelp.com/biz/healthy-minds-nyc-new-york-6?adjust_creative=upenn&utm_campaign=yelp_feed&utm_medium=feed_v2&utm_source=upenn,363 7th Ave Fl 11,New York,NY,US,10001,,,Counseling & Mental Health,Psychiatrists,Life Coach,,,
2500244,8SOGxF6klijQUKSJhTcxtw,QoY_EJpc9CHPTHva2OZz1Q,5,"i am writing this review right after leaving, so it is fresh in my mind. 
i have a 15 year old with a bizarre needle phobia.... like off the charts. she had a bleeding disorder as a young child that involved weekly blood draws. the draws just never went well, and as each one happened, my kiddo became more and more damaged. 
don't get me wrong, my daughter is tough. like she will shoulder thump a bigger kid for being a bully. she is not scared of a single thing in the world. she has taken on steep skiing slopes, and handled herself in a raft going down a class five. 
but pop her in a doctor office with a teeny tiny needle, and the girl is a freak-out, sobbing, kicking and screaming mess. it is bad.
over the years, we have gone to places for shots that have held her down, snuck up on her and criticized her to get the shots in her (zoomcare). so of course, all of these tactics have only made things worse. 
today i took her in for 3 vaccines. we have been a bit past due because of the issues. you see, metro peds won't give the shot without consent.
and so for the last 2 years, i have brought my kiddo in numerous times hoping that today would be the day. only with no luck, at all.
today we went in again. she was prepared. she had her numbing cream, she had done her self talk. she felt ready.
and once again, we spent an hour in the office, with no luck. i was so pissed! it was not one of my finer mommy moments.
you see, they told us that today was the last try, if she couldn't do it today then she would have to start exposure therapy with a behavioral health clinic. and as a single mom with three kids, one of which is currently dealing with some severe medical issues that require numerous weekly office visits - my brain just could not wrap around the idea of one more kid in my house requiring weekly doctor visits. 
i lost it. like legit. 
we left the office, and as we went into the hallway towards the elevator, my daughter was profusely apologizing. and, well, i just didn't care. i told her i knew i wasn't handling the moment well.... but come on! then she felt horrible and wanted to go back in, and i said no dice. ""they told you that was it! they said no more office visits until you go through therapy!"" and she was sobbing begging to go back and make it right. and i was crying.
this lovely lady came out of a side office door, and asked us to come into her office. i was immediately mortified. i glanced in her office door and saw the couch, the teddy bears, the boxes of tissues, along with the inspirational quotes on the wall - and i thought to myself ""great, the shrink needs to see me now. awesome"" i was absolutely mortified. 
i tried to pass, tell her we were fine, we would just be going home. but she insisted, and explained she was the clinic manger. she wanted to talk and find out how she could help. 
my daughter gladly stormed into her office, so i had no choice. and i was quickly feeling like the worst mom ever. 
the woman (i wish i caught her name), talked us through what was going on, and asked me if i would allow her to give olivia another chance at getting her shots. i figured, what a waste of time, but whatever. she seemed confident, i knew there was no way, but why not really prove to her how crazy the situation is. 
i just could not stop crying; between frustration, exhaustion, embarrassment... i was a mess.
she brought back the same ma that had already spent an hour trying to give my daughter her vaccines. they talked strategy, they came up with a plan. 
so... long story short. it took another hour, but my kiddo got her vaccines! and she walked out proud with her head high. and i walked out still crying but for so many other reasons. 
i am so grateful to this clinic. i have no idea where these ladies get their patience from, but they are saints. 
i really respect their ""consent only"" policy with shots. and i am so grateful that they did not give up on my girl. 
this is the best in the business, and a very safe place to take your children.",Juliette S.,2020-03-03,https://www.yelp.com/biz/metropolitan-pediatrics-portland-6?adjust_creative=upenn&hrid=QoY_EJpc9CHPTHva2OZz1Q&utm_campaign=yelp_feed&utm_medium=feed_v2&utm_source=upenn,True,Metropolitan Pediatrics,False,18,3.5,2020-05-07T10:24:20,15032952546.0,http://www.metropediatrics.com,https://www.yelp.com/biz/metropolitan-pediatrics-portland-6?adjust_creative=upenn&utm_campaign=yelp_feed&utm_medium=feed_v2&utm_source=upenn,1130 NW 22nd Ave Ste 320,Portland,OR,US,97210,,,Pediatricians,,,,,
2514499,JZWNinI12X8cr8IMI7JPTg,fi4XQI61bPcT56H1-tGhCQ,5,"medicina del sol was a wonderful find, once i actually found it. its right in front of city hall however, google took me down a different route. anyways, my experience was great, almost too good to be true. place is legit. provider was awesome and took the time to listen to my medical issues. most places give you 5-10 minutes. dr thorne spent almost an hour with me. she was thorough and provided great care. i love that i am able to contact her via text or video chat as much as i need for a whole month which is included in my monthly fee. this was great since i don't have insurance. as a small business owner with limited income i can now afford to have a healthcare provider and not feel like i'm breaking the bank. thank you!",H L.,2020-03-14,https://www.yelp.com/biz/medicina-del-sol-direct-primary-care-las-cruces?adjust_creative=upenn&hrid=fi4XQI61bPcT56H1-tGhCQ&utm_campaign=yelp_feed&utm_medium=feed_v2&utm_source=upenn,False,"Medicina del Sol, Direct Primary Care",False,1,5.0,2020-03-20T11:04:20,15752221834.0,http://www.medicinadpc.com,https://www.yelp.com/biz/medicina-del-sol-direct-primary-care-las-cruces?adjust_creative=upenn&utm_campaign=yelp_feed&utm_medium=feed_v2&utm_source=upenn,111 W Lucero Ave Ste 6,Las Cruces,NM,US,88005,32.314173793946196,-106.780440537155,Medical Centers,,,,,
2515620,0awKJoYCzi-AGCEFJ7kDSg,ryK30gsNlNrJuaBlpGUtaQ,2,"this clinic has done nothing but caused me problems. i scheduled an appointment to establish care and examine a mass. since that appointment, i have realized they ignored my request to ""establish care"". dr. mar and i discussed all my prescriptions, both in person and via telemedicine platform. now that i need a refill, the front desk is claiming we never discussed them and i'd need to make a separate appointment. an entire separate appointment to discuss a prescription i have already discussed with my doctor. after insisting this to the woman over the phone (who had an attitude), she then tells me my doctor is on maternity leave so i'd need to see a new doctor anyways. i have nothing against dr. mar, but this past year has been expensive and worthless. do not recommend in the slightest. planned parenthood hood has done a better job.",Haley H.,2020-01-20,https://www.yelp.com/biz/overlake-clinics-primary-care-issaquah?adjust_creative=upenn&hrid=ryK30gsNlNrJuaBlpGUtaQ&utm_campaign=yelp_feed&utm_medium=feed_v2&utm_source=upenn,False,Overlake Clinics - Primary Care,False,2,3.5,2020-01-20T12:37:38,14256885488.0,https://www.overlakehospital.org/primarycare,https://www.yelp.com/biz/overlake-clinics-primary-care-issaquah?adjust_creative=upenn&utm_campaign=yelp_feed&utm_medium=feed_v2&utm_source=upenn,5708 E Lake Sammamish Pkwy SE,Issaquah,WA,US,98029,,,Internal Medicine,Family Practice,,,,
2542475,C3_K5vMCZ9aAQEsH7S0mHA,E9NMPhB4HtDALbwiBGld4Q,1,"i came into the office to discuss changing my anti-depressant meds and also for chronic pain caused by my recently diagnosed tos (spine and nerve issues.) dr. davis was rude and condescending from the start, interrupting me literally every time i spoke, even tho i was only trying to answer his questions. his questions that were more like an interrogation than trying to help. things worsened when he asked where i had gotten the meds prescribed. i told him i went to zoomcare - he scoffed condescendingly and said ""well that's not very good care..."" in an accusatory way. i replied ""well it was only for a prescription, and i've been on it for a year, so they did what i needed""  he replied ""did they? because you're here now."" bottom line, i went in for chronic pain and depression looking for help and instead i was berated with reasons i was wrong and spoken down to the entire time. he wouldn't even discuss a change of meds because he said i was wrong for wanting to change. 

i'm sure the rest of the staff are great, but dr. davis  was the most disrespectful medical professional i've ever spoken to.",Dallas B.,2020-02-05,https://www.yelp.com/biz/northwest-primary-care-milwaukie-clinic-milwaukie?adjust_creative=upenn&hrid=E9NMPhB4HtDALbwiBGld4Q&utm_campaign=yelp_feed&utm_medium=feed_v2&utm_source=upenn,False,Northwest Primary Care - Milwaukie Clinic,False,37,3.0,2020-02-05T15:25:28,15036594988.0,http://www.nwpc.com,https://www.yelp.com/biz/northwest-primary-care-milwaukie-clinic-milwaukie?adjust_creative=upenn&utm_campaign=yelp_feed&utm_medium=feed_v2&utm_source=upenn,3033 SE Monroe St,Milwaukie,OR,US,97222,,,Internal Medicine,Family Practice,Nutritionists,,,
2582942,eHr0OmkjS01T6cZCLHdU2Q,W08GZlNpQEnOfOuL_THb6w,1,i attempted to utilize this urgent care facility today january 23. as i entered the urgent cares waiting room the receptionist did not greet me with the hello or did not say how can i help you.  she immediately said do you have an appointment. i answered and said no i am new to the area and feeling under the weather. she didn't express any empathy and her immediate response was what kind of insurance do you have. i gave her the name of my insurance company and she indicated they do not allow my insurance at their facility and said we can't help you. i asked if she knew of a closer urgent care that except my insurance she said no but they are other facilities to the left or the right of highway nine. being from chicago and not used to this type of unprofessional experience and i would not recommend this facility to anyone.  horrible horrible horrible experience especially for someone diagnosed with the flu by a doctor who i had to see virtually.  i could not attempt another experience like that today so i went home and crawled in bed and saw a virtual doctor.  thank you receptionist at this facility.,Suzanne J.,2020-01-23,https://www.yelp.com/biz/med-first-primary-and-urgent-care-sneads-ferry?adjust_creative=upenn&hrid=W08GZlNpQEnOfOuL_THb6w&utm_campaign=yelp_feed&utm_medium=feed_v2&utm_source=upenn,False,Med First Primary & Urgent Care,False,15,2.5,2020-05-21T11:43:16,19103272277.0,https://www.thinkmedfirst.com/locations/med-first-sneads-ferry/,https://www.yelp.com/biz/med-first-primary-and-urgent-care-sneads-ferry?adjust_creative=upenn&utm_campaign=yelp_feed&utm_medium=feed_v2&utm_source=upenn,200 Cape Fear Cir Ste 1,Sneads Ferry,NC,US,28460,,,Family Practice,Urgent Care,Walk-in Clinics,,,
2584738,SdP_b_iZsk3f8MM6j2YB8Q,LGwepVtH8WWM9D8Zcv94zA,5,"i had a pleasant experience with ez care in getting an esa letter. the staff were very helpful and friendly. the scheduler answered all my questions and the doctor was very professional. i live in southern california but they accommodated with a telehealth (phone) consultation. the only thing i would recommend the clinic is to inform the client to expect a facetime call, not just a regular call. it's not a big deal for me but i was a little surprised when my doctor called me using facetime. overall, i highly recommend this clinic! i hope you open a branch in southern california! :)",Kriselle R.,2020-01-20,https://www.yelp.com/biz/ezcare-medical-clinic-san-francisco-2?adjust_creative=upenn&hrid=LGwepVtH8WWM9D8Zcv94zA&utm_campaign=yelp_feed&utm_medium=feed_v2&utm_source=upenn,False,EzCare Medical Clinic,False,45,4.5,2020-04-11T04:12:24,14159660848.0,http://ezcareclinic.com,https://www.yelp.com/biz/ezcare-medical-clinic-san-francisco-2?adjust_creative=upenn&utm_campaign=yelp_feed&utm_medium=feed_v2&utm_source=upenn,1884 Market St,San Francisco,CA,US,94102,,,Walk-in Clinics,Counseling & Mental Health,Animal Assisted Therapy,,,
2647861,y7uRennVcV4lj_q5b73tyQ,Q1rhG1MjqKs6eys1hv8j0A,1,"this place does not help people with psychiatric problems. no psych evaluation was done on my daughter, she was just written prescriptions. she saw a different person each time she went, so that doesn't help since she had to explain herself like the first time, every time. their billing department is all messed up. i recently got a bill that said the balance was over 120 days past due when i was initially told i didn't owe, then when i got the bill a second time, i paid it and now there is a third bill for the same thing! it's just not worth it. people seeking therapy and mental  help want and need continuity so that trust and openness can be built with one person. virtual visits make people feel they are not worth personal attention. seeing different therapists at each appointment does not build trust and openness with the patients who might not want to tell 5-10 people their innermost feelings. just overall not a good place for a depressed/anxious person to go.",Danielle S.,2020-01-06,https://www.yelp.com/biz/capeside-psychiatry-wilmington?adjust_creative=upenn&hrid=Q1rhG1MjqKs6eys1hv8j0A&utm_campaign=yelp_feed&utm_medium=feed_v2&utm_source=upenn,True,Capeside Psychiatry,False,1,1.0,2020-01-06T07:40:12,19107916767.0,http://precisionhealthnc.net,https://www.yelp.com/biz/capeside-psychiatry-wilmington?adjust_creative=upenn&utm_campaign=yelp_feed&utm_medium=feed_v2&utm_source=upenn,311- 4E Judges Rd,Wilmington,NC,US,28405,,,Home Health Care,,,,,
2689540,-fjohTJyFnHf8kbjBxgFcg,DH38_pI64NBRq3k1nug5YA,4,"it's a one-person urgent care run inside of a grocery store. the nurse takes your vitals and symptoms and runs checks, then gives your info to the doctor on a zoom/virtual conference and you talk it over there.

in every sense of the word: what you see is what you get. if it's something small and you need to see a doc for an rx this is the spot. 

if it's more complicated (or an emergency) do not come by. 

if you're in a hurry and want to walk in: you might get lucky trying later in the day rather than first thing in the morning. make an appointment!

5star for the nurse running an entire clinic by themselves.",Rick S.,2020-01-12,https://www.yelp.com/biz/action-urgent-care-clovis?adjust_creative=upenn&hrid=DH38_pI64NBRq3k1nug5YA&utm_campaign=yelp_feed&utm_medium=feed_v2&utm_source=upenn,True,Action Urgent Care,False,9,3.0,2020-01-12T07:41:10,15593301838.0,http://actionurgentcare.com/ActionHealthClinic_Clovis.html,https://www.yelp.com/biz/action-urgent-care-clovis?adjust_creative=upenn&utm_campaign=yelp_feed&utm_medium=feed_v2&utm_source=upenn,3100 North Fowler Ave,Clovis,CA,US,93611,,,Urgent Care,,,,,
2706193,M-8y2dymnIpza15jiyWFwQ,dji8c_R8i07cmnOiNkVIkQ,5,"lindsay is a powerhouse! when you meet lindsay, you immediately see that she is incredibly passionate about and committed to her work as a psychotherapist and coach. not only does she spend a tremendous amount of time and energy to continue to develop her clinical skills and expertise specific to each client, but she also puts that same level of detail into creating free content for those who otherwise wouldn't be able to afford therapy or coaching. i also admire that lindsay sees the immense benefit of providing accessible services via telehealth to busy moms, professionals and students. i highly recommend lindsay for individuals, couples and families struggling with a wide variety of issues from anxiety, to depression to relationship issues. call her today.",Natalie M.,2020-02-13,https://www.yelp.com/biz/lifttherapy-los-angeles?adjust_creative=upenn&hrid=dji8c_R8i07cmnOiNkVIkQ&utm_campaign=yelp_feed&utm_medium=feed_v2&utm_source=upenn,True,LIFTtherapy,False,2,5.0,2020-02-13T11:08:59,13237414768.0,http://www.LIFTtherapy.us,https://www.yelp.com/biz/lifttherapy-los-angeles?adjust_creative=upenn&utm_campaign=yelp_feed&utm_medium=feed_v2&utm_source=upenn,,Los Angeles,CA,US,90035,,,Counseling & Mental Health,Parenting Classes,Life Coach,,,
2718966,KTrz1EMLVD_hTVfGZ4JPTg,kDQtAxA3rjVald7wCMjO4A,5,"truthful - professional - friendly

my review reflects my positive experiences with lee chiropractic. 

i've received chiropractic care from various professionals over many years. lee chiropractic is simply the best i've had. i had several issues with my back and neck, which physical therapy and medical clinic failed to remedy. after multiple visits, my body feels great, and i'm full of energy. 

lee was forthcoming with one of my older family members that chiropractic care wasn't the best solution for their back pain due to osteoporosis. if you have osteoporosis and the chiropractor doesn't see the health ailment as an issue, run away from them. 

lee chiropractic team, including the chiropractors, massage therapists, and staff, are professional and friendly. they treated me as if i was part of their family. they also educated me on exercising and stretching properly and home/office and mobile phone ergonomics.

please be cautious of other chiropractic professionals who failed to perform x-rays or dangerous procedures. it may yield little or no results, losing your faith in chiropractic care.",Jimmy L.,2020-02-02,https://www.yelp.com/biz/lee-chiropractic-irvine?adjust_creative=upenn&hrid=kDQtAxA3rjVald7wCMjO4A&utm_campaign=yelp_feed&utm_medium=feed_v2&utm_source=upenn,False,Lee Chiropractic,False,215,5.0,2020-06-01T11:38:15,19495522100.0,http://www.irvine-chiro.com,https://www.yelp.com/biz/lee-chiropractic-irvine?adjust_creative=upenn&utm_campaign=yelp_feed&utm_medium=feed_v2&utm_source=upenn,3500 Barranca Pkwy Ste 310,Irvine,CA,US,92606,,,Chiropractors,Physical Therapy,Massage Therapy,,,
2788160,pDcRKvv2WPgfuuZB12sjNQ,8LpSI0vQmTTu_Q_0VDHKnA,5,"shaudi is the first therapist i've worked with. she has been incredibly helpful in guiding me through several life changes, both in-person and via video chat sessions. i initially started working with shaudi in new york for social anxiety concerns, but over the course of two years, we've covered so much more. early on in our sessions, shaudi introduced me to a lot of common tools to help improve my mindfulness practice (which was something i had no experience working with prior). over the months we navigated a variety of scenarios where these tools could be applied and built upon. i really appreciate shaudi for how personable and non-judgemental she is, and how she has created structure for me, and helped push me through many mental blocks along the way. 

i know she also works with much more complex issues as well, but if you're a young person just starting out on your mental health journey, i would 100% recommend shaudi. she is patient, perceptive, and encouraging. i always leave her office (or our video sessions) feeling empowered. i don't exaggerate when i say she has played a huge role in making me a much more confident woman in every area of my life!",Sabrina E.,2020-02-07,https://www.yelp.com/biz/centered-mind-therapy-online-virtual-therapy-new-york-6?adjust_creative=upenn&hrid=8LpSI0vQmTTu_Q_0VDHKnA&utm_campaign=yelp_feed&utm_medium=feed_v2&utm_source=upenn,False,Centered Mind Therapy - Online / Virtual Therapy,False,1,5.0,2020-04-06T12:14:03,16464708545.0,http://centeredmindtherapy.com,https://www.yelp.com/biz/centered-mind-therapy-online-virtual-therapy-new-york-6?adjust_creative=upenn&utm_campaign=yelp_feed&utm_medium=feed_v2&utm_source=upenn,,New York,NY,US,10036.0,,,Counseling & Mental Health,Life Coach,,,,
2969102,mEMi5o9UiSik7Qc8Qh3_1g,xSIjcXrse2ZTwkVQR1B1ag,5,"im in the clinic room waiting and the staff is really friendly but wait, my 5 year old daughter is about to see a virtual doctor and i think it just sounds hilarious. as long as we get the information and meds we need, i think itll be pretty cool!",viet n.,2020-02-20,https://www.yelp.com/biz/clinica-bienestar-riverside?adjust_creative=upenn&hrid=xSIjcXrse2ZTwkVQR1B1ag&utm_campaign=yelp_feed&utm_medium=feed_v2&utm_source=upenn,False,Clinica Bienestar,False,3,5.0,2020-04-11T19:09:17,18776936266.0,http://www.northgatebienestar.com,https://www.yelp.com/biz/clinica-bienestar-riverside?adjust_creative=upenn&utm_campaign=yelp_feed&utm_medium=feed_v2&utm_source=upenn,10391 Magnolia Ave,Riverside,CA,US,92505.0,,,Urgent Care,,,,,
2978126,nOgjPCLDvuq9kVtLkrv56g,aQlU3_frT4dUUtzRMWClFg,5,"i've been a one medical patient for over a year now and never considered leaving a review until now! my pcp patricia evans is amazing and i do love her, but this last month has shown me what one medical is about! 

for the last 4 weeks, i've been in cold/flu season hell, with a sprinkling of other issues to boot. me, who never gets sick and hasn't been to the doctor in nearly a year. smh.

the one medical app is a gamechanger and a time saver. i've received on-call assistance with video chatting for my concerns on several occasions and made appointments with the next available provider at any practice with no long waits for someone to pick up the phone! twice recently, i didn't have the time to wait 3-6 days to see my pcp. the app allowed me to make an appointment with any provider who had room, in one case for same day care! the care was expert, there's never a wait, and my issues have been resolved promptly with care and respect. they have offices at metro center, union station, dupont circle and other areas that are extremely easy to access from the metro anywhere in dc. i've gotten in and out of each appointment in the last month in under 20 minutes, and from where i work, none of the three practices i named are over 15 minutes away! 

lastly, my appointments are always efficient, but the practitioners are never lacking in bedside manner. this practice model is one that all doctors' offices should draw from and, to be honest, i may never go back to traditional medicine. it's worth every penny.",Naomi C.,2020-01-09,https://www.yelp.com/biz/one-medical-washington-4?adjust_creative=upenn&hrid=aQlU3_frT4dUUtzRMWClFg&utm_campaign=yelp_feed&utm_medium=feed_v2&utm_source=upenn,True,One Medical,False,131,4.0,2020-06-02T15:20:15,12026600005.0,http://www.onemedical.com/dc,https://www.yelp.com/biz/one-medical-washington-4?adjust_creative=upenn&utm_campaign=yelp_feed&utm_medium=feed_v2&utm_source=upenn,1001 G St NW Ste 200 East,Washington,DC,US,20001.0,,,Internal Medicine,Family Practice,,,,
3027225,U_YK-3xpLNsMtOH7U8tp4Q,0pvjqXX32K6w4lkjKqw9oA,5,"thank you go forward, dr chevon alderson and team! 
i found out about forward on instagram! i was immediately intrigued and wanted to investigate. 
what i found was that the model of this ""concierge"" type medical group would be a great fit for me. 
i am a middle-aged woman with no pre-existing health conditions, in general good health, rarely see a doctor and am rarely sick. yet there are things i want to keep an eye on and have the support and knowledge of a medical professional. i also have a very full life, i want to know my time is going to be used efficiently. the forward office visits and telehealth option is very appealing to me. 
i have not been disappointed. 
my first visit was extraordinary. 
from the moment i walked in to get checked in i was greeted with efficiency and polite regard. i was impressed with the body scan that gathered baseline info for the doctor. my tech who took blood was great, no pain or poking around for a vein. she offered me snacks knowing i could break my fast once the blood was drawn. 
within minutes dr. chevon alderson arrived, bright and happy to relay all the info that was coming in from the blood. 
super cool technology gave me a detailed view of all my test results. dr. alderson explained everything in terms that were interesting and understandable. 
i gave her my concerns and questions and all the while our conversation was relayed to a medical assistant via microphone to be added to my chart. as we were talking the information was popping up on the screen and would be waiting for me in my forward app. 
i really enjoyed my time with dr alderson and feel confident she will continue to provide me with the care and advice i need going forward!
thank you to all the innovative docs and support who made this possible, it's super cool. 

update: i am receiving covid-19 info and screening questions through my app and have testing available should i feel the need. also have a care giver a text message away if i have any questions or concerns. 
thank you again!",india D.,2020-03-13,https://www.yelp.com/biz/forward-san-diego?adjust_creative=upenn&hrid=0pvjqXX32K6w4lkjKqw9oA&utm_campaign=yelp_feed&utm_medium=feed_v2&utm_source=upenn,False,Forward,False,12,5.0,2020-05-18T07:44:36,18333346393.0,https://goforward.com,https://www.yelp.com/biz/forward-san-diego?adjust_creative=upenn&utm_campaign=yelp_feed&utm_medium=feed_v2&utm_source=upenn,4305 La Jolla Village Dr Ste 2518,San Diego,CA,US,92122.0,,,Preventive Medicine,Internal Medicine,,,,
3067327,B0QV7l6SIQ8msY7Nx_l_qA,kYImy5YHALaODu-pUD4ihQ,1,"so.....i have the flu, and a compromised immune system due to ms...and i work with the public.  i'm overall very healthy, but thought i should double check because we are currently in the thick of the coronavirus.  i spoke to a doctor on the phone who recommended i go in and get tested.  now, keep in mind, people that are going in to get tested are ill.  they don't feel good.  like myself.  i don't want to go in because i feel terrible, but feel obligated to do so.  there was basically no one there and they got me in after approximately 5 minutes.  so far so good.  after the vitals and a video chat with a doctor, i was to be seen.  in the meantime, they put me in a conference room.  for exactly 45 minutes i waited and listened to the staff chatting, laughing and carrying on through the paper thin walls and then i went home....so here we are in the midst of a global pandemic and this is as streamlined as kaiser can pull off...$900 bucks a month for absolutely nothing ever.  our plan is written in such a way that we will never get any real benefit from it...and we know that's not a mistake...they're sheisters and should be ashamed of themselves...",Jen S.,2020-03-10,https://www.yelp.com/biz/kaiser-permanente-tacoma-medical-center-tacoma?adjust_creative=upenn&hrid=kYImy5YHALaODu-pUD4ihQ&utm_campaign=yelp_feed&utm_medium=feed_v2&utm_source=upenn,False,Kaiser Permanente Tacoma Medical Center,False,59,2.5,2020-04-08T15:19:45,12535963300.0,https://kaiserpermanente.org,https://www.yelp.com/biz/kaiser-permanente-tacoma-medical-center-tacoma?adjust_creative=upenn&utm_campaign=yelp_feed&utm_medium=feed_v2&utm_source=upenn,209 Martin Luther King Jr Way,Tacoma,WA,US,98405.0,,,Medical Centers,Doctors,Urgent Care,,,
3085040,DtOP8vYc4HedjNb5bGGFzA,qcqQLo7FKBufZy7Vqe1nUw,3,"it's a typical cvs; not usually my first pharmacy choice. but, i was in the area and needed something specific...which they had plenty of.

what i liked best? the self-checkout! one of the four machines was down, but it was nice to be able to get out of there quickly. and, the machines take apple pay. score.

the parking lot is very busy and people zoom around there without really looking around...or caring about running over someone. so, be careful.",Jody W.,2020-03-01,https://www.yelp.com/biz/cvs-pharmacy-saratoga-2?adjust_creative=upenn&hrid=qcqQLo7FKBufZy7Vqe1nUw&utm_campaign=yelp_feed&utm_medium=feed_v2&utm_source=upenn,True,CVS Pharmacy,False,11,3.0,2020-06-02T20:14:50,15185873098.0,https://www.cvs.com,https://www.yelp.com/biz/cvs-pharmacy-saratoga-2?adjust_creative=upenn&utm_campaign=yelp_feed&utm_medium=feed_v2&utm_source=upenn,34 Congress Street,Saratoga,NY,US,12866.0,,,Drugstores,Pharmacy,Convenience Stores,,,
3097280,VSMW6-n3BgMnRHDNRAf1fA,i7IWgFYdWT9pUvj0hxNGTw,1,"i went in for severe depression after my mother passed away. i never actually spoke with a physician and ended up leaving shortly after they took my blood. i am now being charged nearly $2000 for this visit, much of which is for a physician visit, which never happened because i left before a physician talked to me. they were going to get a therapist or someone on a video chat for me but i left before that. i have spoken with the facility and billing department numerous times. they either don't understand what i'm saying or they are simply crooks.",Drew M.,2020-01-28,https://www.yelp.com/biz/centura-health-urgent-care-canon-city-canon-city-4?adjust_creative=upenn&hrid=i7IWgFYdWT9pUvj0hxNGTw&utm_campaign=yelp_feed&utm_medium=feed_v2&utm_source=upenn,True,Centura Health Urgent Care Canon City,False,3,1.0,2020-05-15T11:31:59,17192852888.0,https://www.centura.org,https://www.yelp.com/biz/centura-health-urgent-care-canon-city-canon-city-4?adjust_creative=upenn&utm_campaign=yelp_feed&utm_medium=feed_v2&utm_source=upenn,3245 US 50,Canon City,CO,US,81212.0,,,Urgent Care,Doctors,Emergency Rooms,,,
3354092,Qe3cyA8wUn85UqkSxTxJcg,XephtFaSR6qae8QqyJVtOQ,5,"these guys are awesome. my doctors have referred me to four other local pt  places over the last five years (i'm a youngster at 74), and vargo easily kicks them all to the curb. vargo is just amazing in their efficiency. while i'm on the table being stretched and strengthened, i look around, and i see what reminds me of a beehive, with all the worker bees zooming around at top speed, all attending to their appointed tasks with 100% efficiency. all under the auspices of erik, who is in charge of what everyone is doing, and treats each patient with caring and respect. the regular staff all are experts at various types of therapy, and even though they do trade off their patients, the results are the same. i'm currently being treated for back pain and weakness related to a fractured vertebrae, and not only are these therapists careful and respectful of every move i make, but so far, every session produces more freedom of movement, and less pain than when i went in. i'm almost ready to put my walker into storage.",Richard H.,2020-02-14,https://www.yelp.com/biz/vargo-physical-therapy-valencia?adjust_creative=upenn&hrid=XephtFaSR6qae8QqyJVtOQ&utm_campaign=yelp_feed&utm_medium=feed_v2&utm_source=upenn,False,Vargo Physical Therapy,False,26,3.5,2020-04-30T13:17:51,16612592621.0,http://www.vargopt.com,https://www.yelp.com/biz/vargo-physical-therapy-valencia?adjust_creative=upenn&utm_campaign=yelp_feed&utm_medium=feed_v2&utm_source=upenn,25830 Mcbean Pkwy,Valencia,CA,US,91355.0,,,Physical Therapy,,,,,
3478360,3DdlnPzyezMY5gRqxPMtQw,iCtfo4ZE9dgvr4YP7DINQA,5,"chicago family doulas was an essential resource during my first pregnancy. my husband and i wanted to be equipped with as much information and as many tools as possible as new parents, so we utilized several services (a labor doula, prenatal yoga, and classes) offered by chicago family doulas, reviewed below. i can't speak highly enough of our experiences with chicago family doulas!

labor doula cote
after meeting with cote, my husband and i knew we wanted to work with her. her knowledge, energy, and attentive nature were a great match for us right away. she provided us with a very thorough prenatal meeting where we were able to learn more about labor, discuss our birth plan, and practice some prenatal/labor exercises. cote not only made me feel like she respected my goals for the birth, but she also empowered my husband with tools to support me through labor. cote was always available via text or email to check in and ask questions throughout my pregnancy. toward the end of my third trimester, we had a video chat with her to touch base and review our plans for the birth. less than nine hours later, my water broke and my husband and i were on the way to the hospital! during labor, cote coached my husband through giving me massage, counter pressure, and words of encouragement. when he needed a break, she was there to jump in. she also offered recommendations for different labor positions to keep me progressing smoothly. ultimately, i was able the have the beautiful, unmedicated birth i was hoping for thanks to cote's guidance and support; we truly could not have done it without her. after the birth, cote checked in with us via text for several days to see how we were doing and she had a postpartum visit with us once we were home to offer additional advice for healing. she also completed placenta encapsulation for me. overall, cote was amazing to work with and i am so thankful that she was part of my journey in becoming a new mother.

prenatal yoga with liz simbi
liz's prenatal yoga class is great for any expectant mother looking to have a little self-care time while also gently preparing their body for labor. attending these classes allowed me to remain active during my pregnancy in a supportive environment with the guidance of an experienced prenatal yoga teacher and fellow mother. it was definitely something i looked forward to each week during my pregnancy and it helped me feel strong during labor.

yoga for labor with liz simbi
liz's yoga for labor class is great for any mama-to-be and her partner, regardless of prior yoga experience. the class integrates yogic principles, reflection, coping strategies for pain during labor, tips for the birth partner, and partner yoga positions for labor. liz provides great opportunities for couples to discuss their hopes, fears, and plans for labor in an open way and allows participants to practice different positions to have in their toolkit for laboring. i was thankful to connect with my partner during this class and it allowed us to feel prepared to work through birthing our daughter together.

bringing home baby with ashley grosh
the bringing home baby class with ashley was very helpful and made my husband and me feel more prepared to bring home a newborn as new parents. the class covered topics like postpartum recovery for moms, swaddling and diapering, baby carriers and car seat safety, and more. having done a lot of preparation for labor, this class allowed us to learn a bit more about actually caring for a baby. we left with a lot of great information that helped us feel more at ease once our baby arrived. this is definitely a great class for new parents.",Jennifer D.,2020-01-03,https://www.yelp.com/biz/chicago-family-doulas-oak-park-2?adjust_creative=upenn&hrid=iCtfo4ZE9dgvr4YP7DINQA&utm_campaign=yelp_feed&utm_medium=feed_v2&utm_source=upenn,False,Chicago Family Doulas,False,67,5.0,2020-06-04T14:29:39,13127653012.0,http://www.chicagofamilydoulas.com/,https://www.yelp.com/biz/chicago-family-doulas-oak-park-2?adjust_creative=upenn&utm_campaign=yelp_feed&utm_medium=feed_v2&utm_source=upenn,715 Lake St Ste 110,Oak Park,IL,US,60301.0,,,Doulas,Childbirth Education,Lactation Services,,,
3519271,Tz61y0fRUwSJo6ckD_VYpw,HlB5SrN49ov-ruT4IxZb0w,1,"i went to see someone here for the first time (emphasis for later). i had called my insurance before to confirm it would be compensated as part of my plan. they confirmed it. zoom billed it inaccurately and i've had to pay out of pocket. they then ignored my several emails to adjust it. i then wasted half a dozen calls with their useless billing department, nichole, who didn't adjust anything. do not come here unless you want to be billed inaccurately and have to follow-up needlessly. go anywhere else.",Lida T.,2020-02-28,https://www.yelp.com/biz/zoom-care-bellevue-bellevue-2?adjust_creative=upenn&hrid=HlB5SrN49ov-ruT4IxZb0w&utm_campaign=yelp_feed&utm_medium=feed_v2&utm_source=upenn,False,ZOOM+Care - Bellevue,False,1,1.0,2020-05-17T23:15:02,15036848252.0,https://www.zoomcare.com,https://www.yelp.com/biz/zoom-care-bellevue-bellevue-2?adjust_creative=upenn&utm_campaign=yelp_feed&utm_medium=feed_v2&utm_source=upenn,10541 NE 4th St,Bellevue,WA,US,98004.0,,,Family Practice,Urgent Care,,,,
3541168,d-2-lEAIPUYlUioMlNEVLQ,Bd8F00sXgd1ejxuA4TD-Pg,5,"as a technical consultant, i found the ability to easily send contact information on the website extremely convenient. i also love the ability to select remote services like telehealth. i can personally vouch for the technological proficiency of the counselor emily gilbert. she is highly flexible and able to be reached in a variety of ways and on an array of platforms.",Garry G.,2020-01-05,https://www.yelp.com/biz/meridian-counseling-center-dade-city?adjust_creative=upenn&hrid=Bd8F00sXgd1ejxuA4TD-Pg&utm_campaign=yelp_feed&utm_medium=feed_v2&utm_source=upenn,True,Meridian Counseling Center,False,2,3.0,2020-04-26T06:31:33,13525185232.0,http://www.mycounseling.center,https://www.yelp.com/biz/meridian-counseling-center-dade-city?adjust_creative=upenn&utm_campaign=yelp_feed&utm_medium=feed_v2&utm_source=upenn,38052 Meridian Ave,Dade City,FL,US,33525.0,,,Counseling & Mental Health,Hypnosis/Hypnotherapy,Life Coach,,,
3559133,PaWqS7yeklRXGe1RsT6lpQ,S77zu-CKmyVm2Ztrw0zE0A,5,"i *love* dr. jensen. i have complex medical issues. while i was undiagnosed i got a lot of negative comments from a lot of doctors suggesting it was all in my head. dr. jensen was a rock through that tough time, always helping as much as he could to alleviate the symptoms that were getting in the way of my life. all throughout the diagnostic process, the extensive reports from all sorts of providers, disability reports, my illnesses becoming more severe over time - he has always been there for me. he is kind. he is thorough. he asks the right questions. he listens. he even offers telemedicine now, which is a lifesaver for me. i have never had any problems with his office. if i have a question, they answer it. if i am having a difficulty with something - like  referral or a prescription refill - they address it. i'm so very happy with him. he checks things other doctors don't, like miconutrient assays (mine showed things that needed to be addressed). he really does his absolute best for you.  he has been my doctor for many years and i'm keeping him.",Jennifer P.,2020-03-13,https://www.yelp.com/biz/jensen-family-medicine-queen-creek?adjust_creative=upenn&hrid=S77zu-CKmyVm2Ztrw0zE0A&utm_campaign=yelp_feed&utm_medium=feed_v2&utm_source=upenn,False,Jensen Family Medicine,False,27,3.0,2020-04-01T20:43:00,14806773688.0,http://www.scottjensenmd.com/,https://www.yelp.com/biz/jensen-family-medicine-queen-creek?adjust_creative=upenn&utm_campaign=yelp_feed&utm_medium=feed_v2&utm_source=upenn,21321 E Ocotillo Rd Ste 123,Queen Creek,AZ,US,85142.0,,,Family Practice,,,,,
3595348,YklImRDWQ3GS2Af49mCU3g,brxqn6sc5kwiK7b50L64yg,1,"my mom only checked herself in the er at northeast georgia medical center due to the fact that it's in the country and they aren't as busy. little did she know that it would take 24 hours for her to get a room in the hospital.

yes, she got admitted but 24 hours? are you freaking kidding me? about 5 years ago, my childhood friend first checked herself in at the er here and they didn't help at all. they didn't find anything wrong with her. a few months later, she went to gwinnett medical and they found the cause. she needed a new kidney. since then, she went to emory to get treatment and put her name on the donor list. since then, she moved to mn since they have mayo, the best hospital in the nation!

i went off track but my point is that northest georgia medical center sucks!!!!!!!!!!! 

back to my mom. she has a lot of abdominal pain but they couldn't even come back and tell us anything but we will see. let's wait till the morning.

smh. my daughter is a navy nurse and works in walter reed national military medical center. i video chatted with her so she could talk to her grandma. she wanted to see what is going on.

a few moments later, the nurse came in and just looked at the computer. in the room were also my dad, sister, and brother. my sister asked a lot of questions cause she is worried but the nurse is clueless and gave us uncomfy looks.

she left the room and a guy walked in. he told us that we shouldn't video record the nurse and she feels uncomfy. we're like no one is recording. then i looked at my phone. i said i am video chatting with my daughter. my mom spoke and said that she wanted to speak to her grand daughter.

no apologies!! i said to him, do you want to say hi to my daughter or something? he was taken back. my sister asked him is that why the nurse acted like she couldn't answered questions cause she thought she was on film? he said he could bring her back in. we did not want her to come. she told us she was ready to leave her shift and another nurse will come in! i told him that if she really thought we were recording her, why didn't she say anything???? he said we were too nice and she didn't want to say anything. bull sh!t!! i said, so she is going to get you instead, right? he just answered that he gets called for everything.

poor excuse! no wonder my friend hated this hospital and now i understand. my parents better stop coming to this country hospital and go to the city for better service.

9/2020",Nicki K.,2020-02-04,https://www.yelp.com/biz/northeast-georgia-medical-center-braselton-2?adjust_creative=upenn&hrid=brxqn6sc5kwiK7b50L64yg&utm_campaign=yelp_feed&utm_medium=feed_v2&utm_source=upenn,False,Northeast Georgia Medical Center,False,19,2.5,2020-03-29T08:40:25,17708488000.0,http://www.nghs.com/locations/braselton,https://www.yelp.com/biz/northeast-georgia-medical-center-braselton-2?adjust_creative=upenn&utm_campaign=yelp_feed&utm_medium=feed_v2&utm_source=upenn,1400 River Pl,Braselton,GA,US,30517.0,34.1203474,-83.8375131,Hospitals,,,,,
3628261,KRzHcBleR-pGauq7pHXOLw,qAYcuCsYYguQJRHcJbS73Q,5,"my husband and i see dr. conklin here as our pcp and we are very happy with him as our doctor, so much so that i ended up transferring our kids here from their pediatrician. 

dr. conklin takes the time to go through everything with you, and you feel like you have his full attention. he lets you explain what's going on and asks thoughtful questions, and he gives you the time to ask questions of your own. at the pediatricians' office the visits always felt rushed (after you'd first been made to wait ages), the doctor would zoom in and out again within minutes and it was all at such intense speed that most of the time you'd remember the questions you had wanted to ask far too late. 

when needed, i've always been able to make same-day appointments for sick kids, and we've often seen jean cox on those days whom i've also had good experiences with. she's been great with my rambunctious 4-year-old son, who likes her a lot and is amazingly cooperative with her. 

usually the waits are short, and the nurses are very friendly. if there's anything to comment on, it's that the receptionist comes across a bit curt, but that's a minor quibble.",Marieke B.,2020-01-16,https://www.yelp.com/biz/heritage-family-practice-associates-pc-fairfax?adjust_creative=upenn&hrid=qAYcuCsYYguQJRHcJbS73Q&utm_campaign=yelp_feed&utm_medium=feed_v2&utm_source=upenn,True,Heritage Family Practice Associates PC,False,42,4.0,2020-01-21T06:35:39,17033856789.0,http://www.heritage-fp.com,https://www.yelp.com/biz/heritage-family-practice-associates-pc-fairfax?adjust_creative=upenn&utm_campaign=yelp_feed&utm_medium=feed_v2&utm_source=upenn,4001 Fair Ridge Dr Ste 101,Fairfax,VA,US,22033.0,,,Family Practice,,,,,
3643777,gRPenNW-d6BMzFRkV2qsIw,dykGWnKVjmUQRyjp5sqKiA,1,"i had quite an unfortunate visit to playa vista medical center. i arrived around 4:30 pm and there were about 4 others in the waiting room. i filled out all the necessary paperwork and then waited to be taken back to an exam room. about 15 minutes had passed before another patient, who walked in 30 seconds before me, inquired how much longer she would have to wait. the nurse at the front desk informed her it would only be another 15-20 minutes. she and i waited over an hour to be placed in an exam room. obviously, this was not pleasant but things happen and i have no control over how much time other patients require.

once i was in the room i was immediately seen by a nurse who took down some basic information regarding my visit. he then left and after 5 minutes or so the doctor came in. she was very short with me and was in the room for about 2-3 minutes. she informed me that she doesn't know what was causing my rash and would prescribe me some antibiotics to help reduce swelling. she then said she was going to fill out the prescription order and someone would be right with me.

this is where my rating went from 3 stars to 1 star. i sat in that exam room for over 30 minutes just staring at the walls waiting for a nurse or doctor to come in, give me more information, and head out considering the doctor already spoke to me. did they forget about me? well, i began growing increasingly impatient and at around the 35-minute mark, opened the door, and walked out of the room. two nurses were standing in the hallway and looked at me like they had just seen a ghost. i said ""hey, not sure what's happening but i've been sitting in this room alone waiting for more information. can someone please help me?"" a nurse quickly walks over, grabs a clipboard and walks me back into my room. he goes over the medication for about 30 seconds before releasing me and saying i'm good to go home. so yes, they did forget about me. if i did not poke my head out, i can only assume i would've waited in that exam room until they closed. overall not an amazing experience not to mention it was very expensive for a first-time patient. next time i'll just use a virtual doctor service... much easier.

i will not be coming back here and will not be recommending this urgent care to anyone i know.",Jordan L.,2020-02-12,https://www.yelp.com/biz/playa-vista-medical-center-playa-vista?adjust_creative=upenn&hrid=dykGWnKVjmUQRyjp5sqKiA&utm_campaign=yelp_feed&utm_medium=feed_v2&utm_source=upenn,False,Playa Vista Medical Center,False,330,4.5,2020-04-29T19:02:16,13108620400.0,http://www.pvmedcenter.com,https://www.yelp.com/biz/playa-vista-medical-center-playa-vista?adjust_creative=upenn&utm_campaign=yelp_feed&utm_medium=feed_v2&utm_source=upenn,6020 Seabluff Dr,Playa Vista,CA,US,90094.0,,,Urgent Care,Doctors,,,,
3663784,VqDAz6cjOQjr284JdV8b6Q,x3gf-QO_-NW_OP1H4zsIfg,5,"working with johna has been truly transformative for me. i started working her in early 2019 and i was at the point where traditional therapy and reiki had helped a bit, but didn't really stick for what i needed. i started with a couple in-office session, but due to a move, i've continued working with her fully remote through zoom and phone calls. i was a bit nervous of doing my sessions fully remote, because i usually like to do anything this personal in person, but it honestly hasn't been that different than being in person for me. a lot of this is because johna is great no matter what the medium or communication method; her empathy and intuition is spot on and she is always flexible with how we do our sessions. now onto how she's helped me: on top of the lingering trauma and self-sabotage i couldn't let go of, i was dealing with a serious drop in self-confidence and felt like i didn't have control over my own life. she has helped me pull out of some really painful past trauma that was buried super deep. it's been eye opening to see how much of it shaped my life, my thoughts, and ultimately a lot of the choices i've made. for the first time in my life, i can say i'm actually excited about not knowing what is next for me. i'd be lying if it didn't also cause me moments of intense anxiety, but i'm feeling more confident by the day in the toolset that i've worked on giving myself with johna's help. i can be whole self around her and that makes the sessions extra productive and helpful in helping me reach my life and career goals. thanks johna!",Nishi P.,2020-01-02,https://www.yelp.com/biz/johna-goldenflame-master-eft-emotional-and-spiritual-counseling-san-francisco-2?adjust_creative=upenn&hrid=x3gf-QO_-NW_OP1H4zsIfg&utm_campaign=yelp_feed&utm_medium=feed_v2&utm_source=upenn,False,"Johna Goldenflame, Master EFT, Emotional & Spiritual Counseling",False,56,5.0,2020-01-05T12:07:21,14157469662.0,http://johnagoldenflame.fullslate.com,https://www.yelp.com/biz/johna-goldenflame-master-eft-emotional-and-spiritual-counseling-san-francisco-2?adjust_creative=upenn&utm_campaign=yelp_feed&utm_medium=feed_v2&utm_source=upenn,546 Fillmore St,San Francisco,CA,US,94117.0,,,Life Coach,Counseling & Mental Health,Hypnosis/Hypnotherapy,,,
3722549,I2wwV_gpLvSJlOr_aL6-sQ,Bis2ivq4xU8dXwYognkJJg,4,"i recently consulted with this endocrine specialist. she was referred by my insurance company as i searched for specialists in this field throughout broward and could not find an appointment within the next few weeks. all of the offices i contacted were booked for 3 - 6 months.

the doctor is board certified in internal medicine, endocrinology diabetes and metabolism. she joined cleveland clinic over a decade ago where she built the inpatient diabetes program, among other important quality-improvement projects. dr. villabona has recently opened up her own practice and i am one of the fortunate ones to be treated by her.

dr. villabona is caring, personable, patient, and thorough. she seemed genuinely interested in getting me back to tip-top health!  i will be returning for a follow up soon, but it's also reassuring to know that i can reach out to her through virtual visits monday thru thursday from 12:30 to 1:00 p.m., as well as early morning on the first saturday of the month. these telemedicine visits are for established patients only, so please call her office for a new patient consult today. her staff is equally knowledgeable in their profession and easy to deal with, which is an added bonus in any practice!",Marie M.,2020-02-21,https://www.yelp.com/biz/carmen-v-villabona-md-ecnu-endocrinology-consultants-coral-springs?adjust_creative=upenn&hrid=Bis2ivq4xU8dXwYognkJJg&utm_campaign=yelp_feed&utm_medium=feed_v2&utm_source=upenn,False,"Carmen Villabona, Md, Ecnu",False,2,4.5,2020-05-26T17:43:21,19549982144.0,http://endocrinologyfl.com,https://www.yelp.com/biz/carmen-v-villabona-md-ecnu-endocrinology-consultants-coral-springs?adjust_creative=upenn&utm_campaign=yelp_feed&utm_medium=feed_v2&utm_source=upenn,2901 Coral Hills Dr Ste 330,Coral Springs,FL,US,33065.0,,,Endocrinologists,,,,,
3799236,FXvSdhrdCKF-QMEtrHRZzw,lPNqLag6eG3r8zyO9NaGSw,2,"i went on a tuesday right after they opened, barely a wait. i went in with flu-like symptoms (chills,  fever, body aches, sore throat). by the time i was there i was trembling with body aches, sweating, and could hardly move due to the aches and chills. the np was nice enough, not very friendly but she tested me for strep and flu, both which came  back negative. she told me it must be something viral and to take acetaminophen and sent another strep test to the lab, and i had to call back to find out the results after not receiving a call for two days. by thursday, i'm feeling worse. i call a telemedicine doctor who says he thinks i have the flu (nothing to do with minuteclinic but adding some back story). i go back to the minuteclinic to see if they can  give me anything or at least tell me i can go back to work or get me a note.  when i told the latest np, natacha moorer that i was here tuesday she gave a rude look and said ""and why are you back again?"" and ""don't you have a pcp?"" (not in dc as i am here as a contract therapist, none of her business honestly). again she says that it's something viral and she doesn't think i'm contagious even though i was having a low grade fever on acetaminophen. i will never go back here again, np moorer was nice to everyone before me but treated me like i was an inconvenience to her. rude practitioners and they rely solely on tests rather than putting together symptoms and listening to the patient.",Samantha T.,2020-02-06,https://www.yelp.com/biz/minuteclinic-washington-2?adjust_creative=upenn&hrid=lPNqLag6eG3r8zyO9NaGSw&utm_campaign=yelp_feed&utm_medium=feed_v2&utm_source=upenn,False,MinuteClinic,False,17,2.5,2020-06-06T20:41:59,12023972600.0,http://www.minuteclinic.com/,https://www.yelp.com/biz/minuteclinic-washington-2?adjust_creative=upenn&utm_campaign=yelp_feed&utm_medium=feed_v2&utm_source=upenn,845 Bladensburg Rd  CVS Pharmacy,Washington,DC,US,20002.0,,,Urgent Care,Walk-in Clinics,,,,
3989239,VEoxHMBkV4czCv3Ozoigtg,YGI8zWKNLhrOCCnJRyuUew,5,"my husband and i are traveling to thailand, bhutan, bali and singapore and want to get immunizations for that area of the world.  we made an appointment this morning and had such a helpful experience!  angel, the young woman who helped us, was exceptionally warm, welcoming and knowledgeable.  i must admit that i expected to get a 'hard sell' for what immunizations we should get so i did my research online before our appointment.  but to our surprise, there was no hard sell approach.  we had a meeting with a nurse online through zoom, which worked very well.  she gave us a helpful information about immunizations and also other ideas that we will use.  the office visit was $25 compared to other companies charging far more.  we appreciate our experience with wellness mart so much!",Marigrace L.,2020-01-31,https://www.yelp.com/biz/wellnessmart-md-van-nuys?adjust_creative=upenn&hrid=YGI8zWKNLhrOCCnJRyuUew&utm_campaign=yelp_feed&utm_medium=feed_v2&utm_source=upenn,False,"Wellnessmart, MD",False,19,4.5,2020-03-31T23:03:47,18186597778.0,http://wellnessmart.com,https://www.yelp.com/biz/wellnessmart-md-van-nuys?adjust_creative=upenn&utm_campaign=yelp_feed&utm_medium=feed_v2&utm_source=upenn,17629 Sherman Way,Van Nuys,CA,US,91406.0,,,Laboratory Testing,Tattoo Removal,CPR Classes,,,
4044656,pPYZF9viFz5u9kFMBI1k6Q,1FtITX0nI5oLPWjEEtcRJw,5,"i got prk vision correction surgery a little over a month ago. my eyes didn't qualify for lasik because my vision was so bad (at the exam i was measured -9 in both eyes). since prk is a more painful surgery with a slower recovery, i anticipated a lot of pain during and especially after the procedure. i felt no pain during the operation! i started feeling some pain about 2 hours later, probably because the numbing drops wore off, but it wasn't bad. i had 5 types of eyedrops to put in several times a day. for the next few days, i had some discomfort, slight sensitivity to light, and sometimes mild pain. what i didn't expect was the blurriness. i enlarged and bolded the font on my phone, and turned on the zoom function. i stayed home and listened to audiobooks. i was hoping it would be just for a week or so, but it took over 3 weeks to see somewhat clearly. i'm glad i can see clearly now, and it will slowly get clearer in the next few months. my recovery might have been longer due to my very bad eyesight. i was off of work for 1 week and not driving for 2 weeks, but i suggest giving yourself about 3 weeks to do tasks safely and comfortably. i recommend prk with dr. bindi, just keep in mind that it takes a while to get perfect vision.",Angie K.,2020-02-09,https://www.yelp.com/biz/craig-s-bindi-md-san-jose?adjust_creative=upenn&hrid=1FtITX0nI5oLPWjEEtcRJw&utm_campaign=yelp_feed&utm_medium=feed_v2&utm_source=upenn,False,"Craig S Bindi, MD",False,256,5.0,2020-06-06T16:52:09,18774382020.0,http://www.2020eyesite.com,https://www.yelp.com/biz/craig-s-bindi-md-san-jose?adjust_creative=upenn&utm_campaign=yelp_feed&utm_medium=feed_v2&utm_source=upenn,606 Saratoga Ave  Laser Eye Center of Silicon Valley,San Jose,CA,US,95129.0,,,Ophthalmologists,Laser Eye Surgery/Lasik,Optometrists,,,
4119098,Cn-zW2ctyAM2Bkwipig7MQ,yV8hXlYd8WkHBxTuhEMMJw,4,"needed paperwork for this morning's scheduled 11am appointment in tarpon springs. doctor didn't send it. so i had to wait at the doctor's office after lunch, & then find an open quest that could take me quickly without an appointment. this location  was only 5 miles further, and once i logged in on my mobile phone & pre-registered, the wait was minimal. 

the waiting room was small, with two check in pads. i used one to check in with my qr code. a television kept me entertained until i was called. in addition to health news and weather, it let me know my wait time (3 minutes). antiseptic gel was on a table, if needed. another pad, by the locked door, was available for reaction after the visit (""did you feel well cared for?""). 

once inside (and it was  more than three minutes - 15 minutes until i was called), justine took care of me. her cubicle was neat and tidy. she was thorough & friendly. i was done in 3 min. & i didn't  feel a thing! she was gentle and efficient. i did feel well cared for, & i'd give this place 5 stars if i'd been seen in the advertised time (3, not 15 min.).",Courtenay O.,2020-02-10,https://www.yelp.com/biz/quest-diagnostics-oldsmar?adjust_creative=upenn&hrid=yV8hXlYd8WkHBxTuhEMMJw&utm_campaign=yelp_feed&utm_medium=feed_v2&utm_source=upenn,True,Quest Diagnostics,False,4,2.5,2020-04-15T06:41:46,18666978378.0,http://www.QuestDiagnostics.com,https://www.yelp.com/biz/quest-diagnostics-oldsmar?adjust_creative=upenn&utm_campaign=yelp_feed&utm_medium=feed_v2&utm_source=upenn,3801 Tampa Rd,Oldsmar,FL,US,34677.0,28.0436653223423,-82.674085626581,Laboratory Testing,,,,,
4177595,O6Fs1qiWKs2vQoSmrIQBQw,jWPNDWWYe_OWFrAnpdGj8Q,1,"action mh 1*

this action urgent care was  terrible.i got there an hour early waiting around. when they finally opened at 9 am you could tell the lady had a chip on her shoulder. it's a also wonderful workers comp case that i've been dealing with for over 2 1/2 years and i've been seen at action urgent care since the beginning. the lady said they didn't have my social security number and i said that they had to because i've been going to action urgent care for 2 1/2 years and they have all my paperwork. ive been to other clinics in safeway stores and the main locations in san jose. i had come for a telehealth/skype style appointment which is pretty much what action urgent care in safeway's or vons is. she said the doctor my appointment is with is off today. i said that was odd because i was physically in the office when he made the appointment specifically for this day and this time. she said i had to reschedule because i had to see this doctor and this doctor only. i said i wasn't gonna come back to this branch and i left. this made me so frustrated because this was two hours wasted time that i could've been at work.
i called action urgent care and ask them about this and they stated that i could see any doctor at any branch and i did not have to specifically see this one doctor.  the lady should have called to see what the doctors were available. i told the customer service line since i was seen at the blossom hill branch. when vladimir was there, service was amazing and last time i was at that branch i was seen two hours after my appointment time and there was only one person in front of me. ridiculous.",Terri M.,2020-01-15,https://www.yelp.com/biz/action-urgent-care-morgan-hill-2?adjust_creative=upenn&hrid=jWPNDWWYe_OWFrAnpdGj8Q&utm_campaign=yelp_feed&utm_medium=feed_v2&utm_source=upenn,False,Action Urgent Care,False,33,2.5,2020-03-01T07:59:46,14086456797.0,http://actionurgentcare.com,https://www.yelp.com/biz/action-urgent-care-morgan-hill-2?adjust_creative=upenn&utm_campaign=yelp_feed&utm_medium=feed_v2&utm_source=upenn,235 Tennant Station,Morgan Hill,CA,US,95037.0,,,Urgent Care,Medical Centers,,,,
4263198,sC5Ck5UviM7tvP1SgWfdBQ,dPgpZKBEg5UI70CewI2GpQ,1,"i had the absolute worst experience with this dentist. i found the information for getting my teeth whitened on the philips zoom website. i was excited, because the dentist is literally one block from me. i called to book the appointment and had a great first phone call. the lady on the phone suggested that i get my teeth cleaned before the treatment. i was told it would be $90 without the x-ray or $128 with. i booked the appointment, as well as the teeth whitening package. i was so excited. i took a half day off of work in order to make this appointment happen. this morning i received a phone call from their office. apparently they hadn't received my paperwork. the office manager said that my appointment was $228. she was so rude and continuously said, ""you got wrong information; that's not my problem"". she canceled my appointment and literally hung up the phone when i asked to speak to the dentist. i'm hoping dr. feil sees  this, as i would love to share how this scenario went down. he needs to be  aware that his manager is treating potential customers like they are dirt.",Katie C.,2020-01-30,https://www.yelp.com/biz/robert-b-feil-dds-atlanta?adjust_creative=upenn&hrid=dPgpZKBEg5UI70CewI2GpQ&utm_campaign=yelp_feed&utm_medium=feed_v2&utm_source=upenn,False,"Robert B Feil, DDS",False,48,4.0,2020-01-30T05:22:23,14042336488.0,http://www.robertfeildds.com/,https://www.yelp.com/biz/robert-b-feil-dds-atlanta?adjust_creative=upenn&utm_campaign=yelp_feed&utm_medium=feed_v2&utm_source=upenn,107 W Paces Ferry Rd NW Ste 150,Atlanta,GA,US,30305.0,,,Oral Surgeons,General Dentistry,Cosmetic Surgeons,,,
4266912,sVxhQCFPSGLZ3Zishkwe-g,26JFy5yZ8rdLYBcjiKnuDA,5,"i woke up which i felt was super high blood pressure in somewhat of a panic and needed to see someone right away.  right now with all the caronavirus panic the last thing i wanted was to go into a walk in clinic and wait with a bunch of sick people! (no offence sick people)  super convenient location and when i walked in i was extremely surprised at the decor at the clinic. it's more like a spa feel then a medical clinic.  well not quite a spa, but close! super clean and nicely decorated.   a pleasant gal greeted me at the door and sign me in and i was seen right away by doctor johnson.  

because they are by appointment i was the only one in the clinic which was really nice. the dr never made me feel rushed as a matter of fact i think it's one of the most thorough visits i've had.  she took her time to help me figure out what was going on.

i left with a minor prescription which gave me instant relief.  she also made a couple other recommendations which i super appreciated.  

that was friday, today is saturday and i feel 100% better based on her recommendation.  to top it off she called me today to see how i was doing...really? yes, she did.

i am someone who likes to take care of my own health situation and make sure i understand what's happening typically i'll go see a naturopath and a doctor at the same time to make sure everything's okay and i super appreciated that doctor johnson was open to the naturopathic community as well.  some drs just roll thier eyes.  

i agree with another review in saying this is a brilliant franchise and i'm looking forward to seeing what the new one in bellevue is going to look like the doctor was telling me about how awesome it's going to be.

i would recommend this zoom clinic and dr. johnson to anyone who has an issue.  she's 22 years in practice which is hard to believe because she looks like she's about 35.  

the easy online scheduling is awesome!",Sandra L.,2020-03-07,https://www.yelp.com/biz/zoom-care-redmond-redmond-2?adjust_creative=upenn&hrid=26JFy5yZ8rdLYBcjiKnuDA&utm_campaign=yelp_feed&utm_medium=feed_v2&utm_source=upenn,False,ZOOM+Care Redmond,False,3,5.0,2020-03-26T18:40:58,15036848252.0,https://www.zoomcare.com,https://www.yelp.com/biz/zoom-care-redmond-redmond-2?adjust_creative=upenn&utm_campaign=yelp_feed&utm_medium=feed_v2&utm_source=upenn,16175 Cleveland St Ste 103,Redmond,WA,US,98052.0,,,Urgent Care,Family Practice,,,,
4337335,kElhhnyJPQtTVojdpnvq4w,IY-1opiTQSvMAIUIYjeRFA,1,i switched my insurance so i never have to come to this office again. 3 hours wait to do a virtual visit with a doctor and who knows how long to see a doctor face to face. i had no choice at the moment but to stay but i definitely never went back after that visit. it's not worth it to me.,Cristina D.,2020-02-21,https://www.yelp.com/biz/kaiser-permanente-garden-medical-offices-downey?adjust_creative=upenn&hrid=IY-1opiTQSvMAIUIYjeRFA&utm_campaign=yelp_feed&utm_medium=feed_v2&utm_source=upenn,False,Kaiser Permanente Garden Medical Offices,False,25,2.5,2020-03-30T08:30:38,18008234040.0,http://kaiserpermanente.org,https://www.yelp.com/biz/kaiser-permanente-garden-medical-offices-downey?adjust_creative=upenn&utm_campaign=yelp_feed&utm_medium=feed_v2&utm_source=upenn,9353 Imperial Hwy,Downey,CA,US,90242.0,33.918389000000005,-118.128404,Medical Centers,,,,,
4413413,TOjXaJ7hmwp9fyzzrCU7dQ,sjqEvuVvfG5Irj8H8sOtFQ,5,fast and reasonable service. i was able to book online for same day service and the doctor had great bedside manners. dr. kendra ho ching addressed my issue quickly and was nice and professional throughout the visit. hands down i recommend zoom.,Gisselle L.,2020-01-28,https://www.yelp.com/biz/zoom-care-shoreline-shoreline?adjust_creative=upenn&hrid=sjqEvuVvfG5Irj8H8sOtFQ&utm_campaign=yelp_feed&utm_medium=feed_v2&utm_source=upenn,False,ZOOM+Care - Shoreline,False,2,4.5,2020-05-02T00:04:37,15036848252.0,https://www.zoomcare.com/clinic/zoomcare-shoreline,https://www.yelp.com/biz/zoom-care-shoreline-shoreline?adjust_creative=upenn&utm_campaign=yelp_feed&utm_medium=feed_v2&utm_source=upenn,15911 Westminster Way N,Shoreline,WA,US,98133.0,,,Family Practice,Urgent Care,,,,
4508140,nBk57rYW6ros4Dezs08mdQ,Ccu-oBkQpYxXpyOgAhZung,5,"this is a wholehearted shout-out to pasha marlowe of roots and springs!she is a holistic personal trainer...she is my trainer...and she is a beautiful breath of fresh air in the crowded field of wellness. pasha stands out. she turns the old stories upside down. i never thought i would work with a personal trainer. but pasha is different...and i decided i'm worth the investment to meet my wellness goals as an entrepreneur and mother in my mid-40s!

i came to pasha with some injuries (shoulder issues and si joint dysfunction) and a desire to get stronger and to find relief from chronic stress. i was feeling frustrated because although i live a pretty active life, i have not been able to stick to a strength training routine at home. i don't have time to drive the 30 minutes to the gym (and do not enjoy myself in these settings).

pasha worked with me one-on-one to develop a sensible, fun, and customized program that i could stick to in the comfort of my own home . she is incredibly encouraging, highly intuitive, and wise.

i feel so nurtured and supported in her presence. she has helped me see just how active i already am, and has helped me celebrate in a new way. rather than beating myself up about what i'm not doing, i'm focusing on what i am doing. this mindset shift has allowed me to look forward to my exercises, and i naturally want to keep going and see how strong i can get.

i've had sessions in the studio, but also a zoom video session where i felt like she was right in my home with me! the whole session was recorded too. amazing! so during those times that i can't drive to the studio, i can zoom with pasha and stay on track.

i highly recommend working with pasha. she has also just launched an amazing program: roar with laughter""",Ellen J.,2020-02-08,https://www.yelp.com/biz/roots-and-springs-north-yarmouth?adjust_creative=upenn&hrid=Ccu-oBkQpYxXpyOgAhZung&utm_campaign=yelp_feed&utm_medium=feed_v2&utm_source=upenn,False,Roots and Springs,False,4,5.0,2020-02-08T06:37:37,12074899709.0,https://rootsandsprings.com,https://www.yelp.com/biz/roots-and-springs-north-yarmouth?adjust_creative=upenn&utm_campaign=yelp_feed&utm_medium=feed_v2&utm_source=upenn,18 Dexter Ln,North Yarmouth,ME,US,4097.0,,,Yoga,Pilates,Counseling & Mental Health,,,
4547137,e69W4qD-IR_i2u_BIHX_5Q,vJdk1TNajELIcIWIydJ_2Q,1,"i've been to daymark many times over the past several years and over those years i feel like mainly i was treated like a criminal even though i was coming in there voluntarily no court order nothing like that. i would come for group therapy and see a psychologist which typically would take over three months to see one, she didn't really care what i had to say. it was also video conference which seemed crazy to me.  she had no concern for my overall well being and i'm sure i wasn't the first person to feel that way. she did what she needed to do to get me in and out.",Erik M.,2020-03-09,https://www.yelp.com/biz/daymark-recovery-services-north-wilkesboro?adjust_creative=upenn&hrid=vJdk1TNajELIcIWIydJ_2Q&utm_campaign=yelp_feed&utm_medium=feed_v2&utm_source=upenn,False,Daymark Recovery Services,False,1,1.0,2020-03-10T22:34:16,13366675151.0,,https://www.yelp.com/biz/daymark-recovery-services-north-wilkesboro?adjust_creative=upenn&utm_campaign=yelp_feed&utm_medium=feed_v2&utm_source=upenn,1400 Willow Ln,North Wilkesboro,NC,US,28659.0,,,Counseling & Mental Health,,,,,
4561022,2UtcLR7l9oYzJdUiV1j2gQ,dMdpKAIYvuZPOOitX1aAUg,5,"after our 95-year-old friend broke her hip and became bedbound, roze room hospice stepped in and took over her care. up to now, the healthcare from her insurer was mediocre at best and we all know how that goes. a parade of beleaguered lvns, nurses and doctors calling it in day in and day out, dealing with yet another patient and never really seeing the person beyond the body in front of them. 

roze room hospice was a breath of fresh air and our saviour. i don't know how we would have taken care of her without the tireless and loving care from them. from the get-go they knew exactly what to do, ordering a hospital bed and all the necessary accouterments for her comfort. they knew the drill--diapers and wipes, her meds, an over the bed table, bedrails, a nebulizer, even an air mattress to keep the bed sores away. within hours of roze room taking over, everything was delivered and put in place, setting the stage for her optimal care and comfort. 

the roze room staff was top notch. laura, joy, keith, dr. patel, eryn, gareth, irma, and libby were all ever so professional and had plenty of heart. like me, they became enamored by our friend and took the time to get to know her.  it showed in how she was treated-- with genuine kindness and heartfelt compassion from day one up until the day of her passing. after her passing, laura and some of the caregivers were kind enough to follow up with condolence texts and touching notes as if she were family.  laura even helped me with returning all of the medical equipment and instructed me on how to safely dispose of the unused medications. 

the one piece of  feedback i would give to roze room is that i wish we had better direct access to her care team via mobile phone and text. i can understand why patients have to go through the main number to get a hold of her caregivers, but direct access to them would have been so much better. that being said, the switchboard was extremely responsive and quick in getting our messages out to the caregivers and laura the rn was kind enough to give me her number so that i could call and text when i needed to. 

thank you roze room. so grateful that you were there for us!",Senor K.,2020-02-11,https://www.yelp.com/biz/roze-room-hospice-of-san-gabriel-valley-pasadena?adjust_creative=upenn&hrid=dMdpKAIYvuZPOOitX1aAUg&utm_campaign=yelp_feed&utm_medium=feed_v2&utm_source=upenn,False,Roze Room Hospice of San Gabriel Valley,False,10,3.5,2020-05-04T22:28:11,16264467673.0,https://www.rozeroomhospiceofsangabrielvalley.org,https://www.yelp.com/biz/roze-room-hospice-of-san-gabriel-valley-pasadena?adjust_creative=upenn&utm_campaign=yelp_feed&utm_medium=feed_v2&utm_source=upenn,2700 E Foothill Blvd Ste 200,Pasadena,CA,US,91170.0,,,Hospice,Occupational Therapy,Massage Therapy,,,
4564248,KYoj57YwYksG51IdpWGjZg,-xOpYKY72smFNgfiS_foug,5,"the way diabetes management and care should be! i strongly believe every diabetic should have a team like steady health on their side. and with virtual visits and remote care, anyone in california can have access to the steady health team using their app!

i can't believe i've gone 10 years without them... the knowledge and expertise, and the encouragement and support are unmatched. i started off with a free trial membership, but immediately realized that their services were invaluable.

i highly recommend steady health to any and all diabetics who can use a smartphone! i'm so glad i found them, and i'm never letting go!",Michelle G.,2020-01-08,https://www.yelp.com/biz/steady-health-san-francisco?adjust_creative=upenn&hrid=-xOpYKY72smFNgfiS_foug&utm_campaign=yelp_feed&utm_medium=feed_v2&utm_source=upenn,True,Steady Health,False,9,5.0,2020-03-02T13:54:57,14158863778.0,https://steady.health,https://www.yelp.com/biz/steady-health-san-francisco?adjust_creative=upenn&utm_campaign=yelp_feed&utm_medium=feed_v2&utm_source=upenn,100 Bush St Ste 1600,San Francisco,CA,US,94104.0,,,Endocrinologists,,,,,
4647241,MHvknGpLpQN1a3vM0W3IwA,pTFOXWvQEsjX-NPMXhae4Q,1,"this hospital was a circus from the time i was in the emergency room. i was one of the chair spots in the hallway. security people watching the mental patients on hold were aggravating them by turning lights on to those who didnt want them on.  playing on the rolling chairs. staff people were even going to the point of take fellow employees belongings and hiding them.
young brown hair nurse comes on and she sits at computer with her cell phone video chatting her girlfriend and asking security if they wanted to say hi to her friend. people in main er room was coming out to get help for other patients because no one was checking on them.
i was admitted and the railing of bed had dried blood on them. i took a i.v sponge to clean of the blood cause my head was near the top.  t.v's in rooms didnt work you got to stay at walls.  food was awful same three menus items repeat for the whole week.  one night i didnt even get a tray when kitchen was called they said they was closed and couldn't cook anything. 
maybe the ceo should be a patient there or his family members and see how patients are treated.  the nurses were good but not enough staff to cover patients rooms. my dog gets treated better at the vet than a human at this hospital.  stay away if at all possible.",Shari R.,2020-01-19,https://www.yelp.com/biz/mission-community-hospital-panorama-city?adjust_creative=upenn&hrid=pTFOXWvQEsjX-NPMXhae4Q&utm_campaign=yelp_feed&utm_medium=feed_v2&utm_source=upenn,False,Mission Community Hospital,False,158,3.0,2020-05-29T12:13:07,18187872222.0,http://www.mchonline.org,https://www.yelp.com/biz/mission-community-hospital-panorama-city?adjust_creative=upenn&utm_campaign=yelp_feed&utm_medium=feed_v2&utm_source=upenn,14850 Roscoe Blvd,Panorama City,CA,US,91402.0,,,Hospitals,,,,,
4701050,jwNeNrN8fU7gdy4eRWZiSw,6fEo8Nd7uNY6_RYY6mqLaA,5,"love this guy. 

been seeing him for a few years now, about every 6 months. 

he thoroughly explains things to me when it comes to what he is seeing and when he wants to remove/perform a procedure on something. his staff are extremely accommodating and have gone out of their way when it comes to getting back to me with lab results and short notice scheduling/rescheduling.

i love the fist bump, have never seen him use his mobile phone during my 8 visits, and he has washed his hands before and after the sessions i have had with him.",Joe W.,2020-02-03,https://www.yelp.com/biz/sheth-pranav-b-md-cincinnati?adjust_creative=upenn&hrid=6fEo8Nd7uNY6_RYY6mqLaA&utm_campaign=yelp_feed&utm_medium=feed_v2&utm_source=upenn,False,Sheth Pranav B MD,False,2,3.0,2020-05-25T05:29:24,15139364560.0,,https://www.yelp.com/biz/sheth-pranav-b-md-cincinnati?adjust_creative=upenn&utm_campaign=yelp_feed&utm_medium=feed_v2&utm_source=upenn,9275 Montgomery Rd Ste 100,Cincinnati,OH,US,45242.0,,,Dermatologists,,,,,
4735830,lCS5ycMT_BtnrORVbO6rag,nBjdAr_uBC5meyIctYlJfg,2,i had just lost my son and went to her. on the phone she promised me so much. grief counseling help with the pain i was in. i told her i could not afford much because i had my son's debt. she told me she would work with me and help me. i felt that i had found my golden ticket. i met her and she charged me 200.00 which was so much and after she said she would work with me. she had surgery promised to call and do a video chat never did. cashed my check and after that she again promised to help me. nothing. i am broken and if you could not see that and help me. shame on you. i may have lost 200.00 dollars but you have to live with yourself not helping someone who was in need of help.,Diana G.,2020-02-05,https://www.yelp.com/biz/karen-l-goldman-lmhc-bcpc-staten-island-2?adjust_creative=upenn&hrid=nBjdAr_uBC5meyIctYlJfg&utm_campaign=yelp_feed&utm_medium=feed_v2&utm_source=upenn,True,"Karen L Goldman, LMHC,  BCPC",True,1,2.0,2020-04-08T19:46:28,13478502322.0,http://www.Karenlgoldman.com,https://www.yelp.com/biz/karen-l-goldman-lmhc-bcpc-staten-island-2?adjust_creative=upenn&utm_campaign=yelp_feed&utm_medium=feed_v2&utm_source=upenn,198 Davis Ave  Grief Counseling,Staten Island,NY,US,10310.0,,,Counseling & Mental Health,,,,,
4740859,aAHOakFIlyJ0uaDb2OPwSg,wu54__LIN6degVI3o8_7tg,5,"okay, so i never post reviews for anything, but sohomd honestly changed my life not gonna lie. i originally signed up a year or two ago bc they took my insurance (cigna at the time, now aetna), and legally the only way i can get refills on the adhd medication i've been taking for most of my life is to meet with a doctor once a month. i was tired of having to trek to an office in the middle of the workday every month just to confirm my meds were still working, so i signed up for a video appointment with a random doctor here that specialized in adhd. little did i know that would end up totally changing my life.

the guy i got paired up with, dr robert weston, is by far the nicest, kindest, and most caring psychiatrist i have ever worked with. he listens to my needs, cares about my life, and has moved his schedule around to help me in emergencies. after a year of prescription management meetings, he helped me realize i had also been suffering from severe anxiety and depression, and that medication could perhaps help. i was so nervous, but took his suggestion, and it honestly is like i am living in a whole new world. i never knew that life could be so much less exhausting or that i could experience happiness like i do now. i had been living in a fugue state of crippling anxiety and doubt before, but i never would have known it without his help. 

he was so cautious in recommending a medication for me, and made sure to check in regularly after i started taking it to ensure it was going well. 

the one major problem with sohomd is that their administrative system is a hot mess, and there was a 4 month period of time where they suddenly couldn't accept aetna and blue cross due to a weird issue from the insurance companies' end (thankfully fixed as of jan 2020), but robert moved his schedule around to accommodate me anyway so he could make sure i was doing alright, and would call me directly to check in whenever something was going wrong from an admin perspective. 

the level of care i have received from him honestly makes all of the insurance and administrative shenanigans worth it. would highly recommend if you're looking for a caring, flexible psychiatrist, who you can video chat with from a conference room at the office in between work. idk about the other people who work here, but he rocks",Paris M.,2020-02-19,https://www.yelp.com/biz/sohomd-new-york-7?adjust_creative=upenn&hrid=wu54__LIN6degVI3o8_7tg&utm_campaign=yelp_feed&utm_medium=feed_v2&utm_source=upenn,True,SohoMD,False,93,2.5,2020-05-01T11:50:54,12123696757.0,http://www.sohomd.com,https://www.yelp.com/biz/sohomd-new-york-7?adjust_creative=upenn&utm_campaign=yelp_feed&utm_medium=feed_v2&utm_source=upenn,110 Lafayette St Fl 5,New York,NY,US,10013.0,,,Psychiatrists,,,,,
4750088,qRUC-vsFKeYZV0I1EXdMzw,5xt-6i9BSGb6KnenmRBnow,1,"of all the medical providers i've ever had, been a client of or needed medical help from, petaluma health center is by far the absolute worst!! where do i begin...

hmm. their phone system is archaic. might as well plan to be on hold for an hour or more if you call in after 9:00 am when they open. 

service: horrible at best. i had a condition that needed medication. not a big deal i thought until i asked for the medication. no telephone appointments here. i had to go in, sit in a waiting room with 20 other people who were coughing, wheezing & hacking up whatever just to get my eye treated. when i asked ""why don't you have telemedicine"" i was told ""we're a bit behind the times"". no kidding sherlock! 

in a time when the cdc & the world health organizaiton are encouraging people to stay home, i had to physically go to the waiting room to see my doctor in person to get medication that i should've been able to have a video appointment for is appalling. 

absurd! ridiculous! unbelievable! are the only words that pop into my head about this company. they remediate health care back 30 years. progressive - no! helpful - no! focused on preventing disease - heck no!! 

run. run as fast as you can away from petaluma health center!! they do not care at all about patient safety or reducing the spread of disease. they advocate for spreading it. 

you have great doctors but your policies to deal with people during a pandemic are horrific! you should be shut down or at best your board of directors should be fired!",Cabernet Jay S.,2020-03-13,https://www.yelp.com/biz/petaluma-health-center-petaluma?adjust_creative=upenn&hrid=5xt-6i9BSGb6KnenmRBnow&utm_campaign=yelp_feed&utm_medium=feed_v2&utm_source=upenn,False,Petaluma Health Center,False,64,2.5,2020-03-13T15:43:05,17075597500.0,http://phealthcenter.org,https://www.yelp.com/biz/petaluma-health-center-petaluma?adjust_creative=upenn&utm_campaign=yelp_feed&utm_medium=feed_v2&utm_source=upenn,1179 N McDowell Blvd,Petaluma,CA,US,94954.0,,,Medical Centers,,,,,
