,Topic_0,Topic_1,Topic_2,Topic_3,Topic_4,Topic_5,Topic_6,Topic_7,Topic_8,Topic_9
0,0.06172839506172839,0.1440329218106996,0.06790123456790123,0.0823045267489712,0.0823045267489712,0.19135802469135801,0.05555555555555555,0.102880658436214,0.1368312757201646,0.07510288065843622
1,0.05555555555555555,0.16666666666666666,0.05555555555555555,0.08542413381123058,0.05854241338112306,0.06929510155316607,0.05913978494623656,0.07108721624850657,0.09976105137395459,0.2789725209080048
2,0.04491725768321513,0.1317966903073286,0.11052009456264776,0.16371158392434987,0.0466903073286052,0.054373522458628844,0.07565011820330969,0.07919621749408984,0.14420803782505912,0.14893617021276595
3,0.11392405063291139,0.15611814345991562,0.06891701828410689,0.08157524613220815,0.06751054852320675,0.10548523206751055,0.07313642756680731,0.12658227848101267,0.09142053445850915,0.11533052039381153
4,0.08712121212121213,0.11363636363636363,0.09595959595959595,0.14267676767676768,0.08712121212121213,0.08333333333333333,0.09217171717171717,0.07954545454545454,0.11237373737373738,0.10606060606060606
5,0.09297052154195011,0.07936507936507936,0.07142857142857142,0.22108843537414966,0.06689342403628118,0.13945578231292516,0.08049886621315193,0.07596371882086168,0.08163265306122448,0.09070294784580499
6,0.15715715715715717,0.0960960960960961,0.0980980980980981,0.0890890890890891,0.10710710710710711,0.09309309309309309,0.0970970970970971,0.06506506506506507,0.07807807807807808,0.11911911911911911
7,0.10964912280701754,0.0891812865497076,0.11695906432748537,0.07309941520467836,0.07748538011695906,0.1388888888888889,0.09064327485380116,0.07894736842105263,0.1067251461988304,0.11842105263157894
8,0.14583333333333337,0.12500000000000003,0.09583333333333335,0.09305555555555557,0.09722222222222224,0.07916666666666668,0.07500000000000001,0.1013888888888889,0.09861111111111112,0.0888888888888889
9,0.1111111111111111,0.0821256038647343,0.10789049919484701,0.13043478260869565,0.09339774557165861,0.07246376811594203,0.10305958132045089,0.07729468599033816,0.0966183574879227,0.12560386473429952
10,0.08510638297872342,0.16312056737588657,0.05437352245862885,0.06264775413711585,0.1252955082742317,0.08037825059101657,0.08274231678486998,0.0839243498817967,0.11820330969267141,0.14420803782505914
11,0.11555555555555555,0.16977777777777778,0.08533333333333333,0.06488888888888888,0.11911111111111111,0.057777777777777775,0.05422222222222222,0.09333333333333334,0.13066666666666665,0.10933333333333334
12,0.10613598673300166,0.07462686567164178,0.08955223880597014,0.08955223880597014,0.13266998341625208,0.11276948590381426,0.09286898839137644,0.087893864013267,0.1044776119402985,0.10945273631840796
13,0.09190672153635118,0.11111111111111112,0.10973936899862827,0.09190672153635118,0.10150891632373116,0.11934156378600824,0.07818930041152265,0.0768175582990398,0.11659807956104254,0.10288065843621401
14,0.14814814814814814,0.06666666666666667,0.07654320987654321,0.07901234567901234,0.11604938271604938,0.09753086419753086,0.06296296296296296,0.0691358024691358,0.1308641975308642,0.15308641975308643
15,0.10153256704980843,0.10791826309067688,0.06832694763729247,0.06130268199233716,0.08492975734355045,0.09450830140485313,0.035759897828863345,0.06896551724137931,0.09195402298850575,0.2848020434227331
16,0.09932659932659933,0.08754208754208755,0.1127946127946128,0.07744107744107744,0.132996632996633,0.10606060606060606,0.08585858585858586,0.10437710437710437,0.09090909090909091,0.1026936026936027
17,0.0884109916367981,0.0967741935483871,0.0931899641577061,0.08363201911589008,0.07765830346475508,0.08004778972520908,0.06929510155316607,0.0931899641577061,0.08124253285543608,0.23655913978494625
18,0.10164424514200299,0.11260587942202292,0.05580468360737419,0.06576980568011959,0.07822620827105133,0.029895366218236172,0.053811659192825115,0.11310413552566019,0.18036870951669157,0.20876930742401595
19,0.12560386473429952,0.15942028985507245,0.10048309178743961,0.08888888888888889,0.12270531400966184,0.05410628019323672,0.0647342995169082,0.08019323671497584,0.057004830917874394,0.1468599033816425
20,0.13131313131313133,0.09945609945609946,0.10334110334110334,0.15695415695415696,0.0979020979020979,0.09401709401709402,0.06293706293706294,0.052059052059052056,0.08935508935508936,0.11266511266511267
21,0.10341034103410342,0.14741474147414743,0.060506050605060514,0.15181518151815185,0.07150715071507152,0.07260726072607263,0.05390539053905391,0.049504950495049514,0.10231023102310233,0.18701870187018704
22,0.09224318658280922,0.09643605870020965,0.07337526205450734,0.11215932914046121,0.06708595387840671,0.06918238993710692,0.08280922431865828,0.08490566037735849,0.14675052410901468,0.1750524109014675
23,0.07331042382588775,0.09392898052691867,0.15807560137457044,0.10538373424971363,0.07216494845360824,0.08132875143184422,0.08705612829324169,0.09621993127147767,0.07216494845360824,0.16036655211912945
24,0.10683760683760683,0.11431623931623931,0.05982905982905983,0.15064102564102563,0.08867521367521368,0.10576923076923077,0.0641025641025641,0.09615384615384616,0.0673076923076923,0.14636752136752137
25,0.12315930388219545,0.09370816599732262,0.0642570281124498,0.09906291834002677,0.07898259705488621,0.12985274431057564,0.07898259705488621,0.11780455153949129,0.09772423025435073,0.11646586345381527
26,0.09702660406885759,0.09389671361502347,0.08450704225352113,0.1189358372456964,0.15805946791862285,0.09546165884194054,0.07355242566510173,0.08607198748043818,0.08763693270735524,0.10485133020344288
27,0.10588235294117647,0.08496732026143791,0.0915032679738562,0.08235294117647059,0.08888888888888889,0.09673202614379085,0.0718954248366013,0.09934640522875816,0.10326797385620914,0.17516339869281045
28,0.11779448621553887,0.09356725146198831,0.0944026733500418,0.1119465329991646,0.10359231411862993,0.07936507936507937,0.06265664160401004,0.04511278195488722,0.1420217209690894,0.1495405179615706
29,0.17369093231162197,0.0970625798212005,0.08301404853128991,0.12643678160919541,0.09323116219667944,0.1111111111111111,0.06896551724137931,0.06130268199233716,0.08301404853128991,0.10217113665389528
30,0.10165484633569741,0.11583924349881798,0.07446808510638299,0.11583924349881798,0.11465721040189127,0.066193853427896,0.07446808510638299,0.091016548463357,0.11938534278959813,0.1264775413711584
31,0.15238095238095242,0.10582010582010583,0.07619047619047621,0.08783068783068784,0.05396825396825398,0.060317460317460325,0.10687830687830689,0.13333333333333336,0.11851851851851854,0.10476190476190478
32,0.08563899868247694,0.1383399209486166,0.10013175230566534,0.058410188844971456,0.09178743961352658,0.0733421168203777,0.05357927097057532,0.07509881422924901,0.16688625384277558,0.15678524374176547
33,0.11784511784511785,0.13468013468013468,0.12682379349046016,0.08305274971941638,0.09090909090909091,0.12121212121212122,0.08641975308641975,0.07856341189674523,0.0819304152637486,0.07856341189674523
34,0.1643097643097643,0.08754208754208753,0.10505050505050502,0.08552188552188551,0.10437710437710435,0.10909090909090906,0.05252525252525251,0.08013468013468011,0.07676767676767675,0.13468013468013465
35,0.13464052287581701,0.09281045751633989,0.08366013071895426,0.08104575163398695,0.09803921568627452,0.11895424836601308,0.07058823529411766,0.1019607843137255,0.09281045751633989,0.1254901960784314
36,0.07439613526570048,0.11594202898550725,0.07439613526570048,0.10628019323671498,0.12367149758454106,0.08599033816425121,0.06763285024154589,0.10144927536231885,0.16231884057971013,0.08792270531400966
37,0.08414239482200647,0.07551240560949299,0.104638619201726,0.10248112189859762,0.10355987055016182,0.07011866235167206,0.09061488673139159,0.11434735706580366,0.09277238403451996,0.16181229773462782
38,0.09782608695652174,0.18840579710144928,0.0893719806763285,0.07971014492753623,0.11473429951690821,0.10869565217391304,0.06642512077294686,0.0640096618357488,0.07125603864734299,0.11956521739130435
39,0.14030131826741993,0.09604519774011297,0.07815442561205271,0.08757062146892654,0.10169491525423727,0.08380414312617701,0.05838041431261769,0.08662900188323916,0.0998116760828625,0.16760828625235402
40,0.08089668615984405,0.1023391812865497,0.06432748538011696,0.1189083820662768,0.09064327485380116,0.11598440545808966,0.07115009746588694,0.10526315789473684,0.08674463937621832,0.16374269005847952
41,0.11505122143420017,0.10953506698187551,0.07013396375098505,0.06304176516942475,0.07959022852639876,0.1418439716312057,0.06382978723404256,0.0835303388494878,0.06461780929866037,0.2088258471237195
42,0.08285605192821688,0.1355479190530737,0.07636502481863307,0.0958381061473845,0.1366933944253532,0.10996563573883161,0.048491790759831996,0.06758304696449026,0.10271095838106148,0.14394807178312333
43,0.11661166116611663,0.08360836083608363,0.07810781078107812,0.11441144114411443,0.08140814081408142,0.06160616061606161,0.06270627062706272,0.08360836083608363,0.17821782178217824,0.13971397139713973
44,0.05854241338112306,0.16965352449223417,0.06093189964157706,0.08661887694145759,0.05017921146953405,0.06810035842293907,0.05854241338112306,0.07108721624850657,0.0961768219832736,0.2801672640382318
45,0.09444444444444444,0.08333333333333333,0.08703703703703704,0.08333333333333333,0.10185185185185185,0.10925925925925926,0.08333333333333333,0.08333333333333333,0.11481481481481481,0.15925925925925927
46,0.0921619293712317,0.10938845822566753,0.05857019810508183,0.06890611541774333,0.1731266149870801,0.09646856158484066,0.0611541774332472,0.08699397071490095,0.09474590869939707,0.15848406546080965
47,0.09005847953216374,0.1216374269005848,0.10292397660818714,0.1391812865497076,0.08771929824561403,0.06666666666666667,0.06900584795321638,0.08070175438596491,0.09824561403508772,0.14385964912280702
48,0.12301587301587301,0.0992063492063492,0.09722222222222222,0.10317460317460317,0.08928571428571429,0.1111111111111111,0.08928571428571429,0.08928571428571429,0.10912698412698413,0.08928571428571429
49,0.08372456964006258,0.0923317683881064,0.1549295774647887,0.10172143974960873,0.09937402190923315,0.0571205007824726,0.06338028169014083,0.10406885758998433,0.0571205007824726,0.18622848200312986
50,0.06891701828410689,0.09142053445850915,0.09985935302390998,0.15049226441631505,0.09563994374120956,0.11251758087201125,0.0829817158931083,0.1111111111111111,0.08579465541490858,0.10126582278481013
51,0.10864978902953587,0.09880450070323488,0.049578059071729956,0.1729957805907173,0.07981715893108299,0.08579465541490858,0.05239099859353024,0.058368495077355836,0.12869198312236288,0.1649085794655415
52,0.12600229095074456,0.06643757159221077,0.10194730813287514,0.1111111111111111,0.13974799541809851,0.06300114547537228,0.07789232531500573,0.08132875143184422,0.06758304696449026,0.16494845360824742
53,0.1503267973856209,0.10021786492374728,0.08387799564270153,0.08823529411764706,0.05773420479302832,0.08278867102396514,0.11655773420479303,0.09259259259259259,0.11437908496732026,0.11328976034858387
54,0.11008230452674898,0.08024691358024692,0.07818930041152265,0.08950617283950618,0.08436213991769549,0.08230452674897121,0.05864197530864198,0.08950617283950618,0.20987654320987656,0.11728395061728396
55,0.060699588477366256,0.14814814814814814,0.102880658436214,0.12345679012345678,0.08847736625514403,0.08333333333333333,0.10493827160493827,0.053497942386831275,0.147119341563786,0.0874485596707819
56,0.11633986928104575,0.09803921568627451,0.15947712418300652,0.08366013071895424,0.0784313725490196,0.08104575163398693,0.06274509803921569,0.12810457516339868,0.07712418300653595,0.11503267973856209
57,0.09166666666666666,0.14537037037037037,0.06388888888888888,0.08333333333333333,0.14722222222222223,0.07037037037037037,0.06018518518518518,0.08333333333333333,0.08611111111111111,0.1685185185185185
58,0.1330891330891331,0.11355311355311355,0.08424908424908426,0.15873015873015872,0.07081807081807082,0.08302808302808302,0.09523809523809523,0.07448107448107448,0.0989010989010989,0.08791208791208792
59,0.10470085470085472,0.0982905982905983,0.1121794871794872,0.08226495726495728,0.1217948717948718,0.08333333333333334,0.06623931623931625,0.10470085470085472,0.12393162393162395,0.10256410256410257
60,0.07733333333333334,0.07111111111111111,0.14222222222222222,0.09066666666666667,0.13244444444444445,0.12622222222222224,0.06488888888888888,0.056,0.08888888888888889,0.15022222222222223
61,0.0642361111111111,0.11024305555555555,0.21180555555555555,0.08159722222222222,0.08854166666666667,0.09114583333333333,0.06510416666666667,0.08333333333333333,0.12239583333333333,0.08159722222222222
62,0.08796296296296297,0.13580246913580246,0.08179012345679013,0.10493827160493827,0.08333333333333333,0.08796296296296297,0.11419753086419752,0.06944444444444445,0.125,0.1095679012345679
63,0.136986301369863,0.15601217656012176,0.11035007610350075,0.07382039573820395,0.0532724505327245,0.05555555555555555,0.05859969558599695,0.0898021308980213,0.0837138508371385,0.18188736681887366
64,0.10706018518518519,0.10069444444444445,0.057291666666666664,0.1099537037037037,0.13368055555555555,0.0775462962962963,0.07175925925925926,0.08449074074074074,0.1111111111111111,0.14641203703703703
65,0.10830999066293186,0.09897292250233428,0.08029878618113914,0.09243697478991598,0.09990662931839404,0.07469654528478059,0.06069094304388423,0.07563025210084034,0.09056956115779646,0.21848739495798322
66,0.06250000000000001,0.1277777777777778,0.10833333333333335,0.09305555555555557,0.07777777777777779,0.1138888888888889,0.06805555555555556,0.11111111111111112,0.10555555555555557,0.13194444444444448
67,0.13279132791327913,0.07859078590785908,0.08943089430894309,0.0989159891598916,0.09078590785907859,0.10975609756097561,0.08943089430894309,0.06504065040650407,0.0921409214092141,0.15311653116531165
68,0.14909781576448244,0.09306742640075974,0.06647673314339982,0.09781576448243115,0.08167141500474834,0.09876543209876543,0.08167141500474834,0.07692307692307693,0.13865147198480532,0.11585944919278253
69,0.08762705923589206,0.07956536978618999,0.0837714686295128,0.16999649491763058,0.09674027339642483,0.07430774623203647,0.022432527164388368,0.14055380301437087,0.15632667367683142,0.08867858394672276
70,0.12236286919831221,0.13361462728551332,0.07172995780590716,0.08579465541490856,0.08298171589310828,0.0942334739803094,0.06329113924050632,0.11954992967651193,0.1153305203938115,0.11111111111111108
71,0.09739368998628258,0.07818930041152264,0.07956104252400549,0.11385459533607682,0.10013717421124829,0.0823045267489712,0.0850480109739369,0.13305898491083676,0.14540466392318244,0.0850480109739369
72,0.08262108262108261,0.08736942070275404,0.09401709401709402,0.09876543209876543,0.1111111111111111,0.0892687559354226,0.06932573599240266,0.06172839506172839,0.1908831908831909,0.11490978157644824
73,0.15675675675675677,0.07867867867867868,0.08048048048048048,0.08288288288288288,0.07267267267267268,0.08708708708708708,0.05225225225225225,0.06666666666666667,0.12132132132132133,0.2012012012012012
74,0.12112112112112113,0.15715715715715717,0.08208208208208208,0.0980980980980981,0.06706706706706707,0.06006006006006006,0.07207207207207207,0.07107107107107107,0.1021021021021021,0.16916916916916916
75,0.15949820788530467,0.08183990442054959,0.0961768219832736,0.1135005973715651,0.12007168458781362,0.06272401433691756,0.04898446833930705,0.03464755077658303,0.061529271206690564,0.22102747909199522
76,0.06552706552706553,0.11324786324786325,0.07621082621082621,0.11396011396011396,0.1111111111111111,0.13603988603988604,0.046296296296296294,0.10398860398860399,0.15954415954415954,0.07407407407407407
77,0.10644257703081232,0.10084033613445378,0.1157796451914099,0.10364145658263306,0.08309990662931839,0.10177404295051354,0.07096171802054155,0.0784313725490196,0.08403361344537816,0.1549953314659197
78,0.12263374485596708,0.08065843621399177,0.09547325102880659,0.097119341563786,0.1111111111111111,0.08559670781893004,0.09382716049382717,0.06995884773662552,0.08806584362139917,0.15555555555555556
79,0.09027777777777778,0.07291666666666667,0.1423611111111111,0.09027777777777778,0.08796296296296297,0.06712962962962964,0.08564814814814815,0.10069444444444445,0.10416666666666667,0.15856481481481483
80,0.09535655058043119,0.142620232172471,0.07711442786069653,0.10116086235489222,0.14179104477611942,0.06550580431177447,0.07048092868988393,0.08374792703150913,0.12271973466003318,0.09950248756218907
81,0.09825528007346189,0.07529843893480258,0.12213039485766758,0.0881542699724518,0.10743801652892562,0.12947658402203857,0.06336088154269973,0.1322314049586777,0.07988980716253444,0.10376492194674013
82,0.0912106135986733,0.13930348258706468,0.09618573797678276,0.09038142620232173,0.12189054726368159,0.12935323383084577,0.06882255389718077,0.1044776119402985,0.07628524046434494,0.08208955223880597
83,0.05507246376811595,0.1352657004830918,0.13333333333333336,0.12850241545893723,0.1033816425120773,0.0570048309178744,0.04830917874396136,0.15748792270531403,0.059903381642512084,0.12173913043478263
84,0.12267180475272961,0.08477842003853564,0.11946050096339114,0.09441233140655106,0.0905587668593449,0.08349389852280026,0.06936416184971098,0.05523442517662171,0.13423249839434812,0.1457931920359666
85,0.12418300653594773,0.10784313725490198,0.1127450980392157,0.12745098039215688,0.0735294117647059,0.10130718954248367,0.08823529411764708,0.0735294117647059,0.0735294117647059,0.11764705882352942
86,0.09876543209876545,0.10052910052910055,0.09171075837742505,0.09523809523809526,0.1375661375661376,0.11640211640211642,0.08994708994708996,0.08112874779541447,0.10229276895943565,0.08641975308641976
87,0.1111111111111111,0.1160337552742616,0.07454289732770746,0.10548523206751055,0.10478199718706048,0.11533052039381153,0.09985935302390998,0.08649789029535865,0.09423347398030943,0.09212376933895922
88,0.07777777777777778,0.10277777777777777,0.0875,0.10277777777777777,0.07916666666666666,0.10555555555555556,0.08055555555555556,0.08194444444444444,0.1375,0.14444444444444443
89,0.07920227920227921,0.1361823361823362,0.11282051282051282,0.07236467236467237,0.08945868945868946,0.10142450142450142,0.0301994301994302,0.07863247863247863,0.10826210826210826,0.19145299145299147
90,0.08628841607565013,0.09574468085106386,0.06855791962174942,0.17966903073286056,0.07801418439716314,0.09338061465721041,0.066193853427896,0.05673758865248228,0.13002364066193856,0.14539007092198583
91,0.14351851851851852,0.08101851851851852,0.08796296296296297,0.08719135802469136,0.10108024691358025,0.05864197530864197,0.0470679012345679,0.07253086419753087,0.1381172839506173,0.18287037037037038
92,0.10973936899862825,0.09053497942386832,0.07681755829903979,0.15089163237311384,0.09327846364883402,0.10699588477366255,0.06721536351165981,0.06995884773662552,0.11659807956104253,0.11796982167352538
93,0.06367041198501872,0.1685393258426966,0.0724094881398252,0.07865168539325841,0.07865168539325841,0.14856429463171034,0.06616729088639199,0.08988764044943819,0.10986267166042445,0.1235955056179775
94,0.11991199119911991,0.09185918591859187,0.12596259625962597,0.06820682068206821,0.08635863586358636,0.12321232123212321,0.06435643564356436,0.07700770077007701,0.0968096809680968,0.14631463146314633
95,0.12214342001576044,0.09141055949566587,0.05988967691095351,0.09771473601260836,0.14184397163120568,0.0764381402679275,0.07801418439716312,0.0851063829787234,0.08353033884948778,0.16390858944050432
96,0.07331042382588775,0.07331042382588775,0.09621993127147767,0.15234822451317298,0.1156930126002291,0.09965635738831616,0.061855670103092786,0.09049255441008018,0.12600229095074456,0.1111111111111111
97,0.1269414575866189,0.1143966547192354,0.05764635603345282,0.10633213859020313,0.1606929510155317,0.05376344086021507,0.05227001194743132,0.05764635603345282,0.13620071684587817,0.13410991636798092
98,0.10317460317460318,0.12925170068027214,0.10657596371882087,0.09750566893424038,0.09523809523809525,0.08956916099773245,0.07823129251700682,0.06916099773242632,0.14285714285714288,0.08843537414965988
99,0.09523809523809525,0.09401709401709403,0.1208791208791209,0.10134310134310136,0.1037851037851038,0.1037851037851038,0.09035409035409037,0.06593406593406595,0.0976800976800977,0.126984126984127
100,0.12077294685990339,0.13607085346215783,0.06682769726247989,0.07971014492753624,0.10466988727858295,0.12157809983896942,0.06521739130434784,0.08937198067632851,0.07085346215781,0.1449275362318841
101,0.11758360302049622,0.1413160733549083,0.12891046386192018,0.08468176914778856,0.07605177993527508,0.09169363538295577,0.05447680690399137,0.04746494066882417,0.13861920172599784,0.1192017259978425
102,0.11746031746031746,0.10952380952380952,0.07539682539682539,0.11349206349206349,0.08888888888888889,0.11031746031746031,0.05,0.09841269841269841,0.11428571428571428,0.12222222222222222
103,0.12260536398467432,0.10600255427841634,0.09323116219667944,0.12899106002554278,0.09961685823754789,0.08045977011494253,0.06385696040868455,0.06896551724137931,0.10600255427841634,0.13026819923371646
104,0.11337868480725624,0.12585034013605442,0.09410430839002268,0.1054421768707483,0.09977324263038549,0.08956916099773243,0.08049886621315193,0.08049886621315193,0.12811791383219956,0.08276643990929705
105,0.10515873015873016,0.13690476190476192,0.061507936507936505,0.1001984126984127,0.08630952380952381,0.0873015873015873,0.07043650793650794,0.0992063492063492,0.06349206349206349,0.18948412698412698
106,0.10046573519627412,0.11510312707917499,0.06453759148369927,0.1264138389886893,0.09647371922821024,0.11976047904191617,0.06852960745176315,0.06986027944111776,0.08117099135063206,0.15768463073852296
107,0.0868945868945869,0.1267806267806268,0.0698005698005698,0.1111111111111111,0.0868945868945869,0.10541310541310542,0.07264957264957266,0.08974358974358974,0.09401709401709402,0.15669515669515668
108,0.0910394265232975,0.13763440860215054,0.0960573476702509,0.08100358422939068,0.08673835125448029,0.06308243727598567,0.07741935483870968,0.10752688172043011,0.0967741935483871,0.16272401433691755
109,0.07364341085271318,0.11886304909560723,0.08914728682170543,0.09689922480620156,0.07881136950904392,0.09948320413436693,0.08785529715762273,0.11369509043927649,0.14470284237726097,0.09689922480620156
110,0.1373283395755306,0.14232209737827714,0.07240948813982521,0.11485642946317104,0.07740324594257178,0.09238451935081149,0.08489388264669163,0.05867665418227216,0.1111111111111111,0.10861423220973783
111,0.08066971080669712,0.10273972602739727,0.10578386605783867,0.07534246575342467,0.06849315068493152,0.09436834094368342,0.07305936073059362,0.08066971080669712,0.10958904109589042,0.2092846270928463
112,0.10526315789473684,0.11500974658869395,0.10526315789473684,0.1111111111111111,0.09161793372319688,0.08771929824561403,0.08771929824561403,0.10136452241715399,0.09941520467836257,0.09551656920077972
113,0.1047008547008547,0.12179487179487179,0.14957264957264957,0.11752136752136752,0.09294871794871795,0.05448717948717949,0.05128205128205128,0.09401709401709402,0.07264957264957266,0.14102564102564102
114,0.0975452196382429,0.07751937984496125,0.08494832041343671,0.11434108527131784,0.07848837209302327,0.10303617571059433,0.07493540051679588,0.05394056847545221,0.14954780361757108,0.16569767441860467
115,0.13564814814814818,0.10972222222222223,0.07824074074074075,0.08425925925925927,0.10462962962962964,0.07962962962962965,0.03796296296296297,0.09861111111111112,0.15092592592592596,0.12037037037037038
116,0.10185185185185185,0.09953703703703703,0.08680555555555555,0.1284722222222222,0.08217592592592593,0.059027777777777776,0.09375,0.10532407407407407,0.07523148148148148,0.16782407407407407
117,0.08648056923918993,0.11658456486042693,0.0722495894909688,0.05363984674329502,0.09523809523809523,0.1324575807334428,0.07170224411603722,0.08866995073891626,0.15763546798029557,0.12534209085933223
118,0.1225071225071225,0.09259259259259259,0.09116809116809117,0.10113960113960115,0.10398860398860399,0.08974358974358974,0.09259259259259259,0.10113960113960115,0.0754985754985755,0.12962962962962962
119,0.07756813417190776,0.12264150943396226,0.1090146750524109,0.06289308176100629,0.11215932914046121,0.10062893081761007,0.09329140461215933,0.14570230607966456,0.06289308176100629,0.11320754716981132
120,0.09178743961352658,0.08695652173913043,0.11884057971014493,0.10531400966183575,0.10434782608695652,0.08115942028985507,0.06570048309178744,0.08502415458937199,0.09951690821256039,0.16135265700483092
121,0.0923845193508115,0.09488139825218478,0.11235955056179776,0.10986267166042449,0.0923845193508115,0.07615480649188516,0.07865168539325844,0.08114856429463173,0.0923845193508115,0.1697877652933833
122,0.11350059737156508,0.10513739545997608,0.09318996415770608,0.10035842293906808,0.08243727598566307,0.07287933094384706,0.07526881720430106,0.1326164874551971,0.1302270011947431,0.09438470728793306
123,0.08547008547008547,0.11623931623931624,0.1076923076923077,0.1094017094017094,0.09230769230769231,0.08888888888888889,0.08888888888888889,0.09230769230769231,0.1094017094017094,0.1094017094017094
124,0.09689922480620156,0.12532299741602068,0.06330749354005168,0.059431524547803614,0.08527131782945736,0.1434108527131783,0.06589147286821706,0.1330749354005168,0.10981912144702842,0.11757105943152454
125,0.05973715651135006,0.12186379928315412,0.08721624850657109,0.12186379928315412,0.15890083632019117,0.054958183990442055,0.07168458781362007,0.08124253285543608,0.12066905615292713,0.12186379928315412
126,0.0998389694041868,0.10628019323671498,0.1143317230273752,0.0821256038647343,0.07407407407407407,0.07407407407407407,0.0998389694041868,0.10628019323671498,0.11916264090177134,0.12399355877616747
127,0.09981167608286252,0.10671688637790333,0.06842435655994979,0.07532956685499058,0.11801632140615191,0.06716886377903326,0.08725674827369742,0.060263653483992465,0.1393596986817326,0.17765222849968612
128,0.11384335154826958,0.122040072859745,0.09016393442622951,0.09927140255009108,0.06830601092896176,0.12295081967213115,0.06830601092896176,0.07468123861566485,0.13752276867030966,0.1029143897996357
129,0.058361391694725026,0.11560044893378227,0.08305274971941638,0.05387205387205387,0.09764309764309764,0.10998877665544332,0.10437710437710437,0.07631874298540965,0.11896745230078563,0.18181818181818182
130,0.09788359788359788,0.10626102292768959,0.07495590828924162,0.10052910052910052,0.1009700176366843,0.07804232804232804,0.09611992945326278,0.10449735449735449,0.1437389770723104,0.09700176366843033
131,0.107312440645774,0.0626780626780627,0.12250712250712252,0.10066476733143401,0.10921177587844257,0.09116809116809119,0.06077872744539412,0.12630579297245967,0.09211775878442546,0.12725546058879394
132,0.07196969696969699,0.06818181818181819,0.08333333333333334,0.10353535353535355,0.10732323232323233,0.06313131313131315,0.0744949494949495,0.10353535353535355,0.1287878787878788,0.19570707070707075
133,0.09053497942386833,0.09053497942386833,0.11796982167352539,0.08641975308641976,0.10150891632373116,0.11934156378600824,0.08916323731138548,0.09602194787379974,0.09327846364883403,0.11522633744855969
134,0.09037037037037035,0.13481481481481478,0.07999999999999999,0.10074074074074071,0.10666666666666665,0.09629629629629627,0.08296296296296295,0.10370370370370367,0.0711111111111111,0.1333333333333333
135,0.10281923714759536,0.0978441127694859,0.07628524046434494,0.08955223880597014,0.1011608623548922,0.09286898839137644,0.0978441127694859,0.12437810945273632,0.07628524046434494,0.14096185737976782
136,0.12719298245614036,0.1111111111111111,0.07602339181286549,0.09502923976608187,0.09502923976608187,0.12426900584795321,0.1023391812865497,0.07456140350877193,0.12573099415204678,0.06871345029239766
137,0.13417190775681345,0.0849056603773585,0.07337526205450735,0.12054507337526207,0.11215932914046123,0.0828092243186583,0.07442348008385746,0.07756813417190778,0.13626834381551364,0.1037735849056604
138,0.0950854700854701,0.10897435897435899,0.06303418803418805,0.10256410256410257,0.1292735042735043,0.07051282051282053,0.09401709401709403,0.10576923076923078,0.0683760683760684,0.16239316239316243
139,0.08333333333333333,0.08333333333333333,0.06944444444444445,0.13425925925925927,0.12654320987654322,0.09567901234567901,0.0787037037037037,0.08796296296296297,0.10802469135802469,0.13271604938271606
140,0.15089163237311384,0.07407407407407407,0.1262002743484225,0.1083676268861454,0.06310013717421124,0.0877914951989026,0.07407407407407407,0.0877914951989026,0.10973936899862825,0.11796982167352538
141,0.0851581508515815,0.14274128142741282,0.06163828061638281,0.09407948094079481,0.1151662611516626,0.059205190592051905,0.07542579075425791,0.0827250608272506,0.0786699107866991,0.20519059205190593
142,0.08747044917257682,0.10047281323877066,0.08274231678486996,0.07919621749408982,0.09338061465721038,0.09219858156028367,0.07683215130023639,0.10874704491725766,0.07801418439716311,0.20094562647754133
143,0.10470085470085468,0.09615384615384613,0.08333333333333331,0.10470085470085468,0.10826210826210823,0.16239316239316237,0.05982905982905982,0.06695156695156694,0.09544159544159542,0.1182336182336182
144,0.0982078853046595,0.0996415770609319,0.08602150537634409,0.07885304659498207,0.0953405017921147,0.045878136200716846,0.10465949820788531,0.08673835125448029,0.15842293906810037,0.14623655913978495
145,0.13172043010752688,0.08602150537634409,0.08691756272401434,0.1111111111111111,0.09946236559139784,0.07258064516129033,0.06182795698924731,0.10842293906810035,0.0985663082437276,0.14336917562724014
146,0.097119341563786,0.07901234567901234,0.13580246913580246,0.17613168724279835,0.10534979423868313,0.08888888888888889,0.0691358024691358,0.060082304526748974,0.09958847736625515,0.08888888888888889
147,0.10866910866910867,0.10989010989010989,0.07326007326007326,0.10012210012210013,0.13064713064713065,0.06349206349206349,0.05616605616605617,0.115995115995116,0.09768009768009768,0.14407814407814407
148,0.08920187793427231,0.08607198748043819,0.10641627543035996,0.11424100156494525,0.08450704225352114,0.0751173708920188,0.0751173708920188,0.1126760563380282,0.12050078247261349,0.13615023474178406
149,0.08355555555555555,0.13422222222222221,0.11377777777777778,0.128,0.10044444444444445,0.09066666666666667,0.05333333333333334,0.11911111111111111,0.08088888888888889,0.096
150,0.14444444444444443,0.10952380952380952,0.07301587301587302,0.07142857142857142,0.0873015873015873,0.1,0.07301587301587302,0.07936507936507936,0.12063492063492064,0.14126984126984127
151,0.1485642946317104,0.12858926342072413,0.06741573033707866,0.07116104868913858,0.07990012484394508,0.07116104868913858,0.0774032459425718,0.13732833957553062,0.08489388264669165,0.13358302122347068
152,0.12781954887218044,0.09774436090225563,0.12197159565580618,0.09774436090225563,0.1060985797827903,0.09022556390977443,0.05680868838763575,0.07936507936507936,0.14118629908103592,0.0810359231411863
153,0.09259259259259259,0.07407407407407407,0.13398692810457516,0.19607843137254902,0.06862745098039216,0.06535947712418301,0.08932461873638345,0.09259259259259259,0.06971677559912855,0.11764705882352941
154,0.12046783625730996,0.07836257309941522,0.07251461988304095,0.058479532163742694,0.18713450292397663,0.09590643274853802,0.08187134502923978,0.10292397660818715,0.10058479532163744,0.10175438596491229
155,0.12801932367149763,0.10265700483091789,0.08574879227053142,0.10628019323671499,0.08454106280193238,0.13647342995169084,0.07004830917874398,0.10386473429951693,0.09178743961352659,0.09057971014492755
156,0.1397058823529412,0.1127450980392157,0.08905228758169936,0.07843137254901962,0.0866013071895425,0.10212418300653596,0.04330065359477125,0.0931372549019608,0.09803921568627452,0.15686274509803924
157,0.10174029451137885,0.08835341365461848,0.09504685408299866,0.0963855421686747,0.08701472556894244,0.11780455153949129,0.07228915662650602,0.06291834002677377,0.13386880856760375,0.14457831325301204
158,0.07279693486590039,0.070242656449553,0.070242656449553,0.1417624521072797,0.14942528735632185,0.10217113665389528,0.07918263090676884,0.07662835249042145,0.13793103448275862,0.09961685823754789
159,0.11228070175438597,0.07953216374269007,0.14385964912280702,0.10526315789473684,0.09707602339181287,0.0608187134502924,0.0608187134502924,0.08538011695906433,0.14035087719298245,0.11461988304093568
160,0.10549943883277214,0.11223344556677887,0.10437710437710435,0.10549943883277214,0.09764309764309761,0.0998877665544332,0.0695847362514029,0.08754208754208753,0.08866442199775532,0.1290684624017957
161,0.12222222222222222,0.1,0.09444444444444444,0.08888888888888889,0.09074074074074075,0.09814814814814815,0.09814814814814815,0.08333333333333333,0.12222222222222222,0.10185185185185185
162,0.11204481792717087,0.11484593837535013,0.058823529411764705,0.0718954248366013,0.16526610644257703,0.08776844070961717,0.05228758169934641,0.06816059757236227,0.11671335200746966,0.15219421101774042
163,0.15240527884206045,0.1136653895274585,0.08173690932311622,0.11919965942954448,0.12047679863771818,0.10046828437633035,0.04810557684120902,0.04767986377181779,0.12047679863771818,0.09578544061302682
164,0.08045977011494253,0.06385696040868455,0.10472541507024266,0.10344827586206896,0.12899106002554278,0.09578544061302682,0.070242656449553,0.11621966794380588,0.11494252873563218,0.12132822477650064
165,0.1111111111111111,0.0962962962962963,0.11851851851851852,0.11481481481481481,0.0962962962962963,0.1111111111111111,0.08395061728395062,0.07037037037037037,0.08641975308641975,0.1111111111111111
166,0.08196721311475409,0.10018214936247723,0.12021857923497267,0.08561020036429873,0.0947176684881603,0.09836065573770492,0.08925318761384335,0.08925318761384335,0.1092896174863388,0.13114754098360656
167,0.08408408408408408,0.13613613613613612,0.08108108108108107,0.10110110110110107,0.11311311311311309,0.13613613613613612,0.07407407407407406,0.07207207207207206,0.09609609609609607,0.10610610610610607
168,0.13333333333333333,0.15661375661375662,0.1037037037037037,0.09417989417989418,0.06772486772486773,0.0835978835978836,0.06878306878306878,0.06772486772486773,0.12169312169312169,0.10264550264550265
169,0.0868945868945869,0.11894586894586895,0.05555555555555555,0.05982905982905983,0.13675213675213677,0.0876068376068376,0.09615384615384616,0.10185185185185185,0.11823361823361823,0.13817663817663817
170,0.1326530612244898,0.07142857142857142,0.10090702947845805,0.11791383219954649,0.09070294784580499,0.09523809523809523,0.07596371882086168,0.1111111111111111,0.10430839002267574,0.09977324263038549
171,0.12058570198105081,0.06373815676141258,0.12489233419465978,0.12833763996554695,0.11800172265288544,0.07924203273040482,0.059431524547803614,0.082687338501292,0.11541774332472007,0.10766580534022395
172,0.08513708513708514,0.08946608946608947,0.10822510822510822,0.10966810966810966,0.11976911976911978,0.13852813852813853,0.06926406926406926,0.1240981240981241,0.07647907647907648,0.07936507936507936
173,0.1091091091091091,0.09309309309309309,0.09109109109109109,0.0970970970970971,0.14614614614614616,0.12312312312312312,0.06306306306306306,0.06406406406406406,0.08308308308308308,0.13013013013013014
174,0.08713029576338929,0.10951239008792965,0.09512390087929656,0.09432454036770584,0.13269384492406075,0.08073541167066348,0.05275779376498801,0.09752198241406874,0.0903277378097522,0.15987210231814547
175,0.12037037037037036,0.10555555555555556,0.08888888888888889,0.09074074074074075,0.09444444444444444,0.08333333333333333,0.12962962962962962,0.1037037037037037,0.1,0.08333333333333333
176,0.1237693389592124,0.10548523206751056,0.09845288326300985,0.0928270042194093,0.07172995780590719,0.07594936708860761,0.11111111111111112,0.1068917018284107,0.07454289732770747,0.13924050632911394
177,0.12454780361757106,0.09819121447028424,0.06925064599483204,0.10232558139534884,0.08578811369509044,0.09560723514211886,0.03772609819121447,0.14573643410852713,0.11162790697674418,0.12919896640826872
178,0.15856481481481485,0.07175925925925927,0.11342592592592594,0.08101851851851853,0.14004629629629634,0.07175925925925927,0.09606481481481483,0.08449074074074076,0.10995370370370372,0.07291666666666669
179,0.11728395061728394,0.11419753086419752,0.06944444444444445,0.08950617283950617,0.08024691358024691,0.10802469135802469,0.07561728395061729,0.08179012345679013,0.1095679012345679,0.15432098765432098
180,0.11382113821138211,0.14092140921409213,0.10298102981029811,0.07994579945799458,0.0989159891598916,0.06775067750677506,0.06910569105691057,0.08401084010840108,0.0975609756097561,0.14498644986449866
181,0.10793650793650794,0.11428571428571428,0.08888888888888889,0.10158730158730159,0.08571428571428572,0.09047619047619047,0.1126984126984127,0.09365079365079365,0.0761904761904762,0.12857142857142856
182,0.10588235294117648,0.10065359477124185,0.1215686274509804,0.13725490196078435,0.09673202614379087,0.0758169934640523,0.10326797385620916,0.07450980392156864,0.05882352941176471,0.1254901960784314
183,0.14571948998178508,0.1092896174863388,0.09744990892531877,0.08652094717668488,0.060109289617486336,0.09107468123861566,0.05373406193078324,0.07650273224043716,0.12659380692167577,0.15300546448087432
184,0.08265582655826559,0.1002710027100271,0.14363143631436315,0.06233062330623306,0.09078590785907859,0.08943089430894309,0.08536585365853659,0.1016260162601626,0.11788617886178862,0.12601626016260162
185,0.2007797270955166,0.11598440545808969,0.07212475633528266,0.09454191033138404,0.06920077972709553,0.108187134502924,0.045808966861598445,0.07797270955165693,0.09649122807017546,0.11890838206627682
186,0.10126582278481013,0.09142053445850915,0.10548523206751055,0.09142053445850915,0.07313642756680731,0.1209563994374121,0.08016877637130802,0.06891701828410689,0.11251758087201125,0.15471167369901548
187,0.07830687830687831,0.10687830687830688,0.06031746031746032,0.08465608465608465,0.13227513227513227,0.09841269841269841,0.08783068783068783,0.061375661375661375,0.08465608465608465,0.2052910052910053
188,0.11212121212121212,0.15353535353535352,0.09797979797979799,0.06161616161616162,0.13636363636363635,0.09797979797979799,0.06464646464646465,0.05757575757575758,0.08484848484848485,0.13333333333333333
189,0.09156378600823045,0.10699588477366255,0.053497942386831275,0.08436213991769548,0.1522633744855967,0.07613168724279835,0.07818930041152264,0.11934156378600823,0.08641975308641975,0.15123456790123457
190,0.13570127504553733,0.09289617486338798,0.09380692167577413,0.08925318761384335,0.07377049180327869,0.1302367941712204,0.05737704918032787,0.10382513661202186,0.061930783242258654,0.16120218579234974
191,0.08208208208208206,0.09209209209209208,0.1381381381381381,0.08708708708708707,0.10110110110110107,0.11111111111111108,0.07607607607607607,0.11811811811811809,0.1331331331331331,0.061061061061061045
192,0.11064228785747773,0.13408345053914675,0.08720112517580872,0.14955461790904828,0.0759493670886076,0.0876699484294421,0.0403187998124707,0.09845288326300984,0.11626816690107829,0.09985935302390998
193,0.13333333333333333,0.11555555555555555,0.08444444444444445,0.11377777777777778,0.059555555555555556,0.05511111111111111,0.06666666666666667,0.06933333333333333,0.12444444444444444,0.17777777777777778
194,0.0736434108527132,0.06459948320413438,0.09560723514211887,0.103359173126615,0.11757105943152456,0.08268733850129201,0.08656330749354006,0.13307493540051682,0.1046511627906977,0.13824289405684756
195,0.0945273631840796,0.1011608623548922,0.11442786069651742,0.09950248756218906,0.11276948590381426,0.07462686567164178,0.09950248756218906,0.13598673300165837,0.08623548922056384,0.0812603648424544
196,0.08955223880597016,0.11774461028192373,0.12437810945273634,0.08291873963515756,0.13101160862354894,0.10613598673300167,0.07794361525704811,0.08126036484245441,0.08457711442786071,0.10447761194029852
197,0.10074074074074076,0.12888888888888891,0.12296296296296298,0.09333333333333335,0.09333333333333335,0.10222222222222224,0.06962962962962964,0.06814814814814817,0.06962962962962964,0.15111111111111114
198,0.10178710178710179,0.06216006216006216,0.0777000777000777,0.0675990675990676,0.08236208236208237,0.07925407925407925,0.05982905982905983,0.05672105672105672,0.20512820512820512,0.20745920745920746
199,0.10123456790123457,0.12839506172839507,0.08024691358024691,0.09506172839506173,0.1037037037037037,0.09012345679012346,0.0728395061728395,0.06666666666666667,0.10493827160493827,0.15679012345679014
200,0.1185897435897436,0.10470085470085472,0.10683760683760685,0.1153846153846154,0.10042735042735045,0.10042735042735045,0.05341880341880342,0.08653846153846155,0.11004273504273505,0.10363247863247865
201,0.124031007751938,0.06847545219638244,0.09043927648578813,0.103359173126615,0.09819121447028425,0.07881136950904394,0.08785529715762275,0.10206718346253231,0.13049095607235145,0.11627906976744187
202,0.11743450767841011,0.13098464317976513,0.08310749774164408,0.10569105691056911,0.11743450767841011,0.0921409214092141,0.06323396567299007,0.06955736224028906,0.07859078590785908,0.14182475158084915
203,0.07581699346405228,0.09803921568627451,0.09281045751633987,0.10065359477124183,0.09803921568627451,0.11895424836601307,0.0915032679738562,0.10196078431372549,0.13725490196078433,0.08496732026143791
204,0.12738496071829405,0.13411896745230079,0.0813692480359147,0.09764309764309764,0.09259259259259259,0.09932659932659933,0.03872053872053872,0.07687991021324354,0.10213243546576879,0.14983164983164984
205,0.12603648424543945,0.09121061359867329,0.08789386401326699,0.10779436152570478,0.11111111111111108,0.07628524046434493,0.08955223880597013,0.08955223880597013,0.11774461028192369,0.10281923714759533
206,0.08217592592592593,0.12152777777777778,0.11458333333333333,0.12962962962962962,0.0763888888888889,0.10648148148148148,0.08796296296296297,0.07523148148148148,0.09259259259259259,0.11342592592592593
207,0.08333333333333333,0.14814814814814814,0.10339506172839506,0.07561728395061729,0.0941358024691358,0.09876543209876543,0.08024691358024691,0.09876543209876543,0.0941358024691358,0.12345679012345678
208,0.11111111111111112,0.08552188552188554,0.0686868686868687,0.08282828282828285,0.15690235690235693,0.07138047138047139,0.05252525252525253,0.1656565656565657,0.08080808080808083,0.1245791245791246
209,0.07990012484394507,0.0898876404494382,0.15355805243445692,0.11735330836454431,0.0898876404494382,0.09238451935081149,0.06491885143570537,0.09363295880149813,0.11610486891385768,0.10237203495630462
210,0.1,0.08395061728395062,0.09382716049382717,0.10864197530864197,0.12839506172839507,0.10493827160493827,0.07901234567901234,0.08641975308641975,0.0728395061728395,0.1419753086419753
211,0.06748971193415639,0.151440329218107,0.05185185185185185,0.1037037037037037,0.1448559670781893,0.0823045267489712,0.07736625514403292,0.09958847736625515,0.1111111111111111,0.1102880658436214
212,0.11937557392102846,0.05693296602387511,0.10284664830119375,0.08723599632690542,0.10192837465564739,0.06795224977043159,0.06887052341597796,0.06611570247933884,0.1349862258953168,0.19375573921028466
213,0.1148989898989899,0.15151515151515152,0.10101010101010101,0.07196969696969698,0.11616161616161616,0.09974747474747475,0.07575757575757576,0.06691919191919192,0.10984848484848485,0.09217171717171717
214,0.10550887021475258,0.10690943043884221,0.0658263305322129,0.08823529411764708,0.07843137254901962,0.11484593837535015,0.0415499533146592,0.17040149393090573,0.14192343604108312,0.08636788048552756
215,0.1300653594771242,0.1392156862745098,0.12549019607843137,0.058823529411764705,0.09084967320261438,0.06143790849673202,0.06470588235294118,0.1326797385620915,0.1065359477124183,0.09019607843137255
216,0.10216256524981357,0.10141685309470544,0.09619686800894854,0.10216256524981357,0.116331096196868,0.06785980611483967,0.07307979120059657,0.08202833706189411,0.12751677852348994,0.13124533929903057
217,0.11580594679186229,0.107981220657277,0.09546165884194054,0.08450704225352113,0.12206572769953052,0.081377151799687,0.08607198748043818,0.08763693270735524,0.07042253521126761,0.1486697965571205
218,0.09539842873176206,0.1447811447811448,0.05723905723905724,0.08641975308641975,0.08754208754208755,0.08641975308641975,0.0707070707070707,0.0819304152637486,0.16610549943883277,0.12345679012345678
219,0.08785529715762275,0.10077519379844962,0.12015503875968994,0.08139534883720932,0.09819121447028425,0.10206718346253231,0.07105943152454781,0.10981912144702843,0.07493540051679588,0.1537467700258398
220,0.08080808080808081,0.11616161616161616,0.07912457912457913,0.09595959595959595,0.12121212121212122,0.0867003367003367,0.07154882154882154,0.11784511784511785,0.12205387205387205,0.10858585858585859
221,0.09602194787379974,0.1824417009602195,0.09465020576131689,0.0617283950617284,0.12482853223593966,0.06447187928669411,0.0617283950617284,0.14128943758573392,0.09876543209876544,0.07407407407407408
222,0.10194730813287514,0.12829324169530354,0.08476517754868271,0.10767468499427263,0.06071019473081329,0.08705612829324169,0.06071019473081329,0.10996563573883161,0.13287514318442153,0.12600229095074456
223,0.12056737588652482,0.11229314420803782,0.09810874704491726,0.09456264775413711,0.09456264775413711,0.05673758865248227,0.08037825059101655,0.08747044917257683,0.13829787234042554,0.11702127659574468
224,0.09551656920077975,0.09454191033138404,0.10136452241715402,0.08576998050682262,0.08284600389863549,0.07309941520467837,0.05653021442495128,0.07017543859649124,0.13547758284600392,0.20467836257309946
225,0.09329140461215933,0.13626834381551362,0.07337526205450734,0.09014675052410902,0.07442348008385745,0.0880503144654088,0.09643605870020965,0.10796645702306079,0.10796645702306079,0.1320754716981132
226,0.2028985507246377,0.0883367839889579,0.057971014492753624,0.0904071773636991,0.13043478260869565,0.08695652173913043,0.04002760524499655,0.06694271911663216,0.1090407177363699,0.12698412698412698
227,0.1692150866462793,0.06829765545361875,0.10295616717635066,0.09072375127421,0.12436289500509684,0.08256880733944955,0.060142711518858305,0.059123343527013254,0.12334352701325178,0.11926605504587157
228,0.08641975308641975,0.09619341563786009,0.12397119341563786,0.1383744855967078,0.1147119341563786,0.07510288065843622,0.03806584362139918,0.05761316872427984,0.11676954732510288,0.1527777777777778
229,0.1067538126361656,0.12418300653594773,0.0729847494553377,0.12745098039215688,0.14379084967320263,0.05773420479302833,0.05446623093681918,0.08061002178649239,0.1405228758169935,0.09150326797385622
230,0.0963855421686747,0.10441767068273092,0.11244979919678715,0.10174029451137885,0.10843373493975904,0.08835341365461848,0.07362784471218206,0.0963855421686747,0.09772423025435073,0.12048192771084337
231,0.08036338225017468,0.10272536687631025,0.13766596785464708,0.12788259958071277,0.1229909154437456,0.07756813417190775,0.063591893780573,0.08735150244584206,0.08735150244584206,0.11250873515024455
232,0.13472222222222222,0.0625,0.14444444444444443,0.08055555555555556,0.08888888888888889,0.09166666666666666,0.07777777777777778,0.09722222222222222,0.13194444444444445,0.09027777777777778
233,0.08061002178649239,0.18228031953522153,0.0617283950617284,0.11256354393609297,0.10602759622367466,0.062454611474219324,0.07044299201161948,0.10312273057371098,0.09876543209876544,0.12200435729847496
234,0.08253968253968254,0.09523809523809523,0.12275132275132275,0.10052910052910052,0.11322751322751323,0.08571428571428572,0.07089947089947089,0.0582010582010582,0.12804232804232804,0.14285714285714285
235,0.09829059829059829,0.10256410256410256,0.1339031339031339,0.09259259259259259,0.07692307692307693,0.09544159544159544,0.0868945868945869,0.1339031339031339,0.09829059829059829,0.0811965811965812
236,0.12280701754385964,0.10526315789473684,0.06900584795321638,0.0783625730994152,0.11345029239766082,0.12631578947368421,0.07134502923976609,0.1111111111111111,0.08771929824561403,0.11461988304093568
237,0.0985663082437276,0.11648745519713262,0.08960573476702509,0.10931899641577061,0.08243727598566308,0.11290322580645161,0.08781362007168458,0.0967741935483871,0.10752688172043011,0.0985663082437276
238,0.11882716049382717,0.0756172839506173,0.1080246913580247,0.10030864197530866,0.09722222222222224,0.11111111111111112,0.08641975308641976,0.11574074074074076,0.11574074074074076,0.07098765432098766
239,0.0912106135986733,0.11276948590381426,0.0779436152570481,0.09286898839137644,0.09618573797678276,0.1077943615257048,0.08291873963515754,0.12271973466003316,0.08291873963515754,0.13266998341625208
240,0.12906846240179576,0.12008978675645343,0.07070707070707072,0.11784511784511786,0.10437710437710439,0.07856341189674525,0.08080808080808083,0.07407407407407408,0.08641975308641976,0.13804713804713808
241,0.0642361111111111,0.0842013888888889,0.1032986111111111,0.1015625,0.12065972222222222,0.10243055555555555,0.09461805555555555,0.09461805555555555,0.09895833333333333,0.13541666666666666
242,0.12717536813922356,0.11378848728246319,0.07095046854082998,0.10307898259705489,0.10441767068273092,0.11512717536813923,0.0642570281124498,0.1285140562248996,0.08299866131191433,0.08969210174029452
243,0.09965635738831616,0.13631156930126,0.09507445589919816,0.12600229095074456,0.052691867124856816,0.12600229095074456,0.08476517754868271,0.07903780068728522,0.10538373424971363,0.09507445589919816
244,0.08912037037037036,0.09143518518518519,0.07175925925925926,0.12037037037037036,0.07349537037037036,0.09895833333333333,0.08333333333333333,0.08969907407407407,0.10706018518518519,0.17476851851851852
245,0.11780455153949129,0.10040160642570281,0.08299866131191433,0.10441767068273092,0.0856760374832664,0.08032128514056225,0.07630522088353414,0.07095046854082998,0.15127175368139223,0.12985274431057564
246,0.09743589743589744,0.08034188034188035,0.12991452991452992,0.1076923076923077,0.07692307692307693,0.10427350427350428,0.08547008547008547,0.09743589743589744,0.11794871794871795,0.10256410256410256
247,0.11587301587301589,0.07142857142857144,0.10000000000000002,0.07936507936507937,0.13174603174603178,0.07777777777777779,0.09206349206349208,0.10476190476190478,0.10317460317460318,0.12380952380952383
248,0.08333333333333333,0.0935672514619883,0.08333333333333333,0.1564327485380117,0.08333333333333333,0.09649122807017543,0.097953216374269,0.07017543859649122,0.1301169590643275,0.10526315789473684
249,0.08708708708708708,0.13213213213213212,0.10810810810810811,0.08858858858858859,0.0990990990990991,0.1021021021021021,0.08408408408408409,0.12162162162162163,0.0990990990990991,0.07807807807807808
250,0.09551656920077972,0.12085769980506822,0.08966861598440545,0.11306042884990253,0.11500974658869395,0.0935672514619883,0.09551656920077972,0.09746588693957114,0.09161793372319688,0.08771929824561403
251,0.07017543859649124,0.104093567251462,0.12046783625730996,0.12046783625730996,0.10058479532163744,0.09005847953216375,0.05964912280701755,0.09941520467836258,0.12631578947368424,0.10877192982456142
252,0.08812260536398467,0.12132822477650064,0.07662835249042145,0.07151979565772669,0.11877394636015326,0.07151979565772669,0.0842911877394636,0.08556832694763729,0.13282247765006386,0.14942528735632185
253,0.08114856429463171,0.1198501872659176,0.10986267166042447,0.16729088639200998,0.09113607990012484,0.06991260923845194,0.07615480649188515,0.11610486891385768,0.08364544319600499,0.08489388264669163
254,0.09259259259259259,0.12433862433862433,0.09259259259259259,0.09259259259259259,0.09126984126984126,0.08994708994708994,0.08333333333333333,0.10582010582010581,0.10052910052910052,0.12698412698412698
255,0.08518518518518518,0.12314814814814815,0.06944444444444445,0.0712962962962963,0.14444444444444443,0.09907407407407408,0.06481481481481481,0.10185185185185185,0.12962962962962962,0.1111111111111111
256,0.07918263090676884,0.05172413793103448,0.06832694763729247,0.12388250319284802,0.15197956577266922,0.09003831417624521,0.08109833971902937,0.09323116219667944,0.1123882503192848,0.14814814814814814
257,0.09350104821802935,0.1538784067085954,0.09056603773584905,0.11572327044025157,0.0859538784067086,0.1018867924528302,0.045283018867924525,0.04737945492662474,0.129979035639413,0.13584905660377358
258,0.08816425120772947,0.14251207729468598,0.08574879227053141,0.08091787439613526,0.1111111111111111,0.07246376811594203,0.08454106280193237,0.09178743961352658,0.0966183574879227,0.1461352657004831
259,0.1388888888888889,0.07337526205450734,0.08176100628930817,0.08280922431865828,0.07285115303983228,0.0749475890985325,0.07442348008385745,0.0759958071278826,0.17243186582809225,0.15251572327044025
260,0.12791783380018673,0.11297852474323063,0.096171802054155,0.08870214752567694,0.11951447245564893,0.05788982259570495,0.058823529411764705,0.08776844070961717,0.08123249299719888,0.16900093370681607
261,0.07629629629629629,0.13185185185185186,0.0637037037037037,0.08518518518518518,0.1674074074074074,0.09925925925925926,0.08666666666666667,0.06,0.09111111111111111,0.1385185185185185
262,0.130098452883263,0.08368495077355835,0.09142053445850913,0.130098452883263,0.0661040787623066,0.09282700421940927,0.05274261603375526,0.09704641350210967,0.10267229254571024,0.1533052039381153
263,0.12804232804232804,0.13015873015873017,0.1343915343915344,0.06666666666666667,0.061375661375661375,0.07513227513227513,0.06772486772486773,0.10899470899470899,0.09735449735449736,0.13015873015873017
264,0.11213991769547325,0.16872427983539096,0.10390946502057613,0.09362139917695474,0.09876543209876543,0.07510288065843622,0.09053497942386832,0.059670781893004114,0.11934156378600823,0.07818930041152264
265,0.1351575456053068,0.11194029850746269,0.12106135986733002,0.07213930348258707,0.08043117744610281,0.05638474295190713,0.1011608623548922,0.10199004975124377,0.06467661691542288,0.1550580431177446
266,0.11661166116611661,0.15291529152915292,0.06545654565456546,0.047304730473047306,0.1188118811881188,0.08305830583058306,0.03850385038503851,0.0781078107810781,0.14136413641364137,0.15786578657865788
267,0.07407407407407407,0.14161220043572983,0.10348583877995643,0.0915032679738562,0.08387799564270153,0.1394335511982571,0.10130718954248366,0.05664488017429194,0.06862745098039216,0.1394335511982571
268,0.07807807807807807,0.10360360360360357,0.10510510510510508,0.10060060060060057,0.07057057057057056,0.09009009009009007,0.07207207207207206,0.1321321321321321,0.11111111111111108,0.1366366366366366
269,0.10158730158730159,0.12222222222222222,0.10793650793650794,0.09523809523809523,0.10158730158730159,0.10793650793650794,0.09047619047619047,0.1,0.09682539682539683,0.0761904761904762
270,0.08614232209737828,0.08239700374531835,0.10611735330836454,0.1560549313358302,0.08239700374531835,0.07990012484394507,0.08239700374531835,0.09113607990012484,0.10611735330836454,0.12734082397003746
271,0.09634809634809635,0.10256410256410256,0.08003108003108003,0.1655011655011655,0.0947940947940948,0.09945609945609946,0.05128205128205128,0.08080808080808081,0.10955710955710955,0.11965811965811966
272,0.09829059829059829,0.09145299145299145,0.11282051282051282,0.15982905982905982,0.10341880341880341,0.1,0.0547008547008547,0.0641025641025641,0.11196581196581197,0.10341880341880341
273,0.07977207977207978,0.12440645773979109,0.11016144349477684,0.1633428300094967,0.07597340930674265,0.07407407407407408,0.07312440645773981,0.10636277302943971,0.09971509971509973,0.09306742640075975
274,0.1092436974789916,0.06069094304388422,0.09430438842203548,0.13818860877684408,0.1437908496732026,0.07469654528478058,0.04668534080298786,0.059757236227824466,0.10644257703081232,0.16619981325863678
275,0.08037825059101655,0.1347517730496454,0.10283687943262411,0.10874704491725769,0.1099290780141844,0.08156028368794327,0.0851063829787234,0.06501182033096926,0.10638297872340426,0.12529550827423167
276,0.12658227848101267,0.0970464135021097,0.09845288326300984,0.09845288326300984,0.07313642756680731,0.0829817158931083,0.11251758087201125,0.10970464135021098,0.07172995780590717,0.12939521800281295
277,0.0998980632008155,0.09785932721712538,0.10703363914373089,0.1559633027522936,0.15188583078491336,0.06320081549439348,0.09683995922528033,0.0672782874617737,0.08664627930682976,0.07339449541284404
278,0.09739368998628259,0.10150891632373116,0.11248285322359398,0.07407407407407408,0.11796982167352539,0.07818930041152265,0.06447187928669411,0.08916323731138548,0.10973936899862827,0.15500685871056244
279,0.10416666666666667,0.08630952380952381,0.08134920634920635,0.12003968253968254,0.1111111111111111,0.08035714285714286,0.04563492063492063,0.0744047619047619,0.12202380952380952,0.1746031746031746
280,0.08524904214559387,0.15517241379310345,0.09291187739463602,0.10057471264367816,0.08908045977011494,0.08045977011494253,0.07279693486590039,0.11302681992337164,0.09195402298850575,0.11877394636015326
281,0.1054421768707483,0.10430839002267574,0.10770975056689343,0.07256235827664399,0.09410430839002268,0.12018140589569161,0.09750566893424037,0.07256235827664399,0.08956916099773243,0.1360544217687075
282,0.19809941520467836,0.09502923976608187,0.07967836257309942,0.12938596491228072,0.08552631578947369,0.06871345029239766,0.05043859649122807,0.07456140350877193,0.1118421052631579,0.1067251461988304
283,0.08366013071895424,0.12549019607843137,0.13986928104575164,0.09542483660130718,0.1450980392156863,0.06013071895424837,0.06797385620915032,0.08104575163398693,0.08366013071895424,0.11764705882352941
284,0.12189859762675297,0.10140237324703344,0.07659115426105717,0.1111111111111111,0.07335490830636461,0.10895361380798274,0.06903991370010787,0.08522114347357065,0.133764832793959,0.1186623516720604
285,0.10227272727272728,0.08207070707070707,0.10858585858585859,0.0946969696969697,0.07323232323232323,0.11363636363636363,0.08838383838383838,0.09722222222222222,0.14898989898989898,0.09090909090909091
286,0.16161616161616163,0.0931537598204265,0.0707070707070707,0.07631874298540965,0.06172839506172839,0.1122334455667789,0.08978675645342311,0.08080808080808081,0.11672278338945005,0.13692480359147025
287,0.10960960960960961,0.0960960960960961,0.09759759759759759,0.12312312312312312,0.07057057057057058,0.1021021021021021,0.08558558558558559,0.0945945945945946,0.07357357357357357,0.14714714714714713
288,0.10309278350515463,0.08247422680412371,0.10538373424971363,0.10538373424971363,0.08132875143184422,0.1145475372279496,0.07674684994272624,0.07101947308132875,0.07560137457044673,0.18442153493699887
289,0.1221001221001221,0.12576312576312576,0.10012210012210013,0.10500610500610501,0.07936507936507936,0.07814407814407814,0.0695970695970696,0.08913308913308914,0.1343101343101343,0.09645909645909646
290,0.09601449275362316,0.16304347826086954,0.07367149758454104,0.1008454106280193,0.12318840579710143,0.09541062801932364,0.03804347826086956,0.06280193236714975,0.1256038647342995,0.12137681159420287
291,0.12554927809165098,0.096045197740113,0.06340238543628374,0.07156308851224105,0.1318267419962335,0.12366603892027621,0.06905210295040803,0.050219711236660386,0.12115505335844319,0.1475204017576899
292,0.09081196581196582,0.14423076923076925,0.0918803418803419,0.1153846153846154,0.07585470085470086,0.08974358974358976,0.06944444444444446,0.0918803418803419,0.09722222222222224,0.13354700854700857
293,0.11914323962516735,0.10441767068273093,0.10174029451137886,0.09103078982597056,0.08567603748326641,0.08701472556894245,0.06693440428380189,0.07764390896921018,0.15394912985274434,0.11244979919678716
294,0.13381123058542413,0.0955794504181601,0.08721624850657109,0.0884109916367981,0.12425328554360812,0.0884109916367981,0.0884109916367981,0.05973715651135006,0.0884109916367981,0.14575866188769415
295,0.18137254901960784,0.06372549019607843,0.09395424836601307,0.09803921568627451,0.15359477124183007,0.10212418300653595,0.05228758169934641,0.10375816993464053,0.08088235294117647,0.07026143790849673
296,0.08812260536398468,0.12068965517241381,0.07088122605363986,0.06704980842911878,0.0574712643678161,0.11685823754789273,0.06609195402298852,0.14750957854406133,0.09865900383141764,0.16666666666666669
297,0.0874074074074074,0.1111111111111111,0.0962962962962963,0.10518518518518519,0.10074074074074074,0.0725925925925926,0.08592592592592592,0.0962962962962963,0.12296296296296297,0.12148148148148148
298,0.0898989898989899,0.052525252525252523,0.1,0.12424242424242424,0.08686868686868687,0.09494949494949495,0.09595959595959595,0.08787878787878788,0.10101010101010101,0.16666666666666666
299,0.08165997322623829,0.09370816599732262,0.07630522088353414,0.07898259705488621,0.0963855421686747,0.07228915662650602,0.07095046854082998,0.11780455153949129,0.14859437751004015,0.16331994645247658
300,0.06796116504854369,0.06364617044228695,0.08306364617044229,0.10032362459546926,0.133764832793959,0.09600862998921252,0.11326860841423948,0.14670981661272922,0.09385113268608414,0.10140237324703344
301,0.122533748701973,0.0893042575285566,0.07476635514018691,0.12149532710280374,0.10488058151609553,0.07165109034267912,0.07995846313603323,0.08515057113187954,0.0778816199376947,0.17237798546209762
302,0.06906906906906907,0.14114114114114115,0.0990990990990991,0.10810810810810811,0.09009009009009009,0.06756756756756757,0.08708708708708708,0.0945945945945946,0.13363363363363365,0.10960960960960961
303,0.1095679012345679,0.13117283950617284,0.07407407407407407,0.09104938271604938,0.10030864197530864,0.08487654320987655,0.06944444444444445,0.0787037037037037,0.11265432098765432,0.14814814814814814
304,0.090014064697609,0.07876230661040788,0.09282700421940929,0.07876230661040788,0.08720112517580872,0.09423347398030943,0.08016877637130802,0.09845288326300984,0.11392405063291139,0.18565400843881857
305,0.14255765199161424,0.10272536687631027,0.09748427672955975,0.11215932914046121,0.11215932914046121,0.09748427672955975,0.06813417190775681,0.06708595387840671,0.07232704402515723,0.1278825995807128
306,0.15740740740740744,0.06712962962962965,0.12500000000000003,0.07407407407407408,0.0914351851851852,0.09606481481481483,0.05787037037037038,0.08564814814814817,0.10185185185185186,0.14351851851851855
307,0.09583333333333334,0.10555555555555556,0.08888888888888889,0.09861111111111111,0.11805555555555555,0.10416666666666667,0.09027777777777778,0.0875,0.09305555555555556,0.11805555555555555
308,0.1011608623548922,0.08955223880597014,0.08955223880597014,0.0845771144278607,0.11774461028192372,0.12935323383084577,0.08955223880597014,0.1011608623548922,0.087893864013267,0.10945273631840796
309,0.12947269303201506,0.121939736346516,0.10499058380414313,0.11629001883239172,0.0795668549905838,0.0692090395480226,0.04096045197740113,0.05790960451977401,0.10310734463276836,0.1765536723163842
310,0.09195402298850575,0.09195402298850575,0.11877394636015326,0.14942528735632185,0.1123882503192848,0.07407407407407407,0.06257982120051085,0.10600255427841634,0.07918263090676884,0.1136653895274585
311,0.09166666666666666,0.10277777777777777,0.11388888888888889,0.17222222222222222,0.09027777777777778,0.09305555555555556,0.06805555555555555,0.08194444444444444,0.0875,0.09861111111111111
312,0.13916947250280584,0.12457912457912458,0.07407407407407407,0.10886644219977554,0.0920314253647587,0.08417508417508418,0.07856341189674523,0.07968574635241302,0.1335578002244669,0.08529741863075196
313,0.1241090146750524,0.12872117400419286,0.08092243186582809,0.09224318658280922,0.11362683438155136,0.0830188679245283,0.05115303983228511,0.06834381551362684,0.12368972746331237,0.13417190775681342
314,0.09510086455331412,0.12616074287544027,0.1239193083573487,0.0877361511367275,0.09862311879602946,0.08837656099903939,0.028498238872878643,0.06340057636887608,0.13928914505283382,0.148895292987512
315,0.10357815442561205,0.1016949152542373,0.08851224105461393,0.0847457627118644,0.10922787193973635,0.0847457627118644,0.08662900188323917,0.1111111111111111,0.12994350282485875,0.09981167608286252
316,0.1067251461988304,0.11842105263157894,0.0935672514619883,0.11403508771929824,0.07602339181286549,0.1067251461988304,0.06871345029239766,0.07748538011695906,0.10526315789473684,0.13304093567251463
317,0.08748906386701662,0.11461067366579178,0.08136482939632546,0.08836395450568679,0.11198600174978128,0.08398950131233596,0.0673665791776028,0.0831146106736658,0.13123359580052493,0.1504811898512686
318,0.10222222222222223,0.06888888888888889,0.12777777777777777,0.11444444444444445,0.08555555555555555,0.08555555555555555,0.06666666666666667,0.10444444444444445,0.11333333333333333,0.13111111111111112
319,0.056712962962962965,0.16435185185185186,0.10532407407407407,0.10416666666666667,0.09606481481481481,0.08912037037037036,0.08912037037037036,0.07523148148148148,0.10069444444444445,0.11921296296296297
320,0.11941848390446522,0.09138110072689512,0.09138110072689512,0.09865005192107996,0.122533748701973,0.07580477673935618,0.06438213914849429,0.09345794392523364,0.1505711318795431,0.09241952232606439
321,0.06768837803320561,0.11366538952745847,0.07407407407407406,0.14559386973180075,0.08429118773946359,0.09195402298850573,0.09195402298850573,0.08173690932311621,0.15836526181353766,0.09067688378033205
322,0.09925925925925927,0.07851851851851853,0.10666666666666669,0.11407407407407409,0.10962962962962965,0.1051851851851852,0.0977777777777778,0.0814814814814815,0.08000000000000002,0.12740740740740744
323,0.1151332327802916,0.12518853695324283,0.07642031171442937,0.07692307692307693,0.06636500754147813,0.12870789341377575,0.05429864253393665,0.08798391151332328,0.15233785822021115,0.11664152840623429
324,0.10015649452269168,0.12363067292644754,0.10015649452269168,0.10172143974960873,0.07668231611893582,0.09389671361502344,0.1032863849765258,0.08763693270735523,0.11737089201877932,0.09546165884194051
325,0.08765432098765433,0.12469135802469136,0.09135802469135802,0.11604938271604938,0.08395061728395062,0.10493827160493827,0.07777777777777778,0.11851851851851852,0.07654320987654321,0.11851851851851852
326,0.07859078590785909,0.14227642276422767,0.11246612466124663,0.07588075880758809,0.10027100271002712,0.0853658536585366,0.07317073170731708,0.06097560975609757,0.13956639566395668,0.13143631436314365
327,0.10962962962962963,0.12296296296296297,0.08444444444444445,0.15555555555555556,0.08592592592592592,0.08296296296296296,0.0874074074074074,0.08592592592592592,0.08296296296296296,0.10222222222222223
328,0.15725047080979285,0.08192090395480225,0.1224105461393597,0.08757062146892655,0.07627118644067797,0.062146892655367235,0.0847457627118644,0.0687382297551789,0.08192090395480225,0.17702448210922786
329,0.06093189964157706,0.15292712066905614,0.1027479091995221,0.07885304659498207,0.06929510155316607,0.1135005973715651,0.06332138590203107,0.08721624850657109,0.10752688172043011,0.16367980884109917
330,0.08450704225352113,0.11267605633802817,0.07198748043818466,0.07511737089201878,0.09233176838810642,0.14084507042253522,0.07198748043818466,0.08450704225352113,0.10328638497652583,0.162754303599374
331,0.10714285714285714,0.08928571428571429,0.08928571428571429,0.08928571428571429,0.10714285714285714,0.08928571428571429,0.10714285714285714,0.08928571428571429,0.11904761904761904,0.1130952380952381
332,0.1239766081871345,0.14502923976608187,0.08304093567251462,0.08304093567251462,0.08654970760233918,0.11345029239766082,0.06900584795321638,0.09941520467836257,0.09239766081871345,0.10409356725146199
333,0.09500805152979067,0.08856682769726248,0.07246376811594203,0.10305958132045089,0.11916264090177134,0.10305958132045089,0.08051529790660225,0.08856682769726248,0.12721417069243157,0.12238325281803543
334,0.1179698216735254,0.10150891632373117,0.10288065843621402,0.06447187928669411,0.13443072702331965,0.09327846364883403,0.07133058984910838,0.09327846364883403,0.09602194787379975,0.12482853223593968
335,0.09782608695652176,0.1449275362318841,0.10144927536231886,0.09420289855072465,0.09299516908212561,0.06400966183574881,0.08937198067632851,0.13043478260869568,0.06521739130434784,0.11956521739130437
336,0.06775067750677506,0.1011743450767841,0.0948509485094851,0.13911472448057813,0.10840108401084012,0.12104787714543812,0.0966576332429991,0.06865401987353206,0.1111111111111111,0.09123757904245709
337,0.16666666666666666,0.10416666666666667,0.09375,0.09143518518518519,0.07060185185185185,0.11342592592592593,0.08217592592592593,0.09027777777777778,0.09606481481481481,0.09143518518518519
338,0.12066905615292713,0.07048984468339307,0.0884109916367981,0.08482676224611709,0.0884109916367981,0.08721624850657109,0.08124253285543608,0.14456391875746716,0.0955794504181601,0.13859020310633213
339,0.10893246187363835,0.09803921568627451,0.11437908496732026,0.09477124183006536,0.11437908496732026,0.07080610021786492,0.05991285403050109,0.06427015250544663,0.11982570806100218,0.15468409586056645
340,0.07452574525745258,0.13956639566395665,0.09349593495934959,0.08265582655826559,0.0989159891598916,0.08536585365853659,0.07181571815718157,0.10569105691056911,0.0921409214092141,0.15582655826558264
341,0.11007268951194185,0.12045690550363447,0.08411214953271028,0.08203530633437175,0.10176531671858775,0.09449636552440291,0.09138110072689512,0.08826583592938733,0.11318795430944964,0.1142263759086189
342,0.0998389694041868,0.10305958132045089,0.1111111111111111,0.1111111111111111,0.0853462157809984,0.0998389694041868,0.09339774557165861,0.09500805152979067,0.1143317230273752,0.08695652173913043
343,0.09911616161616162,0.12626262626262627,0.06376262626262626,0.10353535353535354,0.0625,0.0726010101010101,0.08648989898989899,0.08901515151515152,0.09785353535353536,0.19886363636363635
344,0.10169491525423731,0.09792843691148777,0.11299435028248589,0.12994350282485878,0.10169491525423731,0.09227871939736348,0.09416195856873824,0.09981167608286254,0.08474576271186442,0.08474576271186442
345,0.10427350427350428,0.1700854700854701,0.09829059829059829,0.0735042735042735,0.10341880341880341,0.07179487179487179,0.06837606837606838,0.06153846153846154,0.08376068376068375,0.16495726495726495
346,0.09985935302390998,0.09845288326300984,0.08860759493670886,0.09845288326300984,0.0759493670886076,0.14064697609001406,0.10548523206751055,0.09423347398030943,0.09845288326300984,0.09985935302390998
347,0.1298904538341158,0.07042253521126761,0.1134585289514867,0.08294209702660407,0.056338028169014086,0.07668231611893583,0.05555555555555555,0.12519561815336464,0.08450704225352113,0.20500782472613457
348,0.11965811965811966,0.11253561253561253,0.09116809116809117,0.10256410256410256,0.07122507122507123,0.09829059829059829,0.0868945868945869,0.07977207977207977,0.09401709401709402,0.14387464387464388
349,0.10998877665544332,0.186307519640853,0.10213243546576879,0.07856341189674523,0.11672278338945005,0.08978675645342311,0.06621773288439955,0.06397306397306397,0.06509539842873176,0.12121212121212122
350,0.10737628384687208,0.06816059757236227,0.12418300653594772,0.08216619981325864,0.0896358543417367,0.07469654528478058,0.07096171802054155,0.10084033613445378,0.08029878618113913,0.20168067226890757
351,0.11230585424133811,0.1039426523297491,0.10991636798088411,0.05854241338112306,0.0967741935483871,0.11230585424133811,0.07765830346475508,0.08482676224611709,0.10513739545997611,0.13859020310633213
352,0.13046594982078852,0.07526881720430108,0.07240143369175628,0.06379928315412187,0.11827956989247312,0.1060931899641577,0.05734767025089606,0.045878136200716846,0.13835125448028673,0.1921146953405018
353,0.0890890890890891,0.06906906906906907,0.11711711711711711,0.11911911911911911,0.1111111111111111,0.07607607607607608,0.056056056056056056,0.12012012012012012,0.0990990990990991,0.14314314314314314
354,0.09568775574441298,0.1388101983002833,0.08152344979540448,0.0821529745042493,0.10733396285804218,0.06232294617563739,0.10166824047843878,0.02675480012590494,0.16871262197041234,0.13503305004721436
355,0.11313131313131314,0.11818181818181818,0.07474747474747474,0.07373737373737374,0.06464646464646465,0.0696969696969697,0.07575757575757576,0.10404040404040404,0.11616161616161616,0.1898989898989899
356,0.12828282828282828,0.08686868686868687,0.07272727272727272,0.07777777777777778,0.1393939393939394,0.10303030303030303,0.052525252525252523,0.0898989898989899,0.15454545454545454,0.09494949494949495
357,0.064030131826742,0.15160075329566855,0.07344632768361582,0.064030131826742,0.08945386064030132,0.10922787193973635,0.1016949152542373,0.0847457627118644,0.1393596986817326,0.1224105461393597
358,0.07352941176470588,0.16339869281045752,0.08823529411764706,0.0915032679738562,0.09967320261437909,0.08333333333333333,0.09967320261437909,0.0915032679738562,0.08823529411764706,0.12091503267973856
359,0.1281179138321996,0.108843537414966,0.08730158730158731,0.10090702947845806,0.090702947845805,0.09297052154195012,0.06009070294784581,0.07029478458049888,0.14058956916099777,0.12018140589569162
360,0.125,0.078125,0.109375,0.109375,0.1111111111111111,0.09375,0.09375,0.0954861111111111,0.078125,0.10590277777777778
361,0.09401709401709403,0.10256410256410257,0.07692307692307694,0.1435897435897436,0.09230769230769233,0.08547008547008549,0.10940170940170942,0.10427350427350429,0.09914529914529915,0.09230769230769233
362,0.0888888888888889,0.10962962962962965,0.0814814814814815,0.14518518518518522,0.10074074074074076,0.08000000000000002,0.06962962962962964,0.10814814814814816,0.10962962962962965,0.10666666666666669
363,0.08006535947712418,0.08333333333333333,0.1437908496732026,0.08986928104575163,0.10457516339869281,0.09313725490196079,0.12745098039215685,0.08169934640522876,0.125,0.07107843137254902
364,0.11517615176151762,0.08943089430894309,0.0975609756097561,0.0948509485094851,0.1043360433604336,0.1043360433604336,0.10975609756097561,0.0948509485094851,0.10569105691056911,0.08401084010840108
365,0.17078189300411523,0.07510288065843622,0.1111111111111111,0.11008230452674897,0.11213991769547325,0.06893004115226338,0.08950617283950617,0.06995884773662552,0.10493827160493827,0.0874485596707819
366,0.09832841691248771,0.0776794493608653,0.1750245821042281,0.08161258603736479,0.11799410029498525,0.06096361848574238,0.061946902654867256,0.07571288102261553,0.12389380530973451,0.12684365781710916
367,0.10727969348659004,0.13218390804597702,0.09195402298850575,0.10344827586206896,0.11494252873563218,0.09386973180076628,0.08620689655172414,0.09770114942528736,0.08620689655172414,0.08620689655172414
368,0.0962962962962963,0.07685185185185185,0.12962962962962962,0.11296296296296296,0.08055555555555556,0.09907407407407408,0.06574074074074074,0.08888888888888889,0.1287037037037037,0.12129629629629629
369,0.07058823529411766,0.1254901960784314,0.09281045751633989,0.1281045751633987,0.09934640522875819,0.07973856209150328,0.0823529411764706,0.11111111111111113,0.10326797385620917,0.10718954248366015
370,0.09722222222222222,0.11431623931623931,0.07692307692307693,0.08547008547008547,0.10897435897435898,0.07478632478632478,0.07478632478632478,0.11752136752136752,0.125,0.125
371,0.10185185185185185,0.1111111111111111,0.0823045267489712,0.08127572016460906,0.08333333333333333,0.06172839506172839,0.07407407407407407,0.1368312757201646,0.12037037037037036,0.147119341563786
372,0.1076923076923077,0.13504273504273503,0.09230769230769231,0.08034188034188035,0.07692307692307693,0.12478632478632479,0.09230769230769231,0.0905982905982906,0.09230769230769231,0.1076923076923077
373,0.09188034188034187,0.07905982905982904,0.09508547008547005,0.11004273504273501,0.07478632478632477,0.10149572649572647,0.08760683760683759,0.08012820512820512,0.11324786324786322,0.16666666666666663
374,0.1032986111111111,0.13802083333333334,0.059895833333333336,0.10677083333333333,0.1232638888888889,0.0954861111111111,0.07899305555555555,0.08159722222222222,0.06684027777777778,0.14583333333333334
375,0.0941798941798942,0.10476190476190478,0.06137566137566138,0.1322751322751323,0.08042328042328044,0.0941798941798942,0.060317460317460325,0.08359788359788362,0.15449735449735452,0.13439153439153442
376,0.05783866057838661,0.13318112633181128,0.12404870624048707,0.11035007610350077,0.07838660578386607,0.10502283105022832,0.10045662100456622,0.07686453576864537,0.08980213089802132,0.12404870624048707
377,0.08123689727463311,0.15356394129979034,0.06761006289308175,0.10953878406708592,0.13574423480083855,0.06132075471698112,0.06132075471698112,0.10272536687631025,0.11844863731656181,0.10849056603773582
378,0.12490421455938697,0.09578544061302682,0.08812260536398467,0.08122605363984674,0.09655172413793103,0.04980842911877394,0.09808429118773947,0.13793103448275862,0.10881226053639846,0.11877394636015326
379,0.12809624911535739,0.11535739561217269,0.09766454352441614,0.055201698513800426,0.08634111818825195,0.10120311394196745,0.0799716914366596,0.04175513092710545,0.10898796886058032,0.1854210898796886
380,0.1298449612403101,0.10465116279069768,0.047157622739018086,0.09237726098191215,0.0872093023255814,0.05232558139534884,0.06847545219638243,0.13372093023255813,0.1343669250645995,0.14987080103359174
381,0.08994708994708994,0.0656084656084656,0.10264550264550265,0.1724867724867725,0.10899470899470899,0.07407407407407407,0.06984126984126984,0.09523809523809523,0.14179894179894179,0.07936507936507936
382,0.08383838383838384,0.12222222222222222,0.07272727272727272,0.1191919191919192,0.1,0.12323232323232323,0.07272727272727272,0.10606060606060606,0.12727272727272726,0.07272727272727272
383,0.09722222222222224,0.1047979797979798,0.10227272727272729,0.11994949494949496,0.10101010101010102,0.0782828282828283,0.07323232323232325,0.1085858585858586,0.14520202020202022,0.06944444444444446
384,0.13151927437641722,0.1054421768707483,0.09410430839002268,0.12585034013605442,0.11791383219954649,0.0782312925170068,0.07369614512471655,0.10657596371882086,0.09297052154195011,0.07369614512471655
385,0.1127946127946128,0.07912457912457913,0.09090909090909091,0.08922558922558922,0.132996632996633,0.09427609427609428,0.09090909090909091,0.09764309764309764,0.1111111111111111,0.10101010101010101
386,0.06050029086678301,0.10587550901687028,0.05410122164048865,0.10645724258289703,0.12100058173356602,0.06457242582897033,0.07329842931937172,0.10354857475276323,0.16114019778941244,0.14950552646887724
387,0.08333333333333334,0.0883838383838384,0.11363636363636365,0.09595959595959597,0.1325757575757576,0.11489898989898992,0.09595959595959597,0.08712121212121214,0.06818181818181819,0.11994949494949496
388,0.12012012012012012,0.15315315315315314,0.08858858858858859,0.12012012012012012,0.0945945945945946,0.07507507507507508,0.07207207207207207,0.06906906906906907,0.09759759759759759,0.10960960960960961
389,0.08641975308641976,0.12191358024691361,0.09567901234567903,0.12191358024691361,0.08796296296296298,0.0910493827160494,0.11574074074074077,0.07870370370370372,0.08796296296296298,0.11265432098765435
390,0.08489388264669165,0.11235955056179776,0.07116104868913858,0.1460674157303371,0.06741573033707866,0.07365792759051187,0.07240948813982523,0.06741573033707866,0.1223470661672909,0.18227215980024972
391,0.10793650793650794,0.09047619047619047,0.11587301587301588,0.11746031746031746,0.0873015873015873,0.13333333333333333,0.09206349206349207,0.09682539682539683,0.0873015873015873,0.07142857142857142
392,0.08296296296296296,0.10666666666666667,0.10074074074074074,0.13925925925925925,0.07851851851851852,0.0962962962962963,0.10666666666666667,0.09185185185185185,0.09777777777777778,0.09925925925925926
393,0.09449636552440291,0.1111111111111111,0.08099688473520249,0.09968847352024922,0.09138110072689512,0.10799584631360332,0.060228452751817235,0.11734164070612668,0.09553478712357218,0.14122533748701974
394,0.10229276895943565,0.14814814814814817,0.07936507936507937,0.09347442680776015,0.09171075837742505,0.07936507936507937,0.08465608465608467,0.10052910052910055,0.10934744268077604,0.11111111111111113
395,0.1111111111111111,0.15667466027178256,0.0495603517186251,0.11430855315747403,0.12310151878497202,0.07194244604316546,0.07034372501998401,0.10071942446043165,0.07753796962430055,0.12470023980815348
396,0.0699912510936133,0.11461067366579178,0.0699912510936133,0.12248468941382328,0.14173228346456693,0.12335958005249344,0.049868766404199474,0.10061242344706911,0.09536307961504811,0.11198600174978128
397,0.11237373737373738,0.18434343434343434,0.08617424242424243,0.07481060606060606,0.09248737373737374,0.07575757575757576,0.03125,0.07039141414141414,0.1278409090909091,0.14457070707070707
398,0.08156028368794327,0.13238770685579196,0.11583924349881797,0.06501182033096926,0.1182033096926714,0.13356973995271867,0.057919621749408984,0.09810874704491726,0.10283687943262411,0.09456264775413711
399,0.11659807956104253,0.08367626886145405,0.09053497942386832,0.09327846364883402,0.11522633744855967,0.12071330589849108,0.07544581618655692,0.11248285322359397,0.09876543209876543,0.09327846364883402
400,0.10479797979797979,0.06818181818181818,0.08585858585858586,0.10479797979797979,0.08207070707070707,0.1275252525252525,0.08207070707070707,0.08712121212121213,0.12878787878787878,0.12878787878787878
401,0.1080246913580247,0.06944444444444446,0.09876543209876544,0.09722222222222224,0.10185185185185186,0.11728395061728396,0.06944444444444446,0.0910493827160494,0.13117283950617287,0.11574074074074076
402,0.06746031746031746,0.09623015873015874,0.08928571428571429,0.13392857142857142,0.11607142857142858,0.09325396825396826,0.05654761904761905,0.09722222222222222,0.10218253968253968,0.14781746031746032
403,0.08088888888888889,0.08977777777777778,0.1431111111111111,0.11822222222222223,0.08622222222222223,0.08977777777777778,0.06311111111111112,0.056,0.13244444444444445,0.14044444444444446
404,0.11324786324786325,0.12321937321937322,0.07763532763532764,0.150997150997151,0.08903133903133903,0.06695156695156695,0.04131054131054131,0.06196581196581197,0.13034188034188035,0.1452991452991453
405,0.08950617283950617,0.07098765432098765,0.0941358024691358,0.10648148148148148,0.08796296296296297,0.08333333333333333,0.08641975308641975,0.1388888888888889,0.13425925925925927,0.10802469135802469
406,0.08208208208208208,0.07507507507507508,0.08508508508508508,0.13813813813813813,0.11511511511511512,0.14614614614614616,0.06306306306306306,0.062062062062062065,0.12312312312312312,0.11011011011011011
407,0.1120607787274454,0.10161443494776828,0.06457739791073125,0.1177587844254511,0.1462488129154796,0.08262108262108261,0.0949667616334283,0.09116809116809117,0.06932573599240266,0.11965811965811966
408,0.0898876404494382,0.13982521847690388,0.09987515605493133,0.08863920099875156,0.07365792759051186,0.0749063670411985,0.06491885143570537,0.09737827715355805,0.12983770287141075,0.14107365792759052
409,0.08870967741935484,0.18727598566308243,0.09408602150537634,0.08154121863799284,0.09229390681003584,0.06541218637992832,0.07616487455197132,0.10483870967741936,0.0985663082437276,0.1111111111111111
410,0.12424242424242424,0.12121212121212122,0.11212121212121212,0.06767676767676768,0.0707070707070707,0.10202020202020202,0.05858585858585859,0.07575757575757576,0.14343434343434344,0.12424242424242424
411,0.13031550068587108,0.11522633744855969,0.13443072702331965,0.08641975308641976,0.10699588477366256,0.10150891632373116,0.07407407407407408,0.06858710562414268,0.08641975308641976,0.09602194787379974
412,0.12186379928315412,0.1039426523297491,0.11290322580645161,0.08781362007168458,0.08602150537634409,0.11827956989247312,0.08064516129032258,0.08064516129032258,0.08781362007168458,0.12007168458781362
413,0.1111111111111111,0.116701607267645,0.15373864430468204,0.08315863032844165,0.10272536687631027,0.06219426974143955,0.05241090146750524,0.053109713487071976,0.09993011879804332,0.16491963661774983
414,0.13055555555555556,0.1,0.10694444444444444,0.09444444444444444,0.075,0.08194444444444444,0.08333333333333333,0.10277777777777777,0.14583333333333334,0.07916666666666666
415,0.11337868480725621,0.1315192743764172,0.0929705215419501,0.11224489795918365,0.09070294784580497,0.0986394557823129,0.08730158730158728,0.07596371882086167,0.08616780045351473,0.11111111111111108
416,0.10582010582010581,0.10317460317460317,0.07671957671957672,0.14638447971781304,0.09964726631393298,0.11022927689594356,0.06437389770723104,0.06878306878306878,0.11728395061728394,0.10758377425044091
417,0.07709750566893424,0.1292517006802721,0.11224489795918367,0.08390022675736962,0.10657596371882086,0.09183673469387756,0.060090702947845805,0.09410430839002268,0.1360544217687075,0.10884353741496598
418,0.07848324514991181,0.11375661375661375,0.10052910052910052,0.1111111111111111,0.08112874779541446,0.06172839506172839,0.07495590828924162,0.15873015873015872,0.10846560846560846,0.1111111111111111
419,0.10996563573883161,0.06872852233676977,0.13631156930126,0.0836197021764032,0.09965635738831616,0.0859106529209622,0.0882016036655212,0.07216494845360824,0.16953035509736541,0.0859106529209622
420,0.09389671361502347,0.12206572769953052,0.08450704225352113,0.09076682316118936,0.11737089201877934,0.08450704225352113,0.07511737089201878,0.11424100156494522,0.10328638497652583,0.11424100156494522
421,0.08620689655172414,0.11685823754789272,0.10727969348659004,0.1053639846743295,0.09961685823754789,0.11494252873563218,0.08620689655172414,0.08620689655172414,0.10344827586206896,0.09386973180076628
422,0.0960960960960961,0.08708708708708708,0.13063063063063063,0.1111111111111111,0.13213213213213212,0.0945945945945946,0.07057057057057058,0.07957957957957958,0.10510510510510511,0.09309309309309309
423,0.1304909560723514,0.10206718346253227,0.0697674418604651,0.12790697674418602,0.09560723514211883,0.06330749354005166,0.08785529715762272,0.06718346253229973,0.13565891472868213,0.1201550387596899
424,0.11640211640211644,0.08465608465608468,0.08818342151675487,0.09876543209876545,0.1428571428571429,0.10052910052910055,0.07936507936507939,0.07936507936507939,0.09347442680776016,0.11640211640211644
425,0.14285714285714285,0.10678210678210678,0.07503607503607504,0.07936507936507936,0.09523809523809523,0.1240981240981241,0.09668109668109669,0.09090909090909091,0.09090909090909091,0.09812409812409813
426,0.08664627930682976,0.0983690112130479,0.10856269113149847,0.109072375127421,0.09938837920489296,0.06574923547400612,0.045361875637105,0.07696228338430174,0.1345565749235474,0.17533129459734964
427,0.060185185185185196,0.1342592592592593,0.07129629629629632,0.08981481481481483,0.12870370370370374,0.0814814814814815,0.0851851851851852,0.07407407407407408,0.18240740740740743,0.0925925925925926
428,0.09936766034327012,0.0894308943089431,0.11020776874435412,0.11201445347786812,0.10027100271002712,0.08039747064137309,0.06955736224028908,0.07407407407407408,0.15176151761517617,0.11291779584462512
429,0.07279693486590039,0.12005108556832694,0.07918263090676884,0.10217113665389528,0.17113665389527458,0.07662835249042145,0.07151979565772669,0.09323116219667944,0.13409961685823754,0.07918263090676884
430,0.1518324607329843,0.11052937754508435,0.0564281559045957,0.07795229784758581,0.1070389761489238,0.09947643979057591,0.04304828388598022,0.11460151250727167,0.09424083769633508,0.14485165794066318
431,0.08249158249158249,0.08754208754208755,0.10437710437710437,0.07744107744107744,0.10101010101010101,0.12289562289562289,0.08417508417508418,0.09090909090909091,0.12289562289562289,0.12626262626262627
432,0.14035087719298245,0.1246063877642825,0.07467386414754835,0.06657669815564553,0.11201079622132254,0.0931174089068826,0.048582995951417005,0.07737291947818263,0.11201079622132254,0.15069725596041386
433,0.08536585365853659,0.0989159891598916,0.0975609756097561,0.12195121951219512,0.09078590785907859,0.1043360433604336,0.07723577235772358,0.08536585365853659,0.11788617886178862,0.12059620596205962
434,0.07181571815718157,0.1016260162601626,0.14498644986449866,0.08807588075880758,0.10569105691056911,0.09349593495934959,0.0975609756097561,0.11653116531165311,0.0921409214092141,0.08807588075880758
435,0.08205128205128205,0.08205128205128205,0.09401709401709402,0.08717948717948718,0.13333333333333333,0.10256410256410256,0.09572649572649573,0.09743589743589744,0.08034188034188035,0.1452991452991453
436,0.06990088680229525,0.1387584767866458,0.10224308815858112,0.09754825247782994,0.11632759520083463,0.07981220657276995,0.08607198748043818,0.07094418362023996,0.11058946270213876,0.1278038601982264
437,0.0885275519421861,0.07497741644083109,0.05329719963866306,0.14453477868112016,0.12556458897922315,0.07046070460704608,0.09304426377597111,0.10027100271002712,0.13730803974706415,0.11201445347786812
438,0.15004055150040552,0.0705596107055961,0.0867802108678021,0.08191403081914031,0.1111111111111111,0.05596107055961071,0.054339010543390104,0.05271695052716951,0.16626115166261152,0.170316301703163
439,0.1150326797385621,0.0888888888888889,0.0823529411764706,0.11241830065359479,0.0954248366013072,0.11764705882352942,0.069281045751634,0.06797385620915034,0.16601307189542486,0.08496732026143793
440,0.11934156378600823,0.13580246913580246,0.08093278463648834,0.08641975308641975,0.07681755829903979,0.07407407407407407,0.06584362139917696,0.1083676268861454,0.1262002743484225,0.1262002743484225
441,0.12174940898345155,0.14302600472813243,0.10165484633569741,0.066193853427896,0.07210401891252957,0.07092198581560286,0.08628841607565013,0.06855791962174942,0.11111111111111112,0.1583924349881797
442,0.14814814814814817,0.08395061728395063,0.09629629629629631,0.12716049382716052,0.09876543209876544,0.05925925925925927,0.05925925925925927,0.09506172839506175,0.11728395061728396,0.11481481481481483
443,0.13793103448275862,0.08812260536398467,0.06066411238825032,0.13026819923371646,0.13537675606641125,0.09323116219667944,0.040229885057471264,0.06577266922094509,0.11174968071519796,0.13665389527458494
444,0.10756501182033099,0.11465721040189127,0.0880614657210402,0.08037825059101657,0.09042553191489364,0.091016548463357,0.06914893617021278,0.11761229314420805,0.11111111111111112,0.13002364066193856
445,0.07142857142857142,0.09047619047619047,0.12857142857142856,0.09206349206349207,0.08571428571428572,0.08571428571428572,0.07142857142857142,0.10793650793650794,0.15396825396825398,0.1126984126984127
446,0.10680447889750215,0.11714039621016366,0.11024978466838932,0.08785529715762273,0.05770887166236004,0.11541774332472007,0.08527131782945736,0.07665805340223945,0.10594315245478036,0.13695090439276486
447,0.10699588477366256,0.08916323731138548,0.09739368998628259,0.0617283950617284,0.12208504801097395,0.08093278463648836,0.07544581618655694,0.09053497942386833,0.10973936899862827,0.16598079561042528
448,0.09929078014184398,0.1182033096926714,0.1016548463356974,0.09929078014184398,0.0768321513002364,0.0591016548463357,0.08392434988179669,0.08628841607565012,0.10756501182033097,0.16784869976359337
449,0.10849673202614381,0.11633986928104577,0.1215686274509804,0.11241830065359479,0.08496732026143793,0.06666666666666668,0.06797385620915034,0.10588235294117648,0.09150326797385622,0.12418300653594773
450,0.14709595959595959,0.1029040404040404,0.09659090909090909,0.11553030303030302,0.1369949494949495,0.08585858585858586,0.0707070707070707,0.08017676767676768,0.1111111111111111,0.05303030303030303
451,0.12757201646090538,0.09994121105232218,0.14050558495002943,0.07524985302763082,0.06407995296884188,0.07289829512051736,0.057613168724279844,0.15226337448559674,0.08641975308641976,0.1234567901234568
452,0.0912106135986733,0.08043117744610281,0.11857379767827529,0.09618573797678276,0.09701492537313433,0.1252072968490879,0.06218905472636816,0.08540630182421227,0.10530679933665009,0.1384742951907131
453,0.10466988727858294,0.10144927536231885,0.12238325281803543,0.0853462157809984,0.08695652173913043,0.0998389694041868,0.07246376811594203,0.08373590982286634,0.143317230273752,0.0998389694041868
454,0.08969210174029452,0.09103078982597054,0.1111111111111111,0.09370816599732262,0.09906291834002677,0.12182061579651941,0.08165997322623829,0.10040160642570281,0.09103078982597054,0.12048192771084337
455,0.1191919191919192,0.12727272727272726,0.07777777777777778,0.11313131313131314,0.08282828282828283,0.05555555555555555,0.0696969696969697,0.12727272727272726,0.11515151515151516,0.11212121212121212
456,0.09876543209876543,0.14600107353730543,0.09500805152979067,0.08749329039184112,0.11325818572195384,0.06602254428341385,0.061191626409017714,0.09178743961352658,0.08480944712828771,0.1556629092860977
457,0.12012012012012012,0.13063063063063063,0.0960960960960961,0.09309309309309309,0.08708708708708708,0.07507507507507508,0.08408408408408409,0.07207207207207207,0.12162162162162163,0.12012012012012012
458,0.14587593728698023,0.12201772324471712,0.05862304021813224,0.14519427402862986,0.1056578050443081,0.10088616223585549,0.054533060668029994,0.044989775051124746,0.08520790729379686,0.13701431492842536
459,0.10185185185185185,0.09722222222222222,0.07561728395061729,0.10339506172839506,0.07561728395061729,0.07253086419753087,0.07253086419753087,0.11728395061728394,0.15432098765432098,0.12962962962962962
460,0.08686868686868687,0.0797979797979798,0.10808080808080808,0.1,0.10606060606060606,0.1383838383838384,0.06262626262626263,0.0707070707070707,0.1393939393939394,0.10808080808080808
461,0.08045977011494254,0.11366538952745851,0.08812260536398468,0.08045977011494254,0.07662835249042146,0.1149425287356322,0.12388250319284803,0.09067688378033208,0.11366538952745851,0.11749680715197958
462,0.1310951239008793,0.1278976818545164,0.07114308553157474,0.06874500399680256,0.1135091926458833,0.08792965627498002,0.11270983213429256,0.08952837729816147,0.07753796962430055,0.11990407673860912
463,0.10934744268077601,0.09876543209876543,0.12345679012345678,0.11992945326278659,0.09171075837742504,0.10582010582010581,0.08112874779541446,0.08818342151675485,0.09876543209876543,0.08289241622574955
464,0.07407407407407407,0.10675381263616558,0.14052287581699346,0.09368191721132897,0.06862745098039216,0.12309368191721133,0.06862745098039216,0.07080610021786492,0.09477124183006536,0.15904139433551198
465,0.07904548844146159,0.14765100671140938,0.09470544369873227,0.06040268456375838,0.11558538404175986,0.0663683818046234,0.056674123788217734,0.11483967188665173,0.08650260999254286,0.17822520507084263
466,0.13276143790849673,0.0886437908496732,0.10947712418300654,0.08455882352941177,0.07066993464052287,0.06454248366013073,0.056372549019607844,0.08129084967320262,0.11764705882352941,0.1940359477124183
467,0.097953216374269,0.11695906432748537,0.10526315789473684,0.11257309941520467,0.08625730994152046,0.07748538011695906,0.0935672514619883,0.10380116959064327,0.08333333333333333,0.12280701754385964
468,0.09772423025435073,0.12583668005354753,0.09504685408299866,0.09772423025435073,0.07764390896921017,0.08032128514056225,0.09906291834002677,0.09772423025435073,0.12048192771084337,0.10843373493975904
469,0.12769485903814265,0.10447761194029852,0.11774461028192373,0.11111111111111112,0.10945273631840798,0.07628524046434496,0.08623548922056386,0.0746268656716418,0.08457711442786071,0.10779436152570482
470,0.0945083014048531,0.10727969348659001,0.09706257982120048,0.08045977011494251,0.10217113665389525,0.09706257982120048,0.08684546615581097,0.07535121328224775,0.09067688378033205,0.16858237547892718
471,0.12363067292644757,0.07355242566510173,0.09859154929577464,0.10641627543035993,0.07198748043818466,0.1111111111111111,0.07981220657276995,0.10172143974960876,0.12206572769953052,0.1111111111111111
472,0.10000000000000002,0.09814814814814816,0.0851851851851852,0.12037037037037038,0.09814814814814816,0.09444444444444446,0.0851851851851852,0.08333333333333334,0.0851851851851852,0.15000000000000002
473,0.05459770114942529,0.09674329501915709,0.10727969348659004,0.12547892720306514,0.11973180076628352,0.06992337164750957,0.04980842911877394,0.08045977011494253,0.13122605363984674,0.16475095785440613
474,0.06936416184971098,0.12074502247912652,0.11624919717405266,0.08092485549132948,0.13937058445728967,0.06294155427103404,0.04816955684007707,0.06615285806037251,0.1233140655105973,0.17276814386640976
475,0.11912943871706758,0.09278350515463918,0.05154639175257732,0.10194730813287514,0.08934707903780069,0.0882016036655212,0.06300114547537228,0.09163802978235967,0.16494845360824742,0.13745704467353953
476,0.16319444444444442,0.12268518518518516,0.10185185185185182,0.05902777777777776,0.08564814814814814,0.05671296296296295,0.06712962962962962,0.10300925925925923,0.0972222222222222,0.1435185185185185
477,0.08132045088566829,0.08534621578099841,0.09903381642512078,0.10869565217391305,0.09581320450885669,0.06199677938808374,0.08695652173913045,0.15861513687600648,0.07890499194847023,0.14331723027375204
478,0.12992125984251968,0.1084864391951006,0.06824146981627296,0.1321084864391951,0.07961504811898512,0.07305336832895888,0.06167979002624672,0.05380577427821522,0.14304461942257218,0.1500437445319335
479,0.09109109109109109,0.0980980980980981,0.07307307307307308,0.0890890890890891,0.12512512512512514,0.0940940940940941,0.08508508508508508,0.14314314314314314,0.11311311311311312,0.08808808808808809
480,0.11014492753623188,0.06376811594202898,0.11594202898550725,0.08502415458937199,0.11884057971014493,0.06666666666666667,0.07536231884057971,0.06376811594202898,0.10434782608695652,0.1961352657004831
481,0.07320261437908497,0.08496732026143791,0.09934640522875816,0.17908496732026144,0.08235294117647059,0.10196078431372549,0.06928104575163399,0.09019607843137255,0.11633986928104575,0.10326797385620914
482,0.13499480789200416,0.07165109034267912,0.09138110072689512,0.12045690550363447,0.09449636552440291,0.060228452751817235,0.06334371754932502,0.09034267912772585,0.14641744548286603,0.12668743509865005
483,0.1208198489751888,0.15533980582524273,0.09708737864077671,0.075512405609493,0.11434735706580368,0.10248112189859764,0.053937432578209286,0.048543689320388356,0.10679611650485438,0.12513484358144555
484,0.1092436974789916,0.11764705882352941,0.08123249299719888,0.11671335200746966,0.12605042016806722,0.09897292250233426,0.05228758169934641,0.06816059757236227,0.09430438842203548,0.1353874883286648
485,0.10549943883277217,0.11896745230078563,0.10325476992143659,0.10886644219977554,0.0920314253647587,0.10998877665544332,0.06846240179573512,0.08641975308641975,0.0920314253647587,0.11447811447811448
486,0.11011011011011008,0.15265265265265263,0.07057057057057056,0.09509509509509506,0.1186186186186186,0.1271271271271271,0.04204204204204204,0.10410410410410408,0.07307307307307306,0.10660660660660658
487,0.11269088994207478,0.13533438651922064,0.09004739336492891,0.129015271195366,0.08162190626645603,0.13796735123749343,0.08267509215376515,0.07740916271721959,0.07582938388625593,0.07740916271721959
488,0.09572649572649573,0.08376068376068375,0.09230769230769231,0.08034188034188035,0.12136752136752137,0.11452991452991453,0.08376068376068375,0.09230769230769231,0.13162393162393163,0.10427350427350428
489,0.16116116116116114,0.11411411411411408,0.07507507507507506,0.10710710710710708,0.1161161161161161,0.09109109109109108,0.05705705705705704,0.06706706706706705,0.10510510510510508,0.10610610610610607
490,0.12162162162162163,0.1066066066066066,0.11861861861861862,0.10510510510510511,0.08858858858858859,0.09309309309309309,0.0945945945945946,0.08108108108108109,0.0945945945945946,0.0960960960960961
491,0.12567049808429118,0.06666666666666667,0.06743295019157088,0.09118773946360154,0.17011494252873563,0.0842911877394636,0.03908045977011494,0.1486590038314176,0.11724137931034483,0.0896551724137931
492,0.08766564729867482,0.11416921508664628,0.13863404689092762,0.09072375127421,0.09174311926605505,0.10397553516819572,0.053007135575942915,0.0652395514780836,0.12028542303771661,0.1345565749235474
493,0.14740740740740743,0.09407407407407409,0.11703703703703705,0.07777777777777779,0.12074074074074076,0.08000000000000002,0.04296296296296297,0.07407407407407408,0.09555555555555557,0.1503703703703704
494,0.0647130647130647,0.06837606837606837,0.13797313797313795,0.15506715506715504,0.08913308913308912,0.08424908424908424,0.08424908424908424,0.07936507936507935,0.05494505494505493,0.1819291819291819
495,0.09841269841269841,0.1693121693121693,0.10158730158730159,0.08465608465608465,0.13015873015873017,0.08677248677248678,0.08042328042328042,0.06772486772486773,0.11005291005291006,0.07089947089947089
496,0.08378870673952642,0.09744990892531877,0.11475409836065574,0.08378870673952642,0.16302367941712204,0.05555555555555555,0.0692167577413479,0.13296903460837886,0.09562841530054644,0.10382513661202186
497,0.12933568489124045,0.1128747795414462,0.08818342151675485,0.102880658436214,0.11757789535567313,0.06466784244562022,0.052322163433274546,0.07995296884185774,0.13932980599647266,0.1128747795414462
498,0.1063321385902031,0.1087216248506571,0.07646356033452807,0.0884109916367981,0.11469534050179211,0.07287933094384708,0.056152927120669056,0.08124253285543608,0.11947431302270012,0.17562724014336917
499,0.10449735449735449,0.15343915343915343,0.07804232804232804,0.07539682539682539,0.10449735449735449,0.14947089947089948,0.05952380952380952,0.0873015873015873,0.09523809523809523,0.09259259259259259
500,0.07894736842105264,0.11988304093567254,0.11988304093567254,0.0925925925925926,0.13255360623781678,0.0760233918128655,0.06335282651072126,0.09161793372319689,0.1169590643274854,0.108187134502924
501,0.10942760942760944,0.09680134680134682,0.08080808080808083,0.08585858585858587,0.1506734006734007,0.10774410774410775,0.0883838383838384,0.0883838383838384,0.08585858585858587,0.10606060606060608
502,0.15015015015015015,0.09009009009009009,0.07957957957957958,0.11561561561561562,0.07357357357357357,0.11561561561561562,0.08258258258258258,0.0960960960960961,0.11561561561561562,0.08108108108108109
503,0.14999999999999997,0.14259259259259258,0.09629629629629627,0.12129629629629626,0.08148148148148147,0.06759259259259258,0.052777777777777764,0.06018518518518517,0.12499999999999997,0.10277777777777775
504,0.13031550068587103,0.0905349794238683,0.07407407407407406,0.10699588477366252,0.1138545953360768,0.093278463648834,0.08367626886145403,0.08230452674897118,0.0905349794238683,0.1344307270233196
505,0.08535688005886681,0.1545253863134658,0.10154525386313466,0.08977189109639441,0.10228108903605593,0.05886681383370125,0.039735099337748346,0.0706401766004415,0.09713024282560706,0.20014716703458427
506,0.08796296296296295,0.13425925925925924,0.05439814814814813,0.08796296296296295,0.10185185185185182,0.09953703703703701,0.11111111111111108,0.08912037037037035,0.10300925925925923,0.130787037037037
507,0.12007168458781362,0.08422939068100359,0.09498207885304659,0.13082437275985664,0.0913978494623656,0.14695340501792115,0.08422939068100359,0.08064516129032258,0.08064516129032258,0.08602150537634409
508,0.13713713713713716,0.07907907907907909,0.0840840840840841,0.10910910910910912,0.05705705705705706,0.10210210210210212,0.08208208208208209,0.06506506506506508,0.061061061061061066,0.22322322322322324
509,0.08602150537634409,0.1057347670250896,0.08064516129032258,0.10752688172043011,0.1111111111111111,0.09498207885304659,0.0931899641577061,0.08064516129032258,0.13799283154121864,0.10215053763440861
510,0.08992248062015504,0.07080103359173126,0.09715762273901808,0.1359173126614987,0.12558139534883722,0.09250645994832041,0.04806201550387597,0.06563307493540052,0.08940568475452196,0.18501291989664082
511,0.07598566308243727,0.08673835125448029,0.12616487455197134,0.1060931899641577,0.12616487455197134,0.0939068100358423,0.06666666666666667,0.06093189964157706,0.11612903225806452,0.14121863799283155
512,0.09452736318407962,0.11608623548922058,0.09950248756218907,0.14759535655058045,0.09121061359867332,0.08623548922056386,0.07960199004975126,0.11276948590381428,0.09618573797678277,0.07628524046434496
513,0.08091787439613526,0.12318840579710146,0.0785024154589372,0.08695652173913043,0.08454106280193237,0.05434782608695652,0.07608695652173914,0.17028985507246377,0.10265700483091787,0.14251207729468598
514,0.13649604660840614,0.13399916770703285,0.1685393258426966,0.1057012068248023,0.07865168539325841,0.044111527257594665,0.027881814398668325,0.06242197253433207,0.11235955056179772,0.12983770287141072
515,0.14155251141552513,0.08675799086757992,0.09132420091324202,0.07914764079147642,0.08371385083713852,0.11263318112633182,0.07153729071537292,0.09284627092846272,0.12480974124809742,0.11567732115677322
516,0.09391534391534391,0.07539682539682539,0.12169312169312169,0.11772486772486772,0.08862433862433862,0.09126984126984126,0.08465608465608465,0.08068783068783068,0.14153439153439154,0.10449735449735449
517,0.11111111111111112,0.10229276895943563,0.07760141093474428,0.11111111111111112,0.13492063492063494,0.10758377425044093,0.05555555555555556,0.10846560846560847,0.10670194003527338,0.08465608465608467
518,0.0804093567251462,0.14912280701754385,0.0847953216374269,0.0804093567251462,0.12280701754385964,0.12134502923976608,0.06578947368421052,0.1067251461988304,0.06725146198830409,0.12134502923976608
519,0.06645230439442658,0.09682029296177207,0.06716684530189353,0.1232583065380493,0.12254376563058235,0.09074669524830296,0.06430868167202572,0.10396570203644159,0.10753840657377635,0.15719899964272954
520,0.10591293047433398,0.10916179337231968,0.1221572449642625,0.06042884990253411,0.11500974658869395,0.08771929824561403,0.0714749837556855,0.09161793372319688,0.07992202729044834,0.15659519168291097
521,0.09803921568627451,0.0813362381989833,0.07334785766158315,0.08351488743645606,0.05519244734931009,0.0878721859114016,0.06172839506172839,0.1299927378358751,0.140159767610748,0.1888162672476398
522,0.16161616161616163,0.12205387205387205,0.06228956228956229,0.09595959595959595,0.08249158249158249,0.08838383838383838,0.07154882154882154,0.0664983164983165,0.0723905723905724,0.17676767676767677
523,0.07968574635241302,0.11896745230078563,0.07631874298540965,0.058361391694725026,0.15039281705948374,0.08529741863075196,0.0718294051627385,0.13019079685746351,0.12008978675645342,0.10886644219977554
524,0.08695652173913043,0.12077294685990338,0.10789049919484701,0.09339774557165861,0.08856682769726248,0.11594202898550725,0.08695652173913043,0.0998389694041868,0.09822866344605476,0.10144927536231885
525,0.07981220657276995,0.13693270735524257,0.15884194053208137,0.0649452269170579,0.08998435054773082,0.06651017214397496,0.057902973395931145,0.09076682316118936,0.13536776212832552,0.1189358372456964
526,0.1040189125295508,0.08904649330181244,0.08825847123719463,0.058313632781717875,0.08353033884948777,0.10480693459416861,0.07486209613869187,0.16706067769897553,0.10480693459416861,0.12529550827423164
527,0.12002376708259062,0.10992275698158051,0.0915032679738562,0.12180629827688651,0.06001188354129531,0.09090909090909091,0.062388591800356503,0.12537136066547833,0.14616755793226383,0.0718954248366013
528,0.09178743961352658,0.08856682769726248,0.09420289855072464,0.11594202898550725,0.0998389694041868,0.07246376811594203,0.05636070853462158,0.16908212560386474,0.10869565217391304,0.10305958132045089
529,0.09722222222222224,0.11111111111111112,0.09217171717171718,0.0984848484848485,0.05808080808080809,0.09469696969696971,0.06944444444444446,0.11237373737373739,0.13888888888888892,0.12752525252525254
530,0.11386593204775022,0.13406795224977044,0.07713498622589532,0.10376492194674013,0.08999081726354453,0.06244260789715335,0.05968778696051423,0.06244260789715335,0.1248852157943067,0.1717171717171717
531,0.10317460317460317,0.10449735449735449,0.11375661375661375,0.10317460317460317,0.0873015873015873,0.09788359788359788,0.06746031746031746,0.05952380952380952,0.10978835978835978,0.15343915343915343
532,0.07555555555555556,0.07851851851851852,0.08,0.11703703703703704,0.14666666666666667,0.08444444444444445,0.08296296296296296,0.0725925925925926,0.08,0.18222222222222223
533,0.07685185185185185,0.12777777777777777,0.08888888888888889,0.10740740740740741,0.10833333333333334,0.08981481481481482,0.05185185185185185,0.08425925925925926,0.14351851851851852,0.12129629629629629
534,0.06680957484816005,0.10289389067524116,0.06502322257949268,0.1218292247231154,0.12433011789924973,0.09146123615576991,0.06895319757056091,0.1036084315827081,0.10146480886030725,0.15362629510539477
535,0.1021021021021021,0.08558558558558559,0.10810810810810811,0.1111111111111111,0.09009009009009009,0.07057057057057058,0.07957957957957958,0.10510510510510511,0.12912912912912913,0.11861861861861862
536,0.12238325281803543,0.13043478260869565,0.08373590982286634,0.0998389694041868,0.08695652173913043,0.07407407407407407,0.07568438003220612,0.10305958132045089,0.12238325281803543,0.10144927536231885
537,0.12374934175882044,0.1674565560821485,0.12006319115323855,0.07898894154818326,0.0795155344918378,0.04634017904160084,0.0573986308583465,0.09057398630858346,0.09531332280147446,0.1406003159557662
538,0.08178559791463018,0.13815575105897687,0.08048224177256436,0.08080808080808081,0.10198761811665037,0.09481915933528837,0.06712284131638971,0.06516780710329098,0.11534701857282502,0.17432388400130336
539,0.10000000000000002,0.08055555555555557,0.09166666666666667,0.09583333333333335,0.1013888888888889,0.12083333333333335,0.10972222222222223,0.07500000000000001,0.1416666666666667,0.08333333333333334
540,0.10024154589371981,0.09541062801932366,0.0821256038647343,0.0929951690821256,0.10386473429951691,0.08695652173913043,0.10628019323671498,0.08695652173913043,0.10386473429951691,0.14130434782608695
541,0.10185185185185185,0.11868686868686869,0.054713804713804715,0.15151515151515152,0.17845117845117844,0.07912457912457913,0.06481481481481481,0.07575757575757576,0.07996632996632996,0.09511784511784512
542,0.07024265644955302,0.08812260536398468,0.1149425287356322,0.09706257982120052,0.09195402298850576,0.07918263090676886,0.09578544061302684,0.10983397190293744,0.12005108556832696,0.13282247765006389
543,0.07657657657657657,0.07807807807807808,0.09309309309309309,0.12162162162162163,0.12912912912912913,0.11861861861861862,0.07957957957957958,0.08558558558558559,0.1066066066066066,0.1111111111111111
544,0.11914323962516733,0.10843373493975904,0.09370816599732262,0.08969210174029452,0.12048192771084337,0.11378848728246319,0.08299866131191433,0.08299866131191433,0.06157965194109773,0.12717536813922356
545,0.09544159544159544,0.08974358974358974,0.10968660968660969,0.07834757834757834,0.07692307692307693,0.1111111111111111,0.0811965811965812,0.10398860398860399,0.10826210826210826,0.1452991452991453
546,0.09621993127147767,0.13172966781214204,0.11798396334478808,0.09049255441008018,0.09278350515463918,0.08247422680412371,0.06987399770904926,0.054982817869415807,0.12714776632302405,0.13631156930126
547,0.08913308913308915,0.056166056166056175,0.08180708180708182,0.12454212454212456,0.08302808302808304,0.07936507936507937,0.1037851037851038,0.10256410256410257,0.1037851037851038,0.17582417582417587
548,0.11627906976744186,0.11886304909560723,0.1020671834625323,0.06330749354005168,0.08139534883720931,0.11627906976744186,0.08010335917312661,0.08139534883720931,0.08785529715762273,0.1524547803617571
549,0.1471471471471471,0.08708708708708707,0.08608608608608607,0.11211211211211208,0.1471471471471471,0.08208208208208206,0.047047047047047034,0.06206206206206205,0.07407407407407406,0.15515515515515513
550,0.0784313725490196,0.09477124183006536,0.0915032679738562,0.119281045751634,0.1111111111111111,0.10130718954248366,0.08169934640522876,0.07352941176470588,0.0915032679738562,0.1568627450980392
551,0.143317230273752,0.1288244766505636,0.07246376811594203,0.0821256038647343,0.08856682769726248,0.09017713365539452,0.07246376811594203,0.07568438003220612,0.13043478260869565,0.11594202898550725
552,0.091005291005291,0.08465608465608465,0.08042328042328042,0.14179894179894179,0.11746031746031746,0.1164021164021164,0.11216931216931217,0.06455026455026455,0.08783068783068783,0.1037037037037037
553,0.11561561561561563,0.10960960960960962,0.0930930930930931,0.10960960960960962,0.0900900900900901,0.09159159159159161,0.0840840840840841,0.11411411411411412,0.0780780780780781,0.11411411411411412
554,0.08620689655172416,0.12452107279693488,0.08620689655172416,0.11302681992337166,0.10536398467432952,0.10536398467432952,0.08620689655172416,0.09003831417624522,0.10344827586206898,0.0996168582375479
555,0.0905349794238683,0.13251028806584358,0.09465020576131684,0.0839506172839506,0.07983539094650205,0.054320987654320974,0.058436213991769535,0.17530864197530863,0.09465020576131684,0.13580246913580243
556,0.09677419354838711,0.0824372759856631,0.09080047789725211,0.0943847072879331,0.10155316606929511,0.11589008363201914,0.06451612903225808,0.09557945041816011,0.10394265232974911,0.1541218637992832
557,0.13483146067415733,0.08239700374531836,0.09737827715355807,0.09987515605493134,0.08239700374531836,0.11235955056179776,0.06741573033707866,0.10237203495630463,0.09862671660424471,0.1223470661672909
558,0.1271753681392236,0.10174029451137886,0.10575635876840697,0.08433734939759037,0.07764390896921018,0.06961178045515397,0.09504685408299868,0.08969210174029453,0.10843373493975905,0.14056224899598396
559,0.0871459694989107,0.11982570806100219,0.08605664488017431,0.062091503267973865,0.08278867102396516,0.08061002178649239,0.05119825708061003,0.14161220043572986,0.1252723311546841,0.16339869281045755
560,0.09935897435897435,0.11004273504273504,0.07051282051282051,0.0876068376068376,0.09615384615384616,0.18696581196581197,0.05448717948717949,0.1111111111111111,0.09294871794871795,0.09081196581196581
561,0.08378870673952642,0.08561020036429873,0.0947176684881603,0.122040072859745,0.08196721311475409,0.13114754098360656,0.09836065573770492,0.09836065573770492,0.08378870673952642,0.12021857923497267
562,0.09423347398030943,0.10407876230661041,0.11673699015471167,0.09142053445850915,0.10548523206751055,0.07172995780590717,0.12658227848101267,0.09142053445850915,0.10407876230661041,0.09423347398030943
563,0.09001406469760899,0.10689170182841067,0.09282700421940927,0.13080168776371306,0.1322081575246132,0.08016877637130801,0.0731364275668073,0.12939521800281292,0.07735583684950773,0.0872011251758087
564,0.1419753086419753,0.10390946502057613,0.12242798353909465,0.11625514403292181,0.08333333333333333,0.07613168724279835,0.056584362139917695,0.0668724279835391,0.12037037037037036,0.11213991769547325
565,0.0867802108678021,0.18248175182481752,0.1030008110300081,0.06001622060016221,0.08029197080291971,0.0665044606650446,0.09002433090024331,0.1151662611516626,0.0746147607461476,0.1411192214111922
566,0.14455231930960086,0.07551240560949299,0.06364617044228695,0.14778856526429343,0.0970873786407767,0.07011866235167206,0.06040992448759439,0.09492988133764833,0.1413160733549083,0.104638619201726
567,0.0725925925925926,0.1688888888888889,0.10666666666666667,0.06666666666666667,0.10518518518518519,0.08148148148148149,0.06962962962962962,0.07851851851851852,0.10962962962962963,0.14074074074074075
568,0.1474747474747475,0.12525252525252528,0.13232323232323234,0.06262626262626264,0.09292929292929294,0.08080808080808083,0.06565656565656568,0.1090909090909091,0.08383838383838385,0.10000000000000002
569,0.13221601489757914,0.09869646182495345,0.07572936064556177,0.0931098696461825,0.10986964618249534,0.1191806331471136,0.05772811918063315,0.08317815021725636,0.07386716325263812,0.1564245810055866
570,0.06810035842293906,0.14217443249701311,0.1230585424133811,0.08602150537634408,0.10752688172043008,0.06571087216248506,0.08841099163679808,0.07765830346475507,0.08602150537634408,0.15531660692951013
571,0.13425925925925927,0.0787037037037037,0.08950617283950617,0.10030864197530864,0.08796296296296297,0.09259259259259259,0.07561728395061729,0.12654320987654322,0.07716049382716049,0.13734567901234568
572,0.09375000000000001,0.09375000000000001,0.12326388888888891,0.09375000000000001,0.08333333333333334,0.07986111111111112,0.08854166666666669,0.08333333333333334,0.13541666666666669,0.12500000000000003
573,0.07764390896921017,0.08835341365461848,0.09504685408299866,0.10174029451137885,0.10441767068273092,0.07362784471218206,0.07362784471218206,0.07898259705488621,0.12583668005354753,0.18072289156626506
574,0.1475095785440613,0.11749680715197956,0.08876117496807152,0.1040868454661558,0.10344827586206896,0.08620689655172414,0.08620689655172414,0.06002554278416347,0.08812260536398467,0.11813537675606642
575,0.11772486772486772,0.09259259259259259,0.06878306878306878,0.1455026455026455,0.12169312169312169,0.07275132275132275,0.10052910052910052,0.10978835978835978,0.0873015873015873,0.08333333333333333
576,0.096045197740113,0.09981167608286252,0.09792843691148775,0.10734463276836158,0.1016949152542373,0.0903954802259887,0.09416195856873823,0.0847457627118644,0.1167608286252354,0.1111111111111111
577,0.14529914529914534,0.09686609686609687,0.08831908831908833,0.10351377018043686,0.08831908831908833,0.09211775878442546,0.07882241215574551,0.11775878442545111,0.08831908831908833,0.10066476733143401
578,0.12247474747474749,0.07196969696969699,0.07954545454545456,0.11363636363636365,0.15909090909090912,0.07323232323232325,0.10101010101010102,0.11237373737373739,0.0883838383838384,0.0782828282828283
579,0.05935127674258109,0.10144927536231885,0.06487232574189096,0.06694271911663216,0.08488612836438923,0.060041407867494824,0.07246376811594203,0.16908212560386474,0.13871635610766045,0.18219461697722567
580,0.1341991341991342,0.1414141414141414,0.0707070707070707,0.08080808080808081,0.09090909090909091,0.10101010101010101,0.0707070707070707,0.0836940836940837,0.0707070707070707,0.15584415584415584
581,0.17160493827160495,0.0962962962962963,0.07777777777777778,0.08518518518518518,0.10246913580246914,0.13580246913580246,0.0691358024691358,0.09506172839506173,0.07777777777777778,0.08888888888888889
582,0.12104283054003724,0.1440099317194289,0.06269397889509622,0.16945996275605213,0.07262569832402235,0.09869646182495345,0.04655493482309125,0.04779639975170701,0.08504034761018,0.15207945375543142
583,0.12554112554112554,0.08080808080808081,0.1414141414141414,0.10101010101010101,0.1111111111111111,0.07792207792207792,0.06637806637806638,0.08225108225108226,0.10678210678210678,0.10678210678210678
584,0.0960960960960961,0.1006006006006006,0.0945945945945946,0.10960960960960961,0.08558558558558559,0.12912912912912913,0.06906906906906907,0.0945945945945946,0.09759759759759759,0.12312312312312312
585,0.12291666666666666,0.08125,0.1361111111111111,0.05625,0.11527777777777778,0.06805555555555555,0.06736111111111111,0.09166666666666666,0.09027777777777778,0.17083333333333334
586,0.08218277449046679,0.1051939513477975,0.042735042735042736,0.05456936226166995,0.10387902695595003,0.05128205128205128,0.08678500986193294,0.16502301117685733,0.1334648257725181,0.17488494411571334
587,0.08620689655172414,0.11302681992337164,0.11685823754789272,0.13218390804597702,0.09386973180076628,0.09770114942528736,0.09003831417624521,0.08620689655172414,0.08812260536398467,0.09578544061302682
588,0.14481897627965043,0.08114856429463171,0.09987515605493133,0.1348314606741573,0.0749063670411985,0.09488139825218476,0.066167290886392,0.08863920099875156,0.11235955056179775,0.10237203495630462
589,0.14112903225806456,0.10035842293906812,0.06586021505376345,0.08019713261648746,0.08019713261648746,0.08736559139784948,0.07258064516129034,0.14964157706093192,0.11200716845878138,0.110663082437276
590,0.1379142300194932,0.09551656920077974,0.07407407407407408,0.1432748538011696,0.08966861598440547,0.08333333333333334,0.050194931773879146,0.046783625730994156,0.14717348927875246,0.13206627680311894
591,0.14255765199161427,0.05450733752620546,0.06813417190775682,0.16037735849056606,0.11425576519916143,0.08805031446540881,0.07232704402515724,0.05136268343815514,0.17714884696016775,0.07127882599580714
592,0.11561561561561562,0.07657657657657657,0.11411411411411411,0.0960960960960961,0.12462462462462462,0.08408408408408409,0.07657657657657657,0.08258258258258258,0.13363363363363365,0.0960960960960961
593,0.09696969696969697,0.1111111111111111,0.09090909090909091,0.11717171717171718,0.09090909090909091,0.09898989898989899,0.1111111111111111,0.10101010101010101,0.09090909090909091,0.09090909090909091
594,0.07029478458049887,0.1564625850340136,0.1345427059712774,0.09372637944066516,0.0982615268329554,0.05895691609977324,0.05442176870748299,0.09221466364323508,0.14285714285714285,0.0982615268329554
595,0.08865248226950355,0.13947990543735225,0.1111111111111111,0.14184397163120568,0.10756501182033097,0.061465721040189124,0.07328605200945626,0.07446808510638298,0.12411347517730496,0.07801418439716312
596,0.08148148148148149,0.08148148148148149,0.10925925925925926,0.09444444444444444,0.09722222222222222,0.12685185185185185,0.06018518518518518,0.05462962962962963,0.11018518518518519,0.18425925925925926
597,0.107095046854083,0.10977242302543508,0.06157965194109773,0.06157965194109773,0.07697456492637215,0.07095046854082998,0.06358768406961178,0.08902275769745649,0.1499330655957162,0.20950468540829986
598,0.0876656472986748,0.15086646279306826,0.09785932721712536,0.08868501529051986,0.09582059123343524,0.08460754332313963,0.07645259938837919,0.1060142711518858,0.10295616717635063,0.10907237512742098
599,0.12944983818770225,0.10032362459546926,0.0593311758360302,0.07766990291262135,0.11542610571736785,0.08414239482200647,0.06580366774541532,0.08198489751887811,0.13160733549083065,0.15426105717367852
600,0.121283255086072,0.07120500782472615,0.1158059467918623,0.0805946791862285,0.06338028169014086,0.07355242566510174,0.05790297339593115,0.12832550860719877,0.09076682316118938,0.1971830985915493
601,0.15555555555555559,0.1305555555555556,0.07407407407407408,0.11666666666666668,0.11851851851851854,0.07407407407407408,0.04444444444444445,0.06666666666666668,0.07314814814814816,0.1462962962962963
602,0.1111111111111111,0.08796296296296297,0.08796296296296297,0.1404320987654321,0.10339506172839506,0.11419753086419752,0.08024691358024691,0.08333333333333333,0.10648148148148148,0.08487654320987655
603,0.10135708227311281,0.15351993214588636,0.08227311280746395,0.06361323155216285,0.10262934690415607,0.07591178965224767,0.05767599660729432,0.10432569974554708,0.12383375742154368,0.13486005089058525
604,0.06928104575163399,0.10326797385620914,0.12549019607843137,0.08235294117647059,0.09281045751633987,0.12549019607843137,0.1084967320261438,0.06013071895424837,0.14640522875816994,0.08627450980392157
605,0.10256410256410256,0.07264957264957266,0.11965811965811966,0.05555555555555555,0.060897435897435896,0.09829059829059829,0.06196581196581197,0.09722222222222222,0.1517094017094017,0.1794871794871795
606,0.13188798554652212,0.08130081300813008,0.0975609756097561,0.14001806684733514,0.09033423667570009,0.1093044263775971,0.05058717253839205,0.06775067750677506,0.12014453477868112,0.1111111111111111
607,0.1177024482109228,0.1177024482109228,0.11111111111111112,0.11205273069679851,0.08286252354048966,0.09133709981167609,0.04990583804143127,0.06120527306967986,0.11581920903954804,0.14030131826741998
608,0.13742690058479531,0.08625730994152046,0.12426900584795321,0.0891812865497076,0.13596491228070176,0.0847953216374269,0.07602339181286549,0.09064327485380116,0.07894736842105263,0.09649122807017543
609,0.08564814814814815,0.09027777777777778,0.12384259259259259,0.09259259259259259,0.08680555555555555,0.08564814814814815,0.06481481481481481,0.09143518518518519,0.1388888888888889,0.1400462962962963
610,0.10471622701838529,0.10231814548361311,0.08233413269384493,0.12150279776179057,0.08792965627498002,0.07753796962430055,0.042366107114308556,0.1079136690647482,0.12070343725019984,0.15267785771382894
611,0.11841038118410381,0.09570154095701541,0.1070559610705596,0.11678832116788321,0.06731549067315491,0.07948094079480941,0.05190592051905921,0.10867802108678021,0.11841038118410381,0.1362530413625304
612,0.08444444444444445,0.10814814814814815,0.09185185185185185,0.06814814814814815,0.06962962962962962,0.06814814814814815,0.13777777777777778,0.1674074074074074,0.10814814814814815,0.0962962962962963
613,0.13813813813813813,0.1006006006006006,0.0990990990990991,0.1111111111111111,0.07957957957957958,0.08858858858858859,0.08558558558558559,0.1036036036036036,0.07657657657657657,0.11711711711711711
614,0.09876543209876543,0.11265432098765432,0.07561728395061729,0.08796296296296297,0.0941358024691358,0.12345679012345678,0.08487654320987655,0.09567901234567901,0.08796296296296297,0.1388888888888889
615,0.09061488673139159,0.11434735706580366,0.07011866235167206,0.07659115426105717,0.09600862998921252,0.09061488673139159,0.08737864077669903,0.09061488673139159,0.1488673139158576,0.1348435814455232
616,0.08456243854473942,0.119960668633235,0.07472959685349066,0.09242871189773845,0.06096361848574238,0.11897738446411013,0.06981317600786627,0.08062930186823992,0.11307767944936087,0.1848574237954769
617,0.10127826941986236,0.10226155358898723,0.09144542772861358,0.08849557522123895,0.09242871189773846,0.12389380530973453,0.06293018682399215,0.10619469026548674,0.0904621435594887,0.14060963618485744
618,0.08209483368719038,0.11889596602972399,0.11889596602972399,0.06652512384996462,0.08775654635527247,0.08209483368719038,0.055909412597310686,0.10332625619249823,0.1854210898796886,0.09907997169143666
619,0.09444444444444446,0.10462962962962964,0.1277777777777778,0.10000000000000002,0.08425925925925927,0.09814814814814816,0.08981481481481483,0.07222222222222223,0.11203703703703705,0.11666666666666668
620,0.18913580246913583,0.12296296296296298,0.09135802469135804,0.08395061728395063,0.08098765432098767,0.04296296296296297,0.04444444444444445,0.10271604938271606,0.10123456790123458,0.14024691358024693
621,0.08080808080808081,0.11363636363636363,0.07449494949494949,0.10101010101010101,0.15151515151515152,0.08964646464646464,0.059343434343434344,0.0845959595959596,0.12626262626262627,0.11868686868686869
622,0.09,0.07888888888888888,0.07333333333333333,0.12333333333333334,0.0811111111111111,0.06444444444444444,0.08444444444444445,0.12222222222222222,0.15777777777777777,0.12444444444444444
623,0.14074074074074078,0.06137566137566138,0.09841269841269842,0.0888888888888889,0.15449735449735452,0.07724867724867726,0.08994708994708996,0.0888888888888889,0.09523809523809525,0.10476190476190478
624,0.10679611650485436,0.1111111111111111,0.1262135922330097,0.10032362459546926,0.08090614886731391,0.10032362459546926,0.07335490830636461,0.08090614886731391,0.0970873786407767,0.12297734627831715
625,0.11054131054131056,0.1133903133903134,0.08717948717948719,0.1458689458689459,0.09173789173789175,0.10256410256410257,0.07920227920227922,0.04558404558404559,0.09515669515669517,0.1287749287749288
626,0.07163742690058479,0.09064327485380116,0.10964912280701754,0.0847953216374269,0.08552631578947369,0.07821637426900585,0.051900584795321635,0.14839181286549707,0.15423976608187134,0.125
627,0.0720164609053498,0.1286008230452675,0.06790123456790123,0.1368312757201646,0.059670781893004114,0.12139917695473251,0.06995884773662552,0.09362139917695474,0.1111111111111111,0.1388888888888889
628,0.12169312169312169,0.14436885865457294,0.08994708994708994,0.11866969009826153,0.06198034769463341,0.09977324263038549,0.05215419501133787,0.12093726379440665,0.13529856386999245,0.05517762660619804
629,0.13172043010752688,0.06810035842293907,0.07885304659498207,0.10304659498207885,0.07885304659498207,0.0913978494623656,0.07258064516129033,0.05734767025089606,0.1111111111111111,0.20698924731182797
630,0.08986928104575165,0.10457516339869283,0.12418300653594773,0.10130718954248367,0.09150326797385622,0.0866013071895425,0.07516339869281047,0.10457516339869283,0.08823529411764708,0.1339869281045752
631,0.147119341563786,0.10185185185185185,0.08950617283950617,0.10596707818930041,0.08539094650205761,0.12962962962962962,0.05246913580246913,0.09053497942386832,0.07613168724279835,0.12139917695473251
632,0.11111111111111108,0.11231884057971012,0.08212560386473429,0.10507246376811591,0.0857487922705314,0.09541062801932364,0.05917874396135264,0.10869565217391301,0.09541062801932364,0.14492753623188404
633,0.1505711318795431,0.13811007268951195,0.08203530633437175,0.07372793354101766,0.09657320872274143,0.09968847352024922,0.04672897196261682,0.07580477673935618,0.11214953271028037,0.12461059190031153
634,0.12007168458781363,0.1756272401433692,0.11827956989247314,0.07885304659498209,0.10394265232974911,0.07885304659498209,0.05197132616487456,0.06362007168458783,0.09408602150537636,0.11469534050179213
635,0.10101010101010102,0.10606060606060608,0.09974747474747477,0.10353535353535355,0.1287878787878788,0.11363636363636365,0.06691919191919193,0.09595959595959597,0.10353535353535355,0.08080808080808083
636,0.1187363834422658,0.12745098039215685,0.08823529411764706,0.09477124183006536,0.06209150326797386,0.08278867102396514,0.08169934640522876,0.10021786492374728,0.11328976034858387,0.13071895424836602
637,0.1111111111111111,0.12345679012345678,0.07936507936507936,0.10405643738977072,0.09876543209876543,0.10405643738977072,0.10934744268077601,0.07936507936507936,0.09523809523809523,0.09523809523809523
638,0.1057173678532902,0.05717367853290184,0.10463861920172601,0.10787486515641857,0.11650485436893206,0.08953613807982741,0.07659115426105718,0.0981661272923409,0.09924487594390509,0.14455231930960089
639,0.09618573797678276,0.0978441127694859,0.10945273631840796,0.1310116086235489,0.08291873963515754,0.09618573797678276,0.0845771144278607,0.07462686567164178,0.09286898839137644,0.13432835820895522
640,0.0811111111111111,0.08666666666666667,0.1,0.06,0.10333333333333333,0.15333333333333332,0.09111111111111111,0.08555555555555555,0.11888888888888889,0.12
641,0.10128913443830571,0.0748925721301412,0.08778391651319828,0.12031921424186617,0.1534683855125844,0.06507059545733579,0.05033763044812769,0.11295273173726213,0.10988336402701043,0.1240024554941682
642,0.11291048133153396,0.11605937921727395,0.09176788124156546,0.12955465587044535,0.07197480881691408,0.04993252361673414,0.04183535762483131,0.08951866846603689,0.1560953666216824,0.14035087719298245
643,0.08536585365853658,0.1205962059620596,0.08130081300813007,0.11382113821138208,0.10027100271002708,0.1273712737127371,0.08401084010840107,0.07994579945799457,0.08943089430894308,0.1178861788617886
644,0.1016548463356974,0.10638297872340426,0.11583924349881797,0.11465721040189125,0.11702127659574468,0.06855791962174941,0.07919621749408984,0.07328605200945626,0.0933806146572104,0.13002364066193853
645,0.08818342151675485,0.1402116402116402,0.09876543209876543,0.07671957671957672,0.13403880070546736,0.07231040564373897,0.05555555555555555,0.09788359788359788,0.09171075837742504,0.14462081128747795
646,0.09796893667861412,0.12186379928315413,0.09318996415770611,0.0896057347670251,0.11589008363201914,0.12544802867383514,0.07407407407407408,0.07885304659498209,0.12544802867383514,0.0776583034647551
647,0.07953216374269007,0.13450292397660818,0.08654970760233918,0.09707602339181287,0.09473684210526316,0.08771929824561403,0.06900584795321638,0.07017543859649122,0.1415204678362573,0.1391812865497076
648,0.08276643990929707,0.13718820861678008,0.10770975056689344,0.14399092970521546,0.10317460317460318,0.05782312925170069,0.06122448979591837,0.09523809523809525,0.13605442176870752,0.07482993197278913
649,0.07783719548425432,0.09803921568627452,0.10873440285204992,0.11051693404634583,0.07605466428995843,0.05704099821746881,0.04872251931075461,0.18954248366013074,0.10635769459298873,0.12715389185977424
650,0.09477124183006537,0.12309368191721135,0.1263616557734205,0.062091503267973865,0.10457516339869283,0.13289760348583882,0.06427015250544664,0.10130718954248367,0.07843137254901962,0.1122004357298475
651,0.11653116531165311,0.0921409214092141,0.05962059620596206,0.12262872628726287,0.08062330623306233,0.11314363143631437,0.056910569105691054,0.056910569105691054,0.13143631436314362,0.17005420054200543
652,0.11016949152542373,0.09227871939736347,0.059322033898305086,0.11581920903954802,0.11299435028248588,0.12335216572504708,0.06591337099811675,0.09981167608286252,0.10451977401129943,0.11581920903954802
653,0.1023391812865497,0.10380116959064327,0.0804093567251462,0.15204678362573099,0.0891812865497076,0.07894736842105263,0.06725146198830409,0.07748538011695906,0.11403508771929824,0.13450292397660818
654,0.07215007215007214,0.0836940836940837,0.09235209235209235,0.11976911976911978,0.12842712842712842,0.113997113997114,0.09523809523809523,0.0836940836940837,0.10245310245310245,0.10822510822510822
655,0.08974358974358974,0.12108262108262108,0.08404558404558404,0.0868945868945869,0.08974358974358974,0.10683760683760683,0.09686609686609686,0.10113960113960115,0.10968660968660969,0.11396011396011396
656,0.10441767068273092,0.10441767068273092,0.06827309236947791,0.10174029451137885,0.13119143239625167,0.12315930388219545,0.08969210174029452,0.07898259705488621,0.11646586345381527,0.08165997322623829
657,0.0735042735042735,0.08034188034188035,0.07948717948717948,0.10427350427350428,0.08803418803418804,0.14444444444444443,0.08205128205128205,0.07863247863247863,0.08376068376068375,0.18547008547008548
658,0.12684365781710916,0.10914454277286136,0.10422812192723697,0.1415929203539823,0.07964601769911504,0.05014749262536873,0.061946902654867256,0.10521140609636184,0.09734513274336283,0.12389380530973451
659,0.14444444444444443,0.10238095238095238,0.06984126984126984,0.11190476190476191,0.0746031746031746,0.09603174603174604,0.08333333333333333,0.08095238095238096,0.12222222222222222,0.11428571428571428
660,0.1136173767752715,0.09941520467836257,0.08270676691729323,0.1035923141186299,0.15538847117794485,0.0935672514619883,0.04845446950710108,0.09523809523809523,0.11528822055137844,0.09273182957393483
661,0.06488888888888888,0.16533333333333333,0.08622222222222223,0.088,0.1537777777777778,0.06133333333333333,0.08177777777777778,0.10133333333333333,0.08622222222222223,0.1111111111111111
662,0.0939476061427281,0.15356820234869015,0.056910569105691054,0.16892502258355918,0.13098464317976513,0.07136404697380307,0.05600722673893405,0.06775067750677506,0.11653116531165311,0.08401084010840108
663,0.09045584045584046,0.1168091168091168,0.10185185185185185,0.099002849002849,0.06267806267806268,0.07122507122507123,0.05626780626780627,0.07692307692307693,0.14387464387464388,0.18091168091168092
664,0.10317460317460318,0.09656084656084657,0.09523809523809525,0.08730158730158731,0.08862433862433863,0.06481481481481483,0.07804232804232805,0.09391534391534392,0.1375661375661376,0.1547619047619048
665,0.07666666666666666,0.09666666666666666,0.08666666666666667,0.07666666666666666,0.12333333333333334,0.11666666666666667,0.09555555555555556,0.11777777777777777,0.07333333333333333,0.13666666666666666
666,0.1111111111111111,0.09809027777777778,0.08246527777777778,0.07552083333333333,0.11979166666666667,0.0763888888888889,0.05381944444444445,0.059027777777777776,0.16927083333333334,0.1545138888888889
667,0.0916747651441529,0.09588597343699384,0.09491415613864594,0.1279559442824749,0.0923226433430515,0.07774538386783285,0.04664723032069971,0.09394233884029803,0.10430839002267574,0.1746031746031746
668,0.11013071895424836,0.13137254901960785,0.08594771241830065,0.0892156862745098,0.08562091503267974,0.08529411764705883,0.084640522875817,0.02483660130718954,0.1604575163398693,0.14248366013071895
669,0.08333333333333334,0.15000000000000002,0.08650793650793652,0.10793650793650796,0.0896825396825397,0.06825396825396826,0.09285714285714287,0.09444444444444446,0.13333333333333336,0.09365079365079367
670,0.13015873015873017,0.10634920634920635,0.08888888888888889,0.09523809523809523,0.16666666666666666,0.08412698412698413,0.07777777777777778,0.1,0.07142857142857142,0.07936507936507936
671,0.09736540664375716,0.10423825887743414,0.07903780068728522,0.07674684994272624,0.08018327605956473,0.09163802978235967,0.07445589919816724,0.1134020618556701,0.140893470790378,0.1420389461626575
672,0.09178743961352658,0.1111111111111111,0.08695652173913043,0.08373590982286634,0.12077294685990338,0.10628019323671498,0.07890499194847021,0.09822866344605476,0.09178743961352658,0.13043478260869565
673,0.1374900079936051,0.07194244604316546,0.10871302957633892,0.13269384492406075,0.0815347721822542,0.06155075939248601,0.10071942446043165,0.07513988808952837,0.06554756195043965,0.16466826538768986
674,0.08447488584474885,0.0928462709284627,0.0669710806697108,0.1080669710806697,0.11643835616438356,0.1339421613394216,0.0517503805175038,0.091324200913242,0.11339421613394216,0.14079147640791476
675,0.15458937198067632,0.08695652173913043,0.07890499194847021,0.08373590982286634,0.13526570048309178,0.09178743961352658,0.0821256038647343,0.08856682769726248,0.12399355877616747,0.07407407407407407
676,0.12485681557846506,0.12829324169530354,0.09392898052691867,0.1156930126002291,0.09278350515463918,0.09278350515463918,0.061855670103092786,0.10767468499427263,0.058419243986254296,0.12371134020618557
677,0.10378086419753087,0.08989197530864197,0.10300925925925926,0.11766975308641975,0.10841049382716049,0.06674382716049383,0.05131172839506173,0.07330246913580248,0.10570987654320987,0.18016975308641975
678,0.10144927536231885,0.07177363699102829,0.07660455486542443,0.09109730848861283,0.11180124223602485,0.13871635610766045,0.0966183574879227,0.0738440303657695,0.1318150448585231,0.10628019323671498
679,0.07721280602636535,0.12052730696798493,0.11864406779661017,0.13088512241054615,0.0856873822975518,0.09887005649717515,0.06779661016949153,0.1224105461393597,0.09133709981167608,0.08662900188323917
680,0.06785411365564037,0.1645462256149279,0.07803223070398643,0.10347752332485156,0.12298558100084818,0.056827820186598814,0.06700593723494487,0.12044105173876166,0.11365564037319763,0.10517387616624257
681,0.08474576271186439,0.10169491525423727,0.10734463276836155,0.10357815442561202,0.09039548022598869,0.12241054613935967,0.08474576271186439,0.10169491525423727,0.11111111111111108,0.09227871939736346
682,0.0882016036655212,0.09736540664375716,0.06414662084765177,0.08705612829324169,0.10767468499427263,0.10309278350515463,0.07331042382588775,0.09278350515463918,0.12371134020618557,0.16265750286368844
683,0.07037037037037037,0.14722222222222223,0.08611111111111111,0.06759259259259259,0.10277777777777777,0.09166666666666666,0.07685185185185185,0.05925925925925926,0.10185185185185185,0.1962962962962963
684,0.0939393939393939,0.0909090909090909,0.11111111111111108,0.08787878787878786,0.14141414141414138,0.14141414141414138,0.0909090909090909,0.07575757575757575,0.08787878787878786,0.07878787878787877
685,0.09656084656084656,0.08465608465608465,0.12698412698412698,0.12566137566137567,0.13624338624338625,0.10582010582010581,0.06481481481481481,0.062169312169312166,0.08333333333333333,0.11375661375661375
686,0.1631504922644163,0.09563994374120956,0.10407876230661041,0.0759493670886076,0.09845288326300984,0.09282700421940929,0.09142053445850915,0.09985935302390998,0.08016877637130802,0.09845288326300984
687,0.06871345029239767,0.09210526315789475,0.10964912280701757,0.11111111111111113,0.08479532163742691,0.1125730994152047,0.07748538011695907,0.10087719298245616,0.12719298245614039,0.11549707602339183
688,0.13119899560577528,0.09855618330194602,0.07532956685499058,0.08913998744507219,0.10797237915881984,0.10734463276836158,0.06842435655994979,0.0973006905210295,0.09416195856873823,0.13057124921531701
689,0.07407407407407407,0.15117157974300832,0.1345427059712774,0.09977324263038549,0.09372637944066516,0.06046863189720333,0.05139833711262283,0.08616780045351474,0.14814814814814814,0.10052910052910052
690,0.12037037037037038,0.14444444444444446,0.09722222222222224,0.08333333333333334,0.11666666666666668,0.08611111111111112,0.061111111111111116,0.13888888888888892,0.06666666666666668,0.0851851851851852
691,0.08922558922558922,0.14898989898989898,0.11531986531986532,0.07323232323232323,0.15067340067340068,0.08754208754208755,0.058922558922558925,0.06902356902356903,0.08838383838383838,0.11868686868686869
692,0.08444444444444446,0.12355555555555557,0.1128888888888889,0.13688888888888892,0.08711111111111113,0.11733333333333335,0.05155555555555556,0.11555555555555556,0.08266666666666668,0.08800000000000001
693,0.10150891632373114,0.11522633744855967,0.10699588477366255,0.06858710562414266,0.0850480109739369,0.07681755829903979,0.06584362139917696,0.09190672153635117,0.1728395061728395,0.11522633744855967
694,0.1,0.12777777777777777,0.08888888888888889,0.09666666666666666,0.06555555555555556,0.08,0.058888888888888886,0.10777777777777778,0.12777777777777777,0.14666666666666667
695,0.0973044049967127,0.13543721236028927,0.06180144641683103,0.15121630506245892,0.1222879684418146,0.07297830374753451,0.047337278106508875,0.07232084155161078,0.09401709401709402,0.1452991452991453
696,0.1600877192982456,0.11915204678362573,0.07894736842105263,0.07017543859649122,0.07821637426900585,0.07967836257309942,0.08625730994152046,0.10818713450292397,0.10087719298245613,0.11842105263157894
697,0.1111111111111111,0.0967741935483871,0.11469534050179211,0.0985663082437276,0.11290322580645161,0.13082437275985664,0.08422939068100359,0.08243727598566308,0.08064516129032258,0.08781362007168458
698,0.14814814814814814,0.11811811811811812,0.09109109109109109,0.08708708708708708,0.15215215215215216,0.11411411411411411,0.06006006006006006,0.08308308308308308,0.062062062062062065,0.08408408408408409
699,0.1268115942028986,0.09903381642512078,0.11111111111111112,0.07850241545893721,0.1340579710144928,0.071256038647343,0.09057971014492755,0.05434782608695653,0.09057971014492755,0.14371980676328505
700,0.0948509485094851,0.11517615176151762,0.10569105691056911,0.11246612466124661,0.07452574525745258,0.08943089430894309,0.06910569105691057,0.09349593495934959,0.11246612466124661,0.13279132791327913
701,0.07407407407407407,0.09822866344605476,0.0998389694041868,0.1111111111111111,0.1111111111111111,0.10789049919484701,0.0821256038647343,0.0998389694041868,0.12560386473429952,0.09017713365539452
702,0.11526479750778816,0.06438213914849429,0.06542056074766354,0.1059190031152648,0.13395638629283488,0.102803738317757,0.08203530633437175,0.07995846313603323,0.13395638629283488,0.11630321910695743
703,0.1056241426611797,0.07818930041152264,0.06584362139917696,0.1056241426611797,0.10013717421124829,0.09602194787379972,0.09190672153635117,0.1056241426611797,0.11659807956104253,0.13443072702331962
704,0.08547008547008549,0.09230769230769233,0.10085470085470087,0.13162393162393166,0.12649572649572652,0.07692307692307694,0.07863247863247864,0.07692307692307694,0.13162393162393166,0.09914529914529915
705,0.09618573797678277,0.13101160862354894,0.10779436152570482,0.09618573797678277,0.08126036484245441,0.10613598673300167,0.0746268656716418,0.09618573797678277,0.10613598673300167,0.10447761194029852
706,0.0967741935483871,0.12066905615292713,0.1027479091995221,0.08363201911589008,0.0884109916367981,0.08124253285543608,0.06571087216248507,0.09199522102747909,0.13261648745519714,0.13620071684587814
707,0.11189913317572893,0.14420803782505914,0.06225374310480694,0.056737588652482275,0.11347517730496455,0.08668242710795904,0.057525610717100086,0.13159968479117418,0.07092198581560286,0.16469661150512216
708,0.1361111111111111,0.10694444444444444,0.08611111111111111,0.06944444444444445,0.10833333333333334,0.11805555555555555,0.08472222222222223,0.09027777777777778,0.09583333333333334,0.10416666666666667
709,0.09313725490196079,0.11437908496732026,0.12336601307189543,0.08169934640522876,0.12091503267973856,0.10212418300653595,0.06699346405228758,0.08905228758169935,0.119281045751634,0.08905228758169935
710,0.10482180293501049,0.10761705101327744,0.07547169811320756,0.11180992313067786,0.13277428371767996,0.05800139762403914,0.07127882599580714,0.08525506638714188,0.12089447938504544,0.13207547169811323
711,0.13564213564213565,0.09668109668109669,0.11688311688311688,0.10101010101010101,0.07792207792207792,0.11544011544011544,0.06493506493506493,0.08802308802308802,0.09379509379509379,0.10966810966810966
712,0.06807511737089202,0.13302034428794993,0.19405320813771518,0.0892018779342723,0.10015649452269171,0.07668231611893583,0.04225352112676056,0.08528951486697965,0.12597809076682315,0.08528951486697965
713,0.1111111111111111,0.10292397660818714,0.07134502923976609,0.06900584795321638,0.07017543859649122,0.11695906432748537,0.08888888888888889,0.10994152046783626,0.08654970760233918,0.17309941520467836
714,0.1111111111111111,0.09582059123343527,0.0652395514780836,0.10397553516819572,0.10091743119266056,0.0764525993883792,0.07135575942915393,0.12945973496432212,0.1488277268093782,0.09683995922528033
715,0.1674491392801252,0.08450704225352113,0.07511737089201878,0.09859154929577464,0.10954616588419405,0.10328638497652583,0.07511737089201878,0.08607198748043818,0.12519561815336464,0.07511737089201878
716,0.0701058201058201,0.10582010582010581,0.11904761904761904,0.08333333333333333,0.12433862433862433,0.07936507936507936,0.11772486772486772,0.07671957671957672,0.09391534391534391,0.12962962962962962
717,0.10508182601205857,0.09560723514211886,0.08957795004306632,0.1119724375538329,0.07493540051679587,0.09646856158484066,0.07924203273040482,0.07062876830318691,0.08785529715762273,0.18863049095607234
718,0.08196721311475409,0.09107468123861566,0.13114754098360656,0.0947176684881603,0.0947176684881603,0.0965391621129326,0.08196721311475409,0.0947176684881603,0.09836065573770492,0.13479052823315119
719,0.10532407407407404,0.09432870370370368,0.0653935185185185,0.10243055555555552,0.08449074074074073,0.08159722222222221,0.04050925925925925,0.06770833333333331,0.162037037037037,0.1961805555555555
720,0.10065359477124183,0.11503267973856209,0.10457516339869281,0.10065359477124183,0.10457516339869281,0.07320261437908497,0.08104575163398693,0.11372549019607843,0.10457516339869281,0.10196078431372549
721,0.17076023391812867,0.07251461988304093,0.08187134502923976,0.09473684210526316,0.09707602339181287,0.07368421052631578,0.06900584795321638,0.12280701754385964,0.10994152046783626,0.10760233918128655
722,0.16819571865443422,0.13965341488277266,0.07237512742099897,0.06116207951070335,0.07033639143730885,0.09174311926605504,0.0784913353720693,0.07951070336391436,0.09785932721712536,0.1406727828746177
723,0.0789980732177264,0.11303789338471419,0.04174694926140013,0.05394990366088632,0.10276172125883108,0.045600513808606295,0.09184328837508028,0.1689145793192036,0.13744380218368657,0.16570327552986513
724,0.09098228663446055,0.0998389694041868,0.06924315619967794,0.10305958132045089,0.08856682769726248,0.10386473429951691,0.0861513687600644,0.1682769726247987,0.07648953301127215,0.11352657004830918
725,0.09389671361502347,0.10015649452269171,0.08607198748043818,0.10172143974960876,0.09702660406885759,0.09546165884194054,0.10015649452269171,0.08763693270735524,0.09389671361502347,0.14397496087636932
726,0.08436213991769548,0.1286008230452675,0.08847736625514403,0.09053497942386832,0.08024691358024691,0.10596707818930041,0.07818930041152264,0.07716049382716049,0.10493827160493827,0.16152263374485595
727,0.05930930930930931,0.08033033033033032,0.09009009009009009,0.1524024024024024,0.0990990990990991,0.1448948948948949,0.048798798798798795,0.08033033033033032,0.18393393393393392,0.060810810810810814
728,0.12059620596205962,0.1016260162601626,0.07317073170731707,0.0948509485094851,0.07452574525745258,0.15176151761517614,0.07723577235772358,0.06097560975609756,0.08943089430894309,0.15582655826558264
729,0.06315789473684211,0.15906432748538013,0.06432748538011696,0.0783625730994152,0.08070175438596491,0.09590643274853801,0.07953216374269007,0.11812865497076024,0.10526315789473684,0.15555555555555556
730,0.1533816425120773,0.09420289855072465,0.08333333333333334,0.09541062801932368,0.08816425120772949,0.09541062801932368,0.06521739130434784,0.05797101449275363,0.08816425120772949,0.17874396135265702
731,0.06443129520052598,0.11176857330703487,0.07823800131492441,0.05588428665351743,0.07758053911900067,0.08941485864562788,0.12163050624589088,0.06706114398422092,0.11505588428665353,0.21893491124260359
732,0.05390539053905389,0.11991199119911988,0.10671067106710669,0.06160616061606159,0.11991199119911988,0.10781078107810778,0.05610561056105609,0.08580858085808579,0.14741474147414738,0.14081408140814078
733,0.19678714859437754,0.06425702811244981,0.1244979919678715,0.09906291834002678,0.12182061579651943,0.07764390896921018,0.07630522088353416,0.08433734939759037,0.07630522088353416,0.07898259705488622
734,0.11599511599511597,0.11111111111111108,0.09157509157509156,0.10744810744810743,0.10744810744810743,0.11721611721611719,0.05494505494505493,0.0818070818070818,0.10989010989010986,0.10256410256410253
735,0.0826413602214314,0.13720838275998418,0.07987346777382365,0.10241202056148675,0.13483590351917754,0.06880189798339265,0.03914590747330961,0.10201660735468565,0.09094503756425465,0.16211941478845393
736,0.09132420091324202,0.12480974124809742,0.12785388127853883,0.09436834094368342,0.10502283105022832,0.07762557077625572,0.08828006088280062,0.09893455098934552,0.08523592085235922,0.10654490106544902
737,0.10200364298724955,0.1366120218579235,0.08196721311475409,0.08196721311475409,0.08378870673952642,0.08378870673952642,0.09836065573770492,0.11293260473588343,0.08743169398907104,0.13114754098360656
738,0.09302325581395349,0.0917312661498708,0.09948320413436693,0.11627906976744186,0.05813953488372093,0.11369509043927649,0.08785529715762273,0.08914728682170543,0.12015503875968993,0.13049095607235142
739,0.09562841530054647,0.13023679417122042,0.11020036429872498,0.0819672131147541,0.1347905282331512,0.06284153005464482,0.06375227686703099,0.08834244080145721,0.12112932604735886,0.11111111111111113
740,0.08469945355191257,0.07377049180327869,0.10473588342440801,0.075591985428051,0.18761384335154827,0.06648451730418943,0.061930783242258654,0.08652094717668488,0.09016393442622951,0.16848816029143898
741,0.152991452991453,0.09829059829059829,0.09401709401709402,0.06581196581196581,0.12478632478632479,0.06068376068376068,0.08547008547008547,0.10512820512820513,0.06666666666666667,0.14615384615384616
742,0.06471306471306472,0.115995115995116,0.08180708180708181,0.05616605616605617,0.09523809523809523,0.07936507936507936,0.115995115995116,0.16483516483516483,0.10744810744810745,0.11843711843711843
743,0.15526122148638705,0.09197939661515821,0.09565857247976453,0.11184694628403238,0.1670345842531273,0.05371596762325239,0.04415011037527594,0.05739514348785872,0.12582781456953643,0.09713024282560706
744,0.11597729115977293,0.18734793187347934,0.06407137064071372,0.14193025141930254,0.10218978102189782,0.08678021086780212,0.06407137064071372,0.06650446066504462,0.10056772100567722,0.07055961070559612
745,0.08062930186823992,0.1504424778761062,0.07964601769911504,0.10914454277286136,0.09144542772861357,0.10521140609636184,0.1071779744346116,0.09242871189773845,0.10324483775811209,0.08062930186823992
746,0.09948320413436693,0.1111111111111111,0.1111111111111111,0.07881136950904392,0.08397932816537468,0.08785529715762273,0.08527131782945736,0.07235142118863049,0.09431524547803617,0.17571059431524547
747,0.05702527924750147,0.11169900058788948,0.09641387419165197,0.10346854791299236,0.1693121693121693,0.08348030570252793,0.06643151087595532,0.054673721340388004,0.08877131099353322,0.16872427983539096
748,0.09649122807017545,0.07797270955165693,0.1091617933723197,0.1500974658869396,0.10331384015594543,0.08576998050682262,0.0750487329434698,0.08869395711500976,0.08869395711500976,0.12475633528265108
749,0.11222222222222225,0.08777777777777779,0.1177777777777778,0.11222222222222225,0.12222222222222225,0.08000000000000002,0.062222222222222234,0.07444444444444445,0.08777777777777779,0.14333333333333337
750,0.09786428764530955,0.10624493106244931,0.07542579075425791,0.11705866450391998,0.10381184103811841,0.12327656123276562,0.050283860502838604,0.09543119762097864,0.0786699107866991,0.1519329548526629
751,0.11378848728246319,0.12985274431057564,0.08969210174029452,0.07764390896921017,0.1111111111111111,0.0856760374832664,0.0642570281124498,0.09370816599732262,0.10575635876840696,0.1285140562248996
752,0.09643605870020966,0.0705800139762404,0.12508735150244588,0.09993011879804334,0.10761705101327744,0.05171208944793851,0.06149545772187282,0.14046121593291408,0.11460517120894481,0.13207547169811323
753,0.07594936708860758,0.14767932489451474,0.05836849507735582,0.06962025316455694,0.10337552742616031,0.06188466947960618,0.08368495077355835,0.14978902953586495,0.08298171589310828,0.16666666666666663
754,0.08006535947712418,0.10457516339869281,0.07352941176470588,0.10947712418300654,0.08169934640522876,0.10784313725490197,0.10294117647058823,0.09640522875816994,0.10620915032679738,0.13725490196078433
755,0.08950617283950618,0.0756172839506173,0.08950617283950618,0.09567901234567902,0.09567901234567902,0.10030864197530866,0.0756172839506173,0.11728395061728396,0.0925925925925926,0.1682098765432099
756,0.13071895424836602,0.1051693404634581,0.1021984551396316,0.06535947712418301,0.10398098633392751,0.055852644087938205,0.07130124777183601,0.12834224598930483,0.12061794414735591,0.11645870469399881
757,0.09411764705882353,0.08366013071895424,0.12810457516339868,0.09019607843137255,0.10457516339869281,0.08366013071895424,0.07320261437908497,0.058823529411764705,0.14640522875816994,0.13725490196078433
758,0.09523809523809526,0.09171075837742505,0.08818342151675486,0.09347442680776015,0.09523809523809526,0.12169312169312171,0.08641975308641976,0.10052910052910055,0.1287477954144621,0.09876543209876545
759,0.10594315245478036,0.08139534883720931,0.05813953488372093,0.1227390180878553,0.10981912144702842,0.12015503875968993,0.07622739018087855,0.12919896640826872,0.11627906976744186,0.08010335917312661
760,0.11924119241192412,0.07723577235772358,0.10840108401084012,0.11382113821138211,0.11246612466124661,0.07452574525745258,0.1043360433604336,0.08536585365853659,0.12195121951219512,0.08265582655826559
761,0.1445966514459665,0.0867579908675799,0.0989345509893455,0.0776255707762557,0.0837138508371385,0.1171993911719939,0.0700152207001522,0.0882800608828006,0.1187214611872146,0.1141552511415525
762,0.1388888888888889,0.08928571428571429,0.08928571428571429,0.08928571428571429,0.09523809523809523,0.08928571428571429,0.08928571428571429,0.12301587301587301,0.10714285714285714,0.08928571428571429
763,0.07894736842105263,0.12280701754385964,0.07504873294346978,0.11695906432748537,0.1286549707602339,0.09649122807017543,0.06042884990253411,0.08674463937621832,0.07797270955165692,0.15594541910331383
764,0.08701472556894244,0.15796519410977242,0.11646586345381527,0.08032128514056225,0.08433734939759036,0.10040160642570281,0.06961178045515395,0.08701472556894244,0.11914323962516733,0.09772423025435073
765,0.10781893004115227,0.0831275720164609,0.08395061728395062,0.08477366255144032,0.15637860082304528,0.07160493827160494,0.06831275720164609,0.1448559670781893,0.13004115226337448,0.0691358024691358
766,0.14343434343434347,0.11010101010101012,0.07474747474747476,0.09292929292929294,0.10303030303030304,0.097979797979798,0.0686868686868687,0.10606060606060608,0.10606060606060608,0.09696969696969698
767,0.11382113821138211,0.08130081300813008,0.08672086720867209,0.12195121951219512,0.12059620596205962,0.08943089430894309,0.07859078590785908,0.08265582655826559,0.11382113821138211,0.1111111111111111
768,0.09668109668109666,0.1313131313131313,0.08369408369408368,0.0952380952380952,0.11399711399711397,0.08369408369408368,0.07359307359307359,0.06493506493506492,0.10533910533910532,0.1515151515151515
769,0.10555555555555556,0.06527777777777778,0.11527777777777778,0.09583333333333334,0.12222222222222222,0.11944444444444445,0.08333333333333333,0.075,0.11944444444444445,0.09861111111111111
770,0.07437275985663082,0.15591397849462366,0.08064516129032258,0.08960573476702509,0.08512544802867383,0.06182795698924731,0.0913978494623656,0.0528673835125448,0.12007168458781362,0.1881720430107527
771,0.1071270473660912,0.11996458610004428,0.053120849933598946,0.08233731739707836,0.10092961487383799,0.08853474988933158,0.050907481186365657,0.1261620185922975,0.08676405489154494,0.1841522797698097
772,0.09829059829059829,0.14316239316239315,0.07158119658119658,0.07799145299145299,0.10576923076923077,0.09829059829059829,0.07158119658119658,0.08012820512820513,0.13782051282051283,0.11538461538461539
773,0.13187954309449637,0.07684319833852545,0.08203530633437175,0.16199376947040497,0.0976116303219107,0.06645898234683281,0.05711318795430945,0.06749740394600208,0.08722741433021806,0.17133956386292834
774,0.09056956115779645,0.14098972922502334,0.07096171802054155,0.06442577030812324,0.07936507936507936,0.1353874883286648,0.06909430438842204,0.06535947712418301,0.11858076563958916,0.16526610644257703
775,0.09422222222222223,0.10400000000000001,0.09333333333333335,0.1128888888888889,0.10222222222222224,0.07200000000000001,0.07022222222222224,0.1377777777777778,0.08977777777777779,0.12355555555555557
776,0.12938271604938273,0.16296296296296298,0.06320987654320988,0.08888888888888889,0.08296296296296296,0.10024691358024691,0.06074074074074074,0.12197530864197531,0.06172839506172839,0.12790123456790123
777,0.13024282560706402,0.09860191317144959,0.12582781456953643,0.10154525386313466,0.11258278145695365,0.06254598969830757,0.06916850625459897,0.06548933038999265,0.09860191317144959,0.13539367181751288
778,0.13145539906103287,0.07981220657276995,0.07042253521126761,0.07668231611893583,0.07042253521126761,0.07198748043818466,0.0892018779342723,0.13458528951486698,0.10485133020344288,0.1705790297339593
779,0.08014571948998178,0.1384335154826958,0.06648451730418943,0.10382513661202186,0.06557377049180328,0.0965391621129326,0.05009107468123861,0.10109289617486339,0.13752276867030966,0.16029143897996356
780,0.09057971014492754,0.0966183574879227,0.11352657004830918,0.07246376811594203,0.10507246376811594,0.1388888888888889,0.0748792270531401,0.09178743961352658,0.08695652173913043,0.1292270531400966
781,0.08294209702660407,0.1111111111111111,0.107981220657277,0.13615023474178403,0.11737089201877934,0.081377151799687,0.10485133020344288,0.09859154929577464,0.07198748043818466,0.08763693270735524
782,0.1414141414141414,0.1693121693121693,0.08946608946608947,0.1091871091871092,0.0735930735930736,0.0707070707070707,0.031265031265031266,0.13323713323713324,0.09090909090909091,0.09090909090909091
783,0.10575635876840696,0.14859437751004015,0.08835341365461848,0.12182061579651941,0.07764390896921017,0.0856760374832664,0.06961178045515395,0.08433734939759036,0.11914323962516733,0.09906291834002677
784,0.17894056847545223,0.08591731266149873,0.08720930232558141,0.06459948320413438,0.16925064599483208,0.10529715762273903,0.051033591731266155,0.0768733850129199,0.11886304909560724,0.062015503875969
785,0.16757000903342367,0.08897922312556458,0.10478771454381211,0.07949412827461608,0.07542908762420958,0.1052393857271906,0.06955736224028906,0.0975609756097561,0.0971093044263776,0.11427280939476062
786,0.12336601307189544,0.12254901960784315,0.12990196078431376,0.09640522875816995,0.10947712418300655,0.07761437908496734,0.07189542483660132,0.06781045751633988,0.08496732026143793,0.11601307189542485
787,0.09047619047619047,0.11428571428571428,0.08571428571428572,0.09206349206349207,0.08571428571428572,0.09047619047619047,0.1,0.10158730158730159,0.12698412698412698,0.1126984126984127
788,0.10763888888888891,0.0967261904761905,0.11557539682539685,0.14384920634920637,0.08581349206349208,0.04563492063492064,0.06051587301587302,0.05753968253968254,0.12549603174603177,0.1612103174603175
789,0.1316425120772947,0.07729468599033816,0.06763285024154589,0.10748792270531402,0.12439613526570048,0.06763285024154589,0.08695652173913043,0.12318840579710146,0.0785024154589372,0.13526570048309178
790,0.08250825082508252,0.07700770077007703,0.07260726072607263,0.12431243124312433,0.10011001100110012,0.13311331133113313,0.10231023102310233,0.07480748074807482,0.11771177117711773,0.11551155115511552
791,0.08333333333333334,0.06899641577060933,0.16666666666666669,0.10663082437275988,0.13888888888888892,0.0896057347670251,0.05645161290322582,0.07885304659498209,0.1263440860215054,0.0842293906810036
792,0.07142857142857142,0.10634920634920635,0.11428571428571428,0.12222222222222222,0.07777777777777778,0.07142857142857142,0.07142857142857142,0.11428571428571428,0.12222222222222222,0.12857142857142856
793,0.08695652173913043,0.09782608695652174,0.08695652173913043,0.07246376811594203,0.12318840579710146,0.08091787439613526,0.09178743961352658,0.0929951690821256,0.10144927536231885,0.16545893719806765
794,0.1507936507936508,0.09788359788359789,0.1044973544973545,0.0925925925925926,0.08597883597883599,0.07275132275132276,0.07142857142857144,0.13624338624338628,0.10185185185185186,0.08597883597883599
795,0.0990990990990991,0.12762762762762764,0.09759759759759759,0.09759759759759759,0.0915915915915916,0.08108108108108109,0.09309309309309309,0.1021021021021021,0.07657657657657657,0.13363363363363365
796,0.10444444444444445,0.11666666666666667,0.07333333333333333,0.09888888888888889,0.09888888888888889,0.10777777777777778,0.08333333333333333,0.0811111111111111,0.14777777777777779,0.08777777777777777
797,0.10628019323671498,0.1246376811594203,0.11690821256038647,0.07149758454106281,0.1671497584541063,0.06280193236714976,0.06956521739130435,0.0647342995169082,0.15072463768115943,0.06570048309178744
798,0.07885304659498207,0.11230585424133811,0.07765830346475508,0.12066905615292713,0.12903225806451613,0.08243727598566308,0.06451612903225806,0.07765830346475508,0.0931899641577061,0.16367980884109917
799,0.07526881720430108,0.13261648745519714,0.0955794504181601,0.09199522102747909,0.0931899641577061,0.08482676224611709,0.07526881720430108,0.12544802867383512,0.07646356033452807,0.14934289127837516
800,0.06896551724137932,0.07790549169859516,0.09450830140485314,0.0727969348659004,0.15070242656449556,0.14814814814814817,0.06513409961685825,0.0715197956577267,0.10600255427841636,0.1443167305236271
801,0.10013717421124829,0.09053497942386832,0.11385459533607682,0.09327846364883402,0.0823045267489712,0.16049382716049382,0.06721536351165981,0.07681755829903979,0.13717421124828533,0.07818930041152264
802,0.09078590785907859,0.13008130081300814,0.06368563685636856,0.13685636856368563,0.12330623306233063,0.07588075880758807,0.06775067750677506,0.08130081300813008,0.10298102981029811,0.12737127371273713
803,0.1385083713850837,0.09994926433282597,0.08878741755454084,0.11161846778285134,0.07204464738711314,0.04515474378488077,0.030441400304414,0.07204464738711314,0.1704718417047184,0.17097919837645864
804,0.1051939513477975,0.13083497698882315,0.057856673241288625,0.11637080867850098,0.1051939513477975,0.07100591715976332,0.0650887573964497,0.0782380013149244,0.14792899408284024,0.1222879684418146
805,0.1087216248506571,0.1087216248506571,0.1063321385902031,0.1135005973715651,0.1027479091995221,0.07765830346475508,0.0908004778972521,0.08602150537634409,0.10752688172043011,0.0979689366786141
806,0.11904761904761904,0.09523809523809523,0.0992063492063492,0.09126984126984126,0.0787037037037037,0.05026455026455026,0.06084656084656084,0.0873015873015873,0.14285714285714285,0.17526455026455026
807,0.07729468599033817,0.08695652173913045,0.14975845410628022,0.09339774557165863,0.1352657004830918,0.09661835748792272,0.09017713365539454,0.09500805152979068,0.09178743961352659,0.08373590982286636
808,0.09592326139088729,0.08713029576338929,0.1334932054356515,0.10471622701838529,0.11590727418065548,0.0671462829736211,0.05195843325339728,0.10631494804156674,0.11191047162270183,0.1254996003197442
809,0.09620596205962059,0.11924119241192412,0.06775067750677506,0.13414634146341464,0.11788617886178862,0.08536585365853659,0.08401084010840108,0.09078590785907859,0.08943089430894309,0.11517615176151762
810,0.05223171889838557,0.10541310541310543,0.12915479582146253,0.14814814814814817,0.10256410256410257,0.09211775878442546,0.08831908831908833,0.08831908831908833,0.09306742640075975,0.10066476733143401
811,0.13620071684587814,0.14934289127837516,0.06332138590203107,0.1063321385902031,0.09438470728793309,0.0884109916367981,0.07407407407407407,0.07526881720430108,0.0955794504181601,0.11708482676224612
812,0.10784313725490197,0.11601307189542484,0.08823529411764706,0.08660130718954248,0.10947712418300654,0.10294117647058823,0.07679738562091504,0.10947712418300654,0.10620915032679738,0.09640522875816994
813,0.12698412698412698,0.05555555555555555,0.05396825396825397,0.12936507936507938,0.0873015873015873,0.08253968253968254,0.05714285714285714,0.06904761904761905,0.19682539682539682,0.14126984126984127
814,0.102880658436214,0.09053497942386832,0.12208504801097393,0.08641975308641975,0.09876543209876543,0.09053497942386832,0.0877914951989026,0.10973936899862825,0.10699588477366255,0.10425240054869685
815,0.10628019323671498,0.07568438003220612,0.0998389694041868,0.11916264090177134,0.1320450885668277,0.0821256038647343,0.07729468599033816,0.10305958132045089,0.09500805152979067,0.10950080515297907
816,0.07873210633946831,0.14349011588275395,0.05487389229720519,0.1342876618950239,0.10020449897750514,0.07532379004771644,0.05623721881390594,0.1257668711656442,0.13019768234492163,0.10088616223585552
817,0.0888888888888889,0.1138888888888889,0.08611111111111112,0.12291666666666667,0.08194444444444446,0.08472222222222224,0.038194444444444454,0.09166666666666667,0.11041666666666668,0.18125000000000002
818,0.10877192982456141,0.1368421052631579,0.056140350877192984,0.11695906432748537,0.08421052631578947,0.11695906432748537,0.10877192982456141,0.08070175438596491,0.12046783625730995,0.07017543859649122
819,0.13925925925925925,0.0962962962962963,0.08592592592592592,0.1111111111111111,0.12296296296296297,0.09333333333333334,0.08,0.06666666666666667,0.11555555555555555,0.08888888888888889
820,0.08702791461412152,0.10016420361247948,0.11658456486042693,0.0963327859879584,0.07717569786535304,0.08538587848932677,0.054187192118226604,0.1477832512315271,0.09304871373836891,0.1423097974822113
821,0.10740740740740741,0.1111111111111111,0.08148148148148149,0.0962962962962963,0.08518518518518518,0.08271604938271605,0.0654320987654321,0.12962962962962962,0.09506172839506173,0.145679012345679
822,0.1369047619047619,0.08928571428571427,0.09920634920634917,0.10119047619047616,0.08928571428571427,0.08928571428571427,0.11309523809523807,0.08928571428571427,0.08928571428571427,0.10317460317460314
823,0.1111111111111111,0.08928571428571429,0.08928571428571429,0.10515873015873016,0.10912698412698413,0.09325396825396826,0.0992063492063492,0.08928571428571429,0.08928571428571429,0.125
824,0.1657559198542805,0.09562841530054644,0.07741347905282331,0.11384335154826958,0.0692167577413479,0.07468123861566485,0.08925318761384335,0.09289617486338798,0.07103825136612021,0.15027322404371585
825,0.11388888888888889,0.14563492063492064,0.05793650793650794,0.10277777777777777,0.14285714285714285,0.08134920634920635,0.046031746031746035,0.0865079365079365,0.09523809523809523,0.12777777777777777
826,0.08333333333333333,0.0962962962962963,0.08333333333333333,0.1,0.08333333333333333,0.11851851851851852,0.08703703703703704,0.08333333333333333,0.12222222222222222,0.1425925925925926
827,0.07326007326007326,0.09157509157509157,0.05860805860805861,0.10378510378510379,0.13797313797313798,0.07203907203907203,0.08302808302808302,0.13797313797313798,0.10378510378510379,0.13797313797313798
828,0.09623797025371829,0.09536307961504811,0.12248468941382328,0.08486439195100612,0.10586176727909011,0.08923884514435695,0.0726159230096238,0.15310586176727908,0.08223972003499562,0.09798775153105861
829,0.08148148148148149,0.08888888888888889,0.09925925925925926,0.09333333333333334,0.07703703703703704,0.15407407407407409,0.08296296296296296,0.09185185185185185,0.10074074074074074,0.13037037037037036
830,0.15432098765432098,0.12654320987654322,0.08024691358024691,0.0941358024691358,0.10493827160493827,0.08487654320987655,0.07098765432098765,0.07098765432098765,0.09567901234567901,0.11728395061728394
831,0.07331042382588775,0.08934707903780069,0.052691867124856816,0.1672394043528064,0.10080183276059565,0.13745704467353953,0.09507445589919816,0.07789232531500573,0.10080183276059565,0.10538373424971363
832,0.0970464135021097,0.09282700421940929,0.0829817158931083,0.12517580872011252,0.10126582278481013,0.06329113924050633,0.07735583684950774,0.10689170182841069,0.0829817158931083,0.170182841068917
833,0.08207070707070707,0.1919191919191919,0.06818181818181818,0.11742424242424243,0.10732323232323232,0.07449494949494949,0.08080808080808081,0.07575757575757576,0.09595959595959595,0.10606060606060606
834,0.08496732026143791,0.07450980392156863,0.11241830065359477,0.1450980392156863,0.09281045751633987,0.08366013071895424,0.07973856209150326,0.09803921568627451,0.07058823529411765,0.15816993464052287
835,0.12296296296296297,0.10222222222222223,0.13185185185185186,0.07407407407407407,0.12148148148148148,0.07555555555555556,0.11703703703703704,0.06814814814814815,0.0874074074074074,0.09925925925925926
836,0.13058419243986255,0.12256586483390607,0.08132875143184422,0.07216494845360824,0.13745704467353953,0.07560137457044673,0.052691867124856816,0.07903780068728522,0.12084765177548683,0.1277205040091638
837,0.06406406406406406,0.1031031031031031,0.12212212212212212,0.08008008008008008,0.11511511511511512,0.10810810810810811,0.08208208208208208,0.08708708708708708,0.10810810810810811,0.13013013013013014
838,0.08005123278898495,0.1053474223503042,0.06660262568043548,0.0877361511367275,0.15978226064681397,0.1005443483829651,0.049951969260326606,0.08133205251360871,0.12520012808197245,0.14345180915786104
839,0.10488888888888889,0.10044444444444445,0.08533333333333333,0.12622222222222224,0.10666666666666667,0.07022222222222223,0.12,0.09333333333333334,0.05511111111111111,0.13777777777777778
840,0.11805555555555557,0.1138888888888889,0.10694444444444445,0.09722222222222224,0.07361111111111113,0.07222222222222223,0.06666666666666668,0.07638888888888891,0.14861111111111114,0.1263888888888889
841,0.06333333333333334,0.15,0.07222222222222222,0.09666666666666666,0.09555555555555556,0.09,0.06777777777777778,0.20333333333333334,0.08,0.0811111111111111
842,0.12336601307189543,0.16094771241830066,0.04084967320261438,0.13562091503267973,0.09068627450980392,0.09558823529411764,0.06045751633986928,0.05228758169934641,0.1119281045751634,0.12826797385620914
843,0.06916099773242629,0.09750566893424034,0.07029478458049886,0.07709750566893422,0.12131519274376415,0.0839002267573696,0.06009070294784579,0.1077097505668934,0.13265306122448978,0.1802721088435374
844,0.17517517517517517,0.11611611611611612,0.1031031031031031,0.09109109109109109,0.1061061061061061,0.057057057057057055,0.04904904904904905,0.08208208208208208,0.0940940940940941,0.12612612612612611
845,0.1026936026936027,0.09595959595959595,0.09595959595959595,0.13468013468013468,0.11784511784511785,0.09090909090909091,0.08417508417508418,0.07575757575757576,0.10437710437710437,0.09764309764309764
846,0.0892018779342723,0.07668231611893583,0.13771517996870108,0.10172143974960876,0.11580594679186229,0.0782472613458529,0.08607198748043818,0.09546165884194054,0.12519561815336464,0.09389671361502347
847,0.14814814814814814,0.07013396375098503,0.11662726556343578,0.09850275807722617,0.09771473601260836,0.07565011820330969,0.05831363278171789,0.08037825059101655,0.0937746256895193,0.1607565011820331
848,0.10784313725490197,0.12418300653594772,0.10620915032679738,0.08660130718954248,0.10294117647058823,0.12418300653594772,0.1111111111111111,0.08660130718954248,0.07679738562091504,0.07352941176470588
849,0.1388888888888889,0.07662835249042145,0.06130268199233716,0.0871647509578544,0.08045977011494253,0.12452107279693486,0.07662835249042145,0.08812260536398467,0.13505747126436782,0.13122605363984674
850,0.08333333333333333,0.06818181818181818,0.06691919191919192,0.14646464646464646,0.09595959595959595,0.12121212121212122,0.06060606060606061,0.11237373737373738,0.13131313131313133,0.11363636363636363
851,0.1111111111111111,0.06944444444444445,0.09722222222222222,0.09722222222222222,0.10339506172839506,0.11265432098765432,0.07098765432098765,0.09259259259259259,0.12962962962962962,0.11574074074074074
852,0.07062146892655367,0.08757062146892655,0.07721280602636535,0.128060263653484,0.10357815442561205,0.13559322033898305,0.05649717514124294,0.09416195856873823,0.11393596986817325,0.1327683615819209
853,0.09773662551440329,0.09053497942386832,0.07818930041152264,0.08641975308641975,0.07407407407407407,0.10493827160493827,0.0668724279835391,0.13786008230452676,0.12448559670781893,0.1388888888888889
854,0.09144542772861357,0.10324483775811209,0.0471976401179941,0.07374631268436578,0.0943952802359882,0.08062930186823992,0.07964601769911504,0.10521140609636184,0.11701081612586037,0.20747295968534907
855,0.09925093632958802,0.06367041198501873,0.10674157303370786,0.09363295880149813,0.07116104868913857,0.10986267166042447,0.05493133583021224,0.07303370786516854,0.16042446941323346,0.16729088639200998
