,Topic_0,Topic_1,Topic_2,Topic_3,Topic_4,Topic_5,Topic_6,Topic_7,Topic_8,Topic_9
0,0.06868686868686869,0.08282828282828283,0.13232323232323231,0.06363636363636363,0.08080808080808081,0.05555555555555555,0.12222222222222222,0.21515151515151515,0.051515151515151514,0.12727272727272726
1,0.04796599878567092,0.08014571948998178,0.04432301153612629,0.4395871281117183,0.03400121432908318,0.04189435336976321,0.0692167577413479,0.0588949605343048,0.13782635094110504,0.0461445051608986
2,0.09281045751633989,0.14640522875816997,0.3032679738562092,0.05947712418300654,0.03790849673202615,0.04444444444444445,0.04509803921568628,0.09803921568627452,0.07843137254901962,0.09411764705882354
3,0.08749999999999998,0.12638888888888886,0.07083333333333332,0.08472222222222221,0.2319444444444444,0.08194444444444443,0.06527777777777777,0.07777777777777777,0.10416666666666664,0.06944444444444443
4,0.060975609756097573,0.20596205962059627,0.0772357723577236,0.06639566395663958,0.14227642276422767,0.10704607046070463,0.06910569105691058,0.10162601626016263,0.07452574525745259,0.09485094850948513
5,0.06079664570230608,0.11425576519916142,0.06708595387840671,0.14675052410901468,0.1740041928721174,0.08385744234800839,0.06918238993710692,0.06079664570230608,0.1278825995807128,0.09538784067085954
6,0.08080808080808081,0.05723905723905724,0.051627384960718295,0.19079685746352412,0.11335578002244669,0.15937149270482603,0.050505050505050504,0.10325476992143659,0.122334455667789,0.0707070707070707
7,0.09413580246913582,0.08950617283950618,0.20987654320987656,0.08333333333333334,0.1234567901234568,0.07870370370370372,0.07253086419753088,0.07407407407407408,0.07407407407407408,0.10030864197530866
8,0.09210526315789473,0.0935672514619883,0.12134502923976608,0.08771929824561403,0.13304093567251463,0.11842105263157894,0.08333333333333333,0.07309941520467836,0.09210526315789473,0.10526315789473684
9,0.09500805152979067,0.11594202898550725,0.15780998389694043,0.14492753623188406,0.07407407407407407,0.09339774557165861,0.08373590982286634,0.07729468599033816,0.08051529790660225,0.07729468599033816
10,0.07449494949494949,0.06313131313131314,0.11237373737373738,0.17297979797979798,0.13005050505050506,0.10984848484848485,0.10606060606060606,0.06313131313131314,0.08080808080808081,0.08712121212121213
11,0.0574712643678161,0.07950191570881228,0.06896551724137932,0.08333333333333334,0.08908045977011496,0.10057471264367818,0.06513409961685825,0.07471264367816094,0.324712643678161,0.05651340996168583
12,0.13440860215053763,0.12007168458781362,0.10215053763440861,0.0913978494623656,0.13799283154121864,0.08960573476702509,0.08064516129032258,0.08064516129032258,0.08243727598566308,0.08064516129032258
13,0.09861111111111111,0.07777777777777778,0.1125,0.10555555555555556,0.07916666666666666,0.15833333333333333,0.08194444444444444,0.12222222222222222,0.09444444444444444,0.06944444444444445
14,0.08004778972520907,0.08841099163679808,0.09318996415770608,0.08004778972520907,0.17084826762246114,0.14934289127837513,0.07407407407407406,0.09438470728793306,0.08841099163679808,0.08124253285543606
15,0.062414266117969824,0.047325102880658436,0.047325102880658436,0.09602194787379972,0.0541838134430727,0.18381344307270234,0.06035665294924554,0.1721536351165981,0.20164609053497942,0.0747599451303155
16,0.0915032679738562,0.11601307189542484,0.08496732026143791,0.1388888888888889,0.12418300653594772,0.10130718954248366,0.09803921568627451,0.0915032679738562,0.08006535947712418,0.07352941176470588
17,0.08271604938271605,0.06790123456790123,0.2518518518518518,0.08518518518518518,0.06296296296296296,0.1,0.07901234567901234,0.08518518518518518,0.11851851851851852,0.06666666666666667
18,0.07126823793490461,0.08754208754208756,0.06902356902356904,0.27890011223344563,0.08193041526374861,0.07126823793490461,0.060044893378226716,0.1133557800224467,0.08810325476992145,0.07856341189674525
19,0.05654761904761905,0.12301587301587301,0.06845238095238096,0.23015873015873015,0.061507936507936505,0.13194444444444445,0.04861111111111111,0.09126984126984126,0.125,0.06349206349206349
20,0.09038142620232174,0.07711442786069653,0.08457711442786071,0.07379767827529023,0.1293532338308458,0.06218905472636817,0.13101160862354894,0.19485903814262026,0.09618573797678277,0.06053067993366502
21,0.09753086419753088,0.10123456790123458,0.14567901234567904,0.09382716049382718,0.08024691358024692,0.10246913580246915,0.07654320987654323,0.07654320987654323,0.1123456790123457,0.11358024691358026
22,0.08766564729867482,0.08766564729867482,0.06931702344546381,0.0856269113149847,0.17023445463812437,0.14780835881753313,0.07339449541284404,0.09785932721712538,0.07033639143730887,0.11009174311926606
23,0.07702020202020202,0.056818181818181816,0.0845959595959596,0.08333333333333333,0.08964646464646464,0.17045454545454544,0.18181818181818182,0.10353535353535354,0.06818181818181818,0.0845959595959596
24,0.10175438596491225,0.08538011695906432,0.08888888888888888,0.07602339181286548,0.14502923976608184,0.19649122807017538,0.05964912280701753,0.07719298245614034,0.11461988304093565,0.054970760233918115
25,0.08438818565400844,0.0829817158931083,0.1209563994374121,0.08157524613220815,0.1420534458509142,0.13783403656821377,0.09985935302390998,0.07172995780590717,0.08438818565400844,0.09423347398030943
26,0.14096185737976782,0.10613598673300166,0.10281923714759536,0.1011608623548922,0.09618573797678276,0.07628524046434494,0.0945273631840796,0.087893864013267,0.07960199004975124,0.11442786069651742
27,0.08369408369408371,0.11111111111111112,0.10389610389610392,0.11399711399711401,0.06782106782106784,0.19191919191919193,0.07070707070707072,0.08658008658008659,0.08369408369408371,0.08658008658008659
28,0.07094017094017094,0.041025641025641026,0.05811965811965812,0.09145299145299145,0.08205128205128205,0.40683760683760684,0.05042735042735043,0.0547008547008547,0.0829059829059829,0.06153846153846154
29,0.140485312899106,0.06641123882503193,0.09323116219667944,0.070242656449553,0.13409961685823754,0.08173690932311622,0.06385696040868455,0.1111111111111111,0.13282247765006386,0.10600255427841634
30,0.0830140485312899,0.09706257982120048,0.09195402298850573,0.1379310344827586,0.14559386973180075,0.1226053639846743,0.06385696040868453,0.07918263090676883,0.09067688378033205,0.08812260536398465
31,0.06364617044228696,0.07982740021574974,0.049622437971952545,0.10140237324703345,0.20819848975188784,0.05825242718446603,0.049622437971952545,0.08414239482200649,0.25134843581445526,0.053937432578209286
32,0.04235176880916791,0.07274539113104135,0.04534130543099153,0.03587443946188341,0.05680119581464873,0.458395615346288,0.03288490284005979,0.1375186846038864,0.06427503736920777,0.053811659192825115
33,0.1276595744680851,0.08274231678486997,0.09456264775413711,0.1099290780141844,0.08037825059101655,0.10638297872340426,0.057919621749408984,0.12411347517730496,0.11938534278959811,0.09692671394799054
34,0.05758807588075881,0.05013550135501355,0.08672086720867209,0.07588075880758807,0.32859078590785906,0.06571815718157181,0.04336043360433604,0.09688346883468835,0.16260162601626016,0.032520325203252036
35,0.14540466392318244,0.09053497942386832,0.0877914951989026,0.0850480109739369,0.11385459533607682,0.102880658436214,0.08916323731138547,0.07270233196159122,0.07681755829903979,0.13580246913580246
36,0.07307307307307306,0.08608608608608607,0.08408408408408408,0.09209209209209208,0.06206206206206205,0.11311311311311309,0.07707707707707706,0.17717717717717715,0.10110110110110107,0.1341341341341341
37,0.05269186712485682,0.10538373424971365,0.08591065292096221,0.07445589919816725,0.07674684994272625,0.06529209621993129,0.05612829324169531,0.14203894616265753,0.2794959908361971,0.06185567010309279
38,0.0782828282828283,0.11237373737373739,0.08207070707070709,0.13636363636363638,0.09722222222222224,0.09722222222222224,0.05934343434343435,0.15404040404040406,0.12121212121212123,0.06186868686868688
39,0.06645898234683281,0.1256490134994808,0.09657320872274143,0.07372793354101766,0.1588785046728972,0.10695742471443406,0.05711318795430945,0.060228452751817235,0.18691588785046728,0.06749740394600208
40,0.13631156930126004,0.07101947308132876,0.05383734249713632,0.09965635738831617,0.18671248568155788,0.11111111111111112,0.08132875143184423,0.09621993127147768,0.10309278350515465,0.060710194730813294
41,0.11616161616161616,0.09427609427609428,0.0968013468013468,0.08585858585858586,0.24915824915824916,0.06060606060606061,0.06986531986531987,0.08080808080808081,0.09764309764309764,0.04882154882154882
42,0.06632868610054922,0.03886776510350655,0.04647232784114914,0.11153358681875793,0.022813688212927757,0.06928601605407689,0.4419095901985636,0.11575834389522602,0.029150823827629912,0.05787917194761301
43,0.05555555555555556,0.062358276643990934,0.15986394557823133,0.14285714285714288,0.10204081632653063,0.09637188208616781,0.06462585034013607,0.10430839002267575,0.12018140589569162,0.09183673469387757
44,0.048573163327261686,0.08075288403157256,0.04553734061930783,0.43897996357012753,0.03460837887067395,0.0461445051608986,0.06860959319975714,0.054037644201578625,0.13418336369156042,0.048573163327261686
45,0.08620689655172414,0.10344827586206896,0.08620689655172414,0.08812260536398467,0.13984674329501914,0.08620689655172414,0.08620689655172414,0.1111111111111111,0.1206896551724138,0.09195402298850575
46,0.05731922398589065,0.1128747795414462,0.04409171075837742,0.10229276895943562,0.13315696649029982,0.12698412698412698,0.06790123456790123,0.10758377425044091,0.1675485008818342,0.08024691358024691
47,0.08672086720867209,0.12872628726287264,0.07994579945799458,0.12872628726287264,0.07046070460704607,0.11382113821138211,0.1016260162601626,0.08943089430894309,0.0948509485094851,0.10569105691056911
48,0.0955165692007797,0.08771929824561402,0.10721247563352823,0.10136452241715396,0.11500974658869392,0.13450292397660815,0.08771929824561402,0.08771929824561402,0.08771929824561402,0.0955165692007797
49,0.08233413269384493,0.05995203836930456,0.09432454036770584,0.06474820143884892,0.08473221422861711,0.23741007194244604,0.12470023980815348,0.07673860911270983,0.08792965627498002,0.08713029576338929
50,0.06944444444444445,0.12037037037037036,0.08950617283950617,0.10493827160493827,0.07561728395061729,0.06944444444444445,0.1404320987654321,0.09722222222222222,0.07407407407407407,0.15895061728395063
51,0.10915492957746478,0.11541471048513302,0.03951486697965571,0.030907668231611892,0.12949921752738655,0.2445226917057903,0.07120500782472614,0.09507042253521127,0.09585289514866979,0.06885758998435054
52,0.0783625730994152,0.08888888888888889,0.17894736842105263,0.0912280701754386,0.1567251461988304,0.08421052631578947,0.08304093567251462,0.08654970760233918,0.07719298245614035,0.07485380116959064
53,0.1030927835051546,0.20962199312714772,0.14318442153493696,0.08018327605956471,0.07674684994272622,0.0847651775486827,0.05498281786941579,0.07789232531500571,0.11225658648339058,0.05727376861397478
54,0.07070707070707072,0.08080808080808083,0.09764309764309766,0.1245791245791246,0.07519640852974188,0.06846240179573514,0.09988776655443324,0.19304152637485975,0.13243546576879914,0.05723905723905725
55,0.09888888888888889,0.12333333333333334,0.08222222222222222,0.07555555555555556,0.23333333333333334,0.09,0.052222222222222225,0.05555555555555555,0.08222222222222222,0.10666666666666667
56,0.06666666666666667,0.08627450980392157,0.12287581699346405,0.1084967320261438,0.07973856209150326,0.11372549019607843,0.06928104575163399,0.12810457516339868,0.11503267973856209,0.10980392156862745
57,0.11212121212121212,0.09696969696969697,0.06363636363636363,0.10101010101010101,0.17676767676767677,0.06060606060606061,0.07777777777777778,0.1404040404040404,0.08282828282828283,0.08787878787878788
58,0.1392235609103079,0.11378848728246319,0.07362784471218206,0.08433734939759036,0.06961178045515395,0.1927710843373494,0.06693440428380187,0.13119143239625167,0.060240963855421686,0.06827309236947791
59,0.08653846153846155,0.09081196581196582,0.0982905982905983,0.077991452991453,0.09722222222222224,0.06517094017094019,0.14209401709401712,0.09294871794871797,0.07051282051282053,0.17841880341880345
60,0.07665805340223945,0.06029285099052541,0.2954349698535745,0.06632213608957795,0.06718346253229975,0.06201550387596899,0.16020671834625322,0.07062876830318691,0.0818260120585702,0.059431524547803614
61,0.12314814814814815,0.07314814814814814,0.07407407407407407,0.06018518518518518,0.06944444444444445,0.046296296296296294,0.15462962962962962,0.13796296296296295,0.06018518518518518,0.20092592592592592
62,0.08986928104575163,0.12091503267973856,0.119281045751634,0.09967320261437909,0.09803921568627451,0.14869281045751634,0.07352941176470588,0.09640522875816994,0.07352941176470588,0.08006535947712418
63,0.10457516339869281,0.16094771241830066,0.12091503267973856,0.07026143790849673,0.14950980392156862,0.11683006535947713,0.07761437908496732,0.05473856209150327,0.0727124183006536,0.0718954248366013
64,0.07710989678202793,0.06132361870066788,0.16454159077109898,0.1827565270188221,0.06314511232544019,0.15179113539769276,0.04735883424408015,0.05768063145112325,0.05585913782635094,0.1384335154826958
65,0.06906906906906907,0.1001001001001001,0.07707707707707707,0.06106106106106106,0.15415415415415415,0.15615615615615616,0.06506506506506507,0.10810810810810811,0.1041041041041041,0.10510510510510511
66,0.07057057057057059,0.0870870870870871,0.11111111111111112,0.10660660660660662,0.11411411411411412,0.0855855855855856,0.09909909909909911,0.09909909909909911,0.12012012012012013,0.10660660660660662
67,0.0982905982905983,0.0683760683760684,0.07407407407407408,0.07977207977207978,0.160968660968661,0.10256410256410257,0.07692307692307694,0.10256410256410257,0.1723646723646724,0.06410256410256411
68,0.10710710710710711,0.0970970970970971,0.0990990990990991,0.06706706706706707,0.08808808808808809,0.09309309309309309,0.2182182182182182,0.05905905905905906,0.07407407407407407,0.0970970970970971
69,0.4105145413870246,0.02647278150633855,0.08165548098434004,0.04697986577181208,0.027591349739000747,0.03169276659209545,0.053691275167785234,0.05704697986577181,0.020879940343027592,0.24347501864280388
70,0.07692307692307693,0.13532763532763534,0.07834757834757834,0.09686609686609686,0.21794871794871795,0.07834757834757834,0.07407407407407407,0.07977207977207977,0.09401709401709402,0.06837606837606838
71,0.11533052039381153,0.09845288326300984,0.1209563994374121,0.0759493670886076,0.07313642756680731,0.06329113924050633,0.1518987341772152,0.09423347398030943,0.07735583684950774,0.12939521800281295
72,0.05185185185185185,0.08677248677248678,0.08465608465608465,0.1343915343915344,0.1111111111111111,0.1259259259259259,0.0962962962962963,0.1693121693121693,0.07830687830687831,0.061375661375661375
73,0.14088598402323893,0.050835148874364564,0.04793028322440087,0.15105301379811184,0.05664488017429194,0.23384168482207698,0.0915032679738562,0.09222948438634714,0.06463326071169208,0.07044299201161947
74,0.09492988133764835,0.10895361380798275,0.08737864077669905,0.1747572815533981,0.07659115426105718,0.15533980582524273,0.06148867313915858,0.09492988133764835,0.05825242718446603,0.08737864077669905
75,0.046353101567825496,0.12269938650306748,0.050443081117927745,0.10020449897750511,0.08111792774369461,0.3128834355828221,0.038173142467621,0.09202453987730061,0.09884117246080436,0.05725971370143149
76,0.11662726556343578,0.0591016548463357,0.06855791962174941,0.06934594168636722,0.05358550039401103,0.05200945626477541,0.2222222222222222,0.19621749408983452,0.061465721040189124,0.1008668242710796
77,0.06594399277326106,0.15176151761517614,0.16711833785004518,0.13730803974706413,0.1111111111111111,0.04245709123757904,0.07046070460704607,0.09123757904245709,0.08943089430894309,0.07317073170731707
78,0.044270833333333336,0.078125,0.07291666666666667,0.05642361111111111,0.10677083333333333,0.3203125,0.07378472222222222,0.07378472222222222,0.1267361111111111,0.046875
79,0.09382716049382718,0.09506172839506175,0.16049382716049385,0.06543209876543211,0.16790123456790126,0.07530864197530866,0.0851851851851852,0.08765432098765434,0.060493827160493834,0.10864197530864199
80,0.07579672695951765,0.05254091300602928,0.041343669250646,0.2368647717484927,0.0611541774332472,0.1645133505598622,0.10938845822566753,0.11283376399655469,0.05857019810508183,0.08699397071490095
81,0.08309178743961353,0.12560386473429952,0.1285024154589372,0.10048309178743961,0.0966183574879227,0.14782608695652175,0.0821256038647343,0.07342995169082125,0.08309178743961353,0.07922705314009662
82,0.0621172353455818,0.23009623797025372,0.08661417322834646,0.05511811023622047,0.07086614173228346,0.12860892388451445,0.05599300087489064,0.13648293963254593,0.12335958005249344,0.05074365704286964
83,0.04814814814814815,0.13240740740740742,0.07314814814814814,0.08148148148148149,0.05277777777777778,0.04537037037037037,0.10925925925925926,0.125,0.2490740740740741,0.08333333333333333
84,0.07064017660044151,0.07064017660044151,0.1824871228844739,0.12509197939661518,0.09197939661515822,0.15452538631346582,0.04120676968359088,0.07579102281089037,0.08609271523178809,0.10154525386313468
85,0.119281045751634,0.11274509803921569,0.07352941176470588,0.08006535947712418,0.1437908496732026,0.12254901960784313,0.09640522875816994,0.0915032679738562,0.08333333333333333,0.07679738562091504
86,0.078125,0.09722222222222222,0.1527777777777778,0.11631944444444445,0.11805555555555555,0.0954861111111111,0.0920138888888889,0.08680555555555555,0.078125,0.08506944444444445
87,0.09759759759759759,0.042042042042042045,0.044294294294294295,0.0503003003003003,0.046546546546546545,0.06456456456456457,0.31756756756756754,0.08258258258258258,0.05405405405405406,0.20045045045045046
88,0.10144927536231885,0.07568438003220612,0.09178743961352658,0.09017713365539452,0.0821256038647343,0.07246376811594203,0.13043478260869565,0.10305958132045089,0.11272141706924316,0.14009661835748793
89,0.08333333333333333,0.07994579945799458,0.11720867208672087,0.0989159891598916,0.06368563685636856,0.0921409214092141,0.06504065040650407,0.06978319783197832,0.11246612466124661,0.21747967479674796
90,0.08739076154806494,0.06866416978776531,0.1722846441947566,0.07490636704119852,0.13483146067415733,0.06616729088639202,0.11985018726591762,0.07490636704119852,0.06741573033707866,0.13358302122347068
91,0.15641025641025644,0.07435897435897437,0.08803418803418805,0.07692307692307694,0.0683760683760684,0.1495726495726496,0.10170940170940172,0.1324786324786325,0.10940170940170942,0.04273504273504274
92,0.07692307692307691,0.07977207977207976,0.11965811965811964,0.1481481481481481,0.10826210826210823,0.10113960113960112,0.09259259259259257,0.09116809116809116,0.07977207977207976,0.10256410256410253
93,0.10126582278481013,0.06610407876230662,0.07454289732770746,0.09282700421940929,0.12517580872011252,0.07735583684950774,0.10407876230661041,0.15049226441631505,0.10829817158931083,0.09985935302390998
94,0.09343434343434344,0.12815656565656566,0.058712121212121215,0.10732323232323232,0.12626262626262627,0.0625,0.08648989898989899,0.20959595959595959,0.06755050505050506,0.05997474747474747
95,0.10617283950617287,0.13991769547325106,0.06913580246913581,0.0748971193415638,0.1786008230452675,0.11275720164609056,0.05761316872427985,0.10288065843621402,0.0938271604938272,0.06419753086419755
96,0.19030732860520094,0.06382978723404255,0.09101654846335698,0.05673758865248227,0.0591016548463357,0.07801418439716312,0.0591016548463357,0.06619385342789598,0.0591016548463357,0.2765957446808511
97,0.09651741293532339,0.08855721393034825,0.05870646766169154,0.07429519071310116,0.1701492537313433,0.07993366500829187,0.10315091210613599,0.12603648424543948,0.16583747927031509,0.03681592039800995
98,0.12906846240179576,0.10101010101010102,0.060606060606060615,0.0729517396184063,0.27833894500561174,0.07968574635241303,0.0516273849607183,0.05387205387205388,0.12121212121212123,0.0516273849607183
99,0.11235955056179775,0.14357053682896379,0.13982521847690388,0.0986267166042447,0.10486891385767791,0.06991260923845194,0.07740324594257178,0.09363295880149813,0.09737827715355805,0.062421972534332085
100,0.03875968992248062,0.07235142118863049,0.04909560723514212,0.1119724375538329,0.06804478897502153,0.0611541774332472,0.36261843238587427,0.08957795004306632,0.05167958656330749,0.09474590869939707
101,0.05380116959064327,0.06140350877192982,0.07368421052631578,0.06725146198830409,0.12339181286549708,0.2649122807017544,0.13567251461988303,0.07426900584795322,0.08654970760233918,0.05906432748538012
102,0.12447786131996658,0.20133667502088554,0.05263157894736842,0.08939014202172096,0.05430242272347535,0.06766917293233082,0.045112781954887216,0.16791979949874686,0.07936507936507936,0.11779448621553884
103,0.07764390896921017,0.12315930388219545,0.08299866131191433,0.10575635876840696,0.09370816599732262,0.12583668005354753,0.06827309236947791,0.08433734939759036,0.16599732262382866,0.07228915662650602
104,0.1245791245791246,0.09876543209876544,0.06509539842873177,0.06958473625140293,0.2861952861952862,0.0729517396184063,0.05050505050505051,0.05274971941638609,0.1268237934904602,0.05274971941638609
105,0.06506506506506508,0.18318318318318322,0.09709709709709712,0.11111111111111112,0.0950950950950951,0.13113113113113115,0.0780780780780781,0.11011011011011013,0.07307307307307309,0.05605605605605606
106,0.08441558441558442,0.03823953823953824,0.049062049062049064,0.06854256854256854,0.03391053391053391,0.09956709956709957,0.3037518037518038,0.13131313131313133,0.07647907647907648,0.11471861471861472
107,0.10826210826210826,0.16666666666666666,0.08547008547008547,0.10256410256410256,0.10541310541310542,0.0754985754985755,0.06837606837606838,0.1168091168091168,0.08974358974358974,0.0811965811965812
108,0.0467432950191571,0.04521072796934866,0.04597701149425288,0.09272030651340997,0.059003831417624525,0.4137931034482759,0.07662835249042146,0.08965517241379312,0.07586206896551725,0.05440613026819924
109,0.09620596205962059,0.06368563685636856,0.07859078590785908,0.12330623306233063,0.07317073170731707,0.07859078590785908,0.15040650406504066,0.13821138211382114,0.07994579945799458,0.11788617886178862
110,0.13986928104575166,0.06797385620915034,0.18300653594771243,0.07189542483660132,0.05882352941176471,0.09934640522875818,0.1215686274509804,0.10065359477124185,0.07320261437908498,0.08366013071895426
111,0.18880534670008353,0.17126148705096073,0.13784461152882205,0.0910609857978279,0.055973266499582286,0.07435254803675856,0.061821219715956555,0.06934001670843776,0.05513784461152882,0.09440267335004177
112,0.12429378531073447,0.1167608286252354,0.14124293785310735,0.0847457627118644,0.0847457627118644,0.1016949152542373,0.0847457627118644,0.0903954802259887,0.08662900188323917,0.0847457627118644
113,0.07968574635241302,0.07631874298540965,0.06734006734006734,0.1627384960718294,0.13916947250280584,0.14029180695847362,0.05499438832772166,0.0718294051627385,0.1425364758698092,0.06509539842873176
114,0.14802867383512544,0.14874551971326164,0.12688172043010754,0.13189964157706094,0.038351254480286735,0.08888888888888889,0.11827956989247312,0.054838709677419356,0.02974910394265233,0.11433691756272402
115,0.05209994683678895,0.1929824561403509,0.0457203615098352,0.13290802764486978,0.06751727804359385,0.11270600744284956,0.04944178628389155,0.06166932482721957,0.24189261031366296,0.04306220095693781
116,0.05555555555555555,0.2560386473429952,0.07367149758454106,0.08333333333333333,0.06159420289855073,0.1280193236714976,0.0821256038647343,0.09420289855072464,0.10386473429951691,0.06159420289855073
117,0.07004830917874397,0.04468599033816425,0.0748792270531401,0.1358695652173913,0.03864734299516908,0.058574879227053143,0.2964975845410628,0.1473429951690821,0.03683574879227053,0.0966183574879227
118,0.07890499194847021,0.09500805152979067,0.0821256038647343,0.08695652173913043,0.12399355877616747,0.14492753623188406,0.0853462157809984,0.12721417069243157,0.10144927536231885,0.07407407407407407
119,0.10996563573883161,0.19358533791523483,0.06414662084765177,0.09736540664375716,0.053837342497136315,0.12600229095074456,0.07216494845360824,0.0859106529209622,0.140893470790378,0.056128293241695305
120,0.04970760233918129,0.1676413255360624,0.11890838206627681,0.22319688109161795,0.1432748538011696,0.07309941520467837,0.04970760233918129,0.06042884990253412,0.05458089668615985,0.059454191033138405
121,0.0823045267489712,0.07818930041152264,0.08916323731138547,0.07544581618655692,0.12757201646090535,0.13031550068587106,0.10150891632373114,0.1262002743484225,0.1111111111111111,0.07818930041152264
122,0.07535121328224777,0.1673052362707535,0.070242656449553,0.08556832694763729,0.06002554278416347,0.16347381864623245,0.0842911877394636,0.09450830140485313,0.1417624521072797,0.05747126436781609
123,0.09230769230769231,0.07692307692307693,0.17606837606837608,0.08205128205128205,0.09914529914529914,0.09230769230769231,0.10427350427350428,0.09230769230769231,0.07692307692307693,0.1076923076923077
124,0.11904761904761904,0.0873015873015873,0.06878306878306878,0.07407407407407407,0.17592592592592593,0.08333333333333333,0.06084656084656084,0.07539682539682539,0.15476190476190477,0.10052910052910052
125,0.1111111111111111,0.08080808080808081,0.1691919191919192,0.11616161616161616,0.08712121212121213,0.06313131313131314,0.09974747474747475,0.10858585858585859,0.08585858585858586,0.07828282828282829
126,0.07407407407407407,0.08333333333333333,0.1558641975308642,0.09104938271604938,0.08796296296296297,0.08333333333333333,0.15432098765432098,0.08796296296296297,0.09104938271604938,0.09104938271604938
127,0.036608863198458574,0.05266538214515093,0.05138086062941554,0.14322414900449582,0.046885035324341684,0.05908798972382787,0.33204881181759793,0.1438664097623635,0.05973025048169557,0.07450224791265253
128,0.15415415415415418,0.05905905905905907,0.13413413413413416,0.09909909909909911,0.11311311311311313,0.0830830830830831,0.10010010010010012,0.0900900900900901,0.07907907907907909,0.0880880880880881
129,0.08091787439613526,0.12318840579710146,0.09782608695652174,0.12439613526570048,0.0785024154589372,0.06642512077294686,0.08695652173913043,0.1461352657004831,0.09541062801932366,0.10024154589371981
130,0.042876901798063624,0.3822037805440295,0.02996772706316275,0.1313969571230982,0.07284462886122638,0.051175656984785614,0.026740433379437527,0.06454587367450439,0.17058552328261872,0.027662517289073305
131,0.0689300411522634,0.11625514403292182,0.07407407407407408,0.06584362139917697,0.12037037037037038,0.14403292181069963,0.07818930041152265,0.12654320987654324,0.15843621399176958,0.04732510288065844
132,0.0736434108527132,0.06072351421188631,0.1136950904392765,0.10852713178294575,0.1782945736434109,0.08010335917312662,0.06847545219638244,0.14857881136950907,0.08914728682170545,0.07881136950904394
133,0.0638888888888889,0.1791666666666667,0.13611111111111113,0.10416666666666669,0.11250000000000002,0.07361111111111113,0.06666666666666668,0.07222222222222223,0.06250000000000001,0.1291666666666667
134,0.12134502923976609,0.09064327485380118,0.07309941520467837,0.07017543859649124,0.10964912280701755,0.09356725146198831,0.06578947368421054,0.10380116959064328,0.17397660818713453,0.09795321637426901
135,0.08960573476702509,0.11290322580645161,0.08064516129032258,0.08243727598566308,0.16845878136200718,0.08781362007168458,0.08064516129032258,0.12007168458781362,0.0967741935483871,0.08064516129032258
136,0.07981220657276995,0.07198748043818466,0.1111111111111111,0.0782472613458529,0.07668231611893583,0.08763693270735524,0.2112676056338028,0.09389671361502347,0.081377151799687,0.107981220657277
137,0.10378510378510379,0.1221001221001221,0.07692307692307693,0.06227106227106227,0.1514041514041514,0.10989010989010989,0.08913308913308914,0.09401709401709402,0.1343101343101343,0.05616605616605617
138,0.06580366774541534,0.09385113268608415,0.07443365695792882,0.09277238403451997,0.1952535059331176,0.08845738942826323,0.06472491909385114,0.10895361380798275,0.15318230852211437,0.06256742179072278
139,0.08051529790660225,0.1143317230273752,0.10466988727858294,0.11755233494363929,0.13687600644122383,0.09017713365539452,0.08051529790660225,0.07890499194847021,0.11594202898550725,0.08051529790660225
140,0.06584362139917696,0.08367626886145405,0.06172839506172839,0.08093278463648834,0.17832647462277093,0.2030178326474623,0.06584362139917696,0.06858710562414266,0.12757201646090535,0.0644718792866941
141,0.13912231559290386,0.11858076563958918,0.05975723622782447,0.13445378151260506,0.0634920634920635,0.13445378151260506,0.09243697478991598,0.09337068160597574,0.07002801120448181,0.09430438842203549
142,0.15325670498084293,0.07918263090676886,0.12771392081736913,0.08301404853128992,0.07790549169859516,0.07662835249042146,0.06768837803320564,0.08045977011494254,0.10344827586206898,0.15070242656449556
143,0.24814814814814815,0.042222222222222223,0.11037037037037037,0.12222222222222222,0.04814814814814815,0.044444444444444446,0.1437037037037037,0.08296296296296296,0.08148148148148149,0.07629629629629629
144,0.08904649330181247,0.17021276595744683,0.2529550827423168,0.04255319148936171,0.05988967691095352,0.1087470449172577,0.08510638297872342,0.06461780929866037,0.06146572104018913,0.06540583136327818
145,0.0960960960960961,0.062062062062062065,0.06506506506506507,0.0970970970970971,0.24024024024024024,0.15515515515515516,0.07307307307307308,0.08208208208208208,0.07007007007007007,0.05905905905905906
146,0.13760683760683762,0.041025641025641026,0.04700854700854701,0.10512820512820513,0.11623931623931624,0.046153846153846156,0.07777777777777778,0.2188034188034188,0.07264957264957266,0.13760683760683762
147,0.15079365079365079,0.07936507936507936,0.07275132275132275,0.13095238095238096,0.13756613756613756,0.08333333333333333,0.06349206349206349,0.0992063492063492,0.1164021164021164,0.06613756613756613
148,0.0853462157809984,0.15458937198067632,0.14653784219001612,0.07246376811594203,0.07246376811594203,0.10789049919484701,0.07890499194847021,0.07407407407407407,0.09339774557165861,0.1143317230273752
149,0.09171075837742504,0.06261022927689594,0.06172839506172839,0.03968253968253968,0.042328042328042326,0.04056437389770723,0.11022927689594356,0.09876543209876543,0.06613756613756613,0.3862433862433862
150,0.081377151799687,0.09389671361502347,0.07355242566510173,0.10641627543035993,0.20344287949921752,0.12519561815336464,0.07511737089201878,0.07355242566510173,0.09702660406885759,0.07042253521126761
151,0.07859078590785908,0.0989159891598916,0.0948509485094851,0.0948509485094851,0.17615176151761516,0.10975609756097561,0.07181571815718157,0.1070460704607046,0.10569105691056911,0.06233062330623306
152,0.08506944444444445,0.0763888888888889,0.15364583333333334,0.1345486111111111,0.08159722222222222,0.09375,0.06770833333333333,0.1284722222222222,0.0642361111111111,0.11458333333333333
153,0.1073657927590512,0.08114856429463173,0.13732833957553062,0.07240948813982523,0.0923845193508115,0.13732833957553062,0.12109862671660426,0.08489388264669165,0.08863920099875157,0.0774032459425718
154,0.0691358024691358,0.06296296296296296,0.11975308641975309,0.09506172839506173,0.06296296296296296,0.06666666666666667,0.13950617283950617,0.09753086419753086,0.11851851851851852,0.16790123456790124
155,0.09753086419753089,0.1049382716049383,0.06049382716049384,0.05679012345679014,0.2320987654320988,0.07777777777777779,0.07777777777777779,0.11728395061728397,0.10987654320987657,0.06543209876543211
156,0.0528673835125448,0.14516129032258066,0.0456989247311828,0.12007168458781362,0.19623655913978494,0.07168458781362007,0.07347670250896057,0.05017921146953405,0.1881720430107527,0.056451612903225805
157,0.09481481481481481,0.10814814814814815,0.06666666666666667,0.0725925925925926,0.08888888888888889,0.1288888888888889,0.10074074074074074,0.13333333333333333,0.12444444444444444,0.08148148148148149
158,0.08404558404558404,0.07834757834757834,0.12535612535612536,0.09259259259259259,0.07692307692307693,0.09686609686609686,0.12393162393162394,0.10398860398860399,0.07264957264957266,0.1452991452991453
159,0.08712121212121213,0.0845959595959596,0.1351010101010101,0.09722222222222222,0.07449494949494949,0.14015151515151514,0.11616161616161616,0.10227272727272728,0.06186868686868687,0.10101010101010101
160,0.06987399770904927,0.0904925544100802,0.23138602520045823,0.10767468499427264,0.07445589919816725,0.07445589919816725,0.10538373424971365,0.059564719358533795,0.06414662084765178,0.12256586483390608
161,0.08333333333333331,0.12037037037037034,0.09074074074074073,0.09999999999999998,0.11666666666666664,0.09814814814814812,0.11111111111111108,0.08333333333333331,0.09629629629629627,0.09999999999999998
162,0.09206349206349207,0.06455026455026455,0.08994708994708994,0.06666666666666667,0.07724867724867725,0.11322751322751323,0.19682539682539682,0.07513227513227513,0.0656084656084656,0.15873015873015872
163,0.08452041785375118,0.06220322886989554,0.12060778727445394,0.06837606837606838,0.14339981006647673,0.06695156695156695,0.2872744539411206,0.060778727445394115,0.04368471035137702,0.06220322886989554
164,0.07450980392156863,0.14640522875816994,0.10588235294117647,0.12418300653594772,0.06535947712418301,0.08888888888888889,0.06143790849673202,0.10196078431372549,0.15294117647058825,0.0784313725490196
165,0.1111111111111111,0.11244979919678715,0.15127175368139223,0.12182061579651941,0.10174029451137885,0.0963855421686747,0.07095046854082998,0.06827309236947791,0.07362784471218206,0.09236947791164658
166,0.09836065573770492,0.12386156648451731,0.151183970856102,0.09836065573770492,0.08196721311475409,0.10564663023679417,0.08196721311475409,0.08378870673952642,0.08196721311475409,0.09289617486338798
167,0.12615740740740744,0.06365740740740743,0.12152777777777779,0.05208333333333334,0.09027777777777779,0.05555555555555556,0.13888888888888892,0.10763888888888891,0.07291666666666669,0.17129629629629634
168,0.1570048309178744,0.06038647342995169,0.06159420289855073,0.08816425120772947,0.10024154589371981,0.18961352657004832,0.09178743961352658,0.09057971014492754,0.08454106280193237,0.07608695652173914
169,0.07709750566893424,0.09599395313681028,0.04157218442932729,0.07029478458049887,0.07936507936507936,0.0672713529856387,0.05971277399848828,0.31141345427059713,0.12471655328798185,0.07256235827664399
170,0.10134310134310134,0.17094017094017094,0.16971916971916973,0.0757020757020757,0.10989010989010989,0.09523809523809523,0.0757020757020757,0.06227106227106227,0.054945054945054944,0.08424908424908426
171,0.12239583333333333,0.09114583333333333,0.06684027777777778,0.16493055555555555,0.07118055555555555,0.1579861111111111,0.08072916666666667,0.08680555555555555,0.06944444444444445,0.08854166666666667
172,0.09739368998628258,0.07956104252400549,0.11659807956104253,0.0644718792866941,0.09053497942386832,0.13717421124828533,0.1673525377229081,0.102880658436214,0.06995884773662552,0.07407407407407407
173,0.11216931216931217,0.12698412698412698,0.07724867724867725,0.07195767195767196,0.1343915343915344,0.17037037037037037,0.05291005291005291,0.0962962962962963,0.09312169312169312,0.06455026455026455
174,0.08983451536643026,0.10007880220646179,0.09850275807722617,0.054373522458628844,0.11899133175728921,0.08589440504334121,0.17494089834515367,0.1111111111111111,0.12214342001576044,0.04412923561859732
175,0.08333333333333334,0.12222222222222223,0.0851851851851852,0.08333333333333334,0.10000000000000002,0.10555555555555557,0.10555555555555557,0.10185185185185186,0.11296296296296297,0.10000000000000002
176,0.08333333333333334,0.11574074074074076,0.10956790123456792,0.07098765432098766,0.15586419753086422,0.0925925925925926,0.06944444444444446,0.1080246913580247,0.11111111111111112,0.08333333333333334
177,0.05502136752136752,0.29754273504273504,0.05448717948717949,0.1752136752136752,0.18482905982905984,0.045405982905982904,0.027777777777777776,0.05235042735042735,0.08066239316239317,0.026709401709401708
178,0.08820160366552121,0.06758304696449027,0.08476517754868272,0.060710194730813294,0.12829324169530357,0.1741122565864834,0.07101947308132876,0.0904925544100802,0.16265750286368846,0.07216494845360825
179,0.07301587301587302,0.09682539682539683,0.1619047619047619,0.10317460317460317,0.09047619047619047,0.0761904761904762,0.08571428571428572,0.08571428571428572,0.10158730158730159,0.1253968253968254
180,0.106544901065449,0.091324200913242,0.1308980213089802,0.167427701674277,0.1019786910197869,0.0821917808219178,0.0837138508371385,0.0852359208523592,0.0730593607305936,0.0776255707762557
181,0.11284722222222222,0.11284722222222222,0.10590277777777778,0.09722222222222222,0.08854166666666667,0.09895833333333333,0.1076388888888889,0.08854166666666667,0.0920138888888889,0.0954861111111111
182,0.11498708010335917,0.0917312661498708,0.2131782945736434,0.06976744186046512,0.0710594315245478,0.05813953488372093,0.11627906976744186,0.08397932816537468,0.08139534883720931,0.09948320413436693
183,0.07171717171717172,0.07676767676767676,0.06161616161616162,0.10303030303030303,0.06060606060606061,0.2717171717171717,0.13636363636363635,0.06868686868686869,0.07878787878787878,0.0707070707070707
184,0.15525114155251143,0.10806697108066972,0.15372907153729073,0.07610350076103502,0.08980213089802132,0.08219178082191782,0.07153729071537292,0.09741248097412482,0.08371385083713852,0.08219178082191782
185,0.1312169312169312,0.04973544973544974,0.13862433862433862,0.061375661375661375,0.061375661375661375,0.1619047619047619,0.18835978835978837,0.05291005291005291,0.06772486772486773,0.08677248677248678
186,0.07057057057057058,0.07057057057057058,0.17717717717717718,0.11261261261261261,0.07057057057057058,0.08108108108108109,0.11711711711711711,0.12312312312312312,0.08108108108108109,0.0960960960960961
187,0.06777777777777778,0.10666666666666667,0.10222222222222223,0.19555555555555557,0.0811111111111111,0.09111111111111111,0.07444444444444444,0.10777777777777778,0.07222222222222222,0.10111111111111111
188,0.061606160616061605,0.0737073707370737,0.10891089108910891,0.09460946094609461,0.1694169416941694,0.11991199119911991,0.10561056105610561,0.0858085808580858,0.08360836083608361,0.0968096809680968
189,0.08515057113187954,0.08099688473520249,0.16926272066458983,0.12461059190031153,0.059190031152647975,0.07995846313603323,0.06749740394600208,0.122533748701973,0.13291796469366562,0.0778816199376947
190,0.0870020964360587,0.16247379454926625,0.1111111111111111,0.08280922431865828,0.19077568134171907,0.0880503144654088,0.05660377358490566,0.08071278825995808,0.09119496855345911,0.049266247379454925
191,0.1961961961961962,0.04604604604604605,0.11611611611611612,0.16716716716716717,0.06106106106106106,0.04504504504504504,0.07207207207207207,0.062062062062062065,0.07807807807807808,0.15615615615615616
192,0.2695906432748538,0.07660818713450293,0.05380116959064327,0.1152046783625731,0.07777777777777778,0.08654970760233918,0.047953216374269005,0.0824561403508772,0.13567251461988303,0.054385964912280704
193,0.19072615923009623,0.07086614173228346,0.09186351706036745,0.05599300087489064,0.04199475065616798,0.11286089238845144,0.07349081364829396,0.07174103237095363,0.048118985126859144,0.24234470691163604
194,0.08974358974358973,0.22364672364672358,0.08404558404558403,0.07977207977207976,0.07264957264957264,0.09116809116809116,0.07692307692307691,0.08974358974358973,0.11538461538461536,0.07692307692307691
195,0.10746812386156648,0.08196721311475409,0.09107468123861566,0.08196721311475409,0.08925318761384335,0.09836065573770492,0.1366120218579235,0.11293260473588343,0.08378870673952642,0.11657559198542805
196,0.10779436152570482,0.08789386401326701,0.1326699834162521,0.11774461028192373,0.09452736318407962,0.10447761194029852,0.09452736318407962,0.10613598673300167,0.07960199004975126,0.0746268656716418
197,0.07503607503607504,0.07215007215007214,0.16594516594516595,0.07936507936507936,0.07792207792207792,0.08946608946608947,0.09090909090909091,0.08658008658008658,0.11688311688311688,0.14574314574314573
198,0.08539944903581267,0.07988980716253444,0.0881542699724518,0.1258034894398531,0.10009182736455463,0.11202938475665748,0.10651974288337925,0.06519742883379247,0.12121212121212122,0.11570247933884298
199,0.08010335917312662,0.09689922480620157,0.1550387596899225,0.19896640826873388,0.09689922480620157,0.08268733850129201,0.06072351421188631,0.08010335917312662,0.08268733850129201,0.06589147286821707
200,0.09368191721132897,0.06862745098039216,0.16666666666666666,0.09041394335511982,0.08387799564270153,0.17429193899782136,0.08061002178649238,0.06427015250544663,0.10675381263616558,0.07080610021786492
201,0.0625,0.0763888888888889,0.0875,0.08888888888888889,0.11944444444444445,0.13194444444444445,0.125,0.10694444444444444,0.11388888888888889,0.0875
202,0.05853174603174603,0.057539682539682536,0.06746031746031746,0.1884920634920635,0.08531746031746032,0.1736111111111111,0.09424603174603174,0.09722222222222222,0.12202380952380952,0.05555555555555555
203,0.075,0.09583333333333334,0.09583333333333334,0.0625,0.06805555555555555,0.1,0.19027777777777777,0.14305555555555555,0.08194444444444444,0.0875
204,0.06739526411657558,0.16211293260473586,0.09228901032179719,0.10503946569520337,0.1530054644808743,0.11778992106860957,0.06010928961748632,0.06800242865816634,0.049180327868852444,0.12507589556769882
205,0.07744107744107744,0.12289562289562289,0.12121212121212122,0.09090909090909091,0.08585858585858586,0.11784511784511785,0.09595959595959595,0.11784511784511785,0.07575757575757576,0.09427609427609428
206,0.0966183574879227,0.07608695652173914,0.15096618357487923,0.09178743961352658,0.10386473429951691,0.09420289855072464,0.13768115942028986,0.07004830917874397,0.09903381642512077,0.07971014492753623
207,0.09618573797678276,0.11774461028192372,0.1011608623548922,0.175787728026534,0.08955223880597014,0.07628524046434494,0.07462686567164178,0.07462686567164178,0.08955223880597014,0.1044776119402985
208,0.07566462167689161,0.05521472392638037,0.038173142467621,0.09475119291070211,0.07225630538513975,0.1138377641445126,0.03953646898432175,0.076346284935242,0.36400817995910023,0.07021131561008861
209,0.08785529715762275,0.09560723514211888,0.06072351421188632,0.12661498708010338,0.05943152454780363,0.09560723514211888,0.06072351421188632,0.07881136950904394,0.06976744186046513,0.26485788113695097
210,0.10617283950617284,0.1,0.1259259259259259,0.08641975308641975,0.08271604938271605,0.07901234567901234,0.18765432098765433,0.10493827160493827,0.056790123456790124,0.07037037037037037
211,0.11886304909560723,0.10680447889750215,0.13867355727820843,0.082687338501292,0.09819121447028424,0.06459948320413436,0.04220499569336779,0.06890611541774333,0.22739018087855298,0.05167958656330749
212,0.056056056056056056,0.1781781781781782,0.0980980980980981,0.08708708708708708,0.07207207207207207,0.14214214214214213,0.07007007007007007,0.16016016016016016,0.08708708708708708,0.04904904904904905
213,0.09542483660130718,0.09281045751633987,0.13202614379084968,0.07973856209150326,0.07712418300653595,0.06405228758169934,0.1568627450980392,0.08758169934640522,0.11895424836601307,0.09542483660130718
214,0.08308751229105212,0.27728613569321536,0.032940019665683384,0.07325467059980334,0.04965585054080629,0.02999016715830875,0.02654867256637168,0.1887905604719764,0.18092428711897737,0.05752212389380531
215,0.08852258852258853,0.3534798534798535,0.04151404151404151,0.06654456654456654,0.06776556776556776,0.05616605616605617,0.03540903540903541,0.061660561660561664,0.1978021978021978,0.031135531135531136
216,0.1511437908496732,0.11437908496732026,0.18137254901960784,0.06781045751633986,0.06862745098039216,0.11274509803921569,0.059640522875817,0.058823529411764705,0.051470588235294115,0.13398692810457516
217,0.0761904761904762,0.10476190476190476,0.14761904761904762,0.0873015873015873,0.13333333333333333,0.1126984126984127,0.07142857142857142,0.07142857142857142,0.09047619047619047,0.10476190476190476
218,0.11111111111111112,0.11458333333333334,0.08912037037037038,0.08680555555555557,0.07638888888888891,0.07060185185185186,0.07754629629629631,0.09606481481481483,0.21759259259259262,0.06018518518518519
219,0.07095046854082998,0.1539491298527443,0.1713520749665328,0.12315930388219545,0.08701472556894244,0.12182061579651941,0.07630522088353414,0.07228915662650602,0.06291834002677377,0.060240963855421686
220,0.05249343832020996,0.10323709536307958,0.14348206474190722,0.24146981627296582,0.06386701662292212,0.058617672790901125,0.0463692038495188,0.05511811023622046,0.10586176727909008,0.12948381452318458
221,0.06291834002677377,0.08032128514056225,0.0749665327978581,0.07898259705488621,0.15930388219544847,0.10307898259705489,0.06961178045515395,0.08299866131191433,0.21151271753681392,0.07630522088353414
222,0.08865248226950356,0.14302600472813243,0.13475177304964542,0.08510638297872342,0.09338061465721041,0.09574468085106384,0.07092198581560286,0.10756501182033099,0.08865248226950356,0.0921985815602837
223,0.19291819291819293,0.0757020757020757,0.07326007326007326,0.07814407814407814,0.06593406593406594,0.08302808302808302,0.10500610500610501,0.07936507936507936,0.16605616605616605,0.08058608058608059
224,0.10377358490566038,0.05660377358490566,0.0660377358490566,0.0639412997903564,0.09853249475890985,0.05555555555555555,0.19916142557651992,0.11635220125786164,0.04716981132075472,0.1928721174004193
225,0.12962962962962962,0.10021786492374728,0.16339869281045752,0.05664488017429194,0.11764705882352941,0.06209150326797386,0.07734204793028322,0.10021786492374728,0.08061002178649238,0.11220043572984749
226,0.2983257229832572,0.045662100456621,0.1080669710806697,0.05707762557077625,0.06773211567732115,0.0821917808219178,0.0624048706240487,0.08751902587519025,0.0517503805175038,0.13926940639269406
227,0.059670781893004114,0.047325102880658436,0.12139917695473251,0.060699588477366256,0.09876543209876543,0.20267489711934156,0.11213991769547325,0.09567901234567901,0.13168724279835392,0.06995884773662552
228,0.07081807081807082,0.09096459096459096,0.05128205128205128,0.07631257631257632,0.06349206349206349,0.31746031746031744,0.08547008547008547,0.06715506715506715,0.12637362637362637,0.05067155067155067
229,0.08602150537634409,0.08602150537634409,0.1027479091995221,0.11708482676224612,0.12186379928315412,0.12305854241338113,0.056152927120669056,0.06929510155316607,0.07885304659498207,0.15890083632019117
230,0.0811965811965812,0.1282051282051282,0.1396011396011396,0.06837606837606838,0.10968660968660969,0.07834757834757834,0.0754985754985755,0.12535612535612536,0.11965811965811966,0.07407407407407407
231,0.06468797564687977,0.15372907153729073,0.09360730593607307,0.06849315068493152,0.08828006088280062,0.14916286149162863,0.15372907153729073,0.04490106544901066,0.12937595129375953,0.054033485540334866
232,0.12134502923976609,0.11549707602339182,0.13011695906432752,0.10380116959064328,0.10233918128654972,0.10526315789473685,0.07748538011695907,0.07894736842105264,0.07309941520467837,0.09210526315789475
233,0.05003679175864608,0.1589403973509934,0.1464311994113319,0.09418690213392203,0.055187637969094934,0.17733627667402505,0.07726269315673291,0.055923473142016206,0.0794701986754967,0.10522442972774101
234,0.08721624850657107,0.05734767025089604,0.10991636798088408,0.11111111111111108,0.09438470728793306,0.09557945041816007,0.17084826762246114,0.09677419354838707,0.09199522102747908,0.08482676224611707
235,0.14102564102564105,0.09971509971509973,0.12678062678062682,0.08974358974358976,0.0683760683760684,0.08831908831908833,0.07834757834757836,0.11253561253561255,0.07692307692307694,0.11823361823361825
236,0.06549707602339182,0.11228070175438597,0.07251461988304093,0.07485380116959064,0.2736842105263158,0.11578947368421053,0.08070175438596491,0.07368421052631578,0.07485380116959064,0.056140350877192984
237,0.08064516129032258,0.13261648745519714,0.13620071684587814,0.0913978494623656,0.0985663082437276,0.09498207885304659,0.08064516129032258,0.08602150537634409,0.0913978494623656,0.10752688172043011
238,0.09206349206349207,0.1634920634920635,0.08571428571428572,0.09365079365079365,0.0873015873015873,0.10317460317460317,0.07142857142857142,0.09206349206349207,0.1253968253968254,0.08571428571428572
239,0.10758377425044091,0.14109347442680775,0.12522045855379188,0.12522045855379188,0.07936507936507936,0.08289241622574955,0.07936507936507936,0.08465608465608465,0.09523809523809523,0.07936507936507936
240,0.09824561403508772,0.08888888888888889,0.07251461988304093,0.08654970760233918,0.28888888888888886,0.08888888888888889,0.06315789473684211,0.06549707602339182,0.05380116959064327,0.0935672514619883
241,0.1216097987751531,0.0568678915135608,0.10411198600174978,0.06124234470691164,0.051618547681539804,0.05249343832020997,0.2659667541557305,0.0621172353455818,0.03937007874015748,0.18460192475940507
242,0.06878306878306878,0.07142857142857142,0.08994708994708994,0.0873015873015873,0.12566137566137567,0.082010582010582,0.2671957671957672,0.07671957671957672,0.07142857142857142,0.05952380952380952
243,0.13793103448275865,0.06896551724137932,0.0715197956577267,0.0855683269476373,0.06768837803320564,0.07024265644955302,0.11238825031928482,0.1596424010217114,0.09450830140485314,0.1315453384418902
244,0.058931860036832415,0.14610190300798034,0.16083486801718846,0.10988336402701043,0.2737875997544506,0.0718232044198895,0.039287906691221605,0.04112952731737262,0.0669122160834868,0.03130755064456722
245,0.06849315068493152,0.11719939117199393,0.15372907153729073,0.08066971080669712,0.10197869101978693,0.07153729071537292,0.13698630136986303,0.11111111111111113,0.08675799086757992,0.07153729071537292
246,0.08922558922558922,0.10774410774410774,0.1531986531986532,0.11784511784511785,0.09427609427609428,0.1111111111111111,0.07744107744107744,0.08754208754208755,0.07744107744107744,0.08417508417508418
247,0.0931372549019608,0.14215686274509806,0.14215686274509806,0.07516339869281047,0.08006535947712419,0.0735294117647059,0.10457516339869283,0.10294117647058824,0.08333333333333334,0.10294117647058824
248,0.08796296296296297,0.13117283950617284,0.10030864197530864,0.06944444444444445,0.13425925925925927,0.1404320987654321,0.08024691358024691,0.07716049382716049,0.08024691358024691,0.09876543209876543
249,0.10541310541310542,0.0811965811965812,0.08547008547008547,0.07692307692307693,0.10683760683760683,0.13817663817663817,0.07692307692307693,0.09259259259259259,0.09401709401709402,0.14245014245014245
250,0.10331384015594541,0.11306042884990253,0.10331384015594541,0.10526315789473684,0.10526315789473684,0.09746588693957114,0.08966861598440545,0.08771929824561403,0.08771929824561403,0.10721247563352826
251,0.09689922480620156,0.12532299741602068,0.12144702842377261,0.12403100775193798,0.09560723514211886,0.09948320413436693,0.05813953488372093,0.07751937984496124,0.08785529715762273,0.11369509043927649
252,0.07654320987654321,0.07037037037037037,0.17160493827160495,0.07901234567901234,0.08271604938271605,0.10493827160493827,0.14444444444444443,0.10864197530864197,0.08024691358024691,0.08148148148148149
253,0.0842911877394636,0.10472541507024266,0.0970625798212005,0.07535121328224777,0.07918263090676884,0.0983397190293742,0.18007662835249041,0.09450830140485313,0.08939974457215837,0.0970625798212005
254,0.09281045751633987,0.08496732026143791,0.08758169934640522,0.12287581699346405,0.0915032679738562,0.13071895424836602,0.0784313725490196,0.09019607843137255,0.15816993464052287,0.06274509803921569
255,0.08401084010840108,0.13279132791327913,0.1111111111111111,0.1020776874435411,0.045167118337850046,0.04697380307136405,0.2565492321589883,0.0966576332429991,0.06413730803974707,0.06052393857271906
256,0.07473544973544974,0.05886243386243386,0.17592592592592593,0.05952380952380952,0.056878306878306875,0.04431216931216931,0.24338624338624337,0.1130952380952381,0.03835978835978836,0.1349206349206349
257,0.08052181736392262,0.04588394062078273,0.24111560953666217,0.11560953666216824,0.05713000449842555,0.04588394062078273,0.15429599640125957,0.13675213675213677,0.044534412955465584,0.07827260458839407
258,0.08058608058608059,0.16727716727716727,0.08302808302808302,0.13797313797313798,0.12576312576312576,0.06349206349206349,0.08913308913308914,0.06593406593406594,0.10744810744810745,0.07936507936507936
259,0.05825242718446602,0.30528586839266453,0.09600862998921252,0.10248112189859762,0.07605177993527508,0.042071197411003236,0.07281553398058252,0.0668824163969795,0.1348435814455232,0.045307443365695796
260,0.13071895424836605,0.0925925925925926,0.059912854030501096,0.13616557734204796,0.07189542483660132,0.12745098039215688,0.09150326797385622,0.15141612200435733,0.08387799564270154,0.05446623093681918
261,0.10086682427107961,0.15681639085894408,0.0756501182033097,0.058313632781717896,0.055949566587864465,0.06225374310480694,0.06855791962174942,0.17966903073286056,0.1851851851851852,0.056737588652482275
262,0.16816816816816818,0.08933933933933934,0.10135135135135136,0.07057057057057058,0.1614114114114114,0.15915915915915915,0.06906906906906907,0.052552552552552555,0.07282282282282282,0.05555555555555555
263,0.06730769230769232,0.1121794871794872,0.17094017094017097,0.08974358974358976,0.07905982905982907,0.1933760683760684,0.06730769230769232,0.06517094017094019,0.04914529914529915,0.10576923076923078
264,0.18484848484848485,0.09292929292929293,0.09595959595959595,0.09898989898989899,0.06363636363636363,0.0898989898989899,0.06666666666666667,0.08383838383838384,0.051515151515151514,0.1717171717171717
265,0.03872053872053872,0.08754208754208755,0.047979797979797977,0.12205387205387205,0.32323232323232326,0.03872053872053872,0.08417508417508418,0.12878787878787878,0.0707070707070707,0.05808080808080808
266,0.08489388264669163,0.0749063670411985,0.07865168539325842,0.08863920099875156,0.15480649188514356,0.05805243445692884,0.066167290886392,0.06741573033707865,0.2640449438202247,0.062421972534332085
267,0.09350935093509351,0.08690869086908691,0.264026402640264,0.10121012101210121,0.09020902090209021,0.08800880088008801,0.07260726072607261,0.08360836083608361,0.05500550055005501,0.06490649064906491
268,0.10798122065727701,0.2050078247261346,0.07355242566510174,0.08450704225352114,0.10954616588419407,0.08450704225352114,0.08294209702660409,0.09076682316118938,0.08607198748043819,0.0751173708920188
269,0.13271604938271606,0.06944444444444445,0.12962962962962962,0.06944444444444445,0.09876543209876543,0.06944444444444445,0.1728395061728395,0.07716049382716049,0.07253086419753087,0.10802469135802469
270,0.06388888888888888,0.0625,0.10972222222222222,0.06666666666666667,0.0875,0.06805555555555555,0.12916666666666668,0.08055555555555556,0.07361111111111111,0.25833333333333336
271,0.12364243943191312,0.052631578947368425,0.12781954887218047,0.11027568922305765,0.06432748538011697,0.055137844611528826,0.06015037593984963,0.055137844611528826,0.06182121971595656,0.2890559732664996
272,0.1648148148148148,0.04537037037037037,0.12129629629629629,0.058333333333333334,0.06018518518518518,0.05277777777777778,0.058333333333333334,0.09537037037037037,0.041666666666666664,0.30185185185185187
273,0.32232232232232233,0.055055055055055056,0.06606606606606606,0.05805805805805806,0.05405405405405406,0.07007007007007007,0.07807807807807808,0.09009009009009009,0.05005005005005005,0.15615615615615616
274,0.09454191033138401,0.05847953216374269,0.1968810916179337,0.049707602339181284,0.08284600389863547,0.06432748538011696,0.20272904483430798,0.08187134502923976,0.09259259259259259,0.07602339181286549
275,0.06565656565656566,0.09217171717171717,0.11868686868686869,0.06691919191919192,0.056818181818181816,0.09848484848484848,0.1351010101010101,0.08080808080808081,0.059343434343434344,0.22601010101010102
276,0.08487654320987655,0.12037037037037036,0.10493827160493827,0.06944444444444445,0.16512345679012347,0.0941358024691358,0.06944444444444445,0.10185185185185185,0.10493827160493827,0.08487654320987655
277,0.1488673139158576,0.07119741100323625,0.05070118662351672,0.08522114347357065,0.05070118662351672,0.07551240560949299,0.08414239482200647,0.07982740021574973,0.0895361380798274,0.26429341963322545
278,0.10126582278481013,0.11392405063291139,0.17158931082981715,0.09142053445850915,0.08157524613220815,0.07454289732770746,0.12376933895921238,0.08579465541490858,0.090014064697609,0.06610407876230662
279,0.08845738942826321,0.05717367853290183,0.08090614886731391,0.07227615965480043,0.08090614886731391,0.0593311758360302,0.2664509169363538,0.08414239482200647,0.07874865156418555,0.13160733549083065
280,0.17676767676767677,0.08484848484848485,0.09393939393939393,0.09393939393939393,0.09090909090909091,0.1303030303030303,0.051515151515151514,0.07171717171717172,0.08080808080808081,0.12525252525252525
281,0.08187134502923978,0.057309941520467846,0.06900584795321639,0.08070175438596493,0.29356725146198837,0.05614035087719299,0.06315789473684212,0.1532163742690059,0.07953216374269008,0.06549707602339183
282,0.041666666666666664,0.13734567901234568,0.07175925925925926,0.11882716049382716,0.25540123456790126,0.05555555555555555,0.0787037037037037,0.05864197530864197,0.11033950617283951,0.07175925925925926
283,0.11823361823361825,0.07834757834757836,0.07407407407407408,0.1096866096866097,0.08831908831908833,0.160968660968661,0.08831908831908833,0.12393162393162395,0.07977207977207978,0.07834757834757836
284,0.13194444444444448,0.07638888888888891,0.1851851851851852,0.08564814814814817,0.11574074074074077,0.06944444444444446,0.05671296296296298,0.10763888888888892,0.08564814814814817,0.08564814814814817
285,0.12790697674418605,0.07881136950904392,0.09431524547803617,0.1227390180878553,0.09043927648578812,0.09948320413436693,0.06976744186046512,0.1343669250645995,0.08656330749354005,0.09560723514211886
286,0.0640096618357488,0.09782608695652174,0.09057971014492754,0.08574879227053141,0.22946859903381642,0.059178743961352656,0.10144927536231885,0.07729468599033816,0.1316425120772947,0.06280193236714976
287,0.0730593607305936,0.121765601217656,0.182648401826484,0.091324200913242,0.1035007610350076,0.0867579908675799,0.091324200913242,0.0837138508371385,0.0806697108066971,0.0852359208523592
288,0.07283950617283952,0.0888888888888889,0.20987654320987656,0.06543209876543211,0.0925925925925926,0.18148148148148152,0.058024691358024696,0.05679012345679013,0.0814814814814815,0.0925925925925926
289,0.10344827586206898,0.09195402298850576,0.1455938697318008,0.08429118773946362,0.08045977011494254,0.16858237547892724,0.06257982120051087,0.06768837803320564,0.0715197956577267,0.12388250319284803
290,0.03637566137566138,0.043650793650793655,0.06216931216931217,0.10317460317460318,0.29960317460317465,0.03968253968253969,0.04166666666666667,0.11111111111111112,0.16600529100529104,0.09656084656084657
291,0.05806451612903226,0.13405017921146953,0.07526881720430108,0.07455197132616488,0.192831541218638,0.07168458781362007,0.05448028673835126,0.2028673835125448,0.07311827956989247,0.06308243727598567
292,0.09865005192107998,0.18068535825545173,0.06022845275181724,0.0643821391484943,0.09968847352024923,0.12357217030114227,0.07061266874350988,0.09138110072689513,0.1599169262720665,0.050882658359293884
293,0.10966810966810966,0.10101010101010101,0.10966810966810966,0.0836940836940837,0.12698412698412698,0.07215007215007214,0.10101010101010101,0.08225108225108226,0.09090909090909091,0.12265512265512266
294,0.10866910866910867,0.08424908424908426,0.17094017094017094,0.10500610500610501,0.10256410256410256,0.13675213675213677,0.06715506715506715,0.07326007326007326,0.0757020757020757,0.0757020757020757
295,0.0757201646090535,0.040329218106995884,0.20329218106995886,0.043621399176954734,0.05596707818930041,0.10041152263374485,0.1934156378600823,0.12263374485596708,0.060905349794238686,0.1037037037037037
296,0.12068965517241381,0.1628352490421456,0.0814176245210728,0.13793103448275865,0.0545977011494253,0.07375478927203066,0.04885057471264369,0.05651340996168583,0.19252873563218392,0.07088122605363986
297,0.0941358024691358,0.1404320987654321,0.1419753086419753,0.07253086419753087,0.13271604938271606,0.10802469135802469,0.07561728395061729,0.06944444444444445,0.09567901234567901,0.06944444444444445
298,0.12640163098878696,0.1345565749235474,0.07951070336391437,0.09887869520897044,0.12640163098878696,0.06931702344546381,0.05402650356778797,0.07135575942915393,0.15392456676860347,0.0856269113149847
299,0.09477124183006537,0.0996732026143791,0.0735294117647059,0.09803921568627452,0.09150326797385622,0.0866013071895425,0.10294117647058824,0.0996732026143791,0.16176470588235298,0.09150326797385622
300,0.10582010582010581,0.19576719576719576,0.06984126984126984,0.08888888888888889,0.08783068783068783,0.08677248677248678,0.07089947089947089,0.07936507936507936,0.15132275132275133,0.06349206349206349
301,0.10744810744810745,0.18192918192918192,0.10989010989010989,0.0695970695970696,0.07448107448107448,0.14041514041514042,0.10134310134310134,0.08424908424908426,0.05616605616605617,0.07448107448107448
302,0.1095679012345679,0.14506172839506173,0.10648148148148148,0.07716049382716049,0.09259259259259259,0.08487654320987655,0.12037037037037036,0.10185185185185185,0.07716049382716049,0.08487654320987655
303,0.07460317460317462,0.07142857142857144,0.08571428571428573,0.09365079365079367,0.1888888888888889,0.07142857142857144,0.07142857142857144,0.09206349206349208,0.1507936507936508,0.10000000000000002
304,0.09589041095890412,0.12328767123287672,0.08219178082191782,0.08675799086757992,0.07305936073059362,0.17503805175038054,0.06849315068493152,0.12480974124809742,0.07914764079147642,0.09132420091324202
305,0.06597222222222224,0.06828703703703705,0.07175925925925927,0.07986111111111112,0.09490740740740743,0.09722222222222224,0.26388888888888895,0.06481481481481483,0.11574074074074076,0.07754629629629631
306,0.12109862671660425,0.08239700374531835,0.15730337078651685,0.07240948813982521,0.11610486891385768,0.07740324594257178,0.14232209737827714,0.09363295880149813,0.066167290886392,0.07116104868913857
307,0.12612612612612611,0.10810810810810811,0.0945945945945946,0.1066066066066066,0.07807807807807808,0.07207207207207207,0.12162162162162163,0.1066066066066066,0.06756756756756757,0.11861861861861862
308,0.09230769230769231,0.20170940170940171,0.0905982905982906,0.08376068376068375,0.0905982905982906,0.08717948717948718,0.07863247863247863,0.07863247863247863,0.09230769230769231,0.10427350427350428
309,0.06517094017094018,0.04861111111111111,0.06784188034188034,0.060363247863247864,0.034722222222222224,0.37553418803418803,0.08386752136752136,0.11431623931623931,0.08707264957264957,0.0625
310,0.14015151515151514,0.059343434343434344,0.13257575757575757,0.056818181818181816,0.07449494949494949,0.06060606060606061,0.07828282828282829,0.10479797979797979,0.06818181818181818,0.22474747474747475
311,0.11555555555555555,0.0874074074074074,0.10666666666666667,0.0874074074074074,0.07111111111111111,0.10814814814814815,0.07111111111111111,0.06666666666666667,0.08,0.20592592592592593
312,0.08527131782945736,0.08397932816537468,0.07751937984496124,0.07493540051679587,0.1511627906976744,0.20930232558139536,0.06976744186046512,0.082687338501292,0.10594315245478036,0.059431524547803614
313,0.16596931659693165,0.0399814039981404,0.04741980474198047,0.07577870757787075,0.12877731287773128,0.13482101348210135,0.0799628079962808,0.1278475127847513,0.1413296141329614,0.05811250581125058
314,0.05863192182410423,0.03040173724212812,0.027506333695258775,0.12739775606225118,0.04343105320304017,0.4697792254795512,0.04451682953311618,0.05863192182410423,0.09265291349981904,0.047050307636626855
315,0.10536398467432948,0.10344827586206894,0.132183908045977,0.08620689655172413,0.12068965517241377,0.08620689655172413,0.08620689655172413,0.10727969348659001,0.08620689655172413,0.08620689655172413
316,0.07668231611893583,0.1267605633802817,0.08763693270735524,0.09233176838810642,0.10954616588419405,0.13302034428794993,0.09076682316118936,0.1189358372456964,0.07355242566510173,0.09076682316118936
317,0.05876951331496786,0.10284664830119375,0.09550045913682277,0.05785123966942149,0.1386593204775023,0.06978879706152434,0.14325068870523416,0.11753902662993572,0.08539944903581267,0.13039485766758493
318,0.08574879227053141,0.1678743961352657,0.0821256038647343,0.07246376811594203,0.15338164251207728,0.07729468599033816,0.059178743961352656,0.11231884057971014,0.1280193236714976,0.06159420289855073
319,0.08969210174029452,0.08165997322623829,0.09236947791164658,0.10307898259705489,0.10843373493975904,0.0856760374832664,0.10575635876840696,0.08165997322623829,0.08701472556894244,0.1646586345381526
320,0.05876068376068377,0.07158119658119659,0.11752136752136753,0.06303418803418805,0.06410256410256411,0.061965811965811975,0.20299145299145302,0.10363247863247865,0.06303418803418805,0.1933760683760684
321,0.07449494949494949,0.059343434343434344,0.13131313131313133,0.12626262626262627,0.12121212121212122,0.06565656565656566,0.1527777777777778,0.10101010101010101,0.08080808080808081,0.08712121212121213
322,0.09104938271604938,0.10648148148148148,0.14506172839506173,0.08487654320987655,0.07098765432098765,0.08333333333333333,0.10185185185185185,0.08333333333333333,0.08796296296296297,0.14506172839506173
323,0.28191489361702127,0.05851063829787234,0.03664302600472813,0.09810874704491726,0.09515366430260047,0.09869976359338062,0.05260047281323877,0.08806146572104019,0.1016548463356974,0.08865248226950355
324,0.10620915032679738,0.09803921568627451,0.13725490196078433,0.10294117647058823,0.07352941176470588,0.08660130718954248,0.10130718954248366,0.09640522875816994,0.08660130718954248,0.1111111111111111
325,0.07671957671957673,0.0687830687830688,0.22354497354497357,0.0634920634920635,0.08465608465608467,0.07804232804232805,0.1375661375661376,0.09920634920634921,0.08201058201058202,0.08597883597883599
326,0.09401709401709402,0.07407407407407407,0.16096866096866097,0.18233618233618235,0.0641025641025641,0.06695156695156695,0.06837606837606838,0.10398860398860399,0.09686609686609686,0.08831908831908832
327,0.09017713365539454,0.08534621578099841,0.15297906602254432,0.09339774557165863,0.11433172302737521,0.08051529790660227,0.09017713365539454,0.09178743961352659,0.07246376811594205,0.12882447665056362
328,0.06481481481481481,0.09773662551440329,0.046296296296296294,0.06790123456790123,0.07098765432098765,0.19032921810699588,0.04835390946502058,0.27983539094650206,0.08127572016460906,0.05246913580246913
329,0.08758169934640522,0.08104575163398693,0.11764705882352941,0.10065359477124183,0.07581699346405228,0.08104575163398693,0.058823529411764705,0.1437908496732026,0.12026143790849673,0.13333333333333333
330,0.07679738562091504,0.0784313725490196,0.09640522875816994,0.13725490196078433,0.11274509803921569,0.08660130718954248,0.08006535947712418,0.12908496732026145,0.09803921568627451,0.10457516339869281
331,0.09090909090909091,0.1191919191919192,0.09696969696969697,0.09090909090909091,0.10909090909090909,0.09090909090909091,0.09090909090909091,0.09696969696969697,0.09898989898989899,0.11515151515151516
332,0.10617283950617286,0.09135802469135804,0.15679012345679016,0.08395061728395063,0.13209876543209878,0.10000000000000002,0.0851851851851852,0.07160493827160495,0.06666666666666668,0.10617283950617286
333,0.11587301587301588,0.07142857142857142,0.1111111111111111,0.08253968253968254,0.07777777777777778,0.07142857142857142,0.11428571428571428,0.0873015873015873,0.07936507936507936,0.18888888888888888
334,0.09001406469760902,0.1265822784810127,0.1237693389592124,0.1476793248945148,0.0928270042194093,0.0787623066104079,0.08016877637130804,0.07032348804500704,0.06329113924050635,0.1265822784810127
335,0.07702020202020203,0.2613636363636364,0.1085858585858586,0.07575757575757577,0.0643939393939394,0.08207070707070709,0.08964646464646465,0.06818181818181819,0.09974747474747477,0.07323232323232325
336,0.21028466483011937,0.05601469237832874,0.0945821854912764,0.11937557392102846,0.0642791551882461,0.05968778696051423,0.09733700642791551,0.0642791551882461,0.05968778696051423,0.17447199265381083
337,0.08721624850657109,0.1039426523297491,0.23058542413381122,0.08124253285543608,0.06451612903225806,0.06451612903225806,0.08602150537634409,0.08482676224611709,0.07765830346475508,0.11947431302270012
338,0.06198830409356725,0.09239766081871345,0.15087719298245614,0.08771929824561403,0.08421052631578947,0.08654970760233918,0.08304093567251462,0.09941520467836257,0.14853801169590644,0.10526315789473684
339,0.09929078014184398,0.11938534278959811,0.10520094562647754,0.07919621749408984,0.1182033096926714,0.10520094562647754,0.06973995271867613,0.06855791962174941,0.1276595744680851,0.10756501182033097
340,0.1378340365682138,0.09845288326300985,0.12798874824191284,0.09704641350210971,0.14205344585091423,0.08438818565400845,0.08157524613220817,0.08157524613220817,0.08579465541490859,0.06329113924050635
341,0.08111111111111112,0.14111111111111113,0.07333333333333335,0.15444444444444447,0.08333333333333334,0.08777777777777779,0.05888888888888889,0.10444444444444446,0.1466666666666667,0.0688888888888889
342,0.0798611111111111,0.1232638888888889,0.0798611111111111,0.078125,0.109375,0.16145833333333334,0.078125,0.10069444444444445,0.09027777777777778,0.09895833333333333
343,0.08758169934640522,0.12222222222222222,0.05163398692810457,0.09607843137254903,0.07908496732026143,0.20784313725490197,0.054901960784313725,0.08235294117647059,0.17973856209150327,0.038562091503267976
344,0.08333333333333333,0.08888888888888889,0.1111111111111111,0.08703703703703704,0.12037037037037036,0.09444444444444444,0.08888888888888889,0.09074074074074075,0.08333333333333333,0.15185185185185185
345,0.061930783242258654,0.16848816029143898,0.07832422586520947,0.09744990892531877,0.09107468123861566,0.09927140255009108,0.07468123861566485,0.09289617486338798,0.16848816029143898,0.06739526411657559
346,0.08369408369408368,0.0779220779220779,0.12987012987012983,0.06493506493506492,0.06493506493506492,0.09668109668109666,0.11111111111111108,0.0981240981240981,0.10389610389610388,0.1688311688311688
347,0.064882400648824,0.23682076236820762,0.0665044606650446,0.11678832116788321,0.0770478507704785,0.1305758313057583,0.047039740470397405,0.06082725060827251,0.1192214111922141,0.08029197080291971
348,0.07313642756680731,0.10267229254571027,0.13220815752461323,0.07032348804500703,0.0970464135021097,0.18143459915611815,0.09142053445850915,0.06751054852320675,0.11251758087201125,0.07172995780590717
349,0.1034103410341034,0.10451045104510451,0.13751375137513752,0.11661166116611661,0.08360836083608361,0.1034103410341034,0.0781078107810781,0.10891089108910891,0.066006600660066,0.09790979097909791
350,0.11313131313131314,0.09393939393939393,0.1707070707070707,0.05858585858585859,0.1292929292929293,0.08585858585858586,0.06565656565656566,0.08080808080808081,0.1101010101010101,0.09191919191919191
351,0.12626262626262627,0.12121212121212122,0.13762626262626262,0.06060606060606061,0.0845959595959596,0.09090909090909091,0.06060606060606061,0.07954545454545454,0.14015151515151514,0.09848484848484848
352,0.05484330484330485,0.15170940170940173,0.08333333333333334,0.08262108262108263,0.1680911680911681,0.06623931623931625,0.06410256410256411,0.10470085470085472,0.15028490028490032,0.07407407407407408
353,0.07571288102261554,0.07571288102261554,0.18387413962635205,0.11111111111111112,0.08357915437561457,0.056047197640118,0.16125860373647988,0.07767944936086531,0.09636184857423796,0.07866273352999018
354,0.032908704883227176,0.045647558386411886,0.03078556263269639,0.02653927813163482,0.0629865534324133,0.041401273885350316,0.043170559094125975,0.6121726822363766,0.03397027600849257,0.07041755130927105
355,0.09385113268608414,0.1715210355987055,0.1121898597626753,0.07982740021574973,0.1413160733549083,0.08306364617044229,0.07119741100323625,0.104638619201726,0.09169363538295577,0.05070118662351672
356,0.05952380952380953,0.04464285714285715,0.05853174603174604,0.08432539682539685,0.11111111111111112,0.06845238095238097,0.378968253968254,0.07043650793650795,0.06051587301587302,0.0634920634920635
357,0.11793372319688109,0.043859649122807015,0.10818713450292397,0.056530214424951264,0.06140350877192982,0.06725146198830409,0.13840155945419103,0.17641325536062377,0.09941520467836257,0.13060428849902533
358,0.09572649572649573,0.15213675213675212,0.07692307692307693,0.10427350427350428,0.11452991452991453,0.09230769230769231,0.07692307692307693,0.12136752136752137,0.07692307692307693,0.08888888888888889
359,0.15942028985507245,0.10144927536231885,0.1570048309178744,0.08454106280193237,0.059178743961352656,0.057971014492753624,0.07971014492753623,0.11473429951690821,0.09541062801932366,0.09057971014492754
360,0.11839708561020036,0.08561020036429873,0.11839708561020036,0.08196721311475409,0.08196721311475409,0.10746812386156648,0.11475409836065574,0.09836065573770492,0.08196721311475409,0.1111111111111111
361,0.10752688172043011,0.12007168458781362,0.11290322580645161,0.08064516129032258,0.1039426523297491,0.08781362007168458,0.0985663082437276,0.11648745519713262,0.0913978494623656,0.08064516129032258
362,0.15242165242165243,0.09116809116809117,0.1737891737891738,0.07264957264957266,0.06552706552706553,0.07692307692307693,0.1225071225071225,0.06837606837606838,0.07692307692307693,0.09971509971509972
363,0.07046070460704607,0.05510388437217705,0.07046070460704607,0.17434507678410116,0.04787714543812105,0.08130081300813008,0.27009936766034326,0.06052393857271906,0.06142728093947606,0.10840108401084012
364,0.09078590785907859,0.16802168021680217,0.06775067750677506,0.07317073170731707,0.11246612466124661,0.07994579945799458,0.12601626016260162,0.0921409214092141,0.11788617886178862,0.07181571815718157
365,0.06243386243386243,0.05714285714285714,0.08783068783068783,0.10899470899470899,0.10899470899470899,0.09417989417989418,0.15555555555555556,0.11005291005291006,0.14074074074074075,0.07407407407407407
366,0.0873015873015873,0.08956916099773243,0.12585034013605442,0.09410430839002268,0.09863945578231292,0.07029478458049887,0.15759637188208617,0.06462585034013606,0.061224489795918366,0.15079365079365079
367,0.1130604288499025,0.10136452241715396,0.08771929824561402,0.09746588693957112,0.1306042884990253,0.10331384015594539,0.08771929824561402,0.08771929824561402,0.10331384015594539,0.08771929824561402
368,0.2115009746588694,0.04775828460038987,0.08576998050682262,0.06042884990253412,0.050682261208577,0.051656920077972714,0.10721247563352827,0.11013645224171541,0.06140350877192983,0.21345029239766083
369,0.1526104417670683,0.08299866131191434,0.1030789825970549,0.08032128514056226,0.061579651941097734,0.061579651941097734,0.1244979919678715,0.16064257028112452,0.06024096385542169,0.11244979919678716
370,0.07724867724867726,0.15343915343915346,0.10264550264550268,0.1502645502645503,0.06560846560846562,0.0634920634920635,0.06560846560846562,0.1396825396825397,0.13333333333333336,0.048677248677248694
371,0.06172839506172838,0.21193415637860077,0.08950617283950615,0.07407407407407406,0.13374485596707816,0.10082304526748968,0.06687242798353908,0.08333333333333331,0.1265432098765432,0.051440329218106984
372,0.08960573476702509,0.10215053763440861,0.0913978494623656,0.08960573476702509,0.12186379928315412,0.0985663082437276,0.08064516129032258,0.12724014336917563,0.10931899641577061,0.08960573476702509
373,0.11574074074074074,0.10185185185185185,0.08217592592592593,0.07523148148148148,0.15162037037037038,0.09375,0.13657407407407407,0.11805555555555555,0.05324074074074074,0.07175925925925926
374,0.05603864734299517,0.12270531400966184,0.07246376811594203,0.08792270531400966,0.19903381642512077,0.08309178743961353,0.05314009661835749,0.12367149758454106,0.08888888888888889,0.11304347826086956
375,0.07801418439716312,0.054373522458628844,0.06382978723404255,0.0851063829787234,0.05673758865248227,0.06501182033096926,0.2966903073286052,0.06028368794326241,0.05319148936170213,0.1867612293144208
376,0.088,0.06666666666666667,0.21955555555555556,0.07022222222222223,0.07377777777777778,0.11466666666666667,0.09333333333333334,0.10222222222222223,0.0791111111111111,0.09244444444444444
377,0.04980842911877395,0.10673234811165846,0.08210180623973728,0.1395730706075534,0.12588943623426385,0.05637657361795294,0.035030103995621245,0.09085933223864259,0.2884510125889437,0.025177887246852767
378,0.060109289617486336,0.19672131147540983,0.05191256830601093,0.06284153005464481,0.12750455373406194,0.11384335154826958,0.05009107468123861,0.12021857923497267,0.16120218579234974,0.05555555555555555
379,0.0563165905631659,0.11643835616438356,0.04946727549467275,0.24124809741248096,0.17123287671232876,0.12557077625570776,0.06773211567732115,0.07686453576864535,0.060882800608828,0.03424657534246575
380,0.06468797564687977,0.15829528158295283,0.050228310502283116,0.14231354642313548,0.07305936073059362,0.050989345509893466,0.06773211567732117,0.08828006088280062,0.22678843226788437,0.07762557077625572
381,0.12371134020618557,0.07331042382588775,0.12714776632302405,0.0882016036655212,0.052691867124856816,0.06643757159221077,0.24169530355097366,0.052691867124856816,0.054982817869415807,0.11912943871706758
382,0.10808080808080808,0.07777777777777778,0.12323232323232323,0.09292929292929293,0.051515151515151514,0.05353535353535353,0.22727272727272727,0.07373737373737374,0.08686868686868687,0.10505050505050505
383,0.12048192771084337,0.107095046854083,0.10307898259705489,0.09370816599732262,0.0642570281124498,0.06291834002677377,0.15127175368139223,0.10174029451137885,0.07764390896921017,0.11780455153949129
384,0.07885304659498207,0.06810035842293907,0.15412186379928317,0.07287933094384708,0.05854241338112306,0.0955794504181601,0.13022700119474312,0.0884109916367981,0.08363201911589008,0.16965352449223417
385,0.0845771144278607,0.12106135986733002,0.15091210613598674,0.1077943615257048,0.10281923714759536,0.0812603648424544,0.09286898839137644,0.0779436152570481,0.08623548922056384,0.0945273631840796
386,0.05335533553355336,0.1331133113311331,0.032453245324532455,0.25742574257425743,0.07755775577557755,0.041254125412541254,0.03135313531353135,0.07755775577557755,0.22607260726072606,0.06985698569856985
387,0.06751054852320675,0.17158931082981715,0.06891701828410689,0.10548523206751055,0.10829817158931083,0.11954992967651196,0.09985935302390998,0.08720112517580872,0.09142053445850915,0.08016877637130802
388,0.09500805152979067,0.09178743961352658,0.12238325281803543,0.09017713365539452,0.07729468599033816,0.08856682769726248,0.15136876006441224,0.08695652173913043,0.08373590982286634,0.11272141706924316
389,0.07198748043818466,0.14553990610328638,0.07981220657276995,0.07042253521126761,0.19718309859154928,0.13771517996870108,0.07042253521126761,0.07042253521126761,0.08450704225352113,0.07198748043818466
390,0.09217171717171717,0.10732323232323232,0.11363636363636363,0.16161616161616163,0.0946969696969697,0.09090909090909091,0.07575757575757576,0.09217171717171717,0.08838383838383838,0.08333333333333333
391,0.10613598673300166,0.08955223880597014,0.08955223880597014,0.07462686567164178,0.09618573797678276,0.0779436152570481,0.12106135986733002,0.07628524046434494,0.08955223880597014,0.1791044776119403
392,0.09925925925925927,0.06814814814814817,0.08592592592592593,0.07703703703703706,0.06814814814814817,0.07703703703703706,0.10666666666666669,0.07259259259259261,0.06666666666666668,0.27851851851851855
393,0.07264957264957266,0.08974358974358974,0.07585470085470085,0.10256410256410256,0.12927350427350429,0.11858974358974358,0.06303418803418803,0.06837606837606838,0.22756410256410256,0.05235042735042735
394,0.09770114942528733,0.12068965517241377,0.08620689655172413,0.09770114942528733,0.12452107279693483,0.08620689655172413,0.08620689655172413,0.10727969348659001,0.10727969348659001,0.08620689655172413
395,0.06613756613756615,0.14109347442680778,0.08906525573192241,0.09700176366843034,0.11111111111111112,0.07142857142857144,0.08818342151675486,0.17107583774250443,0.07054673721340389,0.0943562610229277
396,0.1860885275519422,0.11291779584462511,0.07497741644083107,0.12375790424570912,0.08220415537488708,0.044263775971093045,0.06233062330623306,0.1093044263775971,0.12737127371273713,0.07678410117434507
397,0.056237218813905934,0.057600545330606684,0.1288343558282209,0.2590320381731425,0.026925698704839813,0.13565098841172463,0.05316973415132925,0.10838445807770962,0.043626448534424,0.13053851397409683
398,0.06038647342995169,0.0821256038647343,0.15579710144927536,0.12077294685990338,0.06521739130434782,0.06521739130434782,0.16666666666666666,0.07004830917874397,0.06280193236714976,0.15096618357487923
399,0.10267229254571027,0.08438818565400844,0.11392405063291139,0.07172995780590717,0.06891701828410689,0.10407876230661041,0.1940928270042194,0.06891701828410689,0.08016877637130802,0.1111111111111111
400,0.06330749354005168,0.059431524547803614,0.09560723514211886,0.06847545219638243,0.06718346253229975,0.05813953488372093,0.18863049095607234,0.07493540051679587,0.09043927648578812,0.23385012919896642
401,0.08444444444444445,0.09333333333333334,0.1688888888888889,0.06814814814814815,0.06814814814814815,0.06814814814814815,0.06962962962962962,0.06962962962962962,0.08148148148148149,0.22814814814814816
402,0.050793650793650794,0.05925925925925926,0.04973544973544974,0.06349206349206349,0.06243386243386243,0.09206349206349207,0.11746031746031746,0.09312169312169312,0.04867724867724868,0.362962962962963
403,0.11723534558180228,0.18635170603674542,0.0804899387576553,0.0673665791776028,0.04461942257217848,0.07611548556430446,0.05599300087489064,0.1714785651793526,0.1557305336832896,0.04461942257217848
404,0.06300813008130081,0.07317073170731707,0.13279132791327913,0.26490514905149054,0.12330623306233063,0.06029810298102981,0.06775067750677506,0.08062330623306233,0.06368563685636856,0.07046070460704607
405,0.0852359208523592,0.136986301369863,0.1202435312024353,0.1004566210045662,0.0700152207001522,0.0989345509893455,0.1035007610350076,0.0715372907153729,0.1035007610350076,0.1095890410958904
406,0.07555555555555556,0.05333333333333334,0.10888888888888888,0.11666666666666667,0.057777777777777775,0.11444444444444445,0.2111111111111111,0.08666666666666667,0.052222222222222225,0.12333333333333334
407,0.08108108108108109,0.08108108108108109,0.04804804804804805,0.1001001001001001,0.07207207207207207,0.11211211211211211,0.2002002002002002,0.0920920920920921,0.08208208208208208,0.13113113113113112
408,0.07936507936507937,0.15873015873015875,0.08513708513708515,0.11976911976911979,0.126984126984127,0.06926406926406928,0.06926406926406928,0.09523809523809525,0.12554112554112556,0.07070707070707072
409,0.053497942386831275,0.07304526748971193,0.12448559670781893,0.16255144032921812,0.10596707818930041,0.08847736625514403,0.06275720164609054,0.07510288065843622,0.18930041152263374,0.06481481481481481
410,0.11428571428571428,0.08465608465608465,0.2105820105820106,0.07724867724867725,0.0761904761904762,0.09735449735449736,0.07407407407407407,0.08888888888888889,0.08677248677248678,0.08994708994708994
411,0.1111111111111111,0.10833333333333334,0.07777777777777778,0.12222222222222222,0.07916666666666666,0.09166666666666666,0.09444444444444444,0.10416666666666667,0.14722222222222223,0.06388888888888888
412,0.08112874779541447,0.08465608465608467,0.19047619047619052,0.09700176366843036,0.07936507936507937,0.09171075837742505,0.08994708994708996,0.07936507936507937,0.08112874779541447,0.1252204585537919
413,0.057077625570776266,0.16894977168949774,0.10121765601217658,0.13470319634703198,0.06697108066971082,0.23972602739726032,0.04414003044140031,0.06697108066971082,0.07229832572298327,0.047945205479452066
414,0.06782106782106782,0.10822510822510822,0.07936507936507936,0.12698412698412698,0.0836940836940837,0.14285714285714285,0.08080808080808081,0.14285714285714285,0.0707070707070707,0.09668109668109669
415,0.08934707903780069,0.11683848797250859,0.1156930126002291,0.08705612829324169,0.16151202749140894,0.14776632302405499,0.07216494845360824,0.07903780068728522,0.07674684994272624,0.053837342497136315
416,0.06944444444444445,0.05925925925925926,0.0787037037037037,0.22037037037037038,0.08055555555555556,0.05555555555555555,0.22037037037037038,0.09537037037037037,0.07222222222222222,0.04814814814814815
417,0.11477411477411478,0.11477411477411478,0.13431013431013433,0.1367521367521368,0.07326007326007328,0.0744810744810745,0.06593406593406595,0.10256410256410257,0.06227106227106228,0.1208791208791209
418,0.045584045584045586,0.21462488129154797,0.06362773029439696,0.09401709401709402,0.05128205128205128,0.08641975308641975,0.08641975308641975,0.1063627730294397,0.2003798670465337,0.05128205128205128
419,0.0691358024691358,0.07777777777777778,0.06419753086419754,0.11975308641975309,0.05925925925925926,0.16049382716049382,0.18024691358024691,0.1,0.07901234567901234,0.09012345679012346
420,0.0873015873015873,0.1746031746031746,0.0761904761904762,0.07142857142857142,0.11746031746031746,0.08412698412698413,0.08095238095238096,0.09682539682539683,0.13333333333333333,0.07777777777777778
421,0.101364522417154,0.08771929824561404,0.11111111111111112,0.11111111111111112,0.08771929824561404,0.09941520467836258,0.10526315789473685,0.08771929824561404,0.08771929824561404,0.12085769980506823
422,0.1050228310502283,0.1019786910197869,0.121765601217656,0.0882800608828006,0.0715372907153729,0.0684931506849315,0.1735159817351598,0.0715372907153729,0.0684931506849315,0.1293759512937595
423,0.08068783068783068,0.14285714285714285,0.13095238095238096,0.07936507936507936,0.07936507936507936,0.0873015873015873,0.12566137566137567,0.07539682539682539,0.07142857142857142,0.12698412698412698
424,0.08465608465608465,0.08289241622574955,0.13580246913580246,0.10229276895943562,0.08289241622574955,0.07936507936507936,0.13756613756613756,0.1111111111111111,0.08289241622574955,0.10052910052910052
425,0.07668231611893583,0.10328638497652583,0.0782472613458529,0.08450704225352113,0.07042253521126761,0.08294209702660407,0.13302034428794993,0.14553990610328638,0.11737089201877934,0.107981220657277
426,0.05616605616605617,0.04151404151404151,0.07997557997557997,0.10012210012210013,0.06532356532356533,0.3785103785103785,0.051892551892551896,0.10500610500610501,0.06715506715506715,0.054334554334554336
427,0.11805555555555552,0.05555555555555554,0.10317460317460314,0.10416666666666664,0.06944444444444443,0.05059523809523808,0.1438492063492063,0.1577380952380952,0.08134920634920634,0.11607142857142855
428,0.06944444444444446,0.11210317460317462,0.18551587301587305,0.07142857142857144,0.10019841269841272,0.1021825396825397,0.07440476190476192,0.12599206349206352,0.05952380952380953,0.09920634920634921
429,0.1537467700258398,0.07105943152454781,0.1459948320413437,0.08656330749354006,0.0723514211886305,0.07622739018087857,0.17183462532299745,0.06589147286821707,0.06072351421188631,0.09560723514211887
430,0.0986267166042447,0.1766541822721598,0.07053682896379526,0.04369538077403246,0.1254681647940075,0.11548064918851436,0.03870162297128589,0.06117353308364544,0.2215980024968789,0.048064918851435705
431,0.09572649572649575,0.09059829059829061,0.1247863247863248,0.11965811965811968,0.07692307692307694,0.11111111111111112,0.07692307692307694,0.105982905982906,0.10940170940170942,0.0888888888888889
432,0.04190207156308851,0.1384180790960452,0.05649717514124294,0.1501883239171375,0.13606403013182675,0.1322975517890772,0.03531073446327684,0.09369114877589454,0.17749529190207156,0.038135593220338986
433,0.08974358974358973,0.17521367521367517,0.07692307692307691,0.09544159544159542,0.1353276353276353,0.09829059829059826,0.08119658119658119,0.06837606837606837,0.10113960113960112,0.07834757834757833
434,0.10964912280701754,0.06578947368421052,0.13742690058479531,0.08187134502923976,0.07602339181286549,0.1023391812865497,0.1286549707602339,0.1111111111111111,0.08187134502923976,0.10526315789473684
435,0.0913978494623656,0.08422939068100359,0.09498207885304659,0.14516129032258066,0.0967741935483871,0.10215053763440861,0.08960573476702509,0.08960573476702509,0.0931899641577061,0.11290322580645161
436,0.03878406708595388,0.10796645702306079,0.10062893081761007,0.27044025157232704,0.06708595387840671,0.08280922431865828,0.06813417190775681,0.12211740041928722,0.05607966457023061,0.0859538784067086
437,0.2391713747645951,0.10357815442561205,0.11770244821092278,0.07627118644067797,0.08662900188323917,0.059322033898305086,0.059322033898305086,0.08945386064030132,0.06591337099811675,0.10263653483992467
438,0.2222222222222222,0.07078853046594982,0.1881720430107527,0.1003584229390681,0.08781362007168458,0.047491039426523295,0.09767025089605735,0.06810035842293907,0.0528673835125448,0.06451612903225806
439,0.07407407407407407,0.0868945868945869,0.12962962962962962,0.0641025641025641,0.08404558404558404,0.06695156695156695,0.2564102564102564,0.0754985754985755,0.08547008547008547,0.07692307692307693
440,0.09759759759759759,0.06756756756756757,0.09309309309309309,0.09009009009009009,0.13963963963963963,0.08408408408408409,0.0945945945945946,0.08558558558558559,0.16216216216216217,0.08558558558558559
441,0.12962962962962965,0.09135802469135804,0.0814814814814815,0.18271604938271607,0.0888888888888889,0.11728395061728396,0.06666666666666668,0.07283950617283952,0.07777777777777779,0.09135802469135804
442,0.09259259259259259,0.1349206349206349,0.10714285714285714,0.08333333333333333,0.1349206349206349,0.11904761904761904,0.06746031746031746,0.0701058201058201,0.082010582010582,0.10846560846560846
443,0.11659807956104253,0.0720164609053498,0.06378600823045268,0.10699588477366255,0.08984910836762688,0.17832647462277093,0.0747599451303155,0.08641975308641975,0.15775034293552812,0.053497942386831275
444,0.09633911368015415,0.08798972382787412,0.06551059730250482,0.14129736673089274,0.09184328837508028,0.09312780989081568,0.055876685934489405,0.08606294155427104,0.23892100192678228,0.04303147077713552
445,0.1077943615257048,0.0812603648424544,0.0945273631840796,0.12603648424543948,0.087893864013267,0.0912106135986733,0.07960199004975124,0.08955223880597014,0.16417910447761194,0.0779436152570481
446,0.07854406130268199,0.25383141762452105,0.07088122605363985,0.0871647509578544,0.10057471264367816,0.1082375478927203,0.05747126436781609,0.07279693486590039,0.10344827586206896,0.06704980842911877
447,0.07735583684950774,0.09845288326300984,0.17158931082981715,0.08720112517580872,0.06891701828410689,0.090014064697609,0.1111111111111111,0.09985935302390998,0.12658227848101267,0.06891701828410689
448,0.07037037037037039,0.13086419753086423,0.12222222222222223,0.10493827160493828,0.09382716049382718,0.15061728395061733,0.058024691358024696,0.09135802469135804,0.09753086419753088,0.08024691358024692
449,0.08888888888888889,0.10138888888888889,0.1,0.08611111111111111,0.08611111111111111,0.13055555555555556,0.1125,0.12083333333333333,0.09583333333333334,0.07777777777777778
450,0.09772423025435073,0.0856760374832664,0.03413654618473896,0.06224899598393574,0.285809906291834,0.14390896921017404,0.03748326639892905,0.05421686746987952,0.1465863453815261,0.05220883534136546
451,0.12914485165794065,0.23211169284467714,0.12332751599767307,0.08551483420593368,0.059336823734729496,0.06806282722513089,0.04072134962187318,0.06806282722513089,0.11634671320535195,0.07737056428155904
452,0.07231040564373897,0.06172839506172839,0.04673721340388007,0.06525573192239859,0.07407407407407407,0.06613756613756613,0.3712522045855379,0.07671957671957672,0.07231040564373897,0.09347442680776014
453,0.1396825396825397,0.11428571428571431,0.08412698412698415,0.08095238095238097,0.08730158730158731,0.07777777777777779,0.10634920634920637,0.1031746031746032,0.09682539682539686,0.10952380952380955
454,0.06291834002677377,0.18607764390896922,0.13119143239625167,0.09504685408299866,0.107095046854083,0.07228915662650602,0.07362784471218206,0.07095046854082998,0.07362784471218206,0.12717536813922356
455,0.05555555555555555,0.08909853249475891,0.1320754716981132,0.09853249475890985,0.07651991614255765,0.08490566037735849,0.16457023060796647,0.09433962264150944,0.07127882599580712,0.1331236897274633
456,0.03760683760683761,0.04957264957264958,0.04900284900284901,0.07806267806267808,0.05641025641025642,0.4290598290598291,0.09344729344729347,0.10313390313390315,0.06096866096866098,0.04273504273504274
457,0.0745814307458143,0.091324200913242,0.1080669710806697,0.1385083713850837,0.1187214611872146,0.1354642313546423,0.0898021308980213,0.0806697108066971,0.0791476407914764,0.0837138508371385
458,0.04824561403508772,0.06578947368421052,0.10964912280701754,0.08991228070175439,0.0577485380116959,0.07383040935672515,0.36988304093567254,0.07383040935672515,0.03289473684210526,0.07821637426900585
459,0.07516339869281045,0.08823529411764706,0.15359477124183007,0.12091503267973856,0.0784313725490196,0.12091503267973856,0.09640522875816994,0.09640522875816994,0.08660130718954248,0.08333333333333333
460,0.10998877665544332,0.05499438832772166,0.08529741863075196,0.06509539842873176,0.13580246913580246,0.08080808080808081,0.0707070707070707,0.10101010101010101,0.08866442199775533,0.20763187429854096
461,0.07228915662650602,0.06559571619812583,0.09103078982597054,0.07362784471218206,0.06157965194109773,0.12985274431057564,0.21954484605087016,0.08299866131191433,0.0749665327978581,0.1285140562248996
462,0.09501915708812261,0.0835249042145594,0.04291187739463602,0.08122605363984675,0.18390804597701152,0.04750957854406131,0.05593869731800767,0.13563218390804602,0.2199233716475096,0.05440613026819924
463,0.08422939068100359,0.10215053763440861,0.11469534050179211,0.11827956989247312,0.12186379928315412,0.08064516129032258,0.08064516129032258,0.08422939068100359,0.08064516129032258,0.13261648745519714
464,0.0898876404494382,0.10861423220973783,0.08364544319600499,0.0749063670411985,0.06491885143570537,0.1735330836454432,0.0599250936329588,0.1198501872659176,0.08239700374531835,0.14232209737827714
465,0.04428904428904429,0.15695415695415696,0.06293706293706294,0.0675990675990676,0.1111111111111111,0.13131313131313133,0.061383061383061384,0.08624708624708624,0.22144522144522144,0.05672105672105672
466,0.050462962962962966,0.12824074074074074,0.04953703703703704,0.25277777777777777,0.049074074074074076,0.175,0.05648148148148148,0.10231481481481482,0.10046296296296296,0.03564814814814815
467,0.08408408408408409,0.09309309309309309,0.06756756756756757,0.11261261261261261,0.13363363363363365,0.14114114114114115,0.07957957957957958,0.07807807807807808,0.11411411411411411,0.0960960960960961
468,0.10822510822510822,0.11688311688311688,0.16883116883116883,0.09090909090909091,0.08225108225108226,0.0836940836940837,0.09956709956709957,0.1111111111111111,0.0735930735930736,0.06493506493506493
469,0.09347442680776014,0.07936507936507936,0.12874779541446207,0.11992945326278659,0.07936507936507936,0.08641975308641975,0.07936507936507936,0.1111111111111111,0.1111111111111111,0.1111111111111111
470,0.10013717421124829,0.07956104252400549,0.06584362139917696,0.11796982167352538,0.08641975308641975,0.09190672153635117,0.13305898491083676,0.11385459533607682,0.06584362139917696,0.14540466392318244
471,0.10641627543035993,0.1189358372456964,0.09859154929577464,0.15023474178403756,0.08607198748043818,0.07042253521126761,0.0782472613458529,0.1267605633802817,0.081377151799687,0.08294209702660407
472,0.09090909090909091,0.10909090909090909,0.10707070707070707,0.10909090909090909,0.12121212121212122,0.09494949494949495,0.09090909090909091,0.09090909090909091,0.09090909090909091,0.09494949494949495
473,0.05864197530864197,0.08127572016460906,0.16358024691358025,0.09362139917695474,0.09259259259259259,0.09053497942386832,0.1748971193415638,0.11008230452674897,0.04938271604938271,0.08539094650205761
474,0.05484330484330483,0.1232193732193732,0.1702279202279202,0.061965811965811954,0.04558404558404558,0.08333333333333331,0.2585470085470085,0.07264957264957264,0.07336182336182334,0.05626780626780625
475,0.0768321513002364,0.13238770685579196,0.10401891252955082,0.06382978723404255,0.18439716312056736,0.07092198581560284,0.09810874704491726,0.06028368794326241,0.13947990543735225,0.06973995271867613
476,0.07814407814407814,0.16971916971916973,0.10134310134310134,0.1343101343101343,0.11233211233211234,0.10744810744810745,0.08302808302808302,0.06837606837606838,0.09035409035409035,0.054945054945054944
477,0.07407407407407408,0.12794612794612797,0.05471380471380472,0.05050505050505051,0.04797979797979798,0.10774410774410775,0.04545454545454546,0.07575757575757577,0.3703703703703704,0.04545454545454546
478,0.07822620827105134,0.16193323368211263,0.05181863477827605,0.06028898854010963,0.2720478325859492,0.09715994020926759,0.04583956153462881,0.08819133034379673,0.06925759840558048,0.07523667164922772
479,0.06106106106106106,0.17517517517517517,0.07407407407407407,0.11511511511511512,0.14914914914914915,0.06406406406406406,0.06806806806806807,0.10810810810810811,0.11411411411411411,0.07107107107107107
480,0.061606160616061605,0.1254125412541254,0.09460946094609461,0.1111111111111111,0.11661166116611661,0.09350935093509351,0.08030803080308031,0.1331133113311331,0.08250825082508251,0.10121012101210121
481,0.1929824561403509,0.0716374269005848,0.09210526315789475,0.09064327485380118,0.0672514619883041,0.06578947368421054,0.06871345029239767,0.08918128654970761,0.0672514619883041,0.19444444444444448
482,0.06810035842293907,0.07765830346475508,0.056152927120669056,0.13022700119474312,0.07287933094384708,0.24014336917562723,0.05973715651135006,0.07407407407407407,0.06571087216248507,0.15531660692951016
483,0.0775462962962963,0.07407407407407407,0.07291666666666667,0.15625,0.052083333333333336,0.08217592592592593,0.09722222222222222,0.09953703703703703,0.052083333333333336,0.2361111111111111
484,0.05402650356778797,0.0652395514780836,0.06422018348623854,0.06422018348623854,0.10091743119266056,0.08460754332313965,0.3149847094801223,0.10703363914373089,0.046890927624872576,0.09785932721712538
485,0.06643757159221078,0.09507445589919818,0.22222222222222224,0.10767468499427264,0.07674684994272625,0.07445589919816725,0.10423825887743415,0.06987399770904927,0.06300114547537229,0.1202749140893471
486,0.10493827160493827,0.08305274971941638,0.1638608305274972,0.12177328843995511,0.06790123456790123,0.09932659932659933,0.037037037037037035,0.06677890011223345,0.17620650953984288,0.07912457912457913
487,0.05380116959064329,0.03333333333333334,0.056140350877193,0.12690058479532165,0.03801169590643275,0.03801169590643275,0.3976608187134504,0.10116959064327488,0.04619883040935673,0.10877192982456144
488,0.08333333333333333,0.08333333333333333,0.08333333333333333,0.09259259259259259,0.08333333333333333,0.1,0.17777777777777778,0.1111111111111111,0.08333333333333333,0.10185185185185185
489,0.06172839506172839,0.06846240179573512,0.09764309764309764,0.08529741863075196,0.052749719416386086,0.16610549943883277,0.2760942760942761,0.0819304152637486,0.05387205387205387,0.05611672278338945
490,0.091324200913242,0.0776255707762557,0.1567732115677321,0.0867579908675799,0.0730593607305936,0.0821917808219178,0.0989345509893455,0.1339421613394216,0.0730593607305936,0.1263318112633181
491,0.12674897119341563,0.10123456790123457,0.06584362139917696,0.10452674897119342,0.05432098765432099,0.14156378600823044,0.047736625514403296,0.0551440329218107,0.26337448559670784,0.03950617283950617
492,0.09477124183006537,0.11764705882352942,0.12854030501089328,0.09803921568627452,0.06100217864923748,0.09368191721132899,0.14270152505446626,0.08278867102396516,0.08278867102396516,0.09803921568627452
493,0.10041152263374485,0.15308641975308643,0.11275720164609053,0.1242798353909465,0.11934156378600823,0.04609053497942387,0.13415637860082305,0.0551440329218107,0.06419753086419754,0.09053497942386832
494,0.10465116279069768,0.14599483204134367,0.12919896640826872,0.13695090439276486,0.08914728682170543,0.10465116279069768,0.07364341085271318,0.06976744186046512,0.08010335917312661,0.06589147286821706
495,0.26388888888888895,0.05555555555555556,0.06517094017094019,0.11431623931623933,0.0608974358974359,0.0608974358974359,0.06623931623931625,0.08760683760683761,0.0683760683760684,0.15705128205128208
496,0.07027540360873694,0.25451092117758783,0.08452041785375118,0.144349477682811,0.0778727445394112,0.06172839506172839,0.08736942070275404,0.07027540360873694,0.08736942070275404,0.06172839506172839
497,0.05789473684210526,0.06315789473684211,0.08011695906432749,0.09064327485380116,0.13742690058479531,0.11228070175438597,0.03684210526315789,0.15906432748538013,0.21754385964912282,0.04502923976608187
498,0.11358024691358025,0.07901234567901234,0.09382716049382717,0.11851851851851852,0.07654320987654321,0.15925925925925927,0.09259259259259259,0.08888888888888889,0.06790123456790123,0.10987654320987654
499,0.17054263565891475,0.06072351421188631,0.11757105943152456,0.07493540051679588,0.06976744186046513,0.062015503875969,0.22480620155038764,0.09689922480620157,0.058139534883720936,0.06459948320413438
500,0.08708708708708708,0.07307307307307308,0.07107107107107107,0.07507507507507508,0.06906906906906907,0.07707707707707707,0.25425425425425424,0.11711711711711711,0.05405405405405406,0.12212212212212212
501,0.09123757904245709,0.04787714543812105,0.06233062330623306,0.0930442637759711,0.08039747064137308,0.07226738934056007,0.3089430894308943,0.08852755194218609,0.07317073170731707,0.08220415537488708
502,0.09313725490196079,0.09477124183006536,0.17483660130718953,0.10130718954248366,0.07352941176470588,0.10784313725490197,0.09477124183006536,0.08333333333333333,0.08823529411764706,0.08823529411764706
503,0.08994708994708994,0.05396825396825397,0.07407407407407407,0.11005291005291006,0.06031746031746032,0.05925925925925926,0.24444444444444444,0.0962962962962963,0.050793650793650794,0.16084656084656085
504,0.0725925925925926,0.0725925925925926,0.07555555555555556,0.08444444444444445,0.19111111111111112,0.15555555555555556,0.06666666666666667,0.09777777777777778,0.1111111111111111,0.0725925925925926
505,0.09076682316118936,0.17762128325508608,0.08450704225352113,0.0594679186228482,0.10954616588419405,0.08998435054773082,0.08685446009389672,0.06964006259780908,0.17918622848200313,0.05242566510172144
506,0.1156930126002291,0.06872852233676977,0.08018327605956473,0.08247422680412371,0.06300114547537228,0.07789232531500573,0.21191294387170675,0.06758304696449026,0.08247422680412371,0.15005727376861397
507,0.09289617486338797,0.08561020036429871,0.14571948998178505,0.10746812386156646,0.09471766848816027,0.0837887067395264,0.08925318761384333,0.11475409836065571,0.08561020036429871,0.1001821493624772
508,0.11890838206627681,0.22027290448343081,0.10428849902534114,0.05555555555555556,0.1423001949317739,0.052631578947368425,0.050682261208577,0.08089668615984406,0.10428849902534114,0.07017543859649124
509,0.09999999999999998,0.1185185185185185,0.10555555555555553,0.15740740740740738,0.08333333333333331,0.08333333333333331,0.09259259259259257,0.08333333333333331,0.08333333333333331,0.09259259259259257
510,0.13355227148330595,0.05363984674329501,0.07498631636562669,0.05309250136836342,0.10399562123700051,0.02955665024630541,0.17843459222769564,0.17241379310344826,0.04269293924466338,0.15763546798029554
511,0.06666666666666668,0.0934865900383142,0.11340996168582376,0.13869731800766286,0.06513409961685825,0.0835249042145594,0.09655172413793105,0.14712643678160922,0.09885057471264369,0.09655172413793105
512,0.07692307692307693,0.11794871794871795,0.11452991452991453,0.08376068376068375,0.10085470085470086,0.08547008547008547,0.08547008547008547,0.13333333333333333,0.10598290598290598,0.09572649572649573
513,0.058542413381123065,0.29510155316606934,0.06571087216248508,0.0860215053763441,0.05376344086021506,0.0872162485065711,0.057347670250896064,0.06212664277180407,0.1660692951015532,0.06810035842293909
514,0.03295668549905838,0.02824858757062147,0.04190207156308851,0.10451977401129943,0.096045197740113,0.4731638418079096,0.04472693032015066,0.08709981167608287,0.0480225988700565,0.04331450094161959
515,0.12345679012345678,0.10648148148148148,0.16512345679012347,0.07716049382716049,0.13271604938271606,0.09722222222222222,0.08179012345679013,0.06944444444444445,0.06944444444444445,0.07716049382716049
516,0.0698005698005698,0.19658119658119658,0.16096866096866097,0.07692307692307693,0.09401709401709402,0.10541310541310542,0.0641025641025641,0.06552706552706553,0.08404558404558404,0.08262108262108261
517,0.12335958005249344,0.1216097987751531,0.13385826771653545,0.11811023622047244,0.048118985126859144,0.0673665791776028,0.08398950131233596,0.06911636045494313,0.06036745406824147,0.17410323709536307
518,0.07456140350877194,0.07456140350877194,0.11257309941520469,0.13888888888888892,0.06578947368421054,0.15497076023391815,0.06578947368421054,0.11988304093567252,0.09649122807017545,0.09649122807017545
519,0.0430756843800322,0.02254428341384863,0.0285829307568438,0.03421900161030596,0.03341384863123994,0.0213365539452496,0.05958132045088567,0.17270531400966183,0.49798711755233493,0.08655394524959742
520,0.05411255411255411,0.1204906204906205,0.03391053391053391,0.17316017316017315,0.05772005772005772,0.08513708513708514,0.05555555555555555,0.1673881673881674,0.13203463203463203,0.1204906204906205
521,0.0582010582010582,0.21315192743764172,0.08390022675736962,0.1111111111111111,0.13000755857898716,0.09901738473167045,0.04686318972033258,0.15570672713529857,0.06046863189720333,0.04157218442932729
522,0.1111111111111111,0.08097928436911488,0.12429378531073447,0.10828625235404897,0.0951035781544256,0.23728813559322035,0.062146892655367235,0.0480225988700565,0.05555555555555555,0.07721280602636535
523,0.06855791962174941,0.17494089834515367,0.08865248226950355,0.07210401891252956,0.10520094562647754,0.10520094562647754,0.05319148936170213,0.0673758865248227,0.19739952718676124,0.0673758865248227
524,0.08888888888888889,0.07142857142857142,0.0746031746031746,0.08095238095238096,0.10476190476190476,0.07936507936507936,0.07142857142857142,0.18095238095238095,0.15555555555555556,0.09206349206349207
525,0.07094017094017094,0.04957264957264957,0.147008547008547,0.05897435897435897,0.044444444444444446,0.09829059829059829,0.20256410256410257,0.07777777777777778,0.08547008547008547,0.16495726495726495
526,0.05042735042735043,0.08461538461538462,0.05213675213675214,0.05042735042735043,0.13504273504273503,0.11452991452991453,0.04358974358974359,0.17692307692307693,0.24188034188034188,0.05042735042735043
527,0.5411411411411411,0.02702702702702703,0.06546546546546547,0.03963963963963964,0.03423423423423423,0.03123123123123123,0.04144144144144144,0.05345345345345345,0.03423423423423423,0.13213213213213212
528,0.3234767025089606,0.08422939068100359,0.06272401433691756,0.05734767025089606,0.042114695340501794,0.06272401433691756,0.047491039426523295,0.0967741935483871,0.07706093189964158,0.1460573476702509
529,0.08010335917312662,0.11498708010335919,0.1356589147286822,0.1046511627906977,0.05943152454780362,0.13178294573643415,0.06976744186046513,0.07622739018087857,0.1046511627906977,0.12273901808785531
530,0.08024691358024692,0.0771604938271605,0.1512345679012346,0.2078189300411523,0.057613168724279844,0.07098765432098766,0.06275720164609055,0.09362139917695475,0.06481481481481483,0.13374485596707822
531,0.09876543209876544,0.07407407407407408,0.16323731138545955,0.08641975308641976,0.08641975308641976,0.09602194787379974,0.09327846364883403,0.08641975308641976,0.09602194787379974,0.11934156378600824
532,0.1171993911719939,0.0684931506849315,0.1917808219178082,0.0928462709284627,0.0882800608828006,0.0700152207001522,0.1263318112633181,0.0715372907153729,0.0684931506849315,0.1050228310502283
533,0.07017543859649122,0.06140350877192982,0.1101364522417154,0.11695906432748537,0.08089668615984405,0.057504873294346975,0.253411306042885,0.09064327485380116,0.06432748538011696,0.09454191033138401
534,0.04589371980676329,0.021739130434782608,0.0249597423510467,0.035829307568438,0.033816425120772944,0.024154589371980676,0.057971014492753624,0.17995169082125603,0.4887278582930757,0.08695652173913043
535,0.0978441127694859,0.14096185737976782,0.09618573797678276,0.10945273631840796,0.1044776119402985,0.0812603648424544,0.11608623548922056,0.08955223880597014,0.07960199004975124,0.0845771144278607
536,0.078125,0.09375,0.0954861111111111,0.09375,0.13541666666666666,0.15104166666666666,0.0798611111111111,0.0798611111111111,0.09722222222222222,0.0954861111111111
537,0.07118055555555557,0.17013888888888892,0.04456018518518519,0.10069444444444446,0.134837962962963,0.09722222222222224,0.033564814814814825,0.08275462962962965,0.21180555555555558,0.05324074074074075
538,0.05197132616487456,0.06451612903225808,0.05161290322580646,0.05161290322580646,0.035125448028673845,0.06738351254480288,0.0881720430107527,0.4268817204301076,0.0878136200716846,0.074910394265233
539,0.06837606837606838,0.08404558404558404,0.10968660968660969,0.13675213675213677,0.09544159544159544,0.07977207977207977,0.14957264957264957,0.08404558404558404,0.08547008547008547,0.10683760683760683
540,0.07901234567901236,0.09629629629629631,0.12222222222222223,0.07037037037037039,0.09135802469135804,0.15679012345679016,0.09135802469135804,0.0814814814814815,0.06913580246913581,0.14197530864197533
541,0.04909560723514212,0.050818260120585705,0.056847545219638244,0.04478897502153316,0.08699397071490095,0.05857019810508183,0.26356589147286824,0.2368647717484927,0.07407407407407407,0.07838070628768304
542,0.07010582010582012,0.12037037037037038,0.17724867724867727,0.07671957671957673,0.08465608465608467,0.08201058201058202,0.06481481481481483,0.0806878306878307,0.07142857142857144,0.17195767195767198
543,0.10518518518518519,0.08,0.10814814814814815,0.06666666666666667,0.07851851851851852,0.09037037037037036,0.1037037037037037,0.09481481481481481,0.06814814814814815,0.20444444444444446
544,0.08888888888888889,0.08888888888888889,0.1568627450980392,0.12549019607843137,0.06405228758169934,0.07058823529411765,0.08366013071895424,0.08888888888888889,0.10326797385620914,0.12941176470588237
545,0.17251461988304093,0.12573099415204678,0.07602339181286549,0.10526315789473684,0.06725146198830409,0.10818713450292397,0.08771929824561403,0.09064327485380116,0.06578947368421052,0.10087719298245613
546,0.0847084708470847,0.1276127612761276,0.10671067106710672,0.1276127612761276,0.07590759075907591,0.0671067106710671,0.0539053905390539,0.1397139713971397,0.09460946094609461,0.12211221122112212
547,0.11111111111111112,0.1208791208791209,0.18803418803418806,0.05494505494505495,0.09523809523809525,0.0744810744810745,0.09035409035409037,0.10012210012210014,0.07692307692307694,0.08791208791208793
548,0.13550135501355015,0.11653116531165314,0.0840108401084011,0.10840108401084014,0.0880758807588076,0.09485094850948513,0.0934959349593496,0.10162601626016263,0.06368563685636858,0.11382113821138214
549,0.06455026455026455,0.07936507936507936,0.0582010582010582,0.06772486772486773,0.35978835978835977,0.05925925925925926,0.06772486772486773,0.08677248677248678,0.08148148148148149,0.07513227513227513
550,0.08561020036429873,0.09289617486338798,0.09836065573770492,0.12386156648451731,0.11657559198542805,0.11657559198542805,0.10018214936247723,0.08561020036429873,0.08196721311475409,0.09836065573770492
551,0.13636363636363635,0.07575757575757576,0.09259259259259259,0.09595959595959595,0.09090909090909091,0.10101010101010101,0.10942760942760943,0.1026936026936027,0.08922558922558922,0.10606060606060606
552,0.11458333333333333,0.08449074074074074,0.2326388888888889,0.0763888888888889,0.0625,0.06712962962962964,0.12731481481481483,0.056712962962962965,0.05324074074074074,0.125
553,0.0925925925925926,0.10030864197530867,0.14351851851851855,0.15586419753086422,0.07098765432098766,0.11265432098765435,0.0910493827160494,0.09413580246913583,0.06944444444444446,0.06944444444444446
554,0.0992063492063492,0.09126984126984126,0.10515873015873016,0.08928571428571429,0.09722222222222222,0.11706349206349206,0.10119047619047619,0.1111111111111111,0.08928571428571429,0.0992063492063492
555,0.06338028169014084,0.2621283255086072,0.04303599374021909,0.06572769953051644,0.08215962441314555,0.15805946791862285,0.06885758998435054,0.051643192488262914,0.16353677621283255,0.041471048513302036
556,0.08243727598566308,0.16009557945041816,0.06810035842293907,0.1827956989247312,0.07287933094384708,0.11230585424133811,0.07287933094384708,0.0967741935483871,0.08602150537634409,0.06571087216248507
557,0.0617283950617284,0.13703703703703707,0.060493827160493834,0.07901234567901236,0.25432098765432104,0.06543209876543211,0.0814814814814815,0.05925925925925927,0.12469135802469138,0.07654320987654323
558,0.1168091168091168,0.09544159544159544,0.08262108262108261,0.0754985754985755,0.10113960113960115,0.1581196581196581,0.06837606837606838,0.10113960113960115,0.10968660968660969,0.09116809116809117
559,0.0768321513002364,0.08628841607565012,0.05319148936170213,0.14893617021276595,0.09692671394799054,0.1111111111111111,0.06264775413711583,0.08865248226950355,0.2044917257683215,0.07092198581560284
560,0.14347357065803668,0.06472491909385113,0.05825242718446602,0.0970873786407767,0.07227615965480043,0.07874865156418555,0.22330097087378642,0.09277238403451996,0.07766990291262135,0.09169363538295577
561,0.13026819923371644,0.09386973180076626,0.09386973180076626,0.08620689655172413,0.0900383141762452,0.10344827586206894,0.10919540229885055,0.0900383141762452,0.08620689655172413,0.1168582375478927
562,0.06871345029239766,0.20029239766081872,0.1286549707602339,0.13157894736842105,0.06578947368421052,0.07894736842105263,0.07602339181286549,0.0847953216374269,0.07017543859649122,0.09502923976608187
563,0.09178743961352658,0.12560386473429952,0.08373590982286634,0.14814814814814814,0.10305958132045089,0.0966183574879227,0.07246376811594203,0.07407407407407407,0.10144927536231885,0.10305958132045089
564,0.07080610021786492,0.08278867102396514,0.08714596949891068,0.06318082788671024,0.1318082788671024,0.2233115468409586,0.09586056644880174,0.08387799564270153,0.0915032679738562,0.06971677559912855
565,0.05925925925925926,0.18518518518518517,0.04351851851851852,0.044444444444444446,0.12314814814814815,0.16296296296296298,0.0712962962962963,0.14537037037037037,0.09444444444444444,0.07037037037037037
566,0.06666666666666668,0.2549707602339182,0.059649122807017556,0.0865497076023392,0.0970760233918129,0.0760233918128655,0.056140350877193,0.0865497076023392,0.16374269005847955,0.05263157894736843
567,0.10493827160493827,0.09104938271604938,0.13425925925925927,0.12654320987654322,0.07253086419753087,0.09876543209876543,0.07253086419753087,0.10339506172839506,0.07098765432098765,0.125
568,0.10021786492374729,0.10348583877995644,0.10130718954248367,0.1405228758169935,0.08823529411764708,0.1405228758169935,0.05446623093681918,0.06318082788671026,0.11982570806100219,0.08823529411764708
569,0.056497175141242924,0.10483364720652853,0.25612052730696794,0.13119899560577525,0.07846829880728184,0.16195856873822972,0.05900816070307594,0.05838041431261769,0.0458254865034526,0.047708725674827354
570,0.07449494949494949,0.1856060606060606,0.14898989898989898,0.15404040404040403,0.06565656565656566,0.07196969696969698,0.059343434343434344,0.0845959595959596,0.07196969696969698,0.08333333333333333
571,0.13333333333333333,0.10666666666666667,0.16148148148148148,0.06814814814814815,0.1362962962962963,0.08148148148148149,0.07111111111111111,0.07111111111111111,0.07703703703703704,0.09333333333333334
572,0.07628524046434496,0.07960199004975126,0.16417910447761197,0.08126036484245441,0.12769485903814265,0.11111111111111112,0.10116086235489222,0.10447761194029852,0.0746268656716418,0.07960199004975126
573,0.08740740740740739,0.07703703703703703,0.14370370370370367,0.09037037037037035,0.15111111111111108,0.08148148148148147,0.10370370370370367,0.09185185185185184,0.09333333333333332,0.07999999999999999
574,0.12508735150244585,0.06708595387840671,0.13556953179594688,0.06009783368273934,0.050314465408805034,0.07617051013277429,0.1628232005590496,0.07407407407407407,0.05241090146750524,0.19636617749825297
575,0.1216931216931217,0.05952380952380953,0.08333333333333334,0.07010582010582012,0.07407407407407408,0.08201058201058202,0.22222222222222224,0.11243386243386244,0.07142857142857144,0.10317460317460318
576,0.08620689655172416,0.10153256704980844,0.11877394636015327,0.10344827586206898,0.10344827586206898,0.09195402298850576,0.12452107279693488,0.08812260536398468,0.08620689655172416,0.09578544061302684
577,0.0870870870870871,0.05305305305305306,0.1621621621621622,0.06706706706706708,0.0800800800800801,0.07507507507507509,0.11011011011011013,0.15515515515515518,0.0780780780780781,0.13213213213213215
578,0.09401709401709402,0.10113960113960115,0.0754985754985755,0.07692307692307693,0.08262108262108261,0.08547008547008547,0.10541310541310542,0.15527065527065528,0.1467236467236467,0.07692307692307693
579,0.04089506172839507,0.12037037037037038,0.04706790123456791,0.07175925925925927,0.22608024691358028,0.05324074074074075,0.05478395061728396,0.06481481481481483,0.267746913580247,0.05324074074074075
580,0.08860759493670887,0.13361462728551338,0.09563994374120957,0.1265822784810127,0.07313642756680733,0.13361462728551338,0.09845288326300985,0.10548523206751056,0.06751054852320676,0.07735583684950775
581,0.07240948813982521,0.09363295880149813,0.07865168539325842,0.0599250936329588,0.24094881398252185,0.0686641697877653,0.06367041198501873,0.08489388264669163,0.16853932584269662,0.0686641697877653
582,0.09993011879804332,0.03843466107617051,0.09853249475890985,0.09853249475890985,0.045422781271837874,0.09154437456324249,0.18588399720475193,0.14814814814814814,0.06219426974143955,0.13137665967854648
583,0.07355242566510171,0.09546165884194051,0.08607198748043816,0.17996870109546162,0.09859154929577461,0.10015649452269168,0.0704225352112676,0.07355242566510171,0.09389671361502344,0.1283255086071987
584,0.1187214611872146,0.1293759512937595,0.1141552511415525,0.0730593607305936,0.076103500761035,0.0821917808219178,0.1491628614916286,0.0928462709284627,0.0700152207001522,0.0943683409436834
585,0.09045584045584046,0.10327635327635327,0.23504273504273504,0.053418803418803416,0.09259259259259259,0.04843304843304843,0.09757834757834757,0.0633903133903134,0.05698005698005698,0.15883190883190884
586,0.04066811909949165,0.35366739288307913,0.08061002178649238,0.06971677559912855,0.04212055192447349,0.04139433551198257,0.04139433551198257,0.08278867102396514,0.20915032679738563,0.03848946986201888
587,0.08771929824561402,0.08966861598440544,0.11111111111111108,0.08771929824561402,0.0955165692007797,0.09161793372319686,0.15009746588693954,0.08771929824561402,0.08771929824561402,0.11111111111111108
588,0.1722846441947566,0.06117353308364545,0.05742821473158553,0.1073657927590512,0.13857677902621726,0.0923845193508115,0.06866416978776531,0.07865168539325844,0.1485642946317104,0.07490636704119852
589,0.04341736694677871,0.07703081232492998,0.04855275443510738,0.038748832866479926,0.03594771241830065,0.21521942110177406,0.03034547152194211,0.0546218487394958,0.41129785247432304,0.04481792717086835
590,0.05328798185941043,0.0873015873015873,0.047619047619047616,0.0963718820861678,0.10941043083900227,0.06859410430839002,0.3611111111111111,0.06575963718820861,0.07426303854875284,0.036281179138321996
591,0.12854030501089328,0.062091503267973865,0.10348583877995644,0.06535947712418302,0.05555555555555556,0.05882352941176471,0.16666666666666669,0.06535947712418302,0.059912854030501096,0.23420479302832248
592,0.12063492063492064,0.08095238095238096,0.1126984126984127,0.10793650793650794,0.13015873015873017,0.0761904761904762,0.08571428571428572,0.08888888888888889,0.0873015873015873,0.10952380952380952
593,0.09090909090909091,0.12727272727272726,0.09494949494949495,0.09898989898989899,0.10101010101010101,0.10303030303030303,0.10101010101010101,0.09090909090909091,0.09090909090909091,0.10101010101010101
594,0.04061302681992337,0.034482758620689655,0.037547892720306515,0.034482758620689655,0.03984674329501916,0.044444444444444446,0.05517241379310345,0.06436781609195402,0.045210727969348656,0.6038314176245211
595,0.08669108669108669,0.10989010989010989,0.05860805860805861,0.07448107448107448,0.21978021978021978,0.07936507936507936,0.06837606837606838,0.14774114774114774,0.08180708180708181,0.07326007326007326
596,0.08766564729867483,0.05912334352701326,0.14373088685015292,0.07033639143730888,0.08562691131498472,0.05300713557594292,0.1416921508664628,0.05402650356778798,0.04587155963302753,0.2589194699286443
597,0.18465227817745802,0.11270983213429256,0.07354116706634692,0.07753796962430055,0.11670663469224621,0.14948041566746603,0.07274180655475619,0.07513988808952837,0.09832134292565947,0.03916866506794564
598,0.09020902090209021,0.18151815181518152,0.066006600660066,0.09570957095709572,0.0968096809680968,0.0847084708470847,0.0517051705170517,0.09570957095709572,0.18811881188118812,0.04950495049504951
599,0.0860566448801743,0.09368191721132897,0.16884531590413943,0.07952069716775599,0.06100217864923747,0.19716775599128541,0.08387799564270153,0.05337690631808279,0.05337690631808279,0.12309368191721133
600,0.0632603406326034,0.24574209245742087,0.0656934306569343,0.12246553122465528,0.0738037307380373,0.1257096512570965,0.048661800486617994,0.05758313057583129,0.12003244120032439,0.07704785077047849
601,0.07183908045977011,0.06321839080459771,0.06417624521072797,0.11685823754789272,0.2442528735632184,0.08812260536398467,0.10727969348659004,0.05076628352490421,0.12260536398467432,0.07088122605363985
602,0.09333333333333335,0.06666666666666668,0.08000000000000002,0.08592592592592593,0.2755555555555556,0.07259259259259261,0.06962962962962964,0.10074074074074076,0.07555555555555557,0.08000000000000002
603,0.16666666666666666,0.10778727445394112,0.03941120607787275,0.04700854700854701,0.04226020892687559,0.08309591642924977,0.027065527065527065,0.2849002849002849,0.13770180436847104,0.0641025641025641
604,0.1532567049808429,0.05747126436781609,0.0983397190293742,0.08684546615581099,0.08301404853128991,0.05874840357598978,0.12005108556832694,0.140485312899106,0.08301404853128991,0.11877394636015326
605,0.10657596371882086,0.14965986394557823,0.14285714285714285,0.06802721088435375,0.08843537414965986,0.08390022675736962,0.08163265306122448,0.05782312925170068,0.16439909297052155,0.05668934240362812
606,0.09016393442622953,0.10655737704918034,0.09016393442622953,0.08834244080145721,0.18852459016393444,0.16575591985428054,0.05737704918032788,0.0819672131147541,0.07741347905282332,0.05373406193078325
607,0.07950191570881227,0.07183908045977011,0.05842911877394636,0.17624521072796934,0.08908045977011494,0.09099616858237548,0.07854406130268199,0.09386973180076628,0.1532567049808429,0.1082375478927203
608,0.10962962962962963,0.07111111111111111,0.06666666666666667,0.11851851851851852,0.11851851851851852,0.07111111111111111,0.06666666666666667,0.08296296296296296,0.06666666666666667,0.22814814814814816
609,0.11345029239766082,0.10175438596491228,0.2023391812865497,0.08070175438596491,0.06315789473684211,0.18947368421052632,0.05263157894736842,0.05263157894736842,0.06432748538011696,0.07953216374269007
610,0.07407407407407407,0.06790123456790123,0.07760141093474426,0.16137566137566137,0.07231040564373897,0.16313932980599646,0.07671957671957672,0.08818342151675485,0.12169312169312169,0.09700176366843033
611,0.0559732664995823,0.07852965747702591,0.06182121971595657,0.19047619047619052,0.10025062656641606,0.16959064327485382,0.04761904761904763,0.10275689223057646,0.1370091896407686,0.0559732664995823
612,0.081377151799687,0.19718309859154928,0.07355242566510173,0.09859154929577464,0.08450704225352113,0.08450704225352113,0.08450704225352113,0.07042253521126761,0.15492957746478872,0.07042253521126761
613,0.08179012345679014,0.12808641975308646,0.13117283950617287,0.09722222222222224,0.0910493827160494,0.0771604938271605,0.0925925925925926,0.08796296296296298,0.09413580246913582,0.11882716049382717
614,0.09104938271604938,0.07407407407407407,0.1728395061728395,0.1111111111111111,0.07253086419753087,0.1095679012345679,0.08950617283950617,0.08950617283950617,0.08333333333333333,0.10648148148148148
615,0.09506172839506175,0.15185185185185188,0.14444444444444446,0.11358024691358026,0.08024691358024692,0.060493827160493834,0.07530864197530866,0.0814814814814815,0.0851851851851852,0.1123456790123457
616,0.07547169811320754,0.1970649895178197,0.06708595387840671,0.06708595387840671,0.12368972746331237,0.08176100628930817,0.0649895178197065,0.0870020964360587,0.18343815513626835,0.05241090146750524
617,0.10721247563352826,0.14912280701754385,0.09844054580896686,0.10428849902534112,0.15009746588693956,0.06042884990253411,0.06627680311890838,0.07602339181286549,0.12573099415204678,0.06237816764132553
618,0.1223021582733813,0.13269384492406075,0.08633093525179857,0.0903277378097522,0.1079136690647482,0.14948041566746603,0.07114308553157474,0.07274180655475619,0.1254996003197442,0.04156674660271783
619,0.0594541910331384,0.2524366471734893,0.07504873294346978,0.08284600389863547,0.06335282651072124,0.05165692007797271,0.06530214424951267,0.12475633528265107,0.1539961013645224,0.07115009746588694
620,0.07104700854700854,0.07318376068376069,0.05555555555555555,0.1997863247863248,0.09188034188034189,0.12767094017094016,0.06837606837606838,0.10202991452991453,0.17895299145299146,0.031517094017094016
621,0.07151979565772669,0.08684546615581099,0.10089399744572158,0.13154533844189017,0.1545338441890166,0.08812260536398467,0.06513409961685823,0.07279693486590039,0.13665389527458494,0.09195402298850575
622,0.12919896640826875,0.0736434108527132,0.0723514211886305,0.05943152454780362,0.06459948320413438,0.09043927648578813,0.08785529715762275,0.09819121447028425,0.058139534883720936,0.26614987080103364
623,0.08529741863075196,0.05948372615039282,0.10886644219977554,0.09090909090909091,0.06060606060606061,0.0718294051627385,0.18742985409652077,0.09652076318742986,0.06734006734006734,0.1717171717171717
624,0.10699588477366255,0.1728395061728395,0.102880658436214,0.08333333333333333,0.08436213991769548,0.13580246913580246,0.05864197530864197,0.08539094650205761,0.06172839506172839,0.10802469135802469
625,0.0774928774928775,0.04045584045584046,0.10769230769230771,0.08490028490028491,0.03817663817663818,0.0700854700854701,0.38689458689458694,0.11566951566951568,0.04330484330484331,0.03532763532763533
626,0.07029478458049887,0.14058956916099774,0.05442176870748299,0.1254724111866969,0.06575963718820861,0.0582010582010582,0.07180650037792895,0.039304610733182165,0.3250188964474679,0.0491307634164777
627,0.10072689511941849,0.06853582554517133,0.07476635514018691,0.06334371754932502,0.06645898234683281,0.09138110072689512,0.10488058151609553,0.1142263759086189,0.08618899273104881,0.22949117341640707
628,0.24111866969009826,0.034013605442176874,0.06500377928949358,0.06273620559334846,0.08843537414965986,0.05668934240362812,0.04686318972033258,0.10279667422524566,0.07709750566893424,0.2252456538170824
629,0.08484848484848485,0.06060606060606061,0.11717171717171718,0.19090909090909092,0.07373737373737374,0.10707070707070707,0.09393939393939393,0.07777777777777778,0.06666666666666667,0.12727272727272726
630,0.10779436152570482,0.08126036484245441,0.2271973466003317,0.07794361525704811,0.10447761194029852,0.08291873963515756,0.07960199004975126,0.0746268656716418,0.0746268656716418,0.08955223880597016
631,0.12804232804232804,0.0761904761904762,0.15343915343915343,0.07724867724867725,0.11534391534391535,0.1343915343915344,0.06772486772486773,0.10793650793650794,0.07301587301587302,0.06666666666666667
632,0.09391534391534391,0.10582010582010581,0.08994708994708994,0.09391534391534391,0.10185185185185185,0.0873015873015873,0.10052910052910052,0.08465608465608465,0.18253968253968253,0.05952380952380952
633,0.12981298129812985,0.08690869086908692,0.07260726072607263,0.08910891089108912,0.09570957095709573,0.11661166116611663,0.11221122112211222,0.10891089108910892,0.10891089108910892,0.07920792079207922
634,0.08167141500474834,0.04843304843304843,0.10351377018043685,0.11016144349477683,0.06647673314339982,0.07692307692307693,0.32573599240265905,0.08547008547008547,0.04938271604938271,0.052231718898385564
635,0.0763888888888889,0.08055555555555556,0.14583333333333334,0.09166666666666666,0.06388888888888888,0.0625,0.19305555555555556,0.10138888888888889,0.08194444444444444,0.10277777777777777
636,0.08049886621315194,0.10317460317460318,0.18707482993197283,0.08956916099773245,0.10204081632653063,0.08503401360544219,0.06802721088435376,0.06802721088435376,0.13832199546485263,0.07823129251700682
637,0.1,0.09074074074074075,0.1,0.1111111111111111,0.08333333333333333,0.1111111111111111,0.09259259259259259,0.09814814814814815,0.10185185185185185,0.1111111111111111
638,0.07485380116959064,0.14269005847953217,0.13567251461988303,0.0935672514619883,0.09005847953216374,0.08538011695906433,0.17309941520467836,0.08070175438596491,0.05380116959064327,0.07017543859649122
639,0.09178743961352659,0.11433172302737521,0.11111111111111112,0.10950080515297908,0.07890499194847023,0.07246376811594205,0.15136876006441227,0.08695652173913045,0.08051529790660227,0.1030595813204509
640,0.07530864197530865,0.12345679012345678,0.14938271604938272,0.10493827160493827,0.10493827160493827,0.07407407407407407,0.09876543209876543,0.08271604938271605,0.05925925925925926,0.1271604938271605
641,0.20311394196744514,0.0835102618542109,0.07077140835102619,0.04600141542816702,0.07926397735314933,0.12101910828025478,0.13021939136588817,0.07714083510261854,0.12951167728237792,0.059447983014861996
642,0.10615079365079366,0.16071428571428575,0.06200396825396826,0.10317460317460318,0.222718253968254,0.04761904761904762,0.0709325396825397,0.046626984126984135,0.14037698412698416,0.03968253968253969
643,0.14859437751004015,0.060240963855421686,0.10441767068273092,0.10040160642570281,0.08433734939759036,0.0856760374832664,0.16198125836680052,0.0963855421686747,0.060240963855421686,0.09772423025435073
644,0.1277777777777778,0.1377777777777778,0.15555555555555559,0.0977777777777778,0.08111111111111112,0.08666666666666668,0.07222222222222223,0.07444444444444445,0.10555555555555557,0.061111111111111116
645,0.0638888888888889,0.10833333333333335,0.11481481481481483,0.10925925925925928,0.11759259259259261,0.08425925925925927,0.12592592592592594,0.11851851851851854,0.07777777777777779,0.07962962962962965
646,0.0972222222222222,0.06944444444444443,0.20580808080808075,0.10858585858585856,0.07070707070707069,0.07575757575757575,0.10101010101010098,0.07196969696969696,0.08712121212121211,0.11237373737373735
647,0.08104575163398693,0.08496732026143791,0.07581699346405228,0.09542483660130718,0.08888888888888889,0.12287581699346405,0.08627450980392157,0.12810457516339868,0.12810457516339868,0.1084967320261438
648,0.284789644012945,0.08414239482200647,0.09924487594390508,0.06580366774541532,0.05609492988133765,0.07874865156418555,0.07119741100323625,0.08414239482200647,0.07551240560949299,0.10032362459546926
649,0.04579124579124579,0.20202020202020202,0.061952861952861954,0.16026936026936026,0.06936026936026936,0.06868686868686869,0.07003367003367003,0.0707070707070707,0.2127946127946128,0.03838383838383838
650,0.0673076923076923,0.06944444444444445,0.16346153846153846,0.1282051282051282,0.1014957264957265,0.07799145299145299,0.12179487179487179,0.06944444444444445,0.06196581196581197,0.1388888888888889
651,0.21868365180467092,0.044585987261146494,0.056617126680820945,0.051663128096249115,0.052370842179759375,0.07360226468506724,0.055201698513800426,0.08067940552016985,0.0799716914366596,0.28662420382165604
652,0.1619047619047619,0.06031746031746032,0.08994708994708994,0.06349206349206349,0.07830687830687831,0.04973544973544974,0.08042328042328042,0.07724867724867725,0.06666666666666667,0.27195767195767195
653,0.1522633744855967,0.07956104252400549,0.07270233196159122,0.08367626886145405,0.07681755829903979,0.06721536351165981,0.10150891632373114,0.09327846364883402,0.06172839506172839,0.2112482853223594
654,0.08763693270735524,0.07511737089201878,0.08450704225352113,0.07511737089201878,0.09076682316118936,0.08607198748043818,0.14710485133020346,0.08607198748043818,0.07198748043818466,0.19561815336463223
655,0.13742690058479531,0.06578947368421052,0.0891812865497076,0.09210526315789473,0.08625730994152046,0.06725146198830409,0.07894736842105263,0.09649122807017543,0.06725146198830409,0.21929824561403508
656,0.11796982167352535,0.06310013717421123,0.16598079561042522,0.07956104252400548,0.06172839506172838,0.08093278463648833,0.08367626886145403,0.06858710562414265,0.08367626886145403,0.1947873799725651
657,0.09550045913682277,0.05785123966942149,0.07713498622589532,0.07713498622589532,0.047750229568411386,0.05234159779614325,0.07346189164370982,0.08999081726354453,0.09550045913682277,0.3333333333333333
658,0.05606523955147808,0.09683995922528033,0.07747196738022426,0.07237512742099898,0.22833843017329256,0.08970438328236494,0.0652395514780836,0.08256880733944955,0.1488277268093782,0.08256880733944955
659,0.16183574879227053,0.06682769726247988,0.07729468599033816,0.04830917874396135,0.04911433172302738,0.043478260869565216,0.14251207729468598,0.15619967793880837,0.06602254428341385,0.18840579710144928
660,0.1370967741935484,0.13082437275985667,0.0770609318996416,0.06630824372759858,0.07526881720430109,0.05286738351254481,0.06451612903225808,0.15770609318996417,0.11021505376344087,0.1281362007168459
661,0.14814814814814814,0.16018518518518518,0.15555555555555556,0.07314814814814814,0.07222222222222222,0.07962962962962963,0.053703703703703705,0.08148148148148149,0.053703703703703705,0.12222222222222222
662,0.06237816764132554,0.04970760233918129,0.11403508771929825,0.0925925925925926,0.06920077972709553,0.06530214424951268,0.30506822612085777,0.08576998050682262,0.06920077972709553,0.08674463937621833
663,0.07809983896940419,0.13848631239935588,0.04508856682769726,0.06280193236714976,0.18357487922705315,0.08373590982286634,0.05152979066022544,0.08373590982286634,0.21900161030595813,0.05394524959742351
664,0.0829817158931083,0.12236286919831224,0.07313642756680731,0.08016877637130802,0.11673699015471167,0.09282700421940929,0.07172995780590717,0.11251758087201125,0.1589310829817159,0.08860759493670886
665,0.14120370370370372,0.07291666666666669,0.09606481481481484,0.09722222222222225,0.09606481481481484,0.08796296296296298,0.10069444444444448,0.07638888888888891,0.08912037037037038,0.14236111111111113
666,0.08177777777777778,0.1511111111111111,0.064,0.12711111111111112,0.104,0.0791111111111111,0.05422222222222222,0.06844444444444445,0.21422222222222223,0.056
667,0.05781957506095437,0.16544757924068268,0.08011145942180425,0.047021943573667714,0.10344827586206896,0.12190874259839778,0.0640891675374434,0.1685823754789272,0.12225705329153605,0.06931382793451758
668,0.03463203463203463,0.04112554112554113,0.030303030303030304,0.025974025974025976,0.06457431457431458,0.030663780663780664,0.022005772005772004,0.6681096681096681,0.03354978354978355,0.049062049062049064
669,0.08680555555555555,0.171875,0.07552083333333333,0.09635416666666667,0.14930555555555555,0.08333333333333333,0.044270833333333336,0.06510416666666667,0.14930555555555555,0.078125
670,0.12222222222222223,0.10317460317460318,0.1015873015873016,0.09206349206349208,0.10000000000000002,0.07777777777777779,0.12380952380952383,0.07142857142857144,0.08571428571428573,0.12222222222222223
671,0.10752688172043011,0.11230585424133811,0.0979689366786141,0.056152927120669056,0.17801672640382318,0.10991636798088411,0.0979689366786141,0.09199522102747909,0.09438470728793309,0.053763440860215055
672,0.08496732026143791,0.10784313725490197,0.09803921568627451,0.1388888888888889,0.10620915032679738,0.08986928104575163,0.08169934640522876,0.09803921568627451,0.10294117647058823,0.0915032679738562
673,0.0679933665008292,0.2437810945273632,0.09038142620232174,0.11028192371475955,0.13184079601990054,0.12354892205638476,0.05306799336650084,0.05970149253731344,0.05970149253731344,0.05970149253731344
674,0.13364413364413363,0.11344211344211344,0.055944055944055944,0.07381507381507381,0.17482517482517482,0.09246309246309246,0.09634809634809635,0.05283605283605284,0.1445221445221445,0.06216006216006216
675,0.1111111111111111,0.08763693270735524,0.11737089201877934,0.1111111111111111,0.10485133020344288,0.09702660406885759,0.07042253521126761,0.0892018779342723,0.13302034428794993,0.0782472613458529
676,0.05555555555555555,0.10864197530864197,0.12222222222222222,0.07530864197530865,0.07777777777777778,0.09753086419753086,0.16419753086419753,0.13703703703703704,0.08765432098765433,0.07407407407407407
677,0.08839322593969434,0.17678645187938868,0.056588186699710864,0.03510945890128046,0.05741429161503511,0.03180503923998348,0.3543990086741016,0.06774060305658819,0.03510945890128046,0.09665427509293681
678,0.05780780780780781,0.05630630630630631,0.05555555555555555,0.06606606606606606,0.042042042042042045,0.06981981981981981,0.2972972972972973,0.1373873873873874,0.04054054054054054,0.17717717717717718
679,0.17271727172717272,0.0704070407040704,0.08030803080308031,0.066006600660066,0.09130913091309131,0.04950495049504951,0.16501650165016502,0.13641364136413642,0.0968096809680968,0.07150715071507151
680,0.06609195402298851,0.14272030651340997,0.1024904214559387,0.11877394636015326,0.07662835249042145,0.09770114942528736,0.13793103448275862,0.05076628352490421,0.07375478927203065,0.1331417624521073
681,0.096045197740113,0.08662900188323917,0.1431261770244821,0.1016949152542373,0.1016949152542373,0.08662900188323917,0.10922787193973635,0.10546139359698682,0.0847457627118644,0.0847457627118644
682,0.06666666666666667,0.1742690058479532,0.20350877192982456,0.06666666666666667,0.07017543859649122,0.07368421052631578,0.06198830409356725,0.0783625730994152,0.05380116959064327,0.15087719298245614
683,0.0707070707070707,0.1383838383838384,0.05757575757575758,0.06464646464646465,0.06060606060606061,0.22525252525252526,0.08585858585858586,0.11212121212121212,0.09696969696969697,0.08787878787878788
684,0.10264550264550262,0.07724867724867723,0.07619047619047618,0.05079365079365078,0.05396825396825396,0.07089947089947088,0.26560846560846557,0.07195767195767194,0.06878306878306877,0.16190476190476188
685,0.08536585365853659,0.08807588075880758,0.1070460704607046,0.15176151761517614,0.11653116531165311,0.07317073170731707,0.0948509485094851,0.08265582655826559,0.1111111111111111,0.08943089430894309
686,0.09235209235209234,0.15007215007215005,0.15295815295815293,0.10389610389610388,0.0909090909090909,0.08513708513708512,0.0779220779220779,0.0909090909090909,0.07503607503607503,0.0808080808080808
687,0.09925925925925926,0.10074074074074074,0.09481481481481481,0.06962962962962962,0.06666666666666667,0.06962962962962962,0.06962962962962962,0.11851851851851852,0.06962962962962962,0.2414814814814815
688,0.04551539491298528,0.032128514056224904,0.07228915662650603,0.07362784471218208,0.08433734939759037,0.060910307898259713,0.07161981258366802,0.09705488621151273,0.052208835341365466,0.41030789825970554
689,0.04367816091954023,0.034482758620689655,0.0367816091954023,0.034482758620689655,0.041379310344827586,0.04367816091954023,0.05363984674329502,0.06666666666666667,0.04597701149425287,0.5992337164750958
690,0.06684733514001806,0.052393857271906055,0.06233062330623306,0.07678410117434507,0.06233062330623306,0.07317073170731707,0.07046070460704607,0.08672086720867209,0.04697380307136405,0.4019873532068654
691,0.1638418079096045,0.051789077212806026,0.12335216572504708,0.08945386064030132,0.09792843691148775,0.05273069679849341,0.14030131826741996,0.0951035781544256,0.054613935969868174,0.13088512241054615
692,0.09347442680776014,0.054673721340388004,0.06084656084656084,0.043209876543209874,0.043209876543209874,0.04056437389770723,0.12962962962962962,0.09523809523809523,0.06437389770723104,0.3747795414462081
693,0.13305898491083676,0.08641975308641975,0.08641975308641975,0.0644718792866941,0.07818930041152264,0.09739368998628258,0.18518518518518517,0.12208504801097393,0.06172839506172839,0.0850480109739369
694,0.07885304659498207,0.0908004778972521,0.13381123058542413,0.07168458781362007,0.1911589008363202,0.0908004778972521,0.07765830346475508,0.12305854241338113,0.08363201911589008,0.05854241338112306
695,0.06740740740740742,0.0651851851851852,0.06962962962962964,0.13333333333333336,0.05777777777777778,0.12592592592592594,0.1777777777777778,0.11481481481481483,0.08296296296296297,0.1051851851851852
696,0.25308641975308643,0.05787037037037037,0.041666666666666664,0.16589506172839505,0.035493827160493825,0.07561728395061729,0.08024691358024691,0.05015432098765432,0.11805555555555555,0.12191358024691358
697,0.11827956989247312,0.1111111111111111,0.10931899641577061,0.08422939068100359,0.11648745519713262,0.08243727598566308,0.08064516129032258,0.0931899641577061,0.1003584229390681,0.1039426523297491
698,0.10048309178743961,0.13526570048309178,0.05314009661835749,0.09468599033816426,0.2396135265700483,0.05990338164251208,0.06859903381642513,0.05603864734299517,0.14589371980676327,0.0463768115942029
699,0.09157509157509158,0.05982905982905984,0.07203907203907205,0.148962148962149,0.07814407814407816,0.1037851037851038,0.19780219780219782,0.0744810744810745,0.0683760683760684,0.10500610500610502
700,0.08265582655826559,0.10975609756097561,0.11246612466124661,0.06097560975609756,0.06368563685636856,0.06504065040650407,0.15447154471544716,0.1111111111111111,0.07859078590785908,0.16124661246612465
701,0.07912457912457913,0.08249158249158249,0.1026936026936027,0.08417508417508418,0.10101010101010101,0.08080808080808081,0.17676767676767677,0.09764309764309764,0.07575757575757576,0.11952861952861953
702,0.09748427672955977,0.06394129979035641,0.1058700209643606,0.10062893081761008,0.0628930817610063,0.08909853249475892,0.07756813417190778,0.09224318658280924,0.08909853249475892,0.22117400419287214
703,0.11976911976911978,0.1370851370851371,0.08225108225108226,0.10101010101010101,0.10822510822510822,0.0735930735930736,0.0836940836940837,0.08658008658008658,0.08658008658008658,0.12121212121212122
704,0.10243055555555555,0.08506944444444445,0.09027777777777778,0.11979166666666667,0.0798611111111111,0.09895833333333333,0.10069444444444445,0.08159722222222222,0.10069444444444445,0.140625
705,0.11452991452991454,0.09230769230769233,0.08717948717948719,0.10769230769230771,0.08547008547008549,0.09572649572649575,0.10256410256410257,0.08717948717948719,0.12991452991452995,0.09743589743589745
706,0.0707070707070707,0.12626262626262627,0.06944444444444445,0.08207070707070707,0.13636363636363635,0.13257575757575757,0.07323232323232323,0.09974747474747475,0.10858585858585859,0.10101010101010101
707,0.13194444444444445,0.10677083333333333,0.050347222222222224,0.0798611111111111,0.1527777777777778,0.1362847222222222,0.059027777777777776,0.0798611111111111,0.1388888888888889,0.0642361111111111
708,0.07083333333333333,0.15833333333333333,0.14166666666666666,0.09027777777777778,0.07222222222222222,0.12361111111111112,0.08194444444444444,0.10138888888888889,0.06388888888888888,0.09583333333333334
709,0.11657559198542806,0.1329690346083789,0.13843351548269583,0.07285974499089255,0.05919854280510019,0.08287795992714027,0.06830601092896177,0.1584699453551913,0.0673952641165756,0.10291438979963571
710,0.06318082788671026,0.0486564996368918,0.11111111111111112,0.1067538126361656,0.04284676833696442,0.06899055918663763,0.29339143064633266,0.12999273783587512,0.0551924473493101,0.07988380537400147
711,0.08708708708708708,0.0945945945945946,0.11261261261261261,0.09009009009009009,0.06756756756756757,0.06756756756756757,0.16366366366366367,0.09009009009009009,0.06906906906906907,0.15765765765765766
712,0.16666666666666669,0.07659932659932661,0.04966329966329967,0.0462962962962963,0.14983164983164987,0.16329966329966333,0.12794612794612797,0.0841750841750842,0.05050505050505051,0.08501683501683503
713,0.08496732026143793,0.0954248366013072,0.0758169934640523,0.05882352941176471,0.07973856209150328,0.13725490196078435,0.09803921568627452,0.0954248366013072,0.19869281045751636,0.0758169934640523
714,0.058823529411764705,0.05228758169934641,0.05010893246187364,0.08823529411764706,0.0664488017429194,0.0664488017429194,0.29411764705882354,0.09694989106753812,0.08387799564270153,0.14270152505446623
715,0.08294209702660407,0.07355242566510173,0.1267605633802817,0.10485133020344288,0.07042253521126761,0.07042253521126761,0.07042253521126761,0.19718309859154928,0.07981220657276995,0.12363067292644757
716,0.08225108225108226,0.15873015873015872,0.08080808080808081,0.13852813852813853,0.09235209235209235,0.07936507936507936,0.06637806637806638,0.0707070707070707,0.1544011544011544,0.07647907647907648
717,0.07536231884057971,0.23864734299516907,0.0782608695652174,0.1178743961352657,0.11014492753623188,0.09371980676328502,0.05217391304347826,0.08599033816425121,0.08309178743961353,0.0647342995169082
718,0.0913978494623656,0.08422939068100359,0.1863799283154122,0.0913978494623656,0.08422939068100359,0.08243727598566308,0.10215053763440861,0.0913978494623656,0.09498207885304659,0.0913978494623656
719,0.07995296884185774,0.07936507936507936,0.26631393298059963,0.059376837154614934,0.05584950029394474,0.1146384479717813,0.1111111111111111,0.09700176366843033,0.06937095825984715,0.06701940035273368
720,0.1607843137254902,0.06143790849673202,0.11503267973856209,0.07581699346405228,0.0718954248366013,0.07581699346405228,0.1111111111111111,0.09281045751633987,0.08758169934640522,0.1477124183006536
721,0.057651991614255764,0.23165618448637318,0.05241090146750524,0.05660377358490566,0.20649895178197064,0.05870020964360587,0.04821802935010482,0.06813417190775681,0.1708595387840671,0.049266247379454925
722,0.07165109034267912,0.13499480789200416,0.09138110072689512,0.07995846313603323,0.205607476635514,0.09138110072689512,0.08618899273104881,0.07684319833852545,0.10384215991692627,0.058151609553478714
723,0.04149085794655415,0.35372714486638535,0.07735583684950774,0.06610407876230662,0.04149085794655415,0.04149085794655415,0.04149085794655415,0.1019690576652602,0.19760900140646975,0.03727144866385373
724,0.05473856209150327,0.20751633986928106,0.07598039215686274,0.09640522875816994,0.0727124183006536,0.06045751633986928,0.06290849673202614,0.056372549019607844,0.12826797385620914,0.184640522875817
725,0.1066066066066066,0.16516516516516516,0.1111111111111111,0.0945945945945946,0.08708708708708708,0.06906906906906907,0.08408408408408409,0.09309309309309309,0.08558558558558559,0.1036036036036036
726,0.09941520467836257,0.06549707602339182,0.056140350877192984,0.07602339181286549,0.05964912280701754,0.14502923976608187,0.06900584795321638,0.1976608187134503,0.14853801169590644,0.08304093567251462
727,0.08888888888888889,0.056704980842911874,0.08659003831417625,0.056704980842911874,0.0896551724137931,0.07969348659003832,0.06130268199233716,0.08659003831417625,0.33869731800766284,0.05517241379310345
728,0.0853658536585366,0.060975609756097573,0.1815718157181572,0.1761517615176152,0.06368563685636858,0.06368563685636858,0.11382113821138214,0.10569105691056914,0.060975609756097573,0.0880758807588076
729,0.07449494949494949,0.27525252525252525,0.06060606060606061,0.07449494949494949,0.09595959595959595,0.09974747474747475,0.07954545454545454,0.07954545454545454,0.08207070707070707,0.07828282828282829
730,0.059343434343434344,0.07954545454545454,0.10101010101010101,0.07323232323232323,0.16414141414141414,0.16414141414141414,0.06439393939393939,0.10227272727272728,0.09974747474747475,0.09217171717171717
731,0.07116920842411038,0.08569353667392883,0.09222948438634714,0.14451706608569354,0.13798111837327523,0.07988380537400146,0.10312273057371096,0.20261437908496732,0.04429920116194626,0.03848946986201888
732,0.13333333333333336,0.15802469135802472,0.10493827160493828,0.11358024691358026,0.10123456790123458,0.06666666666666668,0.07407407407407408,0.10617283950617286,0.06543209876543211,0.07654320987654323
733,0.090014064697609,0.09563994374120956,0.1279887482419128,0.08157524613220815,0.08860759493670886,0.19127988748241911,0.06610407876230662,0.06329113924050633,0.09845288326300984,0.0970464135021097
734,0.13950617283950617,0.05555555555555555,0.09382716049382717,0.06666666666666667,0.1,0.05802469135802469,0.17901234567901234,0.09753086419753086,0.07407407407407407,0.13580246913580246
735,0.07497741644083107,0.14092140921409213,0.07859078590785908,0.1011743450767841,0.2859078590785908,0.08401084010840108,0.053297199638663056,0.06187895212285456,0.08446251129177959,0.03477868112014453
736,0.12676056338028172,0.10015649452269172,0.11424100156494524,0.08450704225352114,0.10015649452269172,0.0970266040688576,0.08920187793427231,0.11424100156494524,0.08294209702660409,0.09076682316118938
737,0.08781362007168458,0.14336917562724014,0.14157706093189965,0.0985663082437276,0.0913978494623656,0.08422939068100359,0.08243727598566308,0.08064516129032258,0.08064516129032258,0.10931899641577061
738,0.06610407876230662,0.09563994374120956,0.08860759493670886,0.0759493670886076,0.11392405063291139,0.17440225035161744,0.07735583684950774,0.1209563994374121,0.08579465541490858,0.10126582278481013
739,0.0800376647834275,0.18926553672316385,0.059322033898305086,0.07250470809792843,0.1327683615819209,0.1431261770244821,0.07062146892655367,0.07532956685499058,0.12994350282485875,0.047080979284369114
740,0.07777777777777778,0.15185185185185185,0.08518518518518518,0.10740740740740741,0.1787037037037037,0.08055555555555556,0.09259259259259259,0.07314814814814814,0.0962962962962963,0.05648148148148148
741,0.04232804232804233,0.10052910052910054,0.057319223985890656,0.08553791887125221,0.09347442680776015,0.21516754850088185,0.052028218694885366,0.0687830687830688,0.23544973544973546,0.04938271604938272
742,0.09126984126984128,0.23280423280423282,0.06084656084656085,0.07275132275132276,0.05952380952380953,0.08333333333333334,0.05952380952380953,0.07936507936507937,0.20105820105820107,0.05952380952380953
743,0.10860484544695072,0.08521303258145364,0.05179615705931496,0.07685881370091897,0.17961570593149542,0.12280701754385966,0.08103592314118631,0.09941520467836258,0.11946532999164579,0.07518796992481204
744,0.07285974499089254,0.06557377049180328,0.10382513661202186,0.11566484517304189,0.061930783242258654,0.1284153005464481,0.040983606557377046,0.21948998178506376,0.06830601092896176,0.12295081967213115
745,0.28806584362139914,0.05761316872427982,0.1450617283950617,0.0905349794238683,0.06378600823045266,0.051440329218106984,0.06584362139917695,0.0905349794238683,0.0493827160493827,0.09773662551440326
746,0.09305555555555556,0.13055555555555556,0.1527777777777778,0.09305555555555556,0.10555555555555556,0.08194444444444444,0.11666666666666667,0.06944444444444445,0.06805555555555555,0.08888888888888889
747,0.08966861598440547,0.052631578947368425,0.05717998700454841,0.06042884990253412,0.3112410656270306,0.038986354775828465,0.052631578947368425,0.14294996751137104,0.15919428200129956,0.03508771929824562
748,0.0612668743509865,0.04672897196261682,0.07268951194184839,0.11941848390446522,0.058151609553478714,0.055036344755970926,0.20768431983385255,0.07372793354101766,0.07580477673935618,0.22949117341640707
749,0.08018327605956473,0.1134020618556701,0.19931271477663232,0.08705612829324169,0.10996563573883161,0.09278350515463918,0.061855670103092786,0.06987399770904926,0.10996563573883161,0.07560137457044673
750,0.36712328767123287,0.036225266362252664,0.03896499238964993,0.10928462709284627,0.04018264840182648,0.18904109589041096,0.030136986301369864,0.061491628614916284,0.04353120243531203,0.08401826484018265
751,0.15294117647058825,0.06928104575163399,0.0784313725490196,0.0718954248366013,0.14248366013071895,0.06405228758169934,0.09411764705882353,0.11241830065359477,0.08366013071895424,0.13071895424836602
752,0.08122605363984675,0.11111111111111112,0.0574712643678161,0.10038314176245212,0.19080459770114946,0.13333333333333336,0.05363984674329503,0.10191570881226054,0.13409961685823757,0.03601532567049809
753,0.10555555555555556,0.18968253968253967,0.07222222222222222,0.11746031746031746,0.06587301587301587,0.13412698412698412,0.044444444444444446,0.0992063492063492,0.1253968253968254,0.046031746031746035
754,0.08051529790660225,0.14009661835748793,0.09339774557165861,0.07729468599033816,0.10466988727858294,0.12721417069243157,0.07568438003220612,0.0998389694041868,0.11755233494363929,0.08373590982286634
755,0.08730158730158731,0.07142857142857144,0.13174603174603178,0.13492063492063494,0.09365079365079367,0.1015873015873016,0.08412698412698415,0.10634920634920636,0.1015873015873016,0.08730158730158731
756,0.050142450142450154,0.052991452991453004,0.0415954415954416,0.0643874643874644,0.40512820512820524,0.08831908831908833,0.050142450142450154,0.0717948717948718,0.1384615384615385,0.03703703703703704
757,0.0915032679738562,0.06928104575163399,0.15947712418300652,0.09411764705882353,0.07450980392156863,0.06666666666666667,0.15947712418300652,0.08235294117647059,0.06535947712418301,0.13725490196078433
758,0.08960573476702509,0.08781362007168458,0.14516129032258066,0.1003584229390681,0.08064516129032258,0.0985663082437276,0.10931899641577061,0.09498207885304659,0.08064516129032258,0.11290322580645161
759,0.082010582010582,0.10978835978835978,0.17328042328042328,0.12698412698412698,0.12433862433862433,0.08994708994708994,0.062169312169312166,0.05952380952380952,0.08862433862433862,0.08333333333333333
760,0.12393162393162394,0.12108262108262108,0.06552706552706553,0.09116809116809117,0.10256410256410256,0.1396011396011396,0.07834757834757834,0.09259259259259259,0.08974358974358974,0.09544159544159544
761,0.11882716049382717,0.10493827160493828,0.16666666666666669,0.08333333333333334,0.1342592592592593,0.09722222222222224,0.0771604938271605,0.06944444444444446,0.07098765432098766,0.0771604938271605
762,0.1015325670498084,0.08620689655172413,0.08812260536398465,0.08620689655172413,0.1704980842911877,0.10344827586206894,0.08620689655172413,0.08620689655172413,0.10536398467432948,0.08620689655172413
763,0.064484126984127,0.09027777777777779,0.07142857142857144,0.08333333333333334,0.09523809523809525,0.10317460317460318,0.06250000000000001,0.16765873015873017,0.15773809523809526,0.10416666666666669
764,0.10833333333333334,0.0763888888888889,0.11805555555555555,0.0875,0.0875,0.06527777777777778,0.20416666666666666,0.06805555555555555,0.06388888888888888,0.12083333333333333
765,0.05254091300602928,0.19638242894056848,0.08785529715762273,0.08613264427217916,0.18001722652885443,0.05598621877691645,0.06029285099052541,0.09819121447028424,0.11369509043927649,0.06890611541774333
766,0.08282828282828283,0.07272727272727272,0.09494949494949495,0.09393939393939393,0.08585858585858586,0.17373737373737375,0.13636363636363635,0.06363636363636363,0.08888888888888889,0.10707070707070707
767,0.08835341365461848,0.08032128514056225,0.11512717536813923,0.11914323962516733,0.0642570281124498,0.06693440428380187,0.11780455153949129,0.10307898259705489,0.08032128514056225,0.1646586345381526
768,0.07668231611893583,0.08763693270735524,0.11267605633802817,0.09389671361502347,0.07198748043818466,0.107981220657277,0.12050078247261346,0.08763693270735524,0.09233176838810642,0.1486697965571205
769,0.08807588075880758,0.07859078590785908,0.14769647696476965,0.07452574525745258,0.07181571815718157,0.06368563685636856,0.15176151761517614,0.08130081300813008,0.07994579945799458,0.16260162601626016
770,0.06226053639846743,0.06130268199233716,0.1206896551724138,0.06609195402298851,0.05268199233716475,0.06704980842911877,0.2825670498084291,0.13793103448275862,0.05363984674329502,0.09578544061302682
771,0.07644824311490978,0.2003798670465337,0.057929724596391265,0.16571699905033238,0.08452041785375118,0.0721747388414055,0.04510921177587844,0.0446343779677113,0.17473884140550808,0.07834757834757834
772,0.11689814814814815,0.13425925925925927,0.1550925925925926,0.13657407407407407,0.06597222222222222,0.06828703703703703,0.10185185185185185,0.07060185185185185,0.05555555555555555,0.09490740740740741
773,0.10072689511941846,0.1910695742471443,0.16614745586708202,0.052959501557632384,0.15576323987538937,0.07061266874350985,0.0664589823468328,0.06542056074766353,0.06126687435098649,0.06957424714434059
774,0.1177587844254511,0.042735042735042736,0.1396011396011396,0.14150047483380818,0.09401709401709402,0.05982905982905983,0.06267806267806268,0.0892687559354226,0.04748338081671415,0.20512820512820512
775,0.11706349206349206,0.17162698412698413,0.07539682539682539,0.12896825396825398,0.06944444444444445,0.12003968253968254,0.08035714285714286,0.0992063492063492,0.06845238095238096,0.06944444444444445
776,0.05698005698005698,0.1886039886039886,0.045584045584045586,0.07578347578347579,0.05356125356125356,0.23874643874643875,0.041595441595441596,0.09230769230769231,0.16695156695156696,0.039886039886039885
777,0.09937402190923315,0.07981220657276994,0.0516431924882629,0.07198748043818465,0.09702660406885756,0.08215962441314553,0.2613458528951486,0.11580594679186226,0.0571205007824726,0.08372456964006258
778,0.07355242566510174,0.1424100156494523,0.14866979655712054,0.10172143974960877,0.08137715179968702,0.0751173708920188,0.0751173708920188,0.1048513302034429,0.12676056338028172,0.07042253521126762
779,0.07700770077007701,0.0781078107810781,0.11331133113311331,0.2222222222222222,0.0781078107810781,0.1419141914191419,0.056105610561056105,0.0627062706270627,0.0891089108910891,0.0814081408140814
780,0.06991260923845194,0.09238451935081149,0.07740324594257178,0.0686641697877653,0.14606741573033707,0.2421972534332085,0.06117353308364544,0.06117353308364544,0.09238451935081149,0.08863920099875156
781,0.09500805152979067,0.08051529790660225,0.12399355877616747,0.13526570048309178,0.07246376811594203,0.07246376811594203,0.11594202898550725,0.07246376811594203,0.0998389694041868,0.1320450885668277
782,0.03669724770642202,0.03058103975535168,0.03669724770642202,0.05606523955147808,0.1783893985728848,0.3129459734964322,0.03567787971457696,0.05045871559633028,0.20285423037716616,0.05963302752293578
783,0.12361111111111109,0.09861111111111108,0.10833333333333331,0.07916666666666665,0.062499999999999986,0.07638888888888888,0.11527777777777776,0.11249999999999998,0.08888888888888888,0.1347222222222222
784,0.0505655355954757,0.06586826347305388,0.029940119760479035,0.10379241516966065,0.06320691949434463,0.05522288755821689,0.3300066533599467,0.13705921490352627,0.08982035928143711,0.07451763140385893
785,0.032305433186490456,0.1860009789525208,0.02594224180127264,0.20753793441018112,0.07782672540381791,0.0513950073421439,0.02594224180127264,0.14047968673519334,0.16984826235927558,0.08272148800783162
786,0.06684027777777779,0.061631944444444454,0.12586805555555558,0.05902777777777778,0.13541666666666669,0.22135416666666669,0.06944444444444446,0.09809027777777779,0.08506944444444446,0.07725694444444446
787,0.08695652173913042,0.07246376811594202,0.14975845410628016,0.08695652173913042,0.07407407407407406,0.08534621578099838,0.15942028985507242,0.08051529790660224,0.08695652173913042,0.11755233494363926
788,0.061788617886178863,0.1013550135501355,0.05257452574525745,0.10948509485094851,0.23848238482384823,0.1078590785907859,0.05040650406504065,0.10569105691056911,0.13224932249322494,0.04010840108401084
789,0.08913308913308914,0.0989010989010989,0.06471306471306472,0.09401709401709402,0.14285714285714285,0.0757020757020757,0.05982905982905983,0.0695970695970696,0.23321123321123322,0.07203907203907203
790,0.12600229095074456,0.08132875143184422,0.09736540664375716,0.10194730813287514,0.0882016036655212,0.06414662084765177,0.0882016036655212,0.13287514318442153,0.06758304696449026,0.15234822451317298
791,0.11611611611611612,0.07207207207207207,0.16416416416416416,0.11911911911911911,0.11511511511511512,0.05905905905905906,0.17317317317317318,0.06706706706706707,0.05205205205205205,0.062062062062062065
792,0.09743589743589745,0.09401709401709403,0.11452991452991454,0.07692307692307694,0.11282051282051284,0.10085470085470087,0.10427350427350429,0.09059829059829061,0.10256410256410257,0.105982905982906
793,0.1124031007751938,0.1124031007751938,0.1124031007751938,0.06976744186046512,0.15891472868217055,0.08656330749354005,0.06459948320413436,0.07622739018087855,0.12532299741602068,0.08139534883720931
794,0.08265582655826559,0.07588075880758807,0.08672086720867209,0.09078590785907859,0.12601626016260162,0.08401084010840108,0.11653116531165311,0.0975609756097561,0.15718157181571815,0.08265582655826559
795,0.09682539682539683,0.10952380952380952,0.08095238095238096,0.07777777777777778,0.12698412698412698,0.08888888888888889,0.07936507936507936,0.08095238095238096,0.18095238095238095,0.07777777777777778
796,0.09612983770287141,0.06117353308364544,0.066167290886392,0.10112359550561797,0.10362047440699126,0.07116104868913857,0.14357053682896379,0.1647940074906367,0.056179775280898875,0.13607990012484394
797,0.06708595387840673,0.07442348008385746,0.0628930817610063,0.11111111111111112,0.09014675052410903,0.1079664570230608,0.11635220125786165,0.09329140461215935,0.17610062893081763,0.10062893081761008
798,0.14942528735632185,0.0842911877394636,0.09067688378033206,0.07662835249042145,0.10727969348659004,0.06257982120051085,0.06641123882503193,0.17752234993614305,0.08045977011494253,0.10472541507024266
799,0.08669108669108669,0.0695970695970696,0.15018315018315018,0.0927960927960928,0.08424908424908426,0.10012210012210013,0.09157509157509157,0.1221001221001221,0.06593406593406594,0.13675213675213677
800,0.12037037037037036,0.07671957671957672,0.06349206349206349,0.07407407407407407,0.07142857142857142,0.08597883597883597,0.18386243386243387,0.09126984126984126,0.06084656084656084,0.17195767195767195
801,0.10267229254571027,0.06329113924050633,0.06891701828410689,0.07876230661040788,0.07032348804500703,0.06329113924050633,0.1350210970464135,0.1111111111111111,0.06610407876230662,0.24050632911392406
802,0.06469760900140648,0.09985935302390998,0.07313642756680731,0.090014064697609,0.07172995780590717,0.1518987341772152,0.07876230661040788,0.0829817158931083,0.20815752461322082,0.07876230661040788
803,0.04666666666666666,0.08055555555555555,0.041111111111111105,0.4172222222222221,0.06833333333333332,0.04722222222222221,0.039999999999999994,0.1283333333333333,0.08944444444444442,0.041111111111111105
804,0.10888888888888888,0.06222222222222222,0.05703703703703704,0.04,0.06074074074074074,0.05555555555555555,0.4022222222222222,0.08074074074074074,0.07111111111111111,0.061481481481481484
805,0.08139534883720931,0.14728682170542637,0.08139534883720931,0.06976744186046512,0.19638242894056848,0.13824289405684753,0.07364341085271318,0.07235142118863049,0.07364341085271318,0.06589147286821706
806,0.06245461147421932,0.07334785766158315,0.06753812636165578,0.13217138707334786,0.06899055918663761,0.06172839506172839,0.08641975308641975,0.1466957153231663,0.22730573710965868,0.07334785766158315
807,0.15588723051409623,0.10447761194029852,0.11111111111111112,0.08126036484245441,0.0746268656716418,0.08457711442786071,0.10281923714759537,0.08126036484245441,0.08457711442786071,0.11940298507462688
808,0.10222222222222224,0.13333333333333336,0.09511111111111112,0.0968888888888889,0.08355555555555556,0.07466666666666669,0.0808888888888889,0.1937777777777778,0.06755555555555556,0.07200000000000001
809,0.14245014245014245,0.06837606837606838,0.07692307692307693,0.06552706552706553,0.0698005698005698,0.10113960113960115,0.09259259259259259,0.10398860398860399,0.08262108262108261,0.19658119658119658
810,0.18795430944963656,0.05711318795430945,0.06438213914849429,0.102803738317757,0.0529595015576324,0.05711318795430945,0.12149532710280374,0.0893042575285566,0.058151609553478714,0.2087227414330218
811,0.09217171717171718,0.08712121212121214,0.13636363636363638,0.1325757575757576,0.09090909090909093,0.10227272727272729,0.09722222222222224,0.09217171717171718,0.07702020202020203,0.09217171717171718
812,0.12365591397849462,0.0967741935483871,0.08064516129032258,0.1003584229390681,0.11290322580645161,0.1003584229390681,0.10931899641577061,0.08243727598566308,0.0967741935483871,0.0967741935483871
813,0.058570198105081836,0.062015503875969,0.057708871662360044,0.06976744186046513,0.04737295434969854,0.06976744186046513,0.3014642549526271,0.11455641688199829,0.05254091300602929,0.16623600344530579
814,0.08055555555555556,0.12083333333333333,0.15833333333333333,0.14583333333333334,0.08611111111111111,0.075,0.06666666666666667,0.0763888888888889,0.0763888888888889,0.11388888888888889
815,0.0892018779342723,0.10172143974960876,0.1486697965571205,0.09859154929577464,0.15336463223787167,0.07042253521126761,0.07042253521126761,0.07198748043818466,0.10954616588419405,0.08607198748043818
816,0.04206098843322818,0.03259726603575184,0.031545741324921134,0.09603925692253767,0.023484051875219066,0.04206098843322818,0.048720644935155974,0.3270241850683491,0.2961794602173151,0.06028741675429373
817,0.09655172413793105,0.05440613026819924,0.08735632183908047,0.1816091954022989,0.039846743295019166,0.2513409961685824,0.0574712643678161,0.0628352490421456,0.09731800766283526,0.07126436781609197
818,0.07936507936507936,0.11721611721611722,0.12942612942612944,0.14896214896214896,0.06837606837606838,0.06837606837606838,0.07692307692307693,0.09768009768009768,0.07326007326007326,0.14041514041514042
819,0.07163742690058479,0.13304093567251463,0.11257309941520467,0.09210526315789473,0.1301169590643275,0.11257309941520467,0.09064327485380116,0.06725146198830409,0.06871345029239766,0.12134502923976608
820,0.12222222222222222,0.1286549707602339,0.07192982456140351,0.09649122807017543,0.07953216374269007,0.0608187134502924,0.0391812865497076,0.08187134502923976,0.2543859649122807,0.06491228070175438
821,0.10441767068273093,0.08032128514056226,0.14190093708166,0.07764390896921018,0.0816599732262383,0.09504685408299868,0.06961178045515397,0.1271753681392236,0.13253012048192775,0.08969210174029453
822,0.08928571428571429,0.10119047619047619,0.125,0.08928571428571429,0.09722222222222222,0.1111111111111111,0.08928571428571429,0.09126984126984126,0.0992063492063492,0.10714285714285714
823,0.09126984126984126,0.08928571428571429,0.11507936507936507,0.08928571428571429,0.11507936507936507,0.09722222222222222,0.09722222222222222,0.09722222222222222,0.09722222222222222,0.1111111111111111
824,0.12045690550363447,0.09241952232606439,0.059190031152647975,0.07061266874350987,0.19730010384215993,0.12045690550363447,0.04984423676012461,0.10176531671858775,0.11941848390446522,0.06853582554517133
825,0.24461343472750316,0.02577101816645543,0.07182087029995775,0.10857625686523024,0.07900295732995352,0.058301647655259824,0.062103929024081114,0.10815378115758344,0.16265314744402196,0.07900295732995352
826,0.08620689655172413,0.10344827586206894,0.11877394636015323,0.11494252873563215,0.08620689655172413,0.08620689655172413,0.10727969348659001,0.08620689655172413,0.08620689655172413,0.12452107279693483
827,0.06565656565656568,0.14015151515151517,0.10227272727272729,0.08585858585858587,0.15025252525252528,0.09595959595959597,0.07954545454545456,0.0744949494949495,0.14772727272727276,0.05808080808080809
828,0.10277777777777779,0.10092592592592595,0.07222222222222223,0.07870370370370372,0.13240740740740745,0.16944444444444448,0.07222222222222223,0.048148148148148155,0.1564814814814815,0.06666666666666668
829,0.08108108108108109,0.10810810810810811,0.08708708708708708,0.10960960960960961,0.06906906906906907,0.06756756756756757,0.21021021021021022,0.1021021021021021,0.06756756756756757,0.09759759759759759
830,0.10030864197530864,0.06944444444444445,0.11265432098765432,0.1095679012345679,0.16820987654320987,0.08024691358024691,0.08950617283950617,0.09567901234567901,0.08179012345679013,0.09259259259259259
831,0.09178743961352659,0.05797101449275363,0.07246376811594205,0.05917874396135266,0.060386473429951695,0.071256038647343,0.16787439613526572,0.08937198067632851,0.07850241545893721,0.2512077294685991
832,0.06837606837606838,0.10683760683760683,0.09686609686609686,0.08831908831908832,0.1396011396011396,0.12962962962962962,0.06837606837606838,0.08974358974358974,0.13817663817663817,0.07407407407407407
833,0.07681755829903979,0.06172839506172839,0.18381344307270234,0.09053497942386832,0.07270233196159122,0.09739368998628258,0.13305898491083676,0.0823045267489712,0.08093278463648834,0.12071330589849108
834,0.0760233918128655,0.10818713450292398,0.09795321637426901,0.1885964912280702,0.08771929824561404,0.09210526315789475,0.07456140350877194,0.10526315789473685,0.09064327485380118,0.07894736842105264
835,0.10822510822510822,0.12987012987012986,0.1717171717171717,0.08658008658008658,0.07792207792207792,0.08080808080808081,0.10678210678210678,0.09668109668109669,0.06782106782106782,0.0735930735930736
836,0.21367521367521367,0.03133903133903134,0.15726495726495726,0.05413105413105413,0.05811965811965812,0.04843304843304843,0.26324786324786326,0.07293447293447293,0.040455840455840456,0.0603988603988604
837,0.057692307692307696,0.08333333333333333,0.10256410256410256,0.16987179487179488,0.06303418803418803,0.1282051282051282,0.060897435897435896,0.09401709401709402,0.11004273504273504,0.13034188034188035
838,0.08368945868945868,0.0972222222222222,0.04273504273504273,0.0972222222222222,0.03383190883190883,0.07763532763532763,0.0267094017094017,0.09045584045584044,0.3910256410256409,0.05947293447293446
839,0.12138188608776845,0.11297852474323064,0.06816059757236229,0.16339869281045755,0.07282913165266108,0.16059757236227828,0.09803921568627452,0.07563025210084034,0.06629318394024278,0.06069094304388423
840,0.0821917808219178,0.0958904109589041,0.1232876712328767,0.076103500761035,0.0852359208523592,0.0928462709284627,0.1689497716894977,0.091324200913242,0.0745814307458143,0.1095890410958904
841,0.10090702947845805,0.20521541950113378,0.06349206349206349,0.06349206349206349,0.07142857142857142,0.10770975056689343,0.06235827664399093,0.06689342403628118,0.19387755102040816,0.06462585034013606
842,0.11196581196581197,0.20170940170940171,0.05811965811965812,0.05042735042735043,0.11282051282051282,0.0905982905982906,0.11367521367521367,0.0829059829059829,0.11367521367521367,0.0641025641025641
843,0.08983451536643026,0.18439716312056736,0.08628841607565012,0.0933806146572104,0.07919621749408984,0.09574468085106383,0.09101654846335698,0.08983451536643026,0.11938534278959811,0.07092198581560284
844,0.09863945578231292,0.06802721088435375,0.1326530612244898,0.13151927437641722,0.10090702947845805,0.14512471655328799,0.0691609977324263,0.06802721088435375,0.09070294784580499,0.09523809523809523
845,0.11616161616161617,0.09090909090909093,0.10606060606060608,0.08080808080808083,0.10101010101010102,0.07575757575757577,0.1464646464646465,0.08080808080808083,0.09427609427609429,0.10774410774410775
846,0.0791476407914764,0.0989345509893455,0.1035007610350076,0.1293759512937595,0.0837138508371385,0.1461187214611872,0.0898021308980213,0.0684931506849315,0.1126331811263318,0.0882800608828006
847,0.05370370370370371,0.10462962962962964,0.07129629629629632,0.048148148148148155,0.08055555555555557,0.3703703703703704,0.06481481481481483,0.06944444444444446,0.08425925925925927,0.052777777777777785
848,0.09076682316118936,0.07042253521126761,0.10172143974960876,0.0892018779342723,0.07042253521126761,0.09859154929577464,0.1486697965571205,0.07355242566510173,0.07042253521126761,0.18622848200312989
849,0.06349206349206349,0.044642857142857144,0.08134920634920635,0.06646825396825397,0.06746031746031746,0.05654761904761905,0.21031746031746032,0.07341269841269842,0.0873015873015873,0.2490079365079365
850,0.0749063670411985,0.06491885143570537,0.11860174781523096,0.09113607990012484,0.06491885143570537,0.07116104868913857,0.1760299625468165,0.07240948813982521,0.07740324594257178,0.18851435705368288
851,0.08296296296296296,0.08296296296296296,0.16148148148148148,0.0725925925925926,0.06814814814814815,0.0725925925925926,0.0725925925925926,0.0725925925925926,0.08592592592592592,0.22814814814814816
852,0.04662698412698413,0.05853174603174603,0.04861111111111111,0.05853174603174603,0.05952380952380952,0.0882936507936508,0.11706349206349206,0.07738095238095238,0.05257936507936508,0.39285714285714285
853,0.058151609553478714,0.18276220145379024,0.12357217030114226,0.08722741433021806,0.10799584631360332,0.0778816199376947,0.06853582554517133,0.05711318795430945,0.1474558670820353,0.0893042575285566
854,0.0625,0.09375,0.056712962962962965,0.12037037037037036,0.0787037037037037,0.26967592592592593,0.08217592592592593,0.06712962962962964,0.10069444444444445,0.06828703703703703
855,0.1258831085420681,0.05523442517662172,0.21323057161207457,0.161849710982659,0.0802825947334618,0.06294155427103405,0.05587668593448942,0.12010276172125886,0.07450224791265254,0.050096339113680166
