,Topic_0,Topic_1,Topic_2,Topic_3,Topic_4,Topic_5,Topic_6,Topic_7,Topic_8,Topic_9
0,0.06781045751633986,0.061274509803921566,0.14787581699346405,0.08006535947712418,0.0392156862745098,0.0718954248366013,0.12826797385620914,0.24509803921568626,0.09477124183006536,0.06372549019607843
1,0.08739076154806492,0.09987515605493133,0.08239700374531835,0.14731585518102372,0.09612983770287141,0.10237203495630462,0.07240948813982521,0.09238451935081149,0.10611735330836454,0.1136079900124844
2,0.07547169811320756,0.06079664570230609,0.06603773584905662,0.1677148846960168,0.0849056603773585,0.1477987421383648,0.0828092243186583,0.07023060796645704,0.07861635220125787,0.1656184486373166
3,0.0746031746031746,0.07301587301587302,0.08253968253968254,0.09841269841269841,0.08095238095238096,0.1126984126984127,0.09365079365079365,0.10793650793650794,0.1380952380952381,0.1380952380952381
4,0.06995884773662552,0.12345679012345678,0.07818930041152264,0.08641975308641975,0.07818930041152264,0.1056241426611797,0.0850480109739369,0.0644718792866941,0.18930041152263374,0.11934156378600823
5,0.09809027777777778,0.050347222222222224,0.07465277777777778,0.09635416666666667,0.1232638888888889,0.13802083333333334,0.109375,0.06510416666666667,0.13802083333333334,0.10677083333333333
6,0.0715197956577267,0.17752234993614308,0.08620689655172416,0.06960408684546616,0.078544061302682,0.08939974457215838,0.1219667943805875,0.07662835249042146,0.06321839080459772,0.165389527458493
7,0.09859154929577466,0.12363067292644758,0.07668231611893585,0.10641627543035995,0.07824726134585291,0.12363067292644758,0.1048513302034429,0.12050078247261348,0.07042253521126762,0.0970266040688576
8,0.08183632734530938,0.1709913506320692,0.06254158349966733,0.10312707917498337,0.044577511643379905,0.07651363938789088,0.09780439121756487,0.10312707917498337,0.12109115103127079,0.1383898868928809
9,0.07309941520467837,0.09454191033138404,0.1280051981806368,0.06985055230669267,0.03573749187784276,0.13190383365821964,0.10071474983755688,0.11598440545808969,0.10981156595191685,0.14035087719298248
10,0.10533910533910534,0.09668109668109669,0.113997113997114,0.0836940836940837,0.09090909090909091,0.11255411255411256,0.06637806637806638,0.08513708513708514,0.08658008658008658,0.15873015873015872
11,0.10520094562647754,0.12647754137115838,0.12411347517730496,0.12293144208037825,0.057919621749408984,0.07210401891252956,0.06973995271867613,0.10283687943262411,0.10283687943262411,0.11583924349881797
12,0.06713947990543735,0.08321513002364066,0.06430260047281323,0.1243498817966903,0.055791962174940896,0.1309692671394799,0.11016548463356975,0.1210401891252955,0.11442080378250591,0.12860520094562647
13,0.07357357357357357,0.1021021021021021,0.07357357357357357,0.08333333333333333,0.08633633633633633,0.1021021021021021,0.15015015015015015,0.1006006006006006,0.10735735735735735,0.12087087087087087
14,0.07686453576864537,0.11719939117199392,0.09893455098934552,0.11681887366818874,0.05555555555555556,0.12480974124809742,0.13850837138508373,0.06697108066971082,0.10007610350076104,0.10426179604261797
15,0.09268565047459522,0.10106085985482972,0.15857063093244,0.141820212171971,0.04522613065326634,0.10664433277498606,0.07816862088218873,0.09938581797878282,0.06979341150195423,0.10664433277498606
16,0.09142053445850915,0.0829817158931083,0.07313642756680731,0.09985935302390998,0.09563994374120956,0.10970464135021098,0.09142053445850915,0.11533052039381153,0.12658227848101267,0.11392405063291139
17,0.06481481481481481,0.08585858585858586,0.09006734006734007,0.09848484848484848,0.05808080808080808,0.0867003367003367,0.15572390572390574,0.10521885521885523,0.1388888888888889,0.11616161616161616
18,0.06827820186598813,0.090754877014419,0.06955046649703138,0.0720949957591179,0.07803223070398643,0.0631891433418151,0.12086513994910941,0.16157760814249364,0.10178117048346055,0.17387616624257846
19,0.08064516129032258,0.1111111111111111,0.12365591397849462,0.1057347670250896,0.08064516129032258,0.0985663082437276,0.13261648745519714,0.1057347670250896,0.08064516129032258,0.08064516129032258
20,0.08672086720867209,0.07588075880758807,0.11653116531165311,0.08943089430894309,0.06097560975609756,0.08130081300813008,0.08672086720867209,0.15447154471544716,0.08943089430894309,0.15853658536585366
21,0.05788982259570495,0.07282913165266107,0.08216619981325864,0.12044817927170869,0.07282913165266107,0.11671335200746966,0.12791783380018673,0.10177404295051354,0.08123249299719888,0.16619981325863678
22,0.05309734513274335,0.09242871189773844,0.10521140609636181,0.10717797443461158,0.07866273352999015,0.12782694198623398,0.0973451327433628,0.0973451327433628,0.0973451327433628,0.14355948869223203
23,0.06627680311890839,0.10672514619883043,0.07797270955165693,0.10721247563352829,0.0462962962962963,0.06920077972709553,0.16423001949317742,0.08040935672514621,0.05360623781676414,0.22807017543859653
24,0.09210526315789473,0.11695906432748537,0.10380116959064327,0.097953216374269,0.07017543859649122,0.0891812865497076,0.15204678362573099,0.1067251461988304,0.09502923976608187,0.07602339181286549
25,0.12345679012345678,0.0707070707070707,0.11560044893378227,0.08417508417508418,0.06958473625140292,0.10325476992143659,0.10774410774410774,0.10549943883277217,0.08529741863075196,0.13468013468013468
26,0.06375227686703099,0.10382513661202188,0.12568306010928965,0.08378870673952643,0.06193078324225866,0.07832422586520948,0.10928961748633881,0.12750455373406197,0.0819672131147541,0.1639344262295082
27,0.06265664160401002,0.07769423558897243,0.1620718462823726,0.1010860484544695,0.05179615705931495,0.06098579782790309,0.11528822055137844,0.10442773600668337,0.09189640768588136,0.1720969089390142
28,0.06790123456790123,0.09506172839506173,0.08024691358024691,0.07160493827160494,0.08641975308641975,0.11481481481481481,0.09135802469135802,0.16913580246913582,0.10740740740740741,0.11604938271604938
29,0.0744138634046891,0.09072375127421,0.09785932721712538,0.09582059123343527,0.12028542303771661,0.059123343527013254,0.09174311926605505,0.1304791029561672,0.11824668705402651,0.12130479102956167
30,0.05136268343815514,0.1268343815513627,0.12368972746331239,0.1079664570230608,0.14150943396226418,0.07547169811320756,0.07651991614255767,0.06918238993710693,0.13102725366876314,0.09643605870020966
31,0.042805100182149364,0.09836065573770492,0.10200364298724955,0.075591985428051,0.10746812386156648,0.12568306010928962,0.08196721311475409,0.11566484517304189,0.10109289617486339,0.1493624772313297
32,0.05653021442495127,0.05653021442495127,0.11598440545808968,0.09941520467836258,0.06530214424951268,0.14035087719298248,0.11208576998050683,0.09941520467836258,0.13255360623781678,0.12183235867446394
33,0.07575757575757576,0.10942760942760943,0.10606060606060606,0.08585858585858586,0.07912457912457913,0.09090909090909091,0.1026936026936027,0.14309764309764308,0.08754208754208755,0.11952861952861953
34,0.07575757575757576,0.06186868686868687,0.1275252525252525,0.11237373737373738,0.0707070707070707,0.09848484848484848,0.11868686868686869,0.07954545454545454,0.07449494949494949,0.18055555555555555
35,0.05915267785771383,0.060751398880895285,0.21982414068745004,0.10951239008792965,0.0495603517186251,0.09832134292565947,0.1079136690647482,0.08792965627498002,0.09112709832134293,0.11590727418065548
36,0.08262108262108261,0.1168091168091168,0.13675213675213677,0.10113960113960115,0.0641025641025641,0.0811965811965812,0.11823361823361823,0.09544159544159544,0.08831908831908832,0.11538461538461539
37,0.0837138508371385,0.1202435312024353,0.0852359208523592,0.1567732115677321,0.0958904109589041,0.0943683409436834,0.0898021308980213,0.0867579908675799,0.0958904109589041,0.091324200913242
38,0.07973856209150328,0.07843137254901962,0.06797385620915034,0.09019607843137256,0.10065359477124185,0.10588235294117648,0.13333333333333336,0.1294117647058824,0.12418300653594773,0.09019607843137256
39,0.06079664570230608,0.1013277428371768,0.11041229909154437,0.06289308176100629,0.0880503144654088,0.1376659678546471,0.10831586303284417,0.0957372466806429,0.11740041928721175,0.11740041928721175
40,0.08595387840670861,0.08176100628930819,0.05974842767295598,0.07756813417190778,0.06394129979035641,0.08176100628930819,0.11635220125786165,0.08595387840670861,0.10691823899371071,0.24004192872117402
41,0.06361007847996696,0.10574142916150352,0.1144155307724081,0.09500206526228831,0.04956629491945477,0.10450227178851715,0.07558859975216853,0.07641470466749277,0.07765386204047914,0.2375051631557208
42,0.056712962962962965,0.10416666666666667,0.09606481481481481,0.09259259259259259,0.08217592592592593,0.07291666666666667,0.06944444444444445,0.13194444444444445,0.061342592592592594,0.2326388888888889
43,0.056179775280898875,0.0898876404494382,0.09488139825218476,0.09737827715355805,0.13607990012484394,0.0686641697877653,0.12484394506866417,0.07740324594257178,0.10112359550561797,0.15355805243445692
44,0.06773211567732117,0.13165905631659058,0.13926940639269408,0.14307458143074583,0.059360730593607317,0.10197869101978693,0.053272450532724516,0.11796042617960428,0.06240487062404872,0.12328767123287673
45,0.10141093474426809,0.05643738977072311,0.10317460317460318,0.09964726631393299,0.0670194003527337,0.11287477954144622,0.09788359788359789,0.17195767195767198,0.07231040564373899,0.11728395061728396
46,0.10040160642570281,0.0963855421686747,0.12583668005354753,0.07764390896921017,0.06291834002677377,0.08165997322623829,0.08433734939759036,0.13119143239625167,0.08835341365461848,0.15127175368139223
47,0.07317073170731708,0.09756097560975611,0.06142728093947607,0.11833785004516713,0.07317073170731708,0.07226738934056008,0.13911472448057816,0.07317073170731708,0.0912375790424571,0.20054200542005424
48,0.09078590785907859,0.12330623306233063,0.08265582655826559,0.08672086720867209,0.10298102981029811,0.1070460704607046,0.12737127371273713,0.08130081300813008,0.07723577235772358,0.12059620596205962
49,0.10338164251207729,0.1246376811594203,0.08115942028985507,0.08309178743961353,0.08888888888888889,0.06859903381642513,0.0782608695652174,0.11207729468599034,0.11400966183574879,0.14589371980676327
50,0.10760233918128655,0.11228070175438597,0.11578947368421053,0.0783625730994152,0.10409356725146199,0.08771929824561403,0.08771929824561403,0.14619883040935672,0.07017543859649122,0.09005847953216374
51,0.09020902090209021,0.11661166116611661,0.13806380638063806,0.13641364136413642,0.0594059405940594,0.09900990099009901,0.12596259625962597,0.0858085808580858,0.041254125412541254,0.10726072607260725
52,0.06332138590203107,0.0991636798088411,0.0967741935483871,0.0884109916367981,0.07168458781362007,0.11469534050179211,0.10752688172043011,0.13261648745519714,0.06929510155316607,0.15651135005973715
53,0.07692307692307694,0.09401709401709403,0.11452991452991454,0.09743589743589745,0.08632478632478634,0.10940170940170942,0.0623931623931624,0.13931623931623935,0.0888888888888889,0.1307692307692308
54,0.1044776119402985,0.14925373134328357,0.0812603648424544,0.12935323383084577,0.07462686567164178,0.0845771144278607,0.11774461028192372,0.09286898839137644,0.07960199004975124,0.08623548922056384
55,0.061387354205033766,0.09023941068139964,0.08839779005524862,0.12768569674647023,0.07366482504604052,0.09208103130755065,0.08532842234499693,0.19828115408225905,0.0865561694290976,0.09637814610190301
56,0.07459207459207459,0.06915306915306915,0.1592851592851593,0.08780108780108781,0.08158508158508158,0.06293706293706294,0.12276612276612277,0.14607614607614608,0.06526806526806526,0.13053613053613053
57,0.06333333333333334,0.10111111111111111,0.16666666666666666,0.1322222222222222,0.07888888888888888,0.09111111111111111,0.08222222222222222,0.1111111111111111,0.09222222222222222,0.0811111111111111
58,0.03949447077409163,0.13164823591363875,0.12427593470247499,0.09741969457609267,0.06898367561874671,0.08688783570300158,0.06266456029489205,0.10742496050552923,0.13533438651922064,0.14586624539231174
59,0.0979020979020979,0.09945609945609946,0.08080808080808081,0.08236208236208237,0.07925407925407925,0.10101010101010101,0.108003108003108,0.10644910644910645,0.08547008547008547,0.1592851592851593
60,0.11827956989247312,0.08960573476702509,0.08004778972520908,0.09199522102747909,0.08482676224611709,0.12305854241338113,0.07526881720430108,0.13620071684587814,0.0908004778972521,0.10991636798088411
61,0.09609609609609607,0.09459459459459457,0.09159159159159158,0.09759759759759756,0.06756756756756756,0.10960960960960958,0.07057057057057056,0.1276276276276276,0.08108108108108107,0.16366366366366364
62,0.08888888888888889,0.14179894179894179,0.0835978835978836,0.11005291005291006,0.09523809523809523,0.08677248677248678,0.11957671957671957,0.07830687830687831,0.07513227513227513,0.12063492063492064
63,0.0763888888888889,0.16898148148148148,0.1087962962962963,0.09664351851851852,0.048032407407407406,0.08159722222222222,0.15162037037037038,0.08564814814814815,0.07118055555555555,0.1111111111111111
64,0.06060606060606061,0.08838383838383838,0.08922558922558922,0.1026936026936027,0.03872053872053872,0.09006734006734007,0.1127946127946128,0.12457912457912458,0.08838383838383838,0.20454545454545456
65,0.09047619047619047,0.08888888888888889,0.09841269841269841,0.08571428571428572,0.07777777777777778,0.07142857142857142,0.1380952380952381,0.07777777777777778,0.12857142857142856,0.14285714285714285
66,0.07692307692307693,0.10398860398860399,0.08262108262108261,0.15242165242165243,0.06837606837606838,0.09686609686609686,0.09686609686609686,0.13105413105413105,0.0811965811965812,0.10968660968660969
67,0.10213243546576879,0.07407407407407407,0.1335578002244669,0.05499438832772166,0.08305274971941638,0.10437710437710437,0.08080808080808081,0.13468013468013468,0.10998877665544332,0.122334455667789
68,0.06775067750677506,0.08536585365853659,0.13008130081300814,0.1043360433604336,0.06775067750677506,0.12059620596205962,0.15853658536585366,0.07588075880758807,0.1016260162601626,0.08807588075880758
69,0.10416666666666667,0.10532407407407407,0.13078703703703703,0.1099537037037037,0.08680555555555555,0.08912037037037036,0.09722222222222222,0.09837962962962964,0.09606481481481481,0.08217592592592593
70,0.11549707602339182,0.12280701754385966,0.14108187134502928,0.08479532163742691,0.08040935672514621,0.07529239766081873,0.10160818713450294,0.12719298245614039,0.08918128654970761,0.06213450292397661
71,0.08294209702660407,0.11737089201877934,0.14241001564945227,0.09233176838810642,0.07042253521126761,0.08294209702660407,0.08450704225352113,0.12363067292644757,0.08607198748043818,0.11737089201877934
72,0.06746031746031747,0.1398809523809524,0.11111111111111112,0.09126984126984128,0.0654761904761905,0.09325396825396827,0.11210317460317462,0.13492063492063494,0.07837301587301589,0.10615079365079366
73,0.03593692702603594,0.12871287128712872,0.06894022735606894,0.1455812247891456,0.05720572057205721,0.08214154748808214,0.10194352768610195,0.11147781444811147,0.12467913458012468,0.14338100476714338
74,0.09961685823754789,0.070242656449553,0.09578544061302682,0.08301404853128991,0.10600255427841634,0.14942528735632185,0.09067688378033206,0.09450830140485313,0.10472541507024266,0.10600255427841634
75,0.03759398496240601,0.08270676691729323,0.06683375104427736,0.08688387635756056,0.0960735171261487,0.08521303258145363,0.14452798663324978,0.14285714285714285,0.11278195488721804,0.14452798663324978
76,0.0791476407914764,0.0958904109589041,0.1095890410958904,0.1111111111111111,0.076103500761035,0.1050228310502283,0.1111111111111111,0.1141552511415525,0.0684931506849315,0.1293759512937595
77,0.05316606929510155,0.10991636798088411,0.12425328554360812,0.1039426523297491,0.0913978494623656,0.13381123058542413,0.08064516129032258,0.0955794504181601,0.0991636798088411,0.1081242532855436
78,0.11302681992337164,0.06704980842911877,0.09578544061302682,0.08620689655172414,0.09099616858237548,0.07471264367816093,0.09482758620689655,0.14080459770114942,0.12260536398467432,0.11398467432950192
79,0.07927927927927927,0.09009009009009009,0.12192192192192192,0.10930930930930931,0.05105105105105105,0.05405405405405406,0.16336336336336335,0.07987987987987988,0.0996996996996997,0.15135135135135136
80,0.07625272331154684,0.09803921568627451,0.06100217864923747,0.09477124183006536,0.07734204793028322,0.12636165577342048,0.12745098039215685,0.1111111111111111,0.07407407407407407,0.15359477124183007
81,0.0824372759856631,0.11589008363201914,0.10633213859020312,0.12186379928315413,0.10274790919952212,0.09916367980884111,0.10394265232974911,0.09796893667861412,0.08124253285543609,0.08841099163679811
82,0.09979423868312758,0.047325102880658436,0.15432098765432098,0.09259259259259259,0.10905349794238683,0.07304526748971193,0.11522633744855967,0.10493827160493827,0.07098765432098765,0.13271604938271606
83,0.08239171374764595,0.07580037664783427,0.1224105461393597,0.08380414312617702,0.06450094161958568,0.1327683615819209,0.10357815442561205,0.10263653483992467,0.0852165725047081,0.14689265536723164
84,0.07777777777777779,0.0794871794871795,0.07863247863247864,0.10769230769230771,0.07606837606837608,0.158974358974359,0.12649572649572652,0.09572649572649575,0.10940170940170942,0.08974358974358976
85,0.09590198563582594,0.09547950992817913,0.1394169835234474,0.09970426700464723,0.06886354034643008,0.08449514152936206,0.10181664554288128,0.04858470637938318,0.07984790874524715,0.18588931136459655
86,0.050129198966408266,0.09560723514211886,0.06666666666666667,0.11059431524547804,0.08578811369509044,0.06459948320413436,0.14573643410852713,0.15038759689922482,0.08320413436692506,0.14728682170542637
87,0.08231954582319546,0.10502838605028386,0.11881589618815896,0.08191403081914031,0.08799675587996755,0.11192214111922141,0.0681265206812652,0.0948905109489051,0.1273317112733171,0.12165450121654502
88,0.054466230936819175,0.07625272331154684,0.14814814814814814,0.13398692810457516,0.1056644880174292,0.10021786492374728,0.0860566448801743,0.08823529411764706,0.08061002178649238,0.12636165577342048
89,0.08208208208208208,0.09509509509509509,0.09109109109109109,0.07307307307307308,0.07907907907907907,0.13613613613613615,0.06406406406406406,0.11811811811811812,0.1021021021021021,0.15915915915915915
90,0.09411050394656952,0.08075288403157256,0.10989678202792957,0.11050394656952034,0.11050394656952034,0.14025500910746813,0.07893139040680024,0.04432301153612629,0.07589556769884638,0.15482695810564662
91,0.09859154929577466,0.10641627543035995,0.09859154929577466,0.09389671361502348,0.07355242566510174,0.134585289514867,0.08763693270735526,0.0970266040688576,0.11267605633802819,0.0970266040688576
92,0.0822423632091306,0.17153407183618666,0.09499832158442431,0.10439744880832495,0.06143001007049346,0.062437059415911385,0.13091641490433034,0.08593487747566299,0.06982208794897618,0.13628734474655926
93,0.08787878787878788,0.13131313131313133,0.09494949494949495,0.13434343434343435,0.049494949494949494,0.07575757575757576,0.10707070707070707,0.09898989898989899,0.08787878787878788,0.13232323232323231
94,0.07501769285208776,0.07572540693559802,0.14720452937013448,0.09624911535739561,0.07147912243453644,0.12526539278131635,0.12031139419674451,0.07430997876857749,0.08846426043878274,0.1259731068648266
95,0.08650018096272166,0.12305465074194713,0.0814332247557003,0.09337676438653636,0.048498009410061514,0.09265291349981902,0.11147303655446975,0.1245023525153818,0.09771986970684036,0.14078899746652188
96,0.07950191570881227,0.16666666666666666,0.09961685823754789,0.10632183908045977,0.07279693486590039,0.10153256704980843,0.08620689655172414,0.08333333333333333,0.0842911877394636,0.11973180076628352
97,0.09523809523809523,0.12345679012345678,0.08994708994708994,0.1111111111111111,0.08112874779541446,0.07936507936507936,0.09700176366843033,0.10229276895943562,0.08465608465608465,0.13580246913580246
98,0.05324074074074074,0.15200617283950618,0.09182098765432099,0.14429012345679013,0.05632716049382716,0.08333333333333333,0.13040123456790123,0.09799382716049383,0.06635802469135803,0.12422839506172839
99,0.10130718954248366,0.07407407407407407,0.10130718954248366,0.09586056644880174,0.06753812636165578,0.09912854030501089,0.13398692810457516,0.144880174291939,0.07298474945533769,0.10893246187363835
100,0.08187134502923976,0.0804093567251462,0.14912280701754385,0.07456140350877193,0.09502923976608187,0.10380116959064327,0.1301169590643275,0.07163742690058479,0.09210526315789473,0.12134502923976608
101,0.04206349206349207,0.0992063492063492,0.12222222222222222,0.11190476190476191,0.046825396825396826,0.09365079365079365,0.0746031746031746,0.15158730158730158,0.11984126984126985,0.1380952380952381
102,0.038314176245210725,0.12720306513409962,0.11340996168582375,0.10344827586206896,0.07203065134099616,0.06053639846743295,0.1049808429118774,0.1524904214559387,0.09118773946360154,0.1363984674329502
103,0.09640522875816994,0.08251633986928104,0.10702614379084967,0.08496732026143791,0.06454248366013073,0.1380718954248366,0.11601307189542484,0.09967320261437909,0.08251633986928104,0.12826797385620914
104,0.05825242718446602,0.06903991370010787,0.1423948220064725,0.08845738942826321,0.08090614886731391,0.11003236245954692,0.10571736785329018,0.12189859762675297,0.11326860841423948,0.11003236245954692
105,0.07916666666666668,0.06805555555555556,0.10555555555555557,0.09305555555555557,0.11944444444444446,0.10972222222222223,0.1013888888888889,0.11111111111111112,0.08333333333333334,0.1291666666666667
106,0.07004830917874397,0.08132045088566828,0.11272141706924316,0.11674718196457327,0.0821256038647343,0.09339774557165861,0.1215780998389694,0.11594202898550725,0.09581320450885668,0.11030595813204509
107,0.07355242566510173,0.08450704225352113,0.15336463223787167,0.08763693270735524,0.09702660406885759,0.07668231611893583,0.09859154929577464,0.09859154929577464,0.11580594679186229,0.11424100156494522
108,0.11851851851851854,0.09753086419753088,0.1432098765432099,0.08271604938271607,0.06543209876543211,0.10740740740740742,0.06790123456790124,0.08641975308641976,0.12098765432098767,0.10987654320987655
109,0.06576670128071997,0.09622706818968502,0.10453444098303911,0.08826583592938733,0.058843890619591555,0.06853582554517133,0.07684319833852545,0.15472481827622014,0.06161301488404292,0.22464520595361717
110,0.08371385083713852,0.09436834094368342,0.09969558599695587,0.12100456621004567,0.06849315068493152,0.14003044140030443,0.06164383561643836,0.06697108066971082,0.08751902587519027,0.17656012176560124
111,0.06340238543628374,0.07030759573132454,0.12994350282485875,0.11299435028248588,0.0389202762084118,0.16635279347143753,0.07030759573132454,0.13308223477715003,0.096045197740113,0.11864406779661017
112,0.0975609756097561,0.07317073170731707,0.11246612466124661,0.06571815718157181,0.08333333333333333,0.10501355013550136,0.13414634146341464,0.12127371273712736,0.06571815718157181,0.14159891598915988
113,0.08812260536398467,0.1024904214559387,0.05172413793103448,0.09099616858237548,0.07375478927203065,0.10344827586206896,0.1781609195402299,0.09386973180076628,0.06704980842911877,0.1503831417624521
114,0.06182795698924731,0.1388888888888889,0.0913978494623656,0.05555555555555555,0.05017921146953405,0.10663082437275985,0.1335125448028674,0.11469534050179211,0.1057347670250896,0.14157706093189965
115,0.06332556332556334,0.13170163170163174,0.07342657342657344,0.16239316239316243,0.049728049728049735,0.09984459984459985,0.12315462315462317,0.09129759129759131,0.08352758352758353,0.12160062160062161
116,0.08925318761384336,0.11475409836065575,0.1311475409836066,0.0819672131147541,0.0819672131147541,0.10200364298724957,0.0819672131147541,0.13661202185792354,0.0819672131147541,0.09836065573770493
117,0.04700854700854701,0.0641025641025641,0.05626780626780627,0.13532763532763534,0.0698005698005698,0.057692307692307696,0.12891737891737892,0.14957264957264957,0.11752136752136752,0.1737891737891738
118,0.06472491909385113,0.11650485436893204,0.11488673139158576,0.10302049622437973,0.05124056094929881,0.09600862998921252,0.11326860841423948,0.11380798274002157,0.06634304207119741,0.16019417475728157
119,0.07361111111111111,0.09722222222222222,0.1,0.09305555555555556,0.09166666666666666,0.10277777777777777,0.10555555555555556,0.10555555555555556,0.08611111111111111,0.14444444444444443
120,0.07318695941450434,0.09181636726546907,0.12242182302062543,0.12441783100465736,0.061876247504990024,0.11244178310046575,0.09713905522288757,0.1097804391217565,0.08250166333998671,0.12441783100465736
121,0.107095046854083,0.13654618473895583,0.07228915662650602,0.10441767068273092,0.06827309236947791,0.09772423025435073,0.08299866131191433,0.13654618473895583,0.08701472556894244,0.107095046854083
122,0.09309309309309309,0.08858858858858859,0.08858858858858859,0.09759759759759759,0.12312312312312312,0.14114114114114115,0.07807807807807808,0.06906906906906907,0.09309309309309309,0.12762762762762764
123,0.05982905982905983,0.13105413105413105,0.10541310541310542,0.1462488129154796,0.11016144349477683,0.07977207977207977,0.10541310541310542,0.08641975308641975,0.08831908831908832,0.08736942070275404
124,0.10245310245310245,0.08513708513708514,0.08441558441558442,0.05844155844155844,0.056998556998557,0.1075036075036075,0.10028860028860029,0.09379509379509379,0.13852813852813853,0.17243867243867245
125,0.08433734939759036,0.09504685408299866,0.14725568942436412,0.09772423025435073,0.08433734939759036,0.11378848728246319,0.10843373493975904,0.06559571619812583,0.07898259705488621,0.12449799196787148
126,0.03989449390042862,0.14573030003297066,0.10089020771513353,0.09759314210352786,0.06462248598747115,0.09165842400263766,0.11440817672271678,0.08968018463567425,0.11539729640619849,0.14012528849324102
127,0.05134680134680135,0.06481481481481481,0.1531986531986532,0.11195286195286196,0.07154882154882154,0.13552188552188552,0.07407407407407407,0.10858585858585859,0.12205387205387205,0.1069023569023569
128,0.06244260789715335,0.1414141414141414,0.13039485766758493,0.07346189164370982,0.0780532598714417,0.06060606060606061,0.09733700642791551,0.16069788797061524,0.09090909090909091,0.1046831955922865
129,0.07613168724279837,0.11625514403292182,0.08641975308641976,0.13477366255144035,0.0565843621399177,0.09156378600823047,0.10699588477366256,0.11625514403292182,0.06378600823045269,0.1512345679012346
130,0.09488139825218476,0.08863920099875156,0.08739076154806492,0.1198501872659176,0.07615480649188515,0.10362047440699126,0.13607990012484394,0.0898876404494382,0.08239700374531835,0.12109862671660425
131,0.0683760683760684,0.1367521367521368,0.13390313390313394,0.08262108262108263,0.07264957264957267,0.09401709401709403,0.11680911680911682,0.09686609686609687,0.10541310541310543,0.0925925925925926
132,0.05009107468123861,0.13570127504553733,0.08378870673952642,0.13752276867030966,0.07285974499089254,0.10428051001821494,0.12431693989071038,0.0860655737704918,0.0860655737704918,0.11930783242258652
133,0.0772005772005772,0.08874458874458875,0.1323953823953824,0.07142857142857142,0.048701298701298704,0.1020923520923521,0.08838383838383838,0.08152958152958154,0.1414141414141414,0.1681096681096681
134,0.07291666666666667,0.11631944444444445,0.15625,0.08680555555555555,0.057291666666666664,0.09027777777777778,0.07378472222222222,0.1267361111111111,0.11805555555555555,0.1015625
135,0.08062930186823992,0.09242871189773845,0.11406096361848574,0.06293018682399214,0.05604719764011799,0.14454277286135694,0.08161258603736479,0.12684365781710916,0.06686332350049164,0.17404129793510326
136,0.09567901234567901,0.1111111111111111,0.1388888888888889,0.07716049382716049,0.09567901234567901,0.13271604938271606,0.06944444444444445,0.10185185185185185,0.09259259259259259,0.08487654320987655
137,0.0798611111111111,0.10590277777777778,0.078125,0.09375,0.09722222222222222,0.10590277777777778,0.10243055555555555,0.11979166666666667,0.109375,0.1076388888888889
138,0.09819121447028424,0.10465116279069768,0.10465116279069768,0.08397932816537468,0.08010335917312661,0.08527131782945736,0.09560723514211886,0.12144702842377261,0.08397932816537468,0.1421188630490956
139,0.08426547352721848,0.12080536912751676,0.0768083519761372,0.14168530947054433,0.09172259507829976,0.12751677852348992,0.09619686800894851,0.09321401938851602,0.08650260999254286,0.08128262490678596
140,0.06757634827810266,0.0539311241065627,0.1189083820662768,0.11825860948667966,0.09291747888239116,0.11500974658869395,0.1507472384665367,0.07732293697205977,0.09746588693957114,0.1078622482131254
141,0.07918263090676884,0.08301404853128991,0.14942528735632185,0.11621966794380588,0.08684546615581099,0.08556832694763729,0.13409961685823754,0.09067688378033206,0.07279693486590039,0.10217113665389528
142,0.05277777777777778,0.1111111111111111,0.13541666666666666,0.07708333333333334,0.049305555555555554,0.11979166666666667,0.08680555555555555,0.13784722222222223,0.10347222222222222,0.12638888888888888
143,0.04201680672268908,0.14098972922502334,0.16433239962651727,0.1484593837535014,0.05415499533146592,0.0873015873015873,0.07796451914098973,0.09803921568627451,0.10644257703081232,0.08029878618113913
144,0.038580246913580245,0.07191358024691358,0.11018518518518519,0.07746913580246914,0.047530864197530866,0.10185185185185185,0.17962962962962964,0.07716049382716049,0.12253086419753087,0.17314814814814813
145,0.07749766573295985,0.11017740429505135,0.10457516339869281,0.09523809523809523,0.07469654528478058,0.10177404295051354,0.09243697478991597,0.08590102707749767,0.12418300653594772,0.13352007469654528
146,0.12499999999999997,0.09374999999999999,0.13368055555555552,0.11111111111111108,0.08159722222222221,0.09374999999999999,0.07812499999999999,0.10763888888888887,0.09548611111111108,0.07986111111111109
147,0.08,0.1006060606060606,0.11595959595959596,0.08727272727272728,0.055353535353535356,0.07676767676767676,0.09131313131313132,0.15797979797979797,0.10787878787878788,0.12686868686868688
148,0.072562358276644,0.07142857142857144,0.08049886621315194,0.0759637188208617,0.08956916099773245,0.12358276643990931,0.14285714285714288,0.108843537414966,0.09637188208616781,0.13832199546485263
149,0.104093567251462,0.11578947368421054,0.12397660818713452,0.06549707602339183,0.06900584795321639,0.07836257309941522,0.0865497076023392,0.10643274853801171,0.1298245614035088,0.12046783625730996
150,0.10606060606060606,0.15151515151515152,0.08249158249158249,0.08249158249158249,0.07744107744107744,0.1447811447811448,0.09595959595959595,0.09090909090909091,0.08249158249158249,0.08585858585858586
151,0.09888888888888886,0.1372222222222222,0.1022222222222222,0.07888888888888887,0.05166666666666665,0.08555555555555554,0.12166666666666665,0.1122222222222222,0.08888888888888888,0.12277777777777775
152,0.09649122807017543,0.11257309941520467,0.097953216374269,0.08187134502923976,0.07456140350877193,0.10380116959064327,0.1023391812865497,0.1476608187134503,0.06578947368421052,0.11695906432748537
153,0.046139359698681735,0.11487758945386065,0.0847457627118644,0.14030131826741996,0.08851224105461393,0.12900188323917136,0.10357815442561205,0.10922787193973635,0.0696798493408663,0.11393596986817325
154,0.09876543209876544,0.0871056241426612,0.09807956104252402,0.08093278463648836,0.06035665294924555,0.13991769547325106,0.08573388203017834,0.08847736625514405,0.12414266117969823,0.13648834019204392
155,0.07967836257309942,0.09502923976608187,0.06871345029239766,0.13815789473684212,0.04532163742690058,0.09576023391812866,0.13669590643274854,0.08114035087719298,0.1023391812865497,0.15716374269005848
156,0.07046070460704607,0.10840108401084012,0.15266485998193316,0.10538994278831677,0.05450165612767239,0.09605540499849442,0.12014453477868112,0.07136404697380307,0.08431195423065342,0.13670581150255948
157,0.07542790832608065,0.09921671018276762,0.08529155787641428,0.09950681752248332,0.041485349579344355,0.1453437771975631,0.10095735422106179,0.11285175514940528,0.08326080649840441,0.1566579634464752
158,0.07017543859649122,0.10409356725146199,0.08187134502923976,0.13567251461988303,0.05380116959064327,0.10058479532163743,0.10175438596491228,0.09473684210526316,0.13801169590643275,0.11929824561403508
159,0.07888888888888888,0.12444444444444444,0.11,0.08777777777777777,0.10777777777777778,0.08777777777777777,0.05,0.06111111111111111,0.10222222222222223,0.19
160,0.08024691358024691,0.08271604938271605,0.1,0.12345679012345678,0.09382716049382717,0.11481481481481481,0.0654320987654321,0.08148148148148149,0.09506172839506173,0.16296296296296298
161,0.0858085808580858,0.08360836083608361,0.1078107810781078,0.10121012101210121,0.0924092409240924,0.10231023102310231,0.11551155115511551,0.10231023102310231,0.09570957095709572,0.11331133113311331
162,0.06690561529271206,0.1135005973715651,0.16965352449223417,0.08602150537634409,0.08363201911589008,0.1039426523297491,0.0884109916367981,0.1003584229390681,0.1003584229390681,0.08721624850657109
163,0.08683473389355742,0.10550887021475257,0.059757236227824466,0.08029878618113913,0.10270774976657329,0.10737628384687208,0.11297852474323063,0.08590102707749767,0.10550887021475257,0.1531279178338002
164,0.10101010101010098,0.08484848484848484,0.10808080808080806,0.13030303030303028,0.0919191919191919,0.10707070707070704,0.09292929292929292,0.10404040404040402,0.07777777777777777,0.102020202020202
165,0.09562841530054644,0.07103825136612021,0.122040072859745,0.1429872495446266,0.05191256830601093,0.11384335154826958,0.07650273224043716,0.11202185792349727,0.08378870673952642,0.1302367941712204
166,0.11770244821092275,0.05932203389830507,0.09039548022598869,0.11205273069679847,0.05743879472693031,0.06779661016949151,0.14124293785310732,0.1845574387947269,0.08757062146892654,0.08192090395480224
167,0.09829059829059829,0.12072649572649573,0.11965811965811966,0.12927350427350429,0.057692307692307696,0.09188034188034189,0.12179487179487179,0.1047008547008547,0.057692307692307696,0.09829059829059829
168,0.0861952861952862,0.12457912457912458,0.06531986531986532,0.10303030303030303,0.07407407407407407,0.09090909090909091,0.11986531986531987,0.08080808080808081,0.1164983164983165,0.13872053872053872
169,0.062253743104806934,0.09613869188337273,0.10480693459416864,0.0851063829787234,0.09062253743104808,0.054373522458628844,0.08353033884948778,0.12608353033884948,0.1347517730496454,0.16233254531126873
170,0.09595959595959595,0.09217171717171717,0.1111111111111111,0.09595959595959595,0.0946969696969697,0.10353535353535354,0.11742424242424243,0.08080808080808081,0.06944444444444445,0.1388888888888889
171,0.04315886134067952,0.10376492194674013,0.08999081726354453,0.11019283746556474,0.0780532598714417,0.162534435261708,0.09182736455463728,0.08356290174471992,0.0881542699724518,0.1487603305785124
172,0.07586206896551724,0.10651340996168582,0.11800766283524904,0.13946360153256704,0.09731800766283524,0.0735632183908046,0.13333333333333333,0.056704980842911874,0.06590038314176246,0.13333333333333333
173,0.10805300713557595,0.09378185524974515,0.07339449541284404,0.09378185524974515,0.09480122324159021,0.1437308868501529,0.1111111111111111,0.09378185524974515,0.06829765545361875,0.11926605504587157
174,0.07583774250440917,0.12345679012345678,0.1128747795414462,0.1146384479717813,0.059964726631393295,0.15784832451499117,0.08112874779541446,0.13756613756613756,0.07319223985890652,0.06349206349206349
175,0.07713498622589532,0.12947658402203857,0.10560146923783287,0.13039485766758493,0.06978879706152434,0.07346189164370982,0.1147842056932966,0.10284664830119375,0.06336088154269973,0.13314967860422405
176,0.07990012484394508,0.09612983770287142,0.09363295880149815,0.1310861423220974,0.07865168539325844,0.083645443196005,0.07865168539325844,0.1460674157303371,0.07116104868913858,0.14107365792759055
177,0.05291005291005291,0.12169312169312169,0.04673721340388007,0.10934744268077601,0.054673721340388004,0.1675485008818342,0.10493827160493827,0.1164021164021164,0.05202821869488536,0.17372134038800705
178,0.06976744186046513,0.10077519379844962,0.13092161929371235,0.07149009474590871,0.12058570198105083,0.09991386735572784,0.10852713178294575,0.08699397071490096,0.058570198105081836,0.15245478036175714
179,0.10457516339869281,0.10588235294117647,0.08758169934640522,0.09542483660130718,0.1111111111111111,0.08627450980392157,0.10196078431372549,0.11764705882352941,0.08104575163398693,0.1084967320261438
180,0.07960199004975124,0.11940298507462686,0.0779436152570481,0.10613598673300166,0.0945273631840796,0.08623548922056384,0.0845771144278607,0.13266998341625208,0.0978441127694859,0.12106135986733002
181,0.05877616747181964,0.05475040257648953,0.06924315619967794,0.10386473429951691,0.10950080515297907,0.107085346215781,0.1706924315619968,0.061191626409017714,0.12560386473429952,0.1392914653784219
182,0.061191626409017714,0.07461084272678475,0.1025228126677402,0.06977992485238863,0.09125067096081589,0.09232420826623725,0.13150831991411702,0.14868491680085882,0.09930220075147611,0.1288244766505636
183,0.09057971014492755,0.09782608695652176,0.10024154589371982,0.09903381642512078,0.08816425120772949,0.11956521739130437,0.10386473429951693,0.0676328502415459,0.11594202898550726,0.1171497584541063
184,0.10526315789473684,0.08771929824561403,0.10526315789473684,0.10136452241715399,0.12280701754385964,0.08771929824561403,0.08771929824561403,0.10916179337231968,0.08771929824561403,0.10526315789473684
185,0.11053240740740741,0.125,0.12268518518518519,0.13541666666666666,0.09664351851851852,0.06365740740740741,0.059027777777777776,0.10069444444444445,0.06886574074074074,0.11747685185185185
186,0.07744107744107744,0.09539842873176206,0.13131313131313133,0.06285072951739619,0.12570145903479238,0.10549943883277217,0.08305274971941638,0.09090909090909091,0.11447811447811448,0.11335578002244669
187,0.07341269841269843,0.09226190476190478,0.12202380952380953,0.12003968253968256,0.10912698412698414,0.07043650793650795,0.1011904761904762,0.1021825396825397,0.10615079365079366,0.10317460317460318
188,0.09722222222222222,0.09104938271604938,0.09722222222222222,0.06944444444444445,0.09722222222222222,0.08950617283950617,0.11265432098765432,0.10339506172839506,0.10339506172839506,0.1388888888888889
189,0.04984984984984986,0.1795795795795796,0.10510510510510512,0.051651651651651656,0.06846846846846848,0.10030030030030031,0.1567567567567568,0.0954954954954955,0.0852852852852853,0.10750750750750752
190,0.06212664277180406,0.10991636798088411,0.1135005973715651,0.1003584229390681,0.06451612903225806,0.11589008363201912,0.14934289127837516,0.08721624850657109,0.09199522102747909,0.10513739545997611
191,0.04497354497354497,0.14126984126984127,0.0761904761904762,0.10687830687830688,0.07248677248677249,0.09047619047619047,0.10846560846560846,0.10634920634920635,0.11322751322751323,0.13968253968253969
192,0.07313642756680733,0.13080168776371312,0.11954992967651197,0.09142053445850916,0.08157524613220817,0.09563994374120957,0.11954992967651197,0.09142053445850916,0.08438818565400845,0.11251758087201126
193,0.054263565891472874,0.13867355727820846,0.08871662360034455,0.08699397071490096,0.04909560723514213,0.09819121447028425,0.09819121447028425,0.16279069767441864,0.10077519379844962,0.12230835486649441
194,0.08771929824561402,0.09122807017543859,0.09239766081871344,0.11228070175438594,0.08304093567251461,0.11695906432748535,0.10526315789473681,0.12865497076023388,0.06432748538011694,0.11812865497076021
195,0.09898989898989902,0.07979797979797981,0.0676767676767677,0.06060606060606062,0.1464646464646465,0.08787878787878789,0.10606060606060609,0.09393939393939396,0.14444444444444446,0.11414141414141417
196,0.11216931216931217,0.061375661375661375,0.09947089947089947,0.056084656084656084,0.07830687830687831,0.07936507936507936,0.13968253968253969,0.1492063492063492,0.10899470899470899,0.11534391534391535
197,0.056623931623931624,0.05876068376068376,0.10790598290598291,0.13675213675213677,0.08333333333333333,0.09508547008547008,0.14316239316239315,0.1047008547008547,0.0876068376068376,0.12606837606837606
198,0.06988120195667366,0.12928022361984626,0.15583508036338226,0.06988120195667366,0.07547169811320754,0.15513626834381553,0.08385744234800839,0.10482180293501048,0.07197763801537387,0.08385744234800839
199,0.09230769230769231,0.10393162393162393,0.11213675213675214,0.10222222222222223,0.06700854700854701,0.09709401709401709,0.13264957264957264,0.08444444444444445,0.07418803418803419,0.13401709401709402
200,0.10229276895943562,0.07936507936507936,0.12698412698412698,0.1111111111111111,0.11816578483245149,0.10405643738977072,0.07936507936507936,0.09523809523809523,0.07936507936507936,0.10405643738977072
201,0.06765676567656766,0.11276127612761276,0.0924092409240924,0.11771177117711772,0.058305830583058306,0.12981298129812982,0.0968096809680968,0.09350935093509351,0.0924092409240924,0.13861386138613863
202,0.05426356589147287,0.09905254091300603,0.1119724375538329,0.12575366063738158,0.09560723514211886,0.10335917312661498,0.06718346253229975,0.09388458225667529,0.10594315245478036,0.1429801894918174
203,0.07496653279785812,0.10575635876840697,0.08433734939759037,0.12048192771084339,0.06425702811244981,0.06961178045515397,0.1178045515394913,0.08835341365461849,0.12315930388219547,0.15127175368139226
204,0.06666666666666667,0.08974358974358974,0.08547008547008547,0.11025641025641025,0.04358974358974359,0.10256410256410256,0.15982905982905982,0.10683760683760683,0.12136752136752137,0.11367521367521367
205,0.04886561954624782,0.12332751599767307,0.12449098312972659,0.08726003490401396,0.059336823734729496,0.07562536358347877,0.08900523560209424,0.12798138452588714,0.10413030831879,0.15997673065735893
206,0.06864456079115765,0.11052937754508435,0.07911576497963932,0.11227457824316463,0.05293775450843514,0.08086096567771961,0.07678883071553229,0.1198371146015125,0.10238510762070971,0.1966259453170448
207,0.06930693069306933,0.11661166116611663,0.10781078107810782,0.11441144114411443,0.06160616061606161,0.08360836083608363,0.09900990099009903,0.15071507150715074,0.07260726072607263,0.12431243124312433
208,0.0923845193508115,0.13483146067415733,0.1310861423220974,0.06491885143570539,0.06117353308364545,0.11360799001248441,0.09363295880149815,0.10611735330836455,0.07990012484394508,0.1223470661672909
209,0.041407867494824016,0.07522429261559696,0.10213940648723258,0.13526570048309178,0.06970324361628709,0.12077294685990338,0.0738440303657695,0.137336093857833,0.09385783298826778,0.15044858523119392
210,0.08378870673952642,0.06800242865816636,0.19429265330904674,0.09836065573770492,0.048573163327261686,0.1323618700667881,0.07953855494839102,0.0880388585306618,0.07528840315725562,0.13175470552519733
211,0.13405797101449277,0.06642512077294686,0.09057971014492754,0.08454106280193237,0.09057971014492754,0.08695652173913043,0.13285024154589373,0.0821256038647343,0.13526570048309178,0.0966183574879227
212,0.09411764705882353,0.12941176470588237,0.0915032679738562,0.09673202614379085,0.08104575163398693,0.09803921568627451,0.15555555555555556,0.09673202614379085,0.07581699346405228,0.08104575163398693
213,0.08148148148148149,0.10264550264550265,0.10158730158730159,0.08253968253968254,0.08888888888888889,0.061375661375661375,0.07830687830687831,0.0761904761904762,0.0761904761904762,0.2507936507936508
214,0.07654320987654321,0.10246913580246914,0.08395061728395062,0.09382716049382717,0.07530864197530865,0.07037037037037037,0.20246913580246914,0.09876543209876543,0.08271604938271605,0.11358024691358025
215,0.07472959685349068,0.08849557522123895,0.0904621435594887,0.08062930186823994,0.08751229105211407,0.14159292035398233,0.1297935103244838,0.08751229105211407,0.11602753195673551,0.1032448377581121
216,0.0930442637759711,0.16711833785004518,0.12195121951219512,0.08039747064137308,0.06594399277326106,0.051490514905149054,0.11291779584462511,0.1111111111111111,0.10840108401084012,0.08762420957542909
217,0.05998636673483299,0.10497614178595774,0.1520109066121336,0.05385139740967962,0.07498295841854125,0.10906612133605999,0.06680299931833675,0.09543285616905249,0.1438309475119291,0.1390593047034765
218,0.06549707602339182,0.13216374269005848,0.07602339181286549,0.12046783625730995,0.0912280701754386,0.07251461988304093,0.09590643274853801,0.08070175438596491,0.13333333333333333,0.13216374269005848
219,0.08157524613220817,0.08860759493670887,0.09704641350210971,0.09704641350210971,0.10126582278481014,0.09142053445850916,0.12236286919831225,0.12095639943741211,0.11814345991561183,0.08157524613220817
220,0.06584362139917696,0.13580246913580246,0.11419753086419752,0.06378600823045268,0.07098765432098765,0.08641975308641975,0.12551440329218108,0.10493827160493827,0.08024691358024691,0.1522633744855967
221,0.07175925925925927,0.07098765432098766,0.08410493827160495,0.1242283950617284,0.06018518518518519,0.10262345679012347,0.11882716049382717,0.11265432098765434,0.09722222222222224,0.15740740740740744
222,0.04471137804471138,0.08375041708375043,0.09976643309976645,0.09876543209876544,0.07340674007340675,0.12846179512846181,0.10343677010343678,0.11878545211878547,0.10510510510510512,0.1438104771438105
223,0.06103286384976526,0.10719874804381847,0.0782472613458529,0.07511737089201878,0.09154929577464789,0.13458528951486698,0.07981220657276995,0.17214397496087636,0.07276995305164319,0.12754303599374023
224,0.1030595813204509,0.10950080515297908,0.07246376811594205,0.08534621578099841,0.11111111111111112,0.10950080515297908,0.09983896940418681,0.11594202898550726,0.1030595813204509,0.09017713365539454
225,0.09836065573770492,0.08925318761384335,0.1493624772313297,0.0965391621129326,0.09289617486338798,0.09289617486338798,0.10018214936247723,0.0965391621129326,0.0965391621129326,0.08743169398907104
226,0.0754985754985755,0.09116809116809117,0.1396011396011396,0.07122507122507123,0.10683760683760683,0.0811965811965812,0.10541310541310542,0.13817663817663817,0.07407407407407407,0.1168091168091168
227,0.08641975308641976,0.11816578483245152,0.126984126984127,0.09171075837742505,0.07936507936507937,0.08112874779541447,0.14285714285714288,0.07936507936507937,0.10052910052910055,0.09347442680776015
228,0.06829765545361875,0.14067278287461774,0.0581039755351682,0.1111111111111111,0.04994903160040775,0.06625891946992865,0.1620795107033639,0.08766564729867482,0.12538226299694188,0.1304791029561672
229,0.07804232804232804,0.06481481481481481,0.15873015873015872,0.0992063492063492,0.07407407407407407,0.1111111111111111,0.09391534391534391,0.1335978835978836,0.10185185185185185,0.08465608465608465
230,0.07692307692307693,0.11452991452991453,0.08034188034188035,0.12136752136752137,0.07692307692307693,0.09401709401709402,0.09230769230769231,0.1094017094017094,0.1076923076923077,0.1264957264957265
231,0.07246376811594205,0.11433172302737521,0.1384863123993559,0.10144927536231886,0.09178743961352659,0.10144927536231886,0.09017713365539454,0.07246376811594205,0.08695652173913045,0.13043478260869568
232,0.06944444444444443,0.07638888888888888,0.18749999999999997,0.09027777777777776,0.11388888888888886,0.08055555555555555,0.08333333333333331,0.0972222222222222,0.09583333333333331,0.10555555555555553
233,0.047919957872564506,0.1500789889415482,0.10689836756187467,0.08004212743549237,0.045813586097946286,0.10584518167456557,0.08056872037914692,0.1474460242232754,0.0795155344918378,0.15587151132174829
234,0.0873015873015873,0.13015873015873017,0.10158730158730159,0.08571428571428572,0.07936507936507936,0.10476190476190476,0.1,0.08571428571428572,0.1111111111111111,0.11428571428571428
235,0.06098339719029374,0.08365261813537675,0.12452107279693486,0.09450830140485313,0.0520434227330779,0.08077905491698595,0.18710089399744573,0.09355044699872286,0.08524904214559387,0.13761174968071518
236,0.06373815676141259,0.09732988802756246,0.09043927648578813,0.103359173126615,0.061154177433247206,0.13006029285099055,0.11886304909560724,0.10249784668389321,0.05598621877691646,0.1765719207579673
237,0.05403050108932462,0.10152505446623093,0.10501089324618737,0.06797385620915032,0.040958605664488015,0.08758169934640522,0.10239651416122005,0.10936819172113289,0.14335511982570806,0.1877995642701525
238,0.10855683269476372,0.09323116219667944,0.09450830140485313,0.09578544061302682,0.0983397190293742,0.08812260536398467,0.10217113665389528,0.07407407407407407,0.09195402298850575,0.1532567049808429
239,0.05925925925925926,0.0757201646090535,0.08065843621399177,0.08189300411522633,0.0654320987654321,0.10864197530864197,0.12674897119341563,0.1588477366255144,0.09465020576131687,0.14814814814814814
240,0.04221546774738264,0.16784869976359337,0.13137453562985477,0.07767646065518406,0.0712597095575819,0.10199257007767647,0.08983451536643026,0.10199257007767647,0.061127997298210064,0.15467747382641
241,0.1111111111111111,0.06444444444444444,0.09,0.09888888888888889,0.09,0.08333333333333333,0.08555555555555555,0.15666666666666668,0.07888888888888888,0.1411111111111111
242,0.09535655058043117,0.09535655058043117,0.10945273631840796,0.09950248756218906,0.09286898839137644,0.07960199004975124,0.11691542288557213,0.10199004975124377,0.07628524046434494,0.13266998341625208
243,0.09814814814814812,0.08518518518518517,0.1185185185185185,0.09444444444444441,0.12777777777777774,0.08888888888888888,0.12407407407407404,0.08703703703703702,0.08333333333333331,0.09259259259259257
244,0.059483726150392824,0.12008978675645343,0.07968574635241303,0.15375982042648711,0.09764309764309766,0.1021324354657688,0.07631874298540967,0.12906846240179576,0.10437710437710439,0.07744107744107745
245,0.09009009009009009,0.0960960960960961,0.0960960960960961,0.07657657657657657,0.12162162162162163,0.11561561561561562,0.07957957957957958,0.0960960960960961,0.1111111111111111,0.11711711711711711
246,0.05676328502415459,0.11352657004830918,0.10748792270531402,0.0893719806763285,0.0929951690821256,0.10024154589371981,0.12077294685990338,0.08333333333333333,0.10144927536231885,0.13405797101449277
247,0.05573651827723487,0.08577633007600433,0.11436844010133909,0.07129931234165761,0.055374592833876204,0.11183496199782841,0.14802750633369524,0.11328266377126309,0.09554831704668836,0.14875135722041258
248,0.15311653116531168,0.13550135501355015,0.11111111111111112,0.09891598915989161,0.0934959349593496,0.0894308943089431,0.0853658536585366,0.07588075880758809,0.06097560975609757,0.0962059620596206
249,0.050642479213907785,0.06802721088435375,0.13907785336356765,0.14134542705971279,0.0672713529856387,0.11564625850340136,0.10884353741496598,0.11186696900982615,0.07256235827664399,0.12471655328798185
250,0.06926406926406926,0.10678210678210678,0.09379509379509379,0.12121212121212122,0.06493506493506493,0.1471861471861472,0.11544011544011544,0.07936507936507936,0.08080808080808081,0.12121212121212122
251,0.09812409812409813,0.1038961038961039,0.06493506493506493,0.08513708513708514,0.10533910533910534,0.13131313131313133,0.13997113997113997,0.09090909090909091,0.09523809523809523,0.08513708513708514
252,0.09166666666666666,0.12361111111111112,0.1375,0.0763888888888889,0.07361111111111111,0.12638888888888888,0.07916666666666666,0.10833333333333334,0.10277777777777777,0.08055555555555556
253,0.036093418259023353,0.08775654635527247,0.05449398443029016,0.12455767869780608,0.07714083510261854,0.09554140127388536,0.11748053786270347,0.10898796886058032,0.13021939136588817,0.16772823779193205
254,0.12403100775193798,0.1020671834625323,0.09302325581395349,0.08397932816537468,0.09689922480620156,0.11498708010335917,0.10465116279069768,0.09948320413436693,0.08139534883720931,0.09948320413436693
255,0.08112874779541446,0.08818342151675485,0.08289241622574955,0.07936507936507936,0.14109347442680775,0.14285714285714285,0.09523809523809523,0.08641975308641975,0.09700176366843033,0.10582010582010581
256,0.07516339869281044,0.1225490196078431,0.09967320261437906,0.08169934640522875,0.12581699346405226,0.09150326797385619,0.08333333333333331,0.08333333333333331,0.13888888888888887,0.09803921568627448
257,0.08250825082508251,0.1001100110011001,0.11441144114411442,0.0671067106710671,0.06820682068206821,0.10121012101210121,0.132013201320132,0.12871287128712872,0.08800880088008801,0.11771177117711772
258,0.08802308802308803,0.11111111111111113,0.08369408369408371,0.09523809523809526,0.15440115440115443,0.12554112554112556,0.06782106782106784,0.0995670995670996,0.09379509379509382,0.08080808080808083
259,0.08739076154806492,0.056179775280898875,0.12359550561797752,0.08489388264669163,0.08739076154806492,0.12983770287141075,0.12109862671660425,0.12734082397003746,0.06991260923845194,0.11235955056179775
260,0.08518518518518517,0.09999999999999998,0.09259259259259257,0.10185185185185182,0.10555555555555553,0.10555555555555553,0.11111111111111108,0.10370370370370367,0.09444444444444441,0.09999999999999998
261,0.11538461538461539,0.05235042735042735,0.1517094017094017,0.08333333333333333,0.09294871794871795,0.08333333333333333,0.08547008547008547,0.1014957264957265,0.11965811965811966,0.11431623931623931
262,0.08823529411764706,0.1323529411764706,0.07679738562091504,0.119281045751634,0.08333333333333333,0.08496732026143791,0.0784313725490196,0.13398692810457516,0.10784313725490197,0.09477124183006536
263,0.09045584045584046,0.0933048433048433,0.10220797720797721,0.09294871794871795,0.08262108262108261,0.09437321937321937,0.12001424501424501,0.07656695156695156,0.1047008547008547,0.14280626780626782
264,0.06384742951907131,0.11857379767827529,0.0978441127694859,0.1384742951907131,0.06218905472636816,0.10613598673300166,0.11359867330016583,0.09618573797678276,0.0978441127694859,0.10530679933665009
265,0.09339774557165861,0.08373590982286634,0.10144927536231885,0.10628019323671498,0.10950080515297907,0.10305958132045089,0.12238325281803543,0.09822866344605476,0.09500805152979067,0.08695652173913043
266,0.056140350877192984,0.13450292397660818,0.12748538011695906,0.09590643274853801,0.08187134502923976,0.09473684210526316,0.11929824561403508,0.10994152046783626,0.08771929824561403,0.09239766081871345
267,0.11244979919678715,0.09236947791164658,0.11244979919678715,0.09772423025435073,0.08299866131191433,0.10977242302543508,0.10843373493975904,0.09504685408299866,0.10174029451137885,0.08701472556894244
268,0.09507445589919816,0.10652920962199312,0.09278350515463918,0.09507445589919816,0.06300114547537228,0.11798396334478808,0.15578465063001146,0.07903780068728522,0.08247422680412371,0.11225658648339061
269,0.05219638242894057,0.09819121447028424,0.09250645994832041,0.08527131782945736,0.09250645994832041,0.10956072351421188,0.12609819121447027,0.07545219638242893,0.12299741602067184,0.14521963824289405
270,0.06619385342789598,0.14420803782505912,0.08747044917257683,0.13829787234042554,0.09219858156028368,0.08747044917257683,0.10638297872340426,0.10520094562647754,0.0851063829787234,0.08747044917257683
271,0.087893864013267,0.07048092868988391,0.09203980099502487,0.087893864013267,0.06633499170812604,0.13266998341625208,0.12354892205638475,0.12023217247097844,0.11028192371475953,0.10862354892205639
272,0.1111111111111111,0.07692307692307693,0.10576923076923077,0.07371794871794872,0.11004273504273504,0.06303418803418803,0.15705128205128205,0.08867521367521368,0.08867521367521368,0.125
273,0.0736434108527132,0.058139534883720936,0.07622739018087857,0.10723514211886306,0.12144702842377263,0.062015503875969,0.12273901808785531,0.09173126614987082,0.1369509043927649,0.14987080103359177
274,0.058287795992714025,0.1366120218579235,0.12386156648451731,0.08378870673952642,0.08925318761384335,0.09380692167577413,0.09562841530054644,0.1111111111111111,0.1029143897996357,0.10473588342440801
275,0.10087719298245615,0.06871345029239767,0.14035087719298248,0.16081871345029242,0.10964912280701755,0.0760233918128655,0.10087719298245615,0.06871345029239767,0.06871345029239767,0.10526315789473685
276,0.11257309941520467,0.10380116959064327,0.06725146198830409,0.1111111111111111,0.0804093567251462,0.07163742690058479,0.09064327485380116,0.1652046783625731,0.11842105263157894,0.07894736842105263
277,0.07454289732770746,0.090014064697609,0.09212376933895922,0.12447257383966245,0.0850914205344585,0.10689170182841069,0.14838255977496484,0.09563994374120956,0.04430379746835443,0.13853727144866385
278,0.11439842209072978,0.055226824457593686,0.0631163708086785,0.1091387245233399,0.04865220249835635,0.09401709401709402,0.16436554898093358,0.11242603550295859,0.09861932938856016,0.14003944773175542
279,0.06797385620915032,0.09411764705882353,0.06013071895424837,0.10718954248366012,0.09411764705882353,0.12549019607843137,0.12026143790849673,0.10457516339869281,0.09411764705882353,0.13202614379084968
280,0.06336088154269973,0.13406795224977044,0.12304866850321396,0.09641873278236915,0.07162534435261708,0.0743801652892562,0.12764003673094582,0.10376492194674013,0.06152433425160698,0.14416896235078053
281,0.06448412698412699,0.08531746031746032,0.16170634920634921,0.08333333333333333,0.11408730158730158,0.10813492063492064,0.07142857142857142,0.11408730158730158,0.09722222222222222,0.1001984126984127
282,0.09523809523809523,0.12018140589569161,0.12698412698412698,0.07029478458049887,0.06802721088435375,0.12018140589569161,0.0782312925170068,0.10317460317460317,0.09750566893424037,0.12018140589569161
283,0.08076358296622616,0.10719530102790016,0.0817425354870289,0.13754282917278515,0.06314243759177682,0.10964268232990701,0.07146353401860012,0.083210964268233,0.13705335291238377,0.12824278022515911
284,0.06529752501316483,0.1521853607161664,0.13480779357556608,0.0631911532385466,0.07424960505529225,0.08688783570300158,0.11848341232227488,0.10900473933649289,0.03949447077409163,0.15639810426540285
285,0.0687830687830688,0.09312169312169313,0.10582010582010583,0.10476190476190478,0.06455026455026457,0.1322751322751323,0.11322751322751325,0.12910052910052913,0.10582010582010583,0.08253968253968255
286,0.07352941176470588,0.09640522875816994,0.13071895424836602,0.10130718954248366,0.07352941176470588,0.09477124183006536,0.10947712418300654,0.07679738562091504,0.08986928104575163,0.15359477124183007
287,0.07287933094384709,0.06929510155316608,0.13500597371565115,0.07885304659498209,0.10872162485065712,0.10035842293906812,0.10155316606929511,0.11708482676224613,0.0872162485065711,0.12903225806451615
288,0.08823529411764706,0.07352941176470588,0.08169934640522876,0.08986928104575163,0.11764705882352941,0.10457516339869281,0.11437908496732026,0.09477124183006536,0.09477124183006536,0.14052287581699346
289,0.08181818181818182,0.09090909090909091,0.08888888888888889,0.09191919191919191,0.0707070707070707,0.10202020202020202,0.11313131313131314,0.11212121212121212,0.1101010101010101,0.1383838383838384
290,0.08836395450568679,0.0621172353455818,0.16010498687664043,0.048993875765529306,0.07086614173228346,0.12598425196850394,0.0804899387576553,0.12510936132983377,0.10936132983377078,0.12860892388451445
291,0.04433760683760683,0.11271367521367519,0.13675213675213674,0.061965811965811954,0.07425213675213674,0.10897435897435895,0.08760683760683759,0.11965811965811964,0.141025641025641,0.11271367521367519
292,0.03053435114503817,0.10262934690415608,0.1174724342663274,0.0954198473282443,0.07336726039016117,0.10814249363867685,0.12807463952502124,0.09117896522476676,0.10814249363867685,0.14503816793893132
293,0.06444444444444446,0.09000000000000001,0.1177777777777778,0.09222222222222223,0.08444444444444446,0.07333333333333335,0.10444444444444448,0.1077777777777778,0.08555555555555557,0.18000000000000002
294,0.0763888888888889,0.10503472222222222,0.16666666666666666,0.06076388888888889,0.0842013888888889,0.08246527777777778,0.09635416666666667,0.08159722222222222,0.06510416666666667,0.1814236111111111
295,0.06461780929866036,0.07722616233254531,0.08747044917257683,0.11583924349881797,0.06619385342789598,0.08825847123719464,0.09613869188337273,0.11268715524034673,0.10795902285263988,0.18360914105594955
296,0.05785123966942149,0.0881542699724518,0.0780532598714417,0.10376492194674013,0.07713498622589532,0.10376492194674013,0.1561065197428834,0.11294765840220386,0.11937557392102846,0.10284664830119375
297,0.0687830687830688,0.07275132275132276,0.10846560846560847,0.10052910052910054,0.10317460317460318,0.0806878306878307,0.1044973544973545,0.11375661375661376,0.15211640211640215,0.09523809523809525
298,0.06182121971595656,0.11194653299916459,0.09523809523809525,0.11862990810359232,0.07435254803675857,0.10526315789473685,0.055137844611528826,0.09189640768588138,0.18379281537176276,0.10192147034252298
299,0.05660377358490566,0.15932914046121593,0.08525506638714186,0.16212438853948288,0.07686932215234102,0.08315863032844165,0.1013277428371768,0.07756813417190776,0.06289308176100629,0.13487071977638015
300,0.07626561472715321,0.10519395134779752,0.11505588428665353,0.08284023668639055,0.06508875739644972,0.13280736357659437,0.12689020381328076,0.09270216962524656,0.06245890861275477,0.1406969099276792
301,0.07898259705488621,0.11378848728246319,0.11512717536813923,0.08433734939759036,0.09504685408299866,0.14859437751004015,0.09103078982597054,0.09236947791164658,0.08969210174029452,0.09103078982597054
302,0.09985935302391,0.07594936708860761,0.10407876230661042,0.12798874824191284,0.15189873417721522,0.07172995780590719,0.11954992967651197,0.07313642756680733,0.07313642756680733,0.10267229254571028
303,0.06612133605998638,0.09611451942740287,0.09611451942740287,0.0954328561690525,0.06952965235173826,0.14383094751192912,0.14860259032038176,0.09338786639400137,0.08520790729379688,0.10565780504430812
304,0.0984643179765131,0.12827461607949414,0.08310749774164408,0.07859078590785908,0.07317073170731707,0.12737127371273713,0.10659439927732611,0.07317073170731707,0.0930442637759711,0.13821138211382114
305,0.07903780068728522,0.14891179839633448,0.09507445589919816,0.11798396334478808,0.08018327605956473,0.10080183276059565,0.0882016036655212,0.0859106529209622,0.07903780068728522,0.12485681557846506
306,0.11772486772486772,0.1402116402116402,0.09391534391534391,0.08994708994708994,0.08333333333333333,0.062169312169312166,0.10449735449735449,0.0701058201058201,0.11375661375661375,0.12433862433862433
307,0.0790729379686435,0.0845262440354465,0.11588275391956374,0.08929788684389911,0.07975460122699386,0.08588957055214724,0.1411042944785276,0.12338104976141787,0.06680299931833675,0.13428766189502386
308,0.08955223880597016,0.10613598673300167,0.08955223880597016,0.08789386401326701,0.12769485903814265,0.08457711442786071,0.09618573797678277,0.09784411276948592,0.08291873963515756,0.13764510779436157
309,0.0727802037845706,0.08879184861717614,0.13731198447355655,0.08976225133430375,0.05773896166909268,0.09412906356137798,0.1426491994177584,0.10189228529839885,0.09461426491994179,0.1203299369238234
310,0.08205128205128205,0.1170940170940171,0.10085470085470086,0.08632478632478632,0.05897435897435897,0.09914529914529914,0.12136752136752137,0.0905982905982906,0.08547008547008547,0.1581196581196581
311,0.08032128514056225,0.08969210174029452,0.13520749665327977,0.12315930388219545,0.09906291834002677,0.09772423025435073,0.08835341365461848,0.10174029451137885,0.08969210174029452,0.09504685408299866
312,0.08534621578099841,0.09661835748792272,0.09339774557165863,0.08534621578099841,0.1135265700483092,0.16827697262479874,0.08534621578099841,0.09178743961352659,0.09098228663446056,0.08937198067632851
313,0.1370851370851371,0.13131313131313133,0.08658008658008658,0.08225108225108226,0.06493506493506493,0.0707070707070707,0.1414141414141414,0.10101010101010101,0.09523809523809523,0.08946608946608947
314,0.043478260869565216,0.14170692431561996,0.11513687600644122,0.08051529790660225,0.06602254428341385,0.11030595813204509,0.10064412238325282,0.09420289855072464,0.10547504025764895,0.14251207729468598
315,0.0779436152570481,0.07628524046434494,0.14096185737976782,0.1077943615257048,0.08955223880597014,0.0978441127694859,0.087893864013267,0.07628524046434494,0.09286898839137644,0.15257048092868988
316,0.09490740740740741,0.0787037037037037,0.13194444444444445,0.09953703703703703,0.061342592592592594,0.09375,0.11805555555555555,0.1111111111111111,0.08333333333333333,0.12731481481481483
317,0.102880658436214,0.08333333333333333,0.0874485596707819,0.0823045267489712,0.04835390946502058,0.1440329218106996,0.10802469135802469,0.14506172839506173,0.07818930041152264,0.12037037037037036
318,0.09670781893004116,0.07407407407407407,0.09979423868312758,0.09465020576131687,0.10082304526748971,0.1111111111111111,0.14609053497942387,0.07921810699588477,0.07818930041152264,0.11934156378600823
319,0.06571087216248507,0.07287933094384708,0.053763440860215055,0.10752688172043011,0.1135005973715651,0.15531660692951016,0.12066905615292713,0.0908004778972521,0.0908004778972521,0.12903225806451613
320,0.09259259259259259,0.1,0.1,0.11296296296296296,0.08333333333333333,0.12222222222222222,0.09814814814814815,0.11481481481481481,0.08888888888888889,0.08703703703703704
321,0.05813953488372093,0.082687338501292,0.08010335917312661,0.13049095607235142,0.07751937984496124,0.11498708010335917,0.08914728682170543,0.14082687338501293,0.08397932816537468,0.1421188630490956
322,0.05870020964360586,0.11006289308176098,0.07232704402515722,0.13102725366876308,0.08280922431865827,0.16876310272536685,0.07966457023060795,0.08385744234800838,0.09329140461215932,0.11949685534591192
323,0.08099688473520249,0.10903426791277258,0.10072689511941849,0.10072689511941849,0.07476635514018691,0.17237798546209762,0.07580477673935618,0.10488058151609553,0.08099688473520249,0.09968847352024922
324,0.0784313725490196,0.08776844070961717,0.11204481792717087,0.06349206349206349,0.11764705882352941,0.06349206349206349,0.14285714285714285,0.13912231559290383,0.058823529411764705,0.13632119514472454
325,0.09523809523809523,0.08928571428571429,0.08928571428571429,0.1111111111111111,0.1130952380952381,0.08928571428571429,0.08928571428571429,0.08928571428571429,0.09722222222222222,0.13690476190476192
326,0.05507246376811594,0.16231884057971013,0.1603864734299517,0.05507246376811594,0.07729468599033816,0.12173913043478261,0.09951690821256039,0.06570048309178744,0.08309178743961353,0.11980676328502415
327,0.06739526411657559,0.0947176684881603,0.1111111111111111,0.08561020036429873,0.06860959319975714,0.09350333940497875,0.10746812386156648,0.06253794778384943,0.08743169398907104,0.22161505768063144
328,0.07246376811594203,0.10144927536231885,0.12721417069243157,0.07246376811594203,0.07407407407407407,0.0998389694041868,0.1320450885668277,0.10950080515297907,0.09017713365539452,0.12077294685990338
329,0.06405228758169934,0.09019607843137255,0.1111111111111111,0.07973856209150326,0.10588235294117647,0.12941176470588237,0.10718954248366012,0.0718954248366013,0.12941176470588237,0.1111111111111111
330,0.08066971080669712,0.12328767123287672,0.08371385083713852,0.08371385083713852,0.13242009132420093,0.08675799086757992,0.09589041095890412,0.09436834094368342,0.12176560121765602,0.09741248097412482
331,0.07462686567164178,0.1384742951907131,0.15008291873963517,0.09038142620232173,0.07462686567164178,0.07379767827529021,0.08872305140961857,0.06467661691542288,0.11940298507462686,0.1252072968490879
332,0.08028673835125448,0.11612903225806452,0.12043010752688173,0.08888888888888889,0.1039426523297491,0.15770609318996415,0.04372759856630824,0.0910394265232975,0.05089605734767025,0.14695340501792115
333,0.05973715651135006,0.05734767025089606,0.0955794504181601,0.08004778972520908,0.07168458781362007,0.08482676224611709,0.14814814814814814,0.10513739545997611,0.09438470728793309,0.2031063321385902
334,0.06929510155316607,0.11827956989247312,0.13381123058542413,0.13560334528076465,0.07526881720430108,0.05973715651135006,0.13440860215053763,0.07885304659498207,0.07945041816009558,0.11529271206690561
335,0.0898989898989899,0.1484848484848485,0.11313131313131314,0.07676767676767676,0.08181818181818182,0.1,0.09494949494949495,0.09090909090909091,0.09797979797979799,0.10606060606060606
336,0.05802469135802469,0.10864197530864197,0.1,0.08148148148148149,0.08148148148148149,0.15555555555555556,0.07407407407407407,0.07901234567901234,0.10246913580246914,0.15925925925925927
337,0.0954248366013072,0.11241830065359479,0.08496732026143793,0.07058823529411766,0.09411764705882354,0.07973856209150328,0.08758169934640524,0.13594771241830067,0.08496732026143793,0.15424836601307193
338,0.056056056056056056,0.1041041041041041,0.07307307307307308,0.11011011011011011,0.1011011011011011,0.11211211211211211,0.08508508508508508,0.11511511511511512,0.14614614614614616,0.0970970970970971
339,0.08346883468834689,0.15663956639566395,0.1002710027100271,0.0970189701897019,0.06395663956639566,0.07588075880758807,0.1013550135501355,0.11598915989159891,0.08563685636856369,0.11978319783197831
340,0.07901234567901234,0.15,0.07901234567901234,0.11234567901234568,0.10802469135802469,0.09444444444444444,0.09012345679012346,0.1117283950617284,0.09567901234567901,0.07962962962962963
341,0.07897153351698807,0.12672176308539948,0.060606060606060615,0.11570247933884299,0.10743801652892564,0.08999081726354455,0.15794306703397615,0.05876951331496787,0.08356290174471993,0.12029384756657485
342,0.07619047619047621,0.13492063492063494,0.0634920634920635,0.07380952380952382,0.06825396825396826,0.09523809523809525,0.14444444444444446,0.07222222222222223,0.14920634920634923,0.12222222222222223
343,0.06472491909385114,0.16396979503775624,0.075512405609493,0.1132686084142395,0.07227615965480044,0.10032362459546927,0.07766990291262137,0.11866235167206042,0.10140237324703345,0.11218985976267531
344,0.0938697318007663,0.09578544061302684,0.08620689655172416,0.09770114942528738,0.10344827586206898,0.11877394636015327,0.0996168582375479,0.08812260536398468,0.09578544061302684,0.12068965517241381
345,0.0673076923076923,0.1014957264957265,0.0673076923076923,0.08440170940170941,0.07799145299145299,0.18055555555555555,0.09508547008547008,0.0876068376068376,0.10897435897435898,0.12927350427350429
346,0.09876543209876544,0.14814814814814817,0.08916323731138548,0.0617283950617284,0.14128943758573392,0.13031550068587108,0.08230452674897121,0.09602194787379974,0.06995884773662553,0.08230452674897121
347,0.07894736842105263,0.12426900584795321,0.08333333333333333,0.08625730994152046,0.0935672514619883,0.12426900584795321,0.14181286549707603,0.06871345029239766,0.08187134502923976,0.11695906432748537
348,0.1124031007751938,0.09560723514211886,0.06976744186046512,0.06589147286821706,0.09431524547803617,0.10723514211886305,0.1111111111111111,0.07622739018087855,0.082687338501292,0.1847545219638243
349,0.08518518518518518,0.08703703703703704,0.1,0.11296296296296296,0.10555555555555556,0.1,0.08518518518518518,0.09814814814814815,0.09814814814814815,0.12777777777777777
350,0.06486486486486487,0.14354354354354354,0.0960960960960961,0.09039039039039039,0.04174174174174174,0.06426426426426426,0.15075075075075076,0.13123123123123123,0.09309309309309309,0.12402402402402403
351,0.0784313725490196,0.11503267973856209,0.10065359477124183,0.0784313725490196,0.12679738562091503,0.11241830065359477,0.08496732026143791,0.08888888888888889,0.09281045751633987,0.12156862745098039
352,0.0852359208523592,0.0958904109589041,0.1035007610350076,0.136986301369863,0.1263318112633181,0.0943683409436834,0.0837138508371385,0.0684931506849315,0.1111111111111111,0.0943683409436834
353,0.08664627930682975,0.16106014271151883,0.08664627930682975,0.13761467889908255,0.06116207951070335,0.10703363914373086,0.10805300713557592,0.08256880733944953,0.06320081549439346,0.1060142711518858
354,0.08851224105461393,0.09416195856873823,0.0903954802259887,0.1016949152542373,0.1337099811676083,0.0903954802259887,0.12052730696798493,0.0847457627118644,0.08851224105461393,0.10734463276836158
355,0.08064516129032258,0.0931899641577061,0.08781362007168458,0.13082437275985664,0.08422939068100359,0.11648745519713262,0.08781362007168458,0.0985663082437276,0.0931899641577061,0.12724014336917563
356,0.09135802469135802,0.12345679012345678,0.12098765432098765,0.10740740740740741,0.06296296296296296,0.07839506172839507,0.1111111111111111,0.09876543209876543,0.06172839506172839,0.14382716049382716
357,0.09932659932659933,0.09427609427609428,0.1026936026936027,0.08922558922558922,0.07744107744107744,0.10606060606060606,0.10101010101010101,0.10437710437710437,0.08417508417508418,0.1414141414141414
358,0.08249158249158248,0.09427609427609425,0.10269360269360267,0.08585858585858584,0.1296296296296296,0.0993265993265993,0.07912457912457911,0.07575757575757575,0.0993265993265993,0.1515151515151515
359,0.06446540880503145,0.08333333333333333,0.10220125786163523,0.12106918238993711,0.1069182389937107,0.05083857442348008,0.14832285115303984,0.0770440251572327,0.0749475890985325,0.1708595387840671
360,0.0983397190293742,0.09578544061302682,0.11749680715197956,0.09961685823754789,0.0970625798212005,0.07790549169859515,0.07918263090676884,0.16091954022988506,0.06641123882503193,0.10727969348659004
361,0.07152777777777777,0.1451388888888889,0.08402777777777778,0.07361111111111111,0.08888888888888889,0.11527777777777778,0.08194444444444444,0.07708333333333334,0.11944444444444445,0.14305555555555555
362,0.05,0.11349206349206349,0.1388888888888889,0.12777777777777777,0.08492063492063492,0.06984126984126984,0.07936507936507936,0.1492063492063492,0.09126984126984126,0.09523809523809523
363,0.08217592592592593,0.0798611111111111,0.06944444444444445,0.0775462962962963,0.1550925925925926,0.0775462962962963,0.11689814814814815,0.08449074074074074,0.08333333333333333,0.1736111111111111
364,0.05868544600938967,0.1322378716744914,0.13067292644757433,0.10954616588419405,0.048513302034428794,0.09624413145539906,0.09154929577464789,0.10093896713615023,0.1111111111111111,0.12050078247261346
365,0.0730593607305936,0.1293759512937595,0.0867579908675799,0.1050228310502283,0.05707762557077625,0.0806697108066971,0.1111111111111111,0.07990867579908675,0.1491628614916286,0.1278538812785388
366,0.06060606060606061,0.13333333333333333,0.10909090909090909,0.09494949494949495,0.06565656565656566,0.09090909090909091,0.10404040404040404,0.11414141414141414,0.11515151515151516,0.11212121212121212
367,0.06089743589743591,0.1340811965811966,0.1041666666666667,0.09668803418803422,0.04700854700854702,0.14102564102564105,0.10683760683760686,0.10363247863247867,0.09508547008547011,0.1105769230769231
368,0.09544159544159546,0.17521367521367523,0.0683760683760684,0.10256410256410257,0.06410256410256411,0.07834757834757836,0.15099715099715103,0.08974358974358976,0.09544159544159546,0.07977207977207978
369,0.08080808080808083,0.10101010101010102,0.10606060606060608,0.09595959595959597,0.11237373737373739,0.0883838383838384,0.09974747474747477,0.08333333333333334,0.11994949494949496,0.11237373737373739
370,0.07812500000000001,0.08159722222222224,0.14409722222222224,0.08159722222222224,0.13020833333333337,0.10763888888888891,0.09375000000000001,0.08159722222222224,0.09722222222222224,0.10416666666666669
371,0.08042328042328044,0.10476190476190478,0.09629629629629631,0.10793650793650796,0.10264550264550266,0.09735449735449737,0.07619047619047621,0.11534391534391536,0.09947089947089949,0.11957671957671959
372,0.08602150537634409,0.1039426523297491,0.09498207885304659,0.1003584229390681,0.0967741935483871,0.0985663082437276,0.10752688172043011,0.08602150537634409,0.10931899641577061,0.11648745519713262
373,0.08064516129032258,0.0967741935483871,0.0967741935483871,0.12186379928315412,0.0967741935483871,0.08602150537634409,0.10215053763440861,0.1111111111111111,0.10215053763440861,0.1057347670250896
374,0.10582010582010581,0.10582010582010581,0.1402116402116402,0.06878306878306878,0.09788359788359788,0.10185185185185185,0.12566137566137567,0.06349206349206349,0.06481481481481481,0.12566137566137567
375,0.10407876230661042,0.159634317862166,0.10337552742616035,0.09493670886075951,0.06751054852320676,0.10337552742616035,0.10618846694796064,0.059774964838255985,0.09071729957805909,0.11040787623066105
376,0.0684931506849315,0.0974124809741248,0.0943683409436834,0.1035007610350076,0.1019786910197869,0.0852359208523592,0.1659056316590563,0.0974124809741248,0.0806697108066971,0.1050228310502283
377,0.043281653746770024,0.1124031007751938,0.12661498708010335,0.09689922480620156,0.053617571059431525,0.13501291989664083,0.10465116279069768,0.10335917312661498,0.08010335917312661,0.14405684754521964
378,0.09523809523809525,0.07814407814407816,0.0683760683760684,0.16605616605616608,0.11355311355311357,0.0683760683760684,0.07570207570207571,0.11111111111111112,0.148962148962149,0.0744810744810745
379,0.057912457912457915,0.10976430976430976,0.15016835016835017,0.12121212121212122,0.05454545454545454,0.09158249158249158,0.13737373737373737,0.07878787878787878,0.09292929292929293,0.10572390572390572
380,0.06186406186406186,0.14407814407814407,0.09076109076109076,0.10297110297110297,0.04965404965404965,0.08954008954008955,0.14814814814814814,0.06837606837606838,0.09483109483109484,0.14977614977614978
381,0.06929510155316608,0.10872162485065712,0.0896057347670251,0.10035842293906812,0.11469534050179213,0.0776583034647551,0.15770609318996417,0.0896057347670251,0.07407407407407408,0.11827956989247314
382,0.11255411255411256,0.12193362193362194,0.1349206349206349,0.05627705627705628,0.05483405483405483,0.06782106782106782,0.113997113997114,0.11471861471861472,0.09163059163059163,0.13131313131313133
383,0.04175513092710545,0.11252653927813164,0.08280254777070063,0.07006369426751592,0.056617126680820945,0.1259731068648266,0.1040339702760085,0.09129511677282377,0.10474168435951875,0.21019108280254778
384,0.05308641975308642,0.16049382716049382,0.11790123456790123,0.08395061728395062,0.07592592592592592,0.0962962962962963,0.1308641975308642,0.0654320987654321,0.09382716049382717,0.12222222222222222
385,0.07885304659498207,0.07526881720430108,0.1003584229390681,0.0884109916367981,0.09199522102747909,0.07646356033452807,0.13739545997610514,0.11947431302270012,0.05854241338112306,0.17323775388291518
386,0.057971014492753624,0.09178743961352658,0.0785024154589372,0.11352657004830918,0.0821256038647343,0.1497584541062802,0.09903381642512077,0.10265700483091787,0.10869565217391304,0.11594202898550725
387,0.03441825664047886,0.14216236438458657,0.13355780022446687,0.1197156752712308,0.05910961466517021,0.0998877665544332,0.1406659184436962,0.06771417882528992,0.1208380097268986,0.08193041526374858
388,0.10101010101010098,0.10774410774410771,0.12794612794612792,0.12794612794612792,0.07575757575757575,0.10606060606060604,0.1094276094276094,0.07912457912457911,0.07575757575757575,0.08922558922558921
389,0.06196581196581197,0.09615384615384616,0.1655982905982906,0.07371794871794872,0.07905982905982906,0.11965811965811966,0.10042735042735043,0.07371794871794872,0.08653846153846154,0.14316239316239315
390,0.0716374269005848,0.14035087719298248,0.12280701754385967,0.0950292397660819,0.08625730994152048,0.0672514619883041,0.0994152046783626,0.08479532163742691,0.1169590643274854,0.11549707602339183
391,0.05285868392664509,0.11542610571736785,0.07820927723840346,0.11434735706580366,0.05285868392664509,0.1256742179072276,0.15102481121898598,0.10841423948220065,0.06202804746494067,0.13915857605177995
392,0.09582059123343527,0.12640163098878696,0.06931702344546381,0.10397553516819572,0.09582059123343527,0.08256880733944955,0.07237512742099898,0.11213047910295616,0.09785932721712538,0.1437308868501529
393,0.08061002178649238,0.08714596949891068,0.10021786492374728,0.0860566448801743,0.09586056644880174,0.10130718954248366,0.08061002178649238,0.10239651416122005,0.10675381263616558,0.15904139433551198
394,0.11994949494949494,0.10416666666666667,0.12310606060606061,0.09090909090909091,0.058712121212121215,0.07133838383838384,0.1268939393939394,0.10921717171717171,0.08143939393939394,0.11426767676767677
395,0.09414758269720101,0.08142493638676845,0.13655640373197625,0.11874469889737066,0.07633587786259542,0.11195928753180662,0.07888040712468193,0.0916030534351145,0.06446140797285835,0.1458863443596268
396,0.06674382716049383,0.16358024691358025,0.12808641975308643,0.08757716049382716,0.040123456790123455,0.03896604938271605,0.11574074074074074,0.12152777777777778,0.05401234567901234,0.18364197530864199
397,0.08868501529051988,0.07849133537206932,0.11926605504587157,0.1111111111111111,0.06829765545361875,0.08154943934760449,0.09683995922528033,0.12232415902140673,0.10091743119266056,0.1325178389398573
398,0.0636042402826855,0.12406753042795446,0.14055751864939145,0.11150372987828819,0.071849234393404,0.06713780918727916,0.09697683549273656,0.07773851590106007,0.09069493521790342,0.15586965056929722
399,0.08123249299719888,0.08403361344537816,0.08496732026143791,0.09337068160597572,0.08029878618113913,0.1092436974789916,0.09430438842203548,0.12605042016806722,0.16993464052287582,0.0765639589169001
400,0.10526315789473685,0.08187134502923978,0.08918128654970761,0.08479532163742691,0.10526315789473685,0.14181286549707606,0.07309941520467837,0.10964912280701755,0.08479532163742691,0.12426900584795322
401,0.06884057971014493,0.13405797101449277,0.15942028985507245,0.11352657004830918,0.07608695652173914,0.09541062801932366,0.0785024154589372,0.10628019323671498,0.08454106280193237,0.08333333333333333
402,0.12280701754385964,0.08304093567251462,0.05847953216374269,0.11578947368421053,0.12982456140350876,0.09473684210526316,0.14269005847953217,0.08070175438596491,0.07485380116959064,0.09707602339181287
403,0.06686332350049164,0.08849557522123894,0.11897738446411013,0.09636184857423795,0.06686332350049164,0.09144542772861357,0.11799410029498525,0.07472959685349066,0.1592920353982301,0.11897738446411013
404,0.09292929292929293,0.08383838383838384,0.11414141414141414,0.1101010101010101,0.1,0.10202020202020202,0.08080808080808081,0.09696969696969697,0.09494949494949495,0.12424242424242424
405,0.11601307189542485,0.08823529411764708,0.0735294117647059,0.08333333333333334,0.0996732026143791,0.13562091503267976,0.0735294117647059,0.1127450980392157,0.11111111111111112,0.1062091503267974
406,0.07894736842105264,0.09210526315789475,0.10672514619883042,0.08187134502923978,0.09502923976608188,0.11257309941520469,0.10380116959064328,0.12134502923976609,0.10233918128654972,0.10526315789473685
407,0.08265582655826559,0.07317073170731707,0.14227642276422764,0.13143631436314362,0.08265582655826559,0.1070460704607046,0.11246612466124661,0.09078590785907859,0.0989159891598916,0.07859078590785908
408,0.07347670250896057,0.0913978494623656,0.15143369175627241,0.06362007168458782,0.11379928315412187,0.09229390681003584,0.09767025089605735,0.09408602150537634,0.07885304659498207,0.14336917562724014
409,0.07832988267770878,0.07073844030365771,0.09351276742581092,0.09523809523809525,0.07246376811594205,0.10248447204968945,0.12767425810904073,0.09765355417529333,0.07108350586611457,0.19082125603864736
410,0.05413105413105414,0.07787274453941122,0.13390313390313394,0.1405508072174739,0.08547008547008549,0.07027540360873695,0.08262108262108263,0.07787274453941122,0.10351377018043686,0.17378917378917383
411,0.06289308176100629,0.14465408805031446,0.16561844863731656,0.09538784067085954,0.05450733752620545,0.09538784067085954,0.07337526205450734,0.10587002096436059,0.11425576519916142,0.0880503144654088
412,0.09467455621301775,0.08744247205785667,0.10848126232741617,0.08152531229454306,0.06837606837606838,0.1301775147928994,0.1051939513477975,0.09335963182117028,0.06771860618014464,0.16305062458908612
413,0.07037037037037037,0.09753086419753086,0.06296296296296296,0.1111111111111111,0.07777777777777778,0.1111111111111111,0.1469135802469136,0.11975308641975309,0.11975308641975309,0.08271604938271605
414,0.11282051282051282,0.0735042735042735,0.152991452991453,0.11623931623931624,0.0641025641025641,0.06581196581196581,0.10085470085470086,0.0811965811965812,0.07094017094017094,0.16153846153846155
415,0.05638474295190713,0.12603648424543948,0.11857379767827529,0.07711442786069651,0.1044776119402985,0.0945273631840796,0.13349917081260365,0.08872305140961857,0.09701492537313433,0.10364842454394693
416,0.08010335917312661,0.10400516795865633,0.1182170542635659,0.12532299741602068,0.09237726098191215,0.11692506459948321,0.08785529715762273,0.059431524547803614,0.03229974160206718,0.1834625322997416
417,0.09649122807017545,0.10331384015594543,0.14619883040935674,0.07797270955165693,0.07894736842105264,0.0925925925925926,0.09064327485380118,0.09454191033138402,0.11500974658869396,0.10428849902534114
418,0.06903991370010787,0.10355987055016182,0.1186623516720604,0.11758360302049622,0.07011866235167206,0.0744336569579288,0.12944983818770225,0.09061488673139159,0.09277238403451996,0.133764832793959
419,0.10590277777777778,0.109375,0.0798611111111111,0.09722222222222222,0.13020833333333334,0.09375,0.0798611111111111,0.078125,0.13194444444444445,0.09375
420,0.03789338471419396,0.1811175337186898,0.09633911368015415,0.11303789338471419,0.05394990366088632,0.12395632626846499,0.11560693641618497,0.09184328837508028,0.06679511881824021,0.11946050096339114
421,0.05062458908612755,0.10059171597633136,0.1203155818540434,0.09270216962524655,0.08349769888231427,0.10650887573964497,0.0782380013149244,0.15844838921762,0.11834319526627218,0.09072978303747535
422,0.10281923714759536,0.14096185737976782,0.07462686567164178,0.08291873963515754,0.08955223880597014,0.09950248756218906,0.14096185737976782,0.08955223880597014,0.08955223880597014,0.08955223880597014
423,0.10546737213403881,0.1015873015873016,0.08112874779541447,0.11957671957671959,0.08641975308641976,0.058906525573192245,0.11463844797178131,0.0832451499118166,0.06596119929453265,0.1830687830687831
424,0.12135539795114263,0.05831363278171789,0.12293144208037825,0.06382978723404255,0.09219858156028368,0.09771473601260836,0.09929078014184398,0.12214342001576044,0.10323089046493301,0.11899133175728921
425,0.07079646017699115,0.11504424778761062,0.13274336283185842,0.10127826941986234,0.05703048180924287,0.1415929203539823,0.09242871189773845,0.08161258603736479,0.08947885939036382,0.11799410029498525
426,0.07936507936507937,0.11111111111111112,0.10822510822510824,0.08513708513708515,0.09523809523809525,0.13419913419913423,0.0966810966810967,0.1327561327561328,0.08225108225108227,0.07503607503607505
427,0.0891089108910891,0.0638063806380638,0.0748074807480748,0.1573157315731573,0.0968096809680968,0.10231023102310231,0.12321232123212321,0.12321232123212321,0.0704070407040704,0.09900990099009901
428,0.06424433912585571,0.110057925223802,0.11637704054765666,0.07161664033701948,0.08109531332280147,0.10847814639283834,0.12374934175882044,0.09320695102685624,0.09794628751974724,0.1332280147446024
429,0.07709750566893424,0.09410430839002268,0.14625850340136054,0.10770975056689343,0.07256235827664399,0.08503401360544217,0.09750566893424037,0.08276643990929705,0.11904761904761904,0.11791383219954649
430,0.09500805152979067,0.12077294685990338,0.08856682769726248,0.07407407407407407,0.09178743961352658,0.1320450885668277,0.13848631239935588,0.07568438003220612,0.08695652173913043,0.0966183574879227
431,0.07222222222222222,0.10222222222222223,0.11555555555555555,0.09666666666666666,0.07222222222222222,0.15222222222222223,0.14222222222222222,0.05333333333333334,0.08222222222222222,0.1111111111111111
432,0.06457739791073125,0.16904083570750236,0.0835707502374169,0.08547008547008547,0.08547008547008547,0.08831908831908832,0.09971509971509972,0.0892687559354226,0.10351377018043685,0.13105413105413105
433,0.08747044917257683,0.09219858156028368,0.07446808510638298,0.0768321513002364,0.06619385342789598,0.13711583924349882,0.09810874704491726,0.10401891252955082,0.11229314420803782,0.15130023640661938
434,0.07251461988304093,0.13333333333333333,0.11812865497076024,0.08421052631578947,0.08771929824561403,0.10058479532163743,0.07368421052631578,0.12748538011695906,0.10409356725146199,0.09824561403508772
435,0.06340895869691682,0.133216986620128,0.12798138452588714,0.16288539848749273,0.06864456079115765,0.06457242582897033,0.07038976148923792,0.10645724258289703,0.0447934845840605,0.15764979639325188
436,0.0790454884414616,0.06785980611483967,0.13273676360924683,0.09023117076808351,0.0633855331841909,0.1319910514541387,0.10216256524981357,0.11409395973154363,0.07457121551081283,0.14392244593586875
437,0.03716090672612412,0.10516536603493125,0.07840951319212189,0.0821256038647343,0.054998141954663696,0.07283537718320326,0.13675213675213677,0.11742846525455221,0.11371237458193979,0.2014121144555927
438,0.10709504685408301,0.10441767068273093,0.10977242302543509,0.13253012048192775,0.08969210174029453,0.07630522088353416,0.11646586345381528,0.09370816599732264,0.07362784471218208,0.09638554216867472
439,0.05555555555555555,0.08950617283950617,0.0787037037037037,0.10108024691358025,0.07098765432098765,0.1095679012345679,0.16049382716049382,0.07716049382716049,0.12962962962962962,0.12731481481481483
440,0.1002710027100271,0.07949412827461608,0.06413730803974707,0.08220415537488708,0.07768744354110207,0.13730803974706413,0.13821138211382114,0.12466124661246612,0.08852755194218609,0.10749774164408311
441,0.0752498530276308,0.10640799529688419,0.13815402704291593,0.07231040564373897,0.08641975308641975,0.08641975308641975,0.16049382716049382,0.08348030570252793,0.10052910052910052,0.09053497942386832
442,0.06532356532356534,0.08852258852258854,0.12210012210012211,0.11294261294261296,0.06532356532356534,0.07875457875457877,0.15934065934065936,0.07387057387057389,0.10073260073260075,0.13308913308913312
443,0.053418803418803416,0.09188034188034189,0.1362179487179487,0.12873931623931623,0.08653846153846154,0.09455128205128205,0.11858974358974358,0.09294871794871795,0.0673076923076923,0.12980769230769232
444,0.049180327868852465,0.13661202185792354,0.10837887067395266,0.10655737704918034,0.06921675774134792,0.11748633879781423,0.13570127504553736,0.07923497267759565,0.05373406193078325,0.14389799635701278
445,0.08804418453541261,0.09649122807017545,0.09746588693957116,0.12508122157244966,0.03443794671864848,0.07959714100064978,0.14814814814814817,0.09226770630279403,0.08999350227420404,0.14847303443794674
446,0.07095046854082998,0.14190093708165996,0.10977242302543508,0.08969210174029452,0.06961178045515395,0.11780455153949129,0.07630522088353414,0.0963855421686747,0.09906291834002677,0.1285140562248996
447,0.08888888888888889,0.07407407407407407,0.12,0.09185185185185185,0.07407407407407407,0.13185185185185186,0.14222222222222222,0.09333333333333334,0.08,0.1037037037037037
448,0.10651340996168582,0.0735632183908046,0.12720306513409962,0.10957854406130269,0.06973180076628352,0.08659003831417625,0.09195402298850575,0.06206896551724138,0.07969348659003832,0.19310344827586207
449,0.05555555555555556,0.11035007610350077,0.08980213089802132,0.08371385083713852,0.06164383561643836,0.08599695585996957,0.12633181126331813,0.10882800608828007,0.11035007610350077,0.16742770167427704
450,0.09754028837998303,0.11959287531806616,0.12468193384223919,0.08057675996607294,0.04749787955894826,0.0916030534351145,0.11280746395250212,0.07633587786259542,0.08227311280746395,0.1670907548770144
451,0.07228915662650601,0.1151271753681392,0.12717536813922353,0.06425702811244978,0.08433734939759034,0.12315930388219543,0.12717536813922353,0.09236947791164657,0.07496653279785809,0.1191432396251673
452,0.08363201911589008,0.0931899641577061,0.12066905615292713,0.08482676224611709,0.11469534050179211,0.0908004778972521,0.08482676224611709,0.1015531660692951,0.11230585424133811,0.1135005973715651
453,0.0847457627118644,0.1111111111111111,0.1016949152542373,0.08662900188323917,0.1016949152542373,0.10734463276836158,0.11864406779661017,0.1016949152542373,0.1016949152542373,0.0847457627118644
454,0.04774305555555555,0.07899305555555555,0.16666666666666666,0.0954861111111111,0.078125,0.06944444444444445,0.109375,0.10850694444444445,0.1388888888888889,0.10677083333333333
455,0.064882400648824,0.08961881589618816,0.08313057583130576,0.09407948094079481,0.059205190592051905,0.13098134630981345,0.09975669099756691,0.11070559610705596,0.10989456609894566,0.15774533657745338
456,0.08024691358024691,0.10185185185185185,0.09722222222222222,0.08950617283950617,0.11728395061728394,0.07098765432098765,0.10493827160493827,0.09567901234567901,0.10339506172839506,0.1388888888888889
457,0.07479826194909994,0.0834885164494103,0.09869646182495345,0.0931098696461825,0.05865921787709497,0.07852265673494724,0.14990689013035383,0.10242085661080075,0.08224705152079453,0.17815021725636251
458,0.06306306306306306,0.07357357357357357,0.0960960960960961,0.06981981981981981,0.0503003003003003,0.07282282282282282,0.12387387387387387,0.11861861861861862,0.14564564564564564,0.18618618618618618
459,0.08625730994152046,0.11842105263157894,0.1388888888888889,0.08625730994152046,0.10818713450292397,0.08333333333333333,0.09941520467836257,0.08187134502923976,0.11403508771929824,0.08333333333333333
460,0.1067538126361656,0.12309368191721135,0.13943355119825712,0.08169934640522877,0.07843137254901962,0.10021786492374729,0.09041394335511983,0.08061002178649239,0.07189542483660132,0.12745098039215688
461,0.07246376811594203,0.07890499194847021,0.10144927536231885,0.09178743961352658,0.07729468599033816,0.12721417069243157,0.12721417069243157,0.0998389694041868,0.09017713365539452,0.13365539452495975
462,0.09967320261437909,0.1454248366013072,0.08823529411764706,0.10620915032679738,0.07516339869281045,0.09313725490196079,0.11601307189542484,0.07352941176470588,0.10294117647058823,0.09967320261437909
463,0.06666666666666667,0.10341880341880341,0.1264957264957265,0.06153846153846154,0.07521367521367521,0.147008547008547,0.12393162393162394,0.10683760683760683,0.0905982905982906,0.09829059829059829
464,0.07287933094384708,0.12783751493428913,0.1111111111111111,0.0967741935483871,0.07765830346475508,0.0955794504181601,0.08243727598566308,0.11469534050179211,0.0967741935483871,0.12425328554360812
465,0.10384215991692627,0.10488058151609553,0.11682242990654206,0.102803738317757,0.05451713395638629,0.06074766355140187,0.09553478712357218,0.11838006230529595,0.11734164070612668,0.12512980269989615
466,0.07777777777777778,0.10138888888888889,0.11319444444444444,0.05555555555555555,0.06388888888888888,0.12569444444444444,0.11527777777777778,0.11736111111111111,0.08819444444444445,0.14166666666666666
467,0.07974910394265232,0.11917562724014334,0.1568100358422939,0.08154121863799282,0.06630824372759855,0.06989247311827955,0.09587813620071682,0.08064516129032256,0.10483870967741933,0.14516129032258063
468,0.0787037037037037,0.09722222222222222,0.10185185185185185,0.09606481481481481,0.07523148148148148,0.10648148148148148,0.10069444444444445,0.09722222222222222,0.08912037037037036,0.1574074074074074
469,0.08333333333333333,0.09770114942528736,0.11781609195402298,0.08141762452107279,0.07854406130268199,0.11781609195402298,0.09865900383141762,0.10919540229885058,0.10344827586206896,0.11206896551724138
470,0.08071278825995808,0.09643605870020965,0.11425576519916142,0.07023060796645703,0.09748427672955975,0.1111111111111111,0.10062893081761007,0.11530398322851153,0.12159329140461216,0.09224318658280922
471,0.08823529411764706,0.12091503267973856,0.09640522875816994,0.08006535947712418,0.08823529411764706,0.1111111111111111,0.09313725490196079,0.1568627450980392,0.07352941176470588,0.0915032679738562
472,0.07555555555555556,0.08592592592592592,0.0874074074074074,0.08148148148148149,0.07407407407407407,0.09333333333333334,0.0962962962962963,0.09925925925925926,0.08,0.22666666666666666
473,0.05787037037037037,0.07947530864197531,0.09722222222222222,0.13040123456790123,0.15817901234567902,0.0470679012345679,0.09567901234567901,0.08256172839506173,0.10416666666666667,0.14737654320987653
474,0.08333333333333334,0.13117283950617287,0.07098765432098766,0.11419753086419754,0.06944444444444446,0.09722222222222224,0.1358024691358025,0.09722222222222224,0.07098765432098766,0.12962962962962965
475,0.12449799196787148,0.10040160642570281,0.12985274431057564,0.07095046854082998,0.0823293172690763,0.10040160642570281,0.06894243641231593,0.10441767068273092,0.08768406961178045,0.13052208835341367
476,0.10121765601217655,0.09360730593607305,0.1111111111111111,0.07686453576864535,0.09817351598173515,0.12252663622526636,0.09665144596651445,0.07686453576864535,0.13926940639269406,0.0837138508371385
477,0.09876543209876544,0.09876543209876544,0.09465020576131689,0.07407407407407408,0.0768175582990398,0.14540466392318246,0.11385459533607684,0.10973936899862827,0.08641975308641976,0.10150891632373116
478,0.10503472222222222,0.06597222222222222,0.0954861111111111,0.16319444444444445,0.04861111111111111,0.09722222222222222,0.1154513888888889,0.08159722222222222,0.0625,0.16493055555555555
479,0.06500377928949358,0.11866969009826153,0.07331821617535904,0.06878306878306878,0.09523809523809523,0.09145880574452003,0.11715797430083144,0.1292517006802721,0.10884353741496598,0.13227513227513227
480,0.08823529411764706,0.15522875816993464,0.08823529411764706,0.1111111111111111,0.07352941176470588,0.07352941176470588,0.07352941176470588,0.10294117647058823,0.11437908496732026,0.119281045751634
481,0.051643192488262914,0.07459572248304643,0.09963484611371935,0.06885758998435054,0.06572769953051644,0.11476264997391758,0.15127803860198227,0.12415232133541992,0.10954616588419405,0.1398017736045905
482,0.10526315789473685,0.11111111111111112,0.10818713450292398,0.09649122807017545,0.09649122807017545,0.11257309941520469,0.11111111111111112,0.06578947368421054,0.11257309941520469,0.08040935672514621
483,0.055933484504913075,0.1254724111866969,0.08919123204837491,0.09977324263038549,0.07180650037792895,0.09977324263038549,0.08616780045351474,0.08465608465608465,0.13378684807256236,0.15343915343915343
484,0.052059052059052056,0.16705516705516704,0.07692307692307693,0.13752913752913754,0.0644910644910645,0.11033411033411034,0.08158508158508158,0.08547008547008547,0.09867909867909867,0.1258741258741259
485,0.12037037037037036,0.15432098765432098,0.14094650205761317,0.07304526748971193,0.09876543209876543,0.09876543209876543,0.10802469135802469,0.06995884773662552,0.05555555555555555,0.08024691358024691
486,0.06831831831831832,0.10810810810810811,0.10510510510510511,0.0945945945945946,0.06531531531531531,0.09834834834834835,0.11186186186186187,0.12012012012012012,0.09684684684684684,0.1313813813813814
487,0.10237203495630462,0.08239700374531835,0.07615480649188515,0.12109862671660425,0.06991260923845194,0.1373283395755306,0.1198501872659176,0.06117353308364544,0.07990012484394507,0.149812734082397
488,0.06559571619812583,0.107095046854083,0.09504685408299866,0.12315930388219545,0.06291834002677377,0.13654618473895583,0.0963855421686747,0.13253012048192772,0.07630522088353414,0.10441767068273092
489,0.0837138508371385,0.0821917808219178,0.1202435312024353,0.1050228310502283,0.0821917808219178,0.1050228310502283,0.1035007610350076,0.0989345509893455,0.0806697108066971,0.1385083713850837
490,0.08181818181818182,0.09696969696969697,0.10404040404040404,0.1,0.09191919191919191,0.10808080808080808,0.15656565656565657,0.07171717171717172,0.08585858585858586,0.10303030303030303
491,0.07713498622589532,0.12213039485766758,0.12029384756657484,0.09641873278236915,0.08356290174471992,0.1248852157943067,0.10835629017447199,0.09090909090909091,0.07897153351698806,0.09733700642791551
492,0.07733333333333334,0.09422222222222222,0.08177777777777778,0.056,0.088,0.1368888888888889,0.104,0.11288888888888889,0.07644444444444444,0.17244444444444446
493,0.11533052039381153,0.07032348804500703,0.07454289732770746,0.14767932489451477,0.090014064697609,0.10689170182841069,0.10267229254571027,0.10548523206751055,0.090014064697609,0.0970464135021097
494,0.10648148148148148,0.08024691358024691,0.08796296296296297,0.12191358024691358,0.0941358024691358,0.08796296296296297,0.14660493827160495,0.09104938271604938,0.10648148148148148,0.07716049382716049
495,0.1026936026936027,0.10942760942760943,0.07575757575757576,0.11952861952861953,0.09427609427609428,0.1026936026936027,0.11616161616161616,0.07575757575757576,0.1127946127946128,0.09090909090909091
496,0.07744107744107745,0.07575757575757577,0.07575757575757577,0.10269360269360271,0.08922558922558924,0.1228956228956229,0.08922558922558924,0.11279461279461281,0.10606060606060608,0.14814814814814817
497,0.08695652173913042,0.14130434782608692,0.07487922705314008,0.09299516908212559,0.07850241545893719,0.10144927536231882,0.10990338164251205,0.08695652173913042,0.10990338164251205,0.11714975845410626
498,0.03993055555555555,0.11226851851851852,0.13020833333333334,0.09027777777777778,0.08275462962962964,0.12731481481481483,0.11284722222222222,0.12384259259259259,0.08043981481481481,0.10011574074074074
499,0.06527777777777778,0.08194444444444444,0.09166666666666666,0.1361111111111111,0.07777777777777778,0.09444444444444444,0.09027777777777778,0.13472222222222222,0.10694444444444444,0.12083333333333333
500,0.06690561529271206,0.0979689366786141,0.0967741935483871,0.09199522102747909,0.06929510155316607,0.15770609318996415,0.0991636798088411,0.1135005973715651,0.0908004778972521,0.11589008363201912
501,0.07539682539682539,0.10978835978835978,0.12962962962962962,0.08333333333333333,0.08994708994708994,0.12698412698412698,0.07936507936507936,0.10052910052910052,0.08333333333333333,0.12169312169312169
502,0.10837887067395265,0.122040072859745,0.08014571948998178,0.07103825136612021,0.0692167577413479,0.075591985428051,0.11566484517304189,0.09016393442622951,0.1448087431693989,0.12295081967213115
503,0.038720538720538725,0.1228956228956229,0.11560044893378228,0.08641975308641976,0.06621773288439957,0.09652076318742987,0.09876543209876544,0.0937149270482604,0.11616161616161617,0.164983164983165
504,0.09503843466107614,0.09643605870020962,0.1383647798742138,0.12019566736547865,0.07407407407407406,0.09853249475890982,0.09503843466107614,0.08944793850454226,0.06848357791754017,0.12438853948287908
505,0.08770090845562543,0.09783368273934312,0.06324248777078965,0.10447239692522711,0.037037037037037035,0.1111111111111111,0.14290705800139764,0.11006289308176101,0.06533892382948987,0.18029350104821804
506,0.041343669250646,0.12833763996554695,0.10163652024117141,0.13092161929371232,0.08354866494401378,0.05770887166236004,0.11283376399655469,0.11627906976744186,0.07751937984496124,0.14987080103359174
507,0.0641025641025641,0.10576923076923077,0.05876068376068376,0.12606837606837606,0.10576923076923077,0.09401709401709402,0.1014957264957265,0.1527777777777778,0.07585470085470085,0.11538461538461539
508,0.08333333333333333,0.07478632478632478,0.09401709401709402,0.11965811965811966,0.08333333333333333,0.11538461538461539,0.08440170940170941,0.08653846153846154,0.1111111111111111,0.14743589743589744
509,0.06753812636165578,0.06535947712418301,0.12200435729847495,0.08278867102396514,0.11220043572984749,0.08823529411764706,0.1328976034858388,0.10457516339869281,0.08387799564270153,0.14052287581699346
510,0.08222222222222224,0.11611111111111112,0.14055555555555557,0.09222222222222223,0.09666666666666668,0.1127777777777778,0.07500000000000001,0.07722222222222223,0.08500000000000002,0.12222222222222223
511,0.07207207207207207,0.13013013013013014,0.11961961961961962,0.07107107107107107,0.04454454454454455,0.08108108108108109,0.11161161161161161,0.11611611611611612,0.0985985985985986,0.15515515515515516
512,0.06999999999999999,0.14555555555555552,0.12444444444444441,0.10888888888888885,0.08555555555555554,0.06777777777777777,0.1311111111111111,0.09888888888888886,0.07555555555555554,0.0922222222222222
513,0.09278350515463918,0.10882016036655212,0.07331042382588775,0.08247422680412371,0.07903780068728522,0.11683848797250859,0.10194730813287514,0.12600229095074456,0.09965635738831616,0.11912943871706758
514,0.08217592592592593,0.06481481481481481,0.10648148148148148,0.11574074074074074,0.11921296296296297,0.09375,0.18055555555555555,0.07407407407407407,0.08680555555555555,0.0763888888888889
515,0.08771929824561404,0.09161793372319689,0.11500974658869396,0.09356725146198831,0.08771929824561404,0.1091617933723197,0.09941520467836258,0.08771929824561404,0.11500974658869396,0.11306042884990254
516,0.07861635220125786,0.10587002096436059,0.15723270440251572,0.1090146750524109,0.051362683438155136,0.10482180293501048,0.10377358490566038,0.09224318658280922,0.07337526205450734,0.12368972746331237
517,0.0561941251596424,0.10855683269476372,0.1360153256704981,0.15964240102171137,0.07151979565772669,0.05938697318007663,0.12260536398467432,0.07598978288633461,0.09003831417624521,0.12005108556832694
518,0.06775067750677506,0.10298102981029811,0.10659439927732611,0.06594399277326106,0.12466124661246612,0.07678410117434507,0.10298102981029811,0.12827461607949414,0.12646793134598014,0.0975609756097561
519,0.0892857142857143,0.11904761904761905,0.09722222222222224,0.10515873015873017,0.09523809523809525,0.10714285714285715,0.0892857142857143,0.09920634920634921,0.10714285714285715,0.09126984126984128
520,0.08037825059101655,0.16784869976359337,0.09613869188337273,0.09850275807722617,0.07722616233254531,0.09219858156028368,0.06855791962174941,0.08589440504334121,0.1095350669818755,0.12371946414499606
521,0.1,0.06805555555555555,0.13194444444444445,0.1736111111111111,0.075,0.1111111111111111,0.08472222222222223,0.10277777777777777,0.06666666666666667,0.08611111111111111
522,0.08140814081408142,0.10121012101210122,0.10011001100110012,0.09130913091309133,0.13091309130913095,0.10011001100110012,0.09020902090209022,0.07150715071507152,0.08470847084708472,0.14851485148514854
523,0.08614232209737828,0.13358302122347065,0.149812734082397,0.09363295880149813,0.0986267166042447,0.08489388264669163,0.06991260923845194,0.0986267166042447,0.09363295880149813,0.09113607990012484
524,0.12444444444444444,0.0962962962962963,0.12296296296296297,0.06666666666666667,0.06814814814814815,0.07851851851851852,0.10074074074074074,0.08,0.15851851851851853,0.1037037037037037
525,0.056530214424951264,0.08674463937621832,0.07602339181286549,0.15107212475633527,0.07992202729044834,0.14327485380116958,0.1286549707602339,0.12085769980506822,0.07504873294346978,0.08187134502923976
526,0.11111111111111112,0.12091503267973858,0.0735294117647059,0.08823529411764708,0.09477124183006537,0.09803921568627452,0.1062091503267974,0.08006535947712419,0.0735294117647059,0.1535947712418301
527,0.06157965194109773,0.12182061579651941,0.12583668005354753,0.09772423025435073,0.07764390896921017,0.0749665327978581,0.14190093708165996,0.107095046854083,0.09370816599732262,0.09772423025435073
528,0.05977907732293697,0.10916179337231968,0.1539961013645224,0.09486679662118258,0.06172839506172839,0.08836907082521117,0.09876543209876543,0.08901884340480831,0.1111111111111111,0.1332033788174139
529,0.06559571619812583,0.09571619812583668,0.05555555555555555,0.09103078982597054,0.07898259705488621,0.07764390896921017,0.1318607764390897,0.058902275769745646,0.10040160642570281,0.24431057563587685
530,0.12121212121212122,0.07575757575757576,0.09090909090909091,0.10774410774410774,0.09764309764309764,0.07912457912457913,0.12289562289562289,0.08585858585858586,0.132996632996633,0.08585858585858586
531,0.06269113149847094,0.08613659531090724,0.09480122324159021,0.13353720693170235,0.060652395514780834,0.14780835881753313,0.10142711518858308,0.0779816513761468,0.0744138634046891,0.16055045871559634
532,0.06203135650988412,0.10088616223585549,0.08248125426039536,0.07293796864349011,0.10497614178595774,0.12883435582822086,0.141785957736878,0.09270620313565099,0.08384458077709611,0.12951601908657123
533,0.051618547681539804,0.13385826771653545,0.10061242344706911,0.1268591426071741,0.0831146106736658,0.06911636045494313,0.1347331583552056,0.08398950131233596,0.09448818897637795,0.1216097987751531
534,0.06896551724137931,0.0871647509578544,0.1331417624521073,0.07471264367816093,0.04980842911877394,0.09099616858237548,0.15517241379310345,0.05555555555555555,0.1417624521072797,0.14272030651340997
535,0.049102927289896126,0.12118350645262826,0.11677683349071451,0.08687440982058546,0.08152344979540448,0.13188542650299023,0.08278249921309411,0.07208057916273214,0.08089392508655965,0.17689644318539502
536,0.11784511784511782,0.12457912457912455,0.06621773288439954,0.0909090909090909,0.05611672278338944,0.10662177328843993,0.1492704826038159,0.09764309764309761,0.08754208754208753,0.10325476992143656
537,0.09312169312169312,0.1037037037037037,0.1037037037037037,0.06666666666666667,0.09947089947089947,0.07195767195767196,0.10158730158730159,0.11428571428571428,0.11534391534391535,0.13015873015873017
538,0.05220306513409962,0.10632183908045977,0.11733716475095786,0.09818007662835249,0.06417624521072797,0.07614942528735633,0.12404214559386974,0.10440613026819924,0.1082375478927203,0.1489463601532567
539,0.05291005291005291,0.1126228269085412,0.08087679516250945,0.07331821617535904,0.06424792139077853,0.1254724111866969,0.1111111111111111,0.1670445956160242,0.07936507936507936,0.1330309901738473
540,0.12983770287141075,0.09612983770287141,0.11610486891385768,0.08114856429463171,0.08239700374531835,0.10736579275905118,0.07865168539325842,0.10861423220973783,0.08739076154806492,0.11235955056179775
541,0.07268951194184839,0.15160955347871236,0.10072689511941849,0.1142263759086189,0.05088265835929388,0.07580477673935618,0.16614745586708204,0.09553478712357218,0.10072689511941849,0.07165109034267912
542,0.06324786324786325,0.14017094017094017,0.11965811965811966,0.06666666666666667,0.08974358974358974,0.10512820512820513,0.05897435897435897,0.08803418803418804,0.12478632478632479,0.14358974358974358
543,0.10805300713557596,0.10091743119266057,0.09582059123343528,0.09683995922528034,0.06625891946992866,0.11213047910295618,0.10907237512742102,0.12232415902140674,0.10907237512742102,0.07951070336391439
544,0.08754208754208755,0.12289562289562289,0.11616161616161616,0.09090909090909091,0.08585858585858586,0.10437710437710437,0.11447811447811448,0.07575757575757576,0.1111111111111111,0.09090909090909091
545,0.0880758807588076,0.10027100271002712,0.09214092140921411,0.11924119241192413,0.11517615176151763,0.09485094850948511,0.06097560975609757,0.0880758807588076,0.12195121951219513,0.11924119241192413
546,0.07848324514991181,0.10670194003527336,0.0890652557319224,0.10141093474426807,0.05202821869488536,0.054673721340388004,0.10493827160493827,0.08818342151675485,0.10317460317460317,0.22134038800705466
547,0.11444444444444445,0.09555555555555556,0.12444444444444444,0.09444444444444444,0.1,0.11666666666666667,0.08333333333333333,0.08222222222222222,0.08888888888888889,0.1
548,0.08701472556894244,0.1111111111111111,0.10843373493975904,0.09504685408299866,0.09103078982597054,0.10441767068273092,0.10977242302543508,0.08701472556894244,0.12717536813922356,0.07898259705488621
549,0.06751054852320675,0.10548523206751055,0.11814345991561181,0.08720112517580872,0.07313642756680731,0.13361462728551335,0.1209563994374121,0.10829817158931083,0.08860759493670886,0.0970464135021097
550,0.10970464135021098,0.09142053445850915,0.08860759493670886,0.15049226441631505,0.0759493670886076,0.09845288326300984,0.0829817158931083,0.1209563994374121,0.09282700421940929,0.08860759493670886
551,0.08680555555555557,0.08333333333333334,0.09895833333333334,0.08159722222222224,0.07812500000000001,0.14409722222222224,0.11631944444444446,0.08680555555555557,0.07986111111111112,0.14409722222222224
552,0.09481481481481481,0.11703703703703704,0.08148148148148149,0.09333333333333334,0.06666666666666667,0.07851851851851852,0.1111111111111111,0.17185185185185184,0.08148148148148149,0.1037037037037037
553,0.0943683409436834,0.1202435312024353,0.0882800608828006,0.0806697108066971,0.0852359208523592,0.0974124809741248,0.0958904109589041,0.1187214611872146,0.1080669710806697,0.1111111111111111
554,0.07516339869281045,0.09313725490196079,0.09477124183006536,0.0915032679738562,0.09803921568627451,0.09313725490196079,0.1323529411764706,0.10294117647058823,0.10130718954248366,0.11764705882352941
555,0.07634164777021919,0.08314436885865457,0.09070294784580499,0.061224489795918366,0.055933484504913075,0.09901738473167045,0.1126228269085412,0.16099773242630386,0.06273620559334846,0.19727891156462585
556,0.0691358024691358,0.1419753086419753,0.09753086419753086,0.10123456790123457,0.10987654320987654,0.10123456790123457,0.08641975308641975,0.09382716049382717,0.07160493827160494,0.1271604938271605
557,0.09796893667861412,0.0872162485065711,0.08363201911589009,0.058542413381123065,0.10752688172043012,0.10155316606929511,0.0896057347670251,0.10752688172043012,0.11827956989247314,0.14814814814814817
558,0.07751937984496125,0.08397932816537469,0.06072351421188631,0.09043927648578813,0.10981912144702843,0.1550387596899225,0.09431524547803619,0.124031007751938,0.11757105943152456,0.08656330749354006
559,0.09309309309309309,0.07807807807807808,0.12012012012012012,0.07507507507507508,0.0945945945945946,0.10510510510510511,0.14864864864864866,0.1036036036036036,0.07957957957957958,0.1021021021021021
560,0.052287581699346414,0.18845315904139437,0.13507625272331159,0.09368191721132899,0.079520697167756,0.08387799564270154,0.12091503267973858,0.07516339869281047,0.0871459694989107,0.08387799564270154
561,0.08369408369408371,0.1067821067821068,0.07792207792207793,0.09956709956709958,0.08225108225108227,0.09523809523809525,0.12842712842712845,0.10101010101010102,0.11111111111111112,0.11399711399711401
562,0.06578947368421054,0.10526315789473686,0.0672514619883041,0.08625730994152048,0.11549707602339183,0.09356725146198831,0.10526315789473686,0.0994152046783626,0.09210526315789475,0.16959064327485382
563,0.0762962962962963,0.14222222222222225,0.0688888888888889,0.08370370370370371,0.060000000000000005,0.08592592592592593,0.12592592592592594,0.12814814814814818,0.11851851851851854,0.11037037037037038
564,0.06718346253229975,0.12403100775193798,0.13867355727820843,0.0818260120585702,0.08010335917312661,0.10938845822566753,0.11455641688199827,0.06890611541774333,0.09905254091300603,0.11627906976744186
565,0.07352941176470588,0.1323529411764706,0.1111111111111111,0.08986928104575163,0.10947712418300654,0.09477124183006536,0.08169934640522876,0.07352941176470588,0.11274509803921569,0.12091503267973856
566,0.07033639143730887,0.11926605504587157,0.09072375127421,0.06931702344546381,0.10397553516819572,0.145769622833843,0.07747196738022426,0.08970438328236494,0.08053007135575943,0.1529051987767584
567,0.07142857142857142,0.09656084656084656,0.11904761904761904,0.12962962962962962,0.1111111111111111,0.0873015873015873,0.15079365079365079,0.06349206349206349,0.0873015873015873,0.08333333333333333
568,0.09047619047619047,0.11428571428571428,0.09365079365079365,0.08888888888888889,0.10952380952380952,0.1365079365079365,0.09682539682539683,0.09841269841269841,0.09365079365079365,0.07777777777777778
569,0.0913006029285099,0.13092161929371232,0.12747631352282515,0.10766580534022395,0.0818260120585702,0.07838070628768304,0.12144702842377261,0.07321274763135228,0.07493540051679587,0.11283376399655469
570,0.06906906906906907,0.12012012012012012,0.10435435435435435,0.1403903903903904,0.07507507507507508,0.054804804804804805,0.08483483483483484,0.09984984984984985,0.12012012012012012,0.1313813813813814
571,0.09835194045720362,0.06698564593301436,0.1063264221158958,0.10845295055821372,0.12599681020733652,0.10845295055821372,0.11536416799574695,0.10101010101010101,0.05582137161084529,0.11323763955342903
572,0.07627118644067797,0.1704331450094162,0.07156308851224105,0.1393596986817326,0.10734463276836158,0.11299435028248588,0.07532956685499058,0.07815442561205273,0.0856873822975518,0.08286252354048965
573,0.07150368033648791,0.11777076761303891,0.09288468279004557,0.12968804766912023,0.04696810375043813,0.10445145460918331,0.13845075359270942,0.10725552050473186,0.05993690851735016,0.1310900806168945
574,0.0840108401084011,0.062330623306233075,0.09756097560975613,0.06639566395663958,0.07046070460704608,0.0907859078590786,0.11246612466124664,0.14498644986449868,0.11924119241192414,0.15176151761517617
575,0.040051679586563305,0.15439276485788114,0.10012919896640828,0.09496124031007752,0.060077519379844964,0.06718346253229975,0.09883720930232558,0.1434108527131783,0.13824289405684753,0.10271317829457365
576,0.0684931506849315,0.1187214611872146,0.0882800608828006,0.0745814307458143,0.0730593607305936,0.1400304414003044,0.0882800608828006,0.1035007610350076,0.1126331811263318,0.1324200913242009
577,0.0582010582010582,0.0854119425547997,0.09297052154195011,0.09372637944066516,0.061224489795918366,0.07256235827664399,0.15570672713529857,0.14134542705971279,0.09523809523809523,0.1436130007558579
578,0.0746268656716418,0.10613598673300167,0.09784411276948592,0.09121061359867332,0.07628524046434496,0.10281923714759537,0.10281923714759537,0.1293532338308458,0.0746268656716418,0.14427860696517417
579,0.06918238993710692,0.08280922431865828,0.13836477987421383,0.09224318658280922,0.07756813417190776,0.16142557651991615,0.05241090146750524,0.1289308176100629,0.07337526205450734,0.12368972746331237
580,0.07838660578386605,0.1141552511415525,0.12252663622526636,0.12100456621004566,0.07382039573820395,0.091324200913242,0.12709284627092846,0.10426179604261795,0.0624048706240487,0.1050228310502283
581,0.07652685798381165,0.18543046357615897,0.10596026490066227,0.07652685798381165,0.03679175864606329,0.09933774834437087,0.07211184694628404,0.12582781456953646,0.08756438557763062,0.13392200147167038
582,0.07723577235772358,0.09620596205962059,0.1070460704607046,0.11382113821138211,0.1016260162601626,0.1016260162601626,0.09078590785907859,0.11653116531165311,0.0948509485094851,0.1002710027100271
583,0.06306306306306306,0.07207207207207207,0.09009009009009009,0.0940940940940941,0.12512512512512514,0.15415415415415415,0.12312312312312312,0.0920920920920921,0.06006006006006006,0.12612612612612611
584,0.06772486772486772,0.08148148148148147,0.15555555555555553,0.06243386243386242,0.07407407407407406,0.08783068783068781,0.1862433862433862,0.0931216931216931,0.10793650793650791,0.08359788359788359
585,0.06770833333333333,0.109375,0.11284722222222222,0.09027777777777778,0.07378472222222222,0.11024305555555555,0.11197916666666667,0.0876736111111111,0.0720486111111111,0.1640625
586,0.05555555555555556,0.11440677966101696,0.09934086629001884,0.07250470809792844,0.025894538606403016,0.1558380414312618,0.14548022598870058,0.10687382297551791,0.08474576271186442,0.13935969868173262
587,0.06513409961685823,0.12388250319284802,0.08812260536398467,0.09961685823754789,0.06768837803320563,0.09578544061302682,0.13026819923371646,0.07279693486590039,0.10727969348659004,0.14942528735632185
588,0.08354866494401378,0.13867355727820843,0.1438415159345392,0.08699397071490095,0.07579672695951765,0.10594315245478036,0.11024978466838932,0.08354866494401378,0.09388458225667529,0.07751937984496124
589,0.07032348804500704,0.08860759493670887,0.13642756680731366,0.12095639943741211,0.0928270042194093,0.08579465541490859,0.1378340365682138,0.09845288326300985,0.09563994374120957,0.07313642756680733
590,0.1111111111111111,0.09401709401709402,0.12478632478632479,0.12905982905982907,0.05042735042735043,0.0811965811965812,0.10683760683760683,0.09316239316239316,0.11965811965811966,0.08974358974358974
591,0.07177974434611603,0.0855457227138643,0.10324483775811209,0.15240904621435594,0.06981317600786627,0.07079646017699115,0.14257620452310718,0.09931170108161258,0.07472959685349066,0.12979351032448377
592,0.07098765432098764,0.10699588477366252,0.1759259259259259,0.07201646090534979,0.06584362139917695,0.1193415637860082,0.09670781893004113,0.11111111111111108,0.09362139917695472,0.08744855967078188
593,0.1008130081300813,0.08888888888888889,0.10298102981029811,0.10677506775067751,0.04065040650406504,0.0921409214092141,0.12953929539295392,0.06937669376693767,0.06558265582655827,0.2032520325203252
594,0.05806182121971596,0.15622389306599835,0.10025062656641605,0.08646616541353384,0.055137844611528826,0.09106098579782791,0.15580618212197161,0.06516290726817044,0.10359231411862992,0.1282372598162072
595,0.05124056094929882,0.16882416396979508,0.1283710895361381,0.10086299892125136,0.04153182308522115,0.08522114347357067,0.0911542610571737,0.11650485436893206,0.07713052858683928,0.13915857605177998
596,0.05555555555555555,0.15092592592592594,0.07222222222222222,0.11203703703703703,0.06111111111111111,0.10740740740740741,0.09444444444444444,0.10092592592592593,0.08888888888888889,0.15648148148148147
597,0.04497354497354497,0.1728395061728395,0.11199294532627865,0.1146384479717813,0.06966490299823633,0.07671957671957672,0.06790123456790123,0.10141093474426807,0.10052910052910052,0.13932980599647266
598,0.10194730813287514,0.06643757159221077,0.08705612829324169,0.10538373424971363,0.09163802978235967,0.07903780068728522,0.10767468499427263,0.14891179839633448,0.0836197021764032,0.12829324169530354
599,0.061285500747384154,0.0966616841056303,0.07772795216741404,0.10264075734927752,0.05480817140009965,0.09466865969108122,0.11360239162929746,0.08320876930742402,0.12157448928749377,0.19382162431489786
600,0.0966183574879227,0.0821256038647343,0.07246376811594203,0.07729468599033816,0.1288244766505636,0.10628019323671498,0.09822866344605476,0.0853462157809984,0.11272141706924316,0.14009661835748793
601,0.06814814814814815,0.08148148148148149,0.09037037037037036,0.08592592592592592,0.11851851851851852,0.10962962962962963,0.1437037037037037,0.11851851851851852,0.07111111111111111,0.11259259259259259
602,0.07993605115907274,0.12390087929656275,0.13828936850519585,0.09832134292565947,0.05515587529976019,0.14308553157474022,0.07753796962430055,0.11191047162270183,0.08872901678657075,0.08313349320543566
603,0.04807692307692309,0.0918803418803419,0.14743589743589747,0.07051282051282053,0.10149572649572651,0.0608974358974359,0.1217948717948718,0.13141025641025644,0.1260683760683761,0.10042735042735045
604,0.05616605616605617,0.1391941391941392,0.10744810744810745,0.0641025641025641,0.08424908424908426,0.08302808302808302,0.13797313797313798,0.07631257631257632,0.08608058608058608,0.16544566544566544
605,0.046875,0.10590277777777778,0.12586805555555555,0.08333333333333333,0.1111111111111111,0.12065972222222222,0.09375,0.09809027777777778,0.06510416666666667,0.14930555555555555
606,0.07740324594257178,0.09113607990012484,0.10112359550561797,0.09238451935081149,0.09238451935081149,0.11735330836454431,0.09488139825218476,0.11235955056179775,0.10611735330836454,0.11485642946317104
607,0.09925925925925927,0.09037037037037038,0.09185185185185187,0.12000000000000001,0.07703703703703706,0.08740740740740742,0.1051851851851852,0.07111111111111112,0.10814814814814816,0.14962962962962967
608,0.10270774976657329,0.0915032679738562,0.10270774976657329,0.0784313725490196,0.09337068160597572,0.12978524743230627,0.06535947712418301,0.12418300653594772,0.09523809523809523,0.11671335200746966
609,0.05982905982905983,0.09743589743589744,0.13504273504273503,0.09401709401709402,0.06666666666666667,0.09658119658119659,0.12222222222222222,0.09658119658119659,0.08632478632478632,0.1452991452991453
610,0.07057057057057058,0.11411411411411411,0.1021021021021021,0.1036036036036036,0.1006006006006006,0.0990990990990991,0.07507507507507508,0.13513513513513514,0.07507507507507508,0.12462462462462462
611,0.08914728682170543,0.07493540051679587,0.12144702842377261,0.08785529715762273,0.09431524547803617,0.06976744186046512,0.09689922480620156,0.12661498708010335,0.09431524547803617,0.14470284237726097
612,0.06711111111111111,0.1351111111111111,0.05733333333333333,0.11422222222222222,0.03866666666666667,0.08533333333333333,0.11955555555555555,0.15422222222222223,0.07111111111111111,0.15733333333333333
613,0.0925925925925926,0.10288065843621401,0.10905349794238685,0.15740740740740744,0.06584362139917697,0.1080246913580247,0.08950617283950618,0.08230452674897121,0.09979423868312759,0.0925925925925926
614,0.06378600823045269,0.12860082304526751,0.07304526748971195,0.09156378600823047,0.08641975308641976,0.15329218106995887,0.08950617283950618,0.13168724279835395,0.08436213991769549,0.0977366255144033
615,0.06768837803320563,0.08939974457215837,0.08556832694763729,0.11494252873563218,0.10089399744572158,0.09323116219667944,0.09323116219667944,0.14687100893997446,0.08939974457215837,0.11877394636015326
616,0.06286549707602339,0.1425438596491228,0.125,0.09941520467836257,0.09502923976608187,0.049707602339181284,0.1286549707602339,0.0935672514619883,0.11695906432748537,0.08625730994152046
617,0.058888888888888886,0.12555555555555556,0.11,0.08333333333333333,0.09222222222222222,0.07333333333333333,0.10444444444444445,0.11,0.13111111111111112,0.1111111111111111
618,0.07142857142857142,0.10793650793650794,0.10476190476190476,0.09682539682539683,0.08888888888888889,0.1349206349206349,0.09206349206349207,0.0873015873015873,0.07936507936507936,0.1365079365079365
619,0.09537856440511308,0.07964601769911504,0.1111111111111111,0.09046214355948869,0.08652900688298919,0.09242871189773845,0.10521140609636184,0.13962635201573254,0.0855457227138643,0.11406096361848574
620,0.06198034769463341,0.10128495842781557,0.12244897959183673,0.11942554799697656,0.044595616024187455,0.1307634164777022,0.07407407407407407,0.09901738473167045,0.08390022675736962,0.16250944822373395
621,0.07096774193548387,0.09462365591397849,0.13476702508960572,0.1039426523297491,0.06379928315412187,0.11254480286738351,0.08530465949820788,0.09032258064516129,0.10681003584229391,0.13691756272401434
622,0.11027568922305764,0.07936507936507936,0.1161236424394319,0.06599832915622389,0.09189640768588136,0.06432748538011696,0.08939014202172096,0.12781954887218044,0.12197159565580618,0.13283208020050125
623,0.10466988727858291,0.10305958132045086,0.07407407407407406,0.08212560386473429,0.1400966183574879,0.08051529790660224,0.10628019323671495,0.08695652173913042,0.10144927536231882,0.12077294685990335
624,0.08055555555555556,0.0875,0.12916666666666668,0.10694444444444444,0.12916666666666668,0.0763888888888889,0.07916666666666666,0.09305555555555556,0.07361111111111111,0.14444444444444443
625,0.051470588235294115,0.15359477124183007,0.10294117647058823,0.0988562091503268,0.09313725490196079,0.12254901960784313,0.09803921568627451,0.09967320261437909,0.11274509803921569,0.06699346405228758
626,0.0749063670411985,0.1285892634207241,0.1136079900124844,0.08114856429463171,0.10362047440699126,0.07990012484394507,0.09238451935081149,0.10112359550561797,0.09238451935081149,0.132334581772784
627,0.12087912087912088,0.09645909645909646,0.12332112332112333,0.07448107448107448,0.0757020757020757,0.10012210012210013,0.09035409035409035,0.12087912087912088,0.11233211233211234,0.08547008547008547
628,0.07113821138211382,0.12195121951219512,0.12533875338753386,0.04742547425474255,0.06842818428184282,0.11314363143631437,0.1470189701897019,0.07181571815718157,0.07046070460704607,0.1632791327913279
629,0.07711442786069651,0.08872305140961857,0.08623548922056384,0.12769485903814262,0.10613598673300166,0.0945273631840796,0.15754560530679934,0.06799336650082918,0.06135986733001658,0.13266998341625208
630,0.0968013468013468,0.08838383838383838,0.11363636363636363,0.12626262626262627,0.0723905723905724,0.06313131313131314,0.11026936026936027,0.08164983164983165,0.12542087542087543,0.12205387205387205
631,0.10657596371882086,0.13151927437641722,0.10997732426303855,0.09183673469387756,0.06235827664399093,0.0963718820861678,0.10884353741496598,0.09410430839002268,0.0691609977324263,0.1292517006802721
632,0.06308851224105463,0.09604519774011301,0.08192090395480227,0.07438794726930321,0.10451977401129944,0.09322033898305086,0.08286252354048966,0.11676082862523542,0.12617702448210927,0.1610169491525424
633,0.06243386243386243,0.10264550264550265,0.050793650793650794,0.11322751322751323,0.07195767195767196,0.07195767195767196,0.1671957671957672,0.08677248677248678,0.1259259259259259,0.14708994708994708
634,0.09440267335004177,0.1570593149540518,0.06432748538011696,0.08688387635756056,0.05179615705931495,0.08688387635756056,0.11194653299916457,0.08020050125313283,0.13533834586466165,0.1311612364243943
635,0.05882352941176471,0.09523809523809525,0.1447245564892624,0.09990662931839404,0.15312791783380023,0.09710550887021477,0.07469654528478059,0.06909430438842205,0.10924369747899161,0.09803921568627452
636,0.06763285024154589,0.0750402576489533,0.11755233494363929,0.10273752012882448,0.06151368760064412,0.10402576489533011,0.07632850241545894,0.09726247987117552,0.1107890499194847,0.18711755233494365
637,0.09012345679012347,0.10493827160493828,0.06419753086419755,0.0925925925925926,0.0888888888888889,0.10987654320987655,0.09876543209876544,0.05679012345679013,0.12716049382716052,0.16666666666666669
638,0.04331450094161959,0.1318267419962335,0.11299435028248588,0.09887005649717515,0.07062146892655367,0.10828625235404897,0.10734463276836158,0.07156308851224105,0.1111111111111111,0.1440677966101695
639,0.08,0.09925925925925926,0.09185185185185185,0.10814814814814815,0.06814814814814815,0.1348148148148148,0.10666666666666667,0.08888888888888889,0.11555555555555555,0.10666666666666667
640,0.09292929292929294,0.10606060606060608,0.08383838383838385,0.09191919191919193,0.04545454545454546,0.15353535353535355,0.06262626262626264,0.08989898989898991,0.1373737373737374,0.13636363636363638
641,0.06274509803921569,0.08627450980392157,0.1111111111111111,0.11241830065359477,0.058823529411764705,0.10588235294117647,0.11633986928104575,0.12418300653594772,0.06535947712418301,0.1568627450980392
642,0.07272727272727272,0.0595959595959596,0.15252525252525254,0.0797979797979798,0.09292929292929293,0.08686868686868687,0.11616161616161616,0.1303030303030303,0.11515151515151516,0.09393939393939393
643,0.08064516129032258,0.08781362007168458,0.11290322580645161,0.11648745519713262,0.08064516129032258,0.10752688172043011,0.13261648745519714,0.08243727598566308,0.08602150537634409,0.11290322580645161
644,0.08333333333333333,0.07748538011695906,0.12280701754385964,0.08333333333333333,0.0847953216374269,0.08771929824561403,0.0804093567251462,0.15935672514619884,0.12134502923976608,0.09941520467836257
645,0.0392156862745098,0.0784313725490196,0.09640522875816994,0.11601307189542484,0.0724400871459695,0.054466230936819175,0.14052287581699346,0.1318082788671024,0.1056644880174292,0.1650326797385621
646,0.06216931216931218,0.10449735449735452,0.08597883597883599,0.12169312169312171,0.07804232804232805,0.07936507936507937,0.08730158730158731,0.11772486772486775,0.10978835978835981,0.15343915343915346
647,0.08620689655172414,0.09961685823754789,0.10440613026819924,0.09195402298850575,0.07375478927203065,0.12452107279693486,0.11685823754789272,0.1082375478927203,0.0871647509578544,0.10727969348659004
648,0.08835341365461848,0.07630522088353414,0.07362784471218206,0.16198125836680052,0.09906291834002677,0.07764390896921017,0.1392235609103079,0.11914323962516733,0.07362784471218206,0.09103078982597054
649,0.08045977011494253,0.10727969348659004,0.16283524904214558,0.08237547892720307,0.06226053639846743,0.09195402298850575,0.11302681992337164,0.12643678160919541,0.06417624521072797,0.10919540229885058
650,0.10382513661202186,0.12750455373406194,0.08196721311475409,0.08196721311475409,0.13296903460837886,0.08743169398907104,0.08196721311475409,0.10382513661202186,0.1092896174863388,0.08925318761384335
651,0.07042253521126761,0.11737089201877934,0.07042253521126761,0.09702660406885759,0.09233176838810642,0.08450704225352113,0.10328638497652583,0.1111111111111111,0.10485133020344288,0.1486697965571205
652,0.06329113924050633,0.10407876230661041,0.12376933895921238,0.0829817158931083,0.06469760900140648,0.17580872011251758,0.0970464135021097,0.0759493670886076,0.09282700421940929,0.11954992967651196
653,0.1164021164021164,0.06878306878306878,0.11022927689594356,0.09611992945326278,0.04673721340388007,0.1402116402116402,0.10846560846560846,0.09435626102292768,0.10758377425044091,0.1111111111111111
654,0.09027777777777779,0.11284722222222224,0.09375000000000001,0.09548611111111112,0.09375000000000001,0.10590277777777779,0.09201388888888891,0.09027777777777779,0.10590277777777779,0.11979166666666669
655,0.06367771280051981,0.10136452241715399,0.06627680311890838,0.11435997400909681,0.07342430149447693,0.10851202079272254,0.11306042884990253,0.10136452241715399,0.09161793372319688,0.1663417803768681
656,0.06849315068493152,0.12785388127853883,0.12937595129375953,0.09132420091324202,0.08066971080669712,0.08066971080669712,0.07914764079147642,0.08523592085235922,0.11415525114155252,0.14307458143074583
657,0.07712418300653595,0.1084967320261438,0.06405228758169934,0.058823529411764705,0.10457516339869281,0.12156862745098039,0.09281045751633987,0.10980392156862745,0.1111111111111111,0.15163398692810456
658,0.10582010582010581,0.07936507936507936,0.09523809523809523,0.07936507936507936,0.10934744268077601,0.09876543209876543,0.07936507936507936,0.1111111111111111,0.08289241622574955,0.15873015873015872
659,0.06313131313131314,0.14562289562289563,0.09764309764309764,0.08922558922558922,0.07912457912457913,0.05976430976430976,0.1691919191919192,0.0867003367003367,0.08164983164983165,0.12794612794612795
660,0.08456243854473942,0.12291052114060963,0.07964601769911504,0.10914454277286136,0.09636184857423795,0.0727630285152409,0.10521140609636184,0.11799410029498525,0.06981317600786627,0.1415929203539823
661,0.05761316872427984,0.13477366255144033,0.1337448559670782,0.09876543209876543,0.06275720164609054,0.13065843621399176,0.060699588477366256,0.10596707818930041,0.06893004115226338,0.14609053497942387
662,0.04845446950710108,0.13032581453634084,0.08020050125313283,0.07518796992481203,0.07101086048454469,0.10693400167084377,0.1946532999164578,0.06766917293233082,0.09523809523809523,0.13032581453634084
663,0.0928462709284627,0.1445966514459665,0.076103500761035,0.1202435312024353,0.0867579908675799,0.0958904109589041,0.0821917808219178,0.0958904109589041,0.1095890410958904,0.0958904109589041
664,0.075591985428051,0.0965391621129326,0.14571948998178508,0.08196721311475409,0.075591985428051,0.13387978142076504,0.11566484517304189,0.10109289617486339,0.06739526411657559,0.10655737704918032
665,0.08168168168168168,0.12372372372372373,0.08048048048048048,0.07507507507507508,0.07687687687687687,0.14594594594594595,0.13333333333333333,0.07387387387387387,0.0972972972972973,0.11171171171171171
666,0.08376068376068377,0.1401709401709402,0.09743589743589745,0.1247863247863248,0.052991452991453,0.08717948717948719,0.11282051282051284,0.09401709401709403,0.07435897435897437,0.1324786324786325
667,0.07200000000000001,0.09955555555555556,0.11555555555555556,0.07733333333333335,0.1137777777777778,0.11555555555555556,0.15733333333333335,0.07022222222222224,0.07644444444444445,0.10222222222222224
668,0.05858585858585859,0.12424242424242424,0.11818181818181818,0.07474747474747474,0.07272727272727272,0.06464646464646465,0.12525252525252525,0.1292929292929293,0.06666666666666667,0.16565656565656567
669,0.08099688473520249,0.0695742471443406,0.11318795430944964,0.11838006230529595,0.07892004153686397,0.11941848390446522,0.10799584631360332,0.13707165109034267,0.0695742471443406,0.10488058151609553
670,0.10401891252955082,0.09810874704491726,0.0673758865248227,0.12293144208037825,0.06501182033096926,0.08156028368794327,0.13238770685579196,0.07446808510638298,0.1111111111111111,0.1430260047281324
671,0.07662835249042145,0.08045977011494253,0.07918263090676884,0.10217113665389528,0.13026819923371646,0.12260536398467432,0.0983397190293742,0.07918263090676884,0.08939974457215837,0.1417624521072797
672,0.05524518932340162,0.12042209807572937,0.14587212911235262,0.09869646182495347,0.062073246430788334,0.08379888268156425,0.07759155803848543,0.11545623836126631,0.10552451893234017,0.13531967721911858
673,0.06871345029239767,0.08187134502923978,0.08187134502923978,0.11403508771929825,0.08479532163742691,0.10526315789473685,0.12134502923976609,0.10087719298245615,0.1257309941520468,0.11549707602339182
674,0.0710594315245478,0.0710594315245478,0.08785529715762273,0.09560723514211886,0.12015503875968993,0.08139534883720931,0.09560723514211886,0.09302325581395349,0.14728682170542637,0.13695090439276486
675,0.127826941986234,0.08652900688298919,0.09832841691248771,0.07964601769911504,0.08161258603736479,0.1160275319567355,0.07177974434611603,0.15240904621435594,0.07964601769911504,0.10619469026548672
676,0.13008130081300814,0.07859078590785908,0.08536585365853659,0.06300813008130081,0.11449864498644986,0.11585365853658537,0.11788617886178862,0.10907859078590786,0.09417344173441734,0.09146341463414634
677,0.09080654258319233,0.10377890580936266,0.125775521714608,0.09306260575296109,0.08967851099830795,0.1116751269035533,0.09701071630005641,0.09701071630005641,0.06993795826283136,0.1212633953750705
678,0.1111111111111111,0.12939521800281295,0.08720112517580872,0.090014064697609,0.08579465541490858,0.07735583684950774,0.090014064697609,0.09563994374120956,0.08157524613220815,0.1518987341772152
679,0.08276643990929705,0.08956916099773243,0.08956916099773243,0.0963718820861678,0.09297052154195011,0.12244897959183673,0.12698412698412698,0.07369614512471655,0.09750566893424037,0.12811791383219956
680,0.0795610425240055,0.09739368998628259,0.1234567901234568,0.11385459533607684,0.10150891632373116,0.10973936899862827,0.08916323731138548,0.07133058984910838,0.09053497942386833,0.1234567901234568
681,0.1276595744680851,0.10283687943262411,0.14775413711583923,0.07919621749408984,0.0768321513002364,0.07328605200945626,0.08628841607565012,0.0851063829787234,0.07328605200945626,0.14775413711583923
682,0.0837138508371385,0.0928462709284627,0.0943683409436834,0.106544901065449,0.1095890410958904,0.1035007610350076,0.0928462709284627,0.0867579908675799,0.136986301369863,0.0928462709284627
683,0.038003220611916265,0.10177133655394525,0.13462157809983896,0.06763285024154589,0.08309178743961353,0.1111111111111111,0.1107890499194847,0.08148148148148149,0.09210950080515298,0.1793880837359098
684,0.0707070707070707,0.17297979797979798,0.09848484848484848,0.0845959595959596,0.06186868686868687,0.09595959595959595,0.09722222222222222,0.11868686868686869,0.10479797979797979,0.0946969696969697
685,0.04327485380116959,0.1216374269005848,0.13450292397660818,0.08538011695906433,0.08947368421052632,0.09824561403508772,0.0695906432748538,0.1391812865497076,0.08187134502923976,0.1368421052631579
686,0.060515873015873016,0.12003968253968254,0.12797619047619047,0.09126984126984126,0.05853174603174603,0.12996031746031747,0.11011904761904762,0.08928571428571429,0.08531746031746032,0.12698412698412698
687,0.11839708561020036,0.10018214936247723,0.08196721311475409,0.08925318761384335,0.10018214936247723,0.08196721311475409,0.1092896174863388,0.10746812386156648,0.10746812386156648,0.10382513661202186
688,0.05387205387205387,0.09259259259259259,0.08249158249158249,0.10016835016835017,0.06986531986531987,0.16245791245791247,0.08164983164983165,0.07154882154882154,0.11616161616161616,0.1691919191919192
689,0.0903954802259887,0.09227871939736347,0.0847457627118644,0.09792843691148775,0.12429378531073447,0.128060263653484,0.0903954802259887,0.08662900188323917,0.08662900188323917,0.11864406779661017
690,0.06642512077294686,0.10990338164251208,0.0929951690821256,0.1473429951690821,0.08091787439613526,0.12318840579710146,0.14371980676328502,0.07971014492753623,0.08454106280193237,0.07125603864734299
691,0.06535947712418302,0.09542483660130721,0.1673202614379085,0.10196078431372552,0.07450980392156864,0.1294117647058824,0.1294117647058824,0.05882352941176472,0.07189542483660132,0.1058823529411765
692,0.08333333333333334,0.06666666666666668,0.11527777777777781,0.1027777777777778,0.11111111111111113,0.09444444444444447,0.10694444444444447,0.1027777777777778,0.07916666666666668,0.13750000000000004
693,0.1550925925925926,0.0763888888888889,0.08217592592592593,0.08912037037037036,0.07291666666666667,0.0787037037037037,0.10300925925925926,0.0775462962962963,0.11342592592592593,0.15162037037037038
694,0.10850694444444445,0.11631944444444445,0.09722222222222222,0.0859375,0.058159722222222224,0.1171875,0.109375,0.1032986111111111,0.07899305555555555,0.125
695,0.0923076923076923,0.11965811965811964,0.10427350427350425,0.10427350427350425,0.11623931623931621,0.1145299145299145,0.08717948717948716,0.07692307692307691,0.0923076923076923,0.0923076923076923
696,0.12258064516129032,0.08602150537634409,0.07168458781362007,0.07813620071684588,0.0960573476702509,0.08100358422939068,0.13620071684587814,0.07956989247311828,0.08960573476702509,0.15913978494623657
697,0.0856760374832664,0.07764390896921017,0.107095046854083,0.09906291834002677,0.08165997322623829,0.08835341365461848,0.0749665327978581,0.15261044176706828,0.08701472556894244,0.1459170013386881
698,0.07849133537206932,0.05708460754332314,0.0652395514780836,0.10091743119266056,0.07237512742099898,0.07849133537206932,0.14271151885830785,0.11314984709480122,0.11824668705402651,0.17329255861365953
699,0.09909909909909911,0.09609609609609611,0.0870870870870871,0.10960960960960962,0.10360360360360361,0.12912912912912916,0.0900900900900901,0.0885885885885886,0.0840840840840841,0.11261261261261263
700,0.08055555555555556,0.09861111111111111,0.08611111111111111,0.08055555555555556,0.12777777777777777,0.075,0.1361111111111111,0.08333333333333333,0.08611111111111111,0.14583333333333334
701,0.078125,0.11631944444444445,0.09722222222222222,0.08854166666666667,0.09375,0.078125,0.1267361111111111,0.08159722222222222,0.078125,0.16145833333333334
702,0.08172635445362718,0.13682277318640956,0.07988980716253444,0.0743801652892562,0.13131313131313133,0.08539944903581267,0.07162534435261708,0.1147842056932966,0.09182736455463728,0.1322314049586777
703,0.06944444444444445,0.10648148148148148,0.09876543209876543,0.1111111111111111,0.09259259259259259,0.13580246913580246,0.09259259259259259,0.12654320987654322,0.09722222222222222,0.06944444444444445
704,0.08291873963515754,0.0779436152570481,0.12769485903814262,0.10945273631840796,0.0978441127694859,0.1077943615257048,0.0945273631840796,0.0945273631840796,0.10281923714759536,0.1044776119402985
705,0.10380116959064328,0.11549707602339182,0.09356725146198831,0.09649122807017545,0.08187134502923978,0.10380116959064328,0.12426900584795322,0.07894736842105264,0.10087719298245615,0.10087719298245615
706,0.09248554913294797,0.08092485549132948,0.14964675658317278,0.08734746307000642,0.07129094412331406,0.11303789338471419,0.06358381502890173,0.08734746307000642,0.09312780989081568,0.16120745022479127
707,0.050642479213907785,0.14965986394557823,0.10052910052910052,0.08465608465608465,0.07860922146636433,0.08767951625094482,0.10582010582010581,0.12169312169312169,0.09750566893424037,0.12320483749055178
708,0.0745814307458143,0.0700152207001522,0.076103500761035,0.121765601217656,0.1308980213089802,0.1187214611872146,0.0852359208523592,0.0776255707762557,0.1308980213089802,0.1141552511415525
709,0.09670781893004116,0.12654320987654322,0.08539094650205761,0.07716049382716049,0.10493827160493827,0.09362139917695474,0.09156378600823045,0.16255144032921812,0.10185185185185185,0.059670781893004114
710,0.08805031446540881,0.06603773584905662,0.06813417190775682,0.0849056603773585,0.0828092243186583,0.13626834381551364,0.10272536687631029,0.12264150943396228,0.13312368972746333,0.11530398322851154
711,0.06488888888888888,0.11555555555555555,0.08888888888888889,0.09866666666666667,0.052444444444444446,0.09155555555555556,0.1671111111111111,0.0791111111111111,0.09333333333333334,0.14844444444444443
712,0.0893719806763285,0.13768115942028986,0.10748792270531402,0.10869565217391304,0.06521739130434782,0.08454106280193237,0.10507246376811594,0.1111111111111111,0.0748792270531401,0.11594202898550725
713,0.1186868686868687,0.06818181818181819,0.1287878787878788,0.08080808080808083,0.08080808080808083,0.12373737373737376,0.12373737373737376,0.06818181818181819,0.09722222222222224,0.10984848484848486
714,0.07746031746031747,0.1034920634920635,0.08634920634920636,0.10603174603174603,0.061587301587301586,0.1492063492063492,0.1384126984126984,0.07746031746031747,0.11047619047619048,0.08952380952380952
715,0.0726159230096238,0.0857392825896763,0.07699037620297462,0.1084864391951006,0.05774278215223097,0.12860892388451445,0.0804899387576553,0.1557305336832896,0.08136482939632546,0.15223097112860892
716,0.06906906906906907,0.0915915915915916,0.11561561561561562,0.13513513513513514,0.11261261261261261,0.11561561561561562,0.08858858858858859,0.07957957957957958,0.10810810810810811,0.08408408408408409
717,0.08956228956228957,0.07643097643097643,0.13737373737373737,0.09393939393939393,0.05286195286195286,0.04511784511784512,0.11144781144781145,0.13703703703703704,0.09730639730639731,0.1589225589225589
718,0.07454289732770744,0.09563994374120953,0.11322081575246129,0.08368495077355835,0.07735583684950773,0.1012658227848101,0.12095639943741207,0.1153305203938115,0.11111111111111108,0.10689170182841067
719,0.09523809523809526,0.11287477954144623,0.11640211640211642,0.08818342151675486,0.11287477954144623,0.08818342151675486,0.10758377425044094,0.08641975308641976,0.09171075837742505,0.10052910052910055
720,0.0875,0.08888888888888889,0.1486111111111111,0.06527777777777778,0.11527777777777778,0.14444444444444443,0.1125,0.0625,0.08611111111111111,0.08888888888888889
721,0.07122507122507123,0.09544159544159544,0.1282051282051282,0.10113960113960115,0.08404558404558404,0.07122507122507123,0.10256410256410256,0.08831908831908832,0.11823361823361823,0.1396011396011396
722,0.0539053905390539,0.1859185918591859,0.0627062706270627,0.1111111111111111,0.0781078107810781,0.09020902090209021,0.11661166116611661,0.1078107810781078,0.0704070407040704,0.12321232123212321
723,0.09722222222222224,0.1418650793650794,0.07440476190476192,0.08035714285714288,0.07936507936507937,0.06051587301587302,0.1686507936507937,0.06746031746031747,0.130952380952381,0.09920634920634921
724,0.11904761904761905,0.08201058201058202,0.09347442680776015,0.08641975308641976,0.08818342151675486,0.0634920634920635,0.14638447971781307,0.08289241622574957,0.07142857142857144,0.16666666666666669
725,0.09401709401709402,0.08913308913308914,0.10622710622710622,0.08424908424908426,0.09035409035409035,0.08791208791208792,0.12454212454212454,0.13797313797313798,0.08669108669108669,0.0989010989010989
726,0.09777777777777778,0.09925925925925926,0.1674074074074074,0.10074074074074074,0.0725925925925926,0.11259259259259259,0.08444444444444445,0.09925925925925926,0.08296296296296296,0.08296296296296296
727,0.05233494363929147,0.1964573268921095,0.0853462157809984,0.0861513687600644,0.07729468599033816,0.08051529790660225,0.10869565217391304,0.12077294685990338,0.07326892109500806,0.11916264090177134
728,0.10833333333333334,0.18888888888888888,0.08611111111111111,0.09583333333333334,0.09166666666666666,0.1125,0.0625,0.0763888888888889,0.0625,0.11527777777777778
729,0.06758304696449025,0.08705612829324168,0.11111111111111108,0.1638029782359679,0.05612829324169529,0.0824742268041237,0.14203894616265747,0.11340206185567007,0.09278350515463916,0.08361970217640319
730,0.07390180878552971,0.09457364341085271,0.10025839793281653,0.117312661498708,0.09767441860465116,0.15400516795865632,0.11524547803617571,0.10180878552971576,0.053746770025839795,0.09147286821705426
731,0.0921985815602837,0.12411347517730498,0.140661938534279,0.0839243498817967,0.10165484633569741,0.07801418439716314,0.09456264775413713,0.06382978723404256,0.08628841607565013,0.13475177304964542
732,0.07588075880758807,0.08401084010840108,0.13956639566395665,0.1002710027100271,0.07588075880758807,0.11517615176151762,0.15176151761517614,0.07723577235772358,0.0975609756097561,0.08265582655826559
733,0.07207207207207207,0.10810810810810811,0.08408408408408409,0.13413413413413414,0.08808808808808809,0.07507507507507508,0.0980980980980981,0.08708708708708708,0.1111111111111111,0.14214214214214213
734,0.06521739130434782,0.06642512077294686,0.13768115942028986,0.07367149758454106,0.059178743961352656,0.10507246376811594,0.1388888888888889,0.11352657004830918,0.07729468599033816,0.16304347826086957
735,0.04887585532746823,0.1401107852720756,0.06907787552948844,0.10198761811665037,0.04855001629195178,0.1068752036493972,0.1371782339524275,0.0801564027370479,0.10492016943629846,0.16226783968719452
736,0.07863247863247863,0.11623931623931624,0.09743589743589744,0.08376068376068375,0.11452991452991453,0.11965811965811966,0.0905982905982906,0.09230769230769231,0.07692307692307693,0.12991452991452992
737,0.08016877637130802,0.10689170182841069,0.09985935302390998,0.10407876230661041,0.08016877637130802,0.11533052039381153,0.09985935302390998,0.10689170182841069,0.090014064697609,0.11673699015471167
738,0.08980213089802132,0.12328767123287672,0.10197869101978692,0.08675799086757992,0.08523592085235922,0.15829528158295283,0.06849315068493152,0.08980213089802132,0.11415525114155252,0.08219178082191782
739,0.06906906906906908,0.0780780780780781,0.0840840840840841,0.12612612612612614,0.0855855855855856,0.0930930930930931,0.13063063063063066,0.10360360360360361,0.11411411411411412,0.11561561561561563
740,0.0888888888888889,0.1277777777777778,0.10000000000000002,0.10000000000000002,0.09444444444444446,0.09444444444444446,0.12592592592592594,0.0851851851851852,0.08333333333333334,0.10000000000000002
741,0.07183908045977011,0.14655172413793102,0.08620689655172414,0.10344827586206896,0.06513409961685823,0.09386973180076628,0.13984674329501914,0.10440613026819924,0.06609195402298851,0.12260536398467432
742,0.08108108108108109,0.08108108108108109,0.1111111111111111,0.08408408408408409,0.11261261261261261,0.10510510510510511,0.10810810810810811,0.08858858858858859,0.12762762762762764,0.1006006006006006
743,0.0935672514619883,0.12280701754385964,0.08771929824561403,0.08771929824561403,0.08771929824561403,0.11500974658869395,0.08771929824561403,0.10721247563352826,0.10526315789473684,0.10526315789473684
744,0.06283524904214559,0.09348659003831418,0.09425287356321839,0.08812260536398467,0.06666666666666667,0.10191570881226053,0.05900383141762452,0.10574712643678161,0.14022988505747128,0.18773946360153257
745,0.07954545454545454,0.13194444444444445,0.11237373737373738,0.09343434343434344,0.08270202020202021,0.12373737373737374,0.13257575757575757,0.054292929292929296,0.08207070707070707,0.10732323232323232
746,0.05526161081716638,0.15049970605526164,0.11875367430922988,0.1252204585537919,0.05526161081716638,0.06290417401528514,0.10699588477366256,0.11405055849500295,0.10052910052910054,0.11052322163433276
747,0.1070460704607046,0.08130081300813008,0.10298102981029811,0.10840108401084012,0.08536585365853659,0.08943089430894309,0.16124661246612465,0.07452574525745258,0.06233062330623306,0.12737127371273713
748,0.07575757575757576,0.11784511784511785,0.10606060606060606,0.15488215488215487,0.08080808080808081,0.09259259259259259,0.11447811447811448,0.08080808080808081,0.10101010101010101,0.07575757575757576
749,0.08000000000000002,0.09866666666666668,0.07200000000000001,0.14222222222222225,0.09511111111111112,0.0808888888888889,0.1137777777777778,0.11911111111111113,0.10044444444444446,0.0977777777777778
750,0.09865005192107996,0.08878504672897196,0.04569055036344756,0.06645898234683281,0.045171339563862926,0.0908618899273105,0.0514018691588785,0.15784008307372793,0.0908618899273105,0.26427829698857735
751,0.054982817869415807,0.12600229095074456,0.12142038946162657,0.08018327605956473,0.07674684994272624,0.1145475372279496,0.13631156930126,0.06414662084765177,0.1111111111111111,0.1145475372279496
752,0.08032128514056225,0.11244979919678715,0.107095046854083,0.12449799196787148,0.12315930388219545,0.09103078982597054,0.11512717536813923,0.10307898259705489,0.08299866131191433,0.060240963855421686
753,0.09689922480620158,0.0943152454780362,0.11627906976744189,0.07105943152454781,0.11369509043927652,0.11886304909560726,0.11240310077519383,0.10077519379844964,0.07493540051679588,0.10077519379844964
754,0.07326007326007326,0.14041514041514042,0.1111111111111111,0.115995115995116,0.07814407814407814,0.07081807081807082,0.11721611721611722,0.1111111111111111,0.08058608058608059,0.10134310134310134
755,0.050264550264550276,0.12962962962962965,0.09700176366843036,0.08112874779541447,0.041446208112874784,0.0652557319223986,0.1649029982363316,0.11640211640211642,0.11816578483245152,0.1358024691358025
756,0.11282051282051282,0.10598290598290598,0.07863247863247863,0.07692307692307693,0.07692307692307693,0.13846153846153847,0.09230769230769231,0.07692307692307693,0.11965811965811966,0.12136752136752137
757,0.10760233918128655,0.08304093567251462,0.1497076023391813,0.09707602339181287,0.11461988304093568,0.08304093567251462,0.08070175438596491,0.0935672514619883,0.08187134502923976,0.10877192982456141
758,0.09578544061302682,0.09578544061302682,0.07535121328224777,0.08301404853128991,0.1277139208173691,0.11621966794380588,0.10727969348659004,0.07279693486590039,0.11621966794380588,0.10983397190293742
759,0.07160493827160494,0.13333333333333333,0.1111111111111111,0.08271604938271605,0.05925925925925926,0.10246913580246914,0.1308641975308642,0.07777777777777778,0.14320987654320988,0.08765432098765433
760,0.07804232804232805,0.11772486772486773,0.11507936507936509,0.0687830687830688,0.08333333333333334,0.08465608465608467,0.08201058201058202,0.13359788359788363,0.08465608465608467,0.15211640211640215
761,0.045893719806763295,0.11292270531400968,0.13285024154589375,0.09057971014492755,0.071256038647343,0.1171497584541063,0.0634057971014493,0.0676328502415459,0.12983091787439616,0.16847826086956524
762,0.1026936026936027,0.10101010101010101,0.13636363636363635,0.10606060606060606,0.07575757575757576,0.09090909090909091,0.08922558922558922,0.07744107744107744,0.07575757575757576,0.1447811447811448
763,0.07878787878787878,0.1,0.1,0.1101010101010101,0.13535353535353536,0.12424242424242424,0.08484848484848485,0.10101010101010101,0.05656565656565657,0.10909090909090909
764,0.09325396825396826,0.13624338624338625,0.0992063492063492,0.09986772486772487,0.05423280423280423,0.13161375661375663,0.12037037037037036,0.07275132275132275,0.07341269841269842,0.11904761904761904
765,0.09188034188034187,0.09116809116809116,0.11965811965811964,0.12606837606837604,0.0762108262108262,0.08689458689458689,0.06980056980056978,0.09757834757834755,0.08974358974358973,0.15099715099715097
766,0.12345679012345678,0.07777777777777778,0.11604938271604938,0.07407407407407407,0.05555555555555555,0.12469135802469136,0.10493827160493827,0.08395061728395062,0.11975308641975309,0.11975308641975309
767,0.07668231611893583,0.10328638497652583,0.12206572769953052,0.07198748043818466,0.10485133020344288,0.10328638497652583,0.07981220657276995,0.08294209702660407,0.08607198748043818,0.16901408450704225
768,0.10591900311526481,0.10695742471443408,0.0924195223260644,0.10280373831775702,0.10799584631360333,0.06957424714434061,0.1007268951194185,0.07580477673935619,0.10695742471443408,0.13084112149532712
769,0.09572649572649573,0.1111111111111111,0.1170940170940171,0.06153846153846154,0.06068376068376068,0.07692307692307693,0.1094017094017094,0.11794871794871795,0.1282051282051282,0.12136752136752137
770,0.0882800608828006,0.1004566210045662,0.0821917808219178,0.1293759512937595,0.0837138508371385,0.0974124809741248,0.106544901065449,0.1293759512937595,0.0882800608828006,0.0943683409436834
771,0.059178743961352656,0.08454106280193237,0.10507246376811594,0.07608695652173914,0.0966183574879227,0.11594202898550725,0.09178743961352658,0.1111111111111111,0.0966183574879227,0.16304347826086957
772,0.09523809523809523,0.07539682539682539,0.08465608465608465,0.11507936507936507,0.07275132275132275,0.10052910052910052,0.09391534391534391,0.12566137566137567,0.10714285714285714,0.12962962962962962
773,0.055955235811350916,0.10391686650679456,0.10231814548361311,0.12709832134292565,0.07513988808952837,0.08872901678657075,0.06634692246203037,0.1254996003197442,0.10151878497202238,0.15347721822541965
774,0.08143074581430745,0.11491628614916286,0.1400304414003044,0.11491628614916286,0.0441400304414003,0.0974124809741248,0.10882800608828005,0.06773211567732115,0.08599695585996955,0.1445966514459665
775,0.09174311926605505,0.1671763506625892,0.10091743119266056,0.0672782874617737,0.0744138634046891,0.10295616717635066,0.109072375127421,0.09276248725790011,0.07237512742099898,0.12130479102956167
776,0.06602254428341385,0.08132045088566828,0.09098228663446055,0.11191626409017713,0.08132045088566828,0.05314009661835749,0.12640901771336555,0.10386473429951691,0.1143317230273752,0.1706924315619968
777,0.08796296296296297,0.1388888888888889,0.08564814814814815,0.08680555555555555,0.0763888888888889,0.08449074074074074,0.11458333333333333,0.1111111111111111,0.0775462962962963,0.13657407407407407
778,0.06469760900140648,0.10126582278481013,0.08860759493670886,0.09845288326300984,0.07032348804500703,0.12376933895921238,0.090014064697609,0.12517580872011252,0.13220815752461323,0.10548523206751055
779,0.0779436152570481,0.10281923714759536,0.11276948590381426,0.087893864013267,0.1044776119402985,0.09618573797678276,0.08955223880597014,0.12437810945273632,0.12935323383084577,0.07462686567164178
780,0.08220415537488708,0.07678410117434507,0.06775067750677506,0.16169828364950317,0.08401084010840108,0.06775067750677506,0.12466124661246612,0.08852755194218609,0.13821138211382114,0.10840108401084012
781,0.047093451066961,0.09050772626931568,0.08388520971302428,0.08830022075055188,0.10154525386313466,0.10816777041942605,0.14495952906548934,0.1243561442236939,0.10154525386313466,0.10963944076526858
782,0.1001100110011001,0.1111111111111111,0.10231023102310231,0.056105610561056105,0.1034103410341034,0.11331133113311331,0.09130913091309131,0.09790979097909791,0.1034103410341034,0.12101210121012101
783,0.09217171717171717,0.12247474747474747,0.08712121212121213,0.0845959595959596,0.08712121212121213,0.11363636363636363,0.11742424242424243,0.08585858585858586,0.06691919191919192,0.14267676767676768
784,0.10030864197530864,0.11882716049382716,0.09259259259259259,0.09567901234567901,0.07407407407407407,0.09259259259259259,0.07561728395061729,0.10030864197530864,0.13117283950617284,0.11882716049382716
785,0.06851851851851852,0.12037037037037036,0.10462962962962963,0.1037037037037037,0.07962962962962963,0.11574074074074074,0.12962962962962962,0.07407407407407407,0.1,0.1037037037037037
786,0.0634920634920635,0.10714285714285715,0.126984126984127,0.08730158730158731,0.0753968253968254,0.09656084656084657,0.1256613756613757,0.10052910052910054,0.1097883597883598,0.10714285714285715
787,0.0967741935483871,0.0967741935483871,0.0967741935483871,0.08243727598566308,0.15412186379928317,0.0931899641577061,0.1003584229390681,0.0967741935483871,0.1003584229390681,0.08243727598566308
788,0.08003108003108003,0.15151515151515152,0.14918414918414918,0.08624708624708624,0.05283605283605284,0.12198912198912198,0.08702408702408702,0.06526806526806526,0.10256410256410256,0.10334110334110334
789,0.05531914893617021,0.08652482269503546,0.1016548463356974,0.10732860520094563,0.062411347517730496,0.1574468085106383,0.11536643026004728,0.09929078014184398,0.08037825059101655,0.1342789598108747
790,0.04957264957264958,0.11794871794871796,0.10683760683760685,0.1230769230769231,0.06752136752136753,0.0982905982905983,0.105982905982906,0.10940170940170942,0.0982905982905983,0.1230769230769231
791,0.049045138888888895,0.11631944444444446,0.08029513888888891,0.11154513888888891,0.09375000000000001,0.08420138888888891,0.11935763888888891,0.11545138888888891,0.09288194444444446,0.13715277777777782
792,0.08091787439613526,0.10628019323671498,0.11231884057971014,0.10748792270531402,0.06159420289855073,0.06280193236714976,0.14130434782608695,0.10265700483091787,0.10265700483091787,0.12198067632850242
793,0.047725577926920205,0.13497390007457122,0.1092468307233408,0.09582401193139448,0.07680835197613721,0.13012677106636839,0.0924683072334079,0.10216256524981357,0.08240119313944817,0.12826249067859807
794,0.09281045751633989,0.0954248366013072,0.11895424836601308,0.1150326797385621,0.06666666666666668,0.11372549019607844,0.10980392156862746,0.09019607843137256,0.09150326797385622,0.10588235294117648
795,0.08051529790660225,0.15780998389694043,0.06924315619967794,0.05314009661835749,0.08454106280193237,0.06602254428341385,0.11996779388083736,0.08293075684380032,0.0748792270531401,0.2109500805152979
796,0.07334785766158315,0.0915032679738562,0.09368191721132897,0.07116920842411038,0.07697893972403776,0.13435003631082063,0.10965867828612927,0.12563543936092955,0.0944081336238199,0.12926652142338416
797,0.0898876404494382,0.09737827715355805,0.06991260923845194,0.10486891385767791,0.05742821473158552,0.11235955056179775,0.0986267166042447,0.10611735330836454,0.12484394506866417,0.13857677902621723
798,0.08371385083713852,0.08219178082191782,0.09589041095890412,0.08523592085235922,0.14764079147640793,0.11567732115677322,0.12633181126331813,0.08523592085235922,0.09589041095890412,0.08219178082191782
799,0.06828703703703703,0.10069444444444445,0.09259259259259259,0.10185185185185185,0.08217592592592593,0.11805555555555555,0.09953703703703703,0.12152777777777778,0.09375,0.12152777777777778
800,0.06233062330623306,0.07994579945799458,0.10569105691056911,0.15311653116531165,0.07859078590785908,0.11382113821138211,0.08943089430894309,0.11924119241192412,0.08401084010840108,0.11382113821138211
801,0.07228915662650602,0.14190093708165996,0.08299866131191433,0.07228915662650602,0.07095046854082998,0.12449799196787148,0.0856760374832664,0.10575635876840696,0.12315930388219545,0.12048192771084337
802,0.10413311862587225,0.11594202898550725,0.13365539452495975,0.10950080515297907,0.06494900697799248,0.09071390230810521,0.07997852925389157,0.08964036500268384,0.09876543209876543,0.11272141706924316
803,0.09615384615384616,0.09615384615384616,0.11538461538461539,0.09615384615384616,0.09615384615384616,0.09615384615384616,0.09615384615384616,0.09615384615384616,0.09615384615384616,0.11538461538461539
804,0.08064516129032258,0.0985663082437276,0.0931899641577061,0.0967741935483871,0.08781362007168458,0.12007168458781362,0.0967741935483871,0.12365591397849462,0.08064516129032258,0.12186379928315412
805,0.0935672514619883,0.07456140350877193,0.1023391812865497,0.07748538011695906,0.0891812865497076,0.11695906432748537,0.1154970760233918,0.0935672514619883,0.07163742690058479,0.1652046783625731
806,0.10227272727272728,0.12121212121212122,0.12878787878787878,0.1351010101010101,0.06691919191919192,0.0845959595959596,0.08585858585858586,0.09343434343434344,0.06691919191919192,0.1148989898989899
807,0.07876230661040787,0.06469760900140646,0.07594936708860758,0.08860759493670885,0.07735583684950773,0.09985935302390996,0.1322081575246132,0.09985935302390996,0.12236286919831221,0.16033755274261602
808,0.07462686567164178,0.11608623548922056,0.07628524046434494,0.0812603648424544,0.0978441127694859,0.0978441127694859,0.12603648424543948,0.12935323383084577,0.11276948590381426,0.087893864013267
809,0.09078590785907859,0.13821138211382114,0.13143631436314362,0.09620596205962059,0.06910569105691057,0.10569105691056911,0.08130081300813008,0.06504065040650407,0.0921409214092141,0.13008130081300814
810,0.11662726556343578,0.07959022852639874,0.054373522458628844,0.07565011820330969,0.11032308904649331,0.09062253743104808,0.1284475965327029,0.11347517730496454,0.07722616233254531,0.1536643026004728
811,0.10027100271002708,0.12195121951219509,0.10298102981029808,0.10433604336043358,0.09214092140921408,0.09620596205962056,0.060975609756097546,0.09214092140921408,0.09078590785907857,0.1382113821138211
812,0.07251461988304093,0.10760233918128655,0.11228070175438597,0.0783625730994152,0.09005847953216374,0.1239766081871345,0.08888888888888889,0.13450292397660818,0.07719298245614035,0.11461988304093568
813,0.1057347670250896,0.08243727598566308,0.0967741935483871,0.12186379928315412,0.0985663082437276,0.11290322580645161,0.08243727598566308,0.0913978494623656,0.08064516129032258,0.12724014336917563
814,0.06944444444444446,0.11265432098765434,0.08641975308641976,0.09413580246913582,0.08024691358024692,0.11111111111111112,0.08333333333333334,0.16358024691358028,0.0910493827160494,0.1080246913580247
815,0.07894736842105264,0.08771929824561404,0.13157894736842107,0.07894736842105264,0.12280701754385966,0.07309941520467837,0.11257309941520469,0.06578947368421054,0.10818713450292398,0.14035087719298248
816,0.10004810004810007,0.0764790764790765,0.0966810966810967,0.09235209235209237,0.04761904761904762,0.09620009620009622,0.09956709956709958,0.1115921115921116,0.14333814333814338,0.13612313612313615
817,0.08408408408408409,0.08558558558558559,0.1021021021021021,0.08258258258258258,0.12462462462462462,0.0915915915915916,0.11561561561561562,0.08408408408408409,0.12312312312312312,0.1066066066066066
818,0.09452736318407957,0.10281923714759533,0.09286898839137643,0.1368159203980099,0.09618573797678273,0.1003316749585406,0.11111111111111108,0.09867330016583745,0.037313432835820885,0.12935323383084574
819,0.058070416095107456,0.11659807956104253,0.05852766346593507,0.12711476909007774,0.04755372656607224,0.12162780064014632,0.14586191129401005,0.11751257430269776,0.0877914951989026,0.11934156378600823
820,0.07700770077007701,0.0814081408140814,0.1353135313531353,0.09570957095709572,0.07920792079207921,0.09350935093509351,0.12981298129812982,0.09460946094609461,0.0968096809680968,0.11661166116611661
821,0.07681755829903979,0.10973936899862825,0.10973936899862825,0.0877914951989026,0.09602194787379972,0.08093278463648834,0.12482853223593965,0.09465020576131687,0.07681755829903979,0.14266117969821673
822,0.052823315118397086,0.08955676988463873,0.08196721311475409,0.129933211900425,0.0525197328476017,0.09441408621736491,0.1305403764420158,0.1572556162720097,0.09441408621736491,0.11657559198542805
823,0.08077360637087601,0.10542282897231704,0.1001137656427759,0.1293136139552522,0.08494501327265834,0.08797876374668184,0.12286689419795223,0.08797876374668184,0.06446719757299964,0.1361395525218051
824,0.11512717536813923,0.11646586345381527,0.09370816599732262,0.10441767068273092,0.06157965194109773,0.06827309236947791,0.12583668005354753,0.12717536813922356,0.06157965194109773,0.12583668005354753
825,0.11646586345381528,0.10843373493975905,0.09370816599732264,0.09103078982597056,0.08701472556894245,0.12048192771084339,0.06425702811244981,0.09906291834002678,0.09638554216867472,0.12315930388219547
826,0.06143162393162393,0.10202991452991453,0.09829059829059829,0.13835470085470086,0.05128205128205128,0.12606837606837606,0.08547008547008547,0.0811965811965812,0.10683760683760683,0.14903846153846154
827,0.12070707070707071,0.09292929292929293,0.1318181818181818,0.05454545454545454,0.05505050505050505,0.12676767676767678,0.1095959595959596,0.1191919191919192,0.0691919191919192,0.1202020202020202
828,0.0925925925925926,0.10846560846560847,0.1097883597883598,0.08201058201058202,0.08465608465608467,0.08201058201058202,0.130952380952381,0.09523809523809525,0.08465608465608467,0.12962962962962965
829,0.06651549508692366,0.1379440665154951,0.08767951625094482,0.12131519274376418,0.038170823885109596,0.1145124716553288,0.05895691609977324,0.1073318216175359,0.11337868480725624,0.15419501133786848
830,0.07511737089201878,0.07042253521126761,0.07042253521126761,0.081377151799687,0.11580594679186229,0.14397496087636932,0.09702660406885759,0.17370892018779344,0.07198748043818466,0.10015649452269171
831,0.07602339181286549,0.14619883040935672,0.0935672514619883,0.1154970760233918,0.06725146198830409,0.07456140350877193,0.07017543859649122,0.09502923976608187,0.097953216374269,0.16374269005847952
832,0.08791208791208792,0.10500610500610501,0.08058608058608059,0.0989010989010989,0.12698412698412698,0.0989010989010989,0.09035409035409035,0.1111111111111111,0.09157509157509157,0.10866910866910867
833,0.078125,0.078125,0.1267361111111111,0.09895833333333333,0.1111111111111111,0.08854166666666667,0.109375,0.10069444444444445,0.08680555555555555,0.12152777777777778
834,0.07936507936507937,0.07936507936507937,0.11640211640211641,0.07936507936507937,0.08641975308641976,0.08994708994708996,0.14109347442680778,0.11111111111111112,0.09347442680776015,0.1234567901234568
835,0.06756756756756759,0.0810810810810811,0.0825825825825826,0.07207207207207209,0.11711711711711713,0.0930930930930931,0.12912912912912916,0.13813813813813816,0.12012012012012013,0.09909909909909911
836,0.0860215053763441,0.08363201911589009,0.07885304659498209,0.0943847072879331,0.1756272401433692,0.08124253285543609,0.11469534050179213,0.11708482676224613,0.08841099163679811,0.0800477897252091
837,0.0989159891598916,0.10975609756097561,0.07588075880758807,0.1070460704607046,0.08672086720867209,0.1043360433604336,0.16124661246612465,0.08130081300813008,0.08401084010840108,0.09078590785907859
838,0.09941520467836257,0.07953216374269007,0.07368421052631578,0.08421052631578947,0.07953216374269007,0.10526315789473684,0.13099415204678364,0.11228070175438597,0.10058479532163743,0.13450292397660818
839,0.048611111111111126,0.1160714285714286,0.058531746031746046,0.09226190476190478,0.08134920634920637,0.12500000000000003,0.130952380952381,0.1031746031746032,0.11011904761904764,0.13392857142857145
840,0.057546145494028214,0.1154542164314151,0.05609844372059354,0.10676800579080707,0.052841114730365533,0.1165399927614911,0.13282663771263117,0.09156713716974302,0.08975750995294968,0.18060079623597536
841,0.10090702947845807,0.1122448979591837,0.0941043083900227,0.06916099773242632,0.09977324263038552,0.12471655328798188,0.12358276643990933,0.07823129251700682,0.08276643990929707,0.11451247165532882
842,0.0966183574879227,0.12238325281803543,0.07246376811594203,0.08051529790660225,0.13365539452495975,0.0966183574879227,0.10950080515297907,0.08695652173913043,0.09822866344605476,0.10305958132045089
843,0.09371980676328502,0.13526570048309178,0.08405797101449275,0.17681159420289855,0.07053140096618357,0.08695652173913043,0.09371980676328502,0.10241545893719807,0.10338164251207729,0.05314009661835749
844,0.06031746031746032,0.04973544973544974,0.10052910052910052,0.08042328042328042,0.09312169312169312,0.12275132275132275,0.05714285714285714,0.12275132275132275,0.12169312169312169,0.19153439153439153
845,0.049873737373737376,0.10353535353535354,0.05303030303030303,0.11616161616161616,0.08080808080808081,0.10984848484848485,0.12815656565656566,0.1369949494949495,0.06818181818181818,0.1534090909090909
846,0.0982615268329554,0.07709750566893424,0.09901738473167045,0.0801209372637944,0.12244897959183673,0.10052910052910052,0.07936507936507936,0.10128495842781557,0.10506424792139078,0.1368102796674225
847,0.08173076923076923,0.14423076923076922,0.1111111111111111,0.10576923076923077,0.042200854700854704,0.07905982905982906,0.13141025641025642,0.11004273504273504,0.08547008547008547,0.10897435897435898
848,0.06584362139917696,0.09876543209876543,0.11699000587889477,0.058788947677836566,0.04997060552616108,0.07231040564373897,0.15167548500881833,0.17519106407995297,0.06584362139917696,0.14462081128747795
849,0.08823529411764705,0.13834422657952067,0.12091503267973853,0.06100217864923746,0.07843137254901959,0.116557734204793,0.08823529411764705,0.10239651416122002,0.08714596949891067,0.11873638344226577
850,0.09023941068139964,0.10374462860650706,0.1356660527931246,0.10620012277470842,0.07734806629834254,0.0865561694290976,0.07427869858809086,0.09392265193370165,0.10681399631675875,0.1252302025782689
851,0.09143518518518517,0.1145833333333333,0.10185185185185182,0.08680555555555554,0.09606481481481478,0.07986111111111109,0.12152777777777775,0.09143518518518517,0.1273148148148148,0.08912037037037035
852,0.08986928104575163,0.08986928104575163,0.09640522875816994,0.09477124183006536,0.13071895424836602,0.09313725490196079,0.119281045751634,0.08823529411764706,0.0915032679738562,0.10620915032679738
853,0.12008978675645343,0.09764309764309766,0.10662177328843997,0.14029180695847365,0.08080808080808083,0.05611672278338946,0.07182940516273852,0.12233445566778901,0.07744107744107745,0.1268237934904602
854,0.09333333333333332,0.10518518518518516,0.08888888888888888,0.11111111111111108,0.07999999999999999,0.09629629629629627,0.0859259259259259,0.09185185185185184,0.10666666666666665,0.14074074074074072
855,0.0804093567251462,0.07163742690058479,0.06578947368421052,0.097953216374269,0.06578947368421052,0.097953216374269,0.1915204678362573,0.1111111111111111,0.07602339181286549,0.14181286549707603
856,0.09546165884194054,0.07668231611893583,0.07511737089201878,0.09702660406885759,0.08450704225352113,0.10172143974960876,0.10485133020344288,0.13458528951486698,0.10954616588419405,0.12050078247261346
857,0.08943089430894309,0.07859078590785908,0.11517615176151762,0.08536585365853659,0.0921409214092141,0.07994579945799458,0.12737127371273713,0.07588075880758807,0.10298102981029811,0.15311653116531165
858,0.07692307692307693,0.13105413105413105,0.09259259259259259,0.11253561253561253,0.07264957264957266,0.0811965811965812,0.0754985754985755,0.09116809116809117,0.1168091168091168,0.14957264957264957
859,0.0852359208523592,0.1156773211567732,0.091324200913242,0.0745814307458143,0.1035007610350076,0.0958904109589041,0.0867579908675799,0.1232876712328767,0.0989345509893455,0.1248097412480974
860,0.0806878306878307,0.12962962962962965,0.1044973544973545,0.06746031746031747,0.0687830687830688,0.10052910052910054,0.12301587301587302,0.08597883597883599,0.08862433862433863,0.1507936507936508
861,0.129764801297648,0.10948905109489052,0.09245742092457421,0.06082725060827251,0.0665044606650446,0.1386861313868613,0.10624493106244931,0.08840227088402271,0.0786699107866991,0.12895377128953772
862,0.06574621959237344,0.13149243918474687,0.15910585141354372,0.10979618671926364,0.06443129520052597,0.10190664036817883,0.0992767915844839,0.08744247205785667,0.09072978303747535,0.09007232084155162
863,0.08878504672897197,0.1090342679127726,0.10643821391484944,0.10955347871235722,0.10384215991692629,0.10020768431983387,0.07009345794392524,0.0462097611630322,0.12720664589823472,0.1386292834890966
864,0.07387387387387385,0.14114114114114112,0.09969969969969968,0.11771771771771769,0.06546546546546546,0.06786786786786786,0.1387387387387387,0.09609609609609607,0.07747747747747746,0.12192192192192189
865,0.0847457627118644,0.096045197740113,0.0847457627118644,0.12052730696798493,0.0847457627118644,0.12994350282485875,0.09792843691148775,0.11487758945386065,0.0847457627118644,0.1016949152542373
866,0.06400409626216078,0.1597542242703533,0.06963645673323093,0.10138248847926268,0.08038914490527393,0.08858166922683051,0.09779825908858167,0.13671274961597543,0.10343061955965181,0.09831029185867896
867,0.09401709401709402,0.1242603550295858,0.1433267587113741,0.1032215647600263,0.09598948060486522,0.09861932938856016,0.057856673241288625,0.0670611439842209,0.1071663379355687,0.10848126232741617
868,0.0855614973262032,0.11645870469399881,0.13428401663695783,0.08377896613190731,0.05763517528223411,0.08318478906714201,0.1538918597742127,0.11942959001782531,0.0825906120023767,0.08318478906714201
869,0.049019607843137254,0.05620915032679739,0.08104575163398693,0.16993464052287582,0.043137254901960784,0.08169934640522876,0.10980392156862745,0.11764705882352941,0.07973856209150326,0.21176470588235294
870,0.07318376068376069,0.09081196581196581,0.13087606837606838,0.09027777777777778,0.053952991452991456,0.1388888888888889,0.1063034188034188,0.1201923076923077,0.05235042735042735,0.14316239316239315
871,0.09104938271604938,0.08410493827160494,0.07947530864197531,0.07561728395061729,0.0787037037037037,0.10725308641975309,0.15046296296296297,0.09567901234567901,0.08950617283950617,0.14814814814814814
872,0.09305555555555556,0.10277777777777777,0.1375,0.07083333333333333,0.09166666666666666,0.12777777777777777,0.08472222222222223,0.10694444444444444,0.0625,0.12222222222222222
873,0.11877394636015326,0.07662835249042145,0.2021072796934866,0.07088122605363985,0.08045977011494253,0.12643678160919541,0.10344827586206896,0.07567049808429119,0.05842911877394636,0.0871647509578544
874,0.06779661016949153,0.07062146892655367,0.07627118644067797,0.11581920903954802,0.1327683615819209,0.1638418079096045,0.07909604519774012,0.096045197740113,0.08286252354048965,0.11487758945386065
875,0.08367626886145405,0.12071330589849108,0.09739368998628258,0.09190672153635117,0.0877914951989026,0.09876543209876543,0.13991769547325103,0.11796982167352538,0.09876543209876543,0.06310013717421124
876,0.05501089324618736,0.1383442265795207,0.10947712418300654,0.0659041394335512,0.049564270152505446,0.08769063180827887,0.16394335511982572,0.11819172113289761,0.09041394335511982,0.12145969498910675
877,0.09822866344605476,0.1143317230273752,0.10789049919484701,0.0966183574879227,0.08051529790660225,0.1111111111111111,0.10789049919484701,0.08695652173913043,0.08856682769726248,0.10789049919484701
878,0.09824561403508772,0.13450292397660818,0.09590643274853801,0.0783625730994152,0.08070175438596491,0.11345029239766082,0.09239766081871345,0.11695906432748537,0.08538011695906433,0.10409356725146199
879,0.07807807807807808,0.12312312312312312,0.08108108108108109,0.16216216216216217,0.05405405405405406,0.07732732732732733,0.11411411411411411,0.07207207207207207,0.06156156156156156,0.17642642642642642
880,0.06893004115226338,0.08333333333333333,0.1388888888888889,0.12757201646090535,0.059670781893004114,0.09876543209876543,0.1183127572016461,0.102880658436214,0.09259259259259259,0.10905349794238683
881,0.07913279132791327,0.07913279132791327,0.1013550135501355,0.0883468834688347,0.05962059620596206,0.08997289972899729,0.0943089430894309,0.11653116531165311,0.11219512195121951,0.17940379403794038
882,0.07807807807807808,0.07607607607607608,0.11211211211211211,0.12812812812812813,0.08008008008008008,0.1111111111111111,0.12212212212212212,0.06806806806806807,0.08608608608608609,0.13813813813813813
883,0.09523809523809525,0.08862433862433863,0.16666666666666669,0.07010582010582012,0.07671957671957673,0.0806878306878307,0.16534391534391538,0.0925925925925926,0.08597883597883599,0.07804232804232805
884,0.0482695810564663,0.0965391621129326,0.11839708561020036,0.11020036429872496,0.0692167577413479,0.04644808743169399,0.17759562841530055,0.12659380692167577,0.07741347905282331,0.12932604735883424
885,0.08307372793354102,0.059190031152647975,0.09241952232606439,0.1142263759086189,0.08826583592938733,0.1256490134994808,0.1391484942886812,0.07476635514018691,0.10176531671858775,0.12149532710280374
886,0.08055555555555556,0.08472222222222223,0.15694444444444444,0.07083333333333333,0.07777777777777778,0.07777777777777778,0.07361111111111111,0.14722222222222223,0.08055555555555556,0.15
887,0.10376492194674014,0.10560146923783288,0.08448117539026631,0.10651974288337926,0.07346189164370984,0.09182736455463729,0.11845730027548211,0.08907254361799817,0.11294765840220387,0.11386593204775024
888,0.052873563218390804,0.1103448275862069,0.10881226053639846,0.06666666666666667,0.10574712643678161,0.06743295019157088,0.11647509578544062,0.10268199233716475,0.05517241379310345,0.21379310344827587
889,0.1087962962962963,0.08796296296296297,0.1111111111111111,0.09259259259259259,0.08217592592592593,0.08912037037037036,0.15393518518518517,0.09837962962962964,0.09027777777777778,0.08564814814814815
890,0.10047281323877069,0.0851063829787234,0.12056737588652482,0.09692671394799054,0.08156028368794327,0.08747044917257683,0.09456264775413711,0.09574468085106383,0.08983451536643026,0.14775413711583923
891,0.050793650793650794,0.13544973544973546,0.0962962962962963,0.06031746031746032,0.10052910052910052,0.08783068783068783,0.09523809523809523,0.13015873015873017,0.11534391534391535,0.12804232804232804
892,0.06641123882503193,0.07535121328224777,0.06896551724137931,0.09067688378033206,0.09961685823754789,0.1392081736909323,0.10472541507024266,0.14559386973180077,0.0983397190293742,0.1111111111111111
893,0.06666666666666667,0.09185185185185185,0.11851851851851852,0.11703703703703704,0.08444444444444445,0.09185185185185185,0.12296296296296297,0.10222222222222223,0.08592592592592592,0.11851851851851852
894,0.09003831417624522,0.09003831417624522,0.08237547892720308,0.12260536398467434,0.10727969348659006,0.117816091954023,0.08524904214559388,0.09865900383141764,0.11302681992337166,0.09291187739463604
895,0.0761904761904762,0.10317460317460317,0.12063492063492064,0.08095238095238096,0.07301587301587302,0.09047619047619047,0.14603174603174604,0.10634920634920635,0.08888888888888889,0.11428571428571428
896,0.1075036075036075,0.1075036075036075,0.13564213564213565,0.11183261183261184,0.06565656565656566,0.06493506493506493,0.1038961038961039,0.07142857142857142,0.0772005772005772,0.1544011544011544
897,0.09436834094368342,0.11263318112633182,0.09589041095890412,0.10654490106544902,0.10045662100456622,0.08066971080669712,0.11415525114155252,0.09893455098934552,0.10197869101978692,0.09436834094368342
898,0.04370370370370371,0.058518518518518525,0.1318518518518519,0.13851851851851854,0.03555555555555556,0.14444444444444446,0.07407407407407408,0.1125925925925926,0.10814814814814816,0.1525925925925926
899,0.08043117744610281,0.07628524046434494,0.1384742951907131,0.09618573797678276,0.07545605306799337,0.12935323383084577,0.14013266998341625,0.05638474295190713,0.07711442786069651,0.13018242122719734
900,0.07320261437908497,0.06666666666666667,0.08104575163398693,0.09673202614379085,0.12418300653594772,0.08104575163398693,0.07058823529411765,0.12549019607843137,0.12679738562091503,0.1542483660130719
901,0.08225108225108226,0.09090909090909091,0.11832611832611832,0.07936507936507936,0.10822510822510822,0.10245310245310245,0.11976911976911978,0.09090909090909091,0.10101010101010101,0.10678210678210678
902,0.07381507381507381,0.08702408702408702,0.10955710955710955,0.09401709401709402,0.08313908313908314,0.08313908313908314,0.11732711732711733,0.11965811965811966,0.09324009324009325,0.13908313908313907
903,0.05714285714285715,0.08571428571428573,0.1354497354497355,0.08730158730158731,0.04867724867724869,0.11164021164021165,0.117989417989418,0.09576719576719578,0.06402116402116403,0.19629629629629633
904,0.06093189964157707,0.13118279569892477,0.12616487455197137,0.06164874551971327,0.0817204301075269,0.09677419354838711,0.10537634408602152,0.10681003584229393,0.11756272401433693,0.11182795698924733
905,0.060164968461911696,0.12760795730228044,0.10334788937409024,0.08248423095584667,0.07035419699175158,0.09898107714701601,0.13294517224648228,0.09558466763706938,0.0611353711790393,0.16739446870451238
906,0.06441223832528181,0.13043478260869568,0.09930220075147612,0.09286097691894794,0.0413311862587225,0.053140096618357495,0.15673644659151909,0.08910359634997317,0.09232420826623726,0.18035426731078907
907,0.05336832895888015,0.11898512685914261,0.04899387576552931,0.1014873140857393,0.06999125109361332,0.09798775153105863,0.14173228346456695,0.09186351706036747,0.11986001749781279,0.15573053368328962
908,0.10954616588419405,0.10954616588419405,0.09859154929577464,0.09233176838810642,0.1267605633802817,0.08450704225352113,0.09702660406885759,0.08607198748043818,0.09233176838810642,0.10328638497652583
909,0.09294871794871795,0.09188034188034189,0.08547008547008547,0.1527777777777778,0.08653846153846154,0.06944444444444445,0.1111111111111111,0.07158119658119658,0.08653846153846154,0.1517094017094017
910,0.08039215686274512,0.13594771241830067,0.1647058823529412,0.05882352941176471,0.06143790849673203,0.10000000000000002,0.10522875816993466,0.06732026143790851,0.07908496732026145,0.1470588235294118
911,0.06098579782790309,0.11278195488721804,0.11862990810359231,0.07685881370091896,0.10275689223057644,0.1086048454469507,0.14202172096908938,0.10944026733500417,0.07351712614870509,0.09440267335004177
912,0.051515151515151514,0.15286195286195287,0.11077441077441078,0.10740740740740741,0.0595959595959596,0.056902356902356906,0.10471380471380472,0.13232323232323231,0.08047138047138047,0.14343434343434344
913,0.07195767195767197,0.0888888888888889,0.06772486772486774,0.0814814814814815,0.0687830687830688,0.10476190476190478,0.10264550264550266,0.12275132275132276,0.08994708994708996,0.20105820105820107
914,0.08970438328236495,0.08460754332313966,0.09683995922528034,0.09174311926605506,0.049949031600407756,0.12130479102956168,0.19266055045871563,0.12232415902140674,0.06523955147808361,0.08562691131498472
915,0.07270233196159122,0.11385459533607682,0.10150891632373114,0.0644718792866941,0.09053497942386832,0.1467764060356653,0.07956104252400549,0.11659807956104253,0.08093278463648834,0.13305898491083676
916,0.05982905982905983,0.07936507936507936,0.07264957264957266,0.10378510378510379,0.07631257631257632,0.13125763125763126,0.11172161172161173,0.10073260073260074,0.10012210012210013,0.16422466422466422
917,0.0781078107810781,0.09460946094609461,0.08250825082508251,0.10231023102310231,0.1034103410341034,0.10231023102310231,0.1353135313531353,0.09570957095709572,0.06490649064906491,0.1408140814081408
918,0.07407407407407407,0.09333333333333334,0.11259259259259259,0.08296296296296296,0.08296296296296296,0.08,0.1037037037037037,0.12148148148148148,0.12296296296296297,0.1259259259259259
919,0.06464646464646465,0.11212121212121212,0.09393939393939393,0.07777777777777778,0.09898989898989899,0.08383838383838384,0.13535353535353536,0.11212121212121212,0.10303030303030303,0.11818181818181818
920,0.05782312925170067,0.10997732426303852,0.07596371882086167,0.0839002267573696,0.09070294784580497,0.10430839002267571,0.1258503401360544,0.11904761904761901,0.07256235827664398,0.15986394557823128
921,0.06003159557661926,0.11795681937862029,0.09373354397051079,0.11585044760400208,0.06371774618220115,0.10321221695629276,0.07898894154818324,0.09057398630858345,0.11111111111111108,0.1648235913638757
922,0.07232704402515723,0.12159329140461216,0.11425576519916142,0.1069182389937107,0.07861635220125786,0.08280922431865828,0.14255765199161424,0.11844863731656184,0.08385744234800839,0.07861635220125786
923,0.10777777777777778,0.09888888888888889,0.08666666666666667,0.11888888888888889,0.07444444444444444,0.13444444444444445,0.09888888888888889,0.07777777777777778,0.12111111111111111,0.0811111111111111
924,0.06464646464646465,0.08686868686868687,0.07474747474747474,0.12525252525252525,0.06262626262626263,0.12626262626262627,0.06767676767676768,0.07474747474747474,0.10202020202020202,0.21515151515151515
925,0.08265582655826559,0.13414634146341464,0.11382113821138211,0.15853658536585366,0.09078590785907859,0.08130081300813008,0.0921409214092141,0.08672086720867209,0.07588075880758807,0.08401084010840108
926,0.06296296296296296,0.09777777777777778,0.0637037037037037,0.11703703703703704,0.07777777777777778,0.18962962962962962,0.07703703703703704,0.10296296296296296,0.06444444444444444,0.14666666666666667
927,0.07180650037792895,0.18594104308390022,0.08767951625094482,0.08616780045351474,0.0801209372637944,0.05139833711262283,0.10506424792139078,0.09750566893424037,0.10808767951625095,0.12622826908541193
928,0.10987654320987654,0.07530864197530865,0.12098765432098765,0.1,0.08888888888888889,0.09753086419753086,0.10246913580246914,0.07901234567901234,0.1271604938271605,0.09876543209876543
929,0.08444444444444445,0.1322222222222222,0.10333333333333333,0.09666666666666666,0.058888888888888886,0.12,0.08444444444444445,0.11555555555555555,0.10777777777777778,0.09666666666666666
930,0.07615480649188515,0.12109862671660425,0.10362047440699126,0.12983770287141075,0.066167290886392,0.1198501872659176,0.09113607990012484,0.08614232209737828,0.08239700374531835,0.12359550561797752
931,0.08289241622574955,0.07936507936507936,0.08112874779541446,0.09347442680776014,0.10229276895943562,0.10758377425044091,0.09700176366843033,0.12698412698412698,0.11816578483245149,0.1111111111111111
932,0.08264462809917356,0.10927456382001836,0.07254361799816346,0.06336088154269973,0.0844811753902663,0.10101010101010101,0.1184573002754821,0.10651974288337925,0.07529843893480258,0.18640955004591367
933,0.11290322580645161,0.10752688172043011,0.15591397849462366,0.08781362007168458,0.08064516129032258,0.0967741935483871,0.08243727598566308,0.0985663082437276,0.0967741935483871,0.08064516129032258
934,0.1,0.0962962962962963,0.08888888888888889,0.14938271604938272,0.06049382716049383,0.07777777777777778,0.07160493827160494,0.11975308641975309,0.08271604938271605,0.15308641975308643
935,0.10485133020344288,0.10485133020344288,0.10328638497652583,0.06729264475743349,0.09154929577464789,0.12910798122065728,0.0782472613458529,0.08528951486697965,0.09546165884194054,0.14006259780907668
936,0.06944444444444443,0.08796296296296295,0.10956790123456787,0.15740740740740738,0.08333333333333331,0.08333333333333331,0.08487654320987653,0.07870370370370369,0.15586419753086417,0.08950617283950615
937,0.07804232804232804,0.0992063492063492,0.08928571428571429,0.0701058201058201,0.09788359788359788,0.09259259259259259,0.1335978835978836,0.08333333333333333,0.0582010582010582,0.19775132275132276
938,0.13066666666666668,0.10133333333333334,0.09422222222222223,0.10311111111111113,0.05422222222222223,0.0817777777777778,0.08533333333333334,0.0968888888888889,0.09955555555555556,0.1528888888888889
939,0.07493540051679587,0.08656330749354005,0.09388458225667529,0.12403100775193798,0.10034453057708871,0.1029285099052541,0.07450473729543497,0.12962962962962962,0.05813953488372093,0.15503875968992248
940,0.11695906432748537,0.11695906432748537,0.08966861598440545,0.10526315789473684,0.09551656920077972,0.08966861598440545,0.10526315789473684,0.09551656920077972,0.09746588693957114,0.08771929824561403
941,0.08623548922056384,0.08208955223880597,0.09950248756218906,0.09867330016583747,0.08955223880597014,0.11525704809286899,0.14096185737976782,0.0912106135986733,0.05804311774461028,0.1384742951907131
942,0.058823529411764705,0.09019607843137255,0.07712418300653595,0.11372549019607843,0.11241830065359477,0.1568627450980392,0.07973856209150326,0.08235294117647059,0.0718954248366013,0.1568627450980392
943,0.09477124183006536,0.08823529411764706,0.10457516339869281,0.07352941176470588,0.07679738562091504,0.08333333333333333,0.09803921568627451,0.14705882352941177,0.13562091503267973,0.09803921568627451
944,0.08378870673952642,0.10382513661202186,0.11293260473588343,0.10564663023679417,0.08196721311475409,0.08196721311475409,0.09836065573770492,0.10564663023679417,0.11475409836065574,0.1111111111111111
945,0.06415094339622641,0.1190775681341719,0.07631027253668764,0.09224318658280922,0.06918238993710692,0.09266247379454927,0.09517819706498952,0.1480083857442348,0.08469601677148847,0.15849056603773584
946,0.0898876404494382,0.12983770287141075,0.08739076154806492,0.11860174781523096,0.06491885143570537,0.11235955056179775,0.10486891385767791,0.10112359550561797,0.10112359550561797,0.0898876404494382
947,0.07503607503607503,0.16450216450216448,0.10101010101010098,0.07936507936507935,0.0981240981240981,0.08513708513708512,0.1284271284271284,0.11688311688311685,0.07359307359307359,0.0779220779220779
948,0.05609492988133765,0.11326860841423948,0.14023732470334413,0.08629989212513485,0.07659115426105717,0.133764832793959,0.0970873786407767,0.10787486515641856,0.07982740021574973,0.10895361380798274
949,0.08450704225352114,0.09076682316118938,0.12676056338028172,0.09546165884194055,0.10798122065727701,0.09546165884194055,0.09859154929577466,0.11111111111111112,0.1048513302034429,0.08450704225352114
950,0.0457516339869281,0.09313725490196079,0.16339869281045752,0.07107843137254902,0.058823529411764705,0.11274509803921569,0.09395424836601307,0.1053921568627451,0.10375816993464053,0.15196078431372548
951,0.08080808080808081,0.10606060606060606,0.10101010101010101,0.10984848484848485,0.07575757575757576,0.09595959595959595,0.09217171717171717,0.11868686868686869,0.09090909090909091,0.12878787878787878
952,0.1388888888888889,0.11403508771929824,0.08625730994152046,0.08187134502923976,0.07894736842105263,0.10380116959064327,0.1067251461988304,0.09502923976608187,0.097953216374269,0.09649122807017543
953,0.06790123456790123,0.12139917695473251,0.06172839506172839,0.07716049382716049,0.06481481481481481,0.09465020576131687,0.1419753086419753,0.13580246913580246,0.11522633744855967,0.11934156378600823
954,0.08828006088280062,0.11872146118721463,0.11111111111111113,0.10350076103500763,0.08980213089802132,0.12633181126331813,0.08523592085235922,0.08828006088280062,0.11111111111111113,0.07762557077625572
955,0.07456140350877193,0.10526315789473684,0.10380116959064327,0.08771929824561403,0.0935672514619883,0.11988304093567251,0.13157894736842105,0.11257309941520467,0.07602339181286549,0.09502923976608187
956,0.06051587301587302,0.07638888888888891,0.12500000000000003,0.08333333333333334,0.07341269841269843,0.08432539682539685,0.15773809523809526,0.10912698412698414,0.09424603174603176,0.13591269841269843
957,0.08518518518518518,0.1287037037037037,0.08703703703703704,0.11666666666666667,0.05092592592592592,0.07685185185185185,0.12407407407407407,0.12962962962962962,0.10555555555555556,0.09537037037037037
958,0.07338820301783265,0.12962962962962962,0.1111111111111111,0.07338820301783265,0.062414266117969824,0.08984910836762688,0.09465020576131687,0.09259259259259259,0.0953360768175583,0.1776406035665295
959,0.10564663023679419,0.11020036429872497,0.12477231329690347,0.0655737704918033,0.07741347905282332,0.09471766848816031,0.13205828779599274,0.06284153005464482,0.07741347905282332,0.14936247723132973
960,0.11431623931623931,0.0641025641025641,0.07905982905982906,0.06517094017094018,0.05128205128205128,0.12179487179487179,0.11217948717948718,0.11965811965811966,0.15064102564102563,0.12179487179487179
961,0.07355242566510173,0.14084507042253522,0.09233176838810642,0.12363067292644757,0.0892018779342723,0.08763693270735524,0.09546165884194054,0.1111111111111111,0.07042253521126761,0.11580594679186229
962,0.08,0.09037037037037036,0.0874074074074074,0.1474074074074074,0.09185185185185185,0.1274074074074074,0.08074074074074074,0.09037037037037036,0.10296296296296296,0.10148148148148148
963,0.05228758169934641,0.14215686274509803,0.061274509803921566,0.1323529411764706,0.05228758169934641,0.11519607843137254,0.05228758169934641,0.17973856209150327,0.08823529411764706,0.12418300653594772
964,0.07723577235772358,0.10298102981029811,0.07994579945799458,0.08943089430894309,0.10975609756097561,0.0989159891598916,0.11517615176151762,0.11653116531165311,0.10569105691056911,0.1043360433604336
965,0.06944444444444445,0.09635416666666667,0.16666666666666666,0.13368055555555555,0.08506944444444445,0.10416666666666667,0.08680555555555555,0.08246527777777778,0.06944444444444445,0.10590277777777778
966,0.0684931506849315,0.0898021308980213,0.1126331811263318,0.0882800608828006,0.0791476407914764,0.091324200913242,0.1385083713850837,0.1308980213089802,0.0715372907153729,0.1293759512937595
967,0.06186868686868688,0.07702020202020203,0.0883838383838384,0.1287878787878788,0.1287878787878788,0.0984848484848485,0.13510101010101014,0.1085858585858586,0.07702020202020203,0.09595959595959597
968,0.08169934640522876,0.07352941176470588,0.13562091503267973,0.10294117647058823,0.09803921568627451,0.10130718954248366,0.12091503267973856,0.08496732026143791,0.08169934640522876,0.119281045751634
969,0.11566484517304189,0.10018214936247723,0.12386156648451731,0.09927140255009108,0.05373406193078324,0.11839708561020036,0.10746812386156648,0.08743169398907104,0.0610200364298725,0.13296903460837886
970,0.09276248725790011,0.12538226299694188,0.14678899082568808,0.11009174311926606,0.047910295616717634,0.11009174311926606,0.10805300713557595,0.09174311926605505,0.0652395514780836,0.1019367991845056
971,0.07272727272727272,0.12424242424242424,0.13131313131313133,0.11212121212121212,0.09797979797979799,0.052525252525252523,0.1484848484848485,0.09090909090909091,0.09797979797979799,0.07171717171717172
972,0.061068702290076333,0.10178117048346055,0.11620016963528414,0.09414758269720101,0.06785411365564037,0.09838846480067855,0.07548770144189991,0.07803223070398643,0.10517387616624257,0.2018659881255301
973,0.12096774193548387,0.12007168458781362,0.09767025089605735,0.06003584229390681,0.08602150537634409,0.07974910394265233,0.0931899641577061,0.10752688172043011,0.05017921146953405,0.18458781362007168
974,0.07777777777777779,0.10138888888888892,0.10694444444444447,0.06944444444444446,0.07083333333333335,0.1305555555555556,0.10972222222222225,0.13750000000000004,0.10138888888888892,0.09444444444444447
975,0.08163265306122448,0.10430839002267574,0.13151927437641722,0.10770975056689343,0.06802721088435375,0.09410430839002268,0.09410430839002268,0.08049886621315193,0.14512471655328799,0.09297052154195011
976,0.08547008547008547,0.0892687559354226,0.0835707502374169,0.08072174738841406,0.0446343779677113,0.05887939221272555,0.10446343779677113,0.1462488129154796,0.11870845204178537,0.18803418803418803
977,0.07671957671957672,0.10582010582010581,0.07142857142857142,0.08024691358024691,0.09523809523809523,0.1490299823633157,0.09435626102292768,0.10934744268077601,0.10846560846560846,0.10934744268077601
978,0.08994708994708994,0.08994708994708994,0.11243386243386243,0.11243386243386243,0.07275132275132275,0.08333333333333333,0.16005291005291006,0.10185185185185185,0.08597883597883597,0.09126984126984126
979,0.059722222222222225,0.09583333333333334,0.12152777777777778,0.04791666666666667,0.10347222222222222,0.14305555555555555,0.08541666666666667,0.10555555555555556,0.1111111111111111,0.12638888888888888
980,0.09356725146198831,0.09824561403508773,0.10526315789473685,0.11111111111111112,0.054970760233918135,0.1298245614035088,0.09824561403508773,0.09473684210526317,0.08538011695906435,0.12865497076023394
981,0.08203530633437175,0.09553478712357218,0.12149532710280374,0.09449636552440291,0.08203530633437175,0.1059190031152648,0.12045690550363447,0.07684319833852545,0.08618899273104881,0.13499480789200416
982,0.07818930041152265,0.10699588477366256,0.09876543209876544,0.11385459533607684,0.10973936899862827,0.08916323731138548,0.08641975308641976,0.08504801097393691,0.09327846364883403,0.1385459533607682
983,0.08506944444444445,0.078125,0.09027777777777778,0.09375,0.1076388888888889,0.1111111111111111,0.1111111111111111,0.1111111111111111,0.08680555555555555,0.125
984,0.11382113821138211,0.10840108401084012,0.06639566395663957,0.08536585365853659,0.1002710027100271,0.12330623306233063,0.16531165311653118,0.09349593495934959,0.08265582655826559,0.06097560975609756
985,0.10015649452269172,0.10015649452269172,0.1048513302034429,0.08607198748043819,0.1048513302034429,0.11893583724569641,0.0970266040688576,0.08920187793427231,0.08450704225352114,0.11424100156494524
986,0.04491725768321513,0.08825847123719464,0.13238770685579196,0.08668242710795902,0.0504334121355398,0.16154452324665092,0.12293144208037825,0.13947990543735225,0.0764381402679275,0.09692671394799054
987,0.0898021308980213,0.1095890410958904,0.1141552511415525,0.0943683409436834,0.0852359208523592,0.0943683409436834,0.1339421613394216,0.0882800608828006,0.0852359208523592,0.1050228310502283
988,0.08735632183908047,0.059003831417624525,0.0727969348659004,0.09655172413793105,0.07662835249042146,0.10804597701149427,0.1157088122605364,0.0996168582375479,0.12720306513409965,0.157088122605364
989,0.05512152777777776,0.07291666666666666,0.12499999999999997,0.13237847222222218,0.07508680555555554,0.09592013888888887,0.14843749999999997,0.09548611111111108,0.08333333333333331,0.11631944444444442
990,0.09283309283309284,0.1568061568061568,0.06445406445406446,0.07455507455507455,0.046657046657046654,0.09379509379509379,0.11447811447811448,0.0658970658970659,0.14766714766714767,0.14285714285714285
991,0.07936507936507936,0.11671335200746966,0.11484593837535013,0.08216619981325864,0.055088702147525676,0.11391223155929038,0.08776844070961717,0.13725490196078433,0.12418300653594772,0.08870214752567694
992,0.0847953216374269,0.11842105263157894,0.14912280701754385,0.07163742690058479,0.06578947368421052,0.08187134502923976,0.18128654970760233,0.06725146198830409,0.11257309941520467,0.06725146198830409
993,0.0499001996007984,0.11510312707917499,0.09514304723885562,0.06121091151031271,0.06254158349966733,0.09248170326014638,0.1324018629407851,0.12508316699933467,0.15701929474384566,0.10911510312707917
994,0.06077872744539412,0.14814814814814817,0.09971509971509973,0.10066476733143401,0.07217473884140552,0.11111111111111112,0.107312440645774,0.09306742640075975,0.050332383665717004,0.1566951566951567
995,0.07990867579908677,0.07077625570776257,0.12480974124809742,0.10882800608828007,0.08980213089802132,0.09208523592085237,0.08523592085235922,0.09360730593607307,0.06316590563165907,0.19178082191780824
996,0.06535947712418301,0.17647058823529413,0.08029878618113913,0.09803921568627451,0.05695611577964519,0.07749766573295985,0.09897292250233426,0.1503267973856209,0.0896358543417367,0.10644257703081232
997,0.08689883913764511,0.1615257048092869,0.12437810945273632,0.11708126036484245,0.08291873963515754,0.12072968490878938,0.08424543946932006,0.0779436152570481,0.0527363184079602,0.09154228855721393
998,0.10126582278481013,0.07735583684950774,0.09142053445850915,0.08720112517580872,0.09563994374120956,0.08579465541490858,0.11533052039381153,0.1279887482419128,0.08016877637130802,0.13783403656821377
999,0.0759637188208617,0.09750566893424038,0.11111111111111112,0.13492063492063494,0.07482993197278913,0.09863945578231294,0.10317460317460318,0.09523809523809525,0.09637188208616781,0.11224489795918369
1000,0.059880239520958084,0.07984031936127745,0.13439787092481703,0.10578842315369262,0.1051230871590153,0.09514304723885562,0.10778443113772455,0.10246174318030606,0.08117099135063206,0.12840984697272123
1001,0.07818930041152264,0.06748971193415639,0.097119341563786,0.08641975308641975,0.07983539094650206,0.13497942386831277,0.12016460905349795,0.07818930041152264,0.1094650205761317,0.14814814814814814
1002,0.1,0.07777777777777778,0.09012345679012346,0.11481481481481481,0.08641975308641975,0.09012345679012346,0.11358024691358025,0.08395061728395062,0.10617283950617284,0.13703703703703704
1003,0.0966576332429991,0.10794941282746161,0.12195121951219512,0.0975609756097561,0.04968383017163505,0.13821138211382114,0.0984643179765131,0.0984643179765131,0.07226738934056007,0.11878952122854562
1004,0.09236947791164658,0.10441767068273092,0.14190093708165996,0.09103078982597054,0.08835341365461848,0.107095046854083,0.09236947791164658,0.09236947791164658,0.0642570281124498,0.12583668005354753
1005,0.06378600823045268,0.12414266117969822,0.11865569272976681,0.08161865569272976,0.09739368998628258,0.16392318244170095,0.06858710562414266,0.08367626886145405,0.06652949245541838,0.13168724279835392
1006,0.08607198748043818,0.06259780907668232,0.1572769953051643,0.10406885758998435,0.10641627543035993,0.10954616588419405,0.05712050078247261,0.1134585289514867,0.09467918622848201,0.10876369327073553
1007,0.0948509485094851,0.0984643179765131,0.06684733514001806,0.05962059620596206,0.10659439927732611,0.1011743450767841,0.13730803974706413,0.06684733514001806,0.10659439927732611,0.16169828364950317
1008,0.0972222222222222,0.10138888888888886,0.1208333333333333,0.09583333333333331,0.10416666666666664,0.08888888888888888,0.08055555555555555,0.08749999999999998,0.1097222222222222,0.11388888888888886
1009,0.08613264427217915,0.1093884582256675,0.0895779500430663,0.08613264427217915,0.11111111111111108,0.09302325581395347,0.07493540051679586,0.061154177433247185,0.12489233419465975,0.16365202411714036
1010,0.10555555555555556,0.07916666666666666,0.08333333333333333,0.12777777777777777,0.1111111111111111,0.10833333333333334,0.10555555555555556,0.0875,0.10416666666666667,0.0875
1011,0.10262345679012345,0.07947530864197531,0.10802469135802469,0.10416666666666667,0.06790123456790123,0.10725308641975309,0.10648148148148148,0.10648148148148148,0.11033950617283951,0.10725308641975309
1012,0.05787037037037038,0.09837962962962965,0.14236111111111113,0.08333333333333334,0.08796296296296298,0.10185185185185186,0.13194444444444448,0.08912037037037038,0.08333333333333334,0.1238425925925926
1013,0.09378185524974515,0.10397553516819572,0.09276248725790011,0.1396534148827727,0.08766564729867482,0.08154943934760449,0.12945973496432212,0.08970438328236494,0.09582059123343527,0.0856269113149847
1014,0.05035577449370553,0.0810071154898741,0.1417624521072797,0.12096332785987958,0.05090311986863711,0.09469074986316366,0.12315270935960591,0.10727969348659004,0.08921729611384784,0.14066776135741654
1015,0.05792972459639125,0.1500474833808167,0.09021842355175687,0.0883190883190883,0.05698005698005697,0.07882241215574548,0.09496676163342828,0.11633428300094964,0.11443494776828107,0.15194681861348525
1016,0.05638474295190713,0.12935323383084577,0.0845771144278607,0.10696517412935323,0.07545605306799337,0.09203980099502487,0.07877280265339967,0.0538971807628524,0.11194029850746269,0.21061359867330018
1017,0.09836065573770493,0.09836065573770493,0.09653916211293262,0.0819672131147541,0.09836065573770493,0.08378870673952643,0.11475409836065575,0.11657559198542806,0.0819672131147541,0.12932604735883427
1018,0.06971677559912855,0.09912854030501089,0.06100217864923747,0.08387799564270153,0.07516339869281045,0.08169934640522876,0.13725490196078433,0.06753812636165578,0.09694989106753812,0.22766884531590414
1019,0.10303030303030303,0.09292929292929293,0.09090909090909091,0.10909090909090909,0.09696969696969697,0.10909090909090909,0.10303030303030303,0.09292929292929293,0.1111111111111111,0.09090909090909091
1020,0.09563994374120956,0.08579465541490858,0.06891701828410689,0.14767932489451477,0.07032348804500703,0.11251758087201125,0.11251758087201125,0.07735583684950774,0.1209563994374121,0.10829817158931083
1021,0.09477124183006536,0.08333333333333333,0.10947712418300654,0.10457516339869281,0.08006535947712418,0.09477124183006536,0.11274509803921569,0.10784313725490197,0.10620915032679738,0.10620915032679738
1022,0.06706706706706707,0.11611611611611612,0.11411411411411411,0.15015015015015015,0.08808808808808809,0.09309309309309309,0.06106106106106106,0.07107107107107107,0.08708708708708708,0.15215215215215216
1023,0.11510791366906475,0.10711430855315747,0.0815347721822542,0.09192645883293366,0.08633093525179857,0.11830535571542766,0.07913669064748201,0.13828936850519585,0.045563549160671464,0.1366906474820144
1024,0.10964912280701755,0.11257309941520469,0.1257309941520468,0.09356725146198831,0.0760233918128655,0.09941520467836258,0.10380116959064328,0.08479532163742691,0.08625730994152048,0.10818713450292398
1025,0.08173690932311622,0.08514261387824607,0.12303107705406556,0.1166453810131971,0.07833120476798637,0.06172839506172839,0.15410813111962537,0.08471690080885483,0.07449978714346531,0.14005959982971478
1026,0.10648148148148148,0.09606481481481481,0.07060185185185185,0.17418981481481483,0.06018518518518518,0.11342592592592593,0.08680555555555555,0.11284722222222222,0.041666666666666664,0.13773148148148148
1027,0.09325396825396826,0.10317460317460317,0.10714285714285714,0.10714285714285714,0.09126984126984126,0.12301587301587301,0.08928571428571429,0.09126984126984126,0.08928571428571429,0.10515873015873016
1028,0.07659115426105717,0.12189859762675297,0.08737864077669903,0.06796116504854369,0.09385113268608414,0.1272923408845739,0.13052858683926646,0.12081984897518878,0.08737864077669903,0.08629989212513485
1029,0.0809061488673139,0.14239482200647247,0.09061488673139158,0.12081984897518876,0.08522114347357064,0.07551240560949297,0.06580366774541531,0.09600862998921249,0.11974110032362456,0.12297734627831712
1030,0.08474576271186442,0.08474576271186442,0.08662900188323919,0.14689265536723167,0.10169491525423732,0.10169491525423732,0.11487758945386067,0.09227871939736348,0.08474576271186442,0.10169491525423732
1031,0.0655864197530864,0.162037037037037,0.14120370370370366,0.08950617283950615,0.14969135802469133,0.05709876543209875,0.045524691358024685,0.1435185185185185,0.0486111111111111,0.0972222222222222
1032,0.06944444444444445,0.10479797979797979,0.11742424242424243,0.0845959595959596,0.09974747474747475,0.1351010101010101,0.09343434343434344,0.09848484848484848,0.0845959595959596,0.11237373737373738
1033,0.06862745098039216,0.07973856209150326,0.1392156862745098,0.13856209150326798,0.0803921568627451,0.08496732026143791,0.08562091503267974,0.07908496732026143,0.1130718954248366,0.13071895424836602
1034,0.11965811965811966,0.09686609686609686,0.1267806267806268,0.06837606837606838,0.07977207977207977,0.07122507122507123,0.07977207977207977,0.10398860398860399,0.08974358974358974,0.16381766381766383
1035,0.10978835978835978,0.07804232804232804,0.10582010582010581,0.12037037037037036,0.08333333333333333,0.09259259259259259,0.10582010582010581,0.09391534391534391,0.07804232804232804,0.13227513227513227
1036,0.08284600389863547,0.10038986354775828,0.08576998050682261,0.07797270955165692,0.1364522417153996,0.08187134502923976,0.11403508771929824,0.06725146198830409,0.07894736842105263,0.17446393762183235
1037,0.08812260536398468,0.09578544061302684,0.10344827586206898,0.0996168582375479,0.08812260536398468,0.0938697318007663,0.10153256704980844,0.10344827586206898,0.08620689655172416,0.13984674329501917
1038,0.09056956115779645,0.11764705882352941,0.10270774976657329,0.09897292250233426,0.0765639589169001,0.11204481792717087,0.0765639589169001,0.07936507936507936,0.09337068160597572,0.15219421101774042
1039,0.06584362139917695,0.07544581618655691,0.139917695473251,0.0905349794238683,0.10150891632373112,0.08367626886145403,0.0727023319615912,0.1220850480109739,0.08504801097393688,0.1632373113854595
1040,0.05555555555555555,0.12003968253968254,0.13293650793650794,0.10714285714285714,0.07837301587301587,0.0873015873015873,0.17261904761904762,0.09623015873015874,0.0873015873015873,0.0625
1041,0.08256880733944955,0.11722731906218145,0.1162079510703364,0.10805300713557595,0.046890927624872576,0.08154943934760449,0.09174311926605505,0.11213047910295616,0.1111111111111111,0.1325178389398573
1042,0.07945375543140906,0.11607697082557418,0.07386716325263812,0.10366232153941651,0.054003724394785846,0.11483550589695841,0.074487895716946,0.12725015518311608,0.0856610800744879,0.1707014276846679
1043,0.07807807807807808,0.11961961961961962,0.11361361361361362,0.0995995995995996,0.06306306306306306,0.1001001001001001,0.09009009009009009,0.12512512512512514,0.1036036036036036,0.10710710710710711
1044,0.06944444444444445,0.11574074074074074,0.12962962962962962,0.10532407407407407,0.08217592592592593,0.09722222222222222,0.1099537037037037,0.08101851851851852,0.1261574074074074,0.08333333333333333
1045,0.08080808080808081,0.17604617604617603,0.09090909090909091,0.10822510822510822,0.09379509379509379,0.11976911976911978,0.06637806637806638,0.09235209235209235,0.09235209235209235,0.07936507936507936
1046,0.07352941176470588,0.08169934640522876,0.11437908496732026,0.10130718954248366,0.08496732026143791,0.09967320261437909,0.12091503267973856,0.1323529411764706,0.08823529411764706,0.10294117647058823
