,Topic_0,Topic_1,Topic_2,Topic_3,Topic_4,Topic_5,Topic_6,Topic_7,Topic_8,Topic_9,Topic_10,Topic_11,Topic_12,Topic_13,Topic_14,Topic_15,Topic_16,Topic_17,Topic_18,Topic_19
0,0.044753086419753084,0.025205761316872428,0.051954732510288065,0.02726337448559671,0.06430041152263374,0.05298353909465021,0.12705761316872427,0.03960905349794239,0.06944444444444445,0.03960905349794239,0.07561728395061729,0.07664609053497942,0.035493827160493825,0.05092592592592592,0.02726337448559671,0.03960905349794239,0.041666666666666664,0.029320987654320986,0.030349794238683128,0.05092592592592592
1,0.04330943847072879,0.020011947431302267,0.03136200716845877,0.02837514934289127,0.24163679808841093,0.030167264038231775,0.11857825567502984,0.040919952210274786,0.034946236559139775,0.048088410991636785,0.03673835125448028,0.048088410991636785,0.033751493428912774,0.017025089605734765,0.055854241338112294,0.03434886499402628,0.04151732377538828,0.030167264038231775,0.030167264038231775,0.034946236559139775
2,0.06412529550827423,0.016843971631205674,0.0398936170212766,0.016252955082742316,0.1527777777777778,0.04343971631205674,0.08481087470449172,0.06294326241134751,0.041075650118203307,0.0357565011820331,0.05644208037825059,0.07476359338061465,0.03102836879432624,0.06530732860520094,0.03871158392434988,0.01802600472813239,0.06235224586288416,0.016252955082742316,0.026891252955082743,0.05230496453900709
3,0.03727144866385373,0.03164556962025317,0.04149085794655415,0.03164556962025317,0.0808720112517581,0.034458509142053444,0.05977496483825598,0.08649789029535865,0.051336146272855133,0.03164556962025317,0.035864978902953586,0.056962025316455694,0.04992967651195499,0.06962025316455696,0.034458509142053444,0.03164556962025317,0.03867791842475387,0.08931082981715893,0.04571026722925457,0.06118143459915612
4,0.06502525252525251,0.06123737373737372,0.056186868686868674,0.03093434343434343,0.06628787878787877,0.03345959595959595,0.0688131313131313,0.04356060606060606,0.051136363636363626,0.056186868686868674,0.03219696969696969,0.06755050505050504,0.04103535353535353,0.038510101010101,0.05997474747474746,0.0284090909090909,0.0284090909090909,0.05997474747474746,0.03472222222222222,0.07638888888888888
5,0.0481859410430839,0.0391156462585034,0.10147392290249434,0.04365079365079365,0.10714285714285714,0.041383219954648526,0.040249433106575964,0.0481859410430839,0.04931972789115646,0.03458049886621315,0.025510204081632654,0.11961451247165533,0.0481859410430839,0.036848072562358274,0.0391156462585034,0.026643990929705215,0.0391156462585034,0.031179138321995464,0.03344671201814059,0.04705215419501134
6,0.05655655655655656,0.04254254254254254,0.04454454454454455,0.03453453453453453,0.12862862862862862,0.026526526526526525,0.032532532532532535,0.04454454454454455,0.059559559559559556,0.06556556556556556,0.03053053053053053,0.04154154154154154,0.14564564564564564,0.032532532532532535,0.03853853853853854,0.05555555555555555,0.02252252252252252,0.028528528528528527,0.03153153153153153,0.03753753753753754
7,0.08406432748538012,0.05921052631578947,0.03289473684210526,0.04751461988304093,0.06505847953216375,0.041666666666666664,0.05921052631578947,0.03289473684210526,0.05043859649122807,0.03728070175438596,0.03289473684210526,0.06359649122807018,0.09137426900584796,0.03874269005847953,0.0533625730994152,0.03289473684210526,0.03435672514619883,0.0445906432748538,0.046052631578947366,0.051900584795321635
8,0.04375,0.03125,0.06041666666666667,0.034027777777777775,0.06041666666666667,0.05763888888888889,0.03819444444444445,0.08263888888888889,0.03680555555555556,0.050694444444444445,0.050694444444444445,0.050694444444444445,0.09097222222222222,0.035416666666666666,0.05625,0.04236111111111111,0.03680555555555556,0.05347222222222222,0.04791666666666667,0.03958333333333333
9,0.05555555555555555,0.04106280193236715,0.05394524959742351,0.05555555555555555,0.07326892109500806,0.06843800322061191,0.04750402576489533,0.04428341384863124,0.03784219001610306,0.05233494363929147,0.036231884057971016,0.0426731078904992,0.04911433172302738,0.036231884057971016,0.06360708534621579,0.036231884057971016,0.04106280193236715,0.04750402576489533,0.050724637681159424,0.06682769726247988
10,0.03132387706855792,0.026595744680851068,0.037234042553191495,0.030141843971631208,0.16016548463356978,0.06205673758865249,0.05141843971631206,0.09988179669030735,0.036052009456264786,0.026595744680851068,0.02777777777777778,0.03132387706855792,0.09751773049645392,0.046690307328605206,0.033687943262411355,0.026595744680851068,0.037234042553191495,0.03132387706855792,0.033687943262411355,0.07269503546099292
11,0.020888888888888884,0.0591111111111111,0.0982222222222222,0.02355555555555555,0.0982222222222222,0.0511111111111111,0.09644444444444442,0.1053333333333333,0.027111111111111103,0.021777777777777774,0.021777777777777774,0.02444444444444444,0.07777777777777777,0.041333333333333326,0.053777777777777765,0.033333333333333326,0.04311111111111111,0.025333333333333326,0.053777777777777765,0.02355555555555555
12,0.03731343283582089,0.06550580431177445,0.03897180762852405,0.03897180762852405,0.04560530679933665,0.03731343283582089,0.06218905472636816,0.03731343283582089,0.03731343283582089,0.0505804311774461,0.0406301824212272,0.03897180762852405,0.08540630182421227,0.03731343283582089,0.03897180762852405,0.08872305140961857,0.09203980099502487,0.03897180762852405,0.0505804311774461,0.03731343283582089
13,0.05006858710562413,0.051440329218106984,0.04320987654320987,0.040466392318244164,0.07201646090534979,0.048696844993141274,0.052812071330589835,0.03497942386831275,0.0336076817558299,0.040466392318244164,0.0336076817558299,0.052812071330589835,0.06652949245541837,0.03223593964334704,0.06927297668038407,0.0802469135802469,0.05555555555555554,0.03909465020576131,0.05555555555555554,0.04732510288065842
14,0.030246913580246913,0.037654320987654324,0.037654320987654324,0.043827160493827164,0.11790123456790123,0.029012345679012345,0.04876543209876543,0.029012345679012345,0.030246913580246913,0.03641975308641975,0.0808641975308642,0.033950617283950615,0.09444444444444444,0.03148148148148148,0.046296296296296294,0.08456790123456791,0.029012345679012345,0.037654320987654324,0.08333333333333333,0.037654320987654324
15,0.01628352490421456,0.03352490421455939,0.030332056194125167,0.020114942528735635,0.2640485312899107,0.020114942528735635,0.06800766283524906,0.017560664112388255,0.04246487867177523,0.020114942528735635,0.01628352490421456,0.057790549169859526,0.06034482758620691,0.01947637292464879,0.11334610472541509,0.03735632183908047,0.03607918263090677,0.015644955300127716,0.03991060025542785,0.07120051085568328
16,0.03787878787878788,0.06818181818181818,0.03787878787878788,0.04292929292929293,0.05303030303030303,0.047979797979797977,0.054713804713804715,0.041245791245791245,0.03787878787878788,0.06313131313131314,0.04292929292929293,0.06481481481481481,0.04461279461279461,0.0664983164983165,0.03787878787878788,0.04461279461279461,0.03787878787878788,0.0563973063973064,0.054713804713804715,0.06481481481481481
17,0.04958183990442055,0.02927120669056153,0.04838709677419355,0.034050179211469536,0.23596176821983272,0.04360812425328554,0.034050179211469536,0.032855436081242535,0.026881720430107527,0.034050179211469536,0.04360812425328554,0.044802867383512544,0.032855436081242535,0.06989247311827956,0.03882915173237754,0.032855436081242535,0.03524492234169654,0.026881720430107527,0.04241338112305854,0.06391875746714457
18,0.06552067762830094,0.02316890881913303,0.027653213751868452,0.015196811160936718,0.19207772795216735,0.03213751868460388,0.05854509217737916,0.03861484803188838,0.01370204285002491,0.046586945690084695,0.09591429995017436,0.026158445440956645,0.09990034877927252,0.03363228699551569,0.03163926258096661,0.0366218236173393,0.039113104135525656,0.021175884404583952,0.03861484803188838,0.06402590931738912
19,0.05169082125603865,0.030434782608695657,0.06328502415458939,0.023671497584541068,0.15120772946859906,0.06328502415458939,0.06521739130434784,0.07681159420289857,0.022705314009661838,0.038164251207729476,0.023671497584541068,0.045893719806763295,0.037198067632850246,0.022705314009661838,0.043961352657004835,0.037198067632850246,0.03236714975845411,0.09516908212560388,0.045893719806763295,0.029468599033816427
20,0.04001554001554001,0.05866355866355865,0.07886557886557885,0.02913752913752913,0.10217560217560215,0.047008547008546994,0.03846153846153846,0.061771561771561755,0.04778554778554777,0.03923853923853923,0.02913752913752913,0.052447552447552434,0.057886557886557874,0.03768453768453768,0.03379953379953379,0.03846153846153846,0.02913752913752913,0.08896658896658895,0.04001554001554001,0.04933954933954932
21,0.03025302530253026,0.04345434543454346,0.10396039603960398,0.02805280528052806,0.11496149614961498,0.025852585258525858,0.07865786578657867,0.06325632563256327,0.02475247524752476,0.03025302530253026,0.02695269526952696,0.03795379537953796,0.04895489548954897,0.02475247524752476,0.03795379537953796,0.04785478547854787,0.03685368536853686,0.05335533553355337,0.07205720572057207,0.06985698569856987
22,0.07180293501048218,0.036163522012578615,0.05817610062893082,0.024633123689727462,0.19758909853249476,0.024633123689727462,0.029874213836477988,0.046645702306079666,0.027777777777777776,0.03930817610062893,0.046645702306079666,0.04769392033542977,0.07389937106918239,0.05083857442348008,0.04874213836477988,0.030922431865828093,0.02358490566037736,0.025681341719077568,0.0319706498951782,0.06341719077568134
23,0.04753722794959909,0.08762886597938145,0.05784650630011456,0.02920962199312715,0.10366552119129441,0.05326460481099657,0.049828178694158086,0.0452462772050401,0.03608247422680413,0.07044673539518902,0.03608247422680413,0.06701030927835053,0.044100801832760606,0.044100801832760606,0.05211912943871708,0.025773195876288662,0.025773195876288662,0.03379152348224514,0.04868270332187859,0.04180985108820161
24,0.02617521367521367,0.03258547008547008,0.04326923076923076,0.028311965811965805,0.14155982905982903,0.04006410256410256,0.08279914529914528,0.05608974358974358,0.027243589743589737,0.06356837606837605,0.02617521367521367,0.06677350427350426,0.07959401709401707,0.033653846153846145,0.0486111111111111,0.05395299145299144,0.0486111111111111,0.028311965811965805,0.03685897435897435,0.03579059829059828
25,0.04752342704149932,0.030120481927710836,0.05153949129852743,0.052878179384203465,0.09571619812583665,0.03413654618473895,0.07429718875502006,0.031459170013386877,0.07697456492637214,0.04082998661311914,0.038152610441767064,0.06894243641231591,0.06626506024096385,0.030120481927710836,0.05689424364123158,0.030120481927710836,0.031459170013386877,0.06358768406961177,0.03413654618473895,0.04484605087014725
26,0.036776212832550864,0.035211267605633804,0.06338028169014084,0.035211267605633804,0.03990610328638498,0.04929577464788732,0.036776212832550864,0.05712050078247261,0.05712050078247261,0.04929577464788732,0.035211267605633804,0.07433489827856025,0.05712050078247261,0.04929577464788732,0.05712050078247261,0.05086071987480438,0.09311424100156494,0.03834115805946792,0.035211267605633804,0.04929577464788732
27,0.03202614379084968,0.05947712418300655,0.04640522875816994,0.03202614379084968,0.15228758169934642,0.03594771241830066,0.055555555555555566,0.03856209150326798,0.051633986928104586,0.03725490196078432,0.0647058823529412,0.04379084967320262,0.03333333333333334,0.04248366013071896,0.0411764705882353,0.03986928104575164,0.03071895424836602,0.03594771241830066,0.08823529411764708,0.03856209150326798
28,0.023809523809523808,0.04302422723475355,0.06892230576441102,0.027151211361737676,0.0998329156223893,0.06307435254803676,0.06223893065998329,0.043859649122807015,0.041353383458646614,0.06390977443609022,0.06223893065998329,0.04887218045112782,0.057226399331662486,0.03132832080200501,0.046365914786967416,0.03467000835421888,0.029657477025898077,0.05806182121971595,0.023809523809523808,0.07059314954051796
29,0.032567049808429116,0.028735632183908046,0.04661558109833972,0.030012771392081736,0.05683269476372925,0.08365261813537675,0.05683269476372925,0.05427841634738186,0.038952745849297574,0.0491698595146871,0.0491698595146871,0.038952745849297574,0.05938697318007663,0.037675606641123884,0.13473818646232438,0.0351213282247765,0.028735632183908046,0.031289910600255426,0.05044699872286079,0.05683269476372925
30,0.05614657210401891,0.0384160756501182,0.047872340425531915,0.03605200945626478,0.09633569739952719,0.03959810874704492,0.08215130023640661,0.05614657210401891,0.030141843971631204,0.044326241134751775,0.03250591016548463,0.03959810874704492,0.07860520094562648,0.026595744680851064,0.053782505910165486,0.03368794326241135,0.0466903073286052,0.04550827423167849,0.05614657210401891,0.05969267139479906
31,0.0798941798941799,0.037566137566137574,0.03333333333333334,0.024867724867724872,0.06825396825396826,0.04497354497354498,0.14444444444444446,0.029100529100529102,0.02380952380952381,0.03544973544973545,0.03121693121693122,0.03544973544973545,0.11375661375661376,0.04391534391534392,0.03650793650793652,0.024867724867724872,0.0343915343915344,0.037566137566137574,0.0544973544973545,0.06613756613756615
32,0.06521739130434782,0.039306104523495825,0.026130873956960912,0.016469038208168644,0.12582345191040845,0.041501976284584984,0.13636363636363635,0.06477821695213,0.037988581466842336,0.05731225296442688,0.03140096618357488,0.029205094422485728,0.05950812472551603,0.026570048309178744,0.04984628897672376,0.0331576635924462,0.03711023276240667,0.029205094422485728,0.02129995608256478,0.07180500658761528
33,0.03535353535353535,0.08249158249158249,0.03198653198653199,0.03198653198653199,0.10493827160493827,0.03198653198653199,0.08024691358024691,0.03872053872053872,0.05555555555555555,0.051066217732884396,0.037598204264870934,0.0712682379349046,0.05218855218855219,0.045454545454545456,0.06004489337822671,0.04657687991021325,0.02749719416386083,0.037598204264870934,0.0409652076318743,0.03647586980920314
34,0.06632996632996632,0.01986531986531986,0.033333333333333326,0.042760942760942756,0.11346801346801344,0.06498316498316498,0.09461279461279458,0.029292929292929287,0.02996632996632996,0.02659932659932659,0.01582491582491582,0.042760942760942756,0.08316498316498315,0.019191919191919187,0.025925925925925918,0.07373737373737373,0.07037037037037036,0.05555555555555554,0.02323232323232323,0.06902356902356901
35,0.07254901960784314,0.029411764705882353,0.029411764705882353,0.034640522875816995,0.10392156862745099,0.029411764705882353,0.03725490196078431,0.06470588235294118,0.03725490196078431,0.029411764705882353,0.03725490196078431,0.049019607843137254,0.08300653594771241,0.04771241830065359,0.06993464052287582,0.03333333333333333,0.03725490196078431,0.05947712418300653,0.06862745098039216,0.046405228758169936
36,0.04589371980676329,0.06521739130434782,0.0536231884057971,0.036231884057971016,0.06714975845410628,0.05748792270531401,0.0536231884057971,0.04009661835748792,0.05652173913043478,0.03719806763285024,0.08550724637681159,0.048792270531400964,0.04106280193236715,0.06618357487922705,0.0323671497584541,0.049758454106280194,0.0391304347826087,0.030434782608695653,0.0391304347826087,0.05458937198067633
37,0.05339805825242718,0.03290183387270766,0.038295577130528585,0.026429341963322545,0.12243797195253506,0.036138079827400214,0.07065803667745416,0.03505933117583603,0.06310679611650485,0.08360302049622438,0.03182308522114347,0.052319309600863,0.0372168284789644,0.03398058252427184,0.03398058252427184,0.05447680690399137,0.04692556634304207,0.0296655879180151,0.06634304207119741,0.05124056094929881
38,0.0464975845410628,0.030797101449275364,0.029589371980676328,0.030797101449275364,0.09118357487922706,0.04528985507246377,0.13345410628019325,0.06219806763285024,0.029589371980676328,0.05374396135265701,0.0392512077294686,0.0392512077294686,0.0392512077294686,0.028381642512077296,0.058574879227053143,0.05253623188405797,0.05495169082125604,0.05253623188405797,0.050120772946859904,0.0320048309178744
39,0.04096045197740113,0.046610169491525424,0.04001883239171375,0.027777777777777776,0.14642184557438795,0.03531073446327684,0.08898305084745763,0.029661016949152543,0.030602636534839925,0.06261770244821092,0.022128060263653482,0.04566854990583804,0.08145009416195857,0.029661016949152543,0.051318267419962336,0.0371939736346516,0.05037664783427495,0.04001883239171375,0.0428436911487759,0.05037664783427495
40,0.041423001949317736,0.0297270955165692,0.02387914230019493,0.027777777777777776,0.1398635477582846,0.047270955165692005,0.1466861598440546,0.04434697855750487,0.0297270955165692,0.059941520467836254,0.024853801169590642,0.04532163742690058,0.08528265107212475,0.040448343079922025,0.041423001949317736,0.04434697855750487,0.03557504873294347,0.02290448343079922,0.03070175438596491,0.0384990253411306
41,0.032702915681639085,0.024822695035460994,0.024034672970843184,0.024822695035460994,0.14696611505122142,0.04531126871552404,0.10677698975571316,0.041371158392434985,0.04846335697399527,0.04925137903861308,0.02639873916469661,0.03979511426319937,0.05003940110323089,0.032702915681639085,0.04058313632781718,0.06579984239558707,0.07052797478329394,0.02797478329393223,0.05476753349093775,0.04688731284475965
42,0.03493699885452463,0.04982817869415808,0.05441008018327606,0.017373043146239022,0.13306605574646813,0.028064146620847653,0.12428407789232532,0.04753722794959908,0.0517373043146239,0.08571974035891562,0.021191294387170677,0.04142802596410844,0.03837342497136312,0.021573119511263842,0.05708285605192822,0.04486445208094693,0.026155021000381824,0.02577319587628866,0.03875525009545628,0.05784650630011455
43,0.04455445544554456,0.045654565456545664,0.025852585258525854,0.025852585258525854,0.125962596259626,0.03465346534653466,0.047854785478547865,0.03465346534653466,0.030253025302530257,0.05005500550055006,0.061056105610561066,0.03465346534653466,0.045654565456545664,0.04345434543454346,0.06655665566556657,0.026952695269526955,0.05005500550055006,0.03355335533553356,0.07865786578657867,0.09405940594059407
44,0.04151732377538829,0.02060931899641577,0.028375149342891277,0.02120669056152927,0.23207885304659498,0.04091995221027479,0.11559139784946236,0.0456989247311828,0.024790919952210274,0.046296296296296294,0.03136200716845878,0.0480884109916368,0.0480884109916368,0.02001194743130227,0.055256869772998804,0.036738351254480286,0.0456989247311828,0.02956989247311828,0.03016726403823178,0.03793309438470729
45,0.04166666666666667,0.04166666666666667,0.04537037037037038,0.04166666666666667,0.06574074074074075,0.043518518518518526,0.07870370370370372,0.04166666666666667,0.04166666666666667,0.04166666666666667,0.04166666666666667,0.04907407407407409,0.07685185185185187,0.04166666666666667,0.0675925925925926,0.04166666666666667,0.04166666666666667,0.04166666666666667,0.056481481481481494,0.05833333333333335
46,0.027131782945736434,0.027993109388458226,0.03660637381567614,0.01937984496124031,0.1442721791559001,0.050387596899224806,0.08828596037898363,0.044358311800172266,0.04780361757105943,0.027131782945736434,0.03919035314384152,0.03660637381567614,0.05900086132644272,0.03919035314384152,0.07019810508182601,0.03574504737295435,0.07364341085271318,0.04866494401378122,0.04866494401378122,0.03574504737295435
47,0.052046783625731,0.07076023391812866,0.0801169590643275,0.03099415204678363,0.10350877192982458,0.026315789473684213,0.07543859649122808,0.053216374269005856,0.03333333333333334,0.0649122807017544,0.059064327485380125,0.03567251461988305,0.059064327485380125,0.03099415204678363,0.05438596491228071,0.03099415204678363,0.04736842105263159,0.026315789473684213,0.032163742690058485,0.03333333333333334
48,0.06051587301587303,0.04464285714285715,0.04464285714285715,0.04464285714285715,0.04464285714285715,0.04464285714285715,0.064484126984127,0.06250000000000001,0.04464285714285715,0.04464285714285715,0.04464285714285715,0.06250000000000001,0.07638888888888891,0.04464285714285715,0.04464285714285715,0.04464285714285715,0.04464285714285715,0.04464285714285715,0.04464285714285715,0.048611111111111126
49,0.039514866979655706,0.056729264475743335,0.03794992175273865,0.03873239436619717,0.12715179968701093,0.07237871674491392,0.06220657276995304,0.0504694835680751,0.02777777777777777,0.01838810641627543,0.06611893583724568,0.03716744913928012,0.0504694835680751,0.07942097026604067,0.07629107981220656,0.03716744913928012,0.03247261345852894,0.02230046948356807,0.048904538341158044,0.01838810641627543
50,0.03586497890295359,0.03445850914205345,0.06821378340365683,0.031645569620253174,0.06540084388185656,0.08087201125175811,0.06258790436005628,0.04008438818565402,0.04430379746835444,0.054149085794655424,0.04571026722925458,0.06118143459915613,0.06821378340365683,0.04008438818565402,0.048523206751054856,0.0569620253164557,0.04430379746835444,0.037271448663853735,0.041490857946554154,0.03867791842475388
51,0.02689873417721519,0.021976090014064698,0.05784106891701828,0.01740506329113924,0.1369549929676512,0.03393108298171589,0.07014767932489452,0.027250351617440226,0.030766526019690578,0.06557665260196906,0.04447960618846695,0.1070675105485232,0.05151195499296765,0.033579465541490855,0.050457102672292545,0.05467651195499297,0.02760196905766526,0.043073136427566806,0.03850210970464135,0.06030239099859353
52,0.06930126002290951,0.04524627720504009,0.06357388316151202,0.026918671248568157,0.16895761741122567,0.03951890034364261,0.029209621993127148,0.03837342497136312,0.03264604810996564,0.04868270332187858,0.03379152348224513,0.03722794959908362,0.07388316151202749,0.03264604810996564,0.0418098510882016,0.05097365406643757,0.04753722794959908,0.04753722794959908,0.03951890034364261,0.03264604810996564
53,0.06481481481481483,0.05392156862745099,0.03649237472766885,0.03649237472766885,0.08877995642701526,0.045206971677559916,0.033224400871459704,0.05174291938997822,0.03649237472766885,0.06917211328976036,0.0735294117647059,0.08224400871459696,0.04411764705882354,0.033224400871459704,0.035403050108932466,0.03867102396514162,0.028867102396514164,0.035403050108932466,0.06045751633986929,0.05174291938997822
54,0.023148148148148147,0.041666666666666664,0.026234567901234566,0.03137860082304527,0.073559670781893,0.07150205761316872,0.06738683127572016,0.042695473251028807,0.029320987654320986,0.04063786008230453,0.06327160493827161,0.07150205761316872,0.04989711934156379,0.051954732510288065,0.047839506172839504,0.028292181069958847,0.06738683127572016,0.028292181069958847,0.058127572016460904,0.08590534979423868
55,0.05092592592592592,0.05401234567901234,0.06738683127572016,0.032407407407407406,0.06944444444444445,0.07047325102880658,0.09927983539094651,0.04372427983539095,0.028292181069958847,0.07458847736625514,0.023148148148148147,0.07150205761316872,0.073559670781893,0.03446502057613169,0.05915637860082305,0.035493827160493825,0.023148148148148147,0.029320987654320986,0.03343621399176955,0.026234567901234566
56,0.05032679738562092,0.05816993464052288,0.03202614379084967,0.03725490196078431,0.0738562091503268,0.08431372549019608,0.08431372549019608,0.03594771241830065,0.03725490196078431,0.05555555555555555,0.041176470588235294,0.03333333333333333,0.041176470588235294,0.052941176470588235,0.05555555555555555,0.03071895424836601,0.04379084967320261,0.060784313725490195,0.03986928104575163,0.05163398692810457
57,0.033796296296296297,0.02361111111111111,0.07268518518518519,0.022685185185185187,0.13564814814814816,0.047685185185185185,0.07268518518518519,0.07453703703703704,0.02361111111111111,0.0375,0.024537037037037038,0.03657407407407407,0.056018518518518516,0.050462962962962966,0.0412037037037037,0.055092592592592596,0.06620370370370371,0.05787037037037037,0.031018518518518518,0.03657407407407407
58,0.051892551892551896,0.043345543345543344,0.057997557997558,0.051892551892551896,0.0873015873015873,0.027472527472527472,0.04456654456654457,0.08852258852258853,0.04212454212454213,0.03968253968253968,0.040903540903540904,0.06654456654456654,0.05555555555555555,0.03968253968253968,0.059218559218559216,0.029914529914529916,0.027472527472527472,0.043345543345543344,0.028693528693528692,0.07387057387057387
59,0.0422008547008547,0.029380341880341873,0.05608974358974358,0.04006410256410256,0.08600427350427349,0.08814102564102563,0.05288461538461537,0.0454059829059829,0.03258547008547008,0.07745726495726495,0.04967948717948716,0.029380341880341873,0.024038461538461533,0.04433760683760683,0.0486111111111111,0.04006410256410256,0.058226495726495714,0.03685897435897435,0.07852564102564101,0.04006410256410256
60,0.026222222222222216,0.08222222222222221,0.04933333333333332,0.032444444444444435,0.11511111111111108,0.05555555555555554,0.04666666666666666,0.07155555555555554,0.03511111111111111,0.04577777777777777,0.05555555555555554,0.034222222222222216,0.0511111111111111,0.04488888888888888,0.03599999999999999,0.051999999999999984,0.0511111111111111,0.025333333333333326,0.04222222222222222,0.04755555555555554
61,0.02300347222222222,0.08984374999999999,0.044704861111111105,0.030815972222222217,0.07855902777777776,0.10546874999999997,0.06901041666666666,0.05338541666666665,0.027343749999999993,0.08289930555555554,0.04730902777777776,0.044704861111111105,0.0525173611111111,0.03949652777777777,0.04817708333333332,0.02994791666666666,0.019531249999999997,0.02300347222222222,0.02300347222222222,0.06727430555555554
62,0.05169753086419753,0.04552469135802469,0.036265432098765434,0.0470679012345679,0.05324074074074074,0.05169753086419753,0.08410493827160494,0.05324074074074074,0.03780864197530864,0.036265432098765434,0.0625,0.05169753086419753,0.05015432098765432,0.04398148148148148,0.0625,0.04861111111111111,0.04243827160493827,0.05324074074074074,0.04552469135802469,0.04243827160493827
63,0.060502283105022835,0.07343987823439879,0.051369863013698634,0.02016742770167428,0.15867579908675802,0.039193302891933034,0.07648401826484019,0.06582952815829529,0.02016742770167428,0.01864535768645358,0.02245053272450533,0.02321156773211568,0.08333333333333334,0.02549467275494673,0.06963470319634704,0.02397260273972603,0.041476407914764084,0.03310502283105023,0.045281582952815834,0.047564687975646884
64,0.025752314814814818,0.02633101851851852,0.08651620370370372,0.017071759259259262,0.10387731481481483,0.04253472222222223,0.06568287037037038,0.0384837962962963,0.05989583333333334,0.057581018518518524,0.01996527777777778,0.020543981481481486,0.08593750000000001,0.03964120370370371,0.06857638888888891,0.06510416666666669,0.0535300925925926,0.02170138888888889,0.02633101851851852,0.07494212962962965
65,0.03781512605042017,0.04341736694677872,0.053688141923436045,0.047152194211017746,0.13492063492063494,0.03314659197012139,0.061157796451914104,0.062091503267973865,0.02474323062558357,0.030345471521942113,0.03221288515406163,0.030345471521942113,0.04621848739495799,0.030345471521942113,0.07516339869281047,0.05275443510737629,0.06395891690009338,0.03594771241830066,0.04528478057889823,0.05929038281979459
66,0.07152777777777777,0.04097222222222222,0.05763888888888889,0.034027777777777775,0.06041666666666667,0.034027777777777775,0.09236111111111112,0.06180555555555556,0.049305555555555554,0.052083333333333336,0.04652777777777778,0.06041666666666667,0.04097222222222222,0.05625,0.03125,0.03125,0.04791666666666667,0.03680555555555556,0.05625,0.03819444444444445
67,0.04403794037940379,0.042682926829268296,0.09959349593495935,0.03048780487804878,0.09281842818428185,0.0521680216802168,0.0535230352303523,0.034552845528455285,0.04403794037940379,0.06436314363143632,0.048102981029810296,0.03319783197831978,0.07791327913279132,0.03048780487804878,0.03861788617886179,0.03726287262872629,0.042682926829268296,0.03726287262872629,0.0521680216802168,0.04403794037940379
68,0.024216524216524215,0.06220322886989554,0.04510921177587844,0.029914529914529916,0.12773029439696107,0.0251661918328585,0.06315289648622982,0.030864197530864196,0.04131054131054131,0.04700854700854701,0.06125356125356125,0.046058879392212725,0.06600189933523266,0.04700854700854701,0.038461538461538464,0.04036087369420703,0.0251661918328585,0.03276353276353276,0.056505223171889836,0.08974358974358974
69,0.01069050122677883,0.03838065194532071,0.11128636522958289,0.014195583596214511,0.1421310900806169,0.0583596214511041,0.039782684893094986,0.042236242551699964,0.02576235541535226,0.07693655800911321,0.039782684893094986,0.028566421310900807,0.07132842621801612,0.08324570627409744,0.05625657202944269,0.02611286365229583,0.019453207150368034,0.033123028391167195,0.016649141254819488,0.06572029442691903
70,0.03867791842475387,0.03164556962025317,0.03867791842475387,0.03164556962025317,0.07946554149085795,0.035864978902953586,0.06118143459915612,0.06258790436005626,0.05555555555555555,0.03727144866385373,0.047116736990154715,0.04852320675105485,0.06258790436005626,0.06962025316455696,0.03305203938115331,0.03305203938115331,0.052742616033755275,0.06962025316455696,0.047116736990154715,0.0639943741209564
71,0.033607681755829906,0.03223593964334705,0.051440329218107,0.047325102880658436,0.06927297668038408,0.045953360768175584,0.06790123456790123,0.05692729766803841,0.03635116598079561,0.050068587105624146,0.07338820301783265,0.03772290809327846,0.06927297668038408,0.045953360768175584,0.03635116598079561,0.03772290809327846,0.030864197530864196,0.043209876543209874,0.047325102880658436,0.08710562414266118
72,0.03846153846153847,0.05080721747388415,0.04320987654320988,0.02326685660018994,0.10873694207027541,0.044159544159544165,0.06695156695156697,0.0479582146248813,0.03751187084520419,0.06125356125356126,0.0422602089268756,0.03846153846153847,0.049857549857549865,0.03371320037986705,0.06790123456790124,0.0422602089268756,0.053656220322887,0.02421652421652422,0.06125356125356126,0.06410256410256411
73,0.04234234234234234,0.03933933933933934,0.02312312312312312,0.017717717717717716,0.19789789789789788,0.028528528528528527,0.07237237237237237,0.02972972972972973,0.027927927927927927,0.044144144144144144,0.032732732732732736,0.06876876876876876,0.07177177177177177,0.02972972972972973,0.06756756756756757,0.036936936936936934,0.025525525525525526,0.01831831831831832,0.03393393393393394,0.0915915915915916
74,0.04954954954954955,0.03953953953953954,0.028528528528528527,0.04154154154154154,0.1046046046046046,0.03653653653653654,0.059559559559559556,0.046546546546546545,0.03553553553553553,0.059559559559559556,0.03853853853853854,0.05755755755755756,0.06756756756756757,0.03553553553553553,0.05655655655655656,0.02952952952952953,0.06556556556556556,0.046546546546546545,0.03653653653653654,0.06456456456456457
75,0.027777777777777776,0.04390681003584229,0.051075268817204304,0.015830346475507767,0.19982078853046595,0.04510155316606929,0.03793309438470729,0.03136200716845878,0.03195937873357228,0.0456989247311828,0.014038231780167264,0.07258064516129033,0.08213859020310633,0.02120669056152927,0.046296296296296294,0.0516726403823178,0.05824372759856631,0.0504778972520908,0.03375149342891278,0.03912783751493429
76,0.02172364672364673,0.02528490028490029,0.07514245014245016,0.020299145299145303,0.09793447293447295,0.07941595441595443,0.08938746438746441,0.03596866096866098,0.04950142450142451,0.07300569800569802,0.03525641025641026,0.06160968660968662,0.06517094017094019,0.05876068376068377,0.03383190883190884,0.04950142450142451,0.020299145299145303,0.03596866096866098,0.028133903133903137,0.04380341880341881
77,0.03688141923436041,0.06862745098039216,0.049953314659197015,0.025676937441643323,0.15359477124183007,0.046218487394957986,0.08636788048552754,0.03221288515406162,0.046218487394957986,0.04715219421101774,0.04435107376283847,0.05555555555555555,0.07236227824463119,0.05835667600373483,0.02661064425770308,0.04435107376283847,0.02287581699346405,0.028478057889822595,0.02287581699346405,0.03127917833800187
78,0.03991769547325103,0.046502057613168724,0.05308641975308642,0.025102880658436213,0.1337448559670782,0.025925925925925925,0.0662551440329218,0.026748971193415638,0.026748971193415638,0.05802469135802469,0.030864197530864196,0.06460905349794238,0.059670781893004114,0.021810699588477367,0.06213991769547325,0.06707818930041153,0.03333333333333333,0.01934156378600823,0.043209876543209874,0.09588477366255144
79,0.053819444444444454,0.05960648148148149,0.0306712962962963,0.028356481481481486,0.11284722222222224,0.07465277777777779,0.034143518518518524,0.03530092592592593,0.04456018518518519,0.04340277777777778,0.04456018518518519,0.0457175925925926,0.049189814814814825,0.08159722222222224,0.02951388888888889,0.0306712962962963,0.04340277777777778,0.03182870370370371,0.06655092592592594,0.05960648148148149
80,0.043532338308457715,0.021144278606965175,0.02943615257048093,0.027777777777777776,0.09411276948590382,0.06260364842454395,0.04187396351575456,0.07338308457711443,0.05679933665008292,0.06923714759535655,0.02197346600331675,0.043532338308457715,0.07255389718076286,0.07504145936981758,0.06343283582089553,0.02943615257048093,0.02943615257048093,0.04767827529021559,0.039386401326699835,0.057628524046434496
81,0.07116620752984391,0.039026629935720855,0.03168044077134987,0.028007346189164378,0.06198347107438018,0.04729109274563821,0.06565656565656568,0.0610651974288338,0.021579430670339763,0.054637281910009196,0.03443526170798899,0.06657483930211204,0.054637281910009196,0.04729109274563821,0.06749311294765842,0.056473829201101944,0.056473829201101944,0.021579430670339763,0.04820936639118459,0.0647382920110193
82,0.053482587064676616,0.0775290215588723,0.041044776119402986,0.02197346600331675,0.12645107794361526,0.0269485903814262,0.11733001658374792,0.0269485903814262,0.030265339966832505,0.043532338308457715,0.03109452736318408,0.04933665008291874,0.0675787728026534,0.028606965174129355,0.053482587064676616,0.0675787728026534,0.046849087893864015,0.02943615257048093,0.036898839137645106,0.0236318407960199
83,0.08357487922705314,0.0536231884057971,0.05458937198067633,0.026570048309178744,0.1,0.06908212560386473,0.10772946859903382,0.05458937198067633,0.025603864734299518,0.049758454106280194,0.0323671497584541,0.07198067632850241,0.023671497584541065,0.03429951690821256,0.05555555555555555,0.029468599033816423,0.029468599033816423,0.02463768115942029,0.051690821256038647,0.021739130434782608
84,0.047206165703275536,0.06133590237636481,0.09922928709055878,0.03371868978805396,0.14868336544637126,0.036287732819524736,0.0510597302504817,0.023442517662170845,0.03692999357739243,0.03564547206165704,0.03885677585099551,0.057482337829158646,0.06968529222864485,0.03179190751445087,0.02729608220937701,0.03179190751445087,0.027938342967244706,0.06583172768143868,0.03307642903018626,0.04271034039820168
85,0.041666666666666664,0.08251633986928104,0.03676470588235294,0.041666666666666664,0.08088235294117647,0.041666666666666664,0.05800653594771242,0.05310457516339869,0.03676470588235294,0.04820261437908497,0.03676470588235294,0.0857843137254902,0.07107843137254902,0.03676470588235294,0.03676470588235294,0.049836601307189546,0.03676470588235294,0.03676470588235294,0.03676470588235294,0.051470588235294115
86,0.03968253968253969,0.05379188712522047,0.041446208112874784,0.041446208112874784,0.07848324514991183,0.03968253968253969,0.05731922398589066,0.06261022927689595,0.04850088183421518,0.041446208112874784,0.03968253968253969,0.07142857142857144,0.05731922398589066,0.03968253968253969,0.03968253968253969,0.041446208112874784,0.03968253968253969,0.04320987654320988,0.07142857142857144,0.05202821869488537
87,0.026371308016877638,0.022151898734177215,0.04535864978902954,0.025668073136427567,0.069971870604782,0.05239099859353024,0.08684950773558368,0.02707454289732771,0.08052039381153306,0.03410689170182841,0.03340365682137834,0.08755274261603375,0.07911392405063292,0.044655414908579466,0.06645569620253164,0.03691983122362869,0.04606188466947961,0.05450070323488045,0.03129395218002813,0.049578059071729956
88,0.04791666666666668,0.0326388888888889,0.05486111111111112,0.036805555555555564,0.06597222222222224,0.0326388888888889,0.06458333333333335,0.05625000000000001,0.06875000000000002,0.04236111111111112,0.03958333333333334,0.0826388888888889,0.03541666666666667,0.036805555555555564,0.05902777777777778,0.03402777777777778,0.05625000000000001,0.04236111111111112,0.04097222222222223,0.0701388888888889
89,0.05783475783475783,0.027065527065527065,0.0339031339031339,0.01339031339031339,0.14387464387464388,0.03276353276353276,0.07834757834757834,0.05555555555555555,0.017378917378917377,0.03333333333333333,0.04928774928774929,0.029344729344729346,0.06125356125356125,0.039601139601139604,0.07264957264957266,0.06638176638176638,0.07150997150997151,0.029914529914529916,0.029914529914529916,0.05669515669515669
90,0.03723404255319149,0.026595744680851064,0.053782505910165486,0.027777777777777776,0.09869976359338062,0.03959810874704492,0.07033096926713948,0.0384160756501182,0.027777777777777776,0.05969267139479906,0.057328605200945626,0.09397163120567376,0.07033096926713948,0.027777777777777776,0.05614657210401891,0.027777777777777776,0.04905437352245863,0.030141843971631204,0.04550827423167849,0.06205673758865248
91,0.04205246913580247,0.048996913580246916,0.060570987654320986,0.02353395061728395,0.1554783950617284,0.04128086419753087,0.048996913580246916,0.027391975308641976,0.02199074074074074,0.03125,0.07137345679012345,0.04205246913580247,0.045910493827160496,0.04205246913580247,0.03896604938271605,0.03896604938271605,0.03973765432098766,0.04359567901234568,0.058256172839506175,0.0775462962962963
92,0.043209876543209874,0.03223593964334705,0.03909465020576132,0.033607681755829906,0.08847736625514403,0.043209876543209874,0.05692729766803841,0.061042524005486966,0.05829903978052126,0.05829903978052126,0.05281207133058985,0.08436213991769548,0.04458161865569273,0.03497942386831276,0.0541838134430727,0.030864197530864196,0.033607681755829906,0.051440329218107,0.04046639231824417,0.05829903978052126
93,0.0418227215980025,0.0418227215980025,0.07303370786516855,0.053058676654182284,0.07802746566791512,0.04556803995006243,0.04556803995006243,0.058052434456928856,0.055555555555555566,0.0655430711610487,0.034332084893882654,0.07677902621722847,0.028089887640449444,0.030586766541822727,0.030586766541822727,0.050561797752809,0.028089887640449444,0.03932584269662922,0.040574282147315864,0.08302122347066168
94,0.05253025302530253,0.05418041804180418,0.05033003300330033,0.026127612761276127,0.16584158415841585,0.05418041804180418,0.05088008800880088,0.04977997799779978,0.044279427942794276,0.03602860286028603,0.04702970297029703,0.025027502750275026,0.05803080308030803,0.02282728272827283,0.03987898789878988,0.06408140814081408,0.02942794279427943,0.04922992299229923,0.03712871287128713,0.04317931793179318
95,0.04531126871552404,0.04609929078014184,0.07052797478329394,0.032702915681639085,0.1288416075650118,0.02009456264775414,0.05240346729708432,0.035855003940110326,0.024822695035460994,0.04767533490937746,0.02639873916469661,0.04373522458628842,0.09968479117415288,0.030338849487785657,0.02876280535855004,0.04846335697399527,0.05003940110323089,0.035855003940110326,0.06107171000788022,0.07131599684791175
96,0.05441008018327608,0.03150057273768615,0.07617411225658652,0.026918671248568168,0.11741122565864838,0.048682703321878594,0.025773195876288665,0.05441008018327608,0.050973654066437585,0.0807560137457045,0.03722794959908363,0.0463917525773196,0.06357388316151205,0.042955326460481114,0.04410080183276061,0.030355097365406654,0.041809851088201615,0.04066437571592212,0.042955326460481114,0.042955326460481114
97,0.028225806451612906,0.03569295101553167,0.05480884109916369,0.011200716845878138,0.1408303464755078,0.03867980884109917,0.07063918757467146,0.040770609318996426,0.015382317801672643,0.028225806451612906,0.04136798088410992,0.05062724014336918,0.09991039426523299,0.028823178016726406,0.08826164874551973,0.061678614097968945,0.04316009557945043,0.028524492234169658,0.0210573476702509,0.07213261648745521
98,0.03911564625850341,0.045918367346938785,0.06292517006802723,0.03458049886621316,0.06179138321995466,0.058390022675736966,0.08333333333333334,0.06179138321995466,0.03571428571428572,0.03571428571428572,0.06746031746031747,0.045918367346938785,0.04931972789115647,0.06519274376417235,0.028911564625850344,0.05272108843537416,0.03571428571428572,0.04024943310657597,0.05272108843537416,0.042517006802721094
99,0.05311355311355311,0.054334554334554336,0.07387057387057387,0.03724053724053724,0.11904761904761904,0.08974358974358974,0.04456654456654457,0.038461538461538464,0.038461538461538464,0.03235653235653236,0.045787545787545784,0.057997557997558,0.031135531135531136,0.029914529914529916,0.04945054945054945,0.04212454212454213,0.038461538461538464,0.04700854700854701,0.03724053724053724,0.03968253968253968
100,0.03421900161030596,0.0213365539452496,0.0607890499194847,0.01892109500805153,0.09702093397745572,0.04066022544283414,0.07125603864734299,0.09943639291465378,0.03904991948470209,0.03985507246376811,0.03341384863123994,0.030193236714975844,0.06159420289855073,0.046296296296296294,0.06239935587761675,0.04710144927536232,0.05676328502415459,0.03260869565217391,0.055152979066022546,0.051932367149758456
101,0.0337108953613808,0.08171521035598706,0.055825242718446605,0.01267529665587918,0.14212513484358144,0.03532901833872708,0.09412081984897519,0.04341963322545847,0.01483279395900755,0.04449838187702265,0.048813376483279394,0.04503775620280474,0.09412081984897519,0.02400215749730313,0.04341963322545847,0.05151024811218986,0.019147788565264293,0.020226537216828478,0.020226537216828478,0.07524271844660194
102,0.038492063492063494,0.040873015873015874,0.04246031746031746,0.025793650793650792,0.09087301587301587,0.05357142857142857,0.09563492063492063,0.04246031746031746,0.05119047619047619,0.019444444444444445,0.03611111111111111,0.07817460317460317,0.06944444444444445,0.0496031746031746,0.01865079365079365,0.09166666666666666,0.040873015873015874,0.030555555555555555,0.03611111111111111,0.04801587301587302
103,0.02873563218390804,0.06449553001277138,0.04022988505747126,0.03256704980842911,0.10664112388250316,0.046615581098339715,0.045338441890166024,0.05044699872286078,0.02873563218390804,0.08365261813537674,0.03128991060025542,0.05555555555555554,0.061941251596423996,0.02873563218390804,0.04406130268199233,0.046615581098339715,0.03001277139208173,0.03256704980842911,0.06960408684546614,0.07215836526181352
104,0.039115646258503396,0.04138321995464852,0.05952380952380951,0.039115646258503396,0.0629251700680272,0.05612244897959182,0.08446712018140588,0.05272108843537414,0.031179138321995457,0.037981859410430835,0.06972789115646257,0.04478458049886621,0.04818594104308389,0.061791383219954636,0.034580498866213144,0.05158730158730157,0.034580498866213144,0.04591836734693877,0.05612244897959182,0.04818594104308389
105,0.044146825396825407,0.03323412698412699,0.04017857142857144,0.026289682539682547,0.162202380952381,0.02728174603174604,0.06696428571428573,0.06498015873015875,0.03720238095238096,0.045138888888888895,0.045138888888888895,0.06299603174603176,0.07589285714285715,0.04613095238095239,0.04017857142857144,0.034226190476190486,0.035218253968253975,0.02827380952380953,0.04613095238095239,0.038194444444444454
106,0.02162341982701264,0.02428476380572189,0.06952761144377911,0.034264803725881574,0.16001330671989356,0.019627411842980707,0.06087824351297405,0.0748502994011976,0.05888223552894212,0.04624085163007319,0.026280771789753826,0.07085828343313373,0.04757152361942781,0.044244843646041254,0.07684630738522955,0.04025282767797738,0.03359946773120426,0.038922155688622756,0.029607451763140388,0.02162341982701264
107,0.03917378917378917,0.04772079772079772,0.07621082621082621,0.03205128205128205,0.11324786324786325,0.03632478632478633,0.04344729344729345,0.06196581196581197,0.03632478632478633,0.03205128205128205,0.0405982905982906,0.054843304843304845,0.053418803418803416,0.03205128205128205,0.054843304843304845,0.046296296296296294,0.05911680911680912,0.049145299145299144,0.04202279202279202,0.049145299145299144
108,0.02616487455197133,0.058422939068100366,0.04193548387096775,0.020430107526881725,0.11433691756272403,0.024731182795698928,0.06272401433691757,0.10860215053763442,0.017562724014336922,0.05483870967741936,0.021863799283154125,0.029032258064516134,0.04910394265232976,0.07419354838709678,0.056989247311827966,0.04193548387096775,0.039068100358422946,0.020430107526881725,0.08136200716845879,0.05627240143369176
109,0.029069767441860468,0.03423772609819122,0.04586563307493541,0.031653746770025845,0.07558139534883722,0.05232558139534885,0.07170542635658916,0.0781653746770026,0.04586563307493541,0.0678294573643411,0.05878552971576228,0.038113695090439284,0.03294573643410854,0.04069767441860466,0.041989664082687346,0.04715762273901809,0.04457364341085272,0.030361757105943157,0.05232558139534885,0.08074935400516797
110,0.02933832709113608,0.031835205992509365,0.0780274656679151,0.041822721598002495,0.09176029962546817,0.041822721598002495,0.05181023720349563,0.08801498127340825,0.041822721598002495,0.05056179775280899,0.060549313358302125,0.06179775280898876,0.038077403245942575,0.03932584269662921,0.06803995006242197,0.033083645443196,0.04307116104868914,0.03682896379525593,0.03682896379525593,0.035580524344569285
111,0.06202435312024353,0.06202435312024353,0.05213089802130898,0.029299847792998476,0.1571537290715373,0.04984779299847793,0.05974124809741248,0.04299847792998478,0.028538812785388126,0.025494672754946726,0.03919330289193303,0.030060882800608826,0.05441400304414003,0.06126331811263318,0.04908675799086758,0.029299847792998476,0.030821917808219176,0.06202435312024353,0.03462709284627093,0.03995433789954338
112,0.043859649122807015,0.043859649122807015,0.05165692007797271,0.043859649122807015,0.07309941520467836,0.06140350877192982,0.043859649122807015,0.07115009746588694,0.043859649122807015,0.049707602339181284,0.049707602339181284,0.043859649122807015,0.043859649122807015,0.06140350877192982,0.043859649122807015,0.043859649122807015,0.04775828460038986,0.043859649122807015,0.043859649122807015,0.05165692007797271
113,0.06463675213675214,0.060363247863247864,0.052884615384615384,0.026175213675213676,0.06997863247863248,0.06570512820512821,0.05608974358974359,0.0625,0.027243589743589744,0.0625,0.04433760683760684,0.04113247863247863,0.05822649572649573,0.027243589743589744,0.05822649572649573,0.04006410256410257,0.04326923076923077,0.05181623931623932,0.03365384615384615,0.053952991452991456
114,0.04150516795865634,0.05507105943152456,0.03956718346253231,0.022448320413436695,0.17135012919896644,0.03020025839793282,0.04376614987080104,0.05410206718346254,0.03149224806201551,0.018572351421188633,0.047965116279069776,0.055394056847545226,0.03989018087855298,0.03052325581395349,0.06346899224806203,0.04215116279069768,0.03633720930232559,0.0453811369509044,0.03472222222222223,0.09609173126614988
115,0.022916666666666665,0.02939814814814815,0.04884259259259259,0.028009259259259258,0.12476851851851851,0.03680555555555556,0.09513888888888888,0.05856481481481481,0.031712962962962964,0.03263888888888889,0.09189814814814815,0.04097222222222222,0.059027777777777776,0.04791666666666667,0.04791666666666667,0.06087962962962963,0.023842592592592592,0.03125,0.035416666666666666,0.052083333333333336
116,0.048032407407407406,0.05613425925925926,0.08622685185185185,0.041087962962962965,0.12789351851851852,0.031828703703703706,0.07465277777777778,0.03530092592592592,0.026041666666666668,0.03761574074074074,0.03530092592592592,0.03993055555555555,0.0642361111111111,0.031828703703703706,0.05150462962962963,0.031828703703703706,0.057291666666666664,0.05960648148148148,0.03530092592592592,0.028356481481481483
117,0.04734537493158183,0.023809523809523808,0.0571975916803503,0.015599343185550082,0.10372194854953476,0.023809523809523808,0.1113847837985769,0.0511767925561029,0.02435686918445539,0.03749315818281335,0.052271483305966066,0.03804050355774494,0.10645867542419267,0.04241926655719759,0.06212370005473454,0.02983032293377121,0.053366174055829226,0.034209085933223866,0.02654625068418172,0.058839627805145046
118,0.05056980056980056,0.03490028490028489,0.04772079772079771,0.03632478632478632,0.08048433048433047,0.044871794871794865,0.0705128205128205,0.042022792022792015,0.044871794871794865,0.03490028490028489,0.0534188034188034,0.05769230769230768,0.04772079772079771,0.04914529914529913,0.06339031339031338,0.03347578347578347,0.03205128205128204,0.05769230769230768,0.06766381766381765,0.05056980056980056
119,0.0759958071278826,0.07075471698113207,0.0330188679245283,0.03930817610062893,0.08857442348008386,0.036163522012578615,0.0749475890985325,0.0319706498951782,0.044549266247379454,0.06656184486373165,0.04035639412997904,0.034067085953878404,0.04035639412997904,0.04559748427672956,0.0749475890985325,0.06132075471698113,0.04559748427672956,0.04140461215932914,0.027777777777777776,0.026729559748427674
120,0.04396135265700483,0.05458937198067633,0.0323671497584541,0.02463768115942029,0.10096618357487923,0.042995169082125605,0.050724637681159424,0.049758454106280194,0.023671497584541065,0.10386473429951691,0.05458937198067633,0.06908212560386473,0.06714975845410628,0.036231884057971016,0.05748792270531401,0.04009661835748792,0.036231884057971016,0.023671497584541065,0.04009661835748792,0.04782608695652174
121,0.02933832709113608,0.03932584269662921,0.03058676654182272,0.04057428214731586,0.1017478152309613,0.054307116104868915,0.07553058676654183,0.031835205992509365,0.028089887640449437,0.06179775280898876,0.02933832709113608,0.06304619225967541,0.04556803995006242,0.04556803995006242,0.038077403245942575,0.048064918851435705,0.07428214731585518,0.0568039950062422,0.07178526841448189,0.03433208489388265
122,0.044802867383512544,0.06033452807646356,0.031660692951015534,0.031660692951015534,0.06630824372759857,0.04121863799283154,0.13321385902031063,0.03046594982078853,0.03763440860215054,0.04241338112305854,0.06630824372759857,0.05436081242532855,0.031660692951015534,0.026881720430107527,0.08422939068100359,0.02927120669056153,0.026881720430107527,0.04121863799283154,0.06630824372759857,0.05316606929510155
123,0.05213675213675215,0.07094017094017095,0.04700854700854702,0.03846153846153847,0.07264957264957267,0.04871794871794873,0.09658119658119661,0.03846153846153847,0.03846153846153847,0.06923076923076925,0.03846153846153847,0.03846153846153847,0.05897435897435899,0.03846153846153847,0.04017094017094018,0.03846153846153847,0.04017094017094018,0.045299145299145305,0.05042735042735044,0.03846153846153847
124,0.029069767441860465,0.043281653746770024,0.044573643410852716,0.03294573643410853,0.0872093023255814,0.029069767441860465,0.14147286821705427,0.040697674418604654,0.06395348837209303,0.03940568475452196,0.044573643410852716,0.034237726098191215,0.040697674418604654,0.0562015503875969,0.03682170542635659,0.06524547803617571,0.029069767441860465,0.03940568475452196,0.04844961240310078,0.053617571059431525
125,0.05675029868578255,0.032855436081242535,0.09498207885304659,0.06511350059737156,0.1033452807646356,0.04121863799283154,0.03763440860215054,0.02927120669056153,0.026881720430107527,0.05555555555555555,0.04241338112305854,0.06033452807646356,0.03763440860215054,0.03046594982078853,0.05794504181600956,0.044802867383512544,0.05675029868578255,0.03763440860215054,0.04241338112305854,0.045997610513739545
126,0.0636070853462158,0.04750402576489534,0.04750402576489534,0.05877616747181965,0.07648953301127216,0.04106280193236716,0.05877616747181965,0.03945249597423511,0.03945249597423511,0.03623188405797102,0.03945249597423511,0.03945249597423511,0.09098228663446056,0.06199677938808374,0.03623188405797102,0.04428341384863125,0.05072463768115943,0.03945249597423511,0.04428341384863125,0.04428341384863125
127,0.02919020715630885,0.021657250470809793,0.03170119271814187,0.03483992467043315,0.1315128688010044,0.06246076585059636,0.053044569993722535,0.06371625863151287,0.047394852479598244,0.026051475204017578,0.04676710608913999,0.02793471437539234,0.09761456371625864,0.038606403013182675,0.054300062774639044,0.0423728813559322,0.025423728813559324,0.03044569993722536,0.04927809165097301,0.0856873822975518
128,0.10336976320582877,0.023224043715846996,0.057832422586520944,0.03233151183970856,0.11247723132969034,0.02959927140255009,0.050546448087431695,0.03961748633879782,0.048724954462659384,0.052367941712204005,0.03233151183970856,0.046903460837887066,0.09517304189435337,0.03597449908925319,0.031420765027322405,0.0441712204007286,0.021402550091074682,0.050546448087431695,0.04326047358834244,0.048724954462659384
129,0.033108866442199784,0.03423120089786757,0.08810325476992145,0.031986531986531994,0.09708193041526376,0.04545454545454546,0.038720538720538725,0.0634118967452301,0.040965207631874306,0.04882154882154883,0.039842873176206516,0.027497194163860834,0.06453423120089788,0.040965207631874306,0.038720538720538725,0.033108866442199784,0.10157126823793491,0.04882154882154883,0.039842873176206516,0.04320987654320988
130,0.07782186948853617,0.05533509700176368,0.07826278659611995,0.027557319223985896,0.12323633156966493,0.03196649029982364,0.07826278659611995,0.0376984126984127,0.03284832451499119,0.042107583774250446,0.024029982363315702,0.021384479717813053,0.08443562610229279,0.04166666666666667,0.04078483245149912,0.05533509700176368,0.05313051146384481,0.017416225749559085,0.021384479717813053,0.05533509700176368
131,0.033713200379867046,0.07075023741690409,0.06220322886989554,0.03466286799620133,0.07929724596391263,0.0365622032288699,0.08499525166191833,0.023266856600189935,0.021367521367521368,0.054605887939221276,0.024216524216524215,0.059354226020892686,0.06315289648622982,0.07169990503323836,0.02801519468186135,0.0251661918328585,0.03466286799620133,0.0365622032288699,0.09069325735992402,0.06505223171889839
132,0.028409090909090908,0.028409090909090908,0.03977272727272727,0.05366161616161616,0.10164141414141414,0.06628787878787878,0.054924242424242424,0.029671717171717172,0.029671717171717172,0.029671717171717172,0.08270202020202021,0.04861111111111111,0.07512626262626262,0.04482323232323232,0.04482323232323232,0.04861111111111111,0.07007575757575757,0.034722222222222224,0.04734848484848485,0.041035353535353536
133,0.07064471879286693,0.051440329218106984,0.052812071330589835,0.0596707818930041,0.07887517146776404,0.04320987654320987,0.06790123456790122,0.0336076817558299,0.0802469135802469,0.041838134430727016,0.0336076817558299,0.0336076817558299,0.0336076817558299,0.041838134430727016,0.04595336076817558,0.04320987654320987,0.0336076817558299,0.041838134430727016,0.03086419753086419,0.08161865569272975
134,0.04962962962962963,0.05703703703703704,0.052592592592592594,0.03481481481481481,0.09555555555555556,0.042222222222222223,0.06,0.07185185185185185,0.04962962962962963,0.03777777777777778,0.051111111111111114,0.0362962962962963,0.06444444444444444,0.042222222222222223,0.05407407407407407,0.04666666666666667,0.0437037037037037,0.042222222222222223,0.03481481481481481,0.03333333333333333
135,0.05721393034825871,0.03731343283582089,0.03897180762852405,0.03897180762852405,0.10199004975124377,0.03731343283582089,0.06716417910447761,0.05223880597014925,0.05721393034825871,0.0406301824212272,0.0472636815920398,0.06384742951907131,0.05223880597014925,0.05223880597014925,0.05555555555555555,0.04560530679933665,0.03731343283582089,0.03731343283582089,0.04228855721393035,0.03731343283582089
136,0.03289473684210526,0.0402046783625731,0.07967836257309942,0.03874269005847953,0.09576023391812866,0.03874269005847953,0.062134502923976605,0.0489766081871345,0.05482456140350877,0.03289473684210526,0.04751461988304093,0.041666666666666664,0.09283625730994152,0.041666666666666664,0.03289473684210526,0.03289473684210526,0.046052631578947366,0.05043859649122807,0.0402046783625731,0.0489766081871345
137,0.0330188679245283,0.06132075471698113,0.06027253668763103,0.030922431865828093,0.07389937106918239,0.04245283018867924,0.05817610062893082,0.03930817610062893,0.04350104821802935,0.037211740041928724,0.029874213836477988,0.046645702306079666,0.06551362683438156,0.03825995807127883,0.06027253668763103,0.04979035639412998,0.04245283018867924,0.03825995807127883,0.055031446540880505,0.09381551362683438
138,0.03579059829059829,0.03258547008547009,0.057158119658119656,0.026175213675213676,0.14903846153846154,0.042200854700854704,0.09775641025641026,0.037927350427350424,0.037927350427350424,0.037927350427350424,0.04754273504273504,0.027243589743589744,0.057158119658119656,0.028311965811965812,0.06143162393162393,0.034722222222222224,0.027243589743589744,0.06143162393162393,0.04754273504273504,0.052884615384615384
139,0.034722222222222224,0.034722222222222224,0.03780864197530864,0.034722222222222224,0.09490740740740741,0.034722222222222224,0.05632716049382716,0.04552469135802469,0.05324074074074074,0.08719135802469136,0.0470679012345679,0.036265432098765434,0.05478395061728395,0.05941358024691358,0.04089506172839506,0.034722222222222224,0.03935185185185185,0.05941358024691358,0.06867283950617284,0.04552469135802469
140,0.04458161865569273,0.05281207133058985,0.043209876543209874,0.030864197530864196,0.08984910836762688,0.05692729766803841,0.04183813443072702,0.033607681755829906,0.043209876543209874,0.03909465020576132,0.030864197530864196,0.05555555555555555,0.04869684499314129,0.04458161865569273,0.04869684499314129,0.043209876543209874,0.030864197530864196,0.047325102880658436,0.030864197530864196,0.14334705075445817
141,0.045012165450121655,0.031224655312246552,0.048256285482562854,0.06528791565287916,0.23317112733171128,0.03527980535279805,0.07826439578264396,0.03852392538523925,0.027980535279805353,0.041768045417680456,0.023114355231143552,0.07339821573398216,0.026358475263584754,0.026358475263584754,0.048256285482562854,0.031224655312246552,0.03203568532035685,0.023925385239253853,0.037712895377128956,0.032846715328467155
142,0.050236406619385325,0.026595744680851054,0.0395981087470449,0.03014184397163119,0.21926713947990534,0.054964539007092174,0.06087470449172574,0.03250591016548462,0.04669030732860518,0.037234042553191474,0.027777777777777762,0.0395981087470449,0.04905437352245861,0.04905437352245861,0.0395981087470449,0.051418439716312034,0.04196217494089832,0.04196217494089832,0.03250591016548462,0.028959810874704478
143,0.04522792022792023,0.03027065527065527,0.04024216524216524,0.024572649572649572,0.21474358974358973,0.045940170940170943,0.06160968660968661,0.06517094017094018,0.03027065527065527,0.03881766381766382,0.030982905982905984,0.05591168091168091,0.060897435897435896,0.033831908831908834,0.023148148148148147,0.050213675213675216,0.033831908831908834,0.03454415954415954,0.041666666666666664,0.038105413105413107
144,0.056989247311827945,0.05627240143369174,0.051971326164874536,0.029032258064516123,0.139426523297491,0.03261648745519712,0.10286738351254478,0.017562724014336915,0.018996415770609315,0.03405017921146953,0.04336917562724014,0.03906810035842293,0.04336917562724014,0.05268817204301074,0.06487455197132615,0.03548387096774193,0.039784946236559135,0.04695340501792113,0.031899641577060926,0.06272401433691754
145,0.03629032258064517,0.037186379928315416,0.06675627240143371,0.02912186379928316,0.114247311827957,0.03808243727598567,0.07392473118279572,0.02195340501792115,0.031810035842293916,0.04704301075268818,0.05958781362007169,0.05510752688172044,0.09094982078853048,0.0649641577060932,0.043458781362007176,0.03897849462365592,0.05600358422939069,0.03360215053763441,0.03360215053763441,0.027329749103942657
146,0.0316872427983539,0.04320987654320987,0.08271604938271604,0.033333333333333326,0.06954732510288064,0.08436213991769546,0.04979423868312756,0.04897119341563785,0.033333333333333326,0.033333333333333326,0.03086419753086419,0.06872427983539094,0.06543209876543209,0.04156378600823044,0.07366255144032921,0.05720164609053496,0.03086419753086419,0.02098765432098765,0.025102880658436206,0.07530864197530864
147,0.028693528693528692,0.033577533577533576,0.08608058608058608,0.029914529914529916,0.10805860805860806,0.045787545787545784,0.08852258852258853,0.043345543345543344,0.04456654456654457,0.040903540903540904,0.036019536019536016,0.04700854700854701,0.09340659340659341,0.054334554334554336,0.028693528693528692,0.05311355311355311,0.0347985347985348,0.027472527472527472,0.040903540903540904,0.0347985347985348
148,0.05086071987480438,0.05086071987480438,0.07276995305164319,0.04460093896713615,0.10093896713615023,0.035211267605633804,0.06025039123630673,0.036776212832550864,0.036776212832550864,0.0539906103286385,0.03990610328638498,0.05086071987480438,0.03834115805946792,0.05242566510172144,0.03990610328638498,0.035211267605633804,0.03990610328638498,0.04773082942097027,0.041471048513302036,0.07120500782472614
149,0.03955555555555555,0.03422222222222222,0.11955555555555555,0.02,0.11866666666666667,0.06,0.06622222222222222,0.03955555555555555,0.03777777777777778,0.076,0.02,0.06533333333333333,0.051111111111111114,0.04577777777777778,0.03422222222222222,0.025333333333333333,0.03688888888888889,0.020888888888888887,0.03688888888888889,0.052
150,0.057936507936507946,0.03571428571428572,0.05952380952380953,0.03730158730158731,0.09126984126984128,0.03571428571428572,0.07063492063492065,0.04841269841269842,0.03571428571428572,0.038888888888888896,0.03571428571428572,0.03571428571428572,0.10079365079365081,0.03571428571428572,0.03730158730158731,0.05317460317460318,0.0642857142857143,0.038888888888888896,0.03730158730158731,0.05000000000000001
151,0.035580524344569285,0.03058676654182272,0.035580524344569285,0.03433208489388265,0.12172284644194757,0.035580524344569285,0.10299625468164794,0.05805243445692884,0.028089887640449437,0.038077403245942575,0.041822721598002495,0.031835205992509365,0.06429463171036205,0.0780274656679151,0.07053682896379526,0.033083645443196,0.028089887640449437,0.03058676654182272,0.05056179775280899,0.05056179775280899
152,0.03299916457811195,0.040517961570593154,0.040517961570593154,0.04135338345864662,0.09983291562238931,0.06558061821219717,0.07309941520467837,0.05472013366750209,0.03132832080200502,0.04218880534670009,0.04135338345864662,0.04720133667502089,0.07644110275689224,0.025480367585630746,0.09816207184628238,0.062238930659983295,0.02380952380952381,0.040517961570593154,0.03968253968253969,0.022974101921470345
153,0.039760348583877995,0.0528322440087146,0.06045751633986928,0.06045751633986928,0.0855119825708061,0.06699346405228758,0.0332244008714597,0.0528322440087146,0.02559912854030501,0.07135076252723312,0.03431372549019608,0.07570806100217865,0.05392156862745098,0.03758169934640523,0.07461873638344227,0.024509803921568627,0.03867102396514161,0.03104575163398693,0.04411764705882353,0.03649237472766884
154,0.02865497076023392,0.04035087719298246,0.02865497076023392,0.04035087719298246,0.07777777777777778,0.05087719298245614,0.0391812865497076,0.049707602339181284,0.04736842105263158,0.06140350877192982,0.03450292397660819,0.03684210526315789,0.06140350877192982,0.0871345029239766,0.07309941520467836,0.038011695906432746,0.08596491228070176,0.054385964912280704,0.027485380116959064,0.03684210526315789
155,0.044082125603864736,0.034420289855072464,0.050120772946859904,0.034420289855072464,0.08514492753623189,0.04891304347826087,0.04770531400966183,0.034420289855072464,0.04891304347826087,0.029589371980676328,0.051328502415458936,0.07789855072463768,0.12016908212560387,0.051328502415458936,0.03321256038647343,0.06099033816425121,0.035628019323671496,0.03804347826086957,0.0392512077294686,0.034420289855072464
156,0.04207516339869281,0.043709150326797376,0.03308823529411764,0.02001633986928104,0.13521241830065356,0.027369281045751627,0.09354575163398691,0.04697712418300652,0.05351307189542482,0.027369281045751627,0.029003267973856203,0.0355392156862745,0.11233660130718952,0.05106209150326796,0.05187908496732025,0.07066993464052286,0.019199346405228756,0.02001633986928104,0.03717320261437908,0.050245098039215674
157,0.032797858099062924,0.060910307898259713,0.0568942436412316,0.03145917001338689,0.12516733601070953,0.030120481927710847,0.054216867469879526,0.03145917001338689,0.032797858099062924,0.04082998661311915,0.035475234270415,0.07697456492637217,0.06492637215528783,0.03145917001338689,0.052878179384203486,0.044846050870147265,0.04886211512717537,0.042168674698795185,0.035475234270415,0.07028112449799198
158,0.030012771392081736,0.05938697318007663,0.07982120051085569,0.028735632183908046,0.07215836526181353,0.04661558109833972,0.06321839080459771,0.038952745849297574,0.05683269476372925,0.08876117496807152,0.038952745849297574,0.05810983397190294,0.04789272030651341,0.037675606641123884,0.04661558109833972,0.05172413793103448,0.05427841634738186,0.028735632183908046,0.031289910600255426,0.040229885057471264
159,0.05321637426900585,0.04502923976608187,0.06374269005847953,0.027485380116959064,0.10584795321637427,0.08830409356725147,0.043859649122807015,0.030994152046783626,0.03333333333333333,0.027485380116959064,0.03450292397660819,0.06140350877192982,0.05555555555555555,0.04502923976608187,0.038011695906432746,0.04035087719298246,0.027485380116959064,0.049707602339181284,0.06257309941520468,0.06608187134502924
160,0.06902356902356903,0.03984287317620651,0.0409652076318743,0.02749719416386083,0.08249158249158249,0.03647586980920314,0.0611672278338945,0.05443322109988777,0.04882154882154882,0.05667789001122334,0.02749719416386083,0.07800224466891134,0.04882154882154882,0.06004489337822671,0.05218855218855219,0.03872053872053872,0.045454545454545456,0.03872053872053872,0.057800224466891134,0.03535353535353535
161,0.043518518518518526,0.04166666666666667,0.04537037037037038,0.05833333333333334,0.052777777777777785,0.052777777777777785,0.05833333333333334,0.04166666666666667,0.04166666666666667,0.04166666666666667,0.04537037037037038,0.043518518518518526,0.08240740740740742,0.04166666666666667,0.06018518518518519,0.04907407407407408,0.04166666666666667,0.04907407407407408,0.04722222222222223,0.06203703703703704
162,0.03221288515406162,0.028478057889822595,0.07049486461251167,0.023809523809523808,0.15639589169000934,0.02287581699346405,0.07329598506069095,0.037815126050420166,0.03034547152194211,0.049953314659197015,0.038748832866479926,0.0350140056022409,0.05182072829131653,0.0350140056022409,0.07142857142857142,0.05742296918767507,0.05929038281979458,0.023809523809523808,0.023809523809523808,0.07796451914098973
163,0.037249893571732653,0.039378458918688804,0.07130693912303107,0.015964240102171137,0.11770966368667518,0.029587058322690506,0.10919540229885058,0.044061302681992334,0.026607066836951895,0.043209876543209874,0.041507024265644954,0.05725840783312048,0.11174968071519796,0.041932737335036184,0.032141336739037886,0.05598126862494678,0.03426990208599404,0.016389953171562367,0.02447850148999574,0.05002128565346956
164,0.07854406130268198,0.03767560664112388,0.061941251596423996,0.03256704980842911,0.07343550446998721,0.045338441890166024,0.0478927203065134,0.03128991060025542,0.03001277139208173,0.061941251596423996,0.06704980842911876,0.045338441890166024,0.05172413793103447,0.04150702426564495,0.02873563218390804,0.07471264367816091,0.058109833971902926,0.035121328224776496,0.04150702426564495,0.05555555555555554
165,0.05000000000000001,0.0771604938271605,0.07222222222222223,0.030246913580246917,0.06481481481481483,0.029012345679012348,0.07222222222222223,0.038888888888888896,0.030246913580246917,0.0697530864197531,0.02777777777777778,0.04382716049382717,0.06481481481481483,0.05493827160493828,0.035185185185185194,0.0425925925925926,0.03271604938271606,0.0425925925925926,0.07222222222222223,0.04876543209876544
166,0.05737704918032787,0.05373406193078324,0.040983606557377046,0.044626593806921674,0.10837887067395265,0.040983606557377046,0.040983606557377046,0.07741347905282331,0.040983606557377046,0.042805100182149364,0.042805100182149364,0.042805100182149364,0.040983606557377046,0.05737704918032787,0.040983606557377046,0.042805100182149364,0.040983606557377046,0.040983606557377046,0.040983606557377046,0.0610200364298725
167,0.028528528528528527,0.033533533533533534,0.07457457457457457,0.03153153153153153,0.06456456456456457,0.04354354354354354,0.08958958958958958,0.04154154154154154,0.06856856856856856,0.05055055055055055,0.03453453453453453,0.04054054054054054,0.052552552552552555,0.05155155155155155,0.032532532532532535,0.05155155155155155,0.06356356356356356,0.03853853853853854,0.04054054054054054,0.06756756756756757
168,0.054497354497354496,0.03439153439153439,0.04285714285714286,0.08095238095238096,0.07566137566137567,0.032275132275132276,0.06613756613756613,0.07777777777777778,0.04497354497354497,0.028042328042328042,0.0291005291005291,0.056613756613756616,0.06825396825396825,0.031216931216931216,0.04814814814814815,0.0291005291005291,0.03015873015873016,0.040740740740740744,0.051322751322751325,0.07777777777777778
169,0.044515669515669515,0.01673789173789174,0.03668091168091168,0.023148148148148147,0.11075498575498575,0.035256410256410256,0.0900997150997151,0.04095441595441596,0.045940170940170943,0.022435897435897436,0.05092592592592592,0.04237891737891738,0.062321937321937325,0.02955840455840456,0.09081196581196581,0.05733618233618234,0.060897435897435896,0.018874643874643875,0.033831908831908834,0.08653846153846154
170,0.07993197278911565,0.05612244897959184,0.05612244897959184,0.02891156462585034,0.0810657596371882,0.05045351473922902,0.030045351473922902,0.03571428571428571,0.03458049886621315,0.05045351473922902,0.030045351473922902,0.041383219954648526,0.06065759637188209,0.06405895691609978,0.08786848072562359,0.041383219954648526,0.0572562358276644,0.04591836734693878,0.03344671201814059,0.03458049886621315
171,0.05813953488372093,0.04780361757105943,0.06675279931093885,0.023686477174849268,0.08484065460809646,0.06330749354005168,0.0409130060292851,0.04780361757105943,0.022825150732127476,0.0719207579672696,0.05211024978466839,0.05469422911283377,0.056416881998277345,0.031438415159345395,0.07364341085271318,0.04177433247200689,0.03316106804478897,0.040051679586563305,0.021102497846683894,0.06761412575366063
172,0.05988455988455989,0.04401154401154401,0.05844155844155844,0.03391053391053391,0.0772005772005772,0.07575757575757576,0.06854256854256854,0.04256854256854257,0.04401154401154401,0.04112554112554113,0.032467532467532464,0.05988455988455989,0.0367965367965368,0.03391053391053391,0.04112554112554113,0.0670995670995671,0.046897546897546896,0.05266955266955267,0.03391053391053391,0.049783549783549784
173,0.04854854854854855,0.045545545545545546,0.0965965965965966,0.02952952952952953,0.0965965965965966,0.033533533533533534,0.07057057057057058,0.04054054054054054,0.04254254254254254,0.03053053053053053,0.025525525525525526,0.06856856856856856,0.08558558558558559,0.027527527527527528,0.04454454454454455,0.07357357357357357,0.05655655655655656,0.026526526526526525,0.02252252252252252,0.03453453453453453
174,0.05475619504396483,0.03237410071942447,0.05235811350919265,0.0363709032773781,0.13389288569144686,0.040367705835331745,0.08912869704236612,0.05315747402078338,0.018784972022382097,0.0739408473221423,0.03157474020783374,0.061151079136690656,0.048361310951239016,0.0363709032773781,0.04756195043964829,0.03157474020783374,0.040367705835331745,0.023581135091926463,0.027577937649880098,0.06674660271782576
175,0.05833333333333334,0.05833333333333334,0.04166666666666667,0.043518518518518526,0.06018518518518519,0.04166666666666667,0.05833333333333334,0.05092592592592593,0.06944444444444446,0.052777777777777785,0.04166666666666667,0.04166666666666667,0.04537037037037038,0.04166666666666667,0.043518518518518526,0.043518518518518526,0.043518518518518526,0.04537037037037038,0.043518518518518526,0.07500000000000001
176,0.07383966244725738,0.04571026722925457,0.03305203938115331,0.03867791842475387,0.10056258790436005,0.04149085794655415,0.0639943741209564,0.03305203938115331,0.05555555555555555,0.04571026722925457,0.04992967651195499,0.04430379746835443,0.05414908579465542,0.052742616033755275,0.04992967651195499,0.03164556962025317,0.03305203938115331,0.04149085794655415,0.07383966244725738,0.03727144866385373
177,0.10981912144702842,0.01627906976744186,0.030232558139534883,0.025064599483204133,0.15943152454780363,0.034366925064599485,0.046253229974160204,0.02868217054263566,0.013695090439276485,0.03798449612403101,0.033850129198966405,0.01834625322997416,0.058656330749354,0.0524547803617571,0.07416020671834625,0.08294573643410853,0.04160206718346253,0.02041343669250646,0.033850129198966405,0.08191214470284237
178,0.030671296296296297,0.06655092592592593,0.0642361111111111,0.050347222222222224,0.05613425925925926,0.05613425925925926,0.05497685185185185,0.03761574074074074,0.028356481481481483,0.028356481481481483,0.03298611111111111,0.050347222222222224,0.08854166666666667,0.045717592592592594,0.048032407407407406,0.05844907407407408,0.028356481481481483,0.031828703703703706,0.03877314814814815,0.10358796296296297
179,0.05015432098765431,0.039351851851851846,0.037808641975308636,0.0486111111111111,0.09336419753086418,0.03626543209876543,0.045524691358024685,0.0655864197530864,0.037808641975308636,0.05478395061728394,0.04706790123456789,0.040895061728395056,0.03626543209876543,0.0486111111111111,0.0486111111111111,0.03626543209876543,0.05478395061728394,0.045524691358024685,0.0640432098765432,0.06867283950617283
180,0.08739837398373984,0.041327913279132794,0.04403794037940379,0.03319783197831978,0.08739837398373984,0.034552845528455285,0.07249322493224933,0.05623306233062331,0.034552845528455285,0.03997289972899729,0.03048780487804878,0.054878048780487805,0.09688346883468835,0.03048780487804878,0.04403794037940379,0.04403794037940379,0.042682926829268296,0.03590785907859079,0.041327913279132794,0.048102981029810296
181,0.06904761904761907,0.061111111111111116,0.042063492063492074,0.045238095238095244,0.09126984126984128,0.03571428571428572,0.07063492063492065,0.042063492063492074,0.03730158730158731,0.03571428571428572,0.03571428571428572,0.05000000000000001,0.040476190476190485,0.03730158730158731,0.03571428571428572,0.06746031746031747,0.0642857142857143,0.043650793650793655,0.05000000000000001,0.045238095238095244
182,0.045098039215686274,0.056862745098039215,0.09084967320261438,0.03725490196078431,0.0803921568627451,0.06862745098039216,0.03333333333333333,0.045098039215686274,0.05032679738562092,0.0542483660130719,0.03725490196078431,0.05555555555555555,0.06209150326797386,0.034640522875816995,0.049019607843137254,0.049019607843137254,0.04379084967320261,0.045098039215686274,0.03202614379084967,0.029411764705882353
183,0.056010928961748634,0.028688524590163935,0.0441712204007286,0.025956284153005466,0.16985428051001822,0.03233151183970856,0.08424408014571949,0.05874316939890711,0.036885245901639344,0.033242258652094715,0.03597449908925319,0.06785063752276867,0.03961748633879782,0.02959927140255009,0.08697632058287796,0.022313296903460837,0.027777777777777776,0.031420765027322405,0.02959927140255009,0.05874316939890711
184,0.05758807588075881,0.06707317073170732,0.03861788617886179,0.03590785907859079,0.10365853658536585,0.048102981029810296,0.06571815718157181,0.034552845528455285,0.042682926829268296,0.042682926829268296,0.04539295392953929,0.03861788617886179,0.03997289972899729,0.06842818428184282,0.03726287262872629,0.03997289972899729,0.03048780487804878,0.03590785907859079,0.05623306233062331,0.07113821138211382
185,0.03265107212475634,0.035575048732943475,0.049220272904483435,0.06578947368421054,0.09990253411306044,0.02875243664717349,0.036549707602339186,0.05896686159844055,0.0462962962962963,0.02777777777777778,0.048245614035087724,0.07748538011695907,0.13011695906432752,0.04434697855750488,0.03460038986354776,0.02192982456140351,0.03167641325536063,0.05701754385964913,0.03362573099415205,0.03947368421052632
186,0.05836849507735585,0.03445850914205345,0.04711673699015473,0.04711673699015473,0.09634317862165966,0.06399437412095642,0.033052039381153316,0.04430379746835444,0.04430379746835444,0.04852320675105486,0.042897327707454296,0.031645569620253174,0.04008438818565402,0.031645569620253174,0.05133614627285515,0.04852320675105486,0.05274261603375529,0.05696202531645571,0.037271448663853735,0.08931082981715895
187,0.04497354497354497,0.04708994708994709,0.04497354497354497,0.054497354497354496,0.15714285714285714,0.023809523809523808,0.03650793650793651,0.05343915343915344,0.049206349206349205,0.049206349206349205,0.03756613756613757,0.04285714285714286,0.049206349206349205,0.02486772486772487,0.0746031746031746,0.05555555555555555,0.051322751322751325,0.028042328042328042,0.03015873015873016,0.04497354497354497
188,0.03888888888888889,0.03484848484848485,0.03080808080808081,0.031818181818181815,0.09141414141414142,0.05101010101010101,0.05808080808080808,0.07828282828282829,0.03585858585858586,0.05404040404040404,0.022727272727272728,0.04292929292929293,0.05202020202020202,0.04292929292929293,0.05707070707070707,0.06717171717171717,0.04595959595959596,0.05,0.05202020202020202,0.06212121212121212
189,0.039609053497942394,0.03549382716049383,0.03034979423868313,0.03137860082304528,0.11985596707818931,0.04269547325102881,0.04475308641975309,0.04269547325102881,0.02932098765432099,0.07355967078189302,0.04166666666666667,0.04886831275720165,0.049897119341563795,0.06944444444444446,0.06738683127572018,0.05092592592592593,0.06635802469135804,0.02932098765432099,0.04886831275720165,0.037551440329218116
190,0.061475409836065587,0.06056466302367943,0.05236794171220402,0.03506375227686704,0.1479963570127505,0.0487249544626594,0.07240437158469946,0.025045537340619314,0.034153005464480884,0.039617486338797823,0.020491803278688527,0.06785063752276868,0.05418943533697634,0.02413479052823316,0.03142076502732241,0.04599271402550092,0.03324225865209472,0.06967213114754099,0.03233151183970857,0.043260473588342445
191,0.04254254254254255,0.07257257257257259,0.03553553553553554,0.03553553553553554,0.06156156156156157,0.09159159159159161,0.04554554554554555,0.050550550550550556,0.04554554554554555,0.02852852852852853,0.04154154154154155,0.05255255255255256,0.04854854854854856,0.051551551551551555,0.04154154154154155,0.04754754754754755,0.03253253253253254,0.0835835835835836,0.03353353353353354,0.057557557557557565
192,0.04524144397562119,0.025082044069385835,0.05555555555555554,0.018049695264885136,0.13759962494139708,0.063525550867323,0.11181434599156115,0.04055321143928738,0.011017346460384433,0.08649789029535863,0.019924988279418656,0.07430848570089076,0.04758556024378808,0.0471167369901547,0.0588373183309892,0.021800281293952176,0.02320675105485232,0.013830285982184713,0.032583216127519916,0.0658696671354899
193,0.024444444444444446,0.026222222222222223,0.08133333333333333,0.03422222222222222,0.188,0.04577777777777778,0.05733333333333333,0.02,0.03422222222222222,0.04844444444444444,0.025333333333333333,0.04755555555555555,0.04844444444444444,0.04933333333333333,0.07333333333333333,0.020888888888888887,0.036,0.06088888888888889,0.029777777777777778,0.04844444444444444
194,0.07687338501291989,0.0562015503875969,0.040697674418604654,0.034237726098191215,0.07041343669250646,0.03165374677002584,0.06266149870801034,0.03294573643410853,0.0355297157622739,0.030361757105943153,0.034237726098191215,0.08333333333333333,0.060077519379844964,0.043281653746770024,0.044573643410852716,0.05232558139534884,0.03940568475452196,0.040697674418604654,0.09754521963824289,0.03294573643410853
195,0.04394693200663351,0.0373134328358209,0.06218905472636817,0.04394693200663351,0.04394693200663351,0.04726368159203981,0.05721393034825872,0.04394693200663351,0.0373134328358209,0.07545605306799338,0.05887230514096187,0.038971807628524056,0.07213930348258708,0.06882255389718078,0.05389718076285241,0.04394693200663351,0.038971807628524056,0.05721393034825872,0.0373134328358209,0.0373134328358209
196,0.03897180762852405,0.07048092868988391,0.04228855721393035,0.03731343283582089,0.07711442786069651,0.06716417910447761,0.07545605306799337,0.0538971807628524,0.03731343283582089,0.03731343283582089,0.03731343283582089,0.03731343283582089,0.0406301824212272,0.03897180762852405,0.05887230514096186,0.0472636815920398,0.06053067993366501,0.03731343283582089,0.05223880597014925,0.05223880597014925
197,0.07037037037037037,0.042222222222222223,0.042222222222222223,0.03333333333333333,0.08518518518518518,0.06296296296296296,0.09407407407407407,0.040740740740740744,0.03925925925925926,0.04814814814814815,0.03481481481481481,0.042222222222222223,0.051111111111111114,0.04666666666666667,0.04962962962962963,0.04814814814814815,0.04518518518518518,0.03333333333333333,0.052592592592592594,0.03777777777777778
198,0.033022533022533024,0.026029526029526028,0.03146853146853147,0.03768453768453769,0.16045066045066045,0.04079254079254079,0.12393162393162394,0.020590520590520592,0.034576534576534576,0.04312354312354312,0.050893550893550896,0.042346542346542344,0.05944055944055944,0.021367521367521368,0.0337995337995338,0.04700854700854701,0.038461538461538464,0.019813519813519812,0.06565656565656566,0.06954156954156954
199,0.0425925925925926,0.03765432098765433,0.03271604938271606,0.038888888888888896,0.10925925925925928,0.030246913580246917,0.08086419753086421,0.06728395061728397,0.038888888888888896,0.04012345679012346,0.03395061728395062,0.045061728395061736,0.07098765432098766,0.03765432098765433,0.05617283950617285,0.03395061728395062,0.08950617283950618,0.0462962962962963,0.03641975308641976,0.031481481481481485
200,0.058226495726495714,0.04647435897435897,0.05395299145299144,0.029380341880341873,0.09775641025641023,0.05608974358974358,0.05929487179487178,0.04326923076923076,0.029380341880341873,0.07959401709401707,0.029380341880341873,0.05608974358974358,0.028311965811965805,0.0251068376068376,0.05929487179487178,0.029380341880341873,0.06036324786324785,0.03258547008547008,0.04967948717948716,0.07638888888888888
201,0.0665374677002584,0.053617571059431525,0.05749354005167959,0.03940568475452196,0.04844961240310078,0.029069767441860465,0.06782945736434108,0.029069767441860465,0.06266149870801034,0.047157622739018086,0.04198966408268734,0.030361757105943153,0.060077519379844964,0.04844961240310078,0.043281653746770024,0.030361757105943153,0.043281653746770024,0.0458656330749354,0.047157622739018086,0.1078811369509044
202,0.04110207768744355,0.046522131887985554,0.04381210478771455,0.02484191508581753,0.10523938572719062,0.04923215898825656,0.05555555555555556,0.06187895212285457,0.030261969286359533,0.04200542005420055,0.02845528455284553,0.06187895212285457,0.12149954832881664,0.04561878952122855,0.06187895212285457,0.05645889792231256,0.03477868112014454,0.02484191508581753,0.03297199638663054,0.031165311653116534
203,0.05816993464052288,0.05163398692810457,0.060784313725490195,0.038562091503267976,0.04379084967320261,0.03725490196078431,0.08823529411764706,0.05163398692810457,0.03333333333333333,0.03725490196078431,0.06993464052287582,0.04771241830065359,0.04771241830065359,0.05032679738562092,0.04379084967320261,0.03594771241830065,0.06209150326797386,0.052941176470588235,0.03725490196078431,0.05163398692810457
204,0.07547699214365881,0.02665544332210999,0.07491582491582492,0.015993265993265993,0.14450056116722784,0.014870931537598204,0.09175084175084175,0.0664983164983165,0.02441077441077441,0.03843995510662177,0.035072951739618406,0.03900112233445567,0.0664983164983165,0.03787878787878788,0.048540965207631875,0.03058361391694725,0.05246913580246913,0.03731762065095398,0.04405162738496072,0.035072951739618406
205,0.05223880597014926,0.0373134328358209,0.04560530679933666,0.0373134328358209,0.09701492537313434,0.05058043117744611,0.06053067993366502,0.04560530679933666,0.0373134328358209,0.05058043117744611,0.0373134328358209,0.05389718076285241,0.04560530679933666,0.0373134328358209,0.0373134328358209,0.04394693200663351,0.0373134328358209,0.04394693200663351,0.0373134328358209,0.1119402985074627
206,0.0642361111111111,0.043402777777777776,0.0931712962962963,0.026041666666666668,0.09895833333333333,0.05497685185185185,0.04456018518518518,0.06886574074074074,0.04918981481481482,0.04224537037037037,0.027199074074074073,0.05150462962962963,0.07118055555555555,0.05381944444444445,0.03993055555555555,0.031828703703703706,0.050347222222222224,0.029513888888888888,0.026041666666666668,0.03298611111111111
207,0.03780864197530864,0.05169753086419753,0.04861111111111111,0.04398148148148148,0.07175925925925926,0.05015432098765432,0.08564814814814815,0.07175925925925926,0.04398148148148148,0.04552469135802469,0.034722222222222224,0.03935185185185185,0.05632716049382716,0.04552469135802469,0.04552469135802469,0.04243827160493827,0.05478395061728395,0.034722222222222224,0.04398148148148148,0.05169753086419753
208,0.0265993265993266,0.03468013468013468,0.06296296296296296,0.04478114478114478,0.09393939393939393,0.051515151515151514,0.1511784511784512,0.023905723905723906,0.018518518518518517,0.09730639730639731,0.018518518518518517,0.017845117845117844,0.058922558922558925,0.031313131313131314,0.040067340067340064,0.08181818181818182,0.03333333333333333,0.0265993265993266,0.047474747474747475,0.03872053872053872
209,0.0780274656679151,0.038077403245942575,0.05805243445692884,0.03932584269662921,0.05930087390761548,0.048064918851435705,0.05056179775280899,0.03682896379525593,0.028089887640449437,0.03932584269662921,0.07053682896379526,0.07178526841448189,0.05555555555555555,0.05805243445692884,0.04057428214731586,0.04431960049937578,0.05181023720349563,0.02933832709113608,0.035580524344569285,0.06679151061173533
210,0.07222222222222223,0.027777777777777783,0.038888888888888896,0.05000000000000002,0.09938271604938274,0.05370370370370372,0.07222222222222223,0.041358024691358033,0.05246913580246915,0.035185185185185194,0.0462962962962963,0.05740740740740742,0.06728395061728397,0.04012345679012346,0.03024691358024692,0.027777777777777783,0.07222222222222223,0.04012345679012346,0.03765432098765433,0.03765432098765433
211,0.03333333333333333,0.025925925925925925,0.047325102880658436,0.03168724279835391,0.10411522633744856,0.03333333333333333,0.10740740740740741,0.051440329218107,0.020987654320987655,0.02757201646090535,0.05308641975308642,0.09506172839506173,0.030041152263374487,0.030041152263374487,0.03251028806584362,0.0860082304526749,0.053909465020576135,0.04156378600823045,0.03168724279835391,0.06296296296296296
212,0.027089072543618,0.10055096418732784,0.04912764003673095,0.02341597796143251,0.1464646464646465,0.02433425160697888,0.04178145087235997,0.04820936639118458,0.020661157024793392,0.04545454545454546,0.04545454545454546,0.044536271808999085,0.028007346189164374,0.039026629935720855,0.0684113865932048,0.043617998163452715,0.03627180899908174,0.039944903581267226,0.059228650137741055,0.0684113865932048
213,0.043560606060606064,0.030934343434343436,0.032196969696969696,0.03851010101010101,0.07386363636363637,0.0726010101010101,0.0625,0.05113636363636364,0.05744949494949495,0.03598484848484849,0.041035353535353536,0.049873737373737376,0.08396464646464646,0.032196969696969696,0.05366161616161616,0.05618686868686869,0.0422979797979798,0.043560606060606064,0.029671717171717172,0.06881313131313131
214,0.10760971055088703,0.026377217553688142,0.018907563025210083,0.02404295051353875,0.07539682539682539,0.017040149393090568,0.1388888888888889,0.015172735760971055,0.023109243697478993,0.03431372549019608,0.07539682539682539,0.06372549019607843,0.06746031746031746,0.02357609710550887,0.06045751633986928,0.06699346405228758,0.01657329598506069,0.026377217553688142,0.03478057889822596,0.0838001867413632
215,0.0630718954248366,0.07156862745098039,0.03496732026143791,0.021895424836601306,0.08790849673202615,0.05784313725490196,0.12581699346405228,0.05588235294117647,0.016013071895424835,0.03235294117647059,0.03823529411764706,0.03169934640522876,0.06699346405228758,0.017320261437908498,0.09509803921568627,0.04084967320261438,0.0434640522875817,0.019934640522875816,0.03300653594771242,0.04607843137254902
216,0.042878448918717366,0.04660700969425801,0.06301267710663683,0.026472781506338545,0.1077554064131245,0.04213273676360924,0.044369873228933626,0.06301267710663683,0.031692766592095446,0.05555555555555554,0.025727069351230418,0.104772557792692,0.03467561521252796,0.0384041759880686,0.036912751677852344,0.030947054436987316,0.0518269947800149,0.04511558538404175,0.05779269202087993,0.05033557046979864
217,0.03521126760563381,0.04147104851330204,0.03521126760563381,0.044600938967136156,0.10093896713615025,0.047730829420970275,0.05086071987480439,0.0696400625978091,0.03677621283255087,0.04147104851330204,0.03677621283255087,0.03521126760563381,0.06025039123630674,0.05242566510172145,0.043035993740219096,0.05086071987480439,0.06651017214397498,0.05712050078247262,0.05399061032863851,0.039906103286384983
218,0.02749719416386083,0.02861952861952862,0.04882154882154882,0.02749719416386083,0.06902356902356903,0.03423120089786756,0.16217732884399552,0.030864197530864196,0.02749719416386083,0.03198653198653199,0.051066217732884396,0.03872053872053872,0.09371492704826039,0.02749719416386083,0.05218855218855219,0.03984287317620651,0.057800224466891134,0.03535353535353535,0.03423120089786756,0.0813692480359147
219,0.05490956072351421,0.043281653746770024,0.06136950904392765,0.034237726098191215,0.10529715762273902,0.05878552971576227,0.05490956072351421,0.05232558139534884,0.029069767441860465,0.029069767441860465,0.03940568475452196,0.07041343669250646,0.06136950904392765,0.03294573643410853,0.05749354005167959,0.05749354005167959,0.04974160206718346,0.034237726098191215,0.034237726098191215,0.03940568475452196
220,0.05681818181818182,0.0542929292929293,0.03240740740740741,0.018939393939393943,0.09469696969696971,0.05513468013468014,0.09132996632996634,0.05513468013468014,0.051767676767676775,0.021464646464646468,0.03493265993265994,0.061026936026936034,0.03240740740740741,0.042508417508417516,0.0963804713804714,0.06944444444444446,0.018939393939393943,0.034090909090909095,0.051767676767676775,0.02651515151515152
221,0.033607681755829906,0.03635116598079561,0.04458161865569273,0.030864197530864196,0.043209876543209874,0.03635116598079561,0.15569272976680384,0.03497942386831276,0.030864197530864196,0.030864197530864196,0.03635116598079561,0.03909465020576132,0.07887517146776406,0.06652949245541838,0.10493827160493827,0.03909465020576132,0.033607681755829906,0.04046639231824417,0.043209876543209874,0.04046639231824417
222,0.049828178694158065,0.03379152348224512,0.06128293241695302,0.030355097365406637,0.07731958762886597,0.028064146620847646,0.07044673539518899,0.045246277205040084,0.03150057273768613,0.07846506300114546,0.04753722794959907,0.05097365406643756,0.02920962199312714,0.052119129438717056,0.05555555555555554,0.02577319587628865,0.03722794959908361,0.052119129438717056,0.07502863688430697,0.06815578465062999
223,0.026595744680851068,0.03132387706855792,0.05023640661938535,0.04432624113475178,0.08096926713947993,0.05023640661938535,0.09397163120567377,0.04078014184397164,0.036052009456264786,0.0632387706855792,0.08215130023640663,0.05614657210401892,0.05614657210401892,0.04196217494089835,0.039598108747044926,0.036052009456264786,0.026595744680851068,0.0455082742316785,0.06560283687943264,0.03250591016548464
224,0.022904483430799222,0.05116959064327486,0.07456140350877194,0.030701754385964914,0.14863547758284604,0.035575048732943475,0.06384015594541911,0.04142300194931774,0.029727095516569203,0.030701754385964914,0.03849902534113061,0.049220272904483435,0.03849902534113061,0.05701754385964913,0.05311890838206628,0.026803118908382068,0.03167641325536063,0.02875243664717349,0.042397660818713455,0.104775828460039
225,0.06865828092243186,0.026729559748427667,0.08752620545073374,0.04035639412997903,0.08542976939203353,0.03616352201257861,0.10115303983228509,0.04035639412997903,0.03616352201257861,0.04454926624737945,0.030922431865828087,0.02987421383647798,0.08438155136268342,0.02777777777777777,0.05083857442348007,0.02777777777777777,0.043501048218029345,0.035115303983228506,0.03616352201257861,0.06656184486373164
226,0.026570048309178747,0.02518978605935128,0.03209109730848862,0.02380952380952381,0.12939958592132508,0.02726017943409248,0.04520358868184956,0.03899240855762596,0.026570048309178747,0.050034506556245695,0.04451345755693582,0.045893719806763295,0.16390614216701177,0.024499654934437547,0.07073844030365771,0.04175293305728089,0.03830227743271222,0.03968253968253969,0.04934437543133196,0.056245686680469295
227,0.05147808358817533,0.0290519877675841,0.03924566768603466,0.02803261977573904,0.07084607543323139,0.046381243628950054,0.05963302752293578,0.03109072375127421,0.02599388379204893,0.07186544342507645,0.03109072375127421,0.04943934760448522,0.07900101936799185,0.02803261977573904,0.08103975535168195,0.06574923547400612,0.034148827726809376,0.03924566768603466,0.06269113149847094,0.07594291539245668
228,0.021347736625514407,0.05324074074074075,0.09439300411522634,0.014146090534979425,0.12114197530864199,0.04295267489711935,0.08307613168724282,0.052211934156378606,0.012602880658436216,0.06867283950617285,0.022890946502057617,0.050668724279835396,0.06815843621399179,0.019804526748971197,0.04140946502057614,0.07484567901234569,0.027006172839506175,0.028034979423868317,0.026491769547325107,0.07690329218106998
229,0.028867102396514164,0.033224400871459704,0.0866013071895425,0.02777777777777778,0.08333333333333334,0.047385620915032685,0.07244008714596951,0.045206971677559916,0.02777777777777778,0.047385620915032685,0.05392156862745099,0.047385620915032685,0.07026143790849675,0.052832244008714606,0.07570806100217867,0.02777777777777778,0.02777777777777778,0.03867102396514162,0.0462962962962963,0.059368191721132904
230,0.05823293172690763,0.03145917001338688,0.05555555555555555,0.030120481927710843,0.08099062918340026,0.05689424364123159,0.05555555555555555,0.03279785809906292,0.03547523427041499,0.03681392235609103,0.048862115127175365,0.04350736278447122,0.05287817938420348,0.05823293172690763,0.08366800535475234,0.04350736278447122,0.07965194109772424,0.030120481927710843,0.04618473895582329,0.039491298527443104
231,0.06324248777078965,0.045772187281621246,0.10517120894479386,0.02061495457721873,0.12194269741439553,0.08560447239692523,0.06114605171208945,0.04157931516422082,0.019916142557651992,0.07302585604472397,0.02061495457721873,0.02620545073375262,0.03738644304682041,0.0220125786163522,0.06254367575122292,0.05276030747728861,0.03179594689028651,0.0220125786163522,0.03598881900768693,0.0506638714185884
232,0.05625000000000002,0.0590277777777778,0.04375000000000001,0.03402777777777779,0.09652777777777781,0.0451388888888889,0.03680555555555557,0.031250000000000014,0.05486111111111113,0.07847222222222225,0.06319444444444447,0.04375000000000001,0.05347222222222224,0.06875000000000003,0.032638888888888905,0.0451388888888889,0.03402777777777779,0.03680555555555557,0.04236111111111113,0.04375000000000001
233,0.05991285403050109,0.030137981118373274,0.08678286129266521,0.030864197530864196,0.07153231663035585,0.05628177196804648,0.10130718954248366,0.058460421205519246,0.026506899055918662,0.029411764705882353,0.0374001452432825,0.027233115468409588,0.043209876543209874,0.04103122730573711,0.08315177923021061,0.043209876543209874,0.03449527959331881,0.029411764705882353,0.05628177196804648,0.05337690631808279
234,0.05132275132275134,0.026984126984126996,0.08518518518518521,0.024867724867724875,0.09470899470899474,0.060846560846560864,0.07248677248677252,0.05132275132275134,0.03544973544973546,0.09576719576719579,0.039682539682539694,0.05343915343915346,0.04285714285714287,0.02910052910052911,0.04074074074074076,0.036507936507936524,0.039682539682539694,0.024867724867724875,0.047089947089947105,0.047089947089947105
235,0.04059829059829059,0.04772079772079771,0.044871794871794865,0.042022792022792015,0.060541310541310525,0.08903133903133902,0.0648148148148148,0.05056980056980056,0.04059829059829059,0.03205128205128204,0.04772079772079771,0.060541310541310525,0.0534188034188034,0.04914529914529913,0.03490028490028489,0.03774928774928774,0.03632478632478632,0.06339031339031338,0.06339031339031338,0.04059829059829059
236,0.04152046783625732,0.04619883040935673,0.026315789473684216,0.03801169590643275,0.09064327485380118,0.026315789473684216,0.09649122807017546,0.06023391812865499,0.0368421052631579,0.055555555555555566,0.04619883040935673,0.0497076023391813,0.08596491228070177,0.026315789473684216,0.02748538011695907,0.0497076023391813,0.06959064327485381,0.05438596491228072,0.029824561403508778,0.042690058479532174
237,0.0439068100358423,0.040322580645161296,0.040322580645161296,0.045698924731182804,0.0439068100358423,0.05645161290322581,0.05107526881720431,0.06362007168458783,0.0439068100358423,0.040322580645161296,0.06362007168458783,0.07258064516129034,0.06899641577060933,0.05645161290322581,0.0421146953405018,0.040322580645161296,0.05645161290322581,0.0439068100358423,0.040322580645161296,0.045698924731182804
238,0.09490740740740741,0.05169753086419753,0.06867283950617284,0.03935185185185185,0.034722222222222224,0.03935185185185185,0.036265432098765434,0.03935185185185185,0.04861111111111111,0.03935185185185185,0.04861111111111111,0.05941358024691358,0.06712962962962964,0.034722222222222224,0.04243827160493827,0.03935185185185185,0.034722222222222224,0.04552469135802469,0.06095679012345679,0.07484567901234568
239,0.05223880597014926,0.038971807628524056,0.04063018242122721,0.04063018242122721,0.10199004975124379,0.0373134328358209,0.05887230514096187,0.038971807628524056,0.04228855721393036,0.06053067993366502,0.038971807628524056,0.05721393034825872,0.05721393034825872,0.05887230514096187,0.04560530679933666,0.04228855721393036,0.0373134328358209,0.05887230514096187,0.04892205638474296,0.04228855721393036
240,0.03759820426487094,0.05780022446689114,0.03647586980920315,0.026374859708193046,0.10044893378226713,0.029741863075196412,0.10606060606060608,0.07463524130190798,0.038720538720538725,0.04769921436588104,0.029741863075196412,0.029741863075196412,0.07800224466891136,0.040965207631874306,0.06677890011223346,0.0308641975308642,0.04433221099887767,0.04545454545454546,0.03535353535353536,0.04320987654320988
241,0.028211805555555556,0.055989583333333336,0.055121527777777776,0.03428819444444445,0.10980902777777778,0.030815972222222224,0.07161458333333333,0.05251736111111111,0.028211805555555556,0.04991319444444445,0.06727430555555555,0.07074652777777778,0.029079861111111112,0.061197916666666664,0.037760416666666664,0.055121527777777776,0.03342013888888889,0.023003472222222224,0.045572916666666664,0.06032986111111111
242,0.03145917001338688,0.03547523427041499,0.09170013386880857,0.03413654618473896,0.05287817938420348,0.048862115127175365,0.05689424364123159,0.03547523427041499,0.05421686746987952,0.04618473895582329,0.04484605087014726,0.04618473895582329,0.07028112449799197,0.05555555555555555,0.048862115127175365,0.03413654618473896,0.06224899598393574,0.05287817938420348,0.051539491298527446,0.04618473895582329
243,0.05326460481099655,0.041809851088201594,0.04410080183276059,0.03493699885452462,0.09335624284077891,0.02691867124856815,0.10022909507445588,0.0670103092783505,0.05555555555555554,0.052119129438717056,0.03837342497136311,0.05326460481099655,0.08075601374570446,0.02691867124856815,0.028064146620847646,0.02691867124856815,0.04639175257731958,0.030355097365406637,0.02577319587628865,0.07388316151202748
244,0.06336805555555555,0.035590277777777776,0.04311342592592592,0.024016203703703703,0.15422453703703703,0.04832175925925926,0.04832175925925926,0.048900462962962965,0.03443287037037037,0.018229166666666668,0.042534722222222224,0.06741898148148148,0.12702546296296297,0.026909722222222224,0.054108796296296294,0.055266203703703706,0.021122685185185185,0.021122685185185185,0.028645833333333332,0.03732638888888889
245,0.030120481927710836,0.04752342704149932,0.06091030789825969,0.030120481927710836,0.10642570281124496,0.038152610441767064,0.05020080321285139,0.04484605087014725,0.03547523427041498,0.06358768406961177,0.031459170013386877,0.052878179384203465,0.05153949129852743,0.036813922356091024,0.04484605087014725,0.0394912985274431,0.030120481927710836,0.04752342704149932,0.07028112449799195,0.08768406961178044
246,0.05042735042735043,0.07094017094017094,0.07777777777777778,0.038461538461538464,0.06923076923076923,0.05726495726495726,0.05897435897435897,0.038461538461538464,0.038461538461538464,0.038461538461538464,0.038461538461538464,0.038461538461538464,0.05384615384615385,0.05555555555555555,0.05042735042735043,0.040170940170940174,0.038461538461538464,0.04188034188034188,0.04700854700854701,0.05726495726495726
247,0.035714285714285726,0.05476190476190478,0.0658730158730159,0.04523809523809525,0.09126984126984129,0.06428571428571431,0.035714285714285726,0.035714285714285726,0.0388888888888889,0.07222222222222224,0.04523809523809525,0.035714285714285726,0.04365079365079366,0.06269841269841273,0.04206349206349208,0.04047619047619049,0.04523809523809525,0.04523809523809525,0.05793650793650796,0.04206349206349208
248,0.051900584795321635,0.041666666666666664,0.07675438596491228,0.03728070175438596,0.07967836257309942,0.03728070175438596,0.07383040935672515,0.03289473684210526,0.03289473684210526,0.06652046783625731,0.035818713450292396,0.0577485380116959,0.07529239766081872,0.035818713450292396,0.04751461988304093,0.062134502923976605,0.0402046783625731,0.03435672514619883,0.03289473684210526,0.04751461988304093
249,0.06381381381381382,0.0518018018018018,0.06831831831831832,0.038288288288288286,0.06231231231231231,0.038288288288288286,0.06681681681681682,0.054804804804804805,0.03528528528528529,0.05630630630630631,0.033783783783783786,0.033783783783783786,0.060810810810810814,0.05930930930930931,0.06231231231231231,0.0533033033033033,0.033783783783783786,0.05630630630630631,0.03528528528528529,0.03528528528528529
250,0.053606237816764137,0.04775828460038987,0.05750487329434698,0.04385964912280702,0.04775828460038987,0.04385964912280702,0.07309941520467837,0.045808966861598445,0.045808966861598445,0.04385964912280702,0.04385964912280702,0.06920077972709553,0.045808966861598445,0.045808966861598445,0.059454191033138405,0.045808966861598445,0.04385964912280702,0.04970760233918129,0.04385964912280702,0.04970760233918129
251,0.05672514619883042,0.03801169590643275,0.09415204678362576,0.03333333333333334,0.10116959064327488,0.06608187134502926,0.04853801169590645,0.04502923976608188,0.030994152046783633,0.03801169590643275,0.03801169590643275,0.04502923976608188,0.030994152046783633,0.0368421052631579,0.0497076023391813,0.032163742690058485,0.07309941520467837,0.028654970760233926,0.04502923976608188,0.06842105263157897
252,0.03384418901660281,0.03384418901660281,0.08237547892720307,0.08620689655172414,0.042784163473818644,0.041507024265644954,0.07982120051085569,0.06194125159642401,0.040229885057471264,0.028735632183908046,0.05044699872286079,0.041507024265644954,0.0351213282247765,0.044061302681992334,0.06066411238825032,0.031289910600255426,0.05172413793103448,0.041507024265644954,0.05172413793103448,0.06066411238825032
253,0.044319600499375784,0.06054931335830214,0.10674157303370789,0.034332084893882654,0.0418227215980025,0.0655430711610487,0.09176029962546818,0.05430711610486893,0.04806491885143572,0.06928838951310863,0.03183520599250937,0.029338327091136086,0.03807740324594258,0.03932584269662922,0.030586766541822727,0.034332084893882654,0.03682896379525594,0.034332084893882654,0.06803995006242199,0.040574282147315864
254,0.04298941798941798,0.035052910052910044,0.029761904761904753,0.035052910052910044,0.10119047619047616,0.045634920634920625,0.11044973544973542,0.04695767195767194,0.04695767195767194,0.04298941798941798,0.07473544973544972,0.03373015873015872,0.03902116402116401,0.03637566137566137,0.04960317460317459,0.06547619047619047,0.040343915343915335,0.029761904761904753,0.0562169312169312,0.03769841269841269
255,0.0560185185185185,0.02916666666666666,0.09398148148148146,0.026388888888888882,0.1171296296296296,0.043981481481481476,0.07824074074074072,0.05046296296296295,0.03101851851851851,0.03842592592592592,0.0449074074074074,0.022685185185185183,0.028240740740740733,0.02916666666666666,0.06990740740740739,0.03842592592592592,0.05509259259259258,0.0449074074074074,0.06712962962962962,0.03472222222222222
256,0.05970625798212005,0.020114942528735632,0.05332056194125159,0.02458492975734355,0.11334610472541506,0.06162196679438059,0.05459770114942529,0.027777777777777776,0.026500638569604086,0.04885057471264368,0.039272030651340994,0.05587484035759898,0.05523627075351213,0.036079182630906766,0.09482758620689655,0.03735632183908046,0.05140485312899106,0.034802043422733075,0.05970625798212005,0.045019157088122604
257,0.03207547169811321,0.04255765199161426,0.05387840670859539,0.012368972746331237,0.15324947589098534,0.05807127882599581,0.09412997903563941,0.05387840670859539,0.01949685534591195,0.031236897274633125,0.018238993710691823,0.0769392033542977,0.04758909853249476,0.025366876310272537,0.04591194968553459,0.040880503144654086,0.05681341719077568,0.022431865828092243,0.03291404612159329,0.0819706498951782
258,0.05495169082125604,0.04891304347826087,0.050120772946859904,0.034420289855072464,0.1503623188405797,0.034420289855072464,0.09480676328502416,0.057367149758454104,0.035628019323671496,0.03321256038647343,0.03683574879227053,0.030797101449275364,0.06702898550724638,0.03683574879227053,0.04770531400966183,0.04770531400966183,0.03804347826086957,0.02717391304347826,0.0392512077294686,0.034420289855072464
259,0.03485324947589098,0.06210691823899371,0.04428721174004193,0.04009433962264151,0.15854297693920336,0.04009433962264151,0.06472746331236898,0.03485324947589098,0.01179245283018868,0.02279874213836478,0.05372117400419287,0.03170859538784067,0.06472746331236898,0.03537735849056604,0.06210691823899371,0.028563941299790355,0.04061844863731656,0.02017819706498952,0.019129979035639413,0.12971698113207547
260,0.038748832866479926,0.046218487394957986,0.04061624649859944,0.0480859010270775,0.14052287581699346,0.049019607843137254,0.06209150326797386,0.0546218487394958,0.02661064425770308,0.03968253968253968,0.03127917833800187,0.05648926237161531,0.06676003734827264,0.0480859010270775,0.03034547152194211,0.05368814192343604,0.03221288515406162,0.027544351073762838,0.05555555555555555,0.05182072829131653
261,0.05074074074074074,0.02259259259259259,0.08777777777777777,0.03666666666666667,0.10185185185185185,0.01962962962962963,0.08925925925925926,0.038148148148148146,0.03962962962962963,0.02925925925925926,0.020370370370370372,0.035925925925925924,0.06481481481481481,0.03518518518518519,0.12555555555555556,0.034444444444444444,0.06037037037037037,0.04555555555555556,0.026296296296296297,0.035925925925925924
262,0.03832630098452884,0.04113924050632912,0.0369198312236287,0.029887482419127993,0.12412095639943743,0.04957805907172996,0.0959915611814346,0.03129395218002814,0.02285513361462729,0.062236286919831234,0.04817158931082982,0.046061884669479615,0.09247538677918427,0.02285513361462729,0.05872011251758088,0.029887482419127993,0.02918424753867792,0.02777777777777778,0.04184247538677919,0.07067510548523208
263,0.06084656084656084,0.07142857142857142,0.04285714285714286,0.025925925925925925,0.06402116402116402,0.03015873015873016,0.07248677248677249,0.08835978835978836,0.03015873015873016,0.06296296296296296,0.023809523809523808,0.026984126984126985,0.07989417989417989,0.04708994708994709,0.05238095238095238,0.026984126984126985,0.046031746031746035,0.03650793650793651,0.07142857142857142,0.03968253968253968
264,0.06327160493827162,0.04783950617283952,0.06635802469135804,0.03240740740740741,0.06841563786008231,0.043724279835390956,0.07767489711934157,0.039609053497942394,0.0498971193415638,0.04269547325102881,0.030349794238683135,0.05915637860082306,0.05092592592592594,0.025205761316872435,0.05195473251028808,0.04475308641975309,0.033436213991769555,0.03858024691358025,0.03858024691358025,0.09516460905349797
265,0.050165837479270316,0.043532338308457715,0.04021558872305141,0.033582089552238806,0.14718076285240464,0.050165837479270316,0.060945273631840796,0.051824212271973466,0.08499170812603649,0.051824212271973466,0.026119402985074626,0.03855721393034826,0.08665008291873963,0.052653399668325045,0.035240464344941956,0.0236318407960199,0.028606965174129355,0.02943615257048093,0.043532338308457715,0.021144278606965175
266,0.05803080308030804,0.022827282728272832,0.04152915291529154,0.013476347634763478,0.2120462046204621,0.043179317931793186,0.07893289328932895,0.07673267326732675,0.01842684268426843,0.046479647964796485,0.032178217821782186,0.01787678767876788,0.05858085808580859,0.030528052805280533,0.06408140814081409,0.048129812981298134,0.023927392739273932,0.01952695269526953,0.02227722772277228,0.07123212321232125
267,0.056100217864923745,0.03758169934640523,0.08333333333333333,0.03431372549019608,0.08333333333333333,0.06263616557734204,0.11056644880174292,0.051742919389978215,0.07788671023965142,0.04302832244008715,0.02886710239651416,0.03104575163398693,0.026688453159041396,0.056100217864923745,0.026688453159041396,0.02886710239651416,0.06917211328976035,0.027777777777777776,0.039760348583877995,0.024509803921568627
268,0.08033033033033032,0.03978978978978979,0.048798798798798795,0.0457957957957958,0.13588588588588588,0.05930930930930931,0.07582582582582582,0.0472972972972973,0.038288288288288286,0.03528528528528529,0.054804804804804805,0.0472972972972973,0.04279279279279279,0.033783783783783786,0.03678678678678678,0.033783783783783786,0.03528528528528529,0.038288288288288286,0.033783783783783786,0.03678678678678678
269,0.08333333333333334,0.03571428571428572,0.06904761904761907,0.040476190476190485,0.07857142857142858,0.03571428571428572,0.08174603174603176,0.03730158730158731,0.0515873015873016,0.0515873015873016,0.03571428571428572,0.042063492063492074,0.06904761904761907,0.06269841269841271,0.03730158730158731,0.040476190476190485,0.03571428571428572,0.038888888888888896,0.03571428571428572,0.03730158730158731
270,0.0780274656679151,0.028089887640449437,0.07303370786516854,0.04681647940074907,0.06803995006242197,0.033083645443196,0.07927590511860175,0.03433208489388265,0.04556803995006242,0.06179775280898876,0.03682896379525593,0.05056179775280899,0.054307116104868915,0.04556803995006242,0.05056179775280899,0.03058676654182272,0.033083645443196,0.04057428214731586,0.06554307116104868,0.04431960049937578
271,0.028360528360528353,0.03302253302253302,0.02991452991452991,0.02059052059052059,0.08663558663558663,0.046231546231546225,0.07187257187257186,0.03768453768453768,0.06410256410256408,0.09285159285159283,0.054001554001553986,0.043123543123543114,0.05477855477855476,0.04778554778554777,0.03613053613053612,0.06410256410256408,0.054001554001553986,0.025252525252525245,0.03768453768453768,0.07187257187257186
272,0.030341880341880345,0.026923076923076928,0.07393162393162395,0.037179487179487186,0.04914529914529915,0.08504273504273506,0.06623931623931625,0.05256410256410257,0.021794871794871797,0.06965811965811967,0.028632478632478635,0.0730769230769231,0.058547008547008554,0.037179487179487186,0.055128205128205134,0.060256410256410264,0.03974358974358975,0.04145299145299146,0.05000000000000001,0.04316239316239317
273,0.022317188983855648,0.05080721747388413,0.10398860398860396,0.035612535612535606,0.0802469135802469,0.07739791073124405,0.06125356125356124,0.07454890788224121,0.045109211775878434,0.04605887939221272,0.035612535612535606,0.03371320037986704,0.045109211775878434,0.03751187084520417,0.06125356125356124,0.03656220322886989,0.04320987654320987,0.03656220322886989,0.02991452991452991,0.04320987654320987
274,0.04061624649859945,0.02567693744164333,0.08730158730158731,0.03221288515406163,0.1554621848739496,0.0527544351073763,0.04995331465919703,0.04248366013071896,0.02567693744164333,0.04341736694677872,0.04248366013071896,0.030345471521942117,0.06302521008403363,0.06862745098039218,0.06676003734827266,0.04621848739495799,0.03314659197012139,0.030345471521942117,0.026610644257703087,0.03688141923436042
275,0.0644208037825059,0.03723404255319149,0.06560283687943262,0.0466903073286052,0.11879432624113476,0.03605200945626478,0.09160756501182032,0.03368794326241135,0.028959810874704492,0.03605200945626478,0.03368794326241135,0.0466903073286052,0.057328605200945626,0.027777777777777776,0.053782505910165486,0.03605200945626478,0.07505910165484633,0.030141843971631204,0.028959810874704492,0.051418439716312055
276,0.07665260196905768,0.042897327707454296,0.031645569620253174,0.03445850914205345,0.09915611814345994,0.03867791842475388,0.06399437412095642,0.04571026722925458,0.05836849507735585,0.05133614627285515,0.04852320675105486,0.04008438818565402,0.05414908579465543,0.05414908579465543,0.04711673699015473,0.033052039381153316,0.03586497890295359,0.04430379746835444,0.06540084388185656,0.03445850914205345
277,0.06065239551478084,0.04230377166156983,0.06982670744138636,0.029051987767584102,0.07594291539245669,0.05861365953109073,0.04230377166156983,0.06574923547400613,0.037206931702344556,0.07900101936799186,0.04128440366972478,0.0361875637104995,0.037206931702344556,0.044342507645259946,0.0942915392456677,0.057594291539245675,0.03312945973496433,0.030071355759429156,0.03312945973496433,0.032110091743119275
278,0.04732510288065842,0.044581618655692726,0.044581618655692726,0.03497942386831275,0.13374485596707816,0.03223593964334704,0.08573388203017832,0.05829903978052125,0.041838134430727016,0.037722908093278454,0.03223593964334704,0.03223593964334704,0.06104252400548695,0.044581618655692726,0.03909465020576131,0.05829903978052125,0.05555555555555554,0.0336076817558299,0.04320987654320987,0.03909465020576131
279,0.037202380952380945,0.04414682539682539,0.06994047619047618,0.02232142857142857,0.13640873015873012,0.04910714285714284,0.061011904761904746,0.03819444444444444,0.02926587301587301,0.04216269841269841,0.05009920634920634,0.03918650793650793,0.08382936507936506,0.037202380952380945,0.04910714285714284,0.027281746031746025,0.04712301587301586,0.03521825396825396,0.06894841269841269,0.03224206349206349
280,0.04837164750957854,0.05124521072796935,0.040708812260536395,0.034003831417624523,0.09243295019157088,0.022509578544061302,0.08189655172413793,0.07998084291187739,0.021551724137931036,0.08764367816091954,0.026340996168582376,0.035919540229885055,0.05890804597701149,0.04837164750957854,0.04454022988505747,0.032088122605363985,0.07998084291187739,0.034003831417624523,0.02825670498084291,0.05124521072796935
281,0.03798185941043085,0.06859410430839004,0.02777777777777778,0.02664399092970522,0.11394557823129253,0.04818594104308391,0.09807256235827666,0.045918367346938785,0.05498866213151928,0.025510204081632657,0.04024943310657597,0.031179138321995467,0.0878684807256236,0.03571428571428572,0.06292517006802723,0.03571428571428572,0.042517006802721094,0.032312925170068035,0.058390022675736966,0.025510204081632657
282,0.024488304093567257,0.04422514619883042,0.04934210526315791,0.0179093567251462,0.06980994152046785,0.04641812865497077,0.06396198830409358,0.037646198830409365,0.028143274853801175,0.026681286549707608,0.043494152046783634,0.06030701754385966,0.1355994152046784,0.06980994152046785,0.02741228070175439,0.06469298245614037,0.022295321637426903,0.04203216374269007,0.045687134502923984,0.08004385964912282
283,0.06862745098039216,0.060784313725490195,0.041176470588235294,0.04771241830065359,0.08823529411764706,0.05947712418300653,0.049019607843137254,0.06209150326797386,0.029411764705882353,0.029411764705882353,0.03333333333333333,0.03725490196078431,0.052941176470588235,0.03594771241830065,0.038562091503267976,0.09215686274509804,0.05032679738562092,0.03202614379084967,0.04379084967320261,0.04771241830065359
284,0.029665587918015105,0.03829557713052859,0.05879180151024812,0.02642934196332255,0.08791801510248114,0.03613807982740022,0.09978425026968718,0.02858683926645092,0.0598705501618123,0.06310679611650487,0.042610571736785334,0.03074433656957929,0.09223300970873788,0.027508090614886734,0.048004314994606265,0.03721682847896441,0.04368932038834952,0.03182308522114348,0.06957928802588999,0.048004314994606265
285,0.03093434343434344,0.051136363636363646,0.06376262626262627,0.056186868686868695,0.0801767676767677,0.05492424242424243,0.04103535353535354,0.07260101010101011,0.03472222222222223,0.047348484848484855,0.03977272727272728,0.03977272727272728,0.08901515151515153,0.04987373737373738,0.04861111111111112,0.03093434343434344,0.05492424242424243,0.03724747474747475,0.03472222222222223,0.04229797979797981
286,0.037598204264870934,0.02749719416386083,0.0409652076318743,0.03535353535353535,0.1520763187429854,0.03647586980920314,0.04769921436588103,0.043209876543209874,0.058922558922558925,0.02861952861952862,0.04769921436588103,0.04882154882154882,0.0914702581369248,0.025252525252525252,0.03310886644219978,0.04208754208754209,0.030864197530864196,0.06677890011223345,0.06453423120089787,0.0409652076318743
287,0.06381381381381383,0.0487987987987988,0.050300300300300305,0.039789789789789795,0.10135135135135137,0.0427927927927928,0.057807807807807816,0.03378378378378379,0.05480480480480481,0.0442942942942943,0.03378378378378379,0.04729729729729731,0.04729729729729731,0.057807807807807816,0.04729729729729731,0.0442942942942943,0.0487987987987988,0.056306306306306314,0.035285285285285295,0.0442942942942943
288,0.03264604810996563,0.05670103092783504,0.06242840778923252,0.041809851088201594,0.17124856815578463,0.04639175257731958,0.04410080183276059,0.07846506300114546,0.028064146620847646,0.04410080183276059,0.02920962199312714,0.03837342497136311,0.08304696449026344,0.02577319587628865,0.04639175257731958,0.02920962199312714,0.0406643757159221,0.03150057273768613,0.030355097365406637,0.0395189003436426
289,0.07509157509157507,0.04578754578754578,0.04456654456654456,0.03724053724053723,0.04822954822954822,0.049450549450549434,0.02991452991452991,0.060439560439560426,0.04456654456654456,0.03235653235653235,0.03357753357753357,0.08363858363858362,0.04822954822954822,0.03479853479853479,0.06654456654456653,0.028693528693528685,0.049450549450549434,0.03357753357753357,0.047008547008546994,0.1068376068376068
290,0.0160024154589372,0.018417874396135264,0.08907004830917874,0.025060386473429952,0.14522946859903382,0.051630434782608696,0.09692028985507246,0.08484299516908213,0.022644927536231884,0.04740338164251208,0.023852657004830916,0.07095410628019323,0.04679951690821256,0.0196256038647343,0.050422705314009664,0.03834541062801932,0.03109903381642512,0.03291062801932367,0.026268115942028984,0.0625
291,0.04425612052730697,0.04300062774639046,0.06936597614563718,0.016007532956685503,0.10765850596359072,0.031701192718141875,0.07062146892655369,0.03860640301318268,0.01851851851851852,0.03986189579409919,0.027934714375392345,0.03735091023226617,0.09887005649717516,0.03797865662272443,0.058066541117388584,0.05116133082234778,0.039234149403640936,0.05932203389830509,0.05304456999372254,0.05743879472693033
292,0.06463675213675214,0.05502136752136752,0.0625,0.025106837606837608,0.09027777777777778,0.038995726495726496,0.10416666666666667,0.03685897435897436,0.03685897435897436,0.026175213675213676,0.02403846153846154,0.060363247863247864,0.03685897435897436,0.025106837606837608,0.10737179487179487,0.03365384615384615,0.057158119658119656,0.028311965811965812,0.04006410256410257,0.046474358974358976
293,0.071619812583668,0.031459170013386877,0.06894243641231591,0.031459170013386877,0.0756358768406961,0.04350736278447121,0.062248995983935726,0.05020080321285139,0.04216867469879517,0.05689424364123158,0.05020080321285139,0.031459170013386877,0.08634538152610441,0.04752342704149932,0.046184738955823285,0.030120481927710836,0.04216867469879517,0.03413654618473895,0.04484605087014725,0.052878179384203465
294,0.02927120669056153,0.03882915173237754,0.044802867383512544,0.04002389486260454,0.08661887694145759,0.05077658303464755,0.04838709677419355,0.04958183990442055,0.044802867383512544,0.06989247311827956,0.045997610513739545,0.034050179211469536,0.08183990442054959,0.03643966547192354,0.09976105137395459,0.04360812425328554,0.047192353643966546,0.02927120669056153,0.03882915173237754,0.04002389486260454
295,0.030637254901960783,0.04534313725490196,0.07230392156862746,0.01919934640522876,0.060866013071895424,0.053513071895424834,0.0494281045751634,0.039624183006535946,0.061683006535947715,0.04125816993464052,0.05841503267973856,0.04779411764705882,0.0821078431372549,0.05269607843137255,0.02900326797385621,0.04044117647058824,0.020833333333333332,0.08129084967320262,0.05106209150326797,0.0625
296,0.033045977011494254,0.0435823754789272,0.0617816091954023,0.034961685823754786,0.10201149425287356,0.027298850574712645,0.12021072796934866,0.036877394636015325,0.027298850574712645,0.02921455938697318,0.03879310344827586,0.02442528735632184,0.06273946360153257,0.06273946360153257,0.041666666666666664,0.034961685823754786,0.08668582375478927,0.02921455938697318,0.05411877394636015,0.04837164750957854
297,0.06296296296296296,0.03333333333333333,0.042222222222222223,0.03333333333333333,0.10888888888888888,0.04814814814814815,0.06592592592592593,0.051111111111111114,0.03481481481481481,0.06444444444444444,0.03481481481481481,0.03777777777777778,0.04666666666666667,0.042222222222222223,0.06592592592592593,0.03777777777777778,0.04814814814814815,0.0437037037037037,0.03925925925925926,0.05851851851851852
298,0.04595959595959596,0.03282828282828283,0.04292929292929293,0.02878787878787879,0.17020202020202022,0.05707070707070707,0.06616161616161616,0.022727272727272728,0.03787878787878788,0.03585858585858586,0.05606060606060606,0.08636363636363636,0.07929292929292929,0.03080808080808081,0.04595959595959596,0.03484848484848485,0.02878787878787879,0.026767676767676767,0.03787878787878788,0.03282828282828283
299,0.030120481927710843,0.04484605087014726,0.04618473895582329,0.03681392235609103,0.08768406961178045,0.04350736278447122,0.07563587684069611,0.04618473895582329,0.03279785809906292,0.04618473895582329,0.09170013386880857,0.039491298527443104,0.04752342704149933,0.03279785809906292,0.04216867469879518,0.051539491298527446,0.048862115127175365,0.03547523427041499,0.05555555555555555,0.06492637215528782
300,0.0976267529665588,0.06202804746494068,0.044768069039913705,0.029665587918015105,0.052319309600863007,0.029665587918015105,0.0836030204962244,0.02642934196332255,0.03182308522114348,0.046925566343042076,0.05447680690399138,0.052319309600863007,0.02642934196332255,0.0598705501618123,0.05879180151024812,0.07173678532901835,0.03398058252427185,0.02858683926645092,0.045846817691477894,0.06310679611650487
301,0.05347871235721704,0.030633437175493255,0.03271028037383178,0.04517133956386293,0.11993769470404986,0.03374870197300105,0.07840083073727935,0.04932502596053999,0.038940809968847356,0.06282450674974041,0.024402907580477678,0.07943925233644861,0.025441329179646942,0.042056074766355145,0.08151609553478714,0.041017653167185884,0.03271028037383178,0.05659397715472483,0.036863966770508835,0.03478712357217031
302,0.050300300300300305,0.06831831831831833,0.056306306306306314,0.03828828828828829,0.08033033033033034,0.056306306306306314,0.07882882882882884,0.050300300300300305,0.03378378378378379,0.0442942942942943,0.0487987987987988,0.05180180180180181,0.0427927927927928,0.03378378378378379,0.05480480480480481,0.03678678678678679,0.056306306306306314,0.03378378378378379,0.03378378378378379,0.050300300300300305
303,0.034722222222222224,0.03780864197530864,0.03935185185185185,0.034722222222222224,0.09799382716049383,0.036265432098765434,0.0779320987654321,0.034722222222222224,0.03780864197530864,0.03780864197530864,0.0625,0.06404320987654322,0.0763888888888889,0.04861111111111111,0.04089506172839506,0.0625,0.03780864197530864,0.03780864197530864,0.06558641975308642,0.034722222222222224
304,0.048523206751054856,0.049929676511955,0.04430379746835444,0.041490857946554154,0.1329113924050633,0.03445850914205345,0.03586497890295359,0.05555555555555556,0.054149085794655424,0.04571026722925458,0.037271448663853735,0.048523206751054856,0.05836849507735584,0.031645569620253174,0.04430379746835444,0.06540084388185656,0.03445850914205345,0.033052039381153316,0.049929676511955,0.054149085794655424
305,0.053983228511530396,0.028825995807127882,0.06865828092243187,0.027777777777777776,0.08123689727463312,0.044549266247379454,0.07285115303983228,0.037211740041928724,0.030922431865828093,0.02358490566037736,0.0330188679245283,0.05712788259958071,0.07809224318658281,0.04559748427672956,0.07075471698113207,0.05607966457023061,0.04350104821802935,0.03511530398322851,0.05188679245283019,0.05922431865828092
306,0.07349537037037036,0.026041666666666668,0.03761574074074074,0.026041666666666668,0.16493055555555555,0.048032407407407406,0.03298611111111111,0.03298611111111111,0.027199074074074073,0.04224537037037037,0.03530092592592592,0.036458333333333336,0.08391203703703703,0.05844907407407408,0.05150462962962963,0.03530092592592592,0.043402777777777776,0.029513888888888888,0.057291666666666664,0.057291666666666664
307,0.05069444444444446,0.043750000000000004,0.05069444444444446,0.03125000000000001,0.07291666666666669,0.0326388888888889,0.07152777777777779,0.056250000000000015,0.0326388888888889,0.03125000000000001,0.038194444444444454,0.0326388888888889,0.07291666666666669,0.08958333333333335,0.07291666666666669,0.045138888888888895,0.0701388888888889,0.03125000000000001,0.03541666666666667,0.038194444444444454
308,0.05555555555555555,0.05223880597014925,0.03897180762852405,0.0439469320066335,0.07048092868988391,0.03897180762852405,0.07213930348258707,0.04560530679933665,0.05887230514096186,0.04228855721393035,0.05721393034825871,0.03897180762852405,0.0505804311774461,0.03731343283582089,0.0472636815920398,0.07711442786069651,0.04228855721393035,0.03897180762852405,0.03731343283582089,0.0538971807628524
309,0.038841807909604516,0.04166666666666666,0.048258003766478326,0.028483992467043306,0.13159133709981166,0.050141242937853096,0.07321092278719396,0.029425612052730688,0.015301318267419959,0.04354990583804143,0.03507532956685498,0.06096986817325799,0.07415254237288134,0.02565913370998116,0.07226930320150658,0.03837099811676082,0.028483992467043306,0.02000941619585687,0.04919962335216571,0.09533898305084743
310,0.03001277139208173,0.05555555555555554,0.06704980842911876,0.04022988505747126,0.056832694763729236,0.061941251596423996,0.03767560664112388,0.04022988505747126,0.04278416347381864,0.06960408684546614,0.03256704980842911,0.05555555555555554,0.03767560664112388,0.06960408684546614,0.056832694763729236,0.04022988505747126,0.045338441890166024,0.059386973180076616,0.046615581098339715,0.05427841634738185
311,0.04930555555555556,0.05347222222222223,0.036805555555555564,0.04236111111111112,0.061805555555555565,0.04236111111111112,0.07291666666666669,0.036805555555555564,0.05902777777777778,0.10902777777777779,0.03125000000000001,0.036805555555555564,0.07847222222222223,0.04930555555555556,0.03541666666666667,0.043750000000000004,0.0326388888888889,0.04097222222222223,0.04236111111111112,0.045138888888888895
312,0.025252525252525252,0.04208754208754209,0.02974186307519641,0.02861952861952862,0.0712682379349046,0.03647586980920314,0.11728395061728394,0.037598204264870934,0.037598204264870934,0.05443322109988777,0.03310886644219978,0.03872053872053872,0.07014590347923681,0.05555555555555555,0.037598204264870934,0.045454545454545456,0.03872053872053872,0.05555555555555555,0.0723905723905724,0.0723905723905724
313,0.047169811320754707,0.026205450733752612,0.06561844863731654,0.028301886792452824,0.11509433962264148,0.024109014675052404,0.06058700209643605,0.04633123689727463,0.022851153039832282,0.058909853249475876,0.025786163522012573,0.041719077568134165,0.0962264150943396,0.02075471698113207,0.08071278825995806,0.06687631027253667,0.03542976939203354,0.04046121593291404,0.0320754716981132,0.06477987421383646
314,0.03250080051232789,0.04723022734550112,0.08053154018571886,0.01552993916106308,0.13016330451488953,0.06099903938520653,0.06996477745757285,0.040826128722382324,0.020012808197246237,0.03602305475504323,0.07989113032340699,0.03474223503041947,0.02961895613192443,0.042427153378162025,0.05811719500480307,0.07028498238872878,0.034101825168107586,0.012007684918347743,0.029298751200768493,0.07572846621837977
315,0.0423728813559322,0.0423728813559322,0.0423728813559322,0.0480225988700565,0.059322033898305086,0.0423728813559322,0.0423728813559322,0.046139359698681735,0.0423728813559322,0.04990583804143126,0.05367231638418079,0.06308851224105462,0.07627118644067797,0.044256120527306965,0.04990583804143126,0.0423728813559322,0.0423728813559322,0.044256120527306965,0.059322033898305086,0.06685499058380415
316,0.046052631578947366,0.035818713450292396,0.05482456140350877,0.0402046783625731,0.07967836257309942,0.062134502923976605,0.0577485380116959,0.07675438596491228,0.0533625730994152,0.04312865497076023,0.0402046783625731,0.056286549707602336,0.04312865497076023,0.03289473684210526,0.035818713450292396,0.03874269005847953,0.0533625730994152,0.0489766081871345,0.0445906432748538,0.056286549707602336
317,0.04768153980752404,0.05205599300087488,0.06255468066491687,0.024059492563429565,0.1544181977252843,0.0205599300087489,0.059930008748906374,0.039807524059492554,0.019685039370078736,0.030183727034120728,0.033683289588801395,0.06867891513560803,0.05555555555555554,0.035433070866141725,0.06517935258092737,0.04593175853018372,0.031058617672790893,0.05380577427821521,0.05118110236220471,0.04855643044619421
318,0.058333333333333334,0.07166666666666667,0.07722222222222222,0.028333333333333332,0.1238888888888889,0.050555555555555555,0.04722222222222222,0.02722222222222222,0.025,0.02722222222222222,0.06277777777777778,0.030555555555555555,0.075,0.049444444444444444,0.028333333333333332,0.051666666666666666,0.04388888888888889,0.03277777777777778,0.041666666666666664,0.04722222222222222
319,0.052662037037037035,0.03877314814814815,0.04224537037037037,0.04456018518518518,0.08391203703703703,0.052662037037037035,0.10011574074074074,0.048032407407407406,0.061921296296296294,0.031828703703703706,0.03530092592592592,0.046875,0.041087962962962965,0.046875,0.05150462962962963,0.046875,0.057291666666666664,0.050347222222222224,0.031828703703703706,0.03530092592592592
320,0.041017653167185884,0.03582554517133957,0.09605399792315683,0.02855659397715473,0.09397715472481831,0.05970924195223262,0.07528556593977156,0.039979231568016624,0.05036344755970926,0.04724818276220147,0.03582554517133957,0.04517133956386293,0.05140186915887852,0.03478712357217031,0.04517133956386293,0.025441329179646945,0.03374870197300105,0.04724818276220147,0.04309449636552441,0.07009345794392524
321,0.0351213282247765,0.04661558109833972,0.05683269476372925,0.03384418901660281,0.06704980842911877,0.041507024265644954,0.04789272030651341,0.03639846743295019,0.07471264367816093,0.05427841634738186,0.08492975734355045,0.040229885057471264,0.04661558109833972,0.05938697318007663,0.031289910600255426,0.05427841634738186,0.03384418901660281,0.03384418901660281,0.04533844189016603,0.07598978288633461
322,0.04074074074074075,0.05851851851851853,0.08074074074074075,0.039259259259259265,0.08962962962962964,0.04222222222222223,0.04814814814814816,0.046666666666666676,0.03333333333333334,0.06740740740740742,0.03333333333333334,0.05407407407407409,0.04814814814814816,0.05407407407407409,0.04370370370370371,0.04370370370370371,0.04370370370370371,0.06000000000000001,0.03333333333333334,0.039259259259259265
323,0.029914529914529916,0.04700854700854701,0.06711915535444947,0.021870286576168928,0.1425339366515837,0.03192559074912016,0.0796882855706385,0.03544494720965309,0.03996983408748114,0.038964303670186023,0.04700854700854701,0.06259426847662142,0.06359979889391654,0.026395173453996983,0.06209150326797386,0.038461538461538464,0.02237305178481649,0.03544494720965309,0.049019607843137254,0.058572146807440925
324,0.03834115805946792,0.06964006259780908,0.05555555555555555,0.06651017214397496,0.04773082942097027,0.03990610328638498,0.06807511737089202,0.0539906103286385,0.04303599374021909,0.0539906103286385,0.04303599374021909,0.04929577464788732,0.04929577464788732,0.04773082942097027,0.04773082942097027,0.035211267605633804,0.035211267605633804,0.03990610328638498,0.035211267605633804,0.08059467918622848
325,0.029012345679012345,0.033950617283950615,0.10308641975308643,0.030246913580246913,0.12037037037037036,0.05,0.08703703703703704,0.03518518518518519,0.043827160493827164,0.05740740740740741,0.030246913580246913,0.03271604938271605,0.040123456790123455,0.07592592592592592,0.03518518518518519,0.043827160493827164,0.037654320987654324,0.04135802469135803,0.04135802469135803,0.03148148148148148
326,0.054878048780487805,0.048102981029810296,0.05894308943089431,0.03184281842818428,0.11720867208672087,0.04403794037940379,0.0494579945799458,0.0494579945799458,0.034552845528455285,0.03184281842818428,0.03590785907859079,0.03590785907859079,0.06978319783197832,0.03861788617886179,0.04403794037940379,0.046747967479674794,0.0535230352303523,0.03726287262872629,0.04403794037940379,0.07384823848238482
327,0.04962962962962963,0.051111111111111114,0.07333333333333333,0.040740740740740744,0.07925925925925927,0.03777777777777778,0.06888888888888889,0.0437037037037037,0.04666666666666667,0.06592592592592593,0.042222222222222223,0.05703703703703704,0.03925925925925926,0.040740740740740744,0.03333333333333333,0.040740740740740744,0.03333333333333333,0.07037037037037037,0.04962962962962963,0.0362962962962963
328,0.0211864406779661,0.10781544256120527,0.06450094161958568,0.033427495291902073,0.10404896421845575,0.022128060263653482,0.027777777777777776,0.03531073446327684,0.04001883239171375,0.02401129943502825,0.025894538606403013,0.04190207156308851,0.08709981167608287,0.03436911487758945,0.0371939736346516,0.038135593220338986,0.04943502824858757,0.0955743879472693,0.07580037664783427,0.03436911487758945
329,0.07467144563918757,0.02688172043010752,0.06989247311827955,0.02807646356033452,0.1332138590203106,0.03882915173237753,0.10095579450418157,0.08064516129032256,0.03166069295101553,0.04599761051373954,0.02688172043010752,0.04719235364396653,0.03405017921146953,0.029271206690561522,0.03166069295101553,0.06152927120669055,0.02688172043010752,0.03643966547192353,0.03405017921146953,0.041218637992831535
330,0.03677621283255087,0.03521126760563381,0.05555555555555556,0.03521126760563381,0.12441314553990612,0.03677621283255087,0.0805946791862285,0.05555555555555556,0.05399061032863851,0.03521126760563381,0.03521126760563381,0.04929577464788733,0.038341158059467924,0.03521126760563381,0.05242566510172145,0.0805946791862285,0.038341158059467924,0.04929577464788733,0.03677621283255087,0.03521126760563381
331,0.044642857142857144,0.044642857142857144,0.0625,0.044642857142857144,0.05654761904761905,0.044642857142857144,0.044642857142857144,0.044642857142857144,0.044642857142857144,0.044642857142857144,0.0625,0.044642857142857144,0.0625,0.044642857142857144,0.04861111111111111,0.05654761904761905,0.06448412698412699,0.044642857142857144,0.04662698412698413,0.04861111111111111
332,0.049707602339181284,0.02865497076023392,0.07660818713450293,0.038011695906432746,0.0824561403508772,0.03333333333333333,0.11871345029239766,0.0391812865497076,0.02982456140350877,0.030994152046783626,0.03216374269005848,0.07777777777777778,0.0976608187134503,0.03684210526315789,0.04736842105263158,0.030994152046783626,0.02631578947368421,0.03567251461988304,0.043859649122807015,0.043859649122807015
333,0.03623188405797102,0.03945249597423511,0.042673107890499204,0.03623188405797102,0.07648953301127216,0.03623188405797102,0.04750402576489534,0.049114331723027385,0.0636070853462158,0.07971014492753624,0.03945249597423511,0.03784219001610307,0.05555555555555556,0.04106280193236716,0.07648953301127216,0.03623188405797102,0.04750402576489534,0.03945249597423511,0.04750402576489534,0.07165861513687602
334,0.0747599451303155,0.04458161865569273,0.030864197530864196,0.03223593964334705,0.08847736625514403,0.059670781893004114,0.051440329218107,0.0720164609053498,0.05555555555555555,0.04458161865569273,0.03497942386831276,0.0541838134430727,0.047325102880658436,0.03223593964334705,0.03909465020576132,0.045953360768175584,0.04183813443072702,0.04183813443072702,0.06378600823045268,0.04458161865569273
335,0.07185990338164251,0.06219806763285024,0.034420289855072464,0.034420289855072464,0.14190821256038647,0.042874396135265704,0.08635265700483091,0.03683574879227053,0.03683574879227053,0.044082125603864736,0.04045893719806763,0.0392512077294686,0.0392512077294686,0.029589371980676328,0.06582125603864734,0.029589371980676328,0.05495169082125604,0.035628019323671496,0.0392512077294686,0.034420289855072464
336,0.06820234869015358,0.04471544715447155,0.061878952122854575,0.04200542005420055,0.10794941282746164,0.04381210478771455,0.054652213188798565,0.05645889792231257,0.038392050587172544,0.039295392953929545,0.031165311653116538,0.06368563685636858,0.028455284552845534,0.027551942186088533,0.04561878952122855,0.060975609756097573,0.05194218608852757,0.025745257452574534,0.048328816621499564,0.05916892502258357
337,0.04803240740740741,0.03298611111111112,0.09201388888888891,0.028356481481481486,0.09895833333333334,0.049189814814814825,0.07002314814814817,0.03993055555555556,0.056134259259259266,0.04687500000000001,0.03530092592592593,0.04687500000000001,0.06886574074074076,0.03761574074074075,0.03645833333333334,0.0306712962962963,0.051504629629629636,0.04108796296296297,0.027199074074074077,0.0619212962962963
338,0.05077658303464755,0.047192353643966546,0.04002389486260454,0.045997610513739545,0.1081242532855436,0.04002389486260454,0.05794504181600956,0.04241338112305854,0.04121863799283154,0.05675029868578255,0.02927120669056153,0.03643966547192354,0.07586618876941457,0.044802867383512544,0.07706093189964158,0.03643966547192354,0.04121863799283154,0.03643966547192354,0.04958183990442055,0.04241338112305854
339,0.03758169934640522,0.036492374727668836,0.05065359477124182,0.02450980392156862,0.11492374727668843,0.07461873638344226,0.06263616557734203,0.05392156862745097,0.04847494553376905,0.04193899782135076,0.04302832244008714,0.04302832244008714,0.06917211328976033,0.02450980392156862,0.03758169934640522,0.05936819172113288,0.06263616557734203,0.03976034858387799,0.03322440087145969,0.04193899782135076
340,0.04674796747967479,0.04810298102981028,0.05623306233062329,0.04132791327913279,0.06978319783197831,0.039972899728997285,0.08197831978319782,0.09959349593495932,0.031842818428184275,0.03726287262872628,0.030487804878048773,0.045392953929539286,0.0684281842818428,0.04268292682926829,0.03455284552845528,0.04132791327913279,0.06707317073170731,0.038617886178861784,0.04674796747967479,0.031842818428184275
341,0.041017653167185884,0.059709241952232615,0.08151609553478714,0.025441329179646942,0.08878504672897197,0.041017653167185884,0.06490134994807893,0.059709241952232615,0.04724818276220146,0.038940809968847356,0.027518172377985466,0.03167185877466252,0.03167185877466252,0.05659397715472483,0.08047767393561787,0.04413291796469367,0.04724818276220146,0.028556593977154727,0.026479750778816202,0.07736240913811009
342,0.061996779388083734,0.04750402576489533,0.0571658615136876,0.039452495974235106,0.036231884057971016,0.06360708534621579,0.06521739130434782,0.06038647342995169,0.04589371980676329,0.04106280193236715,0.05555555555555555,0.03784219001610306,0.05555555555555555,0.03784219001610306,0.07809983896940419,0.0426731078904992,0.039452495974235106,0.05877616747181964,0.036231884057971016,0.039452495974235106
343,0.035037878787878785,0.043244949494949496,0.052714646464646464,0.036931818181818184,0.16382575757575757,0.024936868686868688,0.09627525252525253,0.043876262626262624,0.03125,0.03377525252525253,0.027462121212121212,0.04261363636363636,0.09122474747474747,0.026199494949494948,0.06218434343434343,0.04892676767676768,0.036931818181818184,0.021780303030303032,0.029987373737373736,0.05082070707070707
344,0.04237288135593221,0.05743879472693034,0.08568738229755181,0.04613935969868174,0.04237288135593221,0.04237288135593221,0.049905838041431276,0.04613935969868174,0.04802259887005651,0.04237288135593221,0.04237288135593221,0.07250470809792844,0.0593220338983051,0.049905838041431276,0.04237288135593221,0.04613935969868174,0.05178907721280604,0.04802259887005651,0.04237288135593221,0.04237288135593221
345,0.03205128205128205,0.07136752136752136,0.03034188034188034,0.03290598290598291,0.202991452991453,0.04145299145299145,0.12777777777777777,0.06880341880341881,0.02435897435897436,0.03376068376068376,0.031196581196581197,0.04829059829059829,0.03717948717948718,0.023504273504273504,0.04658119658119658,0.03974358974358974,0.02094017094017094,0.029487179487179487,0.02606837606837607,0.031196581196581197
346,0.033052039381153316,0.04711673699015473,0.07946554149085797,0.049929676511955005,0.05977496483825599,0.05274261603375529,0.08649789029535866,0.042897327707454296,0.03445850914205345,0.03445850914205345,0.041490857946554154,0.05696202531645571,0.05836849507735585,0.05133614627285515,0.037271448663853735,0.04008438818565402,0.031645569620253174,0.05133614627285515,0.04008438818565402,0.07102672292545711
347,0.06142410015649453,0.0363849765258216,0.026212832550860724,0.02777777777777778,0.1279342723004695,0.05907668231611894,0.09350547730829423,0.032472613458528955,0.026212832550860724,0.06220657276995306,0.023865414710485137,0.021517996870109548,0.07159624413145542,0.023865414710485137,0.07237871674491395,0.03169014084507043,0.052034428794992184,0.052034428794992184,0.043427230046948366,0.05438184663536777
348,0.05056980056980059,0.06054131054131055,0.0747863247863248,0.033475783475783484,0.08475783475783477,0.032051282051282055,0.09045584045584047,0.05199430199430201,0.04344729344729346,0.034900284900284906,0.032051282051282055,0.036324786324786335,0.047720797720797736,0.04487179487179488,0.034900284900284906,0.034900284900284906,0.07336182336182337,0.04202279202279203,0.036324786324786335,0.06054131054131055
349,0.04882154882154882,0.051066217732884396,0.03984287317620651,0.02861952861952862,0.07575757575757576,0.03423120089786756,0.10493827160493827,0.06565656565656566,0.043209876543209874,0.058922558922558925,0.0409652076318743,0.05331088664421998,0.06341189674523008,0.030864197530864196,0.06228956228956229,0.037598204264870934,0.03423120089786756,0.05555555555555555,0.045454545454545456,0.025252525252525252
350,0.0742296918767507,0.042483660130718956,0.046218487394957986,0.029411764705882353,0.14332399626517273,0.034080298786181136,0.052754435107376284,0.024743230625583566,0.02100840336134454,0.034080298786181136,0.03034547152194211,0.037815126050420166,0.09290382819794585,0.07049486461251167,0.03034547152194211,0.042483660130718956,0.07796451914098973,0.023809523809523808,0.03034547152194211,0.0611577964519141
351,0.047192353643966546,0.05794504181600956,0.08303464755077658,0.031660692951015534,0.10931899641577061,0.05436081242532855,0.061529271206690564,0.03046594982078853,0.032855436081242535,0.034050179211469536,0.04002389486260454,0.04002389486260454,0.05675029868578255,0.03643966547192354,0.04838709677419355,0.07706093189964158,0.031660692951015534,0.04838709677419355,0.028076463560334528,0.05077658303464755
352,0.036917562724014336,0.05412186379928315,0.07849462365591398,0.016845878136200716,0.16881720430107527,0.03046594982078853,0.04408602150537634,0.04551971326164875,0.024014336917562724,0.024731182795698924,0.04121863799283154,0.02974910394265233,0.08422939068100359,0.036917562724014336,0.053405017921146956,0.035483870967741936,0.06774193548387097,0.035483870967741936,0.024731182795698924,0.06702508960573476
353,0.03853853853853854,0.047547547547547545,0.03653653653653654,0.03553553553553553,0.11761761761761762,0.04154154154154154,0.03953953953953954,0.03953953953953954,0.028528528528528527,0.027527527527527528,0.028528528528528527,0.07457457457457457,0.05455455455455455,0.08358358358358359,0.04854854854854855,0.04954954954954955,0.0915915915915916,0.03453453453453453,0.045545545545545546,0.03653653653653654
354,0.028800755429650614,0.02156122127793516,0.0454831602140384,0.017784073024866225,0.15439093484419264,0.037614101353478126,0.08199559332703808,0.0709789109222537,0.018413597733711047,0.04863078375826251,0.06027699087189172,0.023449795404469627,0.13267233238904627,0.025653131885426502,0.05083412023921939,0.03320742839156437,0.022820270695624804,0.01872836008813346,0.020616934214667926,0.08608750393452944
355,0.04595959595959596,0.04090909090909091,0.05606060606060606,0.03282828282828283,0.15505050505050505,0.03484848484848485,0.0601010101010101,0.05404040404040404,0.0398989898989899,0.03888888888888889,0.05202020202020202,0.022727272727272728,0.08333333333333333,0.05202020202020202,0.05404040404040404,0.02878787878787879,0.04393939393939394,0.03383838383838384,0.03686868686868687,0.03383838383838384
356,0.03686868686868687,0.04191919191919192,0.05404040404040404,0.027777777777777776,0.0803030303030303,0.03383838383838384,0.04090909090909091,0.031818181818181815,0.0803030303030303,0.05404040404040404,0.04696969696969697,0.05101010101010101,0.07828282828282829,0.06111111111111111,0.04696969696969697,0.03787878787878788,0.03787878787878788,0.02878787878787879,0.03383838383838384,0.09545454545454546
357,0.03531073446327684,0.039077212806026364,0.08804143126177025,0.036252354048964215,0.10875706214689265,0.0371939736346516,0.05696798493408663,0.06826741996233522,0.02871939736346516,0.0475517890772128,0.046610169491525424,0.027777777777777776,0.07674199623352165,0.04001883239171375,0.0795668549905838,0.033427495291902073,0.030602636534839925,0.030602636534839925,0.0371939736346516,0.051318267419962336
358,0.07271241830065361,0.05637254901960785,0.04166666666666667,0.03676470588235295,0.08415032679738564,0.038398692810457526,0.07434640522875818,0.08251633986928106,0.044934640522875824,0.03676470588235295,0.0531045751633987,0.04983660130718955,0.03676470588235295,0.03676470588235295,0.040032679738562095,0.038398692810457526,0.05800653594771243,0.040032679738562095,0.04166666666666667,0.03676470588235295
359,0.06972789115646258,0.02891156462585034,0.08673469387755102,0.030045351473922902,0.07086167800453515,0.0481859410430839,0.07426303854875284,0.04251700680272109,0.0572562358276644,0.02891156462585034,0.08786848072562359,0.04251700680272109,0.0844671201814059,0.03344671201814059,0.030045351473922902,0.03231292517006803,0.051587301587301584,0.030045351473922902,0.031179138321995464,0.0391156462585034
360,0.0390625,0.059895833333333336,0.05295138888888889,0.0546875,0.059895833333333336,0.07552083333333333,0.044270833333333336,0.0390625,0.0546875,0.04774305555555555,0.05642361111111111,0.04774305555555555,0.0390625,0.04600694444444445,0.0390625,0.044270833333333336,0.0390625,0.042534722222222224,0.06163194444444445,0.05642361111111111
361,0.07606837606837608,0.03846153846153847,0.07606837606837608,0.041880341880341884,0.053846153846153856,0.04017094017094018,0.05555555555555556,0.05555555555555556,0.041880341880341884,0.048717948717948725,0.03846153846153847,0.05555555555555556,0.06410256410256411,0.03846153846153847,0.03846153846153847,0.053846153846153856,0.03846153846153847,0.041880341880341884,0.03846153846153847,0.06410256410256411
362,0.05851851851851852,0.03333333333333333,0.08222222222222222,0.03925925925925926,0.10296296296296296,0.040740740740740744,0.0674074074074074,0.03481481481481481,0.04666666666666667,0.04518518518518518,0.03777777777777778,0.04518518518518518,0.03925925925925926,0.08222222222222222,0.040740740740740744,0.03333333333333333,0.03925925925925926,0.0362962962962963,0.03481481481481481,0.06
363,0.05269607843137255,0.046977124183006536,0.09191176470588236,0.046977124183006536,0.0755718954248366,0.06740196078431372,0.06658496732026144,0.04370915032679738,0.08537581699346405,0.037173202614379085,0.04370915032679738,0.0494281045751634,0.05759803921568627,0.05759803921568627,0.03553921568627451,0.020016339869281044,0.024918300653594773,0.025735294117647058,0.020016339869281044,0.05106209150326797
364,0.06300813008130081,0.03997289972899729,0.09010840108401084,0.03048780487804878,0.08875338753387534,0.0508130081300813,0.05758807588075881,0.03997289972899729,0.04539295392953929,0.03184281842818428,0.04403794037940379,0.048102981029810296,0.0535230352303523,0.042682926829268296,0.048102981029810296,0.06707317073170732,0.03048780487804878,0.03726287262872629,0.054878048780487805,0.03590785907859079
365,0.06944444444444445,0.032407407407407406,0.03343621399176955,0.025205761316872428,0.07767489711934156,0.04681069958847737,0.023148148148148147,0.07458847736625514,0.032407407407407406,0.035493827160493825,0.06018518518518518,0.05092592592592592,0.11265432098765432,0.028292181069958847,0.07150205761316872,0.05298353909465021,0.038580246913580245,0.02726337448559671,0.048868312757201646,0.058127572016460904
366,0.0958702064896755,0.0663716814159292,0.0447394296951819,0.03294001966568338,0.12241887905604718,0.04572271386430678,0.03687315634218288,0.02310717797443461,0.03687315634218288,0.03588987217305801,0.029990167158308743,0.042772861356932146,0.04375614552605702,0.05653883972468042,0.04572271386430678,0.026057030481809237,0.07915437561455259,0.026057030481809237,0.031956735496558496,0.07718780727630284
367,0.04310344827586207,0.04310344827586207,0.04310344827586207,0.04310344827586207,0.045019157088122604,0.04693486590038314,0.05651340996168582,0.06417624521072797,0.04885057471264368,0.05651340996168582,0.04310344827586207,0.04310344827586207,0.06609195402298851,0.0603448275862069,0.06800766283524905,0.05076628352490421,0.04310344827586207,0.045019157088122604,0.04310344827586207,0.04693486590038314
368,0.039351851851851846,0.05324074074074073,0.08472222222222221,0.03842592592592592,0.10601851851851848,0.09305555555555554,0.05972222222222221,0.031944444444444435,0.03842592592592592,0.04212962962962962,0.041203703703703694,0.0449074074074074,0.03101851851851851,0.054166666666666655,0.07268518518518517,0.022685185185185183,0.04212962962962962,0.031944444444444435,0.03472222222222222,0.03749999999999999
369,0.030718954248366015,0.03725490196078432,0.04901960784313726,0.050326797385620924,0.07777777777777779,0.04901960784313726,0.08954248366013073,0.050326797385620924,0.04379084967320262,0.04379084967320262,0.03594771241830066,0.062091503267973865,0.04379084967320262,0.04640522875816994,0.05686274509803922,0.03594771241830066,0.0411764705882353,0.03594771241830066,0.07908496732026145,0.0411764705882353
370,0.06570512820512821,0.03685897435897436,0.053952991452991456,0.03258547008547009,0.09882478632478632,0.04113247863247863,0.05929487179487179,0.04754273504273504,0.02938034188034188,0.0625,0.0625,0.026175213675213676,0.05074786324786325,0.027243589743589744,0.08707264957264957,0.05502136752136752,0.03365384615384615,0.04754273504273504,0.038995726495726496,0.04326923076923077
371,0.09104938271604938,0.05298353909465021,0.03652263374485597,0.029320987654320986,0.10751028806584362,0.035493827160493825,0.11162551440329219,0.05709876543209876,0.02417695473251029,0.03446502057613169,0.047839506172839504,0.05401234567901234,0.047839506172839504,0.042695473251028807,0.02726337448559671,0.05298353909465021,0.05606995884773663,0.026234567901234566,0.041666666666666664,0.023148148148148147
372,0.038461538461538464,0.07094017094017094,0.038461538461538464,0.038461538461538464,0.06923076923076923,0.038461538461538464,0.07094017094017094,0.05213675213675214,0.038461538461538464,0.05042735042735043,0.04700854700854701,0.05384615384615385,0.05555555555555555,0.038461538461538464,0.07606837606837606,0.038461538461538464,0.05384615384615385,0.0452991452991453,0.038461538461538464,0.04700854700854701
373,0.04113247863247864,0.04647435897435898,0.04220085470085471,0.02510683760683761,0.14690170940170943,0.04540598290598291,0.06463675213675216,0.058226495726495735,0.02510683760683761,0.03472222222222223,0.04540598290598291,0.04433760683760685,0.09027777777777779,0.03792735042735043,0.06463675213675216,0.0560897435897436,0.04647435897435898,0.027243589743589747,0.02510683760683761,0.032585470085470095
374,0.04123263888888889,0.04296875,0.038628472222222224,0.023871527777777776,0.12369791666666667,0.026475694444444444,0.10286458333333333,0.047309027777777776,0.03342013888888889,0.028211805555555556,0.07074652777777778,0.029079861111111112,0.055121527777777776,0.04383680555555555,0.053385416666666664,0.05251736111111111,0.04991319444444445,0.040364583333333336,0.04904513888888889,0.047309027777777776
375,0.023809523809523815,0.023809523809523815,0.04814814814814816,0.02910052910052911,0.12010582010582015,0.03015873015873017,0.05873015873015875,0.03756613756613758,0.05449735449735452,0.08941798941798945,0.06402116402116405,0.03015873015873017,0.05343915343915346,0.06719576719576723,0.050264550264550276,0.03333333333333335,0.03544973544973546,0.03544973544973546,0.057671957671957694,0.057671957671957694
376,0.03538812785388128,0.06582952815829528,0.07648401826484018,0.04071537290715373,0.1723744292237443,0.031582952815829526,0.06430745814307458,0.028538812785388126,0.04604261796042618,0.022450532724505326,0.033105022831050226,0.07267884322678843,0.10007610350076103,0.018645357686453576,0.06811263318112633,0.025494672754946726,0.019406392694063926,0.029299847792998476,0.027016742770167426,0.022450532724505326
377,0.053197064989517824,0.01388888888888889,0.06944444444444446,0.014937106918238996,0.09302935010482181,0.03328092243186583,0.09774633123689729,0.0469077568134172,0.019129979035639417,0.015985324947589103,0.0767819706498952,0.03852201257861636,0.09827044025157235,0.031708595387840675,0.05005241090146751,0.060010482180293506,0.03485324947589099,0.0369496855345912,0.06577568134171909,0.04952830188679246
378,0.06704980842911877,0.04942528735632184,0.04099616858237548,0.043295019157088124,0.10766283524904215,0.040229885057471264,0.10383141762452107,0.02413793103448276,0.027203065134099615,0.04636015325670498,0.032567049808429116,0.05938697318007663,0.12145593869731801,0.0371647509578544,0.02490421455938697,0.0371647509578544,0.02490421455938697,0.032567049808429116,0.04636015325670498,0.03333333333333333
379,0.044939844302901634,0.06263269639065819,0.03432413305024771,0.020169851380042465,0.1794055201698514,0.03361641896673744,0.09731068648266103,0.05909412597310688,0.02229299363057325,0.04777070063694269,0.025123849964614302,0.023000707714083513,0.07324840764331211,0.02370842179759378,0.06687898089171976,0.027246992215145087,0.03432413305024771,0.026539278131634828,0.04847841472045295,0.04989384288747348
380,0.05458656330749354,0.028746770025839793,0.028746770025839793,0.026808785529715762,0.145671834625323,0.022286821705426358,0.09916020671834626,0.027454780361757105,0.017118863049095608,0.041666666666666664,0.044896640826873384,0.04748062015503876,0.0687984496124031,0.058462532299741604,0.06556847545219638,0.03197674418604651,0.042958656330749356,0.02616279069767442,0.03391472868217054,0.08753229974160207
381,0.0417989417989418,0.04497354497354497,0.1126984126984127,0.031216931216931216,0.06613756613756613,0.05873015873015873,0.07777777777777778,0.028042328042328042,0.031216931216931216,0.05026455026455026,0.04814814814814815,0.04814814814814815,0.06613756613756613,0.043915343915343914,0.03333333333333333,0.03650793650793651,0.059788359788359786,0.03015873015873016,0.03333333333333333,0.05767195767195767
382,0.0398989898989899,0.03888888888888889,0.05505050505050505,0.0297979797979798,0.08535353535353535,0.04191919191919192,0.05606060606060606,0.05707070707070707,0.027777777777777776,0.04595959595959596,0.06313131313131314,0.05101010101010101,0.04696969696969697,0.05,0.05303030303030303,0.03484848484848485,0.0398989898989899,0.04090909090909091,0.0601010101010101,0.08232323232323233
383,0.03724747474747475,0.05113636363636365,0.07891414141414142,0.03724747474747475,0.05871212121212123,0.08270202020202022,0.07260101010101011,0.05492424242424244,0.038510101010101015,0.03724747474747475,0.038510101010101015,0.04987373737373739,0.04229797979797981,0.0662878787878788,0.053661616161616174,0.02967171717171718,0.03977272727272728,0.03472222222222223,0.038510101010101015,0.057449494949494966
384,0.042517006802721094,0.05385487528344672,0.09013605442176872,0.060657596371882096,0.060657596371882096,0.042517006802721094,0.06632653061224492,0.08106575963718822,0.04138321995464853,0.044784580498866224,0.03684807256235828,0.057256235827664405,0.057256235827664405,0.03911564625850341,0.05952380952380953,0.025510204081632657,0.032312925170068035,0.02664399092970522,0.03684807256235828,0.044784580498866224
385,0.05303030303030303,0.03787878787878788,0.03787878787878788,0.05303030303030303,0.05134680134680135,0.046296296296296294,0.03787878787878788,0.041245791245791245,0.041245791245791245,0.04292929292929293,0.0664983164983165,0.046296296296296294,0.08164983164983165,0.046296296296296294,0.04461279461279461,0.05303030303030303,0.0765993265993266,0.047979797979797977,0.05134680134680135,0.04292929292929293
386,0.04799301919720768,0.013089005235602094,0.09045956951716114,0.02065154159394997,0.1660849331006399,0.034031413612565446,0.10093077370564281,0.04159394997091332,0.02646887725421757,0.031122745782431648,0.031122745782431648,0.046829552065154156,0.04450261780104712,0.02821407795229785,0.03577661431064572,0.053228621291448515,0.05962769051774287,0.028795811518324606,0.030541012216404886,0.06893542757417102
387,0.05366161616161616,0.06502525252525253,0.037247474747474744,0.03598484848484849,0.10164141414141414,0.032196969696969696,0.049873737373737376,0.049873737373737376,0.03345959595959596,0.0422979797979798,0.028409090909090908,0.058712121212121215,0.046085858585858584,0.03977272727272727,0.07891414141414141,0.1029040404040404,0.030934343434343436,0.030934343434343436,0.04482323232323232,0.037247474747474744
388,0.033783783783783786,0.0472972972972973,0.08333333333333333,0.033783783783783786,0.06531531531531531,0.033783783783783786,0.08633633633633633,0.0472972972972973,0.033783783783783786,0.044294294294294295,0.033783783783783786,0.048798798798798795,0.060810810810810814,0.0457957957957958,0.033783783783783786,0.0518018018018018,0.0457957957957958,0.048798798798798795,0.05930930930930931,0.06231231231231231
389,0.05169753086419753,0.06404320987654322,0.04243827160493827,0.03935185185185185,0.07330246913580248,0.03780864197530864,0.09027777777777778,0.034722222222222224,0.034722222222222224,0.07484567901234568,0.04243827160493827,0.03935185185185185,0.08873456790123457,0.034722222222222224,0.04398148148148148,0.05324074074074074,0.03935185185185185,0.03780864197530864,0.04089506172839506,0.036265432098765434
390,0.033083645443196,0.03433208489388265,0.07303370786516854,0.04431960049937578,0.15168539325842698,0.031835205992509365,0.05555555555555555,0.03058676654182272,0.041822721598002495,0.035580524344569285,0.035580524344569285,0.038077403245942575,0.06429463171036205,0.03058676654182272,0.048064918851435705,0.04057428214731586,0.03682896379525593,0.054307116104868915,0.03932584269662921,0.08052434456928839
391,0.08492063492063494,0.043650793650793655,0.05317460317460319,0.03571428571428572,0.03571428571428572,0.03571428571428572,0.05000000000000002,0.040476190476190485,0.09285714285714287,0.07063492063492065,0.03571428571428572,0.0753968253968254,0.05793650793650795,0.05317460317460319,0.040476190476190485,0.043650793650793655,0.03571428571428572,0.03571428571428572,0.043650793650793655,0.03571428571428572
392,0.039259259259259265,0.04370370370370371,0.03333333333333334,0.05407407407407408,0.048148148148148155,0.03333333333333334,0.11333333333333334,0.03481481481481482,0.03333333333333334,0.11185185185185187,0.046666666666666676,0.03333333333333334,0.037777777777777785,0.08370370370370371,0.03333333333333334,0.049629629629629635,0.04518518518518519,0.03333333333333334,0.037777777777777785,0.05407407407407408
393,0.043094496365524426,0.029595015576324,0.08151609553478717,0.030633437175493265,0.14589823468328147,0.0410176531671859,0.12616822429906546,0.04517133956386295,0.035825545171339575,0.029595015576324,0.02544132917964695,0.043094496365524426,0.03894080996884736,0.02647975077881621,0.07009345794392526,0.047248182762201475,0.034787123572170314,0.029595015576324,0.027518172377985477,0.048286604361370736
394,0.057319223985890656,0.03968253968253969,0.03968253968253969,0.03968253968253969,0.07319223985890654,0.03968253968253969,0.08201058201058202,0.05555555555555556,0.03968253968253969,0.04850088183421517,0.041446208112874784,0.057319223985890656,0.06790123456790124,0.03968253968253969,0.05908289241622575,0.03968253968253969,0.041446208112874784,0.04320987654320988,0.041446208112874784,0.05379188712522046
395,0.04356514788169465,0.03717026378896883,0.07713828936850521,0.03237410071942447,0.15387689848121505,0.03157474020783374,0.12110311750599521,0.035571542765787376,0.020383693045563554,0.042765787370103926,0.02438049560351719,0.06994404476418867,0.05235811350919265,0.038768984812150284,0.025179856115107917,0.03796962430055956,0.02837729816147083,0.05475619504396483,0.03237410071942447,0.040367705835331745
396,0.0494313210848644,0.022309711286089242,0.10104986876640422,0.024059492563429576,0.08880139982502189,0.04768153980752406,0.06867891513560806,0.030183727034120738,0.026684164479440074,0.03805774278215224,0.0494313210848644,0.030183727034120738,0.03280839895013124,0.05030621172353456,0.08442694663167105,0.10892388451443571,0.024059492563429576,0.03368328958880141,0.040682414698162736,0.04855643044619423
397,0.038667929292929296,0.026357323232323232,0.05097853535353535,0.011521464646464646,0.11379419191919192,0.03803661616161616,0.07591540404040405,0.07433712121212122,0.027619949494949496,0.07054924242424243,0.026672979797979796,0.040877525252525256,0.06518308080808081,0.028882575757575756,0.09611742424242424,0.03172348484848485,0.03993055555555555,0.023832070707070708,0.06013257575757576,0.058869949494949496
398,0.04550827423167849,0.05614657210401891,0.05614657210401891,0.027777777777777776,0.07505910165484633,0.040780141843971635,0.0975177304964539,0.09042553191489362,0.040780141843971635,0.05969267139479906,0.04196217494089834,0.03486997635933806,0.05260047281323877,0.04550827423167849,0.03368794326241135,0.04196217494089834,0.057328605200945626,0.03486997635933806,0.03723404255319149,0.030141843971631204
399,0.05281207133058985,0.051440329218107,0.050068587105624146,0.04183813443072702,0.0775034293552812,0.04183813443072702,0.06515775034293553,0.03497942386831276,0.05281207133058985,0.062414266117969824,0.047325102880658436,0.03635116598079561,0.05829903978052126,0.06378600823045268,0.05555555555555555,0.0541838134430727,0.03497942386831276,0.050068587105624146,0.030864197530864196,0.03772290809327846
400,0.038510101010101,0.0284090909090909,0.04103535353535353,0.04356060606060606,0.08143939393939392,0.029671717171717165,0.08522727272727271,0.03472222222222222,0.04987373737373736,0.09785353535353533,0.05239898989898988,0.03219696969696969,0.04229797979797979,0.04103535353535353,0.06376262626262624,0.0284090909090909,0.044823232323232313,0.03724747474747474,0.04229797979797979,0.08522727272727271
401,0.034722222222222224,0.034722222222222224,0.05015432098765432,0.036265432098765434,0.07947530864197531,0.07175925925925926,0.034722222222222224,0.04861111111111111,0.04861111111111111,0.05478395061728395,0.05478395061728395,0.034722222222222224,0.06867283950617284,0.05478395061728395,0.06712962962962964,0.04243827160493827,0.04552469135802469,0.036265432098765434,0.0470679012345679,0.05478395061728395
402,0.027281746031746032,0.029265873015873016,0.05109126984126984,0.023313492063492064,0.0818452380952381,0.03422619047619048,0.0818452380952381,0.03819444444444445,0.046130952380952384,0.06994047619047619,0.03422619047619048,0.05803571428571429,0.05704365079365079,0.056051587301587304,0.07490079365079365,0.04017857142857143,0.08085317460317461,0.033234126984126984,0.030257936507936508,0.052083333333333336
403,0.02444444444444444,0.04755555555555554,0.12577777777777774,0.019999999999999997,0.14977777777777776,0.0902222222222222,0.08577777777777776,0.03599999999999999,0.019999999999999997,0.02444444444444444,0.022666666666666665,0.06799999999999999,0.053777777777777765,0.02355555555555555,0.04488888888888888,0.03777777777777777,0.034222222222222216,0.02355555555555555,0.025333333333333326,0.04222222222222222
404,0.05163817663817664,0.018162393162393164,0.06374643874643875,0.02386039886039886,0.11716524216524217,0.03881766381766382,0.03739316239316239,0.053774928774928774,0.02386039886039886,0.030982905982905984,0.0495014245014245,0.08012820512820513,0.06018518518518518,0.03027065527065527,0.09366096866096867,0.025997150997150997,0.053774928774928774,0.025284900284900286,0.035256410256410256,0.08653846153846154
405,0.09027777777777778,0.036265432098765434,0.06404320987654322,0.04243827160493827,0.05478395061728395,0.03780864197530864,0.0763888888888889,0.03780864197530864,0.034722222222222224,0.04861111111111111,0.03780864197530864,0.04552469135802469,0.05324074074074074,0.04398148148148148,0.05324074074074074,0.04243827160493827,0.06095679012345679,0.04861111111111111,0.0470679012345679,0.04398148148148148
406,0.033533533533533534,0.05455455455455455,0.059559559559559556,0.026526526526526525,0.08858858858858859,0.033533533533533534,0.045545545545545546,0.046546546546546545,0.04054054054054054,0.08058058058058058,0.024524524524524523,0.04954954954954955,0.05655655655655656,0.033533533533533534,0.07357357357357357,0.04454454454454455,0.053553553553553554,0.03853853853853854,0.046546546546546545,0.06956956956956957
407,0.04890788224121558,0.026115859449192785,0.05080721747388415,0.02326685660018994,0.08499525166191835,0.04036087369420704,0.049857549857549865,0.036562203228869904,0.041310541310541314,0.08309591642924978,0.04890788224121558,0.041310541310541314,0.057454890788224126,0.0422602089268756,0.09924026590693259,0.06125356125356126,0.028964862298195636,0.03751187084520419,0.04890788224121558,0.04890788224121558
408,0.04307116104868915,0.06054931335830213,0.049313358302122356,0.02808988764044944,0.10049937578027467,0.040574282147315864,0.11173533083645444,0.05181023720349564,0.034332084893882654,0.040574282147315864,0.03308364544319601,0.04307116104868915,0.07927590511860176,0.03807740324594258,0.034332084893882654,0.03682896379525594,0.044319600499375784,0.040574282147315864,0.03932584269662922,0.050561797752808994
409,0.027329749103942653,0.03808243727598566,0.05421146953405018,0.05779569892473118,0.12768817204301075,0.05510752688172043,0.10887096774193548,0.06586021505376344,0.03270609318996416,0.04435483870967742,0.021953405017921146,0.038978494623655914,0.04077060931899642,0.06317204301075269,0.05869175627240143,0.04077060931899642,0.020161290322580645,0.039874551971326166,0.027329749103942653,0.036290322580645164
410,0.05202020202020202,0.04696969696969697,0.03686868686868687,0.024747474747474747,0.07525252525252525,0.07828282828282829,0.04898989898989899,0.04090909090909091,0.03282828282828283,0.0601010101010101,0.03383838383838384,0.04393939393939394,0.06515151515151515,0.022727272727272728,0.06313131313131314,0.03282828282828283,0.06616161616161616,0.04494949494949495,0.04494949494949495,0.08535353535353535
411,0.043209876543209874,0.08436213991769548,0.05281207133058985,0.04458161865569273,0.0747599451303155,0.08573388203017833,0.03772290809327846,0.0720164609053498,0.03497942386831276,0.030864197530864196,0.030864197530864196,0.03497942386831276,0.04458161865569273,0.03223593964334705,0.062414266117969824,0.045953360768175584,0.03223593964334705,0.05829903978052126,0.04869684499314129,0.04869684499314129
412,0.040322580645161296,0.06362007168458783,0.040322580645161296,0.0421146953405018,0.10304659498207887,0.05824372759856632,0.05645161290322581,0.05286738351254481,0.0439068100358423,0.040322580645161296,0.0439068100358423,0.0421146953405018,0.054659498207885314,0.040322580645161296,0.0421146953405018,0.0439068100358423,0.040322580645161296,0.06182795698924732,0.040322580645161296,0.049283154121863806
413,0.07302585604472397,0.10167714884696016,0.05695317959468903,0.02480782669461915,0.13591893780573025,0.0220125786163522,0.10517120894479386,0.04786862334032145,0.01642208245981831,0.03389238294898672,0.025506638714185886,0.038085255066387144,0.0716282320055905,0.019916142557651992,0.043675751222921035,0.03459119496855346,0.06464011180992313,0.019217330538085255,0.026904262753319357,0.038085255066387144
414,0.046527777777777786,0.06597222222222224,0.06875000000000002,0.046527777777777786,0.06736111111111112,0.05486111111111112,0.060416666666666674,0.05208333333333334,0.04097222222222223,0.043750000000000004,0.05208333333333334,0.03958333333333334,0.045138888888888895,0.03125000000000001,0.05486111111111112,0.038194444444444454,0.05347222222222223,0.038194444444444454,0.03958333333333334,0.060416666666666674
415,0.0334467120181406,0.08106575963718822,0.058390022675736966,0.02777777777777778,0.07086167800453516,0.025510204081632657,0.03571428571428572,0.08219954648526079,0.03684807256235828,0.044784580498866224,0.04138321995464853,0.03684807256235828,0.07993197278911567,0.025510204081632657,0.07199546485260773,0.07086167800453516,0.05385487528344672,0.03798185941043085,0.05045351473922903,0.03458049886621316
416,0.028659611992945328,0.037477954144620816,0.04188712522045856,0.02689594356261023,0.09038800705467373,0.04188712522045856,0.0806878306878307,0.05776014109347443,0.03130511463844798,0.06305114638447973,0.07010582010582012,0.037477954144620816,0.04276895943562611,0.03483245149911817,0.04188712522045856,0.061287477954144624,0.03659611992945327,0.04012345679012346,0.06481481481481483,0.07010582010582012
417,0.07766439909297053,0.02777777777777778,0.09126984126984128,0.03798185941043085,0.09693877551020409,0.04818594104308391,0.03684807256235828,0.05385487528344672,0.030045351473922906,0.043650793650793655,0.05498866213151928,0.04024943310657597,0.025510204081632657,0.056122448979591844,0.057256235827664405,0.06632653061224492,0.03571428571428572,0.03911564625850341,0.03571428571428572,0.044784580498866224
418,0.10185185185185182,0.04276895943562609,0.05246913580246912,0.035714285714285705,0.10361552028218692,0.0374779541446208,0.10626102292768956,0.04453262786596119,0.022486772486772482,0.03483245149911816,0.04453262786596119,0.06922398589065254,0.05335097001763667,0.041005291005290996,0.04805996472663138,0.02777777777777777,0.041887125220458545,0.03483245149911816,0.03218694885361551,0.025132275132275124
419,0.04868270332187858,0.05441008018327606,0.04524627720504009,0.03493699885452463,0.06013745704467354,0.08762886597938144,0.026918671248568157,0.026918671248568157,0.04524627720504009,0.03379152348224513,0.07502863688430698,0.04066437571592211,0.06930126002290951,0.06013745704467354,0.06586483390607102,0.03837342497136312,0.06128293241695303,0.03150057273768614,0.05555555555555555,0.03837342497136312
420,0.03834115805946792,0.036776212832550864,0.041471048513302036,0.036776212832550864,0.08528951486697965,0.04929577464788732,0.09154929577464789,0.03834115805946792,0.05242566510172144,0.03834115805946792,0.04773082942097027,0.05086071987480438,0.061815336463223784,0.04929577464788732,0.036776212832550864,0.061815336463223784,0.03990610328638498,0.035211267605633804,0.06025039123630673,0.04773082942097027
421,0.0450191570881226,0.05842911877394635,0.04885057471264367,0.04885057471264367,0.06226053639846742,0.0450191570881226,0.05651340996168581,0.06800766283524903,0.0507662835249042,0.043103448275862065,0.043103448275862065,0.0660919540229885,0.043103448275862065,0.043103448275862065,0.043103448275862065,0.0450191570881226,0.043103448275862065,0.043103448275862065,0.043103448275862065,0.060344827586206885
422,0.05630630630630629,0.036786786786786776,0.0653153153153153,0.03528528528528528,0.04579579579579579,0.08483483483483482,0.042792792792792786,0.051801801801801786,0.03528528528528528,0.0638138138138138,0.0638138138138138,0.042792792792792786,0.04429429429429429,0.03828828828828828,0.041291291291291284,0.0653153153153153,0.036786786786786776,0.051801801801801786,0.0593093093093093,0.03828828828828828
423,0.040697674418604654,0.03940568475452196,0.05490956072351421,0.044573643410852716,0.10917312661498708,0.04198966408268734,0.043281653746770024,0.044573643410852716,0.030361757105943153,0.0458656330749354,0.03294573643410853,0.06524547803617571,0.09108527131782945,0.0355297157622739,0.034237726098191215,0.040697674418604654,0.029069767441860465,0.07041343669250646,0.05232558139534884,0.053617571059431525
424,0.04320987654320988,0.03968253968253969,0.08024691358024692,0.03968253968253969,0.041446208112874784,0.03968253968253969,0.04497354497354498,0.04320987654320988,0.05379188712522047,0.046737213403880075,0.03968253968253969,0.05731922398589066,0.050264550264550276,0.03968253968253969,0.055555555555555566,0.055555555555555566,0.055555555555555566,0.055555555555555566,0.07848324514991183,0.03968253968253969
425,0.04256854256854257,0.032467532467532464,0.07287157287157287,0.046897546897546896,0.07431457431457432,0.032467532467532464,0.05844155844155844,0.06854256854256854,0.06277056277056277,0.04401154401154401,0.03823953823953824,0.04112554112554113,0.07287157287157287,0.03535353535353535,0.056998556998557,0.03968253968253968,0.04401154401154401,0.045454545454545456,0.04112554112554113,0.049783549783549784
426,0.03797145769622834,0.047145769622833844,0.04001019367991845,0.018093781855249746,0.16233435270132518,0.052752293577981654,0.08486238532110092,0.020642201834862386,0.0226809378185525,0.046126401630988786,0.025739041794087664,0.09199796126401631,0.0609072375127421,0.03797145769622834,0.05784913353720693,0.031855249745158,0.0226809378185525,0.02522935779816514,0.04255861365953109,0.07059123343527013
427,0.04861111111111111,0.034722222222222224,0.05324074074074074,0.020833333333333332,0.08564814814814815,0.034722222222222224,0.08472222222222223,0.04583333333333333,0.03287037037037037,0.04861111111111111,0.06527777777777778,0.03564814814814815,0.09768518518518518,0.04953703703703704,0.052314814814814814,0.04027777777777778,0.052314814814814814,0.03287037037037037,0.02546296296296296,0.0587962962962963
428,0.04652213188798555,0.04742547425474255,0.06278229448961156,0.03839205058717254,0.08988256549232158,0.044715447154471545,0.1034327009936766,0.056458897922312554,0.023035230352303523,0.05555555555555555,0.03026196928635953,0.04742547425474255,0.07633242999096658,0.026648599819331528,0.06368563685636856,0.02122854561878952,0.022131887985546522,0.057362240289069555,0.028455284552845527,0.058265582655826556
429,0.05300127713920816,0.03767560664112388,0.061941251596423996,0.03767560664112388,0.06960408684546614,0.036398467432950186,0.061941251596423996,0.05172413793103447,0.03767560664112388,0.09259259259259257,0.05172413793103447,0.03001277139208173,0.03256704980842911,0.06832694763729245,0.04150702426564495,0.06832694763729245,0.05172413793103447,0.02873563218390804,0.035121328224776496,0.05172413793103447
430,0.07882489819662596,0.016579406631762657,0.06253635834787669,0.020069808027923214,0.14165212332751603,0.03403141361256545,0.14165212332751603,0.025305410122164054,0.014252472367655615,0.02763234438627109,0.024723676556137292,0.03810354857475277,0.09220477021524143,0.03694008144269925,0.03926701570680629,0.052065154159395007,0.025305410122164054,0.04915648632926121,0.043920884235020365,0.03577661431064573
431,0.08164983164983167,0.03787878787878789,0.04461279461279462,0.05134680134680136,0.07996632996632998,0.05471380471380473,0.053030303030303046,0.06144781144781146,0.04124579124579125,0.03787878787878789,0.03956228956228957,0.03956228956228957,0.03787878787878789,0.03787878787878789,0.03787878787878789,0.053030303030303046,0.03787878787878789,0.04461279461279462,0.058080808080808094,0.06986531986531988
432,0.024066576698155647,0.029014844804318488,0.058704453441295545,0.023616734143049933,0.1437246963562753,0.06500224921277553,0.053756185335132704,0.08074673864147548,0.0155195681511471,0.01731893837156995,0.019118308591992803,0.05645524066576698,0.07354925775978408,0.04161043634727845,0.038461538461538464,0.049257759784075573,0.04565901934322987,0.027215474583895637,0.04565901934322987,0.0915429599640126
433,0.06029810298102983,0.06707317073170735,0.038617886178861804,0.031842818428184295,0.15108401084010845,0.053523035230352324,0.0372628726287263,0.0345528455284553,0.045392953929539306,0.045392953929539306,0.045392953929539306,0.04945799457994581,0.031842818428184295,0.05623306233062333,0.044037940379403805,0.038617886178861804,0.038617886178861804,0.038617886178861804,0.06029810298102983,0.031842818428184295
434,0.041327913279132794,0.07791327913279132,0.07384823848238482,0.03184281842818428,0.05758807588075881,0.05894308943089431,0.06029810298102981,0.0508130081300813,0.054878048780487805,0.06029810298102981,0.046747967479674794,0.061653116531165314,0.03726287262872629,0.05758807588075881,0.03590785907859079,0.03997289972899729,0.041327913279132794,0.03048780487804878,0.034552845528455285,0.046747967479674794
435,0.04529914529914529,0.03846153846153846,0.048717948717948704,0.03846153846153846,0.07948717948717947,0.053846153846153835,0.052136752136752125,0.03846153846153846,0.05726495726495725,0.04188034188034187,0.03846153846153846,0.03846153846153846,0.04188034188034187,0.07094017094017092,0.05726495726495725,0.0658119658119658,0.05555555555555554,0.047008547008546994,0.052136752136752125,0.03846153846153846
436,0.05033907146583204,0.05086071987480439,0.0795513823682838,0.03364632237871675,0.12076160667709965,0.07798643714136673,0.09050599895670319,0.05346896191966615,0.0242566510172144,0.04407929055816381,0.03729786124152322,0.03521126760563381,0.031038080333854984,0.037819509650495575,0.03677621283255087,0.04042775169535734,0.03416797078768911,0.029473135106937928,0.056077203964527915,0.036254564423578516
437,0.027551942186088526,0.02032520325203252,0.08897922312556458,0.07362240289069558,0.10975609756097561,0.06278229448961156,0.052845528455284556,0.043812104787714544,0.023035230352303523,0.043812104787714544,0.04290876242095754,0.03477868112014453,0.0980126467931346,0.05555555555555555,0.05013550135501355,0.03929539295392954,0.03477868112014453,0.023938572719060525,0.04290876242095754,0.03116531165311653
438,0.05150040551500405,0.040145985401459854,0.06204379562043796,0.019870235198702353,0.17234387672343876,0.025547445255474453,0.02473641524736415,0.04339010543390105,0.02879156528791565,0.03203568532035685,0.03203568532035685,0.023925385239253853,0.11394971613949716,0.030413625304136254,0.05393349553933496,0.049878345498783457,0.027980535279805353,0.036090835360908353,0.033657745336577456,0.09772911597729116
439,0.03071895424836601,0.042483660130718956,0.0542483660130719,0.029411764705882353,0.056862745098039215,0.03594771241830065,0.052941176470588235,0.05163398692810457,0.0542483660130719,0.05947712418300653,0.09084967320261438,0.052941176470588235,0.04771241830065359,0.034640522875816995,0.04379084967320261,0.042483660130718956,0.05555555555555555,0.03986928104575163,0.03594771241830065,0.08823529411764706
440,0.04458161865569273,0.030864197530864196,0.033607681755829906,0.045953360768175584,0.09945130315500686,0.043209876543209874,0.11454046639231824,0.050068587105624146,0.030864197530864196,0.03497942386831276,0.03223593964334705,0.0541838134430727,0.061042524005486966,0.030864197530864196,0.03223593964334705,0.03497942386831276,0.045953360768175584,0.05281207133058985,0.05829903978052126,0.06927297668038408
441,0.03841607565011821,0.0455082742316785,0.026595744680851068,0.033687943262411355,0.1471631205673759,0.04905437352245864,0.08333333333333334,0.03841607565011821,0.04196217494089835,0.03841607565011821,0.030141843971631208,0.028959810874704495,0.11997635933806149,0.046690307328605206,0.028959810874704495,0.03132387706855792,0.04787234042553192,0.04078014184397164,0.03841607565011821,0.04432624113475178
442,0.04135802469135803,0.043827160493827164,0.05493827160493827,0.030246913580246913,0.06481481481481481,0.03518518518518519,0.05123456790123457,0.06851851851851852,0.029012345679012345,0.03148148148148148,0.043827160493827164,0.06604938271604938,0.12901234567901235,0.04876543209876543,0.04135802469135803,0.029012345679012345,0.05246913580246913,0.03518518518518519,0.040123456790123455,0.06358024691358025
443,0.04310344827586208,0.03288633461047255,0.07183908045977012,0.01692209450830141,0.14527458492975737,0.014367816091954025,0.06609195402298852,0.028416347381864628,0.018837803320561945,0.06800766283524906,0.024584929757343554,0.04310344827586208,0.07375478927203066,0.018837803320561945,0.07758620689655174,0.0839719029374202,0.03288633461047255,0.03799489144316731,0.04565772669220946,0.05587484035759899
444,0.044030732860520096,0.05703309692671395,0.044621749408983453,0.013888888888888888,0.0989952718676123,0.02157210401891253,0.11849881796690308,0.04994089834515367,0.03516548463356974,0.054078014184397165,0.015661938534278958,0.030437352245862883,0.0907210401891253,0.04994089834515367,0.0783096926713948,0.0741725768321513,0.03930260047281324,0.03339243498817967,0.0192080378250591,0.03102836879432624
445,0.03571428571428571,0.04047619047619048,0.05793650793650794,0.0373015873015873,0.08174603174603175,0.04206349206349207,0.08174603174603175,0.0373015873015873,0.03571428571428571,0.0373015873015873,0.05476190476190476,0.051587301587301584,0.06904761904761905,0.04047619047619048,0.08174603174603175,0.05,0.05,0.03571428571428571,0.0373015873015873,0.04206349206349207
446,0.050387596899224806,0.05555555555555555,0.04177433247200689,0.03488372093023256,0.12618432385874245,0.03919035314384152,0.07450473729543497,0.05555555555555555,0.034022394487510765,0.027131782945736434,0.0409130060292851,0.06330749354005168,0.07536606373815675,0.027993109388458226,0.023686477174849268,0.050387596899224806,0.040051679586563305,0.034022394487510765,0.0512489233419466,0.053832902670111975
447,0.07338820301783265,0.030864197530864196,0.051440329218107,0.033607681755829906,0.08710562414266118,0.05281207133058985,0.0541838134430727,0.03772290809327846,0.03223593964334705,0.03909465020576132,0.03635116598079561,0.030864197530864196,0.0541838134430727,0.03497942386831276,0.05281207133058985,0.059670781893004114,0.043209876543209874,0.08847736625514403,0.05829903978052126,0.04869684499314129
448,0.0384160756501182,0.06796690307328605,0.030141843971631204,0.03368794326241135,0.1388888888888889,0.030141843971631204,0.06323877068557919,0.08333333333333333,0.03250591016548463,0.044326241134751775,0.04550827423167849,0.0384160756501182,0.04905437352245863,0.03250591016548463,0.057328605200945626,0.0384160756501182,0.05260047281323877,0.03486997635933806,0.03605200945626478,0.05260047281323877
449,0.046405228758169936,0.07516339869281045,0.05555555555555555,0.03594771241830065,0.09084967320261438,0.038562091503267976,0.045098039215686274,0.06601307189542484,0.029411764705882353,0.041176470588235294,0.03333333333333333,0.046405228758169936,0.06339869281045751,0.06862745098039216,0.0673202614379085,0.03594771241830065,0.049019607843137254,0.029411764705882353,0.03725490196078431,0.045098039215686274
450,0.04261363636363637,0.04577020202020203,0.06344696969696971,0.04198232323232324,0.04640151515151516,0.029356060606060615,0.07607323232323233,0.03251262626262627,0.022411616161616164,0.031881313131313135,0.057765151515151526,0.047032828282828294,0.08428030303030304,0.03125000000000001,0.053345959595959606,0.11647727272727275,0.02051767676767677,0.018623737373737376,0.03882575757575758,0.0994318181818182
451,0.09259259259259257,0.037918871252204576,0.03497942386831275,0.029100529100529092,0.09141681363903585,0.06966490299823631,0.09847148736037623,0.044973544973544964,0.02087007642563198,0.03086419753086419,0.04144620811287477,0.024985302763080534,0.0596707818930041,0.04320987654320987,0.05496766607877718,0.03556731334509112,0.04850088183421515,0.02322163433274544,0.04144620811287477,0.07613168724279834
452,0.0543117744610282,0.03358208955223881,0.047678275290215594,0.032752902155887234,0.08996683250414596,0.060116086235489224,0.047678275290215594,0.0849917081260365,0.038557213930348264,0.05928689883913765,0.023631840796019904,0.06177446102819238,0.02611940298507463,0.03772802653399669,0.038557213930348264,0.023631840796019904,0.05182421227197347,0.050995024875621894,0.049336650082918744,0.08747927031509123
453,0.03945249597423511,0.057165861513687605,0.0636070853462158,0.03623188405797102,0.11835748792270533,0.05072463768115943,0.053945249597423514,0.053945249597423514,0.03945249597423511,0.03623188405797102,0.03945249597423511,0.045893719806763295,0.07004830917874398,0.05072463768115943,0.042673107890499204,0.03623188405797102,0.03784219001610307,0.03945249597423511,0.03623188405797102,0.052334943639291476
454,0.07028112449799197,0.04618473895582329,0.050200803212851405,0.06091030789825971,0.08902275769745649,0.04216867469879518,0.07161981258366801,0.03279785809906292,0.07028112449799197,0.04216867469879518,0.03145917001338688,0.03413654618473896,0.03547523427041499,0.04350736278447122,0.04350736278447122,0.04216867469879518,0.03681392235609103,0.03681392235609103,0.03547523427041499,0.08500669344042838
455,0.07626262626262627,0.02878787878787879,0.07929292929292929,0.03787878787878788,0.0904040404040404,0.03686868686868687,0.06111111111111111,0.05606060606060606,0.03080808080808081,0.05505050505050505,0.047979797979797977,0.05404040404040404,0.06414141414141414,0.06818181818181818,0.027777777777777776,0.022727272727272728,0.03484848484848485,0.03383838383838384,0.05808080808080808,0.03585858585858586
456,0.031937734836285564,0.06629092860976919,0.050724637681159424,0.01637144390767579,0.11943102522812668,0.030327428878153515,0.05233494363929147,0.09688674181427805,0.0190552871712292,0.039989264626945784,0.021202361782071927,0.031937734836285564,0.05394524959742351,0.051798174986580785,0.07809983896940419,0.049651100375738055,0.030864197530864196,0.020665593129361247,0.0775630703166935,0.06092324208266237
457,0.03528528528528529,0.03978978978978979,0.07132132132132132,0.03528528528528529,0.03978978978978979,0.0503003003003003,0.05630630630630631,0.07432432432432433,0.033783783783783786,0.04129129129129129,0.06381381381381382,0.0457957957957958,0.07882882882882883,0.033783783783783786,0.0457957957957958,0.0518018018018018,0.05630630630630631,0.03678678678678678,0.05780780780780781,0.0518018018018018
458,0.02828902522154056,0.023517382413087935,0.09372869802317656,0.027607361963190184,0.07736877982276755,0.026244035446489435,0.09645535105657806,0.04533060668029993,0.044648943421949555,0.0514655760054533,0.05555555555555555,0.04805725971370143,0.07259713701431493,0.028970688479890934,0.03987730061349693,0.027607361963190184,0.0841854124062713,0.020790729379686436,0.05964553510565781,0.04805725971370143
459,0.034722222222222224,0.034722222222222224,0.06712962962962964,0.036265432098765434,0.08564814814814815,0.034722222222222224,0.06404320987654322,0.03935185185185185,0.034722222222222224,0.05941358024691358,0.034722222222222224,0.03780864197530864,0.05632716049382716,0.06712962962962964,0.03935185185185185,0.034722222222222224,0.04398148148148148,0.04243827160493827,0.03780864197530864,0.11496913580246913
460,0.05808080808080808,0.03686868686868687,0.04292929292929293,0.022727272727272728,0.11262626262626263,0.03686868686868687,0.03080808080808081,0.03282828282828283,0.04696969696969697,0.05707070707070707,0.04090909090909091,0.0398989898989899,0.11161616161616161,0.03686868686868687,0.04595959595959596,0.05101010101010101,0.04696969696969697,0.03787878787878788,0.04191919191919192,0.0691919191919192
461,0.05300127713920817,0.05555555555555555,0.028735632183908046,0.0351213282247765,0.10025542784163474,0.042784163473818644,0.08748403575989783,0.06704980842911877,0.07215836526181353,0.038952745849297574,0.04789272030651341,0.06194125159642401,0.038952745849297574,0.05427841634738186,0.05044699872286079,0.028735632183908046,0.037675606641123884,0.032567049808429116,0.032567049808429116,0.03384418901660281
462,0.04276578737010391,0.023581135091926452,0.06914468425259791,0.019584332533972817,0.1338928856914468,0.03557154276578736,0.08113509192645882,0.06914468425259791,0.04116706634692246,0.056354916067146266,0.03237410071942445,0.03317346123101518,0.050759392486011176,0.029976019184652272,0.03397282174260591,0.0515587529976019,0.028377298161470818,0.05555555555555554,0.06354916067146281,0.048361310951238995
463,0.06613756613756615,0.055555555555555566,0.041446208112874784,0.04320987654320988,0.03968253968253969,0.055555555555555566,0.06613756613756615,0.041446208112874784,0.03968253968253969,0.05908289241622576,0.05379188712522047,0.055555555555555566,0.07848324514991183,0.03968253968253969,0.03968253968253969,0.046737213403880075,0.05379188712522047,0.04497354497354498,0.03968253968253969,0.03968253968253969
464,0.03976034858387799,0.11383442265795204,0.05610021786492373,0.029956427015250538,0.1367102396514161,0.02777777777777777,0.10185185185185182,0.05392156862745097,0.05392156862745097,0.03540305010893245,0.04302832244008714,0.04847494553376905,0.03758169934640522,0.02668845315904139,0.047385620915032664,0.02668845315904139,0.044117647058823525,0.02450980392156862,0.02668845315904139,0.025599128540305004
465,0.07867263236390754,0.03243847874720358,0.03318419090231171,0.02348993288590604,0.15771812080536912,0.037658463832960475,0.06674123788217748,0.039149888143176735,0.027218493661446682,0.04287844891871737,0.04958985831469053,0.051826994780014915,0.06897837434750187,0.030201342281879196,0.07568978374347501,0.045115585384041756,0.039895600298284865,0.027218493661446682,0.03243847874720358,0.039895600298284865
466,0.06311274509803923,0.05167483660130719,0.06433823529411765,0.019812091503267976,0.18933823529411767,0.04432189542483661,0.05739379084967321,0.0414624183006536,0.022671568627450983,0.02675653594771242,0.06883169934640525,0.036151960784313736,0.049632352941176475,0.013684640522875819,0.042687908496732034,0.035334967320261444,0.038194444444444454,0.03410947712418301,0.04350490196078432,0.056985294117647065
467,0.060672514619883024,0.04751461988304092,0.048976608187134486,0.03874269005847952,0.07675438596491227,0.05336257309941519,0.03435672514619882,0.07675438596491227,0.04605263157894736,0.05628654970760232,0.043128654970760225,0.04020467836257309,0.06798245614035087,0.04605263157894736,0.05190058479532162,0.04459064327485379,0.04166666666666666,0.05190058479532162,0.032894736842105254,0.04020467836257309
468,0.03547523427041498,0.06894243641231591,0.04216867469879517,0.04082998661311914,0.11847389558232929,0.031459170013386877,0.11847389558232929,0.038152610441767064,0.04484605087014725,0.0394912985274431,0.07028112449799195,0.030120481927710836,0.06626506024096385,0.05020080321285139,0.03547523427041498,0.030120481927710836,0.03279785809906291,0.036813922356091024,0.0394912985274431,0.030120481927710836
469,0.0538971807628524,0.04228855721393035,0.05721393034825871,0.03731343283582089,0.06053067993366501,0.05887230514096186,0.03731343283582089,0.0439469320066335,0.05223880597014925,0.06550580431177445,0.0406301824212272,0.03897180762852405,0.06053067993366501,0.03731343283582089,0.08540630182421227,0.03731343283582089,0.03731343283582089,0.05721393034825871,0.05721393034825871,0.03897180762852405
470,0.04533844189016604,0.05555555555555556,0.06194125159642402,0.0363984674329502,0.15006385696040872,0.03512132822477651,0.04022988505747127,0.03512132822477651,0.0644955300127714,0.04789272030651342,0.03128991060025543,0.04406130268199234,0.04789272030651342,0.04022988505747127,0.04661558109833973,0.04789272030651342,0.03001277139208174,0.0363984674329502,0.0504469987228608,0.05300127713920818
471,0.0696400625978091,0.046165884194053215,0.03677621283255087,0.05868544600938968,0.06181533646322379,0.043035993740219096,0.07120500782472615,0.03521126760563381,0.05712050078247262,0.05712050078247262,0.05712050078247262,0.03677621283255087,0.06807511737089203,0.046165884194053215,0.03677621283255087,0.038341158059467924,0.043035993740219096,0.05086071987480439,0.03521126760563381,0.05086071987480439
472,0.041666666666666664,0.04351851851851852,0.04537037037037037,0.04351851851851852,0.10833333333333334,0.041666666666666664,0.041666666666666664,0.058333333333333334,0.04722222222222222,0.041666666666666664,0.041666666666666664,0.0787037037037037,0.058333333333333334,0.041666666666666664,0.04537037037037037,0.05092592592592592,0.041666666666666664,0.041666666666666664,0.04537037037037037,0.041666666666666664
473,0.02442528735632184,0.03975095785440613,0.06848659003831417,0.034003831417624523,0.14990421455938696,0.06082375478927203,0.034961685823754786,0.037835249042145594,0.0435823754789272,0.04454022988505747,0.05603448275862069,0.02825670498084291,0.05220306513409962,0.0435823754789272,0.05316091954022988,0.04837164750957854,0.04645593869731801,0.04454022988505747,0.036877394636015325,0.05220306513409962
474,0.05298651252408478,0.04399486191393707,0.04335260115606937,0.026011560693641623,0.15125240847784202,0.07032755298651254,0.08124598587026334,0.04335260115606937,0.026011560693641623,0.03307642903018626,0.03371868978805396,0.03307642903018626,0.04399486191393707,0.02729608220937701,0.0285806037251124,0.049775208734746314,0.09858702633269109,0.023442517662170845,0.05491329479768787,0.03500321130378935
475,0.03608247422680412,0.028064146620847653,0.08762886597938144,0.02577319587628866,0.11168384879725086,0.030355097365406643,0.06701030927835051,0.028064146620847653,0.03150057273768614,0.05899198167239404,0.026918671248568157,0.028064146620847653,0.070446735395189,0.03722794959908362,0.05555555555555555,0.04524627720504009,0.05555555555555555,0.04982817869415808,0.03951890034364261,0.08648339060710195
476,0.048032407407407406,0.05613425925925926,0.036458333333333336,0.04918981481481482,0.0920138888888889,0.029513888888888888,0.08159722222222222,0.05150462962962963,0.027199074074074073,0.03761574074074074,0.036458333333333336,0.031828703703703706,0.1244212962962963,0.03877314814814815,0.057291666666666664,0.03877314814814815,0.03530092592592592,0.03530092592592592,0.04456018518518518,0.048032407407407406
477,0.03663446054750402,0.051127214170692416,0.06078904991948469,0.04468599033816424,0.09541062801932364,0.029388083735909815,0.14613526570048307,0.035829307568437996,0.025362318840579705,0.0575684380032206,0.01972624798711755,0.035829307568437996,0.0897745571658615,0.028582930756843792,0.02777777777777777,0.05354267310789049,0.06964573268921094,0.03099838969404186,0.030193236714975837,0.03099838969404186
478,0.04658792650918636,0.044838145231846024,0.05446194225721786,0.020341207349081368,0.12489063867016624,0.029527559055118113,0.05008748906386702,0.05052493438320211,0.025590551181102365,0.06714785651793527,0.0352143482064742,0.039151356080489946,0.0846456692913386,0.029965004374453198,0.05314960629921261,0.039151356080489946,0.05664916885389327,0.041338582677165364,0.022965879265091867,0.08377077865266844
479,0.07257257257257257,0.025525525525525526,0.05055055055055055,0.028528528528528527,0.09259259259259259,0.04354354354354354,0.0965965965965966,0.04254254254254254,0.03753753753753754,0.045545545545545546,0.05155155155155155,0.04154154154154154,0.05655655655655656,0.06756756756756757,0.02952952952952953,0.04454454454454455,0.046546546546546545,0.025525525525525526,0.03653653653653654,0.06456456456456457
480,0.07294685990338164,0.07101449275362319,0.06618357487922705,0.028502415458937197,0.11642512077294687,0.030434782608695653,0.07681159420289856,0.026570048309178744,0.035265700483091786,0.030434782608695653,0.03719806763285024,0.02753623188405797,0.06038647342995169,0.022705314009661835,0.04782608695652174,0.030434782608695653,0.06618357487922705,0.05652173913043478,0.059420289855072465,0.03719806763285024
481,0.05555555555555556,0.03333333333333334,0.08169934640522877,0.03202614379084968,0.08823529411764708,0.0477124183006536,0.04640522875816994,0.03333333333333334,0.050326797385620924,0.1169934640522876,0.04379084967320262,0.03594771241830066,0.04901960784313726,0.062091503267973865,0.03202614379084968,0.03856209150326798,0.04248366013071896,0.03725490196078432,0.030718954248366015,0.04248366013071896
482,0.07424714434060228,0.06386292834890965,0.046209761163032194,0.04101765316718588,0.07424714434060228,0.027518172377985463,0.04205607476635514,0.03374870197300104,0.04205607476635514,0.046209761163032194,0.043094496365524405,0.0264797507788162,0.1261682242990654,0.05970924195223261,0.048286604361370715,0.0680166147455867,0.03997923156801662,0.03271028037383177,0.03686396677050883,0.027518172377985463
483,0.026429341963322545,0.036138079827400214,0.026429341963322545,0.02750809061488673,0.10194174757281553,0.06526429341963323,0.10409924487594391,0.05663430420711974,0.03182308522114347,0.0447680690399137,0.02535059331175836,0.06957928802588997,0.05339805825242718,0.024271844660194174,0.0674217907227616,0.03398058252427184,0.04800431499460626,0.05447680690399137,0.026429341963322545,0.07605177993527508
484,0.0611577964519141,0.03594771241830065,0.07236227824463119,0.03968253968253968,0.08823529411764706,0.03034547152194211,0.07049486461251167,0.045284780578898225,0.03221288515406162,0.04341736694677871,0.046218487394957986,0.08263305322128851,0.05088702147525677,0.049019607843137254,0.041549953314659195,0.03314659197012138,0.03127917833800187,0.03594771241830065,0.05929038281979458,0.05088702147525677
485,0.07351290684624016,0.04096520763187429,0.0499438832772166,0.025252525252525245,0.07912457912457911,0.035353535353535345,0.05780022446689112,0.05780022446689112,0.04882154882154881,0.05667789001122333,0.027497194163860823,0.0802469135802469,0.05218855218855217,0.054433221099887755,0.0499438832772166,0.03872053872053871,0.04320987654320987,0.03872053872053871,0.053310886644219964,0.036475869809203136
486,0.048798798798798795,0.02027027027027027,0.06431431431431431,0.01976976976976977,0.10585585585585586,0.01876876876876877,0.12937937937937938,0.08633633633633633,0.02127127127127127,0.0518018018018018,0.029779779779779778,0.03178178178178178,0.03778778778778779,0.04479479479479479,0.04129129129129129,0.08933933933933934,0.027777777777777776,0.016266266266266267,0.053803803803803806,0.060810810810810814
487,0.02027382833070037,0.021853607161664037,0.09715639810426542,0.03027909426013692,0.08188520273828333,0.06450763559768301,0.07240652975250134,0.08978409689310164,0.048183254344391795,0.05344918378093734,0.023959978936282256,0.03817798841495525,0.060294892048446555,0.04291732490784624,0.03554502369668247,0.029752501316482362,0.04555028962611902,0.01606108478146393,0.026592943654555033,0.10136914165350186
488,0.04188034188034188,0.04871794871794872,0.04358974358974359,0.038461538461538464,0.07777777777777778,0.04700854700854701,0.04188034188034188,0.038461538461538464,0.06581196581196581,0.06068376068376068,0.05213675213675214,0.04358974358974359,0.038461538461538464,0.05384615384615385,0.05555555555555555,0.04700854700854701,0.04188034188034188,0.038461538461538464,0.05384615384615385,0.07094017094017094
489,0.03653653653653654,0.03453453453453453,0.0995995995995996,0.032532532532532535,0.1066066066066066,0.032532532532532535,0.09259259259259259,0.027527527527527528,0.03453453453453453,0.08358358358358359,0.027527527527527528,0.05755755755755756,0.045545545545545546,0.023523523523523524,0.03553553553553553,0.03753753753753754,0.03753753753753754,0.04454454454454455,0.05755755755755756,0.052552552552552555
490,0.05630630630630631,0.05780780780780781,0.04129129129129129,0.04279279279279279,0.06831831831831832,0.038288288288288286,0.08633633633633633,0.0457957957957958,0.06231231231231231,0.0457957957957958,0.0472972972972973,0.033783783783783786,0.03678678678678678,0.03978978978978979,0.0533033033033033,0.048798798798798795,0.03528528528528529,0.03678678678678678,0.0503003003003003,0.07282282282282282
491,0.027969348659003832,0.0371647509578544,0.05555555555555555,0.023371647509578545,0.08773946360153256,0.04252873563218391,0.10613026819923371,0.04099616858237548,0.01954022988505747,0.03869731800766284,0.03793103448275862,0.06704980842911877,0.0524904214559387,0.054022988505747126,0.05172413793103448,0.050191570881226055,0.043295019157088124,0.03639846743295019,0.04636015325670498,0.08084291187739463
492,0.0361875637104995,0.09225280326197759,0.07390417940876658,0.028032619775739044,0.11773700305810399,0.04026503567787972,0.09938837920489298,0.04332313965341489,0.04841997961264017,0.04332313965341489,0.04841997961264017,0.025993883792048932,0.037206931702344556,0.025993883792048932,0.03822629969418961,0.04128440366972478,0.03414882772680938,0.039245667686034665,0.02701325178389399,0.05963302752293579
493,0.06259259259259257,0.03444444444444444,0.055925925925925914,0.024074074074074067,0.13518518518518516,0.06777777777777777,0.04037037037037036,0.03518518518518518,0.017407407407407403,0.032222222222222215,0.024814814814814807,0.039629629629629626,0.09444444444444441,0.04333333333333333,0.044074074074074064,0.06703703703703702,0.047777777777777766,0.032222222222222215,0.022592592592592588,0.07888888888888887
494,0.07020757020757021,0.057997557997558,0.0641025641025641,0.036019536019536016,0.12393162393162394,0.045787545787545784,0.05555555555555555,0.036019536019536016,0.029914529914529916,0.03235653235653236,0.028693528693528692,0.061660561660561664,0.051892551892551896,0.051892551892551896,0.031135531135531136,0.04212454212454213,0.059218559218559216,0.04212454212454213,0.04945054945054945,0.029914529914529916
495,0.04708994708994709,0.03015873015873016,0.049206349206349205,0.028042328042328042,0.08835978835978836,0.07883597883597884,0.09365079365079365,0.04708994708994709,0.03650793650793651,0.03015873015873016,0.04814814814814815,0.03756613756613757,0.09894179894179894,0.04814814814814815,0.040740740740740744,0.06190476190476191,0.025925925925925925,0.0291005291005291,0.04708994708994709,0.03333333333333333
496,0.11885245901639341,0.026867030965391614,0.03233151183970855,0.026867030965391614,0.08424408014571948,0.03688524590163934,0.0733151183970856,0.049635701275045525,0.023224043715846993,0.04143897996357012,0.05783242258652093,0.03870673952641165,0.03870673952641165,0.05601092896174862,0.05783242258652093,0.0733151183970856,0.049635701275045525,0.03415300546448087,0.023224043715846993,0.056921675774134775
497,0.01557907113462669,0.03262786596119929,0.07495590828924162,0.01440329218106996,0.09200470311581423,0.0291005291005291,0.11140505584950029,0.05673133450911229,0.01440329218106996,0.053203997648442095,0.03909465020576132,0.04614932392710171,0.07554379776602,0.024397413286302176,0.0837742504409171,0.06261022927689594,0.02792475014697237,0.025573192239858905,0.040858318636096416,0.07965902410346855
498,0.031660692951015534,0.03046594982078853,0.044802867383512544,0.026881720430107527,0.12962962962962962,0.05436081242532855,0.03763440860215054,0.05316606929510155,0.028076463560334528,0.06869772998805257,0.05555555555555555,0.03763440860215054,0.06033452807646356,0.028076463560334528,0.047192353643966546,0.04360812425328554,0.05675029868578255,0.03524492234169654,0.05913978494623656,0.07108721624850657
499,0.031084656084656083,0.046957671957671955,0.05092592592592592,0.03902116402116402,0.08002645502645503,0.02976190476190476,0.12103174603174603,0.046957671957671955,0.036375661375661374,0.04563492063492063,0.037698412698412696,0.08134920634920635,0.057539682539682536,0.04563492063492063,0.02976190476190476,0.0496031746031746,0.03902116402116402,0.052248677248677246,0.041666666666666664,0.037698412698412696
500,0.034600389863547756,0.05701754385964912,0.07651072124756335,0.027777777777777776,0.1232943469785575,0.053118908382066274,0.06286549707602339,0.06871345029239766,0.028752436647173488,0.040448343079922025,0.03070175438596491,0.041423001949317736,0.0384990253411306,0.03654970760233918,0.060916179337231965,0.04239766081871345,0.028752436647173488,0.024853801169590642,0.06968810916179337,0.053118908382066274
501,0.030723905723905723,0.03998316498316498,0.0382996632996633,0.04503367003367004,0.09217171717171717,0.055134680134680134,0.06186868686868687,0.06102693602693603,0.05092592592592592,0.023148148148148147,0.02988215488215488,0.06018518518518518,0.07196969696969698,0.04671717171717172,0.07786195286195287,0.03577441077441077,0.06186868686868687,0.022306397306397305,0.059343434343434344,0.03577441077441077
502,0.0472972972972973,0.033783783783783786,0.07432432432432433,0.04129129129129129,0.07732732732732733,0.03678678678678678,0.05930930930930931,0.03678678678678678,0.04129129129129129,0.03528528528528529,0.033783783783783786,0.09234234234234234,0.05630630630630631,0.0457957957957958,0.03678678678678678,0.04129129129129129,0.038288288288288286,0.0472972972972973,0.06681681681681682,0.05780780780780781
503,0.023611111111111114,0.05046296296296297,0.04398148148148149,0.03101851851851852,0.08379629629629631,0.03101851851851852,0.1189814814814815,0.03935185185185186,0.03194444444444445,0.08750000000000001,0.03657407407407408,0.032870370370370376,0.07916666666666668,0.04583333333333334,0.046759259259259264,0.02268518518518519,0.05324074074074075,0.0337962962962963,0.05046296296296297,0.05694444444444445
504,0.030864197530864203,0.05144032921810701,0.07064471879286696,0.039094650205761326,0.10356652949245544,0.039094650205761326,0.05006858710562416,0.034979423868312765,0.04320987654320988,0.04732510288065845,0.036351165980795616,0.06104252400548698,0.07750342935528122,0.04732510288065845,0.04183813443072703,0.04732510288065845,0.034979423868312765,0.034979423868312765,0.06515775034293554,0.04320987654320988
505,0.030537159676232523,0.045989698307579104,0.06291390728476821,0.020235467255334805,0.1423841059602649,0.07836644591611479,0.09896983075791023,0.0739514348785872,0.02832965415746873,0.025386313465783666,0.03715967623252391,0.023914643119941133,0.03642384105960265,0.029065489330389993,0.04010301692420898,0.0481972038263429,0.06144223693892568,0.03495217071376012,0.03348050036791759,0.0481972038263429
506,0.038773148148148154,0.027199074074074077,0.04687500000000001,0.05034722222222223,0.060763888888888895,0.034143518518518524,0.04340277777777778,0.09664351851851853,0.04803240740740741,0.08043981481481483,0.04456018518518519,0.05034722222222223,0.08969907407407408,0.0306712962962963,0.04224537037037038,0.034143518518518524,0.05729166666666667,0.02951388888888889,0.056134259259259266,0.038773148148148154
507,0.056451612903225805,0.042114695340501794,0.0528673835125448,0.04032258064516129,0.047491039426523295,0.04032258064516129,0.051075268817204304,0.056451612903225805,0.0492831541218638,0.06541218637992832,0.04032258064516129,0.05465949820788531,0.05465949820788531,0.0456989247311828,0.042114695340501794,0.047491039426523295,0.05824372759856631,0.06720430107526881,0.04032258064516129,0.047491039426523295
508,0.0915915915915916,0.03853853853853854,0.04454454454454455,0.027527527527527528,0.1986986986986987,0.026526526526526525,0.03653653653653654,0.02252252252252252,0.028528528528528527,0.03553553553553553,0.03153153153153153,0.05055055055055055,0.11561561561561562,0.03453453453453453,0.04054054054054054,0.03453453453453453,0.032532532532532535,0.04154154154154154,0.04154154154154154,0.026526526526526525
509,0.05107526881720432,0.04749103942652331,0.06003584229390682,0.040322580645161296,0.11200716845878139,0.045698924731182804,0.0439068100358423,0.04928315412186381,0.052867383512544816,0.040322580645161296,0.06362007168458783,0.04749103942652331,0.040322580645161296,0.040322580645161296,0.05645161290322582,0.040322580645161296,0.040322580645161296,0.04749103942652331,0.040322580645161296,0.040322580645161296
510,0.03591731266149871,0.029198966408268735,0.10775193798449613,0.019896640826873386,0.1573643410852713,0.0731266149870801,0.05193798449612403,0.03850129198966408,0.03591731266149871,0.07209302325581396,0.026098191214470285,0.03540051679586563,0.05297157622739018,0.04108527131782946,0.026614987080103358,0.03643410852713178,0.040051679586563305,0.025064599483204133,0.03643410852713178,0.05813953488372093
511,0.04050179211469534,0.04767025089605735,0.06272401433691756,0.034050179211469536,0.15663082437275985,0.04910394265232975,0.03906810035842294,0.05053763440860215,0.027598566308243727,0.04695340501792115,0.04982078853046595,0.07562724014336918,0.03333333333333333,0.036917562724014336,0.05698924731182796,0.04408602150537634,0.043369175627240145,0.01971326164874552,0.03118279569892473,0.05412186379928315
512,0.03731343283582089,0.05223880597014925,0.06053067993366501,0.03731343283582089,0.03731343283582089,0.06218905472636816,0.06218905472636816,0.0538971807628524,0.03897180762852405,0.03731343283582089,0.03731343283582089,0.08208955223880597,0.0538971807628524,0.07545605306799337,0.05721393034825871,0.0406301824212272,0.03897180762852405,0.03731343283582089,0.06053067993366501,0.03731343283582089
513,0.057367149758454104,0.05253623188405797,0.0392512077294686,0.041666666666666664,0.09359903381642512,0.035628019323671496,0.1286231884057971,0.07065217391304347,0.028381642512077296,0.02717391304347826,0.04528985507246377,0.029589371980676328,0.0392512077294686,0.0320048309178744,0.06582125603864734,0.042874396135265704,0.058574879227053143,0.044082125603864736,0.030797101449275364,0.03683574879227053
514,0.04598418643362463,0.06512692467748647,0.02933832709113608,0.01768622555139409,0.14835622138992927,0.06803995006242197,0.041406575114440285,0.03974198918019143,0.016021639617145235,0.07053682896379526,0.018102372034956304,0.03932584269662921,0.08218893050353725,0.032251352476071575,0.0626300457761132,0.03433208489388265,0.03932584269662921,0.018518518518518517,0.04889721181856013,0.08218893050353725
515,0.04185692541856925,0.04033485540334855,0.04490106544901065,0.03576864535768645,0.07838660578386605,0.04794520547945205,0.05251141552511415,0.04490106544901065,0.03424657534246575,0.04490106544901065,0.05403348554033485,0.04794520547945205,0.08295281582952815,0.05251141552511415,0.03729071537290715,0.07686453576864535,0.03424657534246575,0.06012176560121765,0.03424657534246575,0.05403348554033485
516,0.046957671957671955,0.04034391534391534,0.05092592592592592,0.04563492063492063,0.08002645502645503,0.083994708994709,0.06547619047619048,0.04431216931216931,0.032407407407407406,0.05489417989417989,0.05886243386243386,0.02976190476190476,0.05357142857142857,0.02976190476190476,0.04828042328042328,0.04431216931216931,0.02976190476190476,0.03373015873015873,0.06944444444444445,0.057539682539682536
517,0.0445326278659612,0.03218694885361552,0.03835978835978836,0.028659611992945325,0.068342151675485,0.07539682539682539,0.07892416225749559,0.05599647266313933,0.033950617283950615,0.05952380952380952,0.02072310405643739,0.03218694885361552,0.0445326278659612,0.04894179894179894,0.06040564373897707,0.05952380952380952,0.06393298059964726,0.033950617283950615,0.03571428571428571,0.08421516754850088
518,0.04751461988304094,0.03874269005847954,0.044590643274853806,0.0358187134502924,0.04751461988304094,0.034356725146198835,0.060672514619883045,0.08698830409356727,0.03289473684210527,0.03289473684210527,0.05190058479532164,0.05336257309941521,0.04312865497076024,0.054824561403508776,0.0986842105263158,0.03728070175438597,0.05336257309941521,0.060672514619883045,0.05190058479532164,0.03289473684210527
519,0.018042157913540552,0.016970346552340122,0.08413719185423366,0.01625580564487317,0.14237227581279027,0.060200071454090745,0.06806002143622722,0.0459092533047517,0.03018935334047874,0.05662736691675598,0.07842086459449804,0.052697391925687745,0.07270453733476241,0.03804930332261522,0.046266523758485174,0.047338335119685604,0.020543051089674885,0.009824937477670596,0.03733476241514827,0.058056448731689886
520,0.04320987654320988,0.06335282651072126,0.031513970110461344,0.01786874593892138,0.12768031189083823,0.04061078622482132,0.08414554905782977,0.047108512020792734,0.04320987654320988,0.05230669265756986,0.027615334632878498,0.039961013645224176,0.03801169590643275,0.039311241065627035,0.07764782326185836,0.07439896036387265,0.02826510721247564,0.03541260558804419,0.0419103313840156,0.046458739441195586
521,0.05773420479302833,0.038126361655773426,0.02723311546840959,0.030137981118373278,0.16957153231663039,0.022149600580973133,0.09186637618010168,0.04684095860566449,0.025780682643427744,0.04175744371822804,0.050472040668119104,0.022149600580973133,0.07879448075526509,0.04901960784313726,0.03522149600580974,0.043936092955700806,0.04901960784313726,0.034495279593318814,0.025780682643427744,0.059912854030501096
522,0.020622895622895623,0.04755892255892256,0.04335016835016835,0.045875420875420875,0.13762626262626262,0.022306397306397305,0.07954545454545454,0.03998316498316498,0.022306397306397305,0.054292929292929296,0.032407407407407406,0.06439393939393939,0.06355218855218855,0.04671717171717172,0.03745791245791246,0.04335016835016835,0.040824915824915826,0.0382996632996633,0.06860269360269361,0.05092592592592592
523,0.07014590347923681,0.04657687991021325,0.03535353535353535,0.0409652076318743,0.08810325476992144,0.02974186307519641,0.10044893378226712,0.051066217732884396,0.02861952861952862,0.025252525252525252,0.02974186307519641,0.05555555555555555,0.04208754208754209,0.025252525252525252,0.057800224466891134,0.045454545454545456,0.03310886644219978,0.03198653198653199,0.07800224466891134,0.08473625140291807
524,0.053945249597423514,0.03623188405797102,0.042673107890499204,0.03623188405797102,0.07971014492753624,0.06521739130434784,0.06521739130434784,0.03784219001610307,0.07165861513687602,0.052334943639291476,0.05072463768115943,0.03784219001610307,0.05072463768115943,0.049114331723027385,0.053945249597423514,0.05072463768115943,0.03784219001610307,0.04106280193236716,0.03623188405797102,0.05072463768115943
525,0.0528169014084507,0.05829420970266041,0.029342723004694836,0.02543035993740219,0.1255868544600939,0.05985915492957746,0.07394366197183098,0.07237871674491393,0.04107981220657277,0.023082942097026604,0.027777777777777776,0.04107981220657277,0.030907668231611892,0.06533646322378717,0.03560250391236307,0.023865414710485134,0.04890453834115806,0.02621283255086072,0.04107981220657277,0.09741784037558686
526,0.018518518518518517,0.03664302600472813,0.02955082742316785,0.01773049645390071,0.10126083530338849,0.0256107171000788,0.1871552403467297,0.030338849487785657,0.02797478329393223,0.035066981875492516,0.03743104806934594,0.04373522458628842,0.10677698975571316,0.04846335697399527,0.06028368794326241,0.07998423955870765,0.033490937746256895,0.018518518518518517,0.023246650906225373,0.03821907013396375
527,0.027629233511586453,0.043077837195484255,0.06565656565656566,0.028223410576351752,0.11200237670825906,0.045454545454545456,0.07575757575757576,0.02287581699346405,0.04426619132501485,0.054961378490790254,0.06625074272133095,0.03535353535353535,0.051396316102198455,0.039512774806892456,0.049019607843137254,0.025846702317290554,0.033571004159239456,0.09120617944147356,0.017528223410576353,0.07040998217468805
528,0.026972624798711747,0.01972624798711755,0.09460547504025762,0.030193236714975837,0.1010466988727858,0.04388083735909822,0.08011272141706922,0.03421900161030595,0.0575684380032206,0.04388083735909822,0.031803542673107886,0.04629629629629629,0.05917874396135264,0.10346215780998387,0.03099838969404186,0.03663446054750402,0.03663446054750402,0.051127214170692416,0.026972624798711747,0.04468599033816424
529,0.053661616161616174,0.06755050505050507,0.07512626262626264,0.04608585858585859,0.08901515151515153,0.03472222222222223,0.06250000000000001,0.04229797979797981,0.028409090909090915,0.03977272727272728,0.06376262626262627,0.0662878787878788,0.06123737373737375,0.038510101010101015,0.06123737373737375,0.028409090909090915,0.03977272727272728,0.03345959595959597,0.02967171717171718,0.038510101010101015
530,0.05831037649219467,0.03443526170798898,0.03810835629017447,0.023415977961432508,0.14830119375573922,0.03168044077134986,0.05922865013774105,0.03351698806244261,0.03168044077134986,0.03902662993572085,0.06014692378328742,0.03535353535353535,0.07575757575757576,0.03994490358126722,0.0711662075298439,0.05188246097337006,0.052800734618916434,0.05096418732782369,0.023415977961432508,0.04086317722681359
531,0.03373015873015874,0.04695767195767197,0.05357142857142859,0.03240740740740742,0.1276455026455027,0.07738095238095241,0.056216931216931235,0.045634920634920646,0.02976190476190477,0.04828042328042329,0.04828042328042329,0.06679894179894183,0.035052910052910065,0.03769841269841271,0.044312169312169324,0.056216931216931235,0.04166666666666668,0.044312169312169324,0.044312169312169324,0.02976190476190477
532,0.045185185185185175,0.03777777777777777,0.06740740740740739,0.043703703703703696,0.10296296296296294,0.04074074074074074,0.04074074074074074,0.05407407407407406,0.048148148148148134,0.033333333333333326,0.04666666666666666,0.043703703703703696,0.034814814814814805,0.033333333333333326,0.06148148148148147,0.048148148148148134,0.06296296296296294,0.034814814814814805,0.08074074074074072,0.03925925925925925
533,0.02546296296296297,0.037500000000000006,0.06712962962962965,0.026388888888888896,0.0800925925925926,0.04490740740740742,0.10509259259259263,0.05601851851851853,0.029166666666666674,0.05972222222222224,0.03564814814814816,0.03935185185185186,0.04583333333333334,0.03472222222222223,0.04398148148148149,0.06805555555555556,0.06990740740740742,0.032870370370370376,0.037500000000000006,0.06064814814814816
534,0.01947123972847446,0.016970346552340126,0.08235083958556629,0.01839942836727403,0.14058592354412291,0.05162558056448732,0.06913183279742767,0.044480171489817796,0.026259378349410507,0.06198642372275814,0.08127902822436586,0.055198285101822085,0.07591997141836372,0.036977491961414796,0.046623794212218655,0.04733833511968561,0.02232940335834227,0.009110396570203646,0.03876384423008218,0.055198285101822085
535,0.04729729729729731,0.050300300300300305,0.05930930930930932,0.03378378378378379,0.07582582582582584,0.06381381381381383,0.03678678678678679,0.04729729729729731,0.03378378378378379,0.035285285285285295,0.0427927927927928,0.056306306306306314,0.07882882882882884,0.04729729729729731,0.06081081081081082,0.0442942942942943,0.057807807807807816,0.035285285285285295,0.03828828828828829,0.05480480480480481
536,0.03623188405797101,0.03623188405797101,0.03623188405797101,0.04750402576489532,0.049114331723027364,0.0394524959742351,0.10225442834138483,0.05555555555555554,0.037842190016103054,0.06521739130434781,0.049114331723027364,0.05072463768115941,0.07648953301127213,0.037842190016103054,0.04589371980676328,0.049114331723027364,0.05555555555555554,0.044283413848631235,0.03623188405797101,0.049114331723027364
537,0.06292785676671933,0.03449183780937336,0.04870984728804634,0.016587677725118485,0.13401790416008424,0.06292785676671933,0.09662980516061084,0.0397577672459189,0.02869931542917325,0.03817798841495524,0.03659820958399158,0.04133754607688257,0.08451816745655608,0.021853607161664033,0.06556082148499211,0.030805687203791468,0.02448657187993681,0.0339652448657188,0.03817798841495524,0.059768299104792
538,0.026555881394591065,0.028510915607689796,0.0897686542847833,0.014173998044965783,0.12137504072987941,0.04838709677419353,0.04806125773867708,0.059465623981753,0.03763440860215053,0.0493646138807429,0.051645487129358084,0.044151189312479626,0.05360052134245681,0.05392636037797327,0.07869012707722384,0.0255783642880417,0.02134245682632779,0.021668295861844246,0.07086999022482893,0.055229716520039086
539,0.05208333333333335,0.05208333333333335,0.06180555555555557,0.046527777777777786,0.06597222222222224,0.04097222222222223,0.07847222222222223,0.047916666666666684,0.0979166666666667,0.036805555555555564,0.04097222222222223,0.04236111111111112,0.03125000000000001,0.03125000000000001,0.0701388888888889,0.046527777777777786,0.0326388888888889,0.043750000000000004,0.045138888888888895,0.03541666666666667
540,0.04408212560386473,0.05857487922705313,0.062198067632850226,0.04166666666666666,0.1117149758454106,0.02958937198067632,0.05615942028985506,0.06944444444444443,0.02838164251207729,0.030797101449275357,0.040458937198067625,0.07306763285024154,0.05978260869565216,0.02838164251207729,0.05736714975845409,0.03200483091787439,0.060990338164251194,0.02838164251207729,0.04770531400966182,0.03925120772946859
541,0.03409090909090909,0.030723905723905723,0.08627946127946128,0.0382996632996633,0.10479797979797979,0.03324915824915825,0.03156565656565657,0.09638047138047139,0.04250841750841751,0.05597643097643098,0.03577441077441077,0.027356902356902357,0.05765993265993266,0.01978114478114478,0.08038720538720538,0.07196969696969698,0.036616161616161616,0.021464646464646464,0.03998316498316498,0.055134680134680134
542,0.032567049808429116,0.08365261813537675,0.05172413793103448,0.0351213282247765,0.07854406130268199,0.040229885057471264,0.06066411238825032,0.04533844189016603,0.030012771392081736,0.044061302681992334,0.038952745849297574,0.04789272030651341,0.044061302681992334,0.04661558109833972,0.05810983397190294,0.04789272030651341,0.08620689655172414,0.028735632183908046,0.040229885057471264,0.05938697318007663
543,0.033783783783783786,0.0518018018018018,0.033783783783783786,0.0457957957957958,0.07732732732732733,0.033783783783783786,0.033783783783783786,0.06531531531531531,0.054804804804804805,0.09534534534534535,0.03528528528528529,0.04279279279279279,0.0457957957957958,0.033783783783783786,0.0472972972972973,0.054804804804804805,0.0533033033033033,0.038288288288288286,0.0472972972972973,0.07582582582582582
544,0.06224899598393574,0.05555555555555555,0.050200803212851405,0.030120481927710843,0.11178045515394913,0.04484605087014726,0.08500669344042838,0.030120481927710843,0.04618473895582329,0.03279785809906292,0.03547523427041499,0.03815261044176707,0.04484605087014726,0.05421686746987952,0.04618473895582329,0.05689424364123159,0.03681392235609103,0.05823293172690763,0.040829986613119144,0.039491298527443104
545,0.03205128205128205,0.04487179487179487,0.057692307692307696,0.0349002849002849,0.10042735042735043,0.04487179487179487,0.08190883190883191,0.04487179487179487,0.03347578347578348,0.05056980056980057,0.03347578347578348,0.03205128205128205,0.03205128205128205,0.05911680911680912,0.03347578347578348,0.051994301994301995,0.03205128205128205,0.0349002849002849,0.06054131054131054,0.1047008547008547
546,0.03951890034364261,0.05097365406643757,0.05211912943871707,0.03493699885452463,0.08190148911798396,0.05670103092783505,0.05326460481099656,0.06357388316151202,0.03837342497136312,0.03493699885452463,0.029209621993127148,0.05441008018327606,0.07961053837342497,0.026918671248568157,0.06471935853379153,0.03493699885452463,0.070446735395189,0.029209621993127148,0.029209621993127148,0.07502863688430698
547,0.04456654456654457,0.045787545787545784,0.07142857142857142,0.0347985347985348,0.15567765567765568,0.031135531135531136,0.04945054945054945,0.029914529914529916,0.05311355311355311,0.04212454212454213,0.031135531135531136,0.04945054945054945,0.07264957264957266,0.040903540903540904,0.06043956043956044,0.027472527472527472,0.033577533577533576,0.028693528693528692,0.04945054945054945,0.04822954822954823
548,0.05749354005167959,0.06136950904392765,0.03165374677002584,0.03294573643410853,0.1375968992248062,0.03811369509043928,0.04198966408268734,0.03294573643410853,0.05878552971576227,0.030361757105943153,0.0355297157622739,0.03294573643410853,0.09496124031007752,0.03682170542635659,0.047157622739018086,0.06524547803617571,0.03940568475452196,0.03294573643410853,0.04844961240310078,0.043281653746770024
549,0.03153153153153153,0.02252252252252252,0.05855855855855856,0.02252252252252252,0.13863863863863865,0.04054054054054054,0.07557557557557558,0.026526526526526525,0.03553553553553553,0.03853853853853854,0.03953953953953954,0.05755755755755756,0.1006006006006006,0.04154154154154154,0.05155155155155155,0.06756756756756757,0.03153153153153153,0.03153153153153153,0.05555555555555555,0.032532532532532535
550,0.03676470588235295,0.07434640522875818,0.04166666666666667,0.040032679738562095,0.08251633986928106,0.04166666666666667,0.05147058823529412,0.03676470588235295,0.05637254901960785,0.07107843137254903,0.044934640522875824,0.040032679738562095,0.0465686274509804,0.03676470588235295,0.05637254901960785,0.04330065359477125,0.0465686274509804,0.040032679738562095,0.06454248366013074,0.048202614379084976
551,0.03623188405797102,0.03623188405797102,0.09420289855072465,0.03623188405797102,0.1135265700483092,0.03623188405797102,0.057165861513687605,0.07971014492753624,0.03784219001610307,0.03945249597423511,0.04750402576489534,0.03623188405797102,0.05072463768115943,0.052334943639291476,0.03945249597423511,0.03784219001610307,0.03623188405797102,0.03945249597423511,0.03945249597423511,0.053945249597423514
552,0.0671957671957672,0.03015873015873016,0.07037037037037037,0.056613756613756616,0.10846560846560846,0.028042328042328042,0.049206349206349205,0.032275132275132276,0.043915343915343914,0.0671957671957672,0.03333333333333333,0.05873015873015873,0.046031746031746035,0.05026455026455026,0.040740740740740744,0.043915343915343914,0.038624338624338624,0.03439153439153439,0.03015873015873016,0.07037037037037037
553,0.07132132132132134,0.050300300300300305,0.045795795795795805,0.039789789789789795,0.0442942942942943,0.03678678678678679,0.08033033033033034,0.03378378378378379,0.039789789789789795,0.06381381381381383,0.03378378378378379,0.0412912912912913,0.06381381381381383,0.057807807807807816,0.0427927927927928,0.0442942942942943,0.035285285285285295,0.03828828828828829,0.09534534534534536,0.0412912912912913
554,0.04885057471264367,0.043103448275862065,0.05842911877394635,0.043103448275862065,0.04885057471264367,0.043103448275862065,0.07758620689655171,0.04885057471264367,0.043103448275862065,0.043103448275862065,0.043103448275862065,0.043103448275862065,0.043103448275862065,0.043103448275862065,0.04885057471264367,0.0507662835249042,0.043103448275862065,0.043103448275862065,0.06800766283524903,0.07567049808429117
555,0.048148148148148155,0.06625514403292182,0.06543209876543211,0.031687242798353915,0.13045267489711937,0.041563786008230456,0.14362139917695477,0.06707818930041154,0.02181069958847737,0.028395061728395066,0.0308641975308642,0.04320987654320988,0.04567901234567902,0.027572016460905353,0.028395061728395066,0.03580246913580248,0.031687242798353915,0.039094650205761326,0.022633744855967083,0.05061728395061729
556,0.0746714456391876,0.04121863799283155,0.04002389486260455,0.04002389486260455,0.0902031063321386,0.04719235364396655,0.035244922341696544,0.049581839904420555,0.06152927120669057,0.04241338112305855,0.05794504181600957,0.04002389486260455,0.05555555555555556,0.03882915173237755,0.05675029868578256,0.06272401433691757,0.03166069295101554,0.04002389486260455,0.05913978494623657,0.035244922341696544
557,0.02808988764044944,0.06179775280898877,0.0418227215980025,0.030586766541822723,0.09051186017478154,0.03183520599250937,0.06304619225967542,0.03807740324594258,0.029338327091136082,0.04307116104868915,0.06429463171036207,0.08426966292134833,0.06054931335830213,0.03807740324594258,0.05805243445692885,0.034332084893882654,0.0717852684144819,0.03807740324594258,0.03807740324594258,0.05430711610486892
558,0.03279785809906292,0.06492637215528782,0.04350736278447122,0.03681392235609103,0.08500669344042838,0.048862115127175365,0.06224899598393574,0.048862115127175365,0.030120481927710843,0.03279785809906292,0.03145917001338688,0.06224899598393574,0.10107095046854082,0.048862115127175365,0.04350736278447122,0.030120481927710843,0.04618473895582329,0.03547523427041499,0.04216867469879518,0.07295850066934405
559,0.02886710239651416,0.04411764705882353,0.03649237472766884,0.026688453159041396,0.11383442265795207,0.03867102396514161,0.08224400871459694,0.03758169934640523,0.024509803921568627,0.03649237472766884,0.046296296296296294,0.03213507625272331,0.04738562091503268,0.06699346405228758,0.08877995642701525,0.04302832244008715,0.04520697167755991,0.04847494553376906,0.061546840958605666,0.05065359477124183
560,0.032585470085470095,0.027243589743589747,0.03685897435897437,0.0389957264957265,0.06036324786324787,0.05395299145299146,0.07211538461538462,0.029380341880341884,0.09027777777777779,0.050747863247863255,0.061431623931623935,0.04861111111111112,0.028311965811965815,0.05395299145299146,0.0560897435897436,0.07532051282051283,0.04220085470085471,0.03472222222222223,0.07104700854700856,0.035790598290598295
561,0.05737704918032784,0.040983606557377025,0.07012750455373404,0.05737704918032784,0.07377049180327866,0.05737704918032784,0.044626593806921654,0.040983606557377025,0.05737704918032784,0.040983606557377025,0.040983606557377025,0.09016393442622947,0.040983606557377025,0.040983606557377025,0.040983606557377025,0.040983606557377025,0.040983606557377025,0.040983606557377025,0.040983606557377025,0.040983606557377025
562,0.11040787623066108,0.06399437412095643,0.05836849507735586,0.03445850914205346,0.05555555555555557,0.045710267229254586,0.08790436005625882,0.03305203938115332,0.03727144866385374,0.03164556962025318,0.0428973277074543,0.03445850914205346,0.049929676511955005,0.044303797468354444,0.040084388185654025,0.04852320675105486,0.05414908579465544,0.045710267229254586,0.03305203938115332,0.04852320675105486
563,0.04571026722925457,0.056962025316455694,0.04289732770745429,0.03727144866385373,0.03867791842475387,0.03164556962025317,0.06821378340365682,0.04852320675105485,0.04289732770745429,0.06821378340365682,0.06540084388185655,0.05414908579465542,0.07524613220815753,0.04430379746835443,0.07243319268635724,0.06118143459915612,0.034458509142053444,0.03305203938115331,0.04571026722925457,0.03305203938115331
564,0.03240740740740741,0.052983539094650214,0.07253086419753088,0.04166666666666667,0.07767489711934157,0.056069958847736634,0.07150205761316873,0.040637860082304536,0.05504115226337449,0.04166666666666667,0.033436213991769555,0.037551440329218116,0.05709876543209877,0.03137860082304528,0.036522633744855974,0.02520576131687243,0.039609053497942394,0.046810699588477375,0.03858024691358025,0.1116255144032922
565,0.041768045417680456,0.07502027575020276,0.02879156528791565,0.04339010543390105,0.17721005677210055,0.04663422546634226,0.08880778588807786,0.05150040551500405,0.019870235198702353,0.027980535279805353,0.03203568532035685,0.06528791565287916,0.04663422546634226,0.040957015409570155,0.045823195458231956,0.045823195458231956,0.032846715328467155,0.025547445255474453,0.021492295214922953,0.04257907542579075
566,0.056634304207119755,0.04692556634304208,0.03505933117583604,0.026429341963322552,0.07173678532901835,0.028586839266450923,0.042610571736785334,0.03182308522114348,0.026429341963322552,0.028586839266450923,0.0760517799352751,0.05987055016181231,0.08252427184466021,0.03290183387270767,0.09439050701186626,0.062028047464940686,0.03829557713052859,0.026429341963322552,0.042610571736785334,0.0900755124056095
567,0.07629629629629628,0.03629629629629629,0.058518518518518504,0.033333333333333326,0.0748148148148148,0.04666666666666666,0.06592592592592592,0.04666666666666666,0.03925925925925925,0.03925925925925925,0.034814814814814805,0.03629629629629629,0.033333333333333326,0.03777777777777777,0.06592592592592592,0.03925925925925925,0.08074074074074072,0.06592592592592592,0.045185185185185175,0.043703703703703696
568,0.06414141414141412,0.061111111111111095,0.04999999999999999,0.03787878787878787,0.07727272727272726,0.03787878787878787,0.07727272727272726,0.09242424242424241,0.02575757575757575,0.02474747474747474,0.04292929292929292,0.03787878787878787,0.04494949494949494,0.04797979797979796,0.05505050505050504,0.033838383838383834,0.035858585858585854,0.06717171717171716,0.04494949494949494,0.0409090909090909
569,0.06362507759155804,0.02265673494723774,0.051210428305400374,0.03693358162631906,0.18342644320297952,0.03755431409062694,0.05990068280571074,0.040657976412166355,0.01520794537554314,0.08162631905648665,0.02638112973308504,0.048727498448168836,0.04996896337678461,0.03382991930477964,0.027001862197392923,0.03196772191185599,0.05741775294847921,0.028864059590316574,0.03382991930477964,0.06921166977032898
570,0.05913978494623658,0.05316606929510157,0.0639187574671446,0.03166069295101555,0.1571087216248507,0.042413381123058556,0.06272401433691759,0.061529271206690585,0.03763440860215055,0.04838709677419356,0.03046594982078854,0.04360812425328556,0.040023894862604555,0.026881720430107538,0.02807646356033454,0.02927120669056154,0.056750298685782574,0.04958183990442056,0.02927120669056154,0.04838709677419356
571,0.04089506172839506,0.05169753086419753,0.034722222222222224,0.05015432098765432,0.06712962962962964,0.03935185185185185,0.05169753086419753,0.05941358024691358,0.04861111111111111,0.034722222222222224,0.04243827160493827,0.034722222222222224,0.10262345679012345,0.05941358024691358,0.05787037037037037,0.034722222222222224,0.04243827160493827,0.0470679012345679,0.05015432098765432,0.05015432098765432
572,0.05642361111111111,0.05295138888888889,0.05642361111111111,0.0546875,0.0998263888888889,0.044270833333333336,0.044270833333333336,0.042534722222222224,0.0390625,0.0390625,0.04600694444444445,0.044270833333333336,0.04774305555555555,0.0390625,0.058159722222222224,0.042534722222222224,0.0390625,0.06163194444444445,0.04774305555555555,0.044270833333333336
573,0.05555555555555555,0.05421686746987952,0.04350736278447122,0.03145917001338688,0.10508701472556894,0.03547523427041499,0.07161981258366801,0.04618473895582329,0.03145917001338688,0.04216867469879518,0.04216867469879518,0.04752342704149933,0.09170013386880857,0.04350736278447122,0.04216867469879518,0.04484605087014726,0.03279785809906292,0.03413654618473896,0.04484605087014726,0.059571619812583666
574,0.05268199233716476,0.0252234993614304,0.0673690932311622,0.018837803320561945,0.09738186462324394,0.0462962962962963,0.0769476372924649,0.04501915708812261,0.0673690932311622,0.05204342273307791,0.017560664112388255,0.07311621966794382,0.05523627075351214,0.04885057471264369,0.04693486590038315,0.03671775223499362,0.05523627075351214,0.04885057471264369,0.04118773946360154,0.027139208173690935
575,0.032407407407407406,0.032407407407407406,0.04298941798941799,0.0496031746031746,0.032407407407407406,0.03373015873015873,0.05489417989417989,0.032407407407407406,0.06018518518518518,0.07605820105820106,0.037698412698412696,0.06944444444444445,0.046957671957671955,0.08002645502645503,0.07738095238095238,0.0667989417989418,0.032407407407407406,0.057539682539682536,0.03505291005291005,0.0496031746031746
576,0.04237288135593221,0.06120527306967986,0.04425612052730697,0.04613935969868174,0.05932203389830509,0.04237288135593221,0.05178907721280603,0.04237288135593221,0.04237288135593221,0.053672316384180796,0.053672316384180796,0.053672316384180796,0.06120527306967986,0.04237288135593221,0.04237288135593221,0.04237288135593221,0.05932203389830509,0.05555555555555556,0.05932203389830509,0.04425612052730697
577,0.03941120607787274,0.032763532763532756,0.05935422602089267,0.02991452991452991,0.12678062678062677,0.05365622032288698,0.05080721747388413,0.0413105413105413,0.06695156695156694,0.07644824311490976,0.03086419753086419,0.022317188983855648,0.03181386514719847,0.052706552706552695,0.060303893637226956,0.035612535612535606,0.021367521367521364,0.03751187084520417,0.045109211775878434,0.08499525166191832
578,0.041035353535353536,0.034722222222222224,0.05618686868686869,0.032196969696969696,0.08648989898989899,0.041035353535353536,0.029671717171717172,0.04861111111111111,0.054924242424242424,0.07891414141414141,0.03977272727272727,0.05113636363636364,0.07512626262626262,0.03345959595959596,0.028409090909090908,0.07386363636363637,0.03598484848484849,0.032196969696969696,0.07007575757575757,0.05618686868686869
579,0.02933057280883368,0.025189786059351276,0.026570048309178744,0.030710835058661144,0.16183574879227053,0.03140096618357488,0.11076604554865424,0.05210489993098689,0.042443064182194616,0.034161490683229816,0.06314699792960662,0.04796411318150449,0.044513457556935816,0.08661145617667357,0.054865424430641824,0.04934437543133195,0.025879917184265012,0.024499654934437544,0.030020703933747412,0.028640441683919944
580,0.05555555555555556,0.03246753246753247,0.03246753246753247,0.03391053391053392,0.05844155844155845,0.041125541125541135,0.0468975468975469,0.1002886002886003,0.03391053391053392,0.036796536796536806,0.03968253968253969,0.04545454545454546,0.059884559884559894,0.03391053391053392,0.042568542568542575,0.04978354978354979,0.10461760461760464,0.0468975468975469,0.05844155844155845,0.0468975468975469
581,0.05617283950617284,0.03888888888888889,0.046296296296296294,0.030246913580246913,0.06111111111111111,0.05,0.0734567901234568,0.040123456790123455,0.040123456790123455,0.040123456790123455,0.027777777777777776,0.053703703703703705,0.09320987654320988,0.046296296296296294,0.06234567901234568,0.06728395061728396,0.03148148148148148,0.05,0.03888888888888889,0.05246913580246913
582,0.027001862197392926,0.022656734947237744,0.09093730602110492,0.022656734947237744,0.1846679081315953,0.035692116697703294,0.07169459962756053,0.04189944134078213,0.041278708876474245,0.05865921787709498,0.036933581626319066,0.07479826194909996,0.06052141527001863,0.030105524518932343,0.04252017380509001,0.03507138423339541,0.030105524518932343,0.019553072625698328,0.027001862197392926,0.04624456859093731
583,0.04689754689754691,0.05122655122655124,0.04689754689754691,0.03535353535353536,0.08874458874458876,0.052669552669552686,0.041125541125541135,0.0598845598845599,0.04545454545454546,0.05122655122655124,0.03246753246753247,0.03246753246753247,0.04545454545454546,0.03246753246753247,0.036796536796536806,0.03968253968253969,0.055555555555555566,0.03535353535353536,0.06998556998557,0.10028860028860032
584,0.03978978978978979,0.0518018018018018,0.03978978978978979,0.04129129129129129,0.07732732732732733,0.03528528528528529,0.07582582582582582,0.05780780780780781,0.03678678678678678,0.033783783783783786,0.0472972972972973,0.08783783783783784,0.03528528528528529,0.07882882882882883,0.0457957957957958,0.03528528528528529,0.038288288288288286,0.038288288288288286,0.0503003003003003,0.0533033033033033
585,0.03159722222222222,0.07465277777777778,0.022569444444444444,0.04618055555555556,0.15520833333333334,0.059375,0.03923611111111111,0.04618055555555556,0.01840277777777778,0.03715277777777778,0.026041666666666668,0.03715277777777778,0.08020833333333334,0.05798611111111111,0.06840277777777778,0.03229166666666667,0.040625,0.027430555555555555,0.03090277777777778,0.06840277777777778
586,0.07133464825772518,0.016107823800131493,0.06476002629848784,0.027942143326758713,0.1482577251808021,0.027942143326758713,0.13182117028270873,0.0220249835634451,0.019395134779750165,0.041748849441157136,0.01873767258382643,0.027942143326758713,0.03780407626561473,0.04700854700854701,0.050953320184089414,0.03385930309007232,0.04569362261669954,0.0391190006574622,0.03385930309007232,0.09368836291913216
587,0.0450191570881226,0.054597701149425276,0.07758620689655171,0.043103448275862065,0.05268199233716474,0.05842911877394635,0.0660919540229885,0.043103448275862065,0.06417624521072796,0.043103448275862065,0.043103448275862065,0.0450191570881226,0.043103448275862065,0.043103448275862065,0.06226053639846742,0.043103448275862065,0.043103448275862065,0.043103448275862065,0.043103448275862065,0.043103448275862065
588,0.04681647940074907,0.038077403245942575,0.06304619225967541,0.031835205992509365,0.05305867665418227,0.04556803995006242,0.08177278401997504,0.04057428214731586,0.05181023720349563,0.05930087390761548,0.02933832709113608,0.06304619225967541,0.10424469413233459,0.03682896379525593,0.035580524344569285,0.031835205992509365,0.038077403245942575,0.035580524344569285,0.048064918851435705,0.06554307116104868
589,0.06922043010752686,0.017697132616487452,0.073252688172043,0.026209677419354833,0.08893369175627239,0.02352150537634408,0.18212365591397847,0.03561827956989247,0.026209677419354833,0.022177419354838707,0.02172939068100358,0.04637096774193548,0.05129928315412185,0.01993727598566308,0.076836917562724,0.04995519713261647,0.0168010752688172,0.021281362007168455,0.02934587813620071,0.10147849462365588
590,0.04410331384015594,0.027046783625730993,0.09332358674463938,0.02266081871345029,0.1678849902534113,0.03971734892787524,0.0655458089668616,0.04361598440545809,0.013401559454191032,0.023635477582846003,0.04117933723196881,0.028996101364522416,0.07236842105263158,0.042641325536062376,0.03728070175438596,0.0533625730994152,0.02948343079922027,0.03533138401559454,0.051900584795321635,0.06652046783625731
591,0.030922431865828093,0.04140461215932914,0.07180293501048218,0.04140461215932914,0.05293501048218029,0.04035639412997904,0.05083857442348008,0.024633123689727462,0.0319706498951782,0.055031446540880505,0.03825995807127883,0.08752620545073375,0.05607966457023061,0.037211740041928724,0.10429769392033543,0.03825995807127883,0.04245283018867924,0.062368972746331235,0.04245283018867924,0.04979035639412998
592,0.0518018018018018,0.0472972972972973,0.03528528528528529,0.0518018018018018,0.06981981981981981,0.0472972972972973,0.033783783783783786,0.03678678678678678,0.044294294294294295,0.06231231231231231,0.05930930930930931,0.06981981981981981,0.0457957957957958,0.05930930930930931,0.05630630630630631,0.0457957957957958,0.0472972972972973,0.060810810810810814,0.03678678678678678,0.038288288288288286
593,0.06363636363636364,0.04545454545454546,0.06161616161616163,0.05353535353535355,0.04545454545454546,0.04545454545454546,0.04747474747474749,0.04545454545454546,0.04949494949494951,0.06161616161616163,0.04747474747474749,0.05151515151515153,0.05353535353535355,0.04545454545454546,0.04545454545454546,0.04545454545454546,0.04545454545454546,0.055555555555555566,0.04545454545454546,0.04545454545454546
594,0.04497354497354497,0.03363567649281935,0.08881330309901739,0.02985638699924414,0.06991685563114135,0.040438397581254726,0.06764928193499622,0.06840513983371126,0.03439153439153439,0.08049886621315193,0.038170823885109596,0.032879818594104306,0.03363567649281935,0.04799697656840514,0.04346182917611489,0.04195011337868481,0.03136810279667423,0.03212396069538927,0.06311413454270597,0.07671957671957672
595,0.03959810874704492,0.04550827423167849,0.0549645390070922,0.027777777777777776,0.04905437352245863,0.08924349881796691,0.10106382978723404,0.05969267139479906,0.04196217494089834,0.03486997635933806,0.050236406619385346,0.0715130023640662,0.07505910165484633,0.03723404255319149,0.04314420803782506,0.0384160756501182,0.031323877068557916,0.03723404255319149,0.03959810874704492,0.03250591016548463
596,0.050462962962962966,0.03009259259259259,0.047685185185185185,0.02361111111111111,0.1310185185185185,0.04027777777777778,0.05324074074074074,0.033796296296296297,0.07083333333333333,0.043055555555555555,0.031018518518518518,0.055092592592592596,0.04398148148148148,0.043055555555555555,0.052314814814814814,0.033796296296296297,0.0587962962962963,0.056018518518518516,0.050462962962962966,0.05138888888888889
597,0.026439089692101733,0.03380187416331994,0.027108433734939753,0.029785809906291826,0.21854082998661306,0.03514056224899598,0.08801874163319945,0.07463186077643907,0.02777777777777777,0.03848728246318607,0.058567603748326626,0.03647925033467202,0.07262382864792502,0.02041499330655957,0.029785809906291826,0.041834002677376164,0.021753681392235606,0.02911646586345381,0.029785809906291826,0.059906291834002666
598,0.09531090723751277,0.03312945973496433,0.054536187563710516,0.02497451580020388,0.13200815494393478,0.037206931702344556,0.06676860346585119,0.06371049949031601,0.025993883792048936,0.029051987767584105,0.04332313965341489,0.056574923547400624,0.06778797145769624,0.031090723751274217,0.056574923547400624,0.031090723751274217,0.03414882772680938,0.04026503567787972,0.05147808358817534,0.02497451580020388
599,0.03182308522114348,0.02858683926645092,0.052319309600863007,0.024271844660194178,0.10949298813376485,0.024271844660194178,0.07713052858683928,0.050161812297734636,0.03398058252427185,0.02858683926645092,0.03829557713052859,0.05339805825242719,0.042610571736785334,0.06202804746494068,0.05663430420711975,0.04368932038834952,0.08252427184466021,0.06526429341963325,0.04153182308522115,0.05339805825242719
600,0.06533646322378715,0.03560250391236306,0.026995305164319243,0.02934272300469483,0.12558685446009388,0.05751173708920186,0.08959311424100155,0.03560250391236306,0.03012519561815336,0.06220657276995304,0.024647887323943653,0.02230046948356807,0.06768388106416275,0.02777777777777777,0.07550860719874802,0.030907668231611885,0.05203442879499216,0.04420970266040688,0.041079812206572766,0.05594679186228481
601,0.041203703703703694,0.023611111111111104,0.03842592592592592,0.03287037037037036,0.11157407407407405,0.04675925925925925,0.06435185185185184,0.03379629629629629,0.03101851851851851,0.04305555555555555,0.02453703703703703,0.03842592592592592,0.08935185185185184,0.043981481481481476,0.09953703703703701,0.06898148148148146,0.04675925925925925,0.03287037037037036,0.031944444444444435,0.05694444444444443
602,0.037808641975308636,0.037808641975308636,0.06867283950617283,0.03472222222222222,0.062499999999999986,0.039351851851851846,0.043981481481481476,0.062499999999999986,0.05632716049382715,0.05324074074074073,0.05632716049382715,0.07330246913580246,0.08256172839506172,0.03472222222222222,0.040895061728395056,0.0486111111111111,0.03472222222222222,0.03472222222222222,0.0486111111111111,0.0486111111111111
603,0.05025445292620866,0.027353689567430034,0.03625954198473283,0.046437659033078886,0.1533078880407125,0.024809160305343518,0.1329516539440204,0.024385072094995765,0.030746395250212052,0.051526717557251925,0.06382527565733674,0.042196776929601366,0.07824427480916032,0.01844783715012723,0.03456318914334182,0.05449533502968619,0.019720101781170486,0.036683630195080585,0.034987277353689575,0.038804071246819345
604,0.0411764705882353,0.05163398692810458,0.08300653594771243,0.03594771241830066,0.06732026143790851,0.04640522875816994,0.07908496732026145,0.05555555555555556,0.07777777777777779,0.0411764705882353,0.04248366013071896,0.0477124183006536,0.04379084967320262,0.034640522875817,0.0477124183006536,0.04640522875816994,0.03333333333333334,0.034640522875817,0.03856209150326798,0.05163398692810458
605,0.04647435897435897,0.062499999999999986,0.050747863247863234,0.03044871794871794,0.11912393162393159,0.03044871794871794,0.11378205128205125,0.04433760683760683,0.024038461538461533,0.024038461538461533,0.050747863247863234,0.029380341880341873,0.07638888888888888,0.0251068376068376,0.028311965811965805,0.04433760683760683,0.06356837606837605,0.028311965811965805,0.0486111111111111,0.05929487179487178
606,0.07542908762420959,0.05465221318879856,0.0898825654923216,0.039295392953929545,0.0889792231255646,0.03297199638663054,0.039295392953929545,0.03206865401987354,0.023938572719060528,0.03297199638663054,0.04923215898825656,0.03206865401987354,0.0781391147244806,0.04290876242095755,0.031165311653116534,0.0907859078590786,0.023938572719060528,0.053748870822041564,0.040198735320686546,0.04832881662149956
607,0.030602636534839932,0.04755178907721282,0.05508474576271188,0.02966101694915255,0.12099811676082865,0.05696798493408664,0.060734463276836174,0.05696798493408664,0.024952919020715638,0.057909604519774026,0.03907721280602637,0.03907721280602637,0.06544256120527309,0.0268361581920904,0.06355932203389832,0.058851224105461404,0.04378531073446328,0.035310734463276844,0.03342749529190208,0.053201506591337114
608,0.041666666666666664,0.06359649122807018,0.0402046783625731,0.0445906432748538,0.08114035087719298,0.062134502923976605,0.03289473684210526,0.03874269005847953,0.0489766081871345,0.07090643274853801,0.03435672514619883,0.0402046783625731,0.07236842105263158,0.03728070175438596,0.041666666666666664,0.05921052631578947,0.03435672514619883,0.05482456140350877,0.0445906432748538,0.056286549707602336
609,0.06076388888888889,0.046875,0.03993055555555555,0.031828703703703706,0.10474537037037036,0.05497685185185185,0.08159722222222222,0.04224537037037037,0.026041666666666668,0.052662037037037035,0.03877314814814815,0.04224537037037037,0.03993055555555555,0.05150462962962963,0.03298611111111111,0.030671296296296297,0.06770833333333333,0.027199074074074073,0.046875,0.08043981481481481
610,0.02198241406874501,0.04996003197442047,0.06754596322941649,0.020383693045563554,0.1258992805755396,0.033173461231015194,0.10671462829736213,0.04756195043964829,0.02438049560351719,0.03477218225419665,0.03796962430055956,0.04676258992805756,0.02677857713828937,0.038768984812150284,0.06914468425259794,0.035571542765787376,0.07314148681055158,0.02677857713828937,0.033173461231015194,0.07953637090327739
611,0.03771289537712896,0.05068937550689377,0.02392538523925386,0.02635847526358476,0.07420924574209248,0.028791565287915658,0.1253041362530414,0.03446877534468776,0.023114355231143555,0.06853203568532037,0.04501216545012166,0.05068937550689377,0.059610705596107066,0.03122465531224656,0.051500405515004066,0.03122465531224656,0.07988645579886457,0.047445255474452566,0.06123276561232767,0.04906731549067317
612,0.10444444444444445,0.07185185185185185,0.0362962962962963,0.04814814814814815,0.0674074074074074,0.03333333333333333,0.12666666666666668,0.03333333333333333,0.03481481481481481,0.0362962962962963,0.052592592592592594,0.03333333333333333,0.04518518518518518,0.03333333333333333,0.03925925925925926,0.03333333333333333,0.03333333333333333,0.052592592592592594,0.04518518518518518,0.03925925925925926
613,0.047297297297297286,0.08033033033033031,0.03528528528528528,0.04579579579579579,0.08183183183183182,0.03978978978978978,0.0638138138138138,0.03828828828828828,0.03528528528528528,0.03528528528528528,0.03378378378378378,0.0593093093093093,0.08333333333333331,0.0593093093093093,0.04879879879879878,0.03828828828828828,0.04429429429429429,0.041291291291291284,0.05330330330330329,0.03528528528528528
614,0.043981481481481476,0.03472222222222222,0.043981481481481476,0.0486111111111111,0.07484567901234566,0.04706790123456789,0.05015432098765431,0.09336419753086418,0.042438271604938266,0.042438271604938266,0.037808641975308636,0.0486111111111111,0.04706790123456789,0.03472222222222222,0.0486111111111111,0.07021604938271604,0.05015432098765431,0.05632716049382715,0.05015432098765431,0.03472222222222222
615,0.0738942826321467,0.04584681769147788,0.05663430420711973,0.024271844660194167,0.10409924487594388,0.024271844660194167,0.08791801510248111,0.02642934196332254,0.037216828478964396,0.0512405609492988,0.031823085221143466,0.04584681769147788,0.0587918015102481,0.037216828478964396,0.050161812297734615,0.03613807982740021,0.06202804746494066,0.033980582524271837,0.031823085221143466,0.08036677454153181
616,0.04375614552605702,0.05850540806293017,0.07128810226155358,0.026057030481809237,0.19616519174041291,0.03294001966568338,0.07128810226155358,0.05948869223205505,0.03097345132743362,0.029006882989183868,0.031956735496558496,0.0486725663716814,0.02310717797443461,0.02507374631268436,0.03785644051130776,0.02212389380530973,0.026057030481809237,0.04670599803343165,0.05653883972468042,0.06243854473942968
617,0.05260570304818092,0.05063913470993117,0.05260570304818092,0.0319567354965585,0.06440511307767945,0.04473942969518191,0.06637168141592921,0.06440511307767945,0.024090462143559487,0.035889872173058016,0.03687315634218289,0.05063913470993117,0.07030481809242871,0.06538839724680433,0.030973451327433628,0.06440511307767945,0.0319567354965585,0.024090462143559487,0.05752212389380531,0.08013765978367748
618,0.06617126680820949,0.04847841472045295,0.05272469922151452,0.020877565463552728,0.10368011323425338,0.06192498230714793,0.08032554847841473,0.05484784147204531,0.027246992215145087,0.029370134465675875,0.06829440905874028,0.04635527246992216,0.03857041755130928,0.025831564048124565,0.05484784147204531,0.044232130219391375,0.020169851380042465,0.023000707714083513,0.03361641896673744,0.09943382873319181
619,0.08009259259259258,0.0486111111111111,0.025462962962962955,0.02916666666666666,0.0773148148148148,0.06805555555555554,0.04305555555555555,0.03101851851851851,0.05694444444444443,0.030092592592592584,0.05509259259259258,0.09120370370370369,0.08194444444444443,0.021759259259259256,0.06435185185185184,0.043981481481481476,0.043981481481481476,0.022685185185185183,0.04027777777777777,0.0449074074074074
620,0.04419753086419754,0.024938271604938278,0.04320987654320988,0.024938271604938278,0.128641975308642,0.03679012345679013,0.06641975308641977,0.08864197530864198,0.01160493827160494,0.06592592592592594,0.03580246913580248,0.013086419753086423,0.08814814814814816,0.038765432098765436,0.05209876543209878,0.03234567901234569,0.01901234567901235,0.025925925925925932,0.053086419753086436,0.10641975308641978
621,0.043560606060606064,0.04482323232323232,0.0422979797979798,0.03345959595959596,0.08775252525252525,0.029671717171717172,0.11174242424242424,0.03977272727272727,0.030934343434343436,0.054924242424242424,0.04734848484848485,0.03598484848484849,0.07133838383838384,0.029671717171717172,0.054924242424242424,0.07133838383838384,0.034722222222222224,0.043560606060606064,0.04482323232323232,0.04734848484848485
622,0.037222222222222226,0.04166666666666667,0.05166666666666667,0.03833333333333334,0.08055555555555557,0.04722222222222223,0.04611111111111112,0.03277777777777779,0.04166666666666667,0.09055555555555557,0.06722222222222224,0.030555555555555558,0.04055555555555556,0.04166666666666667,0.0638888888888889,0.03944444444444445,0.043888888888888894,0.04277777777777778,0.052777777777777785,0.06944444444444446
623,0.026984126984126985,0.03756613756613757,0.04814814814814815,0.031216931216931216,0.07248677248677249,0.049206349206349205,0.051322751322751325,0.049206349206349205,0.06296296296296296,0.0746031746031746,0.031216931216931216,0.03015873015873016,0.07566137566137567,0.0291005291005291,0.05343915343915344,0.0417989417989418,0.05555555555555555,0.04285714285714286,0.07037037037037037,0.06613756613756613
624,0.06957928802588997,0.0447680690399137,0.039374325782092774,0.04584681769147789,0.10517799352750809,0.06418554476806904,0.04800431499460626,0.06202804746494067,0.041531823085221145,0.030744336569579287,0.024271844660194174,0.07173678532901834,0.038295577130528585,0.0447680690399137,0.03398058252427184,0.05555555555555555,0.05124056094929881,0.0296655879180151,0.03290183387270766,0.06634304207119741
625,0.043589743589743594,0.02535612535612536,0.05897435897435898,0.02820512820512821,0.08917378917378918,0.046438746438746445,0.0566951566951567,0.07435897435897437,0.0566951566951567,0.050427350427350436,0.0321937321937322,0.01908831908831909,0.042450142450142454,0.02877492877492878,0.09031339031339032,0.045299145299145305,0.05612535612535613,0.01851851851851852,0.07720797720797722,0.06011396011396012
626,0.06176900584795323,0.03472222222222223,0.05299707602339183,0.03106725146198831,0.11440058479532167,0.037646198830409365,0.12097953216374271,0.03106725146198831,0.04203216374269007,0.022295321637426903,0.025950292397660824,0.028143274853801175,0.1260964912280702,0.03910818713450293,0.05299707602339183,0.035453216374269014,0.029605263157894742,0.025950292397660824,0.04934210526315791,0.03837719298245615
627,0.05401234567901234,0.02726337448559671,0.08693415637860083,0.032407407407407406,0.12602880658436214,0.044753086419753084,0.051954732510288065,0.06018518518518518,0.03446502057613169,0.04681069958847737,0.029320987654320986,0.05401234567901234,0.09825102880658436,0.03652263374485597,0.0684156378600823,0.03343621399176955,0.032407407407407406,0.025205761316872428,0.026234567901234566,0.03137860082304527
628,0.029100529100529102,0.023053665910808773,0.04648526077097506,0.025321239606953896,0.05857898715041573,0.0343915343915344,0.10015117157974303,0.07823129251700682,0.03514739229024944,0.0343915343915344,0.05479969765684052,0.0744520030234316,0.0888133030990174,0.03892668178382465,0.05706727135298564,0.032123960695389274,0.019274376417233563,0.062358276643990934,0.028344671201814064,0.07898715041572185
629,0.03270609318996416,0.03181003584229391,0.047939068100358424,0.053315412186379925,0.13754480286738352,0.04345878136200717,0.041666666666666664,0.04077060931899642,0.04614695340501792,0.038978494623655914,0.06048387096774194,0.03718637992831541,0.06586021505376344,0.020161290322580645,0.04256272401433692,0.050627240143369175,0.08915770609318996,0.03718637992831541,0.04077060931899642,0.041666666666666664
630,0.03839869281045752,0.059640522875817,0.04493464052287582,0.03676470588235294,0.08741830065359477,0.061274509803921566,0.07761437908496732,0.041666666666666664,0.03676470588235294,0.03676470588235294,0.05310457516339869,0.04493464052287582,0.056372549019607844,0.06454248366013073,0.03839869281045752,0.03676470588235294,0.05310457516339869,0.05800653594771242,0.03676470588235294,0.03676470588235294
631,0.026234567901234566,0.042695473251028807,0.07973251028806584,0.03343621399176955,0.1383744855967078,0.03652263374485597,0.03755144032921811,0.045781893004115226,0.03652263374485597,0.035493827160493825,0.030349794238683128,0.041666666666666664,0.09927983539094651,0.03343621399176955,0.044753086419753084,0.028292181069958847,0.03652263374485597,0.06430041152263374,0.04989711934156379,0.05915637860082305
632,0.03321256038647343,0.041666666666666664,0.05495169082125604,0.02717391304347826,0.11654589371980677,0.030797101449275364,0.07427536231884058,0.057367149758454104,0.04770531400966183,0.0646135265700483,0.034420289855072464,0.03804347826086957,0.06823671497584541,0.034420289855072464,0.0464975845410628,0.03683574879227053,0.06219806763285024,0.029589371980676328,0.041666666666666664,0.059782608695652176
633,0.024402907580477678,0.03167185877466252,0.03374870197300105,0.023364485981308414,0.1022845275181724,0.026479750778816202,0.11059190031152649,0.05555555555555556,0.023364485981308414,0.042056074766355145,0.05347871235721704,0.03374870197300105,0.05555555555555556,0.05659397715472483,0.08566978193146418,0.05140186915887851,0.04517133956386293,0.037902388369678096,0.07009345794392524,0.036863966770508835
634,0.037186379928315416,0.043458781362007176,0.058691756272401446,0.024641577060931907,0.13396057347670254,0.05421146953405019,0.10259856630824375,0.03629032258064517,0.03001792114695341,0.057795698924731194,0.03360215053763441,0.03360215053763441,0.046146953405017926,0.049731182795698936,0.05331541218637994,0.030913978494623663,0.03360215053763441,0.04166666666666667,0.0649641577060932,0.03360215053763441
635,0.03977272727272728,0.059974747474747486,0.0561868686868687,0.03724747474747475,0.06376262626262627,0.048611111111111126,0.09406565656565659,0.05113636363636365,0.04482323232323233,0.057449494949494966,0.03345959595959597,0.04229797979797981,0.035984848484848495,0.04356060606060607,0.04229797979797981,0.05492424242424244,0.04608585858585859,0.07007575757575758,0.03345959595959597,0.04482323232323233
636,0.04847494553376906,0.0528322440087146,0.04411764705882353,0.029956427015250545,0.12037037037037036,0.04302832244008715,0.0528322440087146,0.049564270152505446,0.046296296296296294,0.07026143790849673,0.049564270152505446,0.04084967320261438,0.06917211328976035,0.0332244008714597,0.06045751633986928,0.02886710239651416,0.027777777777777776,0.04520697167755991,0.039760348583877995,0.04738562091503268
637,0.03968253968253969,0.04497354497354498,0.05731922398589066,0.03968253968253969,0.06613756613756615,0.03968253968253969,0.041446208112874784,0.05908289241622576,0.06613756613756615,0.03968253968253969,0.055555555555555566,0.06437389770723105,0.05379188712522047,0.05908289241622576,0.05379188712522047,0.03968253968253969,0.03968253968253969,0.06084656084656086,0.03968253968253969,0.03968253968253969
638,0.04692556634304207,0.05447680690399137,0.05016181229773463,0.026429341963322545,0.12998921251348436,0.052319309600863,0.039374325782092774,0.03505933117583603,0.05124056094929881,0.03505933117583603,0.024271844660194174,0.07713052858683926,0.08576051779935275,0.06310679611650485,0.059870550161812294,0.028586839266450916,0.036138079827400214,0.02750809061488673,0.0447680690399137,0.03182308522114347
639,0.038971807628524056,0.05223880597014926,0.06384742951907132,0.0373134328358209,0.11028192371475955,0.05887230514096187,0.04228855721393036,0.04892205638474296,0.0373134328358209,0.07877280265339968,0.04063018242122721,0.04394693200663351,0.06882255389718078,0.0373134328358209,0.0373134328358209,0.0373134328358209,0.0373134328358209,0.0373134328358209,0.05223880597014926,0.038971807628524056
640,0.065,0.029444444444444443,0.03722222222222222,0.03722222222222222,0.11388888888888889,0.03833333333333333,0.042777777777777776,0.055,0.05722222222222222,0.02722222222222222,0.035,0.029444444444444443,0.105,0.04388888888888889,0.07388888888888889,0.055,0.03277777777777778,0.026111111111111113,0.03388888888888889,0.06166666666666667
641,0.06660527931246163,0.03100061387354205,0.09914057704112952,0.03038674033149171,0.12430939226519337,0.0334561080417434,0.05432780847145488,0.03284223449969306,0.024861878453038673,0.09852670349907919,0.02608962553713935,0.035297728667894414,0.0776550030693677,0.03222836095764273,0.05678330263965623,0.050030693677102514,0.0187231430325353,0.016267648864333947,0.05187231430325353,0.03959484346224678
642,0.029464687359424202,0.05960413855150697,0.06725146198830409,0.02001799370220423,0.1608187134502924,0.039361223571749884,0.10143949617633828,0.04745838956365272,0.016869095816464237,0.05195681511470985,0.033063427800269905,0.04610886189833558,0.06950067476383266,0.020917678812415654,0.024516419253261357,0.04520917678812416,0.028565002249212774,0.022267206477732792,0.049257759784075573,0.06635177687809267
643,0.04268292682926829,0.030487804878048773,0.04674796747967479,0.04268292682926829,0.10094850948509482,0.04268292682926829,0.07249322493224931,0.04268292682926829,0.049457994579945784,0.04132791327913279,0.033197831978319776,0.08739837398373983,0.045392953929539286,0.05623306233062329,0.030487804878048773,0.0684281842818428,0.05216802168021679,0.04268292682926829,0.04132791327913279,0.030487804878048773
644,0.057328605200945626,0.04550827423167849,0.047872340425531915,0.04196217494089834,0.10224586288416075,0.03723404255319149,0.07860520094562648,0.047872340425531915,0.028959810874704492,0.060874704491725766,0.031323877068557916,0.047872340425531915,0.06678486997635934,0.03486997635933806,0.06560283687943262,0.047872340425531915,0.0384160756501182,0.03486997635933806,0.030141843971631204,0.053782505910165486
645,0.055114638447971785,0.02689594356261023,0.044532627865961204,0.044532627865961204,0.13271604938271608,0.04012345679012346,0.05246913580246914,0.08950617283950618,0.020723104056437392,0.05246913580246914,0.05687830687830688,0.04012345679012346,0.05952380952380953,0.02160493827160494,0.09126984126984128,0.02248677248677249,0.06834215167548502,0.028659611992945328,0.025132275132275134,0.02689594356261023
646,0.057945041816009575,0.04599761051373955,0.07347670250896059,0.03285543608124254,0.04599761051373955,0.053166069295101565,0.11170848267622464,0.037634408602150546,0.04838709677419356,0.035244922341696544,0.04719235364396656,0.0878136200716846,0.04002389486260455,0.04002389486260455,0.026881720430107534,0.037634408602150546,0.037634408602150546,0.04121863799283155,0.04002389486260455,0.059139784946236576
647,0.0391812865497076,0.048538011695906436,0.06140350877192982,0.04269005847953217,0.12456140350877193,0.03684210526315789,0.07076023391812865,0.04035087719298246,0.04152046783625731,0.030994152046783626,0.052046783625730994,0.07309941520467836,0.04736842105263158,0.0391812865497076,0.043859649122807015,0.04035087719298246,0.04152046783625731,0.02865497076023392,0.04269005847953217,0.054385964912280704
648,0.03458049886621315,0.03798185941043084,0.11507936507936507,0.036848072562358274,0.04705215419501134,0.0935374149659864,0.05612244897959184,0.06179138321995465,0.031179138321995464,0.03458049886621315,0.03344671201814059,0.0391156462585034,0.054988662131519275,0.0481859410430839,0.03798185941043084,0.040249433106575964,0.05952380952380952,0.03231292517006803,0.04931972789115646,0.05612244897959184
649,0.05496137849079024,0.07456922162804515,0.07278669043374925,0.018716577540106947,0.12032085561497323,0.03713606654783125,0.08288770053475934,0.04961378490790254,0.01633986928104575,0.06981580510992275,0.06565656565656565,0.03416518122400475,0.038324420677361845,0.050207961972667844,0.024658348187759947,0.05971479500891264,0.019904931669637548,0.016934046345811048,0.05377302436125964,0.03951277480689245
650,0.06263616557734204,0.03867102396514161,0.06808278867102396,0.02559912854030501,0.08115468409586056,0.049564270152505446,0.06917211328976035,0.05501089324618736,0.06699346405228758,0.04847494553376906,0.03540305010893246,0.04084967320261438,0.0593681917211329,0.03431372549019608,0.04302832244008715,0.06808278867102396,0.04738562091503268,0.026688453159041396,0.03431372549019608,0.04520697167755991
651,0.017276422764227643,0.029471544715447155,0.059959349593495935,0.019986449864498646,0.18055555555555555,0.059959349593495935,0.07283197831978319,0.04911924119241192,0.03827913279132791,0.051829268292682924,0.03692411924119241,0.06334688346883469,0.036246612466124664,0.030826558265582657,0.05724932249322493,0.02676151761517615,0.022696476964769646,0.03556910569105691,0.053184281842818426,0.057926829268292686
652,0.024011299435028253,0.03436911487758946,0.040018832391713756,0.03060263653483993,0.12288135593220341,0.029661016949152547,0.10216572504708099,0.05037664783427496,0.03907721280602637,0.0588512241054614,0.02777777777777778,0.03625235404896422,0.05790960451977402,0.045668549905838046,0.048493408662900195,0.03625235404896422,0.056967984934086634,0.032485875706214695,0.03813559322033899,0.08804143126177026
653,0.03728070175438597,0.03289473684210527,0.04605263157894737,0.03289473684210527,0.1483918128654971,0.044590643274853806,0.04166666666666667,0.040204678362573104,0.034356725146198835,0.09137426900584797,0.04166666666666667,0.0358187134502924,0.04751461988304094,0.060672514619883045,0.034356725146198835,0.0358187134502924,0.044590643274853806,0.05190058479532164,0.03728070175438597,0.060672514619883045
654,0.04834054834054836,0.04689754689754691,0.044011544011544015,0.03535353535353536,0.07864357864357865,0.03391053391053392,0.04545454545454546,0.036796536796536806,0.07575757575757577,0.08297258297258299,0.054112554112554126,0.03968253968253969,0.06132756132756134,0.04545454545454546,0.03968253968253969,0.05122655122655124,0.0598845598845599,0.03246753246753247,0.03391053391053392,0.054112554112554126
655,0.034900284900284906,0.04344729344729346,0.037749287749287756,0.0462962962962963,0.07193732193732195,0.05199430199430201,0.08333333333333334,0.0462962962962963,0.05056980056980059,0.04202279202279203,0.05056980056980059,0.036324786324786335,0.05626780626780628,0.06766381766381768,0.05199430199430201,0.036324786324786335,0.034900284900284906,0.0690883190883191,0.036324786324786335,0.05199430199430201
656,0.034136546184738964,0.0461847389558233,0.0676037483266399,0.06626506024096387,0.07563587684069613,0.03145917001338689,0.06091030789825972,0.035475234270415,0.055555555555555566,0.0635876840696118,0.032797858099062924,0.035475234270415,0.04886211512717538,0.05287817938420349,0.05957161981258368,0.05020080321285142,0.03012048192771085,0.04886211512717538,0.04082998661311915,0.0635876840696118
657,0.054273504273504275,0.03632478632478633,0.03632478632478633,0.03205128205128205,0.18247863247863247,0.03547008547008547,0.06282051282051282,0.029487179487179487,0.06111111111111111,0.05,0.027777777777777776,0.0764957264957265,0.06538461538461539,0.023504273504273504,0.04145299145299145,0.04145299145299145,0.049145299145299144,0.02863247863247863,0.029487179487179487,0.03632478632478633
658,0.03294001966568338,0.05555555555555554,0.049655850540806276,0.03785644051130776,0.08997050147492625,0.049655850540806276,0.12241887905604718,0.03785644051130776,0.026057030481809237,0.04768928220255653,0.02409046214355948,0.06538839724680431,0.09783677482792524,0.03490658800393313,0.04080629301868239,0.026057030481809237,0.02212389380530973,0.03785644051130776,0.05260570304818091,0.0486725663716814
659,0.028174603174603168,0.0361111111111111,0.10357142857142855,0.0369047619047619,0.13214285714285712,0.050396825396825384,0.040079365079365076,0.043253968253968246,0.0361111111111111,0.02341269841269841,0.07103174603174602,0.04960317460317459,0.07261904761904761,0.050396825396825384,0.06150793650793649,0.04166666666666666,0.03134920634920634,0.02182539682539682,0.02182539682539682,0.048015873015873005
660,0.02715121136173768,0.022974101921470345,0.06307435254803677,0.02130325814536341,0.09649122807017545,0.062238930659983295,0.05054302422723476,0.051378446115288225,0.04135338345864662,0.048872180451127824,0.07644110275689224,0.04803675856307436,0.07059314954051797,0.026315789473684213,0.04218880534670009,0.08395989974937344,0.056390977443609026,0.04469507101086049,0.022138680033416878,0.04385964912280702
661,0.05644444444444444,0.07155555555555555,0.084,0.020888888888888887,0.12577777777777777,0.02266666666666667,0.07155555555555555,0.028888888888888888,0.03422222222222222,0.05644444444444444,0.052,0.026222222222222223,0.036,0.04755555555555555,0.04133333333333333,0.03244444444444444,0.06622222222222222,0.03422222222222222,0.04666666666666667,0.04488888888888889
662,0.03387533875338754,0.03477868112014454,0.11246612466124663,0.04471544715447155,0.0962059620596206,0.02845528455284553,0.04110207768744355,0.05736224028906956,0.02484191508581753,0.039295392953929545,0.047425474254742556,0.05736224028906956,0.046522131887985554,0.05194218608852756,0.047425474254742556,0.04200542005420055,0.046522131887985554,0.053748870822041564,0.04923215898825656,0.04471544715447155
663,0.042378917378917386,0.04024216524216525,0.08796296296296298,0.030982905982905987,0.15420227920227922,0.03311965811965813,0.08725071225071226,0.03383190883190884,0.02243589743589744,0.03311965811965813,0.03311965811965813,0.03881766381766383,0.0430911680911681,0.05021367521367522,0.07015669515669518,0.04166666666666667,0.048789173789173794,0.03525641025641026,0.023860398860398865,0.04950142450142451
664,0.032407407407407406,0.06415343915343916,0.06018518518518518,0.031084656084656083,0.10515873015873016,0.06018518518518518,0.04034391534391534,0.03902116402116402,0.031084656084656083,0.02976190476190476,0.057539682539682536,0.06944444444444445,0.052248677248677246,0.041666666666666664,0.02976190476190476,0.031084656084656083,0.04298941798941799,0.04034391534391534,0.06018518518518518,0.08134920634920635
665,0.03833333333333334,0.03833333333333334,0.04944444444444445,0.026111111111111116,0.12277777777777779,0.036111111111111115,0.06722222222222224,0.061666666666666675,0.052777777777777785,0.05611111111111112,0.030555555555555558,0.03277777777777779,0.07500000000000001,0.05944444444444445,0.0338888888888889,0.04277777777777778,0.07611111111111113,0.026111111111111116,0.04611111111111112,0.028333333333333335
666,0.022135416666666668,0.04123263888888889,0.06032986111111111,0.023871527777777776,0.11675347222222222,0.05685763888888889,0.05078125,0.04210069444444445,0.04123263888888889,0.03342013888888889,0.05946180555555555,0.032552083333333336,0.03342013888888889,0.023871527777777776,0.06727430555555555,0.055121527777777776,0.021267361111111112,0.05859375,0.09331597222222222,0.06640625
667,0.03126012309685779,0.056851311953352766,0.06430191124068675,0.02575315840621963,0.14787819889860707,0.038386783284742466,0.0678652413346291,0.06689342403628118,0.020570132815030773,0.043245869776482024,0.027372853903466148,0.04907677356656948,0.05328798185941043,0.04033041788143829,0.03806284418529317,0.052964042759961125,0.058471007450599286,0.019922254616132166,0.03320375769355361,0.06430191124068675
668,0.03447712418300653,0.01879084967320261,0.04689542483660129,0.018137254901960782,0.16388888888888886,0.05441176470588234,0.08676470588235292,0.06813725490196076,0.01683006535947712,0.03643790849673202,0.052777777777777764,0.020424836601307186,0.11944444444444442,0.0207516339869281,0.04493464052287581,0.03741830065359476,0.034803921568627445,0.01683006535947712,0.022058823529411763,0.08578431372549018
669,0.05357142857142857,0.05277777777777778,0.04404761904761905,0.037698412698412696,0.09642857142857143,0.04722222222222222,0.06944444444444445,0.04880952380952381,0.026587301587301587,0.04325396825396825,0.061507936507936505,0.055952380952380955,0.056746031746031746,0.025,0.054365079365079366,0.04325396825396825,0.04484126984126984,0.041666666666666664,0.02738095238095238,0.06944444444444445
670,0.05317460317460317,0.03571428571428571,0.05793650793650794,0.03571428571428571,0.07539682539682539,0.05634920634920635,0.05476190476190476,0.06587301587301587,0.04047619047619048,0.05476190476190476,0.03571428571428571,0.0373015873015873,0.06746031746031746,0.05,0.05317460317460317,0.05,0.03571428571428571,0.05952380952380952,0.04206349206349207,0.03888888888888889
671,0.06471935853379154,0.04295532646048111,0.05097365406643758,0.02920962199312715,0.12542955326460484,0.032646048109965645,0.044100801832760606,0.05555555555555556,0.025773195876288662,0.06815578465063002,0.044100801832760606,0.05326460481099657,0.07961053837342498,0.02920962199312715,0.025773195876288662,0.031500572737686146,0.034936998854524635,0.02920962199312715,0.06128293241695304,0.07159221076746851
672,0.06038647342995169,0.0426731078904992,0.03784219001610306,0.036231884057971016,0.10547504025764895,0.06038647342995169,0.06038647342995169,0.05394524959742351,0.0426731078904992,0.036231884057971016,0.036231884057971016,0.03784219001610306,0.039452495974235106,0.036231884057971016,0.06521739130434782,0.05555555555555555,0.0571658615136876,0.05394524959742351,0.04428341384863124,0.03784219001610306
673,0.02837729816147083,0.0595523581135092,0.05315747402078338,0.035571542765787376,0.09552358113509193,0.056354916067146286,0.040367705835331745,0.06914468425259794,0.03796962430055956,0.0419664268585132,0.025179856115107917,0.04516386890487611,0.1346922462030376,0.03796962430055956,0.0419664268585132,0.03717026378896883,0.04516386890487611,0.020383693045563554,0.051558752997601924,0.042765787370103926
674,0.06126331811263319,0.02245053272450533,0.10388127853881281,0.038432267884322684,0.13660578386605787,0.03158295281582953,0.042237442922374434,0.09170471841704719,0.029299847792998483,0.05441400304414004,0.040715372907153734,0.04756468797564689,0.05441400304414004,0.027777777777777783,0.05441400304414004,0.037671232876712334,0.029299847792998483,0.028538812785388133,0.02321156773211568,0.044520547945205484
675,0.03784219001610307,0.03623188405797102,0.04750402576489535,0.03623188405797102,0.06521739130434784,0.03945249597423511,0.07326892109500807,0.05877616747181966,0.04106280193236716,0.05233494363929148,0.05072463768115944,0.03784219001610307,0.0958132045088567,0.05072463768115944,0.05233494363929148,0.05877616747181966,0.04106280193236716,0.04750402576489535,0.03784219001610307,0.03945249597423511
676,0.05670103092783505,0.03837342497136312,0.09221076746849943,0.026918671248568157,0.10710194730813287,0.03493699885452463,0.09106529209621993,0.04639175257731959,0.030355097365406643,0.030355097365406643,0.03837342497136312,0.03608247422680412,0.04982817869415808,0.04982817869415808,0.05670103092783505,0.030355097365406643,0.04753722794959908,0.03951890034364261,0.03608247422680412,0.06128293241695303
677,0.04957561728395063,0.0607638888888889,0.07002314814814817,0.027584876543209885,0.17573302469135804,0.02835648148148149,0.06655092592592594,0.03607253086419754,0.01639660493827161,0.05381944444444446,0.05343364197530866,0.03337191358024692,0.06230709876543211,0.04301697530864198,0.0599922839506173,0.023341049382716052,0.05073302469135804,0.02527006172839507,0.022569444444444448,0.04108796296296297
678,0.03347135955831608,0.024499654934437544,0.04934437543133195,0.023809523809523808,0.10386473429951691,0.025879917184265012,0.03692201518288475,0.02933057280883368,0.07004830917874397,0.03554175293305728,0.032781228433402344,0.10593512767425811,0.052795031055900624,0.04175293305728088,0.0852311939268461,0.03692201518288475,0.07763975155279502,0.027950310559006212,0.030710835058661144,0.07556935817805382
679,0.041902071563088505,0.05696798493408661,0.0522598870056497,0.021186440677966097,0.06261770244821091,0.07015065913370996,0.09180790960451976,0.07015065913370996,0.029661016949152536,0.03719397363465159,0.03907721280602636,0.07109227871939736,0.07956685499058379,0.06261770244821091,0.03248587570621468,0.03907721280602636,0.03907721280602636,0.030602636534839918,0.03813559322033898,0.034369114877589445
680,0.04113655640373198,0.042832909245122994,0.05301102629346905,0.04707379134860051,0.09202714164546227,0.04113655640373198,0.10729431721798136,0.044529262086514004,0.04198473282442749,0.042832909245122994,0.025869380831212895,0.03519932145886345,0.04622561492790501,0.04113655640373198,0.03350296861747244,0.042832909245122994,0.04198473282442749,0.06064461407972859,0.06318914334181511,0.05555555555555556
681,0.05555555555555555,0.0423728813559322,0.0687382297551789,0.044256120527306965,0.059322033898305086,0.0423728813559322,0.06120527306967985,0.06497175141242938,0.0423728813559322,0.05367231638418079,0.051789077212806026,0.044256120527306965,0.0423728813559322,0.059322033898305086,0.0480225988700565,0.0423728813559322,0.0423728813559322,0.0423728813559322,0.04990583804143126,0.0423728813559322
682,0.06586483390607102,0.028064146620847653,0.05211912943871707,0.028064146620847653,0.17926689576174112,0.03608247422680412,0.04753722794959908,0.04524627720504009,0.0418098510882016,0.04982817869415808,0.03722794959908362,0.03951890034364261,0.05326460481099656,0.04753722794959908,0.05441008018327606,0.03379152348224513,0.05097365406643757,0.0418098510882016,0.028064146620847653,0.03951890034364261
683,0.03935185185185185,0.04212962962962963,0.07268518518518519,0.02546296296296296,0.17453703703703705,0.034722222222222224,0.09768518518518518,0.05694444444444444,0.043055555555555555,0.031018518518518518,0.034722222222222224,0.02361111111111111,0.050462962962962966,0.029166666666666667,0.05138888888888889,0.05324074074074074,0.02361111111111111,0.031018518518518518,0.033796296296296297,0.05138888888888889
684,0.028787878787878782,0.05202020202020201,0.07424242424242423,0.04898989898989898,0.10555555555555553,0.061111111111111095,0.08333333333333331,0.033838383838383834,0.05303030303030302,0.032828282828282825,0.03181818181818181,0.04898989898989898,0.05707070707070706,0.06717171717171716,0.04898989898989898,0.02676767676767676,0.034848484848484844,0.04494949494949494,0.032828282828282825,0.032828282828282825
685,0.0773809523809524,0.039021164021164026,0.04034391534391535,0.0376984126984127,0.09325396825396827,0.04695767195767196,0.0376984126984127,0.04166666666666667,0.0548941798941799,0.048280423280423285,0.031084656084656086,0.06944444444444446,0.04960317460317461,0.0548941798941799,0.0376984126984127,0.0654761904761905,0.053571428571428575,0.0376984126984127,0.0376984126984127,0.04563492063492064
686,0.04430379746835443,0.06540084388185655,0.03164556962025317,0.04008438818565401,0.10618846694796062,0.035864978902953586,0.047116736990154715,0.05977496483825598,0.04852320675105485,0.03727144866385373,0.035864978902953586,0.056962025316455694,0.07243319268635724,0.052742616033755275,0.04008438818565401,0.04571026722925457,0.03305203938115331,0.03727144866385373,0.03727144866385373,0.07243319268635724
687,0.05190058479532164,0.04312865497076024,0.06505847953216376,0.0358187134502924,0.06505847953216376,0.03874269005847954,0.03289473684210527,0.044590643274853806,0.050438596491228074,0.0679824561403509,0.05336257309941521,0.040204678362573104,0.0723684210526316,0.04605263157894737,0.060672514619883045,0.040204678362573104,0.05774853801169591,0.03289473684210527,0.034356725146198835,0.06652046783625733
688,0.01977401129943503,0.028562460765850596,0.04990583804143126,0.03672316384180791,0.0743879472693032,0.04551161330822348,0.07187696170747018,0.056183301946013814,0.03609541745134966,0.04362837413684871,0.03170119271814187,0.05241682360326428,0.05053358443188952,0.10200878844946641,0.03923414940364093,0.043000627746390456,0.06246076585059636,0.022284996861268048,0.06559949780288764,0.06811048336472066
689,0.043461829176114894,0.036659108087679526,0.08276643990929707,0.031368102796674235,0.06764928193499624,0.03892668178382465,0.07142857142857144,0.06764928193499624,0.0381708238851096,0.08201058201058202,0.04421768707482994,0.036659108087679526,0.0343915343915344,0.045729402872260023,0.04043839758125473,0.036659108087679526,0.029100529100529106,0.029856386999244148,0.06386999244142103,0.07898715041572185
690,0.032870370370370376,0.023611111111111114,0.0550925925925926,0.028240740740740743,0.06805555555555556,0.07175925925925927,0.02268518518518519,0.05972222222222223,0.03935185185185186,0.05231481481481482,0.05694444444444445,0.05601851851851852,0.042129629629629635,0.1263888888888889,0.03564814814814816,0.054166666666666675,0.03564814814814816,0.046759259259259264,0.04583333333333334,0.046759259259259264
691,0.03577441077441077,0.040824915824915826,0.04250841750841751,0.0484006734006734,0.0787037037037037,0.04250841750841751,0.06102693602693603,0.05597643097643098,0.02904040404040404,0.10227272727272728,0.04335016835016835,0.04419191919191919,0.04335016835016835,0.027356902356902357,0.08712121212121213,0.054292929292929296,0.056818181818181816,0.05597643097643098,0.01978114478114478,0.030723905723905723
692,0.042222222222222223,0.035111111111111114,0.10888888888888888,0.023555555555555555,0.12044444444444445,0.06177777777777778,0.06,0.030666666666666665,0.035111111111111114,0.0768888888888889,0.025333333333333333,0.06888888888888889,0.04933333333333333,0.04577777777777778,0.03688888888888889,0.023555555555555555,0.03688888888888889,0.024444444444444446,0.04133333333333333,0.05288888888888889
693,0.030864197530864196,0.04458161865569273,0.033607681755829906,0.033607681755829906,0.11042524005486969,0.06790123456790123,0.059670781893004114,0.04869684499314129,0.047325102880658436,0.030864197530864196,0.043209876543209874,0.03223593964334705,0.0720164609053498,0.03497942386831276,0.04183813443072702,0.030864197530864196,0.04458161865569273,0.0541838134430727,0.06515775034293553,0.07338820301783265
694,0.03833333333333333,0.03388888888888889,0.05388888888888889,0.026111111111111113,0.13166666666666665,0.04611111111111111,0.09055555555555556,0.035,0.028333333333333332,0.03166666666666667,0.055,0.04722222222222222,0.08055555555555556,0.050555555555555555,0.03722222222222222,0.03944444444444444,0.028333333333333332,0.04833333333333333,0.04055555555555555,0.05722222222222222
695,0.028599605522682446,0.021367521367521368,0.07790927021696252,0.0220249835634451,0.11867192636423406,0.0391190006574622,0.08579881656804733,0.04503616042077581,0.025312294543063774,0.04766600920447074,0.020710059171597635,0.06607495069033531,0.05358316896778435,0.05358316896778435,0.056870479947403026,0.06936226166995398,0.0621301775147929,0.017422748191978962,0.031229454306377382,0.05752794214332676
696,0.04568713450292398,0.03033625730994152,0.05226608187134503,0.031067251461988302,0.17799707602339182,0.03618421052631579,0.0712719298245614,0.03545321637426901,0.03545321637426901,0.0625,0.03399122807017544,0.025950292397660817,0.06615497076023392,0.05884502923976608,0.05226608187134503,0.03033625730994152,0.04349415204678363,0.03326023391812866,0.025219298245614034,0.05226608187134503
697,0.07616487455197132,0.04032258064516129,0.051075268817204304,0.042114695340501794,0.06362007168458782,0.04032258064516129,0.04032258064516129,0.04032258064516129,0.047491039426523295,0.04032258064516129,0.04032258064516129,0.047491039426523295,0.05824372759856631,0.04390681003584229,0.09050179211469533,0.0456989247311828,0.056451612903225805,0.047491039426523295,0.04032258064516129,0.047491039426523295
698,0.05355355355355356,0.04154154154154155,0.058558558558558564,0.024524524524524527,0.0805805805805806,0.030530530530530533,0.07257257257257259,0.0885885885885886,0.02852852852852853,0.031531531531531536,0.022522522522522525,0.06456456456456458,0.0975975975975976,0.031531531531531536,0.07157157157157158,0.04154154154154155,0.04854854854854856,0.02852852852852853,0.029529529529529534,0.05355355355355356
699,0.0646135265700483,0.03804347826086957,0.07306763285024155,0.028381642512077296,0.14794685990338163,0.02717391304347826,0.030797101449275364,0.0320048309178744,0.03321256038647343,0.035628019323671496,0.0392512077294686,0.03321256038647343,0.10567632850241546,0.02717391304347826,0.06340579710144928,0.03804347826086957,0.06340579710144928,0.04045893719806763,0.04045893719806763,0.03804347826086957
700,0.0494579945799458,0.061653116531165314,0.07520325203252033,0.0535230352303523,0.10230352303523035,0.03726287262872629,0.07791327913279132,0.034552845528455285,0.03048780487804878,0.048102981029810296,0.0535230352303523,0.03997289972899729,0.042682926829268296,0.03048780487804878,0.04403794037940379,0.03319783197831978,0.046747967479674794,0.03048780487804878,0.06300813008130081,0.04539295392953929
701,0.039452495974235106,0.04428341384863124,0.05877616747181964,0.050724637681159424,0.036231884057971016,0.039452495974235106,0.08132045088566828,0.06038647342995169,0.04750402576489533,0.036231884057971016,0.06360708534621579,0.061996779388083734,0.0426731078904992,0.04428341384863124,0.09259259259259259,0.04106280193236715,0.04589371980676329,0.04106280193236715,0.036231884057971016,0.036231884057971016
702,0.02751817237798547,0.037902388369678096,0.06697819314641745,0.056593977154724834,0.0742471443406023,0.03271028037383178,0.038940809968847356,0.036863966770508835,0.06490134994807893,0.041017653167185884,0.054517133956386306,0.029595015576323994,0.029595015576323994,0.055555555555555566,0.038940809968847356,0.09086188992731051,0.04828660436137073,0.02855659397715473,0.04413291796469367,0.10228452751817241
703,0.0363511659807956,0.05418381344307269,0.09670781893004113,0.04595336076817558,0.0802469135802469,0.03086419753086419,0.03086419753086419,0.03086419753086419,0.06652949245541837,0.051440329218106984,0.041838134430727016,0.052812071330589835,0.06790123456790122,0.051440329218106984,0.037722908093278454,0.04320987654320987,0.06378600823045266,0.04595336076817558,0.03497942386831275,0.0363511659807956
704,0.03846153846153847,0.03846153846153847,0.09829059829059832,0.04700854700854702,0.06923076923076925,0.04700854700854702,0.05042735042735044,0.03846153846153847,0.03846153846153847,0.05726495726495728,0.045299145299145305,0.04700854700854702,0.04017094017094018,0.05384615384615386,0.06581196581196583,0.04871794871794873,0.05042735042735044,0.041880341880341884,0.04017094017094018,0.043589743589743594
705,0.0373134328358209,0.04394693200663351,0.04228855721393036,0.04228855721393036,0.09203980099502489,0.06716417910447763,0.10033167495854065,0.04228855721393036,0.0373134328358209,0.05887230514096187,0.04063018242122721,0.04560530679933666,0.04228855721393036,0.05389718076285241,0.04726368159203981,0.04063018242122721,0.0373134328358209,0.0373134328358209,0.0373134328358209,0.05389718076285241
706,0.05555555555555555,0.04002389486260454,0.05197132616487455,0.028076463560334528,0.0913978494623656,0.04360812425328554,0.08781362007168458,0.04002389486260454,0.03882915173237754,0.06511350059737156,0.032855436081242535,0.08183990442054959,0.05555555555555555,0.026881720430107527,0.05555555555555555,0.028076463560334528,0.03524492234169654,0.05436081242532855,0.03882915173237754,0.04838709677419355
707,0.05240346729708432,0.034278959810874705,0.035066981875492516,0.02876280535855004,0.13120567375886524,0.034278959810874705,0.08313632781717888,0.04688731284475965,0.01773049645390071,0.023246650906225373,0.024822695035460994,0.04767533490937746,0.0847123719464145,0.033490937746256895,0.08313632781717888,0.057919621749408984,0.04925137903861308,0.0256107171000788,0.035855003940110326,0.07052797478329394
708,0.06736111111111112,0.0576388888888889,0.03541666666666667,0.036805555555555564,0.06736111111111112,0.03402777777777778,0.09097222222222223,0.08541666666666668,0.03125000000000001,0.03125000000000001,0.038194444444444454,0.03958333333333334,0.05902777777777778,0.03125000000000001,0.04791666666666668,0.07291666666666669,0.04097222222222223,0.03958333333333334,0.0326388888888889,0.060416666666666674
709,0.07393790849673204,0.049428104575163404,0.04207516339869282,0.024918300653594776,0.09763071895424838,0.04697712418300654,0.07802287581699348,0.04861111111111112,0.042892156862745105,0.035539215686274515,0.04697712418300654,0.0232843137254902,0.09109477124183007,0.029820261437908502,0.03962418300653595,0.0698529411764706,0.040441176470588244,0.020833333333333336,0.029003267973856214,0.06903594771241832
710,0.038085255066387144,0.026904262753319357,0.038085255066387144,0.02620545073375262,0.11146051712089448,0.023410202655485674,0.07512229210342418,0.05485674353598882,0.02830188679245283,0.04856743535988819,0.019217330538085255,0.045772187281621246,0.0429769392033543,0.04996505939902166,0.049266247379454925,0.03948287910552061,0.08211041229909155,0.02480782669461915,0.04856743535988819,0.12683438155136267
711,0.05266955266955268,0.03968253968253969,0.03246753246753247,0.03246753246753247,0.04545454545454546,0.0468975468975469,0.06421356421356422,0.0468975468975469,0.059884559884559894,0.08730158730158731,0.036796536796536806,0.03246753246753247,0.06277056277056278,0.0468975468975469,0.03246753246753247,0.04978354978354979,0.0468975468975469,0.03391053391053392,0.05411255411255412,0.09595959595959597
712,0.060641627543035995,0.16392801251956182,0.03951486697965571,0.022300469483568074,0.05985915492957746,0.03716744913928013,0.059076682316118935,0.08568075117370892,0.023082942097026604,0.04029733959311424,0.04655712050078247,0.051251956181533644,0.05516431924882629,0.03873239436619718,0.05672926447574335,0.03247261345852895,0.021517996870109544,0.022300469483568074,0.030125195618153366,0.05359937402190924
713,0.0391812865497076,0.03450292397660819,0.06725146198830409,0.04152046783625731,0.1327485380116959,0.03333333333333333,0.09181286549707603,0.038011695906432746,0.043859649122807015,0.06257309941520468,0.02982456140350877,0.02631578947368421,0.08011695906432749,0.027485380116959064,0.03567251461988304,0.06023391812865497,0.030994152046783626,0.03333333333333333,0.04035087719298246,0.05087719298245614
714,0.024974515800203875,0.0382262996941896,0.08817533129459736,0.03618756371049949,0.0963302752293578,0.0290519877675841,0.08817533129459736,0.02803261977573904,0.0382262996941896,0.03720693170234455,0.05657492354740061,0.03109072375127421,0.06269113149847094,0.047400611620795105,0.08409785932721713,0.04841997961264016,0.033129459734964326,0.022935779816513763,0.03618756371049949,0.0728848114169215
715,0.04773082942097027,0.03990610328638498,0.03834115805946792,0.04929577464788732,0.036776212832550864,0.035211267605633804,0.0649452269170579,0.035211267605633804,0.05086071987480438,0.05242566510172144,0.061815336463223784,0.041471048513302036,0.08998435054773082,0.035211267605633804,0.04773082942097027,0.061815336463223784,0.03990610328638498,0.04929577464788732,0.06338028169014084,0.05868544600938967
716,0.06679894179894179,0.0562169312169312,0.048280423280423264,0.03373015873015872,0.0853174603174603,0.04695767195767194,0.07208994708994708,0.03637566137566137,0.035052910052910044,0.0324074074074074,0.0324074074074074,0.03373015873015872,0.10383597883597881,0.029761904761904753,0.06150793650793649,0.06415343915343914,0.05753968253968252,0.029761904761904753,0.0324074074074074,0.04166666666666666
717,0.03919035314384152,0.05211024978466839,0.05211024978466839,0.021963824289405683,0.15460809646856158,0.053832902670111975,0.034022394487510765,0.06330749354005168,0.027993109388458226,0.027993109388458226,0.027993109388458226,0.05211024978466839,0.06933677863910422,0.03229974160206718,0.02885443583118002,0.04780361757105943,0.06330749354005168,0.03229974160206718,0.060723514211886306,0.05813953488372093
718,0.0628415300546448,0.05555555555555554,0.04098360655737704,0.04098360655737704,0.07377049180327867,0.05373406193078323,0.04280510018214936,0.04826958105646629,0.04462659380692167,0.04098360655737704,0.04098360655737704,0.046448087431693985,0.061020036429872485,0.05919854280510017,0.04280510018214936,0.046448087431693985,0.05555555555555554,0.057377049180327856,0.04098360655737704,0.04462659380692167
719,0.04253472222222223,0.041377314814814825,0.061631944444444454,0.025173611111111115,0.21440972222222224,0.02112268518518519,0.08188657407407408,0.03559027777777778,0.01996527777777778,0.025752314814814818,0.03443287037037038,0.01996527777777778,0.06452546296296298,0.02112268518518519,0.07667824074074076,0.03096064814814815,0.025173611111111115,0.020543981481481486,0.02748842592592593,0.10966435185185186
720,0.03333333333333334,0.04379084967320262,0.04379084967320262,0.0411764705882353,0.10522875816993466,0.054248366013071904,0.0647058823529412,0.0411764705882353,0.029411764705882356,0.054248366013071904,0.04379084967320262,0.0411764705882353,0.10784313725490198,0.062091503267973865,0.03202614379084968,0.029411764705882356,0.058169934640522884,0.029411764705882356,0.03986928104575164,0.04509803921568628
721,0.0368421052631579,0.027485380116959068,0.06959064327485381,0.034502923976608195,0.06842105263157897,0.05555555555555556,0.056725146198830415,0.04152046783625732,0.03099415204678363,0.03918128654970761,0.06140350877192983,0.03333333333333334,0.10116959064327487,0.04970760233918129,0.04853801169590644,0.04970760233918129,0.04619883040935673,0.04736842105263159,0.0368421052631579,0.0649122807017544
722,0.02701325178389399,0.04841997961264017,0.022935779816513766,0.031090723751274214,0.10550458715596332,0.05249745158002039,0.06574923547400613,0.07594291539245669,0.030071355759429156,0.029051987767584102,0.0361875637104995,0.0361875637104995,0.13200815494393478,0.03822629969418961,0.06574923547400613,0.04638124362895006,0.02701325178389399,0.051478083588175336,0.04128440366972478,0.037206931702344556
723,0.07032755298651253,0.018304431599229287,0.060051380860629416,0.03371868978805395,0.15510597302504817,0.02601156069364162,0.12491971740526654,0.023442517662170842,0.02472703917790623,0.03692999357739242,0.02023121387283237,0.022800256904303148,0.04592164418754014,0.05170199100834939,0.04527938342967245,0.03243416827231856,0.04527938342967245,0.03692999357739242,0.031791907514450865,0.09409120102761721
724,0.09138486312399359,0.05434782608695654,0.02536231884057972,0.02858293075684381,0.08655394524959745,0.047101449275362334,0.13164251207729474,0.04066022544283415,0.03904991948470211,0.05354267310789052,0.018115942028985515,0.06481481481481484,0.026167471819645745,0.04549114331723029,0.039855072463768126,0.04307568438003222,0.051127214170692444,0.04871175523349438,0.04307568438003222,0.021336553945249605
725,0.06651017214397498,0.038341158059467924,0.03521126760563381,0.038341158059467924,0.10563380281690142,0.04929577464788733,0.03521126760563381,0.06181533646322379,0.038341158059467924,0.03521126760563381,0.05242566510172145,0.06338028169014086,0.05086071987480439,0.03521126760563381,0.05399061032863851,0.04929577464788733,0.046165884194053215,0.038341158059467924,0.05242566510172145,0.05399061032863851
726,0.05092592592592592,0.023148148148148147,0.04372427983539095,0.02417695473251029,0.11779835390946503,0.06430041152263374,0.09002057613168725,0.07253086419753087,0.08281893004115226,0.028292181069958847,0.042695473251028807,0.047839506172839504,0.035493827160493825,0.030349794238683128,0.05298353909465021,0.03446502057613169,0.030349794238683128,0.047839506172839504,0.047839506172839504,0.032407407407407406
727,0.049924924924924924,0.03866366366366367,0.06644144144144144,0.022147147147147148,0.07695195195195195,0.03566066066066066,0.04692192192192192,0.04391891891891892,0.0228978978978979,0.037162162162162164,0.06644144144144144,0.1234984984984985,0.08370870870870871,0.0852102102102102,0.059684684684684686,0.028903903903903905,0.04391891891891892,0.021396396396396396,0.016891891891891893,0.029654654654654656
728,0.03184281842818428,0.034552845528455285,0.0494579945799458,0.03048780487804878,0.11178861788617886,0.034552845528455285,0.046747967479674794,0.08333333333333333,0.03590785907859079,0.0535230352303523,0.03184281842818428,0.041327913279132794,0.07249322493224933,0.03048780487804878,0.054878048780487805,0.03726287262872629,0.10907859078590786,0.03048780487804878,0.04403794037940379,0.03590785907859079
729,0.10233918128654967,0.026315789473684202,0.029824561403508764,0.029824561403508764,0.17485380116959062,0.035672514619883036,0.11520467836257307,0.053216374269005835,0.039181286549707595,0.041520467836257305,0.028654970760233912,0.04736842105263157,0.03450292397660818,0.028654970760233912,0.04269005847953216,0.03216374269005847,0.029824561403508764,0.036842105263157884,0.035672514619883036,0.035672514619883036
730,0.030797101449275364,0.04528985507246377,0.042874396135265704,0.029589371980676328,0.13345410628019325,0.035628019323671496,0.028381642512077296,0.058574879227053143,0.03321256038647343,0.028381642512077296,0.02717391304347826,0.07548309178743962,0.08031400966183574,0.02717391304347826,0.06582125603864734,0.044082125603864736,0.044082125603864736,0.050120772946859904,0.06944444444444445,0.050120772946859904
731,0.028599605522682446,0.031229454306377382,0.022682445759368838,0.022682445759368838,0.1614069690992768,0.03385930309007232,0.05358316896778435,0.06804733727810651,0.017422748191978962,0.07133464825772518,0.05752794214332676,0.05029585798816568,0.08251150558842867,0.03385930309007232,0.04963839579224195,0.03451676528599606,0.03714661406969099,0.038461538461538464,0.04963839579224195,0.05555555555555555
732,0.06765676567656764,0.033553355335533545,0.04345434543454345,0.04125412541254125,0.12706270627062705,0.04895489548954894,0.06215621562156214,0.026952695269526945,0.031353135313531344,0.031353135313531344,0.04565456545654565,0.06655665566556654,0.039053905390539045,0.04015401540154015,0.07315731573157315,0.05445544554455444,0.04675467546754675,0.024752475247524747,0.042354235423542344,0.053355335533553344
733,0.06224899598393574,0.03681392235609103,0.040829986613119144,0.039491298527443104,0.050200803212851405,0.03681392235609103,0.04618473895582329,0.04484605087014726,0.04350736278447122,0.059571619812583666,0.04216867469879518,0.07965194109772424,0.06492637215528782,0.030120481927710843,0.059571619812583666,0.03279785809906292,0.04216867469879518,0.05823293172690763,0.03815261044176707,0.09170013386880857
734,0.044566544566544575,0.04578754578754579,0.07020757020757022,0.0286935286935287,0.12881562881562883,0.05921855921855923,0.05677655677655679,0.05189255189255191,0.031135531135531143,0.02747252747252748,0.042124542124542134,0.05433455433455435,0.07142857142857144,0.05921855921855923,0.03846153846153847,0.03357753357753358,0.042124542124542134,0.029914529914529923,0.04090354090354091,0.04334554334554335
735,0.07097667062079872,0.014432582048240408,0.07611704230921311,0.029853697113483582,0.15005931198102013,0.03855278766310794,0.0863977856860419,0.040925266903914584,0.01285092922103598,0.02748121787267694,0.014827995255041516,0.08007117437722419,0.05674179517595886,0.06702253855278766,0.04567022538552787,0.031435349940688015,0.03855278766310794,0.02589956504547251,0.03262158956109133,0.059509687623566614
736,0.04794520547945205,0.06316590563165905,0.09208523592085235,0.09360730593607305,0.07229832572298325,0.04033485540334855,0.05555555555555555,0.03729071537290715,0.04490106544901065,0.03576864535768645,0.03424657534246575,0.04185692541856925,0.04946727549467275,0.04946727549467275,0.05098934550989345,0.03424657534246575,0.04794520547945205,0.04033485540334855,0.03424657534246575,0.03424657534246575
737,0.05737704918032784,0.040983606557377025,0.04280510018214934,0.05191256830601091,0.10109289617486335,0.040983606557377025,0.08287795992714021,0.06466302367941709,0.040983606557377025,0.040983606557377025,0.040983606557377025,0.040983606557377025,0.05737704918032784,0.040983606557377025,0.040983606557377025,0.040983606557377025,0.040983606557377025,0.044626593806921654,0.044626593806921654,0.04280510018214934
738,0.03940568475452196,0.0562015503875969,0.05490956072351421,0.030361757105943153,0.07945736434108527,0.04198966408268734,0.05232558139534884,0.06395348837209303,0.040697674418604654,0.04198966408268734,0.04198966408268734,0.060077519379844964,0.07041343669250646,0.043281653746770024,0.0562015503875969,0.034237726098191215,0.047157622739018086,0.0458656330749354,0.03165374677002584,0.06782945736434108
739,0.037795992714025506,0.09426229508196723,0.027777777777777783,0.02413479052823316,0.08697632058287798,0.035974499089253195,0.07969034608378872,0.05236794171220402,0.025045537340619314,0.03870673952641166,0.04052823315118398,0.06511839708561021,0.051457194899817864,0.03688524590163935,0.06876138433515484,0.03870673952641166,0.04963570127504555,0.043260473588342445,0.05418943533697634,0.0487249544626594
740,0.05874316939890711,0.05965391621129326,0.07877959927140255,0.036885245901639344,0.174408014571949,0.031420765027322405,0.027777777777777776,0.020491803278688523,0.025045537340619307,0.023224043715846996,0.03961748633879782,0.10336976320582877,0.02959927140255009,0.038706739526411654,0.05145719489981785,0.052367941712204005,0.04052823315118397,0.028688524590163935,0.0377959927140255,0.04143897996357013
741,0.05000000000000002,0.03974358974358975,0.05341880341880343,0.04743589743589745,0.08162393162393164,0.022649572649572652,0.0935897435897436,0.024358974358974366,0.019230769230769235,0.02692307692307693,0.02008547008547009,0.06880341880341882,0.06794871794871796,0.04230769230769232,0.07136752136752138,0.036324786324786335,0.04145299145299146,0.032051282051282055,0.06880341880341882,0.0918803418803419
742,0.10073260073260074,0.05067155067155067,0.028693528693528692,0.040903540903540904,0.08608058608058608,0.031135531135531136,0.11904761904761904,0.040903540903540904,0.033577533577533576,0.029914529914529916,0.03968253968253968,0.04212454212454213,0.06043956043956044,0.03235653235653236,0.043345543345543344,0.056776556776556776,0.0641025641025641,0.038461538461538464,0.028693528693528692,0.03235653235653236
743,0.040103016924208985,0.058498896247240625,0.045253863134657846,0.02023546725533481,0.1063281824871229,0.03568800588668139,0.0526122148638705,0.02317880794701987,0.01802796173657101,0.040103016924208985,0.031272994849153794,0.10706401766004417,0.09823399558498898,0.02317880794701987,0.08425312729948493,0.0268579838116262,0.04451802796173658,0.03274466519499633,0.046725533480500375,0.06512141280353202
744,0.031224655312246555,0.04501216545012166,0.03771289537712896,0.019870235198702357,0.062043795620437964,0.018248175182481754,0.07745336577453367,0.057988645579886464,0.023114355231143555,0.04582319545823196,0.04014598540145986,0.1326034063260341,0.058799675587996765,0.04257907542579076,0.07177615571776157,0.029602595296025956,0.021492295214922956,0.07096512570965127,0.05636658556366586,0.05717761557177616
745,0.06440511307767946,0.02900688298918388,0.06440511307767946,0.05850540806293019,0.10078662733529992,0.033923303834808266,0.08210422812192725,0.027040314650934122,0.05850540806293019,0.05653883972468044,0.03490658800393314,0.05162241887905605,0.0496558505408063,0.054572271386430685,0.046705998033431666,0.03588987217305802,0.03982300884955753,0.02409046214355949,0.04768928220255655,0.03982300884955753
746,0.030361757105943153,0.07170542635658915,0.03811369509043928,0.03294573643410853,0.1182170542635659,0.07428940568475452,0.07041343669250646,0.034237726098191215,0.05232558139534884,0.029069767441860465,0.029069767441860465,0.03811369509043928,0.05232558139534884,0.04974160206718346,0.030361757105943153,0.034237726098191215,0.0665374677002584,0.0355297157622739,0.05749354005167959,0.05490956072351421
747,0.0343915343915344,0.05967078189300413,0.02616108171663728,0.01616696061140506,0.10670194003527339,0.03615520282186949,0.09847148736037628,0.03203997648442094,0.045561434450323346,0.026748971193415644,0.020870076425631986,0.061434450323339225,0.03615520282186949,0.04497354497354498,0.11316872427983542,0.045561434450323346,0.04085831863609642,0.01851851851851852,0.07201646090534981,0.06437389770723105
748,0.03167641325536062,0.032651072124756333,0.05701754385964912,0.02290448343079922,0.05116959064327485,0.0726120857699805,0.0550682261208577,0.02290448343079922,0.053118908382066274,0.11744639376218323,0.027777777777777776,0.04922027290448343,0.05214424951267056,0.054093567251461985,0.024853801169590642,0.06676413255360623,0.02290448343079922,0.02387914230019493,0.07358674463937621,0.08820662768031189
749,0.04722222222222221,0.033888888888888885,0.04388888888888888,0.04388888888888888,0.10833333333333331,0.04722222222222221,0.04277777777777777,0.040555555555555546,0.027222222222222214,0.040555555555555546,0.04166666666666666,0.05833333333333332,0.07499999999999998,0.04499999999999999,0.027222222222222214,0.09055555555555554,0.04722222222222221,0.05055555555555554,0.03833333333333332,0.05055555555555554
750,0.03203568532035686,0.04717491213841579,0.046634225466342265,0.01527439848607732,0.18586104352527713,0.050419032170857,0.05231143552311436,0.05095971884293053,0.01797783184644499,0.0625844822925115,0.0382535820492025,0.06150310894836443,0.054744525547445265,0.02095160854284942,0.0552852122195188,0.043660448769937826,0.0658286023249527,0.0463638821303055,0.017437145174371456,0.034739118680724525
751,0.03145917001338688,0.03413654618473896,0.051539491298527446,0.03279785809906292,0.11178045515394913,0.04484605087014726,0.04216867469879518,0.07965194109772424,0.03815261044176707,0.039491298527443104,0.030120481927710843,0.051539491298527446,0.09170013386880857,0.06091030789825971,0.03279785809906292,0.07161981258366801,0.03145917001338688,0.03681392235609103,0.03413654618473896,0.05287817938420348
752,0.08071278825995808,0.04716981132075472,0.0506638714185884,0.019217330538085255,0.12124388539482879,0.04856743535988819,0.08979734451432565,0.035290006988120196,0.027603074772886094,0.033193570929419984,0.022711390635918937,0.04227812718378756,0.10866526904262754,0.0660377358490566,0.06114605171208945,0.02620545073375262,0.03738644304682041,0.021313766596785466,0.025506638714185886,0.035290006988120196
753,0.07770745428973279,0.02004219409282701,0.02215189873417722,0.017229254571026725,0.18811533052039384,0.04184247538677919,0.0917721518987342,0.034106891701828415,0.018635724331926867,0.055203938115330524,0.024261603375527428,0.045358649789029544,0.07700421940928272,0.033403656821378344,0.06012658227848102,0.04887482419127989,0.030590717299578064,0.02918424753867792,0.050984528832630105,0.033403656821378344
754,0.05964052287581701,0.03676470588235295,0.03676470588235295,0.05147058823529413,0.08741830065359478,0.03676470588235295,0.0792483660130719,0.038398692810457526,0.04166666666666667,0.0465686274509804,0.044934640522875824,0.044934640522875824,0.040032679738562095,0.03676470588235295,0.06127450980392158,0.0465686274509804,0.044934640522875824,0.038398692810457526,0.06290849673202616,0.06454248366013074
755,0.03626543209876543,0.04706790123456789,0.037808641975308636,0.03472222222222222,0.08256172839506172,0.039351851851851846,0.03626543209876543,0.05324074074074073,0.03626543209876543,0.05015432098765431,0.03472222222222222,0.05787037037037036,0.09490740740740738,0.0486111111111111,0.0810185185185185,0.039351851851851846,0.05015432098765431,0.04706790123456789,0.0486111111111111,0.043981481481481476
756,0.04367201426024955,0.03891859774212715,0.033571004159239456,0.023469994058229353,0.11140819964349376,0.02287581699346405,0.10071301247771836,0.08051099227569816,0.029411764705882353,0.05674390968508616,0.02703505644682115,0.022281639928698752,0.06922162804515745,0.051990493166963754,0.034165181224004755,0.06268568033273916,0.05020796197266786,0.02703505644682115,0.049019607843137254,0.06506238859180036
757,0.038562091503267976,0.06601307189542484,0.046405228758169936,0.04379084967320261,0.07647058823529412,0.05555555555555555,0.09084967320261438,0.029411764705882353,0.03202614379084967,0.0803921568627451,0.042483660130718956,0.03594771241830065,0.042483660130718956,0.045098039215686274,0.056862745098039215,0.034640522875816995,0.04771241830065359,0.03725490196078431,0.045098039215686274,0.052941176470588235
758,0.05908289241622575,0.05379188712522046,0.03968253968253969,0.041446208112874784,0.06613756613756615,0.03968253968253969,0.06790123456790124,0.057319223985890656,0.05555555555555556,0.03968253968253969,0.041446208112874784,0.05379188712522046,0.07495590828924163,0.04497354497354498,0.04320987654320988,0.041446208112874784,0.05555555555555556,0.041446208112874784,0.03968253968253969,0.04320987654320988
759,0.07687338501291989,0.030361757105943153,0.03682170542635659,0.03940568475452196,0.05103359173126615,0.03294573643410853,0.06782945736434108,0.07041343669250646,0.04844961240310078,0.0458656330749354,0.030361757105943153,0.04844961240310078,0.09496124031007752,0.06136950904392765,0.05103359173126615,0.047157622739018086,0.034237726098191215,0.04844961240310078,0.040697674418604654,0.043281653746770024
760,0.050813008130081286,0.044037940379403784,0.03590785907859078,0.04268292682926829,0.07520325203252032,0.045392953929539286,0.030487804878048773,0.045392953929539286,0.04674796747967479,0.04268292682926829,0.06978319783197831,0.045392953929539286,0.04674796747967479,0.030487804878048773,0.11178861788617883,0.030487804878048773,0.03726287262872628,0.049457994579945784,0.049457994579945784,0.06978319783197831
761,0.04185692541856925,0.04794520547945205,0.04794520547945205,0.03424657534246575,0.07686453576864535,0.04794520547945205,0.06012176560121765,0.04642313546423135,0.03424657534246575,0.03881278538812785,0.04946727549467275,0.04794520547945205,0.08143074581430745,0.05403348554033485,0.03576864535768645,0.07534246575342465,0.03424657534246575,0.05555555555555555,0.03729071537290715,0.05251141552511415
762,0.04464285714285715,0.04464285714285715,0.06051587301587302,0.04464285714285715,0.04464285714285715,0.04464285714285715,0.04464285714285715,0.04464285714285715,0.064484126984127,0.04464285714285715,0.04464285714285715,0.04464285714285715,0.06250000000000001,0.06250000000000001,0.046626984126984135,0.06051587301587302,0.04464285714285715,0.06250000000000001,0.04464285714285715,0.04464285714285715
763,0.028752436647173488,0.032651072124756333,0.04824561403508772,0.03752436647173489,0.13499025341130605,0.027777777777777776,0.05214424951267056,0.04337231968810916,0.025828460038986353,0.060916179337231965,0.05214424951267056,0.05019493177387914,0.04434697855750487,0.041423001949317736,0.08333333333333333,0.07553606237816764,0.07748538011695906,0.0297270955165692,0.021929824561403508,0.03167641325536062
764,0.05421686746987952,0.04350736278447122,0.039491298527443104,0.040829986613119144,0.04484605087014726,0.05823293172690763,0.09170013386880857,0.050200803212851405,0.07563587684069611,0.04350736278447122,0.039491298527443104,0.03815261044176707,0.050200803212851405,0.06492637215528782,0.03145917001338688,0.04350736278447122,0.04618473895582329,0.039491298527443104,0.03145917001338688,0.07295850066934405
765,0.06625514403292179,0.04732510288065842,0.05555555555555554,0.022633744855967076,0.09753086419753083,0.04732510288065842,0.12139917695473249,0.024279835390946494,0.03004115226337448,0.058024691358024676,0.05555555555555554,0.04485596707818929,0.08847736625514402,0.0382716049382716,0.0382716049382716,0.05308641975308641,0.02098765432098765,0.03497942386831275,0.033333333333333326,0.021810699588477363
766,0.05808080808080809,0.029797979797979803,0.039898989898989906,0.046969696969696974,0.08737373737373738,0.03181818181818182,0.06717171717171719,0.05404040404040405,0.045959595959595964,0.043939393939393945,0.02373737373737374,0.05606060606060607,0.061111111111111116,0.043939393939393945,0.07323232323232325,0.041919191919191925,0.03282828282828284,0.08737373737373738,0.02777777777777778,0.046969696969696974
767,0.06436314363143632,0.04539295392953929,0.07384823848238482,0.034552845528455285,0.10365853658536585,0.03861788617886179,0.06300813008130081,0.03048780487804878,0.03048780487804878,0.05894308943089431,0.06436314363143632,0.03319783197831978,0.06571815718157181,0.034552845528455285,0.05894308943089431,0.03184281842818428,0.041327913279132794,0.041327913279132794,0.03048780487804878,0.054878048780487805
768,0.032467532467532464,0.046897546897546896,0.06565656565656566,0.04112554112554113,0.09595959595959595,0.03823953823953824,0.03823953823953824,0.05988455988455989,0.049783549783549784,0.04401154401154401,0.0367965367965368,0.0367965367965368,0.045454545454545456,0.032467532467532464,0.06854256854256854,0.048340548340548344,0.05266955266955267,0.06854256854256854,0.03823953823953824,0.05988455988455989
769,0.0548611111111111,0.07708333333333332,0.07152777777777776,0.031249999999999993,0.08402777777777777,0.047916666666666656,0.040972222222222215,0.031249999999999993,0.06041666666666665,0.03402777777777777,0.05208333333333332,0.047916666666666656,0.03819444444444444,0.031249999999999993,0.05763888888888888,0.05069444444444443,0.0548611111111111,0.039583333333333325,0.05208333333333332,0.042361111111111106
770,0.029121863799283148,0.024641577060931893,0.05331541218637991,0.04345878136200716,0.15636200716845874,0.04256272401433691,0.09632616487455194,0.04166666666666666,0.024641577060931893,0.02374551971326164,0.032706093189964154,0.021953405017921142,0.09543010752688169,0.03449820788530465,0.03987455197132616,0.0371863799283154,0.06048387096774192,0.05062724014336916,0.03629032258064516,0.055107526881720416
771,0.07104913678618857,0.04006197432492253,0.04803010181496236,0.020141655599822925,0.1786188579017264,0.016157591854803005,0.08919876051350153,0.04360336432049579,0.04891544931385568,0.028109783089862766,0.02501106684373616,0.03120849933598937,0.046702080566622395,0.027667109340416107,0.09583886675520138,0.04714475431606904,0.03696325807879592,0.027667109340416107,0.05334218680832225,0.0245683930942895
772,0.04861111111111112,0.02510683760683761,0.03044871794871795,0.04754273504273505,0.17788461538461542,0.027243589743589747,0.07745726495726497,0.024038461538461543,0.05288461538461539,0.024038461538461543,0.043269230769230775,0.058226495726495735,0.03151709401709402,0.043269230769230775,0.04754273504273505,0.043269230769230775,0.040064102564102574,0.06463675213675216,0.02510683760683761,0.06784188034188035
773,0.05036344755970925,0.03271028037383178,0.08982346832814124,0.028556593977154727,0.13759086188992734,0.037902388369678096,0.03478712357217031,0.05867082035306335,0.027518172377985466,0.03271028037383178,0.03167185877466252,0.05659397715472483,0.0742471443406023,0.03374870197300105,0.04309449636552441,0.030633437175493255,0.04413291796469367,0.04517133956386293,0.0659397715472482,0.04413291796469367
774,0.0480859010270775,0.03127917833800187,0.0350140056022409,0.03034547152194211,0.10597572362278244,0.05835667600373483,0.05368814192343604,0.06395891690009337,0.05555555555555555,0.034080298786181136,0.03034547152194211,0.08169934640522876,0.0611577964519141,0.03594771241830065,0.03221288515406162,0.029411764705882353,0.0873015873015873,0.028478057889822595,0.05182072829131653,0.045284780578898225
775,0.05911111111111113,0.08400000000000002,0.08755555555555557,0.027111111111111117,0.14977777777777782,0.030666666666666672,0.04222222222222223,0.04133333333333334,0.02088888888888889,0.05111111111111113,0.0608888888888889,0.04844444444444446,0.03955555555555556,0.04844444444444446,0.03244444444444445,0.031555555555555566,0.036888888888888895,0.031555555555555566,0.03511111111111112,0.04133333333333334
776,0.05407407407407407,0.03530864197530864,0.03728395061728395,0.02493827160493827,0.10148148148148148,0.03876543209876543,0.11580246913580247,0.05308641975308642,0.01950617283950617,0.025925925925925925,0.027407407407407408,0.07876543209876544,0.05407407407407407,0.03580246913580247,0.05555555555555555,0.030864197530864196,0.051111111111111114,0.0437037037037037,0.028888888888888888,0.08765432098765433
777,0.05481972038263429,0.03495217071376012,0.04893303899926416,0.03789551140544518,0.1166298749080206,0.0437821927888153,0.05187637969094923,0.03348050036791759,0.032744665194996324,0.04672553348050037,0.02832965415746873,0.03642384105960265,0.07910228108903605,0.05334805003679176,0.07542310522442973,0.03568800588668138,0.06585724797645327,0.01949963208241354,0.05481972038263429,0.04966887417218543
778,0.053990610328638486,0.03677621283255086,0.04147104851330203,0.03834115805946791,0.10563380281690138,0.03834115805946791,0.05555555555555554,0.0352112676056338,0.0352112676056338,0.053990610328638486,0.04147104851330203,0.03677621283255086,0.053990610328638486,0.04929577464788731,0.047730829420970254,0.0352112676056338,0.0461658841940532,0.0571205007824726,0.09311424100156493,0.04460093896713614
779,0.03506375227686703,0.033242258652094715,0.0651183970856102,0.023224043715846996,0.14617486338797814,0.025956284153005466,0.0924408014571949,0.05418943533697632,0.025045537340619307,0.07240437158469945,0.05510018214936248,0.031420765027322405,0.04326047358834244,0.03597449908925319,0.0441712204007286,0.04963570127504554,0.0377959927140255,0.023224043715846996,0.03415300546448088,0.07240437158469945
780,0.06823671497584541,0.06340579710144928,0.06702898550724638,0.02717391304347826,0.1068840579710145,0.04045893719806763,0.04891304347826087,0.10809178743961352,0.03321256038647343,0.0392512077294686,0.0320048309178744,0.03321256038647343,0.06702898550724638,0.02717391304347826,0.035628019323671496,0.05374396135265701,0.0392512077294686,0.028381642512077296,0.042874396135265704,0.03804347826086957
781,0.03990610328638498,0.03990610328638498,0.035211267605633804,0.05868544600938967,0.0539906103286385,0.0539906103286385,0.08998435054773082,0.03834115805946792,0.05712050078247261,0.07589984350547731,0.04773082942097027,0.061815336463223784,0.0539906103286385,0.035211267605633804,0.036776212832550864,0.05242566510172144,0.04773082942097027,0.036776212832550864,0.041471048513302036,0.04303599374021909
782,0.033429533429533434,0.03775853775853776,0.051707551707551716,0.015632515632515637,0.10365560365560367,0.035834535834535844,0.18783068783068785,0.07671957671957673,0.016113516113516118,0.028619528619528625,0.0420875420875421,0.019961519961519965,0.031505531505531516,0.015632515632515637,0.0800865800865801,0.04882154882154883,0.031505531505531516,0.03775853775853776,0.025733525733525737,0.07960557960557962
783,0.03547523427041498,0.04216867469879517,0.10374832663989288,0.030120481927710836,0.09036144578313252,0.05153949129852743,0.0394912985274431,0.04752342704149932,0.05020080321285139,0.031459170013386877,0.09973226238286477,0.05689424364123158,0.04082998661311914,0.05555555555555554,0.04484605087014725,0.030120481927710836,0.031459170013386877,0.04484605087014725,0.0394912985274431,0.03413654618473895
784,0.03972868217054264,0.02487080103359173,0.06363049095607236,0.01776485788113695,0.10368217054263566,0.023578811369509043,0.06686046511627906,0.02422480620155039,0.05458656330749354,0.03520671834625323,0.05587855297157623,0.03714470284237726,0.07525839793281654,0.06492248062015504,0.05910852713178295,0.061692506459948324,0.052002583979328165,0.0332687338501292,0.038436692506459945,0.06815245478036176
785,0.04494128274616079,0.04042457091237579,0.03635953026196929,0.023261065943992774,0.11766034327009937,0.04539295392953929,0.08107497741644083,0.034101174345076785,0.022809394760614273,0.0530713640469738,0.03726287262872629,0.03229448961156278,0.09101174345076785,0.035456187895212286,0.08694670280036133,0.04403794037940379,0.021906052393857272,0.03816621499548329,0.03771454381210479,0.07610659439927732
786,0.06985294117647059,0.061683006535947715,0.08374183006535947,0.026552287581699346,0.10580065359477124,0.03308823529411765,0.07230392156862746,0.05269607843137255,0.04370915032679738,0.026552287581699346,0.023284313725490197,0.0363562091503268,0.028186274509803922,0.0363562091503268,0.06495098039215687,0.05759803921568627,0.03308823529411765,0.02246732026143791,0.030637254901960783,0.09109477124183006
787,0.035714285714285726,0.04682539682539684,0.035714285714285726,0.04206349206349208,0.09920634920634923,0.035714285714285726,0.0658730158730159,0.0388888888888889,0.0388888888888889,0.05952380952380954,0.035714285714285726,0.06746031746031748,0.04365079365079366,0.06746031746031748,0.0388888888888889,0.035714285714285726,0.06269841269841273,0.0388888888888889,0.04365079365079366,0.06746031746031748
788,0.04836309523809524,0.036458333333333336,0.058779761904761904,0.018601190476190476,0.11135912698412699,0.043402777777777776,0.047867063492063495,0.03794642857142857,0.03149801587301587,0.044890873015873016,0.047867063492063495,0.0662202380952381,0.07614087301587301,0.05530753968253968,0.047867063492063495,0.045882936507936505,0.05084325396825397,0.03447420634920635,0.03943452380952381,0.05679563492063492
789,0.051328502415458936,0.03683574879227053,0.04891304347826087,0.03321256038647343,0.10929951690821256,0.041666666666666664,0.07910628019323672,0.028381642512077296,0.050120772946859904,0.034420289855072464,0.04045893719806763,0.05253623188405797,0.06823671497584541,0.050120772946859904,0.05615942028985507,0.06340579710144928,0.035628019323671496,0.05253623188405797,0.029589371980676328,0.03804347826086957
790,0.058855885588558865,0.03355335533553356,0.03575357535753576,0.028052805280528056,0.1303630363036304,0.026952695269526955,0.03575357535753576,0.04345434543454346,0.026952695269526955,0.04675467546754676,0.05995599559955996,0.06435643564356437,0.04345434543454346,0.03685368536853686,0.07865786578657867,0.07755775577557757,0.05555555555555556,0.05775577557755776,0.029152915291529156,0.030253025302530257
791,0.06765232974910396,0.043458781362007176,0.04166666666666667,0.02195340501792115,0.08557347670250898,0.11514336917562726,0.02374551971326165,0.02195340501792115,0.03897849462365592,0.030017921146953407,0.05958781362007169,0.08109318996415772,0.04704301075268818,0.045250896057347674,0.06406810035842295,0.0613799283154122,0.034498207885304666,0.051523297491039434,0.028225806451612906,0.037186379928315416
792,0.0753968253968254,0.07380952380952382,0.06587301587301589,0.03730158730158731,0.08015873015873018,0.040476190476190485,0.08492063492063494,0.03730158730158731,0.045238095238095244,0.0642857142857143,0.03571428571428572,0.03571428571428572,0.04841269841269842,0.040476190476190485,0.03571428571428572,0.03571428571428572,0.038888888888888896,0.03571428571428572,0.05158730158730159,0.03730158730158731
793,0.06702898550724638,0.04891304347826087,0.05374396135265701,0.050120772946859904,0.14432367149758454,0.044082125603864736,0.07427536231884058,0.030797101449275364,0.02717391304347826,0.0320048309178744,0.02717391304347826,0.029589371980676328,0.05253623188405797,0.0392512077294686,0.06219806763285024,0.06219806763285024,0.02717391304347826,0.0320048309178744,0.0320048309178744,0.06340579710144928
794,0.036375661375661374,0.06944444444444445,0.052248677248677246,0.031084656084656083,0.04563492063492063,0.04431216931216931,0.09722222222222222,0.031084656084656083,0.031084656084656083,0.04431216931216931,0.032407407407407406,0.04298941798941799,0.08664021164021164,0.07341269841269842,0.05357142857142857,0.02976190476190476,0.041666666666666664,0.03373015873015873,0.05489417989417989,0.06812169312169312
795,0.06681681681681682,0.0457957957957958,0.033783783783783786,0.0472972972972973,0.06381381381381382,0.03528528528528529,0.09234234234234234,0.05780780780780781,0.03528528528528529,0.038288288288288286,0.033783783783783786,0.04279279279279279,0.0472972972972973,0.048798798798798795,0.03528528528528529,0.033783783783783786,0.08033033033033032,0.04279279279279279,0.08033033033033032,0.038288288288288286
796,0.03166666666666667,0.051666666666666666,0.05388888888888889,0.030555555555555555,0.07722222222222222,0.045,0.055,0.06944444444444445,0.05611111111111111,0.03388888888888889,0.065,0.041666666666666664,0.051666666666666666,0.06166666666666667,0.04055555555555555,0.05277777777777778,0.04833333333333333,0.026111111111111113,0.029444444444444443,0.07833333333333334
797,0.10483091787439613,0.030434782608695653,0.023671497584541065,0.03816425120772947,0.042995169082125605,0.030434782608695653,0.0536231884057971,0.05555555555555555,0.03140096618357488,0.04782608695652174,0.035265700483091786,0.0536231884057971,0.07198067632850241,0.03816425120772947,0.06618357487922705,0.06618357487922705,0.025603864734299518,0.051690821256038647,0.028502415458937197,0.10386473429951691
798,0.028076463560334528,0.04121863799283154,0.05316606929510155,0.026881720430107527,0.1057347670250896,0.04958183990442055,0.04241338112305854,0.05794504181600956,0.05794504181600956,0.04838709677419355,0.047192353643966546,0.05316606929510155,0.04838709677419355,0.032855436081242535,0.05197132616487455,0.05913978494623656,0.032855436081242535,0.05077658303464755,0.07347670250896057,0.03882915173237754
799,0.05077658303464755,0.04241338112305854,0.07586618876941457,0.02927120669056153,0.07586618876941457,0.032855436081242535,0.06989247311827956,0.05675029868578255,0.04241338112305854,0.03046594982078853,0.02927120669056153,0.034050179211469536,0.05197132616487455,0.07467144563918758,0.04958183990442055,0.034050179211469536,0.06869772998805257,0.026881720430107527,0.08183990442054959,0.04241338112305854
800,0.031289910600255426,0.030012771392081736,0.06194125159642401,0.03384418901660281,0.09003831417624521,0.06321839080459771,0.05044699872286079,0.05044699872286079,0.06194125159642401,0.040229885057471264,0.038952745849297574,0.044061302681992334,0.06066411238825032,0.037675606641123884,0.06194125159642401,0.06194125159642401,0.06832694763729247,0.0351213282247765,0.04533844189016603,0.032567049808429116
801,0.03497942386831276,0.043209876543209874,0.051440329218107,0.043209876543209874,0.03223593964334705,0.051440329218107,0.03635116598079561,0.07613168724279835,0.04869684499314129,0.03497942386831276,0.05829903978052126,0.08436213991769548,0.047325102880658436,0.050068587105624146,0.061042524005486966,0.04869684499314129,0.030864197530864196,0.050068587105624146,0.03772290809327846,0.07887517146776406
802,0.03048780487804878,0.042682926829268296,0.04403794037940379,0.03048780487804878,0.06436314363143632,0.042682926829268296,0.07384823848238482,0.04539295392953929,0.03048780487804878,0.10501355013550136,0.04403794037940379,0.05758807588075881,0.07655826558265583,0.034552845528455285,0.06300813008130081,0.04403794037940379,0.03048780487804878,0.03997289972899729,0.06978319783197832,0.03048780487804878
803,0.03323186199898529,0.01699644850329782,0.09005580923389143,0.013952308472856419,0.12810755961440895,0.05707762557077626,0.0895484525621512,0.042871638762049726,0.01699644850329782,0.06925418569254187,0.03881278538812786,0.028158295281582955,0.09208523592085237,0.015981735159817354,0.052004058853373926,0.032217148655504825,0.04845256215119229,0.019533231861998988,0.050481988838153226,0.06418061897513953
804,0.033201840894148585,0.03977646285338593,0.07264957264957266,0.027284681130834976,0.1022353714661407,0.03714661406969099,0.07001972386587771,0.07922419460881,0.03254437869822485,0.054240631163708086,0.03451676528599606,0.015450361604207758,0.1344510190664037,0.027942143326758713,0.03057199211045365,0.046351084812623275,0.03385930309007232,0.016765285996055226,0.02925706771860618,0.08251150558842867
805,0.0818399044205496,0.07228195937873359,0.035244922341696544,0.03405017921146954,0.0890083632019116,0.036439665471923545,0.05316606929510156,0.04599761051373955,0.06272401433691757,0.0842293906810036,0.03882915173237755,0.037634408602150546,0.05913978494623657,0.03285543608124254,0.048387096774193554,0.03166069295101554,0.037634408602150546,0.030465949820788533,0.05436081242532856,0.03405017921146954
806,0.0333994708994709,0.050595238095238096,0.034722222222222224,0.022156084656084655,0.1669973544973545,0.040674603174603176,0.09953703703703703,0.021494708994708994,0.022156084656084655,0.04133597883597884,0.0710978835978836,0.026785714285714284,0.03141534391534392,0.05324074074074074,0.07705026455026455,0.015542328042328041,0.04728835978835979,0.018187830687830687,0.02943121693121693,0.09689153439153439
807,0.05072463768115941,0.08132045088566826,0.05072463768115941,0.04750402576489532,0.05877616747181963,0.06521739130434781,0.04267310789049919,0.044283413848631235,0.037842190016103054,0.03623188405797101,0.04750402576489532,0.060386473429951674,0.03623188405797101,0.05394524959742349,0.04267310789049919,0.06682769726247986,0.06199677938808372,0.0394524959742351,0.03623188405797101,0.0394524959742351
808,0.06914468425259793,0.04276578737010392,0.039568345323741004,0.024380495603517186,0.09872102318145484,0.0539568345323741,0.06354916067146282,0.07394084732214229,0.021982414068745005,0.03557154276578737,0.0539568345323741,0.03717026378896882,0.07873701039168665,0.04196642685851319,0.0539568345323741,0.05795363709032774,0.06514788169464429,0.024380495603517186,0.027577937649880094,0.03557154276578737
809,0.03184281842818428,0.03590785907859079,0.042682926829268296,0.0494579945799458,0.05758807588075881,0.041327913279132794,0.046747967479674794,0.03590785907859079,0.07655826558265583,0.08739837398373984,0.04539295392953929,0.06300813008130081,0.0521680216802168,0.04539295392953929,0.06029810298102981,0.06029810298102981,0.061653116531165314,0.03861788617886179,0.03726287262872629,0.03048780487804878
810,0.025166191832858505,0.053656220322887006,0.044159544159544165,0.039411206077872754,0.08214624881291549,0.06980056980056981,0.09829059829059832,0.03466286799620134,0.04320987654320988,0.05270655270655272,0.05840455840455842,0.0925925925925926,0.04890788224121559,0.03371320037986705,0.0422602089268756,0.03466286799620134,0.053656220322887006,0.028015194681861356,0.03276353276353277,0.031813865147198486
811,0.036439665471923545,0.04121863799283155,0.08064516129032259,0.029271206690561533,0.10334528076463562,0.030465949820788533,0.06750298685782558,0.050776583034647556,0.030465949820788533,0.048387096774193554,0.04241338112305855,0.03405017921146954,0.06989247311827958,0.05913978494623657,0.06630824372759858,0.04241338112305855,0.037634408602150546,0.029271206690561533,0.04360812425328555,0.05675029868578256
812,0.059640522875817004,0.03676470588235295,0.03676470588235295,0.03676470588235295,0.08088235294117649,0.040032679738562095,0.07271241830065361,0.048202614379084976,0.05147058823529412,0.054738562091503275,0.06127450980392157,0.0531045751633987,0.0531045751633987,0.054738562091503275,0.04166666666666667,0.048202614379084976,0.0465686274509804,0.04166666666666667,0.038398692810457526,0.04330065359477125
813,0.041666666666666664,0.02023809523809524,0.07658730158730159,0.021031746031746033,0.1353174603174603,0.036904761904761905,0.03373015873015873,0.04722222222222222,0.02896825396825397,0.02738095238095238,0.04007936507936508,0.0503968253968254,0.07103174603174603,0.04404761904761905,0.05119047619047619,0.019444444444444445,0.04801587301587302,0.036904761904761905,0.03531746031746032,0.13452380952380952
814,0.09122085048010974,0.05555555555555555,0.03909465020576132,0.0541838134430727,0.10082304526748971,0.05555555555555555,0.05829903978052126,0.059670781893004114,0.03497942386831276,0.03772290809327846,0.030864197530864196,0.050068587105624146,0.061042524005486966,0.033607681755829906,0.03635116598079561,0.05829903978052126,0.030864197530864196,0.030864197530864196,0.050068587105624146,0.030864197530864196
815,0.07004830917874397,0.036231884057971016,0.04750402576489533,0.0426731078904992,0.07971014492753623,0.03784219001610306,0.0426731078904992,0.04106280193236715,0.036231884057971016,0.0571658615136876,0.06038647342995169,0.050724637681159424,0.07004830917874397,0.04428341384863124,0.05555555555555555,0.05555555555555555,0.03784219001610306,0.04428341384863124,0.04911433172302738,0.04106280193236715
816,0.018575323790047716,0.014485344239945467,0.06390593047034765,0.020279481935923653,0.09696659850034083,0.04856850715746421,0.15013633265167006,0.06765507839127471,0.024369461486025902,0.060156782549420584,0.04584185412406271,0.04788684389911384,0.0516359918200409,0.04379686434901159,0.026755282890252214,0.06117927743694615,0.033571915473755966,0.010395364689843218,0.04141104294478527,0.07242672119972733
817,0.05520833333333334,0.02118055555555556,0.05659722222222223,0.01631944444444445,0.1496527777777778,0.03645833333333334,0.0670138888888889,0.05034722222222223,0.022569444444444448,0.06284722222222223,0.03298611111111112,0.053819444444444454,0.03993055555555556,0.02743055555555556,0.04895833333333334,0.060763888888888895,0.051736111111111115,0.04270833333333334,0.02604166666666667,0.07743055555555557
818,0.033333333333333326,0.03450292397660818,0.04736842105263157,0.027485380116959057,0.07076023391812863,0.028654970760233912,0.06725146198830408,0.03450292397660818,0.050877192982456125,0.05789473684210525,0.08128654970760232,0.039181286549707595,0.07309941520467834,0.035672514619883036,0.09181286549707601,0.04385964912280701,0.035672514619883036,0.04385964912280701,0.04853801169590642,0.05438596491228069
819,0.03629629629629629,0.048148148148148134,0.04666666666666666,0.03629629629629629,0.06148148148148147,0.04222222222222222,0.06296296296296294,0.06148148148148147,0.049629629629629614,0.03629629629629629,0.03777777777777777,0.07629629629629628,0.09851851851851849,0.034814814814814805,0.04074074074074074,0.034814814814814805,0.058518518518518504,0.03777777777777777,0.04666666666666666,0.05259259259259258
820,0.04296661193212918,0.05938697318007664,0.04679802955665025,0.043513957307060765,0.13601532567049812,0.044608648056923925,0.13437328954570338,0.032019704433497546,0.01724137931034483,0.051176792556102906,0.03147235905856596,0.027640941434044886,0.029282977558839633,0.01997810618500274,0.053913519430760816,0.048440065681445,0.040777230432402854,0.029830322933771213,0.05610290093048714,0.0544608648056924
821,0.029012345679012348,0.02777777777777778,0.04012345679012346,0.041358024691358033,0.09197530864197533,0.0425925925925926,0.0697530864197531,0.06851851851851853,0.030246913580246917,0.03395061728395062,0.05370370370370371,0.03765432098765433,0.03765432098765433,0.06481481481481483,0.057407407407407414,0.04012345679012346,0.05000000000000001,0.04876543209876544,0.08827160493827162,0.0462962962962963
822,0.048611111111111126,0.06051587301587303,0.04464285714285715,0.046626984126984135,0.05456349206349208,0.04464285714285715,0.04464285714285715,0.04464285714285715,0.048611111111111126,0.04464285714285715,0.04464285714285715,0.06250000000000001,0.05456349206349208,0.04464285714285715,0.04464285714285715,0.04464285714285715,0.04464285714285715,0.07043650793650795,0.04464285714285715,0.06250000000000001
823,0.046626984126984135,0.04464285714285715,0.06250000000000001,0.04464285714285715,0.06250000000000001,0.04464285714285715,0.04464285714285715,0.04464285714285715,0.048611111111111126,0.06051587301587303,0.046626984126984135,0.04464285714285715,0.05654761904761906,0.04464285714285715,0.06250000000000001,0.04464285714285715,0.06250000000000001,0.04464285714285715,0.04464285714285715,0.04464285714285715
824,0.08424408014571949,0.025956284153005466,0.09881602914389799,0.025956284153005466,0.11520947176684881,0.022313296903460837,0.05418943533697632,0.04599271402550091,0.025956284153005466,0.02959927140255009,0.04052823315118397,0.05510018214936248,0.06785063752276867,0.05965391621129326,0.03506375227686703,0.027777777777777776,0.028688524590163935,0.045081967213114756,0.025045537340619307,0.08697632058287796
825,0.026785714285714284,0.03511904761904762,0.062103174603174605,0.014484126984126985,0.135515873015873,0.02003968253968254,0.11924603174603175,0.062103174603174605,0.023214285714285715,0.0744047619047619,0.023214285714285715,0.025992063492063493,0.07876984126984127,0.038293650793650796,0.03591269841269841,0.060515873015873016,0.04702380952380952,0.03630952380952381,0.02638888888888889,0.054563492063492064
826,0.043518518518518526,0.043518518518518526,0.05833333333333335,0.04166666666666667,0.06574074074074075,0.047222222222222235,0.07500000000000001,0.07129629629629632,0.04537037037037038,0.04166666666666667,0.04166666666666667,0.043518518518518526,0.04907407407407409,0.04166666666666667,0.05092592592592594,0.04166666666666667,0.05833333333333335,0.043518518518518526,0.054629629629629646,0.04166666666666667
827,0.07753357753357754,0.028693528693528692,0.031135531135531136,0.033577533577533576,0.10683760683760683,0.027472527472527472,0.06898656898656899,0.05067155067155067,0.036019536019536016,0.05555555555555555,0.07509157509157509,0.05067155067155067,0.04700854700854701,0.04212454212454213,0.057997557997558,0.027472527472527472,0.06532356532356533,0.027472527472527472,0.056776556776556776,0.033577533577533576
828,0.0826771653543307,0.0231846019247594,0.039807524059492554,0.03630796150481189,0.08442694663167102,0.028433945756780394,0.0853018372703412,0.059930008748906374,0.026684164479440064,0.0826771653543307,0.034558180227471556,0.05118110236220471,0.07130358705161853,0.04243219597550305,0.059055118110236206,0.06867891513560803,0.038057742782152224,0.03193350831146106,0.022309711286089235,0.031058617672790893
829,0.03777777777777778,0.03925925925925926,0.040740740740740744,0.03333333333333333,0.10148148148148148,0.042222222222222223,0.052592592592592594,0.07629629629629629,0.04666666666666667,0.0437037037037037,0.04962962962962963,0.08814814814814814,0.03333333333333333,0.06888888888888889,0.0362962962962963,0.03777777777777778,0.052592592592592594,0.03333333333333333,0.04962962962962963,0.0362962962962963
830,0.05015432098765433,0.04243827160493828,0.04089506172839507,0.03935185185185186,0.10570987654320989,0.04861111111111112,0.06250000000000001,0.03626543209876544,0.03472222222222223,0.03935185185185186,0.05169753086419754,0.0609567901234568,0.08564814814814817,0.03472222222222223,0.05324074074074075,0.03626543209876544,0.0455246913580247,0.03780864197530865,0.03472222222222223,0.05941358024691359
831,0.040664375715922116,0.040664375715922116,0.044100801832760606,0.034936998854524635,0.09106529209621994,0.028064146620847656,0.04868270332187859,0.06013745704467355,0.06815578465063002,0.12313860252004584,0.040664375715922116,0.05441008018327607,0.034936998854524635,0.02920962199312715,0.06242840778923254,0.04180985108820161,0.028064146620847656,0.028064146620847656,0.06242840778923254,0.038373424971363125
832,0.03727144866385373,0.052742616033755275,0.052742616033755275,0.034458509142053444,0.14135021097046413,0.035864978902953586,0.051336146272855133,0.035864978902953586,0.03305203938115331,0.04289732770745429,0.03164556962025317,0.05977496483825598,0.06118143459915612,0.052742616033755275,0.04992967651195499,0.04852320675105485,0.04430379746835443,0.03867791842475387,0.051336146272855133,0.04430379746835443
833,0.03345959595959596,0.037247474747474744,0.06376262626262626,0.03977272727272727,0.09785353535353536,0.03345959595959596,0.09659090909090909,0.06376262626262626,0.041035353535353536,0.04734848484848485,0.037247474747474744,0.054924242424242424,0.03598484848484849,0.052398989898989896,0.03977272727272727,0.043560606060606064,0.032196969696969696,0.03598484848484849,0.06628787878787878,0.04734848484848485
834,0.05163398692810458,0.05294117647058824,0.05947712418300654,0.034640522875817,0.13267973856209153,0.06993464052287583,0.0411764705882353,0.03202614379084968,0.05294117647058824,0.08300653594771243,0.03594771241830066,0.04509803921568628,0.029411764705882356,0.03856209150326798,0.03594771241830066,0.04640522875816994,0.03856209150326798,0.05294117647058824,0.03333333333333334,0.03333333333333334
835,0.04666666666666666,0.09407407407407405,0.03925925925925925,0.03629629629629629,0.07925925925925925,0.04666666666666666,0.033333333333333326,0.05407407407407406,0.05555555555555554,0.03777777777777777,0.033333333333333326,0.04222222222222222,0.058518518518518504,0.033333333333333326,0.04222222222222222,0.07037037037037036,0.04222222222222222,0.06148148148148147,0.03629629629629629,0.057037037037037025
836,0.01861397479954181,0.03751431844215349,0.04725085910652921,0.02434135166093929,0.16237113402061856,0.05756013745704467,0.08104238258877434,0.03178694158075601,0.030641466208476516,0.08791523482245132,0.022623138602520045,0.06156930126002291,0.09020618556701031,0.03293241695303551,0.038087056128293245,0.03923253150057274,0.013459335624284079,0.016895761741122565,0.026059564719358535,0.07989690721649484
837,0.05655655655655656,0.025525525525525526,0.05055055055055055,0.03953953953953954,0.09259259259259259,0.04854854854854855,0.06556556556556556,0.04454454454454455,0.05755755755755756,0.07257257257257257,0.05055055055055055,0.05855855855855856,0.033533533533533534,0.04054054054054054,0.06956956956956957,0.02252252252252252,0.05155155155155155,0.03553553553553553,0.03653653653653654,0.047547547547547545
838,0.02353506243996158,0.031219980787704132,0.08725584373999361,0.008165225744476466,0.16442523214857513,0.013928914505283383,0.07284662183797631,0.04434838296509767,0.04402817803394173,0.05203330131284022,0.027697726544988796,0.05043227665706053,0.04755043227665707,0.041466538584694214,0.036023054755043235,0.07732949087415948,0.07156580211335256,0.02065321805955812,0.03666346461735511,0.04883125200128083
839,0.045777777777777785,0.07422222222222223,0.045777777777777785,0.022666666666666672,0.10711111111111113,0.02088888888888889,0.0688888888888889,0.05111111111111112,0.04311111111111112,0.05822222222222223,0.04311111111111112,0.05555555555555556,0.05111111111111112,0.04933333333333334,0.04844444444444445,0.03955555555555556,0.04133333333333334,0.027111111111111114,0.06622222222222224,0.04044444444444445
840,0.03263888888888889,0.049305555555555554,0.05347222222222222,0.03819444444444445,0.09375,0.049305555555555554,0.08680555555555555,0.05486111111111111,0.03263888888888889,0.08541666666666667,0.050694444444444445,0.03125,0.03125,0.04652777777777778,0.06597222222222222,0.03125,0.03958333333333333,0.034027777777777775,0.050694444444444445,0.04236111111111111
841,0.08611111111111111,0.03944444444444444,0.065,0.03722222222222222,0.06944444444444445,0.03722222222222222,0.11277777777777778,0.05277777777777778,0.03722222222222222,0.051666666666666666,0.04055555555555555,0.029444444444444443,0.042777777777777776,0.035,0.06055555555555556,0.045,0.05388888888888889,0.04611111111111111,0.030555555555555555,0.02722222222222222
842,0.037173202614379085,0.023284313725490197,0.06658496732026144,0.030637254901960783,0.14419934640522875,0.03799019607843137,0.07965686274509803,0.037173202614379085,0.024101307189542485,0.01838235294117647,0.024101307189542485,0.11397058823529412,0.05841503267973856,0.026552287581699346,0.04044117647058824,0.05841503267973856,0.02900326797385621,0.06004901960784314,0.024101307189542485,0.06576797385620915
843,0.051587301587301584,0.03231292517006803,0.06519274376417233,0.03458049886621315,0.20804988662131518,0.0391156462585034,0.03571428571428571,0.03798185941043084,0.025510204081632654,0.04478458049886622,0.030045351473922902,0.041383219954648526,0.03798185941043084,0.025510204081632654,0.03344671201814059,0.06859410430839002,0.0391156462585034,0.030045351473922902,0.04931972789115646,0.06972789115646258
844,0.047547547547547545,0.05155155155155155,0.06056056056056056,0.033533533533533534,0.07857857857857858,0.03953953953953954,0.08658658658658659,0.05055055055055055,0.03553553553553553,0.06456456456456457,0.03153153153153153,0.024524524524524523,0.0965965965965966,0.03553553553553553,0.06256256256256257,0.03753753753753754,0.04054054054054054,0.05655655655655656,0.03153153153153153,0.03453453453453453
845,0.04124579124579125,0.05639730639730641,0.03787878787878789,0.03956228956228957,0.053030303030303046,0.0462962962962963,0.05471380471380473,0.03787878787878789,0.03956228956228957,0.07154882154882156,0.05134680134680136,0.08164983164983167,0.058080808080808094,0.03956228956228957,0.05134680134680136,0.03787878787878789,0.04966329966329968,0.053030303030303046,0.0462962962962963,0.053030303030303046
846,0.04929577464788733,0.05555555555555556,0.03677621283255087,0.03677621283255087,0.05086071987480439,0.06025039123630674,0.05555555555555556,0.047730829420970275,0.03677621283255087,0.038341158059467924,0.04147104851330204,0.03521126760563381,0.07433489827856027,0.06025039123630674,0.05555555555555556,0.07433489827856027,0.03521126760563381,0.038341158059467924,0.039906103286384983,0.07746478873239437
847,0.03900709219858156,0.04925137903861308,0.02955082742316785,0.041371158392434985,0.13278171788810086,0.02639873916469661,0.08234830575256107,0.031914893617021274,0.042159180457052796,0.05397951142631994,0.042947202521670606,0.05476753349093775,0.07919621749408984,0.020882584712371945,0.042947202521670606,0.05161544523246651,0.02955082742316785,0.027186761229314422,0.05319148936170213,0.06895193065405832
848,0.04493464052287582,0.061274509803921566,0.04003267973856209,0.03676470588235294,0.04656862745098039,0.03676470588235294,0.05310457516339869,0.041666666666666664,0.0988562091503268,0.049836601307189546,0.04820261437908497,0.03839869281045752,0.051470588235294115,0.061274509803921566,0.06781045751633986,0.03676470588235294,0.03676470588235294,0.05800653594771242,0.03839869281045752,0.05310457516339869
849,0.039750957854406126,0.03208812260536398,0.03591954022988505,0.03113026819923371,0.0943486590038314,0.024425287356321834,0.0914750957854406,0.04166666666666666,0.056992337164750946,0.06273946360153256,0.04837164750957853,0.038793103448275856,0.05986590038314175,0.046455938697318004,0.06848659003831416,0.023467432950191564,0.03783524904214559,0.0253831417624521,0.05124521072796934,0.08955938697318007
850,0.032196969696969696,0.032196969696969696,0.07133838383838384,0.03977272727272727,0.05744949494949495,0.041035353535353536,0.028409090909090908,0.043560606060606064,0.05113636363636364,0.043560606060606064,0.06628787878787878,0.049873737373737376,0.03851010101010101,0.07512626262626262,0.04734848484848485,0.034722222222222224,0.07891414141414141,0.05366161616161616,0.03977272727272727,0.07512626262626262
851,0.036265432098765434,0.034722222222222224,0.04861111111111111,0.036265432098765434,0.08101851851851852,0.07484567901234568,0.034722222222222224,0.04861111111111111,0.04861111111111111,0.05632716049382716,0.06404320987654322,0.034722222222222224,0.06558641975308642,0.05478395061728395,0.05941358024691358,0.04861111111111111,0.0470679012345679,0.034722222222222224,0.03780864197530864,0.05324074074074074
852,0.030602636534839925,0.030602636534839925,0.0428436911487759,0.023069679849340868,0.08050847457627118,0.036252354048964215,0.06544256120527307,0.04190207156308851,0.052259887005649715,0.08333333333333333,0.05037664783427495,0.06261770244821092,0.04190207156308851,0.05602636534839925,0.08333333333333333,0.03436911487758945,0.07109227871939737,0.03436911487758945,0.026836158192090395,0.052259887005649715
853,0.048868312757201646,0.03652263374485597,0.03652263374485597,0.03137860082304527,0.0787037037037037,0.029320987654320986,0.09310699588477367,0.05092592592592592,0.073559670781893,0.026234567901234566,0.038580246913580245,0.02726337448559671,0.0684156378600823,0.06532921810699588,0.05709876543209876,0.038580246913580245,0.061213991769547324,0.035493827160493825,0.029320987654320986,0.073559670781893
854,0.04080629301868239,0.026057030481809237,0.03588987217305801,0.03687315634218288,0.20304818092428706,0.02212389380530973,0.08407079646017698,0.04572271386430678,0.042772861356932146,0.05063913470993116,0.03392330383480825,0.02704031465093411,0.057522123893805295,0.02212389380530973,0.05063913470993116,0.07128810226155358,0.03588987217305801,0.02310717797443461,0.02704031465093411,0.06342182890855456
855,0.029650436953807733,0.04463171036204743,0.05774032459425717,0.03838951310861422,0.12890137328339574,0.06398252184769038,0.0795880149812734,0.04463171036204743,0.032771535580524334,0.019038701622971284,0.05961298377028713,0.04275905118601747,0.02715355805243445,0.04275905118601747,0.02715355805243445,0.03401997503121098,0.032771535580524334,0.03589263420724094,0.0346441947565543,0.12390761548064916
