,fac_id,rev_id,rev_rating,review,user,rev_created_time,rev_url,rev_is_selected,fac_name,fac_is_closed,review_count,fac_rating,fac_updated_time,phone,business_url,fac_url,address,city,state,country,postal_code,latitude,longitude,cat1,cat2,cat3,cat4,cat5,cat6
15652,xLPzulLDV-k0z0PyG1_Rhg,mamHVFGx1dXIWKhRLIibWA,1,"doctors are decent. front desk, office personnel and billing process are horrible. good place for employees to pass the buck to the next person when you have a question or complaint that's it's someone else's department. three previous visits only one was without incident.  had a 3:30 appt today and i'm still sitting here waiting after walk-ins and later appointments have been seen. no updates or contacts that i didn't have to ask myself. no common sense that if it's after hours for your workplace you're not going to get a call from them.  chastised for not giving information they didn't ask. won't see me apparently without talking to my employer when it's after business hours so i'm sitting in the middle of a flu season (their words) waiting room of coughing patients probably taking in the germs that will get me the flu where i will have to come back and go into the same crap routine as i've done twice before with no real assessment except i must have allergies for the first time in my life and for an injury i had an appt for two hours ago. today, if i could give them a zero, i would. and these people are actually taking care if people in an urgent care capacity that are depending on them to have some wits about them. i'm glad i'm not sitting here with something life or death because i'd probably be dead. oh, but they made sure i signed off on their coronavirus paperwork alright. probably to protect their own health. 

look at that one star in the review and think zero stars. don't be real sick because if you are pick a different place than the hunters creek loop advent centra care.",John T.,2020-02-26,https://www.yelp.com/biz/adventhealth-kissimmee-kissimmee?adjust_creative=upenn&hrid=mamHVFGx1dXIWKhRLIibWA&utm_campaign=yelp_feed&utm_medium=feed_v2&utm_source=upenn,False,AdventHealth Kissimmee,False,31,2.5,2020-05-29T13:15:11,14078464343.0,http://www.AdventHealth.com,https://www.yelp.com/biz/adventhealth-kissimmee-kissimmee?adjust_creative=upenn&utm_campaign=yelp_feed&utm_medium=feed_v2&utm_source=upenn,2450 N Orange Blossom Trl,Kissimmee,FL,US,34744.0,,,Hospitals,Emergency Rooms,,,,
28998,yR20PHrJjDPRx6baHEgaIg,od4o9Q99AIZYvbENlSdtRQ,1,"dr mathur is my daughter's pediatrician, she ordered blood works to be done which is right across her office. but first we had to check in with this nasty ugly front desk b*tch. it's been over a year and they still haven't gotten any better. 

it's the flu season and with the whole coronavirus situation, we showed up with face masks. but we didn't have any kids size masks and dr mathurs staff actually gave us one during our visit, my daughter dropped it by accident so we went to the front desk and ask for one. the lady asked if my baby has any flu like symptoms and i said no just for precautions. with her sh*t face acting like we were there to steal, she said it's only for anyone who has a flu. ok, i understand so i said thanks and went back to our seats. 

this ugly lowlife is clearly against us asians with face masks. because when the nurse called my daughter, me and my mom got up to head over. the ugly nasty lowlife dare to yelled at my mom to not come along. she yelled not once, not twice but three times. my mom doesn't speak english, by the time i turned around bitch got up from her seat and screamed so loud the whole lobby and surrounding office staff and patients looked over. her reason was theres no space for my mom. bitch there's an other person also in the lab, and her family is standing right by the door! if they can stand there, why can't my mom stand right outside just like other patients families. 

i just wanted to tell her to go to hell if my daughter weren't there with us. how can anyone so  be still living in this society. 

the whole check-in experience was terrible from start to finish. fire her already.",Jo H.,2020-02-29,https://www.yelp.com/biz/st-jude-heritage-medical-group-diamond-bar?adjust_creative=upenn&hrid=od4o9Q99AIZYvbENlSdtRQ&utm_campaign=yelp_feed&utm_medium=feed_v2&utm_source=upenn,False,St Jude Heritage Medical Group,False,50,3.0,2020-02-29T14:03:29,19098601144.0,http://www.sjhmg.com/,https://www.yelp.com/biz/st-jude-heritage-medical-group-diamond-bar?adjust_creative=upenn&utm_campaign=yelp_feed&utm_medium=feed_v2&utm_source=upenn,1514 Valley Vista Dr,Diamond Bar,CA,US,91765.0,,,Hospitals,,,,,
53779,7SaKIxQ3Dx2HFtApUXUuDg,mpOqtpWrHTS5y7BHtzcGYQ,1,"if i could give this place zero stars i would. the first time i went was when i broke my ankle. made us wait over four hours just to get an x-ray and we had to share a room with another patient. the next time was even worse. my girlfriend came in with abdominal pains and they made us wait three hours just to see a doctor. the doctor than told her she needed an ultrasound, which we waited two hours for and than another two for the results. after that they made her get a cat scan, which took up another two hours to get and another two for the results. than after all this doctor mchue came in for no more than thirty seconds to tell her nothing was wrong. they definitely just added procedures in order to rack up her hospital bill bordering on malpractice considering how much radiation a cat scan gives. after all this we had to wait another hour just so a nurse could come in for five seconds to take out her iv. when i went to complain to dr mchue, and told him we'd been at the hospital for almost 12 hours and we just need the iv to be taken out so we could go home, he rudely told me ""people are dying."" i understand that it's an emergency room but there were atleast ten people talking or sitting at their computers, one of which is capable of removing an iv, or dr mchue should've just done it himself when he came to see us. his attitude was not one any dr should have and it was clear he got stuck with the graveyard shift and was not happy about it. terrible terrible doctor. don't go unless you're literally dying because they will not help you. go to a different hospital if you can and definitely hope to god you don't get dr mchue, because i've never encountered a more rude or dismissive dr in my life. fuck this p",Shiva T.,2020-02-03,https://www.yelp.com/biz/mount-sinai-west-new-york-4?adjust_creative=upenn&hrid=mpOqtpWrHTS5y7BHtzcGYQ&utm_campaign=yelp_feed&utm_medium=feed_v2&utm_source=upenn,False,Mount Sinai West,False,237,2.0,2020-06-16T19:49:34,12128579990.0,http://www.mountsinai.org/locations/west,https://www.yelp.com/biz/mount-sinai-west-new-york-4?adjust_creative=upenn&utm_campaign=yelp_feed&utm_medium=feed_v2&utm_source=upenn,1000 Tenth Avenue,New York,NY,US,10019.0,,,Hospitals,,,,,
56564,YxjoBpI6BCqW1WuhHxL4Tw,sTaS9H-Ka95c8w7b9hTkGw,5,"i will say, i haven't received my bill yet which i'm slightly nervous for - but i trust they'll have a great billing department. we were on vacation in wa when we were transported by ambulance to tacoma children's hospital. from the er to the last day we were here people were amazing. my daughter was have severe trouble breathing due to a severe case of croup, virus and bacterial infection. they were fast and efficient about getting her started on the meds she needed right away. dr. mccabe & dr. williams were the ones who were assigned to us, they were absolutely amazing! after thinking about it, i was so happy that we were in wa when this happened and not at our home (ca). because i can guarantee the care we received wouldn't have been able to compare to out in la.",Justyna G.,2019-12-07,https://www.yelp.com/biz/mary-bridge-childrens-hospital-tacoma-4?adjust_creative=upenn&hrid=sTaS9H-Ka95c8w7b9hTkGw&utm_campaign=yelp_feed&utm_medium=feed_v2&utm_source=upenn,False,Mary Bridge Children's Hospital,False,52,3.5,2020-01-27T12:44:23,12534031400.0,http://www.marybridge.org,https://www.yelp.com/biz/mary-bridge-childrens-hospital-tacoma-4?adjust_creative=upenn&utm_campaign=yelp_feed&utm_medium=feed_v2&utm_source=upenn,317 Martin Luther King Jr Way,Tacoma,WA,US,98405.0,,,Hospitals,,,,,
83967,NpLrHH6RD_oTHZXoWdDhLQ,XE9ewKJqLZCa-zwVkFWQHA,3,"it's never fun when you end up in the er. check in ran smoothly, but of a wait since lots of sick kiddos but it's that time of year with the flu and all. very grateful that people were wearing their face masks and all. 

once i got a bed it went pretty quickly, had my xrays and meds and the cool app that tells you the progress of the tests was so awesome! i really do like that new feature. 

but the bad happened as i was leaving :( i was given a  hospital gown to wear because i had a lot of x rays to take,  i mean i sprained my entire body from the fall i had. miracle i didn't break anything. anyway, the hospital gown had dry blood in the inside. i was not bleeding so this grossed me out  and my husband. immediately told the doctor and my nurse. they just said they'd wash it again, my husband said  they should throw it away. i was too drugged on percocet and muscle relaxers to argue. 

other than that i'm healing and feel better.  i do wish that the tree given to me at the end with my diagnosis was just given to me via  a link in that cool  app.",Cynthia P.,2020-01-30,https://www.yelp.com/biz/banner-thunderbird-medical-center-glendale-2?adjust_creative=upenn&hrid=XE9ewKJqLZCa-zwVkFWQHA&utm_campaign=yelp_feed&utm_medium=feed_v2&utm_source=upenn,False,Banner Thunderbird Medical Center,False,208,2.0,2020-06-27T22:34:39,16028655555.0,http://www.BannerHealth.com/Thunderbird,https://www.yelp.com/biz/banner-thunderbird-medical-center-glendale-2?adjust_creative=upenn&utm_campaign=yelp_feed&utm_medium=feed_v2&utm_source=upenn,5555 W Thunderbird Rd,Glendale,AZ,US,85306.0,,,Hospitals,,,,,
85737,bdNKT-Z3b-AcjweoREZBBA,XyOCooDvn_5GWG6pXV8BpA,1,"this hospital is hamstrung by its own policies. they cannot logically solve problems that require a creative solution.  my wife broke her jaw in a fall &  required a maxillo-facial surgeon to examine her. my wife & i just spent 7 hours in the er before the methodist personnel figured out there was no specialist to see her at this hospital. rather than giving us a referral to an appropriate specialist, their policy required us to go to another er in their system ( we are now in our 2nd er getting exposed to another environment filled with viruses and other potential sources of infection)
stay out of their system if you can",Ken C.,2020-02-05,https://www.yelp.com/biz/methodist-le-bonheur-germantown-hospital-germantown?adjust_creative=upenn&hrid=XyOCooDvn_5GWG6pXV8BpA&utm_campaign=yelp_feed&utm_medium=feed_v2&utm_source=upenn,False,Methodist Le Bonheur Germantown Hospital,False,35,3.5,2020-02-06T03:45:50,19015166000.0,http://www.methodisthealth.org,https://www.yelp.com/biz/methodist-le-bonheur-germantown-hospital-germantown?adjust_creative=upenn&utm_campaign=yelp_feed&utm_medium=feed_v2&utm_source=upenn,7691 Poplar Ave,Germantown,TN,US,38138.0,,,Hospitals,,,,,
91091,gYsKqN8Gu-9SexqsK37Q7w,KHR_1fxEeRf4rXCvvGTkow,1,"went in to see what's was wrong with me and three of my kids we all can not keep anything down and all of our temperature were above 100. they didn't do much but say it was a virus. only got our blood pressure, height, and weight done so how do they know if that is the problem. my daughter is two years old and cannot even walk without shaking. 

- 0 stars",Grumps V.,2020-03-07,https://www.yelp.com/biz/bakersfield-memorial-hospital-bakersfield-5?adjust_creative=upenn&hrid=KHR_1fxEeRf4rXCvvGTkow&utm_campaign=yelp_feed&utm_medium=feed_v2&utm_source=upenn,False,Bakersfield Memorial Hospital,False,86,3.0,2020-06-17T03:28:55,16613274647.0,http://www.dignityhealth.org,https://www.yelp.com/biz/bakersfield-memorial-hospital-bakersfield-5?adjust_creative=upenn&utm_campaign=yelp_feed&utm_medium=feed_v2&utm_source=upenn,420 34th St,Bakersfield,CA,US,93301.0,,,Hospitals,,,,,
119079,uoU041nNjpv5Qy8PNBbhYQ,0urraRz2RUOIw1SKf35S2g,1,"stay away!!!! 
i am so disappointed in hoag 
this is the second time they have not treated my family properly and made us feel like they were annoyed we went there... 

so here is the story:

my brother went in a few nights ago having difficulty breathing 
they treated him with a breathing treatment   and sent him home with medicine and told him he has the cold he has to let his body fight it 

well it didn't work he got worse and went back and the nurse and doctor both had the nerve to tell him 
why are you back there is nothing we can do for you .... 

obviously something isn't right if he needed to go back to er

we don't just go back fun and wanna waste our money 

well today he called my mother and i because he had trouble again and couldn't get up he was so weak 

we said don't go back to hoag and we took him to irvine urgent care with dr. v and his team 

let me tell you my brother was not diagnosed properly from the hospital  

thank you to dr.v team they took their time and evaluated him 
they made sure he didn't have the crazy virus going around, they made sure he had proper breathing treatments done and just geniuly took the time to treat him! 

thank god he is ok now 
and do yourselves a favor stay away from this hospital !!!!


shame on hoag for not caring 
and they are suppose to be the best
very disappointed ...",Ashley T.,2020-01-31,https://www.yelp.com/biz/hoag-hospital-irvine-irvine-2?adjust_creative=upenn&hrid=0urraRz2RUOIw1SKf35S2g&utm_campaign=yelp_feed&utm_medium=feed_v2&utm_source=upenn,False,Hoag Hospital Irvine,False,290,2.5,2020-06-26T09:11:22,19497644624.0,http://www.hoag.org,https://www.yelp.com/biz/hoag-hospital-irvine-irvine-2?adjust_creative=upenn&utm_campaign=yelp_feed&utm_medium=feed_v2&utm_source=upenn,16200 Sand Canyon Ave,Irvine,CA,US,92618.0,,,Hospitals,,,,,
131067,T1s7B4njBUnKILoS1BAnMA,uvj0ajQBcC3Ydw8NvNpBQQ,1,"update: still visiting as part of my ministry. with all the worries of flu and coronavirus, they still have empty hand sanitizing stations, dirty bathrooms, and no soap in some dispensers. really? this is sad. when do they plan on correcting this? this is my third update in only a couple of years, and still, they have not fixed the problem. please be aware of this. your health could be at risk! too no avail, i mentioned to staff before. is it apathy, laziness, or lack of concern? sad!",Travis P.,2020-03-11,https://www.yelp.com/biz/texas-health-harris-methodist-hospital-fort-worth-fort-worth-4?adjust_creative=upenn&hrid=uvj0ajQBcC3Ydw8NvNpBQQ&utm_campaign=yelp_feed&utm_medium=feed_v2&utm_source=upenn,False,Texas Health Harris Methodist Hospital Fort Worth,False,63,3.0,2020-05-17T20:46:16,18172502000.0,http://www.TexasHealth.org,https://www.yelp.com/biz/texas-health-harris-methodist-hospital-fort-worth-fort-worth-4?adjust_creative=upenn&utm_campaign=yelp_feed&utm_medium=feed_v2&utm_source=upenn,1301 Pennsylvania Ave,Fort Worth,TX,US,76104.0,,,Hospitals,,,,,
131073,T1s7B4njBUnKILoS1BAnMA,uGmFimvuzEhzVMzz5XNlmA,1,"i'm in my late 40s. i am a former soldier. i have been to emergency rooms around the world. i was a paramedic for years. this was the wooooorst medical experience i have ever had. i have had my face reconstructed. i have been shot. i was unfortunate enough to experience the worse pain i have ever had in my life for the second time, another kidney stone. i knew exactly what it was. i told these assholes exactly what it was. i'm have insurance out the whazoo. but yet, these assholes let me roll around their nasty ass floor in pain for hours without once attempting to manage my pain. i didn't want any narcotics. i wanted toradol to open my vessels. i walked out twice because they refused to move with any sense of urgency to get me relief. listen to what i said, i walked out twice because they were disinterested in helping me in my severe distress. like i wanted to be in the emergency... i should not have been in this emergency room thinking i should shoot myself to get more expedited care. i didn't go through with it because they still probably wouldn't give me the toradol.... i walked out in severe pain, went to north richland hills emergency room, was in a bed in 10 minutes, got a shot of toradol in another 15 minutes, and past the stone in my urine sample within the hour...i pray to the lord that something replaces the triage nurse and doctor in harris methodist er, to include the corona virus.",T S.,2020-02-11,https://www.yelp.com/biz/texas-health-harris-methodist-hospital-fort-worth-fort-worth-4?adjust_creative=upenn&hrid=uGmFimvuzEhzVMzz5XNlmA&utm_campaign=yelp_feed&utm_medium=feed_v2&utm_source=upenn,False,Texas Health Harris Methodist Hospital Fort Worth,False,63,3.0,2020-05-17T20:46:16,18172502000.0,http://www.TexasHealth.org,https://www.yelp.com/biz/texas-health-harris-methodist-hospital-fort-worth-fort-worth-4?adjust_creative=upenn&utm_campaign=yelp_feed&utm_medium=feed_v2&utm_source=upenn,1301 Pennsylvania Ave,Fort Worth,TX,US,76104.0,,,Hospitals,,,,,
182529,3EbZmOtq7sYKrLn5EbBIzg,nylprdMHaMjdJsC0mQRZUg,1,"this review is based in my experience at the busse center breast center only. i was there on 2/21/20 for a scheduled  breast ultrasound. when i arrived at registration they asked me to put on a mask as i was coughing. i had no problem with that at all. then i went to the reception in the breast center and handed the person my papers. she rudely told me that i was early and would have to wait, ok, no problem. in a while the volunteer came to take me to the dressing room, showed me where the gowns are...i had a few questions and the lady seemed to look at me with fear and was backing away as i was talking, she didn't answer my questions, she was too busy running out of the room. next i exit to the gowned women's waiting area. i'm wearing my mask, gown and sweatpants and i'm coughing. a few minutes later a nurse called my name, i thought it was my turn. it turns out that some ladies in the waiting area complained because i was coughing. i was directed to wait, in my gown, outside of the breast center in a little waiting area near the main registration, out in the open, in my gown. my appointment time came and went, i returned to the breast center in case they forgot about me, i was then told i needed a mammogram first. really? thanks for letting me know, i had been there for two hours!! about 30 minutes later i was finally taken back by debbie the mammogram technician. she was the first person who was kind to me. next i went to ultrasound, the tech there was good too. i was finally done after spending over  3 hours there for two 10-15 minute procedures. the way i was treated was horrible!! it's a hospital, there's gonna be sick people there! all tests were good btw. next stop was the er for the cough.",Tina S.,2020-02-22,https://www.yelp.com/biz/northwest-community-hospital-arlington-heights-8?adjust_creative=upenn&hrid=nylprdMHaMjdJsC0mQRZUg&utm_campaign=yelp_feed&utm_medium=feed_v2&utm_source=upenn,False,Northwest Community Hospital,False,193,3.0,2020-06-29T17:04:27,18476181000.0,http://www.nch.org,https://www.yelp.com/biz/northwest-community-hospital-arlington-heights-8?adjust_creative=upenn&utm_campaign=yelp_feed&utm_medium=feed_v2&utm_source=upenn,800 W Central Rd,Arlington Heights,IL,US,60005.0,,,Hospitals,,,,,
279395,jpVV4oC-q30-wK3dnGnysA,nt03ft-tT_jVc_EG4AG1Xw,1,"this place could have saved my life, but chose not to admit me, which is illegal, leaving me with a severe brain injury, and no quality of life. i was having a life-threatening reaction to a medical device that had not been seen before, and needed as many brains on the situation as possible.

 i was in a non-convulsive seizure, suffocating, my skin and mucous membranes were physically cooking off, i had no motor skills and could not see or breathe.

i had no chance of saving my own life.

i needed help, and fast. 

i knew that i was dying and needed help, and i stupidly had a friend dive me there, instead of calling 911, but they may have brought me there, since it's close to my house, and threw me out, just the same. 

because the nurse had never seen this reaction before, or heard of the procedure, she did not let me in, did not ask me questions, and had zero interest in why i was in an emergency room. .

real medical professionals do not care about the device, and focus on symptoms. 

the medical negligence cost me my life as i knew it.   

i would up with a severe brain damage, a chunk of my brain missing from cooking off in the cavity, and almost a face transplant recipient. 

agony is an understatement. 

(it has taken me three years to write this.)

if someone is in ignition from a heating source ( the device is 160 degrees of electric shocks and burns, promoted for lymph and blood drainage, organic, by big pharma), for the love of god, get them out of agony, find out where the burns are coming from, and have mercy. it's a horrific painful death, and i barely made it out.

they could have called the company, they could have done a number of things.

they are, after all, a hospital right?

don't they have a dermatology department for cases like steven johnson syndrome, etc?

if broken ankles are all they can handle, say so, so people know to avoid that place. 

i needed a medical team stat. a dermatologist, neurologist, eye doctor and an internist. the suffering is incomprehensible. 

i would not be at the er, if this were a 'cosmetic' issue.  

it is illegal to turn someone away. if any hospital admin is reading this, please contact me, so i can give you my name, and you can look into the the nurse, who could have saved my life, but chose to be ignorant and lazy.

 you make speak with neurologists, whom i would not have even needed, had she admitted me as with anything concerning the brain/skin/eyes cooking off the skeleton, timing is paramount. 

all i needed was iv anti-seizure meds, but how was i to know? 

i needed an eeg, a spinal tap, and a skin punch biopsy. 

encephalopathy is my diagnosis...which led to encephalitis, naturally. i stayed in an electrical brain storm, for  92 weeks, without seizing, which would physically cook the brain, eyes, mask of the face.  

inhumane. 

i was so impaired, that i could not get myself the proper help that i needed and lived alone as a single woman in venice, ca.

the company  and spa ran when there was a would be fatality, as this device is not even legal bc there are not enough studies. 

doctors and nurses need to listen, and keep an open mind. 

you could have saved my life. 

i would be on a whole nother trajectory, instead of being fried alive, and a dependent. 

even my hair is all fried. 

if you are not equipped to deal with a rare emergency, such as mine, please have me transferred to a hospital who is.
horrific. 

i was a kid with my full life ahead of me. 

ask the person if they are in pain, ask them if they are having difficulty breathing, getting blood or oxygen to the brain, headaches, double vision?  see if they have tremors....don't focus on the fact that it's ""cosmetic."" 

trust me, there is a reason they are there. 

what terrible judgement. 

someone is dead from a peanut. 

i needed to be admitted to icu.

i can't believe i have to tell people how to do their jobs who went to medical school.

maybe that is the problem?

that the people working in the er dept. have lower education requirements than doctors? 

perhaps it should be the other way around.  

i take my education very seriously, graduated ahead of my cohort, and hold an m.a. in clinical psych.

i can't understand ""professionals"" who don't continue their education.

we are never done learning.

it is all a bell curve. 

please do not stay at the start of it.

no one can afford mediocrity and negligence when having a job as serious as an emergency room staff. 

you are literally responsible for life and death.

change professions if you aren't interested in your line of work.

if this is just a 'paycheck' for you...move on!

had i had a different nurse, there is a chance that i would not be writing this right now. 

i think about you everyday of my life....all i needed was admittance, and an iv of anti-seizure meds, steroids. 

this hospital rating has a 2.8?

 that's not okay.

please raise your standards of care, so no one else winds up in my situation.",Tara C.,2020-01-02,https://www.yelp.com/biz/marina-del-rey-hospital-marina-del-rey-3?adjust_creative=upenn&hrid=nt03ft-tT_jVc_EG4AG1Xw&utm_campaign=yelp_feed&utm_medium=feed_v2&utm_source=upenn,False,Marina Del Rey Hospital,False,361,3.0,2020-06-24T14:10:01,13108238911.0,https://www.marinahospital.com,https://www.yelp.com/biz/marina-del-rey-hospital-marina-del-rey-3?adjust_creative=upenn&utm_campaign=yelp_feed&utm_medium=feed_v2&utm_source=upenn,4650 Lincoln Blvd,Marina Del Rey,CA,US,90292.0,,,Hospitals,,,,,
279396,jpVV4oC-q30-wK3dnGnysA,Yp6qR29eohQAp6_DEEXD-Q,1,"what a shit hole. this place looks like a abandoned hospital out of a bad movie. everything is dirty and outdated. despite the no animals signs, there are animals everywhere. the floors are always dirty, face masks are used and left on chairs, not sure why there is always good food on the floor and absolutely not sanitary. i have been public restrooms in better shape. sad to see.",Paul S.,2020-01-23,https://www.yelp.com/biz/marina-del-rey-hospital-marina-del-rey-3?adjust_creative=upenn&hrid=Yp6qR29eohQAp6_DEEXD-Q&utm_campaign=yelp_feed&utm_medium=feed_v2&utm_source=upenn,False,Marina Del Rey Hospital,False,361,3.0,2020-06-24T14:10:01,13108238911.0,https://www.marinahospital.com,https://www.yelp.com/biz/marina-del-rey-hospital-marina-del-rey-3?adjust_creative=upenn&utm_campaign=yelp_feed&utm_medium=feed_v2&utm_source=upenn,4650 Lincoln Blvd,Marina Del Rey,CA,US,90292.0,,,Hospitals,,,,,
295753,VrYKvvZ7Ko9a9XJ2OrBing,Cr1ve7MCznfjGqM0mCU3aw,1,"i go to san antonio because i've been sick for about 2 weeks now.  sore throat, runny nose, trouble breathing and shortness of breathe after getting up to go to the restroom.  get seen quickly (only one other person there besides myself) and go through x-ray... doctor sais i have bronchitis.  
okay cool, not coronavirus. 
i go to get my prescription (which they supposedly sent over electronically) get to walgreens and they have nothing in their system showing my prescription. 

call san antonio and they said they gave me a paper prescription... uhhh bullshit.  
why would you give me a paper prescription if you electronically sent it over? 
makes no sense.  

so, if i can't get my damn meds because of you guys and i end up with pneumonia, i'm coming after you.  

get it together san antonio.  

especially when you weren't busy by any means.",Bre M.,2020-03-14,https://www.yelp.com/biz/san-antonio-regional-hospital-upland?adjust_creative=upenn&hrid=Cr1ve7MCznfjGqM0mCU3aw&utm_campaign=yelp_feed&utm_medium=feed_v2&utm_source=upenn,False,San Antonio Regional Hospital,False,486,2.5,2020-06-23T17:39:23,19099852811.0,http://www.sarh.org,https://www.yelp.com/biz/san-antonio-regional-hospital-upland?adjust_creative=upenn&utm_campaign=yelp_feed&utm_medium=feed_v2&utm_source=upenn,999 San Bernardino Rd,Upland,CA,US,91786.0,,,Hospitals,,,,,
295778,VrYKvvZ7Ko9a9XJ2OrBing,GrlV_-6T-ofQiLZ73JHx6w,2,"i wasnt feeling well so my husband took me to the emergency room.  it was busy and we waited for about 5 hours. when i got to my room in the er the doctor was very blunt and to the point, almost on the verge of rude. but shelby my nurse was amazing! so sweet and funny, she really did make it easier.  my blood test was off so her ordered an ultrasound and a ct scan. those were done right away and about an hour after shelby came in to start an iv line. i asked why and she said oh because you're having surgery soon, didnt the doctor come in and tell you? ummm no he didnt! when i got admitted and they were about to take me to my room he literally popped his head in and said ""i'm sure you know by now that you're having surgery.  your gallbladder is not doing great so it needs to be removed."" oh ok thanks. worst bedside manner ever. 
they got me to my room, and i understand that it's not a hotel and we cant really pick and choose, but they put me in with an elderly lady who had pneumonia and some other things going on and was highly contagious.  why would you put someone who is healthy and about to have surgery in with someone who is super sick?! i had some stuff going on with me that caused me to be quarantined so they ended up moving her. my husband asked if they could have someone come in and clean the bathroom since she was up and about all over the room and they said sure. nobody ever came and we ended up doing it ourselves (good thing there were purple wipes outside my door!) 
we were originally told that i was scheduled for surgery first thing in the morning, then my surgeon came in and said it would be around 10am. that was the last we heard all day. we kept asking when they would be taking me in and nobody had a clue. the lack of communication was phenomenal.  i ended up being the last surgery of the day because apparently my surgeon is a pushover and others kept pushing us back since they knew he wouldn't get mad.(my nurses words not mine.) meanwhile i got to sit in extreme pain not being able to eat or drink. not even water. after surgery i wasnt feeling too great and i asked for pain meds at midnight. i didnt get them until 4am. horrible. i had to beg for one of those sponges to wet my lips because i still wasnt allowed to eat or drink and when the aide finally said yes he watched me like i was a criminal to make sure i didnt drink any water. horrible. i waited until 9pm the next day for the dr to come in and see me and he ordered an mri for the next morning. they took me at about 745am and that went fine...until they left me in the hallway for 45 minutes after the mri! the tech walked by and i asked if they were going to take me back and he said ""oh they haven't taken you back yet?"" hmmm...wow! there were other things that happened but i will leave it at that for now. this was by far the worst experience i have ever had here. i strongly recommend going somewhere else if you need any services(other than having a baby...in that respect they're pretty awesome). only reason for two stars is because the nurses i had were really nice.",emily m.,2020-02-21,https://www.yelp.com/biz/san-antonio-regional-hospital-upland?adjust_creative=upenn&hrid=GrlV_-6T-ofQiLZ73JHx6w&utm_campaign=yelp_feed&utm_medium=feed_v2&utm_source=upenn,False,San Antonio Regional Hospital,False,486,2.5,2020-06-23T17:39:23,19099852811.0,http://www.sarh.org,https://www.yelp.com/biz/san-antonio-regional-hospital-upland?adjust_creative=upenn&utm_campaign=yelp_feed&utm_medium=feed_v2&utm_source=upenn,999 San Bernardino Rd,Upland,CA,US,91786.0,,,Hospitals,,,,,
295848,VrYKvvZ7Ko9a9XJ2OrBing,Rc3Po1UsYb_9k0wSc2BgAw,1,"what has happened to this hospital??  my husband has been here many times, and most visits were good, except for the extremely long waits in the er.  my husband had surgery on friday and stayed overnight.  he just finished chemotherapy, so his immune system has been wiped out.  they obviously didn't consider this at all, or didn't care; so they gave him a room in the old wing where more than half the patients in the unit were quarantined!!  there were warning signs on the doors, but the doors were left open, so germs and bacteria could freely travel throughout the ward.  the nurses were unfriendly and unattentive.  my husband had to go looking for his nurse, pat, twice, and found her visiting in the corridor.  he was released by the surgeon the morning after surgery, but it took several hours for the nurses to complete the paperwork.  he was given no breakfast, and no explanation, even though it was allowed.  he was told he would be given lunch before leaving, and he had to ask about it three times before he was finally given a tray.  his ""lunch"" was an omelet full of eggshells!  obviously someone's breakfast that they didn't want.  he was in excrutiating pain, but they refused to give him pain medication because the doctor's orders had already been written.  he told the nurse how severe his pain was, and instead of offering to call the doctor for permission to dispense more pain medication, she asked if she should call the doctor for permission to stay in the hospital another night, knowing that no one would volunteer to stay one more night in that terrible situation.  we are very upset and disappointed that the hospital has changed so drastically.  i see from the other reviews that this experience was not a one-time exception; it has become the norm.",M C.,2020-02-24,https://www.yelp.com/biz/san-antonio-regional-hospital-upland?adjust_creative=upenn&hrid=Rc3Po1UsYb_9k0wSc2BgAw&utm_campaign=yelp_feed&utm_medium=feed_v2&utm_source=upenn,False,San Antonio Regional Hospital,False,486,2.5,2020-06-23T17:39:23,19099852811.0,http://www.sarh.org,https://www.yelp.com/biz/san-antonio-regional-hospital-upland?adjust_creative=upenn&utm_campaign=yelp_feed&utm_medium=feed_v2&utm_source=upenn,999 San Bernardino Rd,Upland,CA,US,91786.0,,,Hospitals,,,,,
351666,MoHAubvOF-CvuN5pGwIXBg,qjj26XnOuuJGk6D5PEzF0g,1,"i have already placed a call to hospital administration to make them aware of the subpar treatment we received, but i also want to make certain the public is aware as well. please do  not waste your time at this emergency dept. i highly recommend going to savannah as we should have done, but our son was very sick so we stopped here rather than proceeding to savannah. he had been diagnosed w type b flu on monday. our doctor encouraged us to return or take him to an er/urgent care if after hours if he became worse. in the early morning hours of wednesday he became much worse; screaming in pain, unable to feel his legs below the knees, and a spike in fever despite tylenol  & motrin, and began vomiting. we rushed him to coastal carolina er.  from the second we stepped in the door the treatment we received was inexcusable. the check in person yelled across the room to ask what was wrong as we were struggling to get him in the door. i explained
he had been diagnosed w flu earlier in the week & she simply threw a mask at me rather than offering some help to get him in. the triage nurse was hateful and also offered no help.  she put us in a cold room w no sheet or blanket on the bed and left. we were then greeted by an extremely hateful  dr sutherland who asked why we were there. we explained what was going on, his diagnosis, & then she asked what we expected her to do as this was common for the flu.  we explained our doctor told us to immediately have him seen if he became worse which he did, which is why we were there.  she looked at me & left the room. the triage nurse returns, does not bother to tell us what she's giving him until i ask. she gives him zofran and tylenol/motrin & leaves. my son was absolutely freezing so i walk to nurses desk to ask for a blanket & hear them discussing the fact of how ridiculous they think it is that we brought our son to the er. (i am fairly certain this is a hippaa violation...we have contacted the governing board as well). she snaps at me that she's ""fixin  to discharge him"" (her exact words) so a blanket wont be necessary.  i realize it was nearing the 7am shift change  but this lack of care our  son received is completely inexcusable. we will never return to this facility and will discourage anyone from visiting this er.",W C.,2020-01-19,https://www.yelp.com/biz/coastal-carolina-hospital-hardeeville?adjust_creative=upenn&hrid=qjj26XnOuuJGk6D5PEzF0g&utm_campaign=yelp_feed&utm_medium=feed_v2&utm_source=upenn,False,Coastal Carolina Hospital,False,12,3.0,2020-02-24T23:00:18,18437848000.0,http://www.coastalhospital.com,https://www.yelp.com/biz/coastal-carolina-hospital-hardeeville?adjust_creative=upenn&utm_campaign=yelp_feed&utm_medium=feed_v2&utm_source=upenn,1000 Medical Center Dr,Hardeeville,SC,US,29927.0,32.320485999999995,-81.057283,Hospitals,,,,,
357827,ZKENFLYsKBSVAYbPhrQFlQ,oOqOkmMU8ex0LmQb2p0vFQ,1,"3/7/2020 11:30 presently at sutter health low court lab services. sad to see an elderly patient in a wheel chair with a yellow face mask around his neck, but not being worn. the gentleman has a significant cough. a little patient education can go a long way by staff suggesting the patient don the mask vs wearing it as a necklace. there are masks and hand cleaner available to us in the waiting area. appreciate this. will utilize. covid-19 alert signage on wall not being enforced or taken seriously by lab staff. neither phlebotomist or receptionist asked patient to wear his mask while coughing... did not phleb wipe down lab draw seat but wish the mask recommendations were being carefully followed.",Brooks S.,2020-03-07,https://www.yelp.com/biz/sutter-medical-foundation-fairfield?adjust_creative=upenn&hrid=oOqOkmMU8ex0LmQb2p0vFQ&utm_campaign=yelp_feed&utm_medium=feed_v2&utm_source=upenn,False,Sutter Medical Foundation,False,11,1.5,2020-03-07T11:29:52,17074274900.0,http://www.suttermedicalfoundation.org,https://www.yelp.com/biz/sutter-medical-foundation-fairfield?adjust_creative=upenn&utm_campaign=yelp_feed&utm_medium=feed_v2&utm_source=upenn,2720 Low Ct,Fairfield,CA,US,94534.0,38.23677,-122.08585500000001,Hospitals,,,,,
423610,V3P0I17W--mWJXIxjyMzjQ,vH3x2zpICBR48c4w4Vam5A,1,"cafeteria germs i ate at the cafeteria at kaiser morse sac hospital and all the tables were unwiped, covered with crumbs and bits of food which means they were loaded with germs. it was not busy at all so they could have cleaned them. avoid infection by avoiding this cafeteria. many hospital personnel eat there so if you touch a cafe table you will be in contact with ever infectious virus in the hospital. this is not to mention how disgusting is the reheated and prepackaged food they offer.",Tom L.,2020-02-28,https://www.yelp.com/biz/kaiser-permanente-sacramento-medical-center-and-medical-offices-sacramento?adjust_creative=upenn&hrid=vH3x2zpICBR48c4w4Vam5A&utm_campaign=yelp_feed&utm_medium=feed_v2&utm_source=upenn,False,Kaiser Permanente Sacramento Medical Center and Medical Offices,False,139,2.5,2020-05-28T09:59:21,19169735000.0,http://kaiserpermanente.org,https://www.yelp.com/biz/kaiser-permanente-sacramento-medical-center-and-medical-offices-sacramento?adjust_creative=upenn&utm_campaign=yelp_feed&utm_medium=feed_v2&utm_source=upenn,2025 Morse Ave,Sacramento,CA,US,95825.0,,,Hospitals,,,,,
443777,3dUEU8qa5qOLiUyR0BGZaQ,2tJWXRXdNbCSdULDuhhwIw,1,"so disappointed in this hospital. took my daughter there around 10 something last night. she had a bad rash that came out of now where. she had just had strep throat 8 days prior so i was nervous . we get back in the room and was first seen by a student doctor i think he was. he actually was asking questions . then he got the attending doctor. he basically came in later and said it could be one of three things scarlet fever ,mono which she was kind of young for or an allergic reaction to the amoxicillin. then he got the head of the er when she came in she basically said that it was a virus and that's why she had a rash. she didn't say what kind of virus what could've caused the virus nothing. they said they were going to give her some benadryl and watch her and then write her a prescription for zyrtec. it took the nurse a while to even give her the benadryl. when the medical student came back in at first he said it was looking better and then said let me get the doctor.then the attending doctor came back in and said they're not blowing this off don't think that if it was his child he would be fine with sending sending them home. i asked him if it will be cleared up for monday because she would be sent home if i sent her to school. he said he would write a doctors note. when they came to check me out there was no doctors note and i had to ask for it. it literally stated she could not go back to school till february 4. which he said a few days not a week and a half. she then woke up the next morning with the rash 10 times worse than it was. it had spread more all over her body and was bright red. i ended up taking her to beaumont pediatric after hours . they immediately said it was in a allergic reaction to the amoxicillin.they said zyrtec would be fine if the rash wasn't so bad but she needed a steroid. i feel like the care here was terrible they totally dismissed me and my daughter. i will never in life come here again. i'm also glad that i didn't listen to them and went with my gut and did not give her any more amoxicillin.the funny thing is they weren't even that busy.
i would give zero stars but that's not even an option.",Jenni H.,2020-01-25,https://www.yelp.com/biz/ascension-macomb-oakland-hospital-madison-heights-campus-madison-heights?adjust_creative=upenn&hrid=2tJWXRXdNbCSdULDuhhwIw&utm_campaign=yelp_feed&utm_medium=feed_v2&utm_source=upenn,False,"Ascension Macomb-Oakland Hospital, Madison Heights Campus",False,17,2.5,2020-06-25T09:22:40,12489677000.0,http://www.stjohnprovidence.org/,https://www.yelp.com/biz/ascension-macomb-oakland-hospital-madison-heights-campus-madison-heights?adjust_creative=upenn&utm_campaign=yelp_feed&utm_medium=feed_v2&utm_source=upenn,27351 Dequindre Rd,Madison Heights,MI,US,48071.0,,,Hospitals,,,,,
471555,ED2MEiYmzaGRc3HlerE3Dg,YKjJZGcZG9vly3DfbG66ZA,1,brought my mom is a few months ago (before the coronavirus) because she couldn't regulate her temperature due to her cancer treatments. the nurse kept saying we were safer to stay home. i get it! we are surrounded by sick people but she was covered in blankets and heating pads and felt like she was going to freeze. when she finally got a room days later the nurse was more concerned about the paperwork than my mom. she asked us the same questions we already answered three times before about her medications and medical history. mom started to get chills again which is always followed by a high fever. i told her and that tylenol would do the trick. she wouldn't give it to her bc the fever hadn't spiked yet. it's just tylenol!!! she kept asking her questions but by then my mom was delirious and couldn't even say her own name! she kept saying she was fine and just tired. i begged for tylenol but they refused. they used the external temperature and it was 99. they said they will wait till it got to 100 to give her tylenol. i brought my own oral thermometer and it read 102. finally i had to call the head nurse to get help and by then her fever was 103!!!! this is the worst place! i hope that nurse gets fired!!! they had no regard for my moms well being and we will never go there again.,Nina R.,2020-03-15,https://www.yelp.com/biz/seton-medical-center-daly-city?adjust_creative=upenn&hrid=YKjJZGcZG9vly3DfbG66ZA&utm_campaign=yelp_feed&utm_medium=feed_v2&utm_source=upenn,False,Seton Medical Center,False,219,2.5,2020-06-03T13:59:31,16509924000.0,https://seton.verity.org,https://www.yelp.com/biz/seton-medical-center-daly-city?adjust_creative=upenn&utm_campaign=yelp_feed&utm_medium=feed_v2&utm_source=upenn,1900 Sullivan Ave,Daly City,CA,US,94015.0,,,Hospitals,,,,,
546072,OooytCQD7lrRHoVor27lnA,gRedu5bmDznhpHeY4FALWg,3,"my grandfather went in a normal functioning senior when i brought him to the er to have fluid drained from his lung. we were moved to the third-floor until they could do the procedure (we were told we would be called before they took him in so we could be there when he woke up) they never called. they didn't call before hand and they didn't call when he came out of surgery either. he was heavily medicated with morphine. when we arrived to the hospital he was  restricted to the bed with restraints on his hands and legs. he was combative due to the anesthesia and morphine. he was sedated all day and would start to come back to life at night, hungry, wanting to get up, wanting answers as to where he was, he was very confused, he would start to get upset and they would sedate him because he would start to get combative, this lasted for three days. i had to stay in the hospital with him over night to insure they wouldn't sedate him again. it was crazy to me that the second a patient would get upset they would sedate him. i was told several times oh he's old....this is how how old people act...they thought he had dementia. i kept explaining no, he doesn't act like this..it's something else...it's the medication you're giving him. go to find out they are giving him anti psychotics looking into it further he had every side effect of the antipsychotic medication they were giving him which was making him behave that way. i felt like i couldn't leave him at the hospital alone because i was worried he would be mistreated. from that first day of coming out of surgery he was labeled as a hazard a threat to himself and a threat to others that followed him throughout his two week stay at the hospital even though that had only lasted those first three days due to the medication that was being given to him once we order doctors and nurses not to give him the antipsychotic drug everything started to subside  long story short the part of my complaint is this- my grandfather was moved from five different rooms five different floors. i would ask a question the nurses would say oh this is at my floor i don't know. five different doctors all telling us different information and ordering different medication. nurses coming in at all hours of the night being super loud with no intention of really doing anything just basically coming in and being disruptive and result waking him up when he finally goes to sleep. the 5th floor in the north tower was awful. once he was on that floor no one could be bothered with him. and when it was time for discharge they said his ambulance would arrive at 5, 5 turned into 530, 530 turned into 6, 6 turned into 7, 7 turned into 8, 8 turned into 9. we said this is ridiculous and we're not gonna send a sleeping man to a rehabilitation that he's never been to before when he's having short-term memory confusion at 9 o'clock at night it will only confuse him and upset him not to mention it's 9 at night and i have to get home to my family myself, i didn't want him arriving alone... just send him tomorrow..they said no you have to leave the doctors already ordered the discharge and said there was nothing they could do about it and forced him to leave. totally unexceptionable in my opinion. no one ever checked his chart and would always ask what floor he came from, what did he have done...and so on. no one ever knew what was going on. too many doctors taking care of one person. none of them were on the same page . the third floor was the only decent part of this experience, we had one nurse named christina and she was amazing and we are thankful for her help.",Jane D.,2020-01-31,https://www.yelp.com/biz/providence-saint-joseph-medical-center-burbank?adjust_creative=upenn&hrid=gRedu5bmDznhpHeY4FALWg&utm_campaign=yelp_feed&utm_medium=feed_v2&utm_source=upenn,False,Providence Saint Joseph Medical Center,False,483,3.0,2020-06-10T19:54:41,18188435111.0,http://providence.org/saintjoseph,https://www.yelp.com/biz/providence-saint-joseph-medical-center-burbank?adjust_creative=upenn&utm_campaign=yelp_feed&utm_medium=feed_v2&utm_source=upenn,501 S Buena Vista St,Burbank,CA,US,91505.0,,,Hospitals,Medical Centers,,,,
558437,s5GerbakM8tEXjsKDni6yg,nKCgKUTtQEdh4PYU05OP6A,1,i was at the orthopedic in st barnabas hospital yesterday and i ask for a mask hey with the coronavirus we need to take some precautions and the lady at the front desk told me we don't have mask what!!!they don't have mask .they don't have sanitizer no ac. we are in danger i've been calling since yesterday to make a complaint and they don't even pick up the phone,Enitza S.,2020-03-10,https://www.yelp.com/biz/st-barnabas-hospital-bronx-6?adjust_creative=upenn&hrid=nKCgKUTtQEdh4PYU05OP6A&utm_campaign=yelp_feed&utm_medium=feed_v2&utm_source=upenn,False,St Barnabas Hospital,False,31,2.0,2020-06-29T18:27:11,17189609000.0,http://www.sbhny.org,https://www.yelp.com/biz/st-barnabas-hospital-bronx-6?adjust_creative=upenn&utm_campaign=yelp_feed&utm_medium=feed_v2&utm_source=upenn,4422 3rd Ave,Bronx,NY,US,10457.0,,,Hospitals,,,,,
558438,s5GerbakM8tEXjsKDni6yg,N0t5s1APCPctYPtxeeRrmw,1,"the worst er in the area . they quarantine you no one checks to see if you have fever or shortness of breath and it's now going on 3 1/2 hours and no one has yet come to the room of the current team spoke to the charge nurse nicole said they're waiting on housekeeping to clean the rooms which they said almost an hour and a half ago so worst er to come to.
no nurses have come and  taken vitals. it horrible experience and not one person seems
to care .",Parul M.,2020-03-13,https://www.yelp.com/biz/st-barnabas-hospital-bronx-6?adjust_creative=upenn&hrid=N0t5s1APCPctYPtxeeRrmw&utm_campaign=yelp_feed&utm_medium=feed_v2&utm_source=upenn,False,St Barnabas Hospital,False,31,2.0,2020-06-29T18:27:11,17189609000.0,http://www.sbhny.org,https://www.yelp.com/biz/st-barnabas-hospital-bronx-6?adjust_creative=upenn&utm_campaign=yelp_feed&utm_medium=feed_v2&utm_source=upenn,4422 3rd Ave,Bronx,NY,US,10457.0,,,Hospitals,,,,,
576823,8a7ou749Tj99OHYmbdpf7w,8rwlHQuytW4I6pSuKB7toQ,5,"not much of an expert in emergency room visits, however this was my 3rd er visit in as many weeks (3 different hospitals). no one could seem to, or want to, correctly diagnose my issue until i went to simi valley hospital. wow! in the door and through registration, and triage in no time. granted, i was there at 7:30 saturday morning, but there was no one in the waiting room. no snotty nosed, coughing kids. no sad adults with masks on. and, the place was clean! unbelievable. they had me in a room within 20-25 minutes, and instantly started working on trying to figure out what the heck was wrong with me that no one else could seem to figure out. super professionals. super comforting. super experience. i hope to never see them again, at least professionally...but if i do, i won't mind. these people do their jobs well. they ultimately got to the bottom of my issue, and i left with the peace of mind of a realistic diagnosis, and a path to fixing the issue that is actually working. amen for these fine people and their fine hospital. forever grateful.",Harvey P.,2020-01-27,https://www.yelp.com/biz/adventist-health-simi-valley-simi-valley-2?adjust_creative=upenn&hrid=8rwlHQuytW4I6pSuKB7toQ&utm_campaign=yelp_feed&utm_medium=feed_v2&utm_source=upenn,False,Adventist Health Simi Valley,False,155,3.0,2020-05-31T14:35:51,18059556000.0,http://www.simivalleyhospital.com,https://www.yelp.com/biz/adventist-health-simi-valley-simi-valley-2?adjust_creative=upenn&utm_campaign=yelp_feed&utm_medium=feed_v2&utm_source=upenn,2975 Sycamore Dr,Simi Valley,CA,US,93065.0,,,Hospitals,,,,,
578273,JRdZn5LSEVeGRa8gvig6AA,IaZ1YqzT_e1egIx0AO0qcg,5,banner health deals with nasty microbial every day. the community should be confident that banner has trained personnel to handle the microbial opportunities: coronavirus. if ever there was a time to assure the community that you have a plan to deal with an out break of coronavirus...it's now !!! thank you being a valuable support to our community.,Claire O.,2020-02-14,https://www.yelp.com/biz/banner-lassen-medical-center-susanville-2?adjust_creative=upenn&hrid=IaZ1YqzT_e1egIx0AO0qcg&utm_campaign=yelp_feed&utm_medium=feed_v2&utm_source=upenn,True,Banner Lassen Medical Center,False,12,2.5,2020-02-14T15:01:41,15302522000.0,http://www.BannerHealth.com/Lassen,https://www.yelp.com/biz/banner-lassen-medical-center-susanville-2?adjust_creative=upenn&utm_campaign=yelp_feed&utm_medium=feed_v2&utm_source=upenn,559 Hospital Ln,Susanville,CA,US,96129.0,,,Hospitals,,,,,
595839,M2cTyB092JPNyFaPCtSojw,3-bd4W47KfiMS4WrgYbmaQ,1,"first and foremost, i understand and agree that for the majority of us the risk from covid-19 virus is very low.  i agree there is no need to panic.  however, this morning while making breakfast and lunches i spilled my coffee over what a doctor from lake forest hospital said. (i didn't catch the doctors name, however i'm sure it will be easy for the hospital to figure out who was answering questions on the radio.)  a woman called in  and was saying she isn't sure if she should take her family and young children on a plane to florida ( i think) for spring break because of the virus. the doctor told her that flying on a plane is perfectly safe....(next is what made me spill my coffee.)  the doctor stated that the air filtration systems on planes are much better than people think, and they remove the virus, so there is no reason to worry about catching the virus on the plane. a doctor said that.  you don't need to be a doctor to understand at this point that this virus is not being spread in the air.  it is being spread person to person, person to surface, and surface to  person.  lake forest hospital and its parent northwestern need to get a hold of this doctor and reprimand him for giving false information.  again, i understand for most of us, including a young family the risk is low.  however, stating that on the radio when there are possible seniors and others at risk listening is dangerous.  an elderly person with chronic condition may hear that and say ""well, if a doctor associated with northwestern says its ok to fly because of the planes air filtration systems, then it must be safe.  i'm sure northwestern will reply to this with its usual legal speak of possible miscommunication by the doctor.  unacceptable, statements like that doctor made put peoples lives at risk, especially elderly with chronic conditions.  the is no air filtration system on any plane that can remove the covid -19 virus.  shame on lake forest hospital and northwestern",Kevin B.,2020-03-13,https://www.yelp.com/biz/lake-forest-hospital-gurnee?adjust_creative=upenn&hrid=3-bd4W47KfiMS4WrgYbmaQ&utm_campaign=yelp_feed&utm_medium=feed_v2&utm_source=upenn,True,Lake Forest Hospital,False,1,1.0,2020-03-13T05:32:02,18475356171.0,,https://www.yelp.com/biz/lake-forest-hospital-gurnee?adjust_creative=upenn&utm_campaign=yelp_feed&utm_medium=feed_v2&utm_source=upenn,36100 N Brookside Dr Ste Ll70,Gurnee,IL,US,60031.0,,,Doctors,Hospitals,,,,
596286,5I0GJMBcDnhQ5tODq1j9Sw,l6ETVYil_Sj9nKbthsZb3w,1,"awful service.... my mom way dying on pain and we waited for 3 hours and eventually decided to leave because she could not even breathe of pain but they didn't care.... what a great patient care.... what if someone is dying? will they let them dye on the waiting room?we tried to politely ask the front desk that how long will it take????but they refused to give us any answer... and they let someone in with better conditions. don't go to the memorial hospital if u are in a really bad pain and you are in emergency situation.... because one thing this hospital doesn't have is understanding of emergency situation. also this place is dirty as heck... smells so bad and homeless people are just walking in and out without any of the staff thinking about cleaning the area, specially with the corona virus outbreak nowadays. also they told my mom to take a urine test and when she did it and it was ready they didn't even take that test from us.... so we kept the urine test for 3 hours on our hand.",Melia O.,2020-03-14,https://www.yelp.com/biz/memorial-hospital-of-gardena-gardena-2?adjust_creative=upenn&hrid=l6ETVYil_Sj9nKbthsZb3w&utm_campaign=yelp_feed&utm_medium=feed_v2&utm_source=upenn,False,Memorial Hospital of Gardena,False,162,2.0,2020-06-29T21:18:37,13105324200.0,http://mhg.avantihospitals.com,https://www.yelp.com/biz/memorial-hospital-of-gardena-gardena-2?adjust_creative=upenn&utm_campaign=yelp_feed&utm_medium=feed_v2&utm_source=upenn,1145 W Redondo Beach Blvd,Gardena,CA,US,90247.0,,,Hospitals,,,,,
599080,Nn4JXWWCfwc8uWvKInGi-A,n-a7EOFp332X9b5_v79RHQ,1,"on march 6 2020. i received a call from the skilled nursing facility where mom was for rehab, they called to let me know that they called an ambulance because she was in acute respiratory distress.    when i arrived at the er i was told that i would have to wait to go back until they were done with their assessment.  i explained to the security guard that my mom suffers from dementia and won't be able to answer their questions, he said ""have a seat they will let us know when you can go back"".  i sit and wait, after 15 minutes he informs me that i can go back, i walk into the room and there are multiple nursing staff in there. i said ""so do you guys realize you have an oxygen mask on her face?""  they all look at me like i am nuts, then when i said ""she has a tracheostomy and no air goes into her nose or mouth"".   ohhhhh yes so now everyone scrambles to put the face mask over her stoma until someone runs out and grabs a ""collar"".  the nice looking cocky male nurse goes to start a second iv, and i asked him if he wanted to switch me places so i can hold her hand so that she doesn't move and pull it out. his response ""i got this"", yeeehhh ok as soon as he moved his hand she pulled the iv out, my response ""yeh ok you got this"".  all this guy is concerned with is telling the pretty nurse how hot she makes the room.   another nurse comes in and tells me she needs a urine specimen and she needs to do a cathed urine.  i explained to her that someone did something bad to my mom when she was very young and does not like anyone to touch her there. the nurse insisted they need this urine specimen, this male nurse holds my mom down while the female nurse inserts the catheter, my poor mom crying telling them to stop, i had to walk out of the room .  they admitted her into a room for pneumonia, i told the nurse and the cna to please make a note that they are to call me with any changes or concerns or if my mom gives them a hard time and won't stay in bed.  i never received any calls so i thought awwww let me have a day to do the stuff i need to do around the house.  i called the nurse's station to check on my mom before i get into a project and was informed that they transferred her to progressive care last night following critically low oxygen level and they had to perform suction to release a mucus plug blocking her airway and they gave her ativan !!!!!! ativan really!!!!! it is noted in her chart that she has an adverse reaction to ativan.  needless to say i am sitting here in my moms room waiting for a transport to medical center of trinity.   i told the doctor i pray to god that he takes my mom quietly in her sleep i surely do not want medical neglect to kill her!!!!",Ressa C.,2020-03-08,https://www.yelp.com/biz/regional-medical-center-bayonet-point-hudson?adjust_creative=upenn&hrid=n-a7EOFp332X9b5_v79RHQ&utm_campaign=yelp_feed&utm_medium=feed_v2&utm_source=upenn,False,Regional Medical Center Bayonet Point,False,34,2.5,2020-06-29T07:01:20,17278192929.0,http://rmchealth.com/,https://www.yelp.com/biz/regional-medical-center-bayonet-point-hudson?adjust_creative=upenn&utm_campaign=yelp_feed&utm_medium=feed_v2&utm_source=upenn,14000 Fivay Rd,Hudson,FL,US,34667.0,,,Hospitals,Emergency Rooms,,,,
603185,H81nBIefb7kQd3LbBMKZZg,1V93SmJf_w1_QFdMu73q_g,1,"absolutely the worst. i came in on a saturday morning following a fall the previous day. the doctor came in and his first question was if i had been drinking. i told him i had the night before, but nothing that morning. he replied he'd been doing this for 20 years and he could smell it. after ordering x-rays, he told me someone would be in to clean the wound on my hand. the x-rays came back negative, but i'm not convinced they were read properly. the nurse had me wash my wound with soap and water. i asked if i should wrap my writs and she told me whatever i wanted to do. the doctor never returned. i asked for something for the pain. she promised tylenol, but never brought it. shameful!",Tom P.,2020-01-18,https://www.yelp.com/biz/yuma-regional-medical-center-yuma-5?adjust_creative=upenn&hrid=1V93SmJf_w1_QFdMu73q_g&utm_campaign=yelp_feed&utm_medium=feed_v2&utm_source=upenn,False,Yuma Regional Medical Center,False,3,3.5,2020-01-18T10:54:14,19283361015.0,http://www.yumaregional.org,https://www.yelp.com/biz/yuma-regional-medical-center-yuma-5?adjust_creative=upenn&utm_campaign=yelp_feed&utm_medium=feed_v2&utm_source=upenn,2550 S 4th Ave,Yuma,AZ,US,85364.0,,,Hospitals,,,,,
607910,g8DzwLkglJ_GMOAR3uNJGg,Pf8qtfSVPVrwItS-EY5Kdg,5,"with so much going on in these days in the medical field and overworked nurses and staff at hospitals. the st. joseph hospital admitting staff, nurses, and techs have been so nice, attentive and helpful. 

i was worried in getting my surgery done here with corona virus going on, i thought they would be tired rude because they are overworked but that wasn't the case. my stay has need pleasant and i would definitely recommend this hospital more than others i've been to.",Yvette H.,2020-03-12,https://www.yelp.com/biz/carondelet-st-josephs-hospital-tucson?adjust_creative=upenn&hrid=Pf8qtfSVPVrwItS-EY5Kdg&utm_campaign=yelp_feed&utm_medium=feed_v2&utm_source=upenn,True,Carondelet St Joseph's Hospital,False,92,3.0,2020-06-24T16:04:18,15208733000.0,http://www.carondelet.org,https://www.yelp.com/biz/carondelet-st-josephs-hospital-tucson?adjust_creative=upenn&utm_campaign=yelp_feed&utm_medium=feed_v2&utm_source=upenn,350 N Wilmot Rd,Tucson,AZ,US,85711.0,,,Hospitals,,,,,
680360,t-iPpBSD2hoPFhW-28XR6A,rxxFnG0iwCQI1oGDeF2D5g,1,"i had a bad virus (cold) for over two weeks.  my cervical area (neck) was extremely painful. my friend drove me to the er at presbyterian.  this review is not about dr. skarbek.  he was wonderful, aware, and took his time with me while getting to know who i am and my lifestyle.  my complaint is with my attending nurse, caisa.  she treated me like a 90 year old woman.  for background, i am a lifelong athlete with a low resting heart rate and normal vitals.  my birth year was 1946.  i take no prescription meds for any ailment.  first, caisa asked me if i walk with a walker and i said, ""heavens no"".  i told her that i was gainfully employed full time as a secondary teacher, and i would need a note to take off a few days to rest.  she replied, that i must have worked at my school for a long time.  i told her ""no"" and ""i worked there for only two years"".  when she asked me questions, she interrupted me before i could respond.  i suggest that this millennial nurse should understand that some seniors may be in better shape than she.  she should improve her listening skills without interrupting, not profile patients, and learn to respect her elders. she could take a ski trip to aspen and check out the ages of the hot dog skiers. i am sick of the profiling that older people receive here in albuquerque.",Beverley P.,2019-11-30,https://www.yelp.com/biz/presbyterian-hospital-albuquerque?adjust_creative=upenn&hrid=rxxFnG0iwCQI1oGDeF2D5g&utm_campaign=yelp_feed&utm_medium=feed_v2&utm_source=upenn,False,Presbyterian Hospital,False,67,2.5,2020-03-12T01:06:09,15058411234.0,http://www.phs.org,https://www.yelp.com/biz/presbyterian-hospital-albuquerque?adjust_creative=upenn&utm_campaign=yelp_feed&utm_medium=feed_v2&utm_source=upenn,1100 Central Ave SE,Albuquerque,NM,US,87106.0,,,Hospitals,,,,,
689841,DoeEVy8flLNremyzNEI7tA,oiSd2QRCvp_oVETFes81BQ,1,"if i could give zero i would. my daughter got stomach virus. the wait has been two hours and we r still waiting!!. people rude. avoid!!! they are the only hospital in town snd they know it. waiting room full of people and they just don't care. my daughter just throws up every 15 minutes. shame on any doctor who works here. we are from austin,tx and have never waited this long. they say that the rooms are full but i have gone to our hospital at home and they would line us up in the hallway and treat us there. do not retire in this town! you will likely die in the waiting room. what a nightmare.",Tamara F.,2019-12-27,https://www.yelp.com/biz/holy-cross-hospital-taos?adjust_creative=upenn&hrid=oiSd2QRCvp_oVETFes81BQ&utm_campaign=yelp_feed&utm_medium=feed_v2&utm_source=upenn,False,Holy Cross Hospital,False,16,2.5,2020-03-27T14:49:50,15757588883.0,http://www.taoshospital.org,https://www.yelp.com/biz/holy-cross-hospital-taos?adjust_creative=upenn&utm_campaign=yelp_feed&utm_medium=feed_v2&utm_source=upenn,1397 Weimer Rd,Taos,NM,US,87571.0,,,Hospitals,,,,,
714837,YXykJ3E_D3V1Dib16cDP_Q,OYHzgKNldFdrJ56EGAKU-A,1,"this place is a hole, my mother was screaming after surgery and one of the nurses told her ""be quite you're going to wake up the other patients""... did not even come to her once to ask her on a scale 1-10 how bad is the pain... what the fuck is that about ? you're supposed to calm her down and keep her sedated of course she's gonna be in pain after surgery, i hope the stupid bitch that said that to her is reading this, just imagine someone telling your mother that after a mastectomy. i wish i were in the room and found her name, her position would have ended that day. i can only imagine how they treat everyone here. the rn didn't check on her once all night and after she did not offer to help her with anything. also, they're out of face masks? it just gets worse and worse. also, no offense but the asian nurse kept talking over me very loudly when i would as a question. also, she had to share a room which is very understandable, but i wanted to stay overnight and there was no chair to even rest/sit. it was was infuriating, i do not recommend this place and am happy to get my mother out!",Macy S.,2020-03-03,https://www.yelp.com/biz/san-gabriel-valley-medical-center-san-gabriel?adjust_creative=upenn&hrid=OYHzgKNldFdrJ56EGAKU-A&utm_campaign=yelp_feed&utm_medium=feed_v2&utm_source=upenn,False,San Gabriel Valley Medical Center,False,431,4.0,2020-06-23T16:52:00,16262895454.0,http://www.sgvmc.com,https://www.yelp.com/biz/san-gabriel-valley-medical-center-san-gabriel?adjust_creative=upenn&utm_campaign=yelp_feed&utm_medium=feed_v2&utm_source=upenn,438 W Las Tunas Dr,San Gabriel,CA,US,91776.0,,,Hospitals,,,,,
720419,UBi5eay_UuSdCsDvlqGXsg,2aR8l-hzeOR4kPjJkTfL6A,5,"i hate going to hospitals and i hate the crowd that comes along with the wait. i came here and was treated with delight by dr ted who was exceptional, friendly and very professional. i highly recommend this place and the service is exquisite.  

make sure to ask for a face mask though, they are giving all visitors and patients a face mask. if not, i'm sure dr ted will put one on you!",Anna W.,2020-02-10,https://www.yelp.com/biz/monterey-park-hospital-monterey-park?adjust_creative=upenn&hrid=2aR8l-hzeOR4kPjJkTfL6A&utm_campaign=yelp_feed&utm_medium=feed_v2&utm_source=upenn,True,Monterey Park Hospital,False,371,4.0,2020-06-20T19:29:11,16265709000.0,http://www.montereyparkhosp.com/,https://www.yelp.com/biz/monterey-park-hospital-monterey-park?adjust_creative=upenn&utm_campaign=yelp_feed&utm_medium=feed_v2&utm_source=upenn,900 S Atlantic Blvd,Monterey Park,CA,US,91754.0,,,Hospitals,,,,,
720424,UBi5eay_UuSdCsDvlqGXsg,dnj0VCB3L25v75k7aynfSw,1,"me and my family always come to this historial. all my siblings were born here, we have always had good things to say about this hospital. yesterday we left very disappointed. we took my mom because she was not feeling well, she was about to faint from a bad headache. when we got there all they did was check her blood pressure and that is all. they asked her why she didn't go to her regular doctor. we obviously went to the hospital because it was an emergency she was feeling really bad. my mom kept hearing the word illegal coming out of there mouth. 
the other thing that is not okay is there lack of examining a patient. there is a virus going around and i can tell they are not prepared.",Mayra V.,2020-02-27,https://www.yelp.com/biz/monterey-park-hospital-monterey-park?adjust_creative=upenn&hrid=dnj0VCB3L25v75k7aynfSw&utm_campaign=yelp_feed&utm_medium=feed_v2&utm_source=upenn,False,Monterey Park Hospital,False,371,4.0,2020-06-20T19:29:11,16265709000.0,http://www.montereyparkhosp.com/,https://www.yelp.com/biz/monterey-park-hospital-monterey-park?adjust_creative=upenn&utm_campaign=yelp_feed&utm_medium=feed_v2&utm_source=upenn,900 S Atlantic Blvd,Monterey Park,CA,US,91754.0,,,Hospitals,,,,,
800100,gJf-Mh_EeNjjUFzLsG-j3w,iC2-c2YAkT9vRqm8c6tp8w,1,"where to start. this hospital is filthy dirty. they keep the medicines for all patients in the room with the patients in a cabinet that has a lock with a note saying by law it must be locked and they cover the lock with a towel so it won't lock so they don't have to use a key. in addition all the meds are mixed up and not kept separate per each patient and they keep digging trying to figure out what belongs to what patient. the other night they could not find my mother's insulin and after 2 hours had still not found and and she did not get her insulin.  in addition protocol is that insulin should be kept refrigerated and at this hospital it is not. today they had the wrong patients medicine on my mothers iv pole and had it administered and going in her veins. thank god it was the same medication she was on as they could of killed her but it had another patients name on it. my mother has mersa and the nurses and doctors are not wearing gowns, masks and/or gloves. the hospital she came from nobody could enter her room with out putting on a gown and glove and taking them off before you left.  now 2 days ago she was just diagnosed with cre and still nurses and doctors still  have no gowns, gloves or masks on and she is still in a room with other patients and not isolated. they are passing germs from patient to patient.  this place is a shit show. i want my mother out of this place now and moved to another hospital!!!",Cheryl W.,2020-01-15,https://www.yelp.com/biz/kindred-hospital-south-bay-gardena?adjust_creative=upenn&hrid=iC2-c2YAkT9vRqm8c6tp8w&utm_campaign=yelp_feed&utm_medium=feed_v2&utm_source=upenn,False,Kindred Hospital South Bay,False,32,2.5,2020-06-09T17:36:43,13103235330.0,http://www.khsouthbay.com,https://www.yelp.com/biz/kindred-hospital-south-bay-gardena?adjust_creative=upenn&utm_campaign=yelp_feed&utm_medium=feed_v2&utm_source=upenn,1246 W 155th St,Gardena,CA,US,90247.0,,,Hospitals,Occupational Therapy,Physical Therapy,,,
800961,_F8ciV15pHZ--f29JEAGng,oMXfhr2wPKhkmZ3DYQq_fg,1,"i was having a full blown panic attack thinking i cannot breathe and might have coronavirus and was crying and the er operator made fun of me, said in the background ""they call all the fucking time"", and hung up on me when i was asking what shortness of breath feels like with coronavirus. she was so mean and heartless, literally condescended me while i was crying and literally hung up after cursing. inexcusable. horrid treatment. er operator 3/15 1:30 am.",Sara B.,2020-03-15,https://www.yelp.com/biz/southern-california-hospital-at-culver-city-culver-city-2?adjust_creative=upenn&hrid=oMXfhr2wPKhkmZ3DYQq_fg&utm_campaign=yelp_feed&utm_medium=feed_v2&utm_source=upenn,False,Southern California Hospital at Culver City,False,309,2.0,2020-06-23T18:34:36,13108367000.0,http://sch-culvercity.com,https://www.yelp.com/biz/southern-california-hospital-at-culver-city-culver-city-2?adjust_creative=upenn&utm_campaign=yelp_feed&utm_medium=feed_v2&utm_source=upenn,3828 Delmas Terrace,Culver City,CA,US,90232.0,,,Hospitals,Medical Centers,Emergency Rooms,,,
923523,_wyUZ7ZRs1kRDrdQgU7N6w,EeEjVoURkkECxx0bTIoPqg,1,"to sum it up - yikes. 

went  to the er on thursday after class for severe lower back pain that extended into my legs. 
the moment i got there, the triage nurse quarantined me out of suspect of corona virus. mind you, their only basis was that i had a fever (which i didn't even realize i had) and i am a japanese american. no other symptoms. they had someone come up to me every 5min (often the same person) to ask me the same questions (did you travel  abroad in the last 30 days; do you have a cough?) as if they would get a different answer. my answer was a hard no  each time. meanwhile i was in severe pain, and my chief complaint was not addressed until several hours  later. 

after a couple hours waiting in a quarantine area, they took me to what i thought would only be temporary accommodation. it was a patient bed  in a cramped hallway, and the bed was too short for my legs. it turned out to be the only patient bed i'd see in that hospital. pretty sure that was a major hipaa violation. 

my first nurse was absolutely atrocious. he did not smile. he was rude. he was in no way gentle. he missed my vein 4 times when placing an iv, which judging by the vein he  used, did not seem possible. when i had to give a urine sample, he made me hold my urine specimen for 20 min until another nurse came by and asked me why i was still holding it, and then he would not help me back into my  bed. i was in so much pain. the icing on the cake: he gave me a flu test and jammed the stick so far up my nose that i got a nose bleed. i didn't even know i had a nose bleed until the mri tech took off my mask and asked me why it was bleeding. after i told him, he shook it off as no big deal. i've had a couple flu test before -- none of which caused this much discomfort. 

at the end of the day, the docs couldn't figure out the root of my pain and gave me a referral to a spine specialist. they didn't give me a number -- the told me to wait for his call the next day. the specialist waited until the end of their business day to call me to schedule an appointment. i missed their call but called back not even 10min after their initial call. and they were already closed! i had to wait until monday (today) to try to book an appointment. i've called them 8 times and left messages. it is absolutely amazing and appalling to me that someone can seriously stay in business if they don't answer their damn phones. i probably will not be wasting my time with them.",Aurelia F.,2020-02-10,https://www.yelp.com/biz/brigham-and-womens-hospital-boston-3?adjust_creative=upenn&hrid=EeEjVoURkkECxx0bTIoPqg&utm_campaign=yelp_feed&utm_medium=feed_v2&utm_source=upenn,False,Brigham & Women's Hospital,False,185,3.0,2020-06-28T09:54:45,16177325500.0,http://www.brighamandwomens.org,https://www.yelp.com/biz/brigham-and-womens-hospital-boston-3?adjust_creative=upenn&utm_campaign=yelp_feed&utm_medium=feed_v2&utm_source=upenn,75 Francis St,Boston,MA,US,2115.0,,,Hospitals,,,,,
923531,_wyUZ7ZRs1kRDrdQgU7N6w,qKlaSJ5dUfsUoP36pl9slw,2,"when i visited the hospital on tuesday. feb. 18th, it was disgusting that antibacterial dispensers -- one in front of the au bon pain cafe and the other right near the main entrance next to the info desk -- were empty at a time when the us is trying to prevent a pandemic. particularly as people with compromised immune systems visit hospitals, but even in light of the hospital's simply being a place that is supposed to stop-- not spread -- infectious diseases -- this was surprising. however, more astonishing was that when i notified the woman working at the info desk that morning, she appeared uninterested. i then went to patient family services. two people-a young man and woman -- were  chatting behind a desk. when i explained that there was no antibacterial soap in main area of the hospital, they did nothing. i explained that it would be very helpful to fill the soap dispensers in the main area of the hospital right next to the front info desk as well as the dispenser that was in front of the au bon pain restaurant café.the young man named joel explained that when the custodian did his rounds, they would let him know. he did not know what time that would be, but it would be in the morning. this had nothing to do with keeping the hospital clean and  safe but everything to do with minimizing one's work for joel in the ambivalent young woman.  the young woman behind the desk who had been chatting with joel prior to the interruption of work giggled. i suggested that since dispensers were empty, that it would be good to call custodian services now to fill, but joel said he would not do that; the young woman was also ambivalent to act.

i called several offices. thinking that those whose job it was to take care of these issues were ambivalent, i asked the switchboard to connect me to secretary to the president. the  switchboard rep stated that these calls went to (the (ambivalent) patient services. meanwhile i saw many people trying to wash hands when entering the hospital and the restaurant -- only to find empty dispenser. i finally called the director of nursing, explain that i knew nurses cared-- and patty in that office was great.

but -- it is disgusting that the other staff members seemed to act -- or not act -- out of ignorance. i did wonder if such a basic step in patient care could not be taken, what happened with more complex issues. i have found care to usually be excellent at the hospital, but this was negligent. there was the same issue of empty dispensers at brigham's fish center. the hospital needs to get with its own program.",Boston T.,2020-02-23,https://www.yelp.com/biz/brigham-and-womens-hospital-boston-3?adjust_creative=upenn&hrid=qKlaSJ5dUfsUoP36pl9slw&utm_campaign=yelp_feed&utm_medium=feed_v2&utm_source=upenn,False,Brigham & Women's Hospital,False,185,3.0,2020-06-28T09:54:45,16177325500.0,http://www.brighamandwomens.org,https://www.yelp.com/biz/brigham-and-womens-hospital-boston-3?adjust_creative=upenn&utm_campaign=yelp_feed&utm_medium=feed_v2&utm_source=upenn,75 Francis St,Boston,MA,US,2115.0,,,Hospitals,,,,,
933611,ctf9J40qFUSlqmCWGgdn0Q,JrCzU6jpHLp7CCiaSWkRoA,5,"i had to come here for some labs, and i was very pleased at my experience. 

like any big complex, i had to find my way around, but people were very nice and helpful. the wait was very short, despite the fact that i had been sent here (along with i am sure many other patients) due to issues at another campus, so they were likely a little overloaded.

everything was clean; the staff was friendly and knowledgeable, the process was minimal.

this was also during the covid-19 epidemic, and they were screening anyone who came through the door to try and keep the facility uncontaminated, which while not perfect was a good gesture for sure.

i would happily come back here again in the future for other procedures based on the quality of service i received.",Chris S.,2020-03-14,https://www.yelp.com/biz/cpmc-van-ness-campus-san-francisco-2?adjust_creative=upenn&hrid=JrCzU6jpHLp7CCiaSWkRoA&utm_campaign=yelp_feed&utm_medium=feed_v2&utm_source=upenn,False,CPMC Van Ness Campus,False,71,2.5,2020-06-26T17:35:21,14156006000.0,https://www.sutterhealth.org/for-patients/van-ness-cpmc,https://www.yelp.com/biz/cpmc-van-ness-campus-san-francisco-2?adjust_creative=upenn&utm_campaign=yelp_feed&utm_medium=feed_v2&utm_source=upenn,1101 Van Ness Avenue,San Francisco,CA,US,94109.0,,,Hospitals,,,,,
1095379,s-GZZw7fmH3ba2xe2AXykA,GShU_X3cy1Fn-25kuzXQ9w,4,so far so good. went to the er during my first trimester. was worried i'd be there all day but considering the severity and treatment i was out in about 3 hours which was far less than i planned. the obgyn department is also very efficient. they always have a full house but tries to honor everyone's time. i've gotten blood work and visited the pharmacy at this location its all been pretty decent. i would say to anyone skeptical abt coming over here 1.) know where you are going as far as the building and floors 2.) try to arrive early to allow for parking and walking 3.) grab a face mask to decrease your anxiety 4.) check in on your kp app and keep a your phone charged in case its a busy day. 5.) always treat ppl on the job with respect. it comes with perks.,Regina H.,2020-02-29,https://www.yelp.com/biz/kaiser-permanente-south-bay-medical-center-harbor-city-2?adjust_creative=upenn&hrid=GShU_X3cy1Fn-25kuzXQ9w&utm_campaign=yelp_feed&utm_medium=feed_v2&utm_source=upenn,False,Kaiser Permanente South Bay Medical Center,False,221,3.0,2020-05-30T19:17:29,13103255111.0,http://kaiserpermanente.org,https://www.yelp.com/biz/kaiser-permanente-south-bay-medical-center-harbor-city-2?adjust_creative=upenn&utm_campaign=yelp_feed&utm_medium=feed_v2&utm_source=upenn,25825 Vermont Ave,Harbor City,CA,US,90710.0,,,Hospitals,,,,,
1125822,XMG5TjoIY_nxo-dBK-IHAg,0zRThH7_S2xgmuZeYQGvPg,5,"headed out of town on a trip, stopped in morgan hill on the way to monterey. 9 year old daughter wanted to go and she started to get better from her virus so we went for it. 

well her fever came back and we had to quickly find health care on a sunday morning. glad we found this hospital.

from the rep who answered the phone, the intake nurse, the lead nurse, x-ray tech and last but not least the dr. and everyone else that had a hand in this, this was by far one of the best hospital emergency room experiences in my lifetime. 

the staff here is amazing, kind, courteous and professional.  thank you again for your service. 

respectfully, 
frank jimenez general mgr  
coaches hvac extraordinair  
209-715-0797",Frank J.,2020-02-16,https://www.yelp.com/biz/st-louise-regional-hospital-gilroy?adjust_creative=upenn&hrid=0zRThH7_S2xgmuZeYQGvPg&utm_campaign=yelp_feed&utm_medium=feed_v2&utm_source=upenn,False,St. Louise Regional Hospital,False,106,2.5,2020-05-04T17:47:28,14088482000.0,https://stlouise.verity.org,https://www.yelp.com/biz/st-louise-regional-hospital-gilroy?adjust_creative=upenn&utm_campaign=yelp_feed&utm_medium=feed_v2&utm_source=upenn,9400 No Name Uno,Gilroy,CA,US,95020.0,,,Hospitals,,,,,
1204273,6iEQzpf8uSL1ibhXLQghKA,pF-FJSVe25YWybUCIj5ynA,1,"hopefully you read this before going to the er, not after like i did.  reading some of the other reviews - similar things happened to me.

on friday february 28th at about 8:30pm my daughter and i took our 18 month old grandson to the emergency room on bee ridge and cattlemen.  

1.  my daughter was holding the baby who was crying - he had been bitten on the hand by a dog.
2.  the security guard never looked up from his computer and mumbled for us to sit down - ""they know you're here.""  we were the only people in the er, so i'm thinking ""who knows we're here?""
3.  three women were behind a desk and did not make eye contact with us - no concern for a young woman holding a crying baby.  they just talked to each other - nobody told us anything.
4.  five minutes becomes 10 minutes and nobody said anything to us.
5.  after about 10-12 minutes a door marked triage opens and some patient comes out.  the triage nurse asked us to come in.
6.  she did not wash her hands, use purell, or wear gloves.
7.  she had to do all the typing to get us into the system (i guess the other three women were busy not helping)
8.  after about 15 questions - she finally asked why we were here.  we told her he had been bitten by a dog.
9.  when she reached for his hand - he of course screamed - so she reached for an unsanitized teddy bear on her desk and gave that to him to quiet him down.
10.  she dabbed the wound clean (did not rinse it) and moved us through some double doors into another waiting room with about six chairs - again we were the only people there.
11.  about another 10-15 minutes later a nurse came in and confirmed the baby's name.  then she asked us if he had a fever?  no?  a cough?  no?  we told her he had a dog bite.  (i wonder why she hadn't read the triage report??)
12.  she asked my daughter a dozen questions which had nothing to do with the dog bite, including vaginal or c-section delivery?  i'm guessing that is a priority when treating a dog bite.
13.  another 10 - 15 minutes and a doctor came into the room.  and here's where i started to question this whole operation.  he never came closer than 10 feet from the baby - never looked at the wound, let alone cleaned it.  from 10 feet away he then described what he was going to do - he was going to order an x-ray and then give us some antibiotics - because he told us without antibiotics the risk of infection is very high.
14.  another 10-15 minutes and a guy from x-ray came and told us he had been instructed to an x-ray of the right hand.  ""is this _____?""  good guess!

did you ever see the movie zootpia where she has to go to the dmv to get her license?  that's what this experience brought to my mind.  they were like the sloths but without the smile and the compassion.
https://www.youtube.com/watch?v=drhsktakrzc 

15.  another 30 minutes and the nurse came back asking us what was happening.  that is when i got a little frustrated and asked her why the doctor had not even looked at the wound?  why hadn't the wound been cleaned?  she seemed to think that the doctor had looked at the wound.
16.  i could go on and on...

finally the nurse came back with the prescription for the antibiotic - it was now 11 at night.  i asked her if she could call in the prescription so it would be ready when we got there.  ""we don't provide that service.""

this is a perfect example of an organization which is driven by procedure - and has absolutely no focus on patients.  no compassion, no coordination, no communication.  the system these people work in has crushed their humanity - and this is with an empty er.

all the while i'm thinking to myself - ""omg imagine if there was a corona virus outbreak in sarasota and there were five or six puking sick people in the er waiting room?  this hospital is completely unprepared to handle anything like that.""

come to find out two days later that there was a corona virus patient in the hospital that night - and i thought back to the people not washing their hands, etc. etc.  i pray that my grandson, my daughter and i were not infected.  

and hannah b. don't respond ""i am so sorry to hear about your experience...""  if you gave a damn, you would go to the er yourself and see what your customers see - it isn't pretty.  if you did care, it would either be fixed, or you wouldn't be working there.",Alan G.,2020-03-02,https://www.yelp.com/biz/doctors-hospital-of-sarasota-sarasota?adjust_creative=upenn&hrid=pF-FJSVe25YWybUCIj5ynA&utm_campaign=yelp_feed&utm_medium=feed_v2&utm_source=upenn,False,Doctors Hospital of Sarasota,False,43,2.5,2020-04-09T15:57:21,19413421100.0,http://doctorsofsarasota.com,https://www.yelp.com/biz/doctors-hospital-of-sarasota-sarasota?adjust_creative=upenn&utm_campaign=yelp_feed&utm_medium=feed_v2&utm_source=upenn,5731 Bee Ridge Rd,Sarasota,FL,US,34233.0,,,Hospitals,Emergency Rooms,,,,
1205458,Gmi8Zi92Ua4uxBFKCPpQNA,2pD2OvtQAHvT5lXlrhIj0w,5,"i love sharp coronado hospital sewall healthy living center! it is like one stop shopping for helping me be the best i can be. it is all about patient centered care and helping you meet your needs. bob is a nurse practitioner and acupuncturist - he has helped me immensely me  with my varied issues and i love how warm, caring and professional he is while  providing the treatments.  cynthia is my personal trainer who is wonderful at helping me recover my strength and function after a bone fracture.  she looks at me for who and where i am in my health status, my age, my own wishes and individualizes  my exercise plan to help me gain the strength and agility to keep me on my feet .....and is nice while doing it!!
thanks sharp coronado hospital, sewall  healthy living center!",Catherine M.,2020-02-09,https://www.yelp.com/biz/sharp-coronado-hospital-coronado-4?adjust_creative=upenn&hrid=2pD2OvtQAHvT5lXlrhIj0w&utm_campaign=yelp_feed&utm_medium=feed_v2&utm_source=upenn,False,Sharp Coronado Hospital,False,90,4.0,2020-06-02T14:55:31,16195223600.0,http://www.sharp.com,https://www.yelp.com/biz/sharp-coronado-hospital-coronado-4?adjust_creative=upenn&utm_campaign=yelp_feed&utm_medium=feed_v2&utm_source=upenn,250 Prospect Pl,Coronado,CA,US,92118.0,32.6941075428066,-117.168245315552,Hospitals,,,,,
1205465,Gmi8Zi92Ua4uxBFKCPpQNA,c8Yyoty72JDtSJndQfBD_w,5,"went to ucsd er was full and told over 9 hour wait. 
friend recommended sharp coronado what a pleasant surprise. was in treated and out in less than 3 hrs. i love love love this place people are great and its designed with the patient in mind unlike ucsd where they forget you have to park your car and put the nearest handicap spot literally thousands of yards away . kudos and thumbs up to sharp. i want to be part of the family! do yourself a favor and avoid ucsd go to sharp coronado .",James S.,2020-01-05,https://www.yelp.com/biz/sharp-coronado-hospital-coronado-4?adjust_creative=upenn&hrid=c8Yyoty72JDtSJndQfBD_w&utm_campaign=yelp_feed&utm_medium=feed_v2&utm_source=upenn,False,Sharp Coronado Hospital,False,90,4.0,2020-06-02T14:55:31,16195223600.0,http://www.sharp.com,https://www.yelp.com/biz/sharp-coronado-hospital-coronado-4?adjust_creative=upenn&utm_campaign=yelp_feed&utm_medium=feed_v2&utm_source=upenn,250 Prospect Pl,Coronado,CA,US,92118.0,32.6941075428066,-117.168245315552,Hospitals,,,,,
1205469,Gmi8Zi92Ua4uxBFKCPpQNA,U2k-13FuL9X4QZQjnchlLA,1,"this review is specifically for rebecca in the referral department at sharp coronado medical office. i had been trying to get a referral to be sent from my pcp to be seen at a facility in regards to prenatal care/delivery. i was told that after a couple days someone would contact me to let me know if it had been approved. i received no phone call. i called the office to check my status and was forwarded to rebecca's voice mail. left a voicemail. heard nothing back. called again the next day left another voicemail. again, nothing. after i finally got a hold of her, she told me the referral had been denied and that i had to call my own insurance to ask them why.  i called my insurance and they told me she had to send the referral again because she had done it incorrectly. i left another voice mail with rebecca. and another.  after the third attempt, i finally got a hold of her and told her she needed to send it again. told her i was frustrated, and she said ""i will write that down in your chart."" she told me she would call me back with the status, which of course she never did. she was extremely rude and unprofessional and should probably find a new job since she appears to not be competent enough to do this one. 

i immediately switched pcp's and after i was seen by my new primary, a referral was sent to the same facility and i was approved and able to book an appointment that same day. so easy. being seen at sharp coronado was a colossal waste of time, energy, and my $30 copay. will never be going back to that office again.",Rachael S.,2019-12-03,https://www.yelp.com/biz/sharp-coronado-hospital-coronado-4?adjust_creative=upenn&hrid=U2k-13FuL9X4QZQjnchlLA&utm_campaign=yelp_feed&utm_medium=feed_v2&utm_source=upenn,False,Sharp Coronado Hospital,False,90,4.0,2020-06-02T14:55:31,16195223600.0,http://www.sharp.com,https://www.yelp.com/biz/sharp-coronado-hospital-coronado-4?adjust_creative=upenn&utm_campaign=yelp_feed&utm_medium=feed_v2&utm_source=upenn,250 Prospect Pl,Coronado,CA,US,92118.0,32.6941075428066,-117.168245315552,Hospitals,,,,,
1211552,dg_c9uQLoav36HSFZWYJpw,K_43BXxu8kf9_MRdu5xhVw,4,"we had our second child  at nypq again. it was a little nicer the first time around. the nurses and staff were much more friendlier during the birth of our first son 4 years ago. back then, our nurses were outstanding. the p.a, all the nurses we've encountered during that stay, they were all very friendly and helpful except for our doctor. our doctor during the birth of our first son was incredibly rude as she stood in the corner of our delivery room fiddling with her iphone the whole time while the nurse practitioner did all the work and stitching. 

the second time, birth of our second son just last month was the total opposite. the nurses this time around were rude and the doctor was the nicer and helpful one. the nurses were extremely stingy with the formula. they kept emphasizing how they are a  ""mother friendly"" hospital but they weren't friendly at all. you weren't even allowed to keep your baby in the nursery for more than 2 hours. my wife was exhausted and when they sent her to a different room, it felt like the nurses couldn't care less about her well being. our doctor, dr. sana lee was great. she was attentive, she spoke to us and kept checking in on us. also, our ob who wasn't on rotation that day, dr jason fong came to visit my wife the following day. very nice guy, best ob doc my wife has seen by far. 

overall, the experience at nypq was mostly positive. we are grateful to be blessed with another healthy baby boy. it was just frustrating at times dealing with some (not all) the nurses. i understand many patients like to rack up on free similac ready to use bottles but we're not that kind of people. we were also disappointed that the nursery couldn't care for our son a little longer so that my wife could rest a little bit after going through hell.

cliff notes
1. great experience with our doctors, as well as our pediatrician dr andrew sinesi from the theresa lang children's center. he also came up to visit.
2. hit or miss experience with the nurses. some nurses were either really mean or really nice.
3. waiting for transport to come discharge us took forever.
4. the hospital food this time was decent. ordering procedure is completely different from the past. you call the number on the menu and order whatever you want.
5. no more blood donor center. i use to donate blood and platelets regularly here but they got rid of the entire blood center. it's very disappointing, we really liked the staff there.",Gary L.,2020-02-08,https://www.yelp.com/biz/new-york-presbyterian-hospital-of-queens-flushing?adjust_creative=upenn&hrid=K_43BXxu8kf9_MRdu5xhVw&utm_campaign=yelp_feed&utm_medium=feed_v2&utm_source=upenn,True,New York Presbyterian Hospital of Queens,False,24,2.5,2020-03-12T22:05:12,17186701185.0,,https://www.yelp.com/biz/new-york-presbyterian-hospital-of-queens-flushing?adjust_creative=upenn&utm_campaign=yelp_feed&utm_medium=feed_v2&utm_source=upenn,5645 Main St,Flushing,NY,US,11355.0,,,Hospitals,,,,,
1275952,xn2wBz0SmCo5J6y10NK5ew,UkyrS-FEC3VcsX8Okylh4w,1,"there is no sense of urgency at this hospital. i went with intense gall bladder pain to the er. i haven't been to a hospital in 10+ years so for me to go at 2am to seek assistance was a not a choice i made lightly. i arrived to be checked in and forced to wait and wait and wait. passed from a check in desk to a secondary check in desk  to a 3rd check point. at no point did i receive any care, treatment or empathy. they rang up a big bill ordering urine tests and blood tests, but any actual treatment? nope. they just want you to wait it out in the waiting room. this place is a waste  of money and time. i left voluntarily because if i'm going to sit in a chair in extreme pain, i'd rather do it at home vs their dirty waiting room that's costing me thousands of dollars. if you need  actual medical treatment, avoid this place at all costs. you will wait for hours in the waiting room, rack up a big bill and never receive any actual treatment  unless you're willing to wait 6+ hours.",Natalie B.,2020-02-01,https://www.yelp.com/biz/dignity-health-st-rose-dominican-siena-campus-henderson-2?adjust_creative=upenn&hrid=UkyrS-FEC3VcsX8Okylh4w&utm_campaign=yelp_feed&utm_medium=feed_v2&utm_source=upenn,False,"Dignity Health - St. Rose Dominican, Siena Campus",False,430,2.5,2020-06-27T22:49:22,17026165000.0,https://www.dignityhealth.org,https://www.yelp.com/biz/dignity-health-st-rose-dominican-siena-campus-henderson-2?adjust_creative=upenn&utm_campaign=yelp_feed&utm_medium=feed_v2&utm_source=upenn,3001 St Rose Pkwy,Henderson,NV,US,89052.0,,,Hospitals,,,,,
1378592,bBAMvyVq9mhhlBp4WQunHw,4ILWjZl9tsxRvvSRIWjRSg,3,"i had lymes disease i went to the good sheppard out paitent in crystal lake and the pa there was like.  oh you might have. a flesh eating disease go directly to the hospital. i am calling ahead so they can quarantine you he said . so i go to the er at good shepard. and immediately get a series of 8 tests ,  i kept saying as a self diagnosis from the internet. that i have 7 of the 7 symptoms  of lyme disease  , no one wanted to believe me. 
i was submitted on saturday afternoon , i spent all day there sunday and then an infectous disease dr came in and looked at the bite mark and says. i have lymes disease.   what the heck   so know they can give me the correct antibiotics.  so i have to stay over night one more night. 

so i stayed 2 nights. had numerous tests and saw 5 different drs. and the bill was over $20,000
insurance covered it but one week later someone that i work with 
had the same thing. he went. to his dr , he  was given the correct antibiotic right away  and was told to go home and drink pedialite. and gatorade  for a couple days and if he doesn't feel better in a couple days come back in.  his total invoice was less than $200.00  he had the same bite mark as i did and his dr recognized it immediately 

i do have to say that my care in the hospital was very good",Bill S.,2020-03-15,https://www.yelp.com/biz/advocate-good-shepherd-hospital-barrington?adjust_creative=upenn&hrid=4ILWjZl9tsxRvvSRIWjRSg&utm_campaign=yelp_feed&utm_medium=feed_v2&utm_source=upenn,False,Advocate Good Shepherd Hospital,False,55,3.0,2020-05-25T16:37:31,18473819600.0,http://www.advocatehealth.com,https://www.yelp.com/biz/advocate-good-shepherd-hospital-barrington?adjust_creative=upenn&utm_campaign=yelp_feed&utm_medium=feed_v2&utm_source=upenn,450 W Hwy 22,Barrington,IL,US,60010.0,,,Hospitals,,,,,
1379056,IdgFKZiFWhHpPVCyZc5spQ,tZjrUBhRPMRjNOTa6kgm9g,5,"i've been a member of kaiser permanente for many years. 
they have saved my life twice when i had breast cancer and a recurrence. 
recently, i had to go to the emergency room, as i had sharp pain in my abdomen.
they did the tests on arrival, and within an hour, discovered that i had an infected gall bladder.
they removed it microscopically, and the very same day i came home.
i want to tell the staff and everyone else, that the treatment i received was world class.
through all the coronavirus scare, these doctors, nurses and technicians gave me 100% of their attention; even with having a full hospital.
thank you kaiser for my life.
in gratitude 
michele stone",Michele S.,2020-03-14,https://www.yelp.com/biz/kaiser-permanente-san-rafael-medical-center-san-rafael?adjust_creative=upenn&hrid=tZjrUBhRPMRjNOTa6kgm9g&utm_campaign=yelp_feed&utm_medium=feed_v2&utm_source=upenn,False,Kaiser Permanente San Rafael Medical Center,False,119,3.5,2020-06-22T22:16:30,14154442000.0,http://kaiserpermanente.org,https://www.yelp.com/biz/kaiser-permanente-san-rafael-medical-center-san-rafael?adjust_creative=upenn&utm_campaign=yelp_feed&utm_medium=feed_v2&utm_source=upenn,99 Montecillo Rd,San Rafael,CA,US,94903.0,,,Hospitals,,,,,
1386855,oJJTfBfP8QBmm8kmU0Ex6A,49eXzpiOsm6hbsJ6r6R5Sg,2,"my son woke up with 105.3 fever today. he began shaking so naturally i gave him motrin and called the doctor he advised i take him straight to the er. we have never been to memorial before and now i believe we should have kept going to st. mary's. everything was great until we were discharged. doctor came by said he most likely has the flu. no tests nothing. ok no biggie we'll go home make him as comfortable as possible. we walk out to the triage area my little boy sneezes and says there is buggers on my mask. the triage and check in area is crowded. i ask the gentleman at the check in desk for another mask and he gives it to me with a ""really?!"" kind of tone. tell my son lets go. he then proceeds to yell out ""oh you're leaving?! "" i reply ""yes"". he says ""then take that one off and put the new one on. this isn't a pro-bono thing"". so i proceed to take the snot lined one off and put the fresh one on. my pride almost took over and gave it back but, why should my child walk around with snot in his mask and why should we walk around possibly infecting anyone. it was so humiliating. in just a few seconds this shitty human being left a foul impression of a visit that was amazing otherwise.",Regina R.,2020-02-09,https://www.yelp.com/biz/memorialcare-long-beach-medical-center-long-beach?adjust_creative=upenn&hrid=49eXzpiOsm6hbsJ6r6R5Sg&utm_campaign=yelp_feed&utm_medium=feed_v2&utm_source=upenn,False,MemorialCare Long Beach Medical Center,False,364,2.5,2020-06-26T19:00:24,15629332000.0,http://www.memorialcare.org,https://www.yelp.com/biz/memorialcare-long-beach-medical-center-long-beach?adjust_creative=upenn&utm_campaign=yelp_feed&utm_medium=feed_v2&utm_source=upenn,2801 Atlantic Ave,Long Beach,CA,US,90806.0,,,Hospitals,,,,,
1396869,rtXz99tmS-iUclHSSOsFWQ,SD1k2BLAkgSrfqXQL8NLFQ,5,"i genuinely have never felt so well taken care of by a group of individuals. of course with the coronavirus, they were taking all the proper precautions and i expected to wait a bit longer than usual but they are all so well communicated within each other that i was in and out in about an hour and a half. they didn't want to put me in any rooms while i waited for the doctor (understandably there were others who may have needed it more) so they set me up on a gurney with warm blankets ect to make sure i was comfortable. all the nurses were extremely kind. the doctor was amazing, i believe his name is jeremy (forgot the last name lol). all in all, had a great experience. glad to know i have a place nearby i can count on when i'm not feeling well. :)",Nicole P.,2020-03-13,https://www.yelp.com/biz/memorial-hospital-miramar-miramar-3?adjust_creative=upenn&hrid=SD1k2BLAkgSrfqXQL8NLFQ&utm_campaign=yelp_feed&utm_medium=feed_v2&utm_source=upenn,True,Memorial Hospital Miramar,False,81,3.5,2020-06-25T14:33:46,19545385000.0,http://www.mhs.net/locations/memorial-miramar,https://www.yelp.com/biz/memorial-hospital-miramar-miramar-3?adjust_creative=upenn&utm_campaign=yelp_feed&utm_medium=feed_v2&utm_source=upenn,1901 SW 172nd Ave,Miramar,FL,US,33029.0,,,Hospitals,,,,,
1481272,QID79mnn0Zr3tCPWeGxdmg,F-PE9FY97Eiv4Klj_pU-JA,2,"i'm torn between five stars and one star, so i felt that two was sufficient for my wife's experience. i'm a proud father of a new baby girl who came into this world over one month early!! 

the labor & delivery staff were great except when it came to having my wife's food delivered. at first i thought it was the dietary staff but i later learned that the food trays are left at the nursing station. why? i have no idea but i can tell you that the trays sit for at least a minimum of one hour before the trays are delivered. i'm sure it's not the nursing staff's job to deliver food but why continue this practice if it's a problem?? 

as i mentioned before the staff are great when it comes to patient care but this one little detail of not delivering a pregnant patient's food is truly a horrible practice!! what makes it the absolute worst is that my wife spent one week at the hospital dealing with a difficult labor and now she has to eat cold food that has been sitting out for over an hour... 

after being transferred to the postpartum unit, it was extremely noticeable how much more attentive and helpful the staff is. everyone from the nurses to the unit secretary were beyond helpful. the dietary staff delivered breakfast, lunch and dinner to the room every single day!! the few days spent there were great!! the young man who conducted the hearing test was very professional and handled our baby with such care. i don't know his name but he definitely deserves recognition!! 

overall, our experience was good up until we were discharged... as we were being transported out we passed the security staff. there were three black male guards hanging out at the desk in the er lobby area. as my wife was being rolled out on a wheelchair one guard shouts out ""what did you have""? i nicely replied ""we had a baby girl"" and i smiled because it's our first child and had been trying to have a baby for several years. as we reach the automated doors the guard yells out ""good luck"" in a sarcastic manner! 

this is exactly what i needed after spending an entire week in the hospital watching my wife struggle with a difficult birth, every meal being served cold and possibly bordering on bacteria contamination; all to be topped off with some contract security guard expressing his personal feelings on how he feels about having a baby girl. this is what you have to look forward if you're a patient here!!

i remember when this health center was run by the sister of charity of leavenworth. it was as professional as you could ever expect but for whatever reason it has lowered its values and you'll probably get a similar experience or worse!!

allied security is the contract company providing your sarcasm and er hangouts. i was informed that it's managed by the dietary department, not even sure how that makes sense?? when i inquired i was also told the dietary department also manages the valet parking operations. maybe it's downsizing at its best or worst??

i do want to thank;

marcel loh - chief executive
paul makarewicz - director - mission
carol o'dea, administrative director - quality and patient safety 

for not doing your jobs and especially for allowing these experiences!!",Tony B.,2020-02-19,https://www.yelp.com/biz/saint-johns-health-center-santa-monica-4?adjust_creative=upenn&hrid=F-PE9FY97Eiv4Klj_pU-JA&utm_campaign=yelp_feed&utm_medium=feed_v2&utm_source=upenn,False,Saint John's Health Center,False,348,3.0,2020-06-16T15:12:02,13108295511.0,https://california.providence.org,https://www.yelp.com/biz/saint-johns-health-center-santa-monica-4?adjust_creative=upenn&utm_campaign=yelp_feed&utm_medium=feed_v2&utm_source=upenn,2121 Santa Monica Blvd,Santa Monica,CA,US,90404.0,34.0305761372438,-118.478798068787,Hospitals,,,,,
1481294,QID79mnn0Zr3tCPWeGxdmg,9LuBEm0dwzpFfhwRwemdcA,1,"i was at st johns hospital in er room tuesday at 1 pm , the service is sucks the nurses so much anger and they force to talk or really help any body , the skinny lady name robin with bruises all over her face acted so sad mad , i used to be rn my self actually i have master degree , any way 
i had acid reflux issue and i knew it was something like that, any way but i had more issue than before, so i went there, they order blood test and urine test before i enter the room,but i did not seen any doctor or physician assistant, i ask who order they told me the rn , i am like oh really rn can order blood test , oh really any way i got to room after 3 hours the doctor came , i said you order the blood test she said no , i said who pa i said i did not see any pa , any way cutting short i said my issue and she said give me iv with medication but i had other issue she said she can not give it to me , i am like are you joking , i am leaving, so i  left the place , i came out and talk to rn charge , she told me the rn order the blood test i said what, are u serioius, she said yes there nurses can do that, i am like sure this is illegal this place is sucks the doctor nurses and pa the need to review there license they are not professional at all , st johns used to be good hospital after so many asian , corona all over watch out there or any hospital in la area , all asian and corona all over",Natasha W.,2020-03-05,https://www.yelp.com/biz/saint-johns-health-center-santa-monica-4?adjust_creative=upenn&hrid=9LuBEm0dwzpFfhwRwemdcA&utm_campaign=yelp_feed&utm_medium=feed_v2&utm_source=upenn,False,Saint John's Health Center,False,348,3.0,2020-06-16T15:12:02,13108295511.0,https://california.providence.org,https://www.yelp.com/biz/saint-johns-health-center-santa-monica-4?adjust_creative=upenn&utm_campaign=yelp_feed&utm_medium=feed_v2&utm_source=upenn,2121 Santa Monica Blvd,Santa Monica,CA,US,90404.0,34.0305761372438,-118.478798068787,Hospitals,,,,,
1518640,2_Uu3IbtxJ72N7OaKDIeng,BwortxSqr4TfCYR9dMtrNg,1,"took my 2 month old into the er for breathing issues. they called her to the back, and put us in a hold pattern. everyone was in the er waking around with face mask., no one told us anything, but i did find out that a 2 month old baby with breathing issues isn't a priority.",Mrs M.,2019-12-30,https://www.yelp.com/biz/west-suburban-medical-center-oak-park?adjust_creative=upenn&hrid=BwortxSqr4TfCYR9dMtrNg&utm_campaign=yelp_feed&utm_medium=feed_v2&utm_source=upenn,False,West Suburban Medical Center,False,63,2.5,2020-03-06T08:28:12,17083836200.0,https://www.westsuburbanmc.com,https://www.yelp.com/biz/west-suburban-medical-center-oak-park?adjust_creative=upenn&utm_campaign=yelp_feed&utm_medium=feed_v2&utm_source=upenn,3 Erie Ct,Oak Park,IL,US,60302.0,,,Hospitals,Obstetricians & Gynecologists,Weight Loss Centers,,,
1588675,Jnacs4gV5KgmsJW2U5gbuw,aAjTTkb9Cl9UyU7EI_yhxg,1,"nothing has changed here. same old bullshit treatment. zero stars for this place would still be an exaggeration of less than stellar service. poor service leaves you wondering why these people are always providing mediocre service. at the time of checking in, the lobby was empty, we asked about wait times and they said 11 minutes. what a sad lie that turned into.

we were kept at the er from 2pm to 8:30 pm, waiting to see the doctor. it's the  flu season and the looming fears of the deadly corona virus means every one with a slight symptom, is camped at the hospitals.

understandable why the doc is taking longer than usual. but 5 hours for a flu season is a joke! but telling someone with a sick relative that they don't look sick is a joke.

my issue is why a patient is kept waiting in a hospital room, no one took their vitals and after all that time the charge nurse has the caucasity to ask me if am ok with leaving with a hospital visit note? for what? for whom? am only answerable to the ones i brought in  to seek  treatment. i don't care to explain to anyone else. my family's wellbeing is my priority, every thing else is irrelevant.

what good does  a sick note do to any of us if we don't get the help we came for?

then the doctor prescribes enough antibiotic to kill a herd of cattle for a little child. wow the devil must be the administrator here. 

go anywhere else  but here.",Jayne O.,2020-02-09,https://www.yelp.com/biz/holy-cross-germantown-hospital-germantown?adjust_creative=upenn&hrid=aAjTTkb9Cl9UyU7EI_yhxg&utm_campaign=yelp_feed&utm_medium=feed_v2&utm_source=upenn,False,Holy Cross Germantown Hospital,False,85,2.0,2020-06-25T13:24:12,13015576000.0,http://www.holycrosshealth.org,https://www.yelp.com/biz/holy-cross-germantown-hospital-germantown?adjust_creative=upenn&utm_campaign=yelp_feed&utm_medium=feed_v2&utm_source=upenn,19801 Observation Dr,Germantown,MD,US,20876.0,,,Hospitals,,,,,
1590990,Neocay4hvIeZ5zDHKwIg_w,penl6pQEMUkeqpyuil0Ipg,3,"so my mom was recently under the care of the doctors and nursing staff at the sahara location. se unfortunately had a lack luster experience. so some days and staff where better then others. a good portion of the nusting and janitorial staff had great bed side manner and seemed to care about the people being seen at this location. some days her portable toilet would go all day with out being emptied. she would go hours past he medicine regimen time guide lines leaving her in pain( having an open chest tube and prior medical issues requiring her to be on a much higher pain medicine) she had a no bath or shower for most of her stay even at the end when they were trying to get her rehabilitated in order for her to come home. food was undeniable worse then normal hospital food. even with them giving her a menu most days she received whatever they wanted even with her not being on any type of diet restrictions. the trash can was always full in her room allowing used gloves,aprons, and face masks to fall to the floor more often then not. again not all the staff where bad and even a good handful where amazing, unfortunately she had more bad days then good during her stay. some nurses, i would go as far as saying, had a god complex. some refused to give her her medicine at all even with doctors orders. im very happy that my mom made a recovery and was allowed to come home, i know many people at her level of sickness dont make it home. but the issues at the location far outweigh the negatives. i pray that anyone needing to be at a facility like this have better options and choose to utalize them. she was in this facility for almost three weeks.",Kelly E.,2020-03-10,https://www.yelp.com/biz/kindred-hospital-las-vegas-sahara-las-vegas?adjust_creative=upenn&hrid=penl6pQEMUkeqpyuil0Ipg&utm_campaign=yelp_feed&utm_medium=feed_v2&utm_source=upenn,True,Kindred Hospital Las Vegas - Sahara,False,17,3.0,2020-03-10T23:22:58,17028711418.0,http://www.kindredhospitallvs.com,https://www.yelp.com/biz/kindred-hospital-las-vegas-sahara-las-vegas?adjust_creative=upenn&utm_campaign=yelp_feed&utm_medium=feed_v2&utm_source=upenn,5110 West Sahara Ave,Las Vegas,NV,US,89146.0,,,Hospitals,Occupational Therapy,Physical Therapy,,,
1622899,ujmEBvifdJM6h6RLv4wQIg,_Q5muuhrJLlPqcGeREyNNg,4,"i finish my ct scan of my lungs and the tech comes out and says to me ""we've just gotten off the phone with your doctor and he wants you to go immediately to mountain view hospital er""; you've got a pulmonary embolism in your lower left lobe.

so, i arrive at mv er and the team immediately takes me in, runs an ekg, takes blood, and performs an xray of my lungs; i was never alone.  because all er's are flooded with patients it doesn't surprise me to find myself rolled to an ""easy chair"" in the hallway of the er where i have to wait for a room to open up in the hospital.  3 hours later.... after being checked on frequently, they roll me into 5014 --- single room, huge, even has a couch that folds down to a twin so that my wife, if she had wanted to, could have spent the night!  surperb staff !  friendly, concerned, attentive, and helpful.  i spent the next few nights in 5014, getting my iv heparin, frequent vital checks, blood testing to check the heparin balances.  food, did i mention that they have great food delivery?  you order from a pretty wide menu (appropriate food for why you are there, of course) but you order, they deliver within 45 minutes of your order (usually sooner).  wow.

i was there for my birthday... my day nurse made up a birthday card for me.  everyone was super sweet and caring.  my wife and i were blown away.  of course, if it takes 3 hours to get in.... yup, on discharge day i told me wife we would not leave until 3pm.... okay, we got out by 2:55pm.  overall, wonderful experience during march when the hospital is being slammed with all the usual... plus.... flu... plus corona virus worriers coming in for checkups who are ""healthy""...

thanks mountain view !
martin swartout

ps
  for those who have bad experiences with the er; consider that the er must triage all cases.... based upon life threatening need.  i remember 1965, my mother was so upset (livid) that i was still laying in a gurney in the er hallway back in california after a car drove through me on my bike.... six hours later... but then, on that friday night holy cross was having to deal with huge numbers of life threatening cases due to a large gang fight where knives, chains, clubs, and the like had caused a lot of mayhem.  we all feel that our's is the most important misery, that's natural, and it is important for each of us to have an advocate insuring that we aren't ignored or forgotten... but, bottom line, the er must triage.   blessings to you all, forgive me my brief lecture.",Martin S.,2020-03-09,https://www.yelp.com/biz/mountainview-hospital-las-vegas-5?adjust_creative=upenn&hrid=_Q5muuhrJLlPqcGeREyNNg&utm_campaign=yelp_feed&utm_medium=feed_v2&utm_source=upenn,False,MountainView Hospital,False,340,2.5,2020-06-17T21:49:18,17022555000.0,https://www.mountainview-hospital.com,https://www.yelp.com/biz/mountainview-hospital-las-vegas-5?adjust_creative=upenn&utm_campaign=yelp_feed&utm_medium=feed_v2&utm_source=upenn,3100 N Tenaya Way,Las Vegas,NV,US,89128.0,,,Hospitals,Doctors,Emergency Rooms,,,
1637480,-C4-lXBbwCIoLveabawXKA,u3AjAn-K7bDes723-y6AjA,1,"if i could give this place negative stars i would.  the care, or lack there of, given to my girlfriend, who was brought in by ambulance, was shocking!!when the ambulance picked her up at her house they said they were taking her to sl hospital but she expressed concern so they said they'd take her to eden.  after sitting in front of her house for 15 minutes the ambulance driver advised me, with no explanation why, that they would be taking her to sl hospital.  upon arrival, we were advised they had no beds available.  after laying on the gurney in the hallway for about 15-20 minutes she was taken out to the filthy, disgusting emergency waiting room, moved to a single chair, and left to sit there for over 5 hours, five hours, without being seen.  at least 20 people walked in while we were sitting there and most of them were seen before my friend.  at one point we were told there were 3 people ahead of her and when we asked again  later there were 4-6 people ahead of her. they couldn't give us any idea of how long it would be before my friend would be seen and after waiting 5+ hours my friend just needed to lay down and rest comfortably so she had them remove the iv and we left.  the nurse that removed the iv did such a crappy job my friend bled the whole way out of the hospital!!  omg!!!  the guy sitting at the back desk was the biggest asshole in the world!!!  when my friend asked him why so many people were being taken in before her his reply was ""please step out of my way"".  wtf?!!!!  seriously?!   a woman came in while we were there with a bad migraine and sat moaning in pain in the waiting room.  she complained that the lights were hurting her eyes and that jerk wheeled her wheel chair directly into the brightest area of the room and left here there.  i told him she said the light hurt her eyes and he ignored me completely.  i assisted more patients while i was waiting with my friend than anyone that worked there did.  i'm still in shock at the way my friend and others were treated that came to this facility.  my husband and i made a pact that no matter what, we will never, ever, go to this hospital for any reason.  hopefully wearing the mask and gloves, while sitting in a waiting room full of sick people for 5+ hours, prevented us from contracting anything harmful.  my advise to anyone thinking of going to this hospital is ""don't do it"".",Kathi F.,2020-02-19,https://www.yelp.com/biz/san-leandro-hospital-san-leandro?adjust_creative=upenn&hrid=u3AjAn-K7bDes723-y6AjA&utm_campaign=yelp_feed&utm_medium=feed_v2&utm_source=upenn,False,San Leandro Hospital,False,93,2.0,2020-05-22T09:56:23,15103576500.0,http://www.alamedahealthsystem.org,https://www.yelp.com/biz/san-leandro-hospital-san-leandro?adjust_creative=upenn&utm_campaign=yelp_feed&utm_medium=feed_v2&utm_source=upenn,13855 E 14th St,San Leandro,CA,US,94578.0,,,Hospitals,,,,,
1645887,HI0O-8SgyM_rDmvUe35IrQ,NOKAC_r2k2RkbHhPx03_8g,1,"this is the second time i been to this hospital because my little one got sick. first time was ok i can see some people had attitude i thought it was just late everyone tired. nope!!! this time i take my child again to the er and behold again???? i couldn't believe how many bad tempered people are there !!! the only person that made me feel safe and welcome was the doctor and thank god because i was about to walk out of there ! seriously you guys need some group meeting or something  and teach them what kind of job they are there to do !! horrible horrible for someone to come in stress out about their  situation to come in and feel totally not welcomed ! the check in gentleman worse of  all basically threw my paperwork saying my insurance didn't go thru basically shouted it for  everyone to hear ! sir !! i am trying to focus on my sick child !!! and then the 2 nurses ?? or assistance  that checked his vitals after the check in, such bad actitudes! horrible horrible. this is a sick not even 2 year old child ! i mean he isn't the only one that has come thru what kind of training do they get ! or are they just so impatient!?? my child had similar symptoms of the corona virus so i wanted to go in and check in before taking him out of the car incase there was a procedure. instead once i went out to get him i came in with multiple personal gawking and glaring .. i mean i should of walked out just then !! third time won't be the charm with this hospital never again will i take a chance !!",Maria M.,2020-02-01,https://www.yelp.com/biz/st-francis-hospital-federal-way?adjust_creative=upenn&hrid=NOKAC_r2k2RkbHhPx03_8g&utm_campaign=yelp_feed&utm_medium=feed_v2&utm_source=upenn,False,St. Francis Hospital,False,93,2.5,2020-05-22T15:01:43,12538358100.0,http://www.fhshealth.org,https://www.yelp.com/biz/st-francis-hospital-federal-way?adjust_creative=upenn&utm_campaign=yelp_feed&utm_medium=feed_v2&utm_source=upenn,34515 Ninth Ave S,Federal Way,WA,US,98003.0,47.294808691618,-122.3254941756,Hospitals,,,,,
1654636,xEDLAb9h_XNBgXcVPMY77Q,6vXECuqsO-beqonm1r6WDg,1,"please confirm your account to post your review

 12/15/2019
yosset difo, arnp -- the most terrible er experience i ever had.
if i could give him (minus 0 star) i would. no polite manners, no professionalism, i felt a sense of hate from him. yosset does not know his profession at all. despite telling him i am severely allergic to antibiotics he still prescribed it (5days worth, everyone knows that it would not been enough if i would been able to take it). i went to the er due to respiratory difficulties and i was not able to sleep for the past 7 nights due to a cough from a virus. my lungs were wheezing, however he insisted that my lungs were clear. i informed him that my pcd advised me to go to an er and ask for a prescription for an inhaler. she had no appointments available on a friday afternoon. despite this, yosset still prescribed a cough medicine that my pc had previously prescribed and did not work. the dose was only x 3 tbs. the cvs pharmacist was very shocked, she said that it would last only one day. this man should not belong in medical field, he can put people at terrible risk worsening their health and risking death. most of the nurses had no compassion as well, they all followed his foot steps. very sad. avoid smhospital!

the next morningi went to dorctor's hospital and i was treated like a human being. i was also given the right treatment. the doctor heard my lungs wheezing and prescribed me with an inhaler, i was given the correct amount of medication and i was check on my progress at a constant bases with care and politeness. they are the best! never again i will go to sarasota memorial hospital.",Sandy C.,2019-12-15,https://www.yelp.com/biz/sarasota-memorial-hospital-sarasota?adjust_creative=upenn&hrid=6vXECuqsO-beqonm1r6WDg&utm_campaign=yelp_feed&utm_medium=feed_v2&utm_source=upenn,False,Sarasota Memorial Hospital,False,83,2.5,2020-06-19T11:49:21,19419179000.0,http://www.smh.com/,https://www.yelp.com/biz/sarasota-memorial-hospital-sarasota?adjust_creative=upenn&utm_campaign=yelp_feed&utm_medium=feed_v2&utm_source=upenn,1700 S Tamiami Trl,Sarasota,FL,US,34239.0,,,Hospitals,Laboratory Testing,Rehabilitation Center,,,
1717768,mUNml2fbxzY-NL0LCHGyZg,S2a8kAv9VH5xqTFzAskxtw,1,"sat in the emergency room over 7 hours with my daughter who had a fever. her private doctor sent us (we were not a walk-in). right away they told me it was a virus. but it took them 7 hours to get a doctor, do the bloodwork, put in the saline, while all around us the emergency room emptied out. i guess if you're not truly an emergency you sit and wait and wait (but there's no one else here!) i can't help but feel like i am being suckered. if she wasn't sick when we came out, she'll probably be sick by the time we leave.

it's a small hospital i'm told, only 275 beds. not sure what kind of a heart hospital it is but the emergency room is run like a one-room schoolhouse.  northwell is just 10 minutes away. i'd go there.",T B.,2020-01-18,https://www.yelp.com/biz/st-francis-hospital-roslyn?adjust_creative=upenn&hrid=S2a8kAv9VH5xqTFzAskxtw&utm_campaign=yelp_feed&utm_medium=feed_v2&utm_source=upenn,False,St. Francis Hospital,False,76,3.5,2020-06-19T13:27:38,15165626000.0,http://stfrancisheartcenter.com,https://www.yelp.com/biz/st-francis-hospital-roslyn?adjust_creative=upenn&utm_campaign=yelp_feed&utm_medium=feed_v2&utm_source=upenn,100 Port Washington Blvd,Roslyn,NY,US,11576.0,,,Doctors,Hospitals,,,,
1723699,nNM19QtGb3aFDlnrh5oFLg,IoFcb8gUnDoz5pUThlGqhQ,1,"i literally drove from san jose all the way to los banos trying to see my niece. my dad and sister were already there. when i get there, they didn't let me see my niece because of the coronavirus. i mean i understand and all but they let my family in and moreover they made that announcement five minutes ago when i came in(my dad called me about it). they really can't make an exception. all that driving for nothing and i can't even see my niece for like one minute.",Tracknats A.,2020-03-15,https://www.yelp.com/biz/memorial-hospital-los-banos-los-banos?adjust_creative=upenn&hrid=IoFcb8gUnDoz5pUThlGqhQ&utm_campaign=yelp_feed&utm_medium=feed_v2&utm_source=upenn,False,Memorial Hospital Los Banos,False,19,2.0,2020-06-26T19:50:50,12098260591.0,,https://www.yelp.com/biz/memorial-hospital-los-banos-los-banos?adjust_creative=upenn&utm_campaign=yelp_feed&utm_medium=feed_v2&utm_source=upenn,520 W I St,Los Banos,CA,US,93635.0,,,Hospitals,,,,,
1806187,4a5IQJ1QPwtOA38bMAudAQ,I4lythqzzYN5zV8DtIYW4Q,1,"these people don't even deserve the 1-star i have to give them! my child who is in lubbock going to school at tech went to this emergency room twice in one week with gastric distress. the 1st time they threw antibiotics at her but in the same sentence told her she just had a virus. the 2nd time (one week later) she returned with the same symptoms but they were much much worse. the dr. entered her room with a finance person and stated 'this is not an emergency' and he wouldn't treat her until she handed over her credit card and paid $200. the dr. gave her more bogus meds. 12 hours later she was admitted to umc for five days!! so much for not being an emergency. 

and to come at a 21 year old kid demanding money who is very sick and has great insurance that does not require a co-pay is a jerk move. save yourself and go somewhere else. i'm so angry i want to scratch all their eyes out.",Paige T.,2020-02-28,https://www.yelp.com/biz/grace-medical-center-lubbock?adjust_creative=upenn&hrid=I4lythqzzYN5zV8DtIYW4Q&utm_campaign=yelp_feed&utm_medium=feed_v2&utm_source=upenn,True,Grace Medical Center,False,3,1.0,2020-02-28T09:45:32,18067884100.0,,https://www.yelp.com/biz/grace-medical-center-lubbock?adjust_creative=upenn&utm_campaign=yelp_feed&utm_medium=feed_v2&utm_source=upenn,2412 50th St,Lubbock,TX,US,79412.0,33.5491227144382,-101.86904771481599,Hospitals,,,,,
1847313,RSkWedZr358CZol1YtGC9g,xMsrW_lsQlU5Jp1DRdusCA,1,"against my request i was taken to piedmont medical center via piedmont owned ambulance. i was suffering yet again of falling asleep on my feet however this time while awake i had no control over my upper torso, my body would just flip over.  once at the hospital i immediately realized where i was. 
the next thing i know i'm laying on this plastic bed type of thing in a room similar to an x-ray or cat scan room.  immediately i became uncomfortable and then as the machine tells you i felt like i was on fire.  the electrodes were burning and shocking me.  this went on for longer and much worse than a chemical stress test.  when i asked why they were doing that the reply was, ""you wouldn't stay awake when i was trying to get your information so i had to do something"".  there was a diagram of my body on this monitor showing where and what i was doing on this machine.  first only skeletal showed up, however when my leg slipped and my knee went out my back lit up bright green.  they told me the machine was a cat scan.
thier diagnosis at that time was that i overdosed on my pain meds.  but that was quickly ruled out once they realized that i had only taken less than allowed and half that was prescribed.  the next diagnosis was after my episode with their nasty machine.  yep, you guessed it, a broken back.
once admitted into piedmont's observatory floor it just got worse. nasty impolite nurses too busy to help and a definite racial bias that let you know they didn't care. 
i signed myself out of that hospital for fear they would only hurt me worse. i wonder how it i will get a nasty virus from being forced to walk over dried and wet urine barefooted in order to use the bathroom!
the icing on the cake,  my drivers license which had a very prominent place in my wallet is now gone and i know it was there only hours before i went to piedmont because i pulled the twenty out from behind it while still at my home.
piedmont medical center do you not believe in the hypocratic oath,  ""first do no harm""?
never ever again will my shadow fall upon piedmonts doors.",Lynne F.,2020-02-13,https://www.yelp.com/biz/piedmont-medical-center-rock-hill-2?adjust_creative=upenn&hrid=xMsrW_lsQlU5Jp1DRdusCA&utm_campaign=yelp_feed&utm_medium=feed_v2&utm_source=upenn,False,Piedmont Medical Center,False,16,2.5,2020-04-12T01:06:34,18033291234.0,http://www.piedmontmedicalcenter.com,https://www.yelp.com/biz/piedmont-medical-center-rock-hill-2?adjust_creative=upenn&utm_campaign=yelp_feed&utm_medium=feed_v2&utm_source=upenn,222 S Herlong Ave,Rock Hill,SC,US,29732.0,,,Hospitals,,,,,
1847314,RSkWedZr358CZol1YtGC9g,L46fXsdbgGsBJXBTGFnxWw,1,this hospital is by far the worst i have ever experienced in my life. i have been a patient here and got absolutely zero diagnosis. the doctor actually said her staff didnt know how to take blood pressure correctly. cost me thousands for absolutely nothing. i watched a senior gentleman constantly throwing up for over 2 hours in the waiting room and still wasn't taken care of. another woman was having  serious chest pain and complete numbness of her left arm. she waited 4 hours in the waiting room. fast forward to today. my wife is going in to be induced. we just moved here so we have no friends or family and they refused to allow my 10 year old kids to at least go up to the maternity waiting room while we checked my wife in because they were not 12. i said the will mask up and rub sanitizer all over. i was expected to leave them in the main lobby with no security and a senior citizen that can barely see over the counter to watch my kids. who also said she wouldn't watch my kids. i ask if a security could at least come stand with them for a few minutes so my wife wouldn't be alone.. again told no.. complete shit,Chris F.,2020-01-16,https://www.yelp.com/biz/piedmont-medical-center-rock-hill-2?adjust_creative=upenn&hrid=L46fXsdbgGsBJXBTGFnxWw&utm_campaign=yelp_feed&utm_medium=feed_v2&utm_source=upenn,False,Piedmont Medical Center,False,16,2.5,2020-04-12T01:06:34,18033291234.0,http://www.piedmontmedicalcenter.com,https://www.yelp.com/biz/piedmont-medical-center-rock-hill-2?adjust_creative=upenn&utm_campaign=yelp_feed&utm_medium=feed_v2&utm_source=upenn,222 S Herlong Ave,Rock Hill,SC,US,29732.0,,,Hospitals,,,,,
1903338,TnxGaXVpQoT2uFsfDNIQ0A,x_WZkLt_7efeUH5mPViQAA,1,"i would give this location zero stars if possible! 
i called several times to make an appointment for my 15 month old to get his flu shot (pediatrician's office is currently out) & to confirm insurance. 
cindy at the front desk was very pleasant she said yes please bring him in. 

we get there & after a question of has he had any vaccinations in the past 28 days i said yes, he has had his 15 month old vaccinations the end of last month. 
nurse practitioner christina kapfhammer came out & said no i will not be able to give him the flu vaccine that two live viruses can not be done in the 30day time frame!

i texted our pediatrician who is amazing! he said no that's only for flumist which is a live vaccine. flu shots can be given before 30 days. that only two live vaccines need to be separated by 30 days. 
i show her the text.... it's now 7:15pm she said oh i know him but yes that is correct.

as a nurse practitioner you dont know what vaccines can be done together?!? 

long story short she then says because of insurance he has to be 19 years old of age to receive the flu shot at this location but i called earlier & already had asked that. 

do not bring your little ones here! wait for your pediatricians office! first time mom here so thought a simple flu shot would be okay to get here. wrong!",Halley S.,2019-12-13,https://www.yelp.com/biz/the-little-clinic-prospect?adjust_creative=upenn&hrid=x_WZkLt_7efeUH5mPViQAA&utm_campaign=yelp_feed&utm_medium=feed_v2&utm_source=upenn,False,The Little Clinic,False,10,3.5,2020-03-25T13:53:04,15022282507.0,http://www.thelittleclinic.com,https://www.yelp.com/biz/the-little-clinic-prospect?adjust_creative=upenn&utm_campaign=yelp_feed&utm_medium=feed_v2&utm_source=upenn,5929 Timber Ridge Dr,Prospect,KY,US,40059.0,38.3385905,-85.6210884,Hospitals,,,,,
1952554,xygIcxFdIdqksBL_9stokg,WtWVoGeDBBOp9aLuZOySPQ,4,"came here to meet my friend for lunch at the cafe.  there was a variety of food but we went to the grill for burgers and fries. didn't get to check out other parts of the hospital. there was a hand sanitizer and a box of masks by the entrance in case anyone needs it. 
the bathroom was clean and stocked with toilet papers. i parked in the scurlock tower garage and it was $7 for up to 3 hours. not terrible in tmc.",Sophie Y.,2020-03-07,https://www.yelp.com/biz/houston-methodist-hospital-houston?adjust_creative=upenn&hrid=WtWVoGeDBBOp9aLuZOySPQ&utm_campaign=yelp_feed&utm_medium=feed_v2&utm_source=upenn,False,Houston Methodist Hospital,False,131,3.0,2020-05-30T08:06:40,17137903311.0,http://www.houstonmethodist.org/,https://www.yelp.com/biz/houston-methodist-hospital-houston?adjust_creative=upenn&utm_campaign=yelp_feed&utm_medium=feed_v2&utm_source=upenn,6565 Fannin St,Houston,TX,US,77030.0,,,Hospitals,,,,,
2000026,MHvknGpLpQN1a3vM0W3IwA,1REpVCzxuSPd3GbS3Z1FFg,1,"literally the worst hospital i've ever been to. (i've been to plenty of hospitals). staff are very slow and don't communicate. i've been here once before, for my daughter, which was a horrific experience last time. i only came here again because it's right down the street from my house. my advice, drive a few miles further to a better hospital! they didn't even have masks at the door and when i asked for one, the nurse told me they were ""limited"".... it's a hospital!!! then when we did needed to use the restroom, it was disgusting. pee all over the toilet seat, out of paper towels, and dirty. honestly an all around horrible experience both times.",Erin N.,2020-03-01,https://www.yelp.com/biz/mission-community-hospital-panorama-city?adjust_creative=upenn&hrid=1REpVCzxuSPd3GbS3Z1FFg&utm_campaign=yelp_feed&utm_medium=feed_v2&utm_source=upenn,False,Mission Community Hospital,False,158,3.0,2020-04-15T15:29:01,18187872222.0,http://www.mchonline.org,https://www.yelp.com/biz/mission-community-hospital-panorama-city?adjust_creative=upenn&utm_campaign=yelp_feed&utm_medium=feed_v2&utm_source=upenn,14850 Roscoe Blvd,Panorama City,CA,US,91402.0,,,Hospitals,,,,,
2020001,xqzk-OezLN6dAHfshbAZ-A,TnYpf3HpKYAuUiwbtUwB9g,5,"my daughter developed a fever that just wouldn't stay away.  took her to her pediatrician twice,  and kept being told it's ""just a virus""... took her finally to st. lukes's boston children's er, and the wonderful staff and doctor there decided to run blood work for tick born illnesses, which it was determined she had lyme.  she was treated immediately,  and recovered completely.  i am so thankful to the staff at st. lukes for taking the time to properly test and diagnose my daughter.  lyme goes undetected for months or years in many,  and my daughter didn't have to suffer.",Danielle A.,2020-03-06,https://www.yelp.com/biz/st-lukes-hospital-new-bedford?adjust_creative=upenn&hrid=TnYpf3HpKYAuUiwbtUwB9g&utm_campaign=yelp_feed&utm_medium=feed_v2&utm_source=upenn,True,St Luke's Hospital,False,19,2.5,2020-03-06T18:09:36,15089971515.0,https://www.southcoast.org/locations/st-lukes-hospital,https://www.yelp.com/biz/st-lukes-hospital-new-bedford?adjust_creative=upenn&utm_campaign=yelp_feed&utm_medium=feed_v2&utm_source=upenn,101 Page St,New Bedford,MA,US,2740.0,,,Hospitals,,,,,
2052133,JOnW0UzTi1kUstM4hwqBlg,weQM45lGd5LzaUvwGbKvow,1,seriously. girl that the front desk is horrible. i'm not sick. i brought a friend who was in an accident last night to get checked out. there's a woman in the waiting room who coughed without covering her mouth. all the staff are wearing masks. i asked her if i could have a mask and she told me they don't have any. are you fucking kidding me? wow.,Nicole C.,2020-03-13,https://www.yelp.com/biz/mayflower-medical-group-express-care-covina?adjust_creative=upenn&hrid=weQM45lGd5LzaUvwGbKvow&utm_campaign=yelp_feed&utm_medium=feed_v2&utm_source=upenn,False,Mayflower Medical Group- Express Care,False,7,2.0,2020-06-10T15:43:38,16262143675.0,http://www.mayflowermedicalgroup.com,https://www.yelp.com/biz/mayflower-medical-group-express-care-covina?adjust_creative=upenn&utm_campaign=yelp_feed&utm_medium=feed_v2&utm_source=upenn,1433 N Hollenbeck Ave Ste 101,Covina,CA,US,91722.0,,,Urgent Care,Hospitals,,,,
2095920,3w92qQdniipgXWKF7tkwFQ,GgpXm95tCCI6y1IanakNuQ,2,i checked in at the emergency room at south shore hospital at 2pm. its 715pm now and still waiting. 3 other patients waiting with me. nobody can give answer as to what the delay is. and why aren't they passing out face masks to these patients who are coughing up their lungs? just spray the flu virus all over the hospital why don't you? i should have made the trip to hammond st. margaret or south suburban. never coming back to ssh ever again except to visit someone i may know,Joe C.,2020-02-24,https://www.yelp.com/biz/south-shore-hospital-chicago?adjust_creative=upenn&hrid=GgpXm95tCCI6y1IanakNuQ&utm_campaign=yelp_feed&utm_medium=feed_v2&utm_source=upenn,True,South Shore Hospital,False,5,2.0,2020-06-23T02:26:16,17737680810.0,http://southshorehospital.com,https://www.yelp.com/biz/south-shore-hospital-chicago?adjust_creative=upenn&utm_campaign=yelp_feed&utm_medium=feed_v2&utm_source=upenn,8012 S Crandon Ave,Chicago,IL,US,60617.0,,,Hospitals,,,,,
2146384,Qv3aqfX0FJRXHhZxJ6Ufsw,xeVhFls6o6iEMoNIkB6J9Q,1,"the dental same day clinic is terrible. everyone who works here should be trained about customer service. it's too bad that i have to come here and get check up but please if you can go to another hospital, go there. i had my surgery here and i woke up in pain. the nurses were talking about their party the night before instead of ordering my pain medicine from the pharmacy. i was awake but my body couldn't move. i was in the recovery room. i could hear them talking that i am awake and they didn't order the pain medicine yet. some people should not be in  this profession if you don't know how to deal with people. very rude customer service and can't answer the phone with a calm voice knowing that the people who are calling are sick and in need of help. i have never talked to anyone who is happy to help you. always someone who is either too busy to set up your appointment. they transfer you to some other department or simply rude with their attitude over the phone. it's a nice looking hospital but from parking to stuffs who answer the phone. be nice because you don't what that person has been through!!!!!",Lata M.,2020-01-17,https://www.yelp.com/biz/highland-hospital-oakland?adjust_creative=upenn&hrid=xeVhFls6o6iEMoNIkB6J9Q&utm_campaign=yelp_feed&utm_medium=feed_v2&utm_source=upenn,False,Highland Hospital,False,269,2.5,2020-06-14T14:24:25,15104374800.0,http://www.highlandahs.org/,https://www.yelp.com/biz/highland-hospital-oakland?adjust_creative=upenn&utm_campaign=yelp_feed&utm_medium=feed_v2&utm_source=upenn,1411 E 31st St,Oakland,CA,US,94602.0,,,Hospitals,,,,,
2247450,m8VHIs6laO1bH4cD3x-UDg,3Qn5EskUhUWmvplNCEQEjg,1,"february 13, 2020 at 4:15pm. i am reporting on a male nurse who became physically violent on me. i waited for a full week for the hospital to respond to my ""patient complaint form"" i left the hospital before i left that day. not a single word.due to vomiting and diarrhea lasting over a week my provider had sent me to the hospital to get a couple of bag of fluids in me to help regain my strength and weaken immune system. i've been living with a.i.d.s. for over 30 years. i went into st. francis memorial hospital here in san francisco because it is my neighbor hoods hospital. they had me do a stool kit test. i used the only bathroom in the emergency department everyone else's who is being seen for being sick uses, which di not have any soap dispenser in the bathroom. my private thoughts, this is flu season in er and u.s. surgeon states hand washing is a must to fight coronavirus. i went back to my assigned bed and all of a sudden a male nurse rushes into the my bed area, he does not introduce himself, i have never seen before, he announces i'm out of here, right now! i look up at the bag of fluid and saw that it wasn't even half way gone and told that male nurse that i was to stay until the bag of fluids was fully gone, fully emptied. he said angrily, no you don't, you leave now. i asked him for his name he would not disclose it. he wore the nr badge. i asked to see my doctor because i had further questions about what to do after i leave the emergency room. he snarkily aggressively said, i am your doctor and you are leaving now! i never saw this person before. this male nurse then grabbed my arm without forewarning, without telling me he was going to be touching me before he touched me. i flinched my arm away from him he re-grabbed my arm and held tight. i told him politely to stop touching me. he would not stop, he became more aggressive and would not let go of my arm nor explain his actions. i kept telling him, ""do not touch me."" ""stop touching me."" ""stop grabbing me."" ""let go of my arm you are hurting me."" ""stop touching my body now!."" i was forced to go from polite tone to screaming due to his actions. he would not let go of his grip on my arm as i struggle to get my arm freed. he then grabs the iv in my arm and yanked it out. blood squirted all over the place. he then announced you can now leave throwing my discharge papers onto the floor and stormed out. when i got into the lobby my arm was still bleeding. no one in the emergency department came to see what was the disturbance nor would they disclose this individual's name. i wanted him arrested.
my partner of five years was in shock to see this happening as he witnessed this through a window of the lobby. the hospital would not let my partner be with me during this er visit. don't know why, perhaps homophobic or afraid of witnesses? in my 30+ years of dealing with hiv medical stuff i have never dealt with a rude bedside manners, not to mention their aggressive violently nature. this is the first time in all these years, decades i was treated with violence at a medical center. i went to a safe, non-violent place to seek out help and i left sicker due to this individual and his violent ways. i spent the night shaking and crying, until four in the morning after two sedatives. i am most likely not the only individual who had to face this male nurse's aggressive physical violence. i was taught when a nurse physically starts to harms you, you need to say stop immediately, this nurse did not. 
if you see violence report it! stop of the violence!",Devon R.,2020-02-20,https://www.yelp.com/biz/saint-francis-memorial-hospital-san-francisco?adjust_creative=upenn&hrid=3Qn5EskUhUWmvplNCEQEjg&utm_campaign=yelp_feed&utm_medium=feed_v2&utm_source=upenn,False,Saint Francis Memorial Hospital,False,227,3.0,2020-05-13T09:28:27,14153536000.0,https://www.dignityhealth.org,https://www.yelp.com/biz/saint-francis-memorial-hospital-san-francisco?adjust_creative=upenn&utm_campaign=yelp_feed&utm_medium=feed_v2&utm_source=upenn,900 Hyde St,San Francisco,CA,US,94109.0,,,Hospitals,Diagnostic Imaging,,,,
2328353,6Mu_9X1BDMI8tJdYU7T-hA,aqg6uuqX0pJlX-LxrGjfzA,1,"this was absolutely the worst experience i've ever had. my 4yr old daughter was in a pretty bad car accident and she was taken by ambulance to this butcher shop. she was bruised along her shoulders was having trouble walking and was complaining of having a bad headache then she threw up infront of a staffer, i'm not a doctor but that to me is definitely a concussion. still we waited around 3 hrs in the er waiting room before being called in. still 1 more hr passed befor a doctor even saw her. through out this i'm trying to bring attention to the issue and no one gave a fuck. what upsets me the most is that they tried to say that her throwing up was probably due to a virus. they should be shut down.",Yudith S.,2020-01-16,https://www.yelp.com/biz/cohen-childrens-medical-center-new-hyde-park-2?adjust_creative=upenn&hrid=aqg6uuqX0pJlX-LxrGjfzA&utm_campaign=yelp_feed&utm_medium=feed_v2&utm_source=upenn,False,Cohen Children's Medical Center,False,43,3.5,2020-01-16T13:19:11,17184703000.0,http://www.ccmc.northshorelij.com,https://www.yelp.com/biz/cohen-childrens-medical-center-new-hyde-park-2?adjust_creative=upenn&utm_campaign=yelp_feed&utm_medium=feed_v2&utm_source=upenn,269-01 76th Ave,New Hyde Park,NY,US,11040.0,,,Doctors,Hospitals,Emergency Rooms,,,
2343840,SwCaLBrKwtuLwkoLP3LvCw,jRqjN4cxJd5l2yqeToAFnQ,5,"despite coronavirus and all the crazy people coming to the hospital. i came in for surgery.
they are very very prepared at this abrazo. as soon as you walk in hospital someone is there with gloves mask telling you to clean ur hands and take a mask if needed. went to admissions got all that taken care of and went over to out patient surgery. again asked to clean my hands and get prepped for my surgery. it was empty when i was there since it was only 5am. by the time it was go time it was packed!!!
all the nurses, the surgery techs,my anesthesiologists and my amazing gyno all took great care of me. we laughed i got a great cocktail in my iv lol. after surgery the nurses in recovery were just as amazing took wonderful care of me until it was time to go home.
went home and had to come back bc i started to bleed. how ""scary "" i had to wait in the er for 5 hours even those nurses not to nice they are very rude and snippy!! like a completely different style of nurses form outpatient surgery to er( those ladies need a nice lesson lol)
so my doctors all knew i was in the er. but it was slammed. anyway got seen got a pressure bandage put on my stomach and went on my merry way.
this abrazo is great!",Katie M.,2020-03-15,https://www.yelp.com/biz/abrazo-west-campus-goodyear?adjust_creative=upenn&hrid=jRqjN4cxJd5l2yqeToAFnQ&utm_campaign=yelp_feed&utm_medium=feed_v2&utm_source=upenn,False,Abrazo West Campus,False,118,2.5,2020-06-27T22:36:18,16238821500.0,http://www.abrazohealth.com,https://www.yelp.com/biz/abrazo-west-campus-goodyear?adjust_creative=upenn&utm_campaign=yelp_feed&utm_medium=feed_v2&utm_source=upenn,13677 W McDowell Rd,Goodyear,AZ,US,85395.0,,,Hospitals,Diagnostic Imaging,Emergency Rooms,,,
2414840,J211slEU9x9c9a-QkeTN3A,8Uk59UGYUxwEF-WirOsqkw,1,"the worst hospital ever!! other patient families coming to your side of the room and looking at you as if they don't understand huge asian community!!! i would of never came here knowing what i do now, unsanitary i hate it here
nobody wears a mask and everyone is coughing 
husband sleeping in the room when we're all females at night hippa no such privacy everyone knows",K V.,2020-01-18,https://www.yelp.com/biz/fountain-valley-regional-hospital-and-medical-center-fountain-valley?adjust_creative=upenn&hrid=8Uk59UGYUxwEF-WirOsqkw&utm_campaign=yelp_feed&utm_medium=feed_v2&utm_source=upenn,False,Fountain Valley Regional Hospital and Medical Center,False,440,2.5,2020-06-29T08:13:05,17149667200.0,http://www.fountainvalleyhospital.com,https://www.yelp.com/biz/fountain-valley-regional-hospital-and-medical-center-fountain-valley?adjust_creative=upenn&utm_campaign=yelp_feed&utm_medium=feed_v2&utm_source=upenn,17100 Euclid St,Fountain Valley,CA,US,92708.0,,,Hospitals,Medical Centers,,,,
2414850,J211slEU9x9c9a-QkeTN3A,fThvBQ6a9vRVZQ_L2X--9Q,4,"i am currently staying at the east tower fountain valley. i want to start off by thanking the nursing staff, and east tower staff, as they have been great. 

as far as my experience with my current situation, it has been less than ideal. 

i was transferred here last wednesday @ 6am from hoag. i didn't start my care until 30 hours later, thursday. i brought with me multiple mri copies from the previous 24 hours at hoag/ private mri facility. not only were these discs lost, (2 separate times), but i was told they were uploaded to my patient portal. unfortunately this wasn't true because my doctor told me they were never uploaded. the discs were eventually recovered. this caused the 30 hour delay, as confirmation of mri results were needed to help expedite my care.

this minor frustration was easily overlooked, until i received a biopsy on my l4 spine, on thursday afternoon, the following day. the next 4 days have included doctors telling me the results aren't ready, or the doctors not coming by at all. until today, monday, my doctor finally informed me the hospital lost my biopsy cultures. 

my doctor was very upset as well because the last 4 days i was told we are waiting for the biopsy results to start my specific antibiotic care plan. well now they lost the biopsy cultures and since the biopsy was on my spine my doctor doesn't feel comfortable ordering another. instead, he says we will just treat the problem with pathology results.

so my bone cultures are lost. i've been recovering in the east tower. my mri discs were lost. (since recovered) and i still don't have an update from my case manager, regarding my outpatient care plan. 

again, the nursing staff have been extremely kind. (5 star for the nurses in east tower)

but, i am beyond disappointed with this current experience. a week in the hospital, with minimal progress. 

i will update accordingly.


- since i posted my review i was contacted by hospital administration and nurse lead. both were extremely kind and understanding of my situation. they are doing their best to resolve this situation so it doesn't happen in the future. again, i appreciate the nurses and staff during this stay. also, dr goldstein, did an excellent job of communicating directly. thank you fountain valley for helping remedy this situation, as all we can do is move forward!",Aaron V.,2019-12-23,https://www.yelp.com/biz/fountain-valley-regional-hospital-and-medical-center-fountain-valley?adjust_creative=upenn&hrid=fThvBQ6a9vRVZQ_L2X--9Q&utm_campaign=yelp_feed&utm_medium=feed_v2&utm_source=upenn,False,Fountain Valley Regional Hospital and Medical Center,False,440,2.5,2020-06-29T08:13:05,17149667200.0,http://www.fountainvalleyhospital.com,https://www.yelp.com/biz/fountain-valley-regional-hospital-and-medical-center-fountain-valley?adjust_creative=upenn&utm_campaign=yelp_feed&utm_medium=feed_v2&utm_source=upenn,17100 Euclid St,Fountain Valley,CA,US,92708.0,,,Hospitals,Medical Centers,,,,
2419498,xnxnYwJqWFlPZVMqKjh3qg,RXFaGagHTVcq666gm3dK9Q,2,"i give this location 2 stars mainly because i was literally having a asthma attack i told the lady in the front , filled out the info i needed to and walked right to the triage . i'm literally wheezing and the nurses were asking me questions . i clearly stated i had asthma and they still didn't offer me oxygen ... my chest pain was a good 6 out of 10 . i never waited this long for oxygen ... i mean i was having an attack i should've been priority . meanwhile at least ten homeless people were in the waiting area stinking up the place . any who , another nurse kindly give me a mask with oxygen to then moments later ask me to walk to a different room (mind you i'm heavily wheezing) usually hospitals don't make you walk if you have respiratory issues ... i'm wheezing my way to the room to then start my treatment all over . it's crazy how a nurse had to ask more than once if i have asthma ... registration ppl are great and the doctor was awesome . but those nurses that check your blood pressure and heart rate . ignorant",Natalie M.,2020-02-28,https://www.yelp.com/biz/hoboken-university-medical-center-hoboken-2?adjust_creative=upenn&hrid=RXFaGagHTVcq666gm3dK9Q&utm_campaign=yelp_feed&utm_medium=feed_v2&utm_source=upenn,False,Hoboken University Medical Center,False,103,3.0,2020-06-27T07:37:28,12014181000.0,http://carepointhealth.org,https://www.yelp.com/biz/hoboken-university-medical-center-hoboken-2?adjust_creative=upenn&utm_campaign=yelp_feed&utm_medium=feed_v2&utm_source=upenn,308 Willow Ave,Hoboken,NJ,US,7030.0,,,Hospitals,,,,,
2433759,W4CG8Wc0Gr4SmMq98CLctg,XmXwZsIePQzCn_xT98UnZA,1,"not impressed at all. i was avoiding going to the er or the doctors. this was the sickest i had ever been in my life, but i had no fever and figured it would pass as it most likely was a virus. i was forced by my employer to go to the doctor to avoid occurrences. i was vomiting constantly non-stop for days on end. i couldn't keep anything down. i laid in bed and went from the bed to the bathroom vomiting. i was then vomiting blood. (probably from the non-stop vomiting and dry heaving for 4 days straight) i went to urgent care and couldn't walk or stand long as i felt like i was going to pass out and was very short of breath. i had to sit down every few steps. they stated they couldn't help me and to go to the er as i was severely dehydrated. because every time i stood up, my blood pressure would drop.
i went to the er and the idiot that brought me to the er bed was walking very fast and far. my husband was on her foot while i dragged behind and literally couldn't keep up and felt like i was going to pass out. i had to stop and called to my husband to please hold up. when i got to the bed, she looked at me in disgust and said she needed a urine sample. i hadn't peed in over a day as i had nothing to pee out. so i said, i couldn't pee as i haven't urinated in over a day. she looked at me, rolled her eyes and said, ""then try!"" then walked out of the room.
i was given an i.v. for fluids. while i was receiving fluids, i heard the nurses complaining about the patients and that they ""treat them and then street them"" as the patients were a pain.
seriously???
my step father (whom died a year ago) went here as he was bleeding out of his port badly. (he had renal failure) they took him in, they were unable to stop his bleeding, so they released him. he went to his practitioner and the practitioner was furious with geneva and had him go to f.f. thompson hospital where they were able to treat him and give him a blood transfusion.
about ten years ago, a friend's sister took her son here, as he was complaining that his stomach hurt badly and it had turned purple. (he was seen by a geneva practitioner and released, stating it was just a gastrointestinal bug) they went to geneva, the boy died under their care. he had peritonitis.
do not go here!!!",Toots M.,2020-03-14,https://www.yelp.com/biz/geneva-general-hospital-geneva?adjust_creative=upenn&hrid=XmXwZsIePQzCn_xT98UnZA&utm_campaign=yelp_feed&utm_medium=feed_v2&utm_source=upenn,False,Geneva General Hospital,False,3,3.5,2020-03-14T08:15:11,13157874200.0,https://www.flhealth.org/services/inpatient-care/geneva-general-hospital/,https://www.yelp.com/biz/geneva-general-hospital-geneva?adjust_creative=upenn&utm_campaign=yelp_feed&utm_medium=feed_v2&utm_source=upenn,196 North St,Geneva,NY,US,14456.0,,,Hospitals,,,,,
2447459,MSzW0l8ziJz8H0L_WpSDsw,8mTfcdllBOvxPE6DFlxfDA,2,"this hospital used to be wonderful. since being taken over by nyu it's abundantly clear that it's profits over patients. the hospital is over run with interns and residents. they don't even read your chart when they come into the room and you have to tell the same story over and over and over again. 3 of them will come in and want to take turns checking your already upset toddler. my daughter came in with a stomach virus with dehydration and low blood sugar. the interns and residents treated her symptoms but had zero regard for anything else i was telling them. they dismiss the mothers who know their babies best. the nurses, child life specialists and other staff were wonderful but the ""doctors"" in the pediatric unit are terrible. i was told they wouldn't run anymore tests because it's a waste of hospital resources.  i will never return to winthrop again.",Kara G.,2020-02-28,https://www.yelp.com/biz/winthrop-university-hospital-mineola-7?adjust_creative=upenn&hrid=8mTfcdllBOvxPE6DFlxfDA&utm_campaign=yelp_feed&utm_medium=feed_v2&utm_source=upenn,False,Winthrop-University Hospital,False,22,1.5,2020-04-20T05:35:27,15165422323.0,,https://www.yelp.com/biz/winthrop-university-hospital-mineola-7?adjust_creative=upenn&utm_campaign=yelp_feed&utm_medium=feed_v2&utm_source=upenn,259 First Street,Mineola,NY,US,11501.0,,,Hospitals,,,,,
2451289,p1QtxIIco_MS-B0ZUI9riQ,eUCAqPts374btvpDhLYESQ,1,"how osha didn't shut down this hospital yet is beyond me. a nurse removed my iv without gloves, make matters worse. it was during the corona outbreak scare. i was laying in a hospital bed without a diagnosis but taking meds and had an iv in. so what was i being treated for when no one knew what my diagnosis was.

i had to ask, (two days later) what my diagnosis was and what i was being treated for.  finally, after much debate, they sent me for a ct scan which is the boilerplate basic protocol if you ask me. the medical professional school rejects from all walks of life work here. buyer beware! run!!! do not go here if you can help it.

hospital food is awful, worse when most of the food looks like something i wouldn't even feed my dog.",MT T.,2020-03-10,https://www.yelp.com/biz/jefferson-hospital-jefferson-hills?adjust_creative=upenn&hrid=eUCAqPts374btvpDhLYESQ&utm_campaign=yelp_feed&utm_medium=feed_v2&utm_source=upenn,False,Jefferson Hospital,False,7,2.0,2020-04-08T01:42:47,14124695000.0,https://www.ahn.org/locations/jefferson-hospital,https://www.yelp.com/biz/jefferson-hospital-jefferson-hills?adjust_creative=upenn&utm_campaign=yelp_feed&utm_medium=feed_v2&utm_source=upenn,565 Coal Valley Rd,Jefferson Hills,PA,US,15025.0,40.3380629215053,-80.0210662594437,Hospitals,,,,,
2498450,N8c-HeBs_Vi6D_OMJmUq4A,0a9G7r1-axyfqbKXPx67ZA,1,"if i could give this hospital -10 i would had a very bad experience there with my son reluctantly had to go there with my husband even though i begged him to go to a different hospital. he had flu like symptoms oxygen level was in the 80s we had went to minute clinic in cvs and lincolnton. the nurse practitioner there was very nice but said because my husband's oxygen level was so low she had to call an ambulance for us we decline the ambulance but went straight to the er at atrium hospital.
  the people in the lobby of the er were very professional and kind got us in very quickly. and that's where the bad experience started. we were put in the room he was hooked up to machines to keep track of his vitals his oxygen kept dipping down into the 70s and 80s. the alarm for the o2 sensor kept going off because of the low oxygen we had to call the nurse several times to come in and she would just say it's a bad reading. they changed the monitor on his finger it was still reading low. they gave him a bag of fluids and blew out his vein in his arm then drew blood from his hand blew that vein also. when the doctor finally came in talk to him about the low o2 oxygen and he said it was probably faulty equipment to which i said is all your equipment here faulty because they had changed the sensor several times. at one point i put a timer on my phone to see how long it would take a nurse to come in with the alarms going off i stop my timer at five minutes and called the nurse and she said i know that is an annoying sound i'll shut it off i told them that i was more concerned about his oxygen being so low then the alarm is going off and asked if he could be put on an oxygen so they did his oxygen stats were  still low 90s even with being given oxygen. when the er doctor came in i asked him if he could be checked for the coronavirus because within the last week he had been to international airport. the doctor told me the coronavirus was not in north carolina to which i said well it wasn't in texas last week either but now it is. the doctor said he doesn't have the symptoms of the coronavirus to which i said he has all the symptoms of the coronavirus and they still would not test him they did not even test him for the flu. when they admitted him to observe him overnight the transport person almost ran him into several different objects for different times. we get to the room and the doctor that we had was very nice but still the test he ordered no one even did them he ordered a flu test they didn't do it he ordered a walking oxygen test they didn't do it. he had wanted him to be off oxygen for the night to see how he did he wanted it to be monitored they never took him off the oxygen and never monitored him with no oxygen. they said his oxygen was high enough to be able to go home and sent him home. he had only been off oxygen for one minute when they made that determination. very very very incompetent and very unprofessional",Carla T.,2020-02-22,https://www.yelp.com/biz/atrium-health-lincoln-lincolnton?adjust_creative=upenn&hrid=0a9G7r1-axyfqbKXPx67ZA&utm_campaign=yelp_feed&utm_medium=feed_v2&utm_source=upenn,False,Atrium Health - Lincoln,False,10,1.5,2020-06-19T22:20:23,19802122000.0,https://atriumhealth.org/locations/atrium-health-lincoln,https://www.yelp.com/biz/atrium-health-lincoln-lincolnton?adjust_creative=upenn&utm_campaign=yelp_feed&utm_medium=feed_v2&utm_source=upenn,433 McAlister Rd,Lincolnton,NC,US,28092.0,,,Hospitals,,,,,
2500569,mkTUk6QqQs_MSpK-N-AaEA,1ICplQzcKX52lzkLyWH55A,5,"how can you truly rate a hospital? based off of skill of drs/surgeons/np/nurses/cnas? of quality of care? quality of food(which we all know who have been in a hospital for any extended time can be atrocious)? how about all of the above!

i was admitted on 11/7 for a major surgery. not simple by any means and i am glad and blessed that this was the hospital i went to. aortic valve replacement which entails open heart surgery is scary enough to hear, but the team here at sharp memorial along with my surgeon dr. adamson put my fears to rest. from the initial consultation with him and going over what was to occur i felt at ease along with my girlfriend. even making jokes with me to relax me and calm my nerves just showed the bedside manner was well above par.

the complex is large and if you have multiple appointments in different buildings as i did. just ask the nurse assisting you to request a shuttle and they will get you to were you need to go. instead of moving your car over and over and dealing with the parking.

depending on what you're in for will dictate what floor/building you will be placed in. post op recovery icu is 2nd floor of main building and god bless if that's what you're in for.

nursing staff along with the np(nurse practitioner, don't call them a dr even if they're right there) have some of the most gentle care i've experienced from any hospital. i've bee. to other sharps and i can wholeheartedly say this hospital takes the prize. from providing you with as much information as possible to assist you in your recovery to ensuring you help is merely a call away by providing you with their direct number(they're given a cell phone at work so they can be reached by you or the nurses station if needed urgently) these ladies and gentleman embody care. my hats off to floor 6 (cardiac recover) for all the outstanding service and care they provided me. i honestly don't think i would have been recovering as well as i am without their support and care.

food is still none the less hospital food but i was able to speak with the chef in charge and here their plans for the coming year. adopting a comprehensive plan to ensure that the food quality and nutritional value are in keeping with the care provided at the hospital. a one of a kind program that already has made staples in improving the quality of the food and nutritional value(small steps so far such as switching from iceberg lettuce to green leaf lettuce and such). my hats off to them for improving this overlooked aspect in hospitals. the ordering system is fantastic how they take your meal order ahead of time to not interfere with your recovery and to ensure that you designated meal with restrictions if any get to you on time. i lived how each .real came with a nutritional overview letting you k ow nutrients, calories, etc in your meal. loved that!

radiology/radiologist as i had to deal with frequently were friendly and helpful. whether they had to assist me in my room or take me down to get mris(be aware, its always the coldest part of the building because they do have to keep those machines cool or they can burnout so ask for bra blanket if you need it). the transport team who assisted you getting from location to location or helping you leave in the end were always kind, helpful and made sure you knew you were always welcomed back.... hopefully not soon though.

all in all if i could rate this hospital a 11 or higher i would! excellent is the only word i can come up with to describe the care provided by the staff at sharp memorial. my hats off to all the staff that help in the recovery of the many patients who walk through their doors and the supporting staff behind the scenes.",John M.,2019-12-12,https://www.yelp.com/biz/sharp-memorial-hospital-san-diego-3?adjust_creative=upenn&hrid=1ICplQzcKX52lzkLyWH55A&utm_campaign=yelp_feed&utm_medium=feed_v2&utm_source=upenn,False,Sharp Memorial Hospital,False,335,3.0,2020-06-27T17:25:25,18589393400.0,http://www.sharp.com,https://www.yelp.com/biz/sharp-memorial-hospital-san-diego-3?adjust_creative=upenn&utm_campaign=yelp_feed&utm_medium=feed_v2&utm_source=upenn,7901 Frost St,San Diego,CA,US,92123.0,,,Hospitals,,,,,
2500592,mkTUk6QqQs_MSpK-N-AaEA,NmQUTnlpLSxjYoZU3nuOiw,1,"i am a rn with 22 years of experience, er included and this is the absolute worst that i have seen patients treated.  unfortunately two of my fellow nursing colleagues have been extremely rude and disrespectful to patients in the waiting room which is never acceptable even when they are a challenge.  a patient was told in the waiting room by one of the nurses that is she was unhappy that she could just leave.  just horrible!  not only for that patient but to all of us that witnessed the lack  of compassion and care.  a triage rn came out to make an announcement at 7:40 pm wearing a mask and got totally po when she was told that people could not  hear/understand her.  please consider having more supervision for your er team during the off shifts until the  staff can demonstrate proper care, consideration, respect, and customer service to the patients.  please do better.",Trisha S.,2019-12-03,https://www.yelp.com/biz/sharp-memorial-hospital-san-diego-3?adjust_creative=upenn&hrid=NmQUTnlpLSxjYoZU3nuOiw&utm_campaign=yelp_feed&utm_medium=feed_v2&utm_source=upenn,False,Sharp Memorial Hospital,False,335,3.0,2020-06-27T17:25:25,18589393400.0,http://www.sharp.com,https://www.yelp.com/biz/sharp-memorial-hospital-san-diego-3?adjust_creative=upenn&utm_campaign=yelp_feed&utm_medium=feed_v2&utm_source=upenn,7901 Frost St,San Diego,CA,US,92123.0,,,Hospitals,,,,,
2589225,l6kNa4qHe6meSDz981HB4Q,G5RAxvpYcaNhlu3XA2nzWA,4,"i went into urgent care because getting an appointment with my regular physician would take a month and an available physician would be a week!

i could have died!

but fortunately, i was nowhere near death. what i thought was a possible urinary tract infection or kidney stones were both false. i evidently didn't know where my kidneys were. such a embarrassment and a fail. all my panicking where for nothing.

but with urgent care, i got my piece of mind and all i needed was aleve and a heat pad for my aching lumbar muscles.

i felt the staff who helped me were kind and the facility is clean. they supply hand-sanitizers everywhere and face mask, if you want extra protection from airborne illnesses. 

abundant amount of parking if you don't mind walking. the facility is huge!",Thomas K.,2019-12-13,https://www.yelp.com/biz/kaiser-permanente-woodland-hills-medical-center-woodland-hills-2?adjust_creative=upenn&hrid=G5RAxvpYcaNhlu3XA2nzWA&utm_campaign=yelp_feed&utm_medium=feed_v2&utm_source=upenn,False,Kaiser Permanente Woodland Hills Medical Center,False,353,3.0,2020-06-26T13:20:23,18335742273.0,http://kaiserpermanente.org,https://www.yelp.com/biz/kaiser-permanente-woodland-hills-medical-center-woodland-hills-2?adjust_creative=upenn&utm_campaign=yelp_feed&utm_medium=feed_v2&utm_source=upenn,5601 De Soto Ave,Woodland Hills,CA,US,91367.0,,,Hospitals,,,,,
2589252,l6kNa4qHe6meSDz981HB4Q,rRflzDmLUt76fyTtJqsXAw,1,"per kaiser staff member... #nofacemasksisgoodforbusiness!!!  i went in today, to request medical records, and found there were no protective face masks to be found anywhere. i stepped into the urgent care office, and begged for one, only to be told only those signing in could have one. i then stopped at the info counter, and one of the 2 ladies there felt sorry for me - so she retrieved [a mask] for me from the cabinet, under the desk. an older man stepped up a few minutes later, and asked the other lady [an old lady in her 70's - let's call her ru**] told him they did not have any at all. i turned to her and said, ""yes, you do!"" she informed me quite rudely that there were none in stock. i shot back with ""open the cabinet right behind you. you do have masks!] she still refused to give the man one. i then said to her, loud enough for everyone in the immediate area to hear, ""so, kaiser is now  refusing to provide protective masks, so that healthy people who come into the hospital will end up getting sick?!!! her response was a very matter-of-fact and smug, ""no face masks is good fo business!!!"" she repeated this twice!!... and, additionally, stated that kaiser had instructed all its' employees not to provide masks to anyone that asked for one, period!"" i could not believe what she had just openly admitted to! i immediately reported her... & hopefully that heartless sorry excuse for a human being gets reprimanded, if not fired!  the flu season is back...& w/a vengeance! so if you aren't sick, avoid kaiser altogether if possible! all around you, you will come in contact with inconsiderate contagious people - coughing, hacking, sneezing, spreading their germs far and wide... because for some reason, sick people refuse to wear masks! if you must go, especially to their indoor pharmacy, bring your own face mask and a can of lysol, or run the risk of coming down with something serious shortly thereafter!!!  of course, compared to the extremely bad medical care my husband and daughter have suffered at the hands of kaiser's supposed ""specialists""  over the past 6 months and counting, this latest kaiser ""facemasks"" debacle is nothing at all!",Gina Marie M.,2020-02-19,https://www.yelp.com/biz/kaiser-permanente-woodland-hills-medical-center-woodland-hills-2?adjust_creative=upenn&hrid=rRflzDmLUt76fyTtJqsXAw&utm_campaign=yelp_feed&utm_medium=feed_v2&utm_source=upenn,False,Kaiser Permanente Woodland Hills Medical Center,False,353,3.0,2020-06-26T13:20:23,18335742273.0,http://kaiserpermanente.org,https://www.yelp.com/biz/kaiser-permanente-woodland-hills-medical-center-woodland-hills-2?adjust_creative=upenn&utm_campaign=yelp_feed&utm_medium=feed_v2&utm_source=upenn,5601 De Soto Ave,Woodland Hills,CA,US,91367.0,,,Hospitals,,,,,
2601007,kGNuHiJ_QtBziuo9jZWb-Q,lFrknAwi6a1BEsM8RxmMAQ,1,"kudos to the doctors, nurses, and other hospital staff at ucsd jacob hospital surgical oncology dept. the nurses namely jenn, cassie, sharee, brittany, jeannie, bernadette, brynn, jordan are just the best nurses who took care of me providing the highest quality care. unfortunately, however, when everybody does great and someone fails to carry out the hospital goals like those that i mentioned, this needs to be addressed as well. that said, my experience with nurse tonya was horrible. she's like the bad apple among a crate of good ones that needs to be eradicated. from day 1 of my confinement, i was happy with their excellent care until the very last day when tonya was assigned to my room. not only she repeatedly told me that i will be discharged that day, she stopped doing what a nurse should be doing to her patient while in her care. i was telling her that i wasn't feeling good, feeling tired, nauseous, dizzy with cold sweats, with a huge headache because my blood pressure already reached 144/97 which for me is already high and i needed to take my lisinopril. no initiative on her part, i had to tell her i needed to take one and being a middle man between me and my doctor, she needed to follow it up with my doctor. instead, she mentioned again that i was going home. while i was in the room, i started staining my bed with blood not sure why. either because one of the drains malfunctioned or i was bleeding because of lovenox or both. i was waiting for her to replace my bed sheets/blankets so i could go back rest more comfortably in my bed but she never did anything and i had to sit on the chair the whole time i was in pain. i tried to see her manager laura at her office but to no avail. she made me feel very unwanted to be cared for and mistreated very inhumanely. even though i was to be discharged that afternoon, i still needed my bed to rest on after a 10 plus long hours of surgery. the pt who reevaluated me didn't agree of me going home after all those symptoms but here she was,tonya again, kept telling me that i was going home! i got it. she thought i didn't understand what she was telling me being an asian lady that's why she incessantly rubbing it in my face that i was due for discharge. that's so discriminating against and judgmental of her!!! also, she said that i could wait in the lower lounge if my ride arrives between 4-5 pm because it is flu season. i could really read between the lines and her gestures showed that she wanted me out of her care in her shift. i understand, it's less work for her but she doesn't have to be mean and lie or misinform me. the hospital staff in the lower lounge apologized to me for tonya's misinformation because as i was told by the hospital staff that it is more likely i could catch a flu virus in that more crowded lounge than waiting for my ride in my room as in patient. her explanation makes more sense and again being exposed to a number of people in that lounge. this is all because tonya just wanted one patient down in her care. true enough, that night i went home, i had a running fever of 100.2, in pain, with cold sweats, and those other symptoms, etc. i had to self medicate because tonya failed to listen to me and provide the care i needed as a patient. i had to do what i think what's best for me as if i didn't come from ucsd jacob hospital. it's pathetic that this huge prestigious hospital is being represented by this unpleasant uncaring nurse who doesn't know how to one on one take care of a patient in dire pain. 
indeed, she's a disgrace to be a part of the hospital and be among your efficient and caring nurses in that unit. she stands out in a bad way being the bad apple among the good ones in a crate. i am writing this so someone from management can hear me out because she never listened to my needs and never met the care i needed as a patient to begin with. she deserves this kind of review only because this is in response to what she demonstrated while i was there under her cruel care. i was really disappointed because this is ucsd, one of  the best if not the best! tonya doesn't belong here because she doesn't adhere to the hospital's goal to provide the highest quality patient care. she gets paid to carry out this mission of the hospital and not do the opposite and not to repeatedly tell a patient with a smirk that she was going home. she's very mean spirited, mistreated me in a very condescending way, and obviously lacks
a very important human display of compassion, care and empathy.",Lyn A.,2020-01-31,https://www.yelp.com/biz/jacobs-medical-center-at-uc-san-diego-health-la-jolla?adjust_creative=upenn&hrid=lFrknAwi6a1BEsM8RxmMAQ&utm_campaign=yelp_feed&utm_medium=feed_v2&utm_source=upenn,False,Jacobs Medical Center at UC San Diego Health,False,191,3.0,2020-06-21T18:59:43,18586577000.0,https://health.ucsd.edu,https://www.yelp.com/biz/jacobs-medical-center-at-uc-san-diego-health-la-jolla?adjust_creative=upenn&utm_campaign=yelp_feed&utm_medium=feed_v2&utm_source=upenn,9300 Campus Point Dr,La Jolla,CA,US,92037.0,32.877896376534,-117.22536413668001,Hospitals,Emergency Rooms,,,,
2626046,fGvhNUUio9Mnt-Ponc26Iw,BPtP_VCWlsA0AupK39-K3g,2,"i have been to this hospital several times over the years, in different units, when it was winthrop, during the nyu affiliation years, and recently post-nyu acquisition.  overall, i have had positive experiences.  care, staff, facility, etc.

the following is based on recent visit to the er.

background: busy flu season.  hospital had been on diversion recently.  ip beds full.  er very crowded.  placed in area outside main er.

first, the positives.  these er staff were excellent:

barry zou, rn (triage nurse) - awesome; demeanor, thoroughness
""mo"", rn
s. datta, md
grace, rn
christine cirillo, rn
dr. lori katinas, md internist
eugene sullivan, do, gi = no ego; easy to talk with; gave us great ideas, hope
odette thomas, do, hospitalist medicine and her pa laura zaveski. - both so compassionate and patient-centered
n. hussain, do, endocrinology - easy to talk to; listened
tray - environmental/aid - great manner with patients, families, colleagues
firenze b - very understanding
ben, rn

management/professionalism:

felt like there was very little physician or rn oversight or presence in the er. no sense of leadership presence. this erodes patient/family confidence in staff ability to provide appropriate care, competently and timely.  this is heightened by fact that a lot of staff only a few years out of school.  

staff were observed discussing personal issues, staff-staff issues/gossip, other patients, vacation plans, ""crazy people"", etc.  discussing patients in areas where others (everyone) could hear.

staff need coaching: e.g., christopher d., rn - did not treat patients with respect and dignity (despite patients being challenging); i observed his demeanor with one challenging patient in particular; it is never ok for any staff member to be rude, argumentative, dismissive, and poke fun at a patient - or anyone for that matter; terrible. this rn threatened to withhold meds ""next time i won't give it to you."" laughing, rn said, ""it's almost entertaining...you have to laugh at it"" referring to the patient.  another rn had to take over caring for the patient.

lack of attention to patients - hours would go by w/out staff attending to a patient.  what is rounding protocol?

noisy - staff loud and boisterous in late evening and early morning hours - disruptive and not at all conducive to healing 

upon arrival to er check in - rn kelly wore mask but later had it pulled down below chin.  rn in nearby room celebrated he had just seen his ""last patient"" before his shift ends, but noted unfortunately he had to fill out some sort of paperwork; he held up a folder with a pink sheet of paper

masks - lackadaisical approach by many staff with respect to wearing flu mask - either pulled fully off face or wore half on - below nose.

musical chairs - patients left in chairs (not enough beds); moved several times within the same ancillary/accessory side area: why?

cramped spaces - er berths only as wide as a bed, with flimsy partitions that would not always stay in position.  very little (no) privacy.

providers (resident? and student) - using patient spouse for medical (clinical) translation to get medical history, document symptoms.  staff knew little or no spanish.

while the hospital was extremely busy (flu season), there is never any excuse for staff to act in the ways described.  this behavior is unsafe, provides a poor patient experience, and undercuts the work of team overall.  i encountered many (named above) excellent, caring team members.

i hope this feedback improves care and environment at nyu winthrop.  i want this hospital to thrive in our community.  we have much need for healthcare access.",Dean L.,2020-01-21,https://www.yelp.com/biz/emergency-department-at-nyu-winthrop-hospital-mineola?adjust_creative=upenn&hrid=BPtP_VCWlsA0AupK39-K3g&utm_campaign=yelp_feed&utm_medium=feed_v2&utm_source=upenn,False,Emergency Department at NYU Winthrop Hospital,False,109,2.5,2020-05-22T10:08:42,15166630333.0,http://nyulangone.org,https://www.yelp.com/biz/emergency-department-at-nyu-winthrop-hospital-mineola?adjust_creative=upenn&utm_campaign=yelp_feed&utm_medium=feed_v2&utm_source=upenn,259 First St,Mineola,NY,US,11501.0,,,Hospitals,Emergency Rooms,Emergency Medicine,,,
2642402,iiJ2bc5AzxAU01DaLQwR8Q,YheWD3Dqf-3KGBQZhmsmNA,1,"went there in the afternoon on december 26. you fill out a piece of paper with basic information and then sit down. after a while you get called to a desk to be checked in. then you wait. there were people coughing all around the waiting area. there's a sign saying that people coughing should wear a mask, and where to get one, but nobody was. many of these people were morbidly obese. after i'd been there perhaps an hour, i realized that only two people had been called into the treatment area in that time and there were quite a few people who were there before me, so it would probably be many hours before i would be seen. at that point, i decided to leave and not wait any longer. i hope to never go back.

perhaps it's less busy at other times, but since the waiting area is large and there are three desks for checking people in, and dmh has closed several other expresscare locations, i think it's probably often as busy as when i was there.",Patrick M.,2019-12-29,https://www.yelp.com/biz/dmh-express-care-north-decatur?adjust_creative=upenn&hrid=YheWD3Dqf-3KGBQZhmsmNA&utm_campaign=yelp_feed&utm_medium=feed_v2&utm_source=upenn,False,DMH Express Care North,False,2,2.5,2019-12-29T07:41:47,12178765320.0,https://www.dmhcares.com/patient-and-visitor-information/express-care/,https://www.yelp.com/biz/dmh-express-care-north-decatur?adjust_creative=upenn&utm_campaign=yelp_feed&utm_medium=feed_v2&utm_source=upenn,3131 N Water St,Decatur,IL,US,62526.0,,,Hospitals,,,,,
2659908,mfuaTGg7RSbwhi9Nn4-ptQ,4jqoIoOIuHkodkmnrGVodw,1,"eileen was very rude to my boyfriend .. he came in with some kind of a stomach virus and she tried to insinuate not once but twice that he was faking ... she said ""oh you were fine before i came in the room"" question for you eileen  ... we both work full time jobs just like u so  wtf would make u think we wanna be here at 7 a.m  on a saturday morning ... unprofessional ... your job is to make the patient feel better and comfortable but all u did was piss us off ... learn your place you work in service so act like it",Aaliyah B.,2019-12-14,https://www.yelp.com/biz/adventhealth-apopka-apopka?adjust_creative=upenn&hrid=4jqoIoOIuHkodkmnrGVodw&utm_campaign=yelp_feed&utm_medium=feed_v2&utm_source=upenn,False,AdventHealth Apopka,False,27,2.5,2020-05-29T13:15:33,14078891000.0,http://www.AdventHealth.com,https://www.yelp.com/biz/adventhealth-apopka-apopka?adjust_creative=upenn&utm_campaign=yelp_feed&utm_medium=feed_v2&utm_source=upenn,2100 Ocoee-Apopka Rd,Apopka,FL,US,32703.0,28.6495429683742,-81.53876915735741,Hospitals,Emergency Rooms,,,,
2690226,h2HVDEx0BujG7zYl4bBbXg,wchauHK1lX9UZgN-eoEMMg,1,"took my son to the er the day before thanksgiving for having a 105 fever and they said he was fine they did a urine test, x-ray, and they swabbed for influenza they said nothing was wrong went back home again yesterday took him into the er at 1.30 am because he had a fever of 104.3 wen we went in they took his temperature and it was at 105.8 smfh they did blood work another swab for influenza and x-ray said the same fucking thing he's fine it might be a virus ... so they call my husband at 10pm tonight and tell him they reviewed his x-ray and it shows he has pneumonia they prescribed him antibiotics and my husband is picking them up tonight. like who the fuck misses the x-ray we went home at 6 am my son is 2 years old same thing happened last year. what if something worst happens to my son i read about seizures etc this is not fucking right they need to triple check everything they do. i'm so sad and mad whoever they got working in there obviously doesn't know what they're doing fucking idiots this is ridiculous",Helen B.,2019-12-29,https://www.yelp.com/biz/providence-holy-cross-medical-center-mission-hills-2?adjust_creative=upenn&hrid=wchauHK1lX9UZgN-eoEMMg&utm_campaign=yelp_feed&utm_medium=feed_v2&utm_source=upenn,False,Providence Holy Cross Medical Center,False,195,3.0,2020-06-29T17:49:47,18183658051.0,http://providence.org/holycross,https://www.yelp.com/biz/providence-holy-cross-medical-center-mission-hills-2?adjust_creative=upenn&utm_campaign=yelp_feed&utm_medium=feed_v2&utm_source=upenn,15031 Rinaldi Street,Mission Hills,CA,US,91345.0,,,Hospitals,Medical Centers,Surgeons,,,
2714165,joAtToI_6tRioPgpwpR43A,NpTwwVUpSYd-zdydORXnjA,1,"allegedly, my first review violated yelp's guidelines (this means someone who really cared must have flagged it) although my angered verbosity was very much provoked by a horrible experience i had with my mother getting checked into the er.  

without saying too many true words to stir the faint hearted, i felt that the er check in staff lacked professionalism and tact. interpersonal communication is a sensitive deal in that sector and yet we were treated like kooks crying over an inane issue.

apparently it's passé for a 64 year old woman to mysteriously collapse. i'm sorry you see the same thing over and over to the point you forget that you're dealing with other people's constant concerns over life and death. i'm usually a nice patron who realizes the soul sucking and overwhelming dread of customer service but how someone treads around my mom's life isn't innocently shrugged off like a bad cheeseburger. the 24/7 on-call nurse who determined my mom's collapse as an emergency made it seem like we were dealing with a seizure or a mini stroke so when we regurgitated her words to the guy at the er desk, he chuckled and condescendingly disregarded that information. people faint--yes. but fainting for a 64 year old with a family history of brain diseases can mask itself in a lot of alarming red herrings. just because you see ""real emergencies"" it doesn't warrant you to lose compassion and sensitivity. 

so kaiser, i hope i didn't violate anything this time by expressing that your er desk staff over on zion ave. really needs to have a pep talk about how to process patients with integrity and without making comments that are better left for a doctor to determine.",Sabrina T.,2020-02-21,https://www.yelp.com/biz/kaiser-permanente-zion-medical-center-san-diego?adjust_creative=upenn&hrid=NpTwwVUpSYd-zdydORXnjA&utm_campaign=yelp_feed&utm_medium=feed_v2&utm_source=upenn,False,Kaiser Permanente Zion Medical Center,False,359,2.5,2020-06-23T11:28:21,16195285000.0,http://kaiserpermanente.org,https://www.yelp.com/biz/kaiser-permanente-zion-medical-center-san-diego?adjust_creative=upenn&utm_campaign=yelp_feed&utm_medium=feed_v2&utm_source=upenn,4647 Zion Ave,San Diego,CA,US,92120.0,,,Hospitals,,,,,
2798142,U_xeC_oi-DQYyGY5zPpBiw,Q0jTl-HRUN2zOOsswZgFAA,5,"re: dr. ken thompson  

november the 26th, my family decided it was over due that i see a doctor.  after breaking my shoulder last year, i never wanted to go to an emergency room again. 

i was not at home in ovilla, texas, but at my lake home in oklahoma. i do not have a physician here. after being sick with a horrific stomach virus for 7 straight days, i was miserable. 

upon arrival at the emergency room, i ran inside like a wrecking ball to continue my illness. thank you jesus, for er nurse rebecca and dr. thompson. i was so sick the whole time they patiently attended to me. they never stopped being attentive to me as i profusely apologized for my sick stomach. 

i had dehydrated with a virus that last from 9 to 10 days. i was finally on the down side, but could not keep nothing on my stomach. 

after an iv and meds, i finally felt better. i should of gone to a doctor sooner. i just kept thinking it was a 24 hour bug that kept on lingering. 

kudos to dr. thompson, you made me feel comfortable during my illness. i am so grateful to him and nurse rebecca. 

i was good as new on thanksgiving!  thank you both, including the warm staff at registration. 

i definitely would return!",Lori L.,2019-12-02,https://www.yelp.com/biz/baylor-scott-and-white-surgical-hospital-at-sherman-sherman?adjust_creative=upenn&hrid=Q0jTl-HRUN2zOOsswZgFAA&utm_campaign=yelp_feed&utm_medium=feed_v2&utm_source=upenn,True,Baylor Scott & White Surgical Hospital at Sherman,False,3,3.5,2019-12-02T13:19:24,19038700999.0,http://baylorsherman.com,https://www.yelp.com/biz/baylor-scott-and-white-surgical-hospital-at-sherman-sherman?adjust_creative=upenn&utm_campaign=yelp_feed&utm_medium=feed_v2&utm_source=upenn,3601 N Calais St,Sherman,TX,US,75090.0,,,Hospitals,,,,,
2812339,B5n07-ZMJnXO6sxkwxCfBQ,0El9XWs8VO18XCBX_Oa4uQ,1,"good grief..... i have been here since the half time show and still haven't see my doctor. missed the game and missed ""the masked singer"".
what the hell kaiser!
give me my meds and send me on my mary way out.",Adam C.,2020-02-02,https://www.yelp.com/biz/kaiser-permanente-orange-county-anaheim-medical-center-anaheim?adjust_creative=upenn&hrid=0El9XWs8VO18XCBX_Oa4uQ&utm_campaign=yelp_feed&utm_medium=feed_v2&utm_source=upenn,False,Kaiser Permanente Orange County - Anaheim Medical Center,False,285,3.0,2020-06-26T19:49:53,17146442000.0,http://kaiserpermanente.org,https://www.yelp.com/biz/kaiser-permanente-orange-county-anaheim-medical-center-anaheim?adjust_creative=upenn&utm_campaign=yelp_feed&utm_medium=feed_v2&utm_source=upenn,3440 E La Palma Ave,Anaheim,CA,US,92806.0,,,Hospitals,,,,,
2886670,XziI7F5wdRp6LjIhh-i7Jg,AjS6FGtzTpQReW6L7JDgXQ,1,"horrible service! er nurse ivette was really rude! i do not like going to hospitals unless necessary. i have been sick for two weeks now. my primary doctor called me today and per cdc regulations she was told i should go to the er and get tests done. i followed her instructions and headed to gotlieb. i didn't expect them to test me for coronavirus. because obviously they need to rule everything else out first..... the nurse insisted that she didn't understand why my doctor would sent me there and said they couldn't do much for me. not just was she not careful when doing my swaps but she has a nasty attitude the whole time, acting like i was a bother. after waiting a while a provider came in to my room and i explained how rude her nurse had been and that i did not appreciate how harsh she did my swabs and the things she said. she apologized for the nurses attitude and insisted it was good that i went and that they would do the tests necessary. she left and the next person that visited me was the same nurse with her smirk face on to discharge me. they couldn't do anything for me and i should follow up with my primary health provider. she is a rude person and obviously in the wrong profession. also i understand that there is a lot going on with the whole virus thing but all i want is to go back to work!!!! and i need to do everything i'm asked to go back to work... our health system is failing and we need better service not this crappy hospital . next time i'll just go elsewhere never again",Cinthya M.,2020-03-14,https://www.yelp.com/biz/gottlieb-memorial-hospital-melrose-park?adjust_creative=upenn&hrid=AjS6FGtzTpQReW6L7JDgXQ&utm_campaign=yelp_feed&utm_medium=feed_v2&utm_source=upenn,False,Gottlieb Memorial Hospital,False,92,2.0,2020-03-14T17:06:49,17086813200.0,http://www.gottliebhospital.org,https://www.yelp.com/biz/gottlieb-memorial-hospital-melrose-park?adjust_creative=upenn&utm_campaign=yelp_feed&utm_medium=feed_v2&utm_source=upenn,701 W North Ave,Melrose Park,IL,US,60160.0,,,Hospitals,,,,,
2894297,-_G-VYIWq5ITVcQz4VPdcw,fmVPJ02W4Iu0eQpYn7WyNQ,1,"had to ask for a face mask upon arrival stayed for hours and knowing i was on verge of a panic attack did not and would not give me my medication until discharge spent the entire night there just for them to pour lidocaine in my ear following up with an ent tomorrow to find out if this was proper treatment or not as my ear problems have gotten substantially worse since this treatment followed by a urgent care visit. security staff is rude and wasn't even aware that there was an asu student that was just recently discharged after a month of quarantine for corona virus. had to listen to a girl in the hallway completely deregulated which sent me into a further panic attack, until they finally decided to sedate her hours in. avoid at all costs talk to my insurance already this is not a standard of care. homeless people walking in and out soliciting money in waiting room. zero security.",Rach B.,2020-03-03,https://www.yelp.com/biz/tempe-st-lukes-hospital-tempe?adjust_creative=upenn&hrid=fmVPJ02W4Iu0eQpYn7WyNQ&utm_campaign=yelp_feed&utm_medium=feed_v2&utm_source=upenn,False,Tempe St. Luke's Hospital,False,114,2.0,2020-06-17T04:52:39,14807845500.0,http://www.tempestlukeshospital.com/,https://www.yelp.com/biz/tempe-st-lukes-hospital-tempe?adjust_creative=upenn&utm_campaign=yelp_feed&utm_medium=feed_v2&utm_source=upenn,1500 S Mill Ave,Tempe,AZ,US,85281.0,,,Hospitals,Doctors,Medical Centers,,,
2936873,7hZrxhlcxmD-0g3rSbPIbQ,NEkum6A9q0_-c2UZ-Yj2bA,1,"i had to take my daughter to the emergency room for a sprained ankle a few nights ago. i was there 7 hours and the treatment there was just not a good experience. most of the staff were nice but the procedures and protocol need help. first, in the midst of flu season i arrive to a room mostly full of people coughing and wearing masks. but when i asked for a mask they told me they were out of them. so i had to sit exposed for 7 hours trying to keep myself away from the coughs.

then no one helped with the wheel chair throughout the entire stay.  additionally i have never seen a hospital run in this fashion where patients are treated in front of everyone in a seperate waiting room. it felt to me like an invasion of their privacy and fight almost broke out in that room as well.",Russell L.,2020-02-13,https://www.yelp.com/biz/antelope-valley-hospital-lancaster?adjust_creative=upenn&hrid=NEkum6A9q0_-c2UZ-Yj2bA&utm_campaign=yelp_feed&utm_medium=feed_v2&utm_source=upenn,False,Antelope Valley Hospital,False,191,2.0,2020-06-06T06:56:14,16619495000.0,http://www.avhospital.org,https://www.yelp.com/biz/antelope-valley-hospital-lancaster?adjust_creative=upenn&utm_campaign=yelp_feed&utm_medium=feed_v2&utm_source=upenn,1600 W Ave J,Lancaster,CA,US,93534.0,,,Hospitals,,,,,
2977359,eJHN6_RSfpVwLBbfqx-MEQ,PfuZRlm3QWNExGz9PxF7-g,1,coronavirus is less deadly than this hospital. piss poor service. i have a preexisting back injury and had to go in because i could not deal with the pain anymore. the nurses are garbage. they rush you out and state all your business in front of everybody. that is a privacy policy violation. i have to get a second opinion and a lawyer now because they can't do their job.,Liz Q.,2020-03-09,https://www.yelp.com/biz/hi-desert-medical-center-joshua-tree?adjust_creative=upenn&hrid=PfuZRlm3QWNExGz9PxF7-g&utm_campaign=yelp_feed&utm_medium=feed_v2&utm_source=upenn,False,Hi-Desert Medical Center,False,61,2.5,2020-05-06T22:13:00,17603663711.0,http://www.hdmc.org,https://www.yelp.com/biz/hi-desert-medical-center-joshua-tree?adjust_creative=upenn&utm_campaign=yelp_feed&utm_medium=feed_v2&utm_source=upenn,6601 White Feather Rd,Joshua Tree,CA,US,92252.0,34.132349164664,-116.27654423930001,Hospitals,,,,,
2989486,PsfYpaqk56sTlJ8RUwkHzQ,vIXgY21qi1WP7TsjrmHivQ,1,"this is the worse hosp around to go to as they  the staff  many of them are nasty and talk down to you, but without you would have no job or pay check.  some of them could care less and others go out of their  way to see your needs are met. my husband was in there and waited and waited for a pillow and i went and found one as they were ignoring the request saying they had to get one from somewhere as they don't have pillow on the unit and i got chewed out for finding one. the medicines were messed up and from one dr to another  we weren't told they changed their minds and ordered something else . the communication is very lacking.then on discharge they send us to outpatient pharmacy knowing they are closed on christmas day. we had togo back the next day to get the meds and didn't get what they told us he would get. he talks to the dr who called our home and yet still ordered the wrong medicine, after it was explained to him. they just don't pay attention. to what your telling them. they are going to do it their way regardless of your concerns that this does not work .as you have tried it and it didn't help you at all. i cant even see why this hosp is still open. finally before he left the supervisor was called into all of this mess, and she was nice and tried to get it all straight.there needs to be one plan of action not each dr doing there own thing and ordering things you don't even know about and its your care.",Dee G.,2019-12-27,https://www.yelp.com/biz/cape-fear-valley-medical-center-fayetteville?adjust_creative=upenn&hrid=vIXgY21qi1WP7TsjrmHivQ&utm_campaign=yelp_feed&utm_medium=feed_v2&utm_source=upenn,False,Cape Fear Valley Medical Center,False,21,2.0,2020-06-12T17:28:40,19106154000.0,http://www.capefearvalley.com/,https://www.yelp.com/biz/cape-fear-valley-medical-center-fayetteville?adjust_creative=upenn&utm_campaign=yelp_feed&utm_medium=feed_v2&utm_source=upenn,1638 Owen Dr,Fayetteville,NC,US,28304.0,,,Hospitals,,,,,
3100235,ij9dXlvZ8jevqmFeXTz7lw,Ze9IMv5I_D1dQ1kxX35Tpg,1,ive been a kaiser member for 28 years. i was at kaiser fontana today and was very surprised at what 4 nurses i've know throughout the years were telling me. they said they have had no training or protocol on infectious diseases cases. they have not been fit tested on protective gear and they are afraid for their safety because of the lack of equipment and training especially with the corona virus they said they couldn't take care of us much less themselves. kaiser is usually a good facility they need to get in front of things like this just in case. especially when the nurses are not confident in dealing with important issues like the corona virus c'mon kaiser get it going we are trusting you.,Tom J.,2020-03-03,https://www.yelp.com/biz/kaiser-hospital-er-fontana-fontana-2?adjust_creative=upenn&hrid=Ze9IMv5I_D1dQ1kxX35Tpg&utm_campaign=yelp_feed&utm_medium=feed_v2&utm_source=upenn,False,kaiser hospital ER fontana,False,25,2.0,2020-03-22T08:03:48,18663406143.0,,https://www.yelp.com/biz/kaiser-hospital-er-fontana-fontana-2?adjust_creative=upenn&utm_campaign=yelp_feed&utm_medium=feed_v2&utm_source=upenn,9961 Sierra Ave,Fontana,CA,US,92335.0,34.071677569261,-117.433215879841,Hospitals,,,,,
3126520,QjkbDPN1UXLRx-G94vmjFQ,PHm2Cfv4f2d9y_2uE5HOGw,1,"if i would give this hospital 0 stars i would. so i walk in and the girl in the reception is currently with another patient so i wait patiently. she finishes with the patient and still doesnt acknowledge me so i keep looking at her until she finally says ""do you need help"" like are you serious. anyways i go in 13 weeks pregnant because i am leaking something and i had some cramps. the lady, instead of taking me to emergency or to the maternity part of the hospital (as my doctor said they would) took me to these little non-emergencies tiny rooms. the nurse comes to the room and i asked ""why am i here?"" to which she responds i dont know you tell me. i explained my doctor said they would take me to the pregnancy part of the hospital to which she tells me we dont take patients there until 16 weeks pregnant. i go back to the room and another 5 minutes pass and one of the nurses came and asked me to walk with her to go take out blood, remember i have cramps. so the lady directs me and a group of people to a hall full of more sick people and hands me a face mask because guess what? everyone around me is coughing. at that point i got soo annoyed, i was freaked out because i didnt know what was happening  with my baby and on top of that to put me at risk of all these infections?! i turned around, looked for the lady that walked me even though i was having cramps to that place and told her i was leaving to which she said okay. i went to baptist and had a much better experience",Eliamny R.,2020-02-06,https://www.yelp.com/biz/kendall-regional-medical-center-miami?adjust_creative=upenn&hrid=PHm2Cfv4f2d9y_2uE5HOGw&utm_campaign=yelp_feed&utm_medium=feed_v2&utm_source=upenn,False,Kendall Regional Medical Center,False,176,2.0,2020-06-28T09:44:38,13052233000.0,http://kendallmed.com/,https://www.yelp.com/biz/kendall-regional-medical-center-miami?adjust_creative=upenn&utm_campaign=yelp_feed&utm_medium=feed_v2&utm_source=upenn,11750 SW 40th St,Miami,FL,US,33175.0,,,Hospitals,,,,,
3129619,S-UBrjWbtGVrtuccwOcM5g,Gmfe-4uxgLPHbyI6d3OgeQ,2,"this happened a while ago but it has stuck with me as completely worth putting out there. first time i saw the doctor. i found the nurse practitioner was better than the doctor, initially. i went about 3 times to np with o.k. results, probably because i was asking for referrals. she often questioned my medical history. initially, i gave her the benefit of the doubt because my history is rather lengthy for someone my age. i thought that maybe she was wanting to check something. now i know it wasn't any of that and she was falsely judging my issues. on the 4th visit when she denied me help with lower back pain which was causing a lot of fatigue and said she didn't know where to refer me and so gave me a blood test. feeling a little in shock i just went along with her ordering a blood test for vitamin deficiency, when i knew it was because the pain was serious. when they were taking my blood in the lab in the back, i could hear the nurse practitioner talking about me negatively to the staff around the desk. you're lucky i wasn't feeling well or i would've confronted you and reported you to the nursing board for confidentiality violation. it turned out i needed physical therapy for several things she totally missed. the doctor and nurse practitioner were incompetent. the nurse practitioner was also unprofessional.",Yolanda G.,2020-01-13,https://www.yelp.com/biz/ascension-seton-williamson-austin?adjust_creative=upenn&hrid=Gmfe-4uxgLPHbyI6d3OgeQ&utm_campaign=yelp_feed&utm_medium=feed_v2&utm_source=upenn,False,Ascension Seton Williamson,False,60,3.0,2020-06-23T18:38:51,15123244000.0,http://www.seton.net,https://www.yelp.com/biz/ascension-seton-williamson-austin?adjust_creative=upenn&utm_campaign=yelp_feed&utm_medium=feed_v2&utm_source=upenn,201 Seton Pkwy,Austin,TX,US,78665.0,,,Hospitals,Emergency Rooms,,,,
3145498,clDXD61YXBRJRW2NQY__dQ,4oc5ONmxZTprD3GzvDPHrQ,1,"i will not bring my mom back here. as someone who works at st. joe's in the surgery department, and my mom being a retired open heart nurse, i will never take any one of my family members here again. 

my mother came in today for what has been going on for about a week. she's had a fever of 102.4, a severe cough and chest pain. she went to her pcp in which a flu swab was given and it was negative. they wanted to test for covid, but they ran out of test kits. she was put on a list to call when they got in.

today, she is worse. fever comes back when tylenol wears off. i decided to take her here because she needed to be tested right away.

aaron isaac was our pa. not only was he short in tone, but he would cut my mother off when she was talking. he didn't let her speak or tell him the full length of what was going on. his answers were, ""your sats are fine, your temp is fine. this is just an infection"". he didn't ask if she's had a fever at all, which she had one the past three days. she explained she's worried because my father is immune compromised being a kidney recipient the last year. he had no empathy, no care and acted as if we were bothering him or annoyed with us. he pretty much said she was fine and doesn't have any reason to get tested although her symptoms show otherwise and we were in seattle two weeks ago.

he needs to go back to pa school. as someone whose currently in the pa program, i can promise i'll never treat any one of my patients the way he did.",Sammie N.,2020-03-15,https://www.yelp.com/biz/multicare-good-samaritan-emergency-parkland-tacoma?adjust_creative=upenn&hrid=4oc5ONmxZTprD3GzvDPHrQ&utm_campaign=yelp_feed&utm_medium=feed_v2&utm_source=upenn,False,MultiCare Good Samaritan Emergency - Parkland,False,10,1.5,2020-05-20T22:53:02,12536978660.0,https://www.MultiCareER.org,https://www.yelp.com/biz/multicare-good-samaritan-emergency-parkland-tacoma?adjust_creative=upenn&utm_campaign=yelp_feed&utm_medium=feed_v2&utm_source=upenn,14815 Pacific Ave S,Tacoma,WA,US,98444.0,,,Emergency Rooms,Diagnostic Imaging,Hospitals,,,
3154216,_XajZC-0CyObEQrOPELlYQ,FPKkO3BOySr6bj0GNWMvRg,1,trash!! if you want to find a place to come so yu can leave with the same condition you came in with or to come close to death this is the hospital for you! it's always over crowded and instead of trying to find a solution they mask the issue for as long as they can and send yu on your way feeling no different just to clear your bed for someone else. avoid! if you can take the trip to stamford hospital which is out of this network! nurses take hours to come to the room. ridiculous smh,Domonique T.,2020-01-13,https://www.yelp.com/biz/yale-new-haven-hospital-new-haven-2?adjust_creative=upenn&hrid=FPKkO3BOySr6bj0GNWMvRg&utm_campaign=yelp_feed&utm_medium=feed_v2&utm_source=upenn,False,Yale-New Haven Hospital,False,74,2.5,2020-06-06T19:33:52,12036884242.0,http://www.ynhh.org,https://www.yelp.com/biz/yale-new-haven-hospital-new-haven-2?adjust_creative=upenn&utm_campaign=yelp_feed&utm_medium=feed_v2&utm_source=upenn,20 York St,New Haven,CT,US,6510.0,,,Internal Medicine,Hospitals,Urgent Care,,,
3181428,Ey-HRBscfi6E_-PD6UrraA,CrXLFjHG5J0Fd0QVq1qZ9Q,1,"the only reason i went to your hospital is because that's where my doctor sent me to have this clonic table test whatever. none of your people knew what it is either it has been chaotic since day one when i went on wednesday they told me i could walk in there and lo and behold they don't have an account for me so three hours later the tech had to come down and set this up the two days later three days later same crap no one knew anything it's an existing prescription i'm told just come here and ask for x-ray i'll take care of it. that's not what happened everybody there told me no no that's not how we do it. so first night three hours friday was three hours today was two hours sitting in a hospital er room which i didn't need to be and have this x-ray because the doctor wanted to see the x-ray. he isn't the one ordering it. second day i came to register and i wish i could remember his name at the front register desk   he didn't know what he was doing he actually accused me of faking a script when you guys handed me the script there after you lost it and that's why i didn't get an account. i went today and they tried to admit me to the er all i needed was the x-ray i told him can you just contact x-ray they're expecting me no no no you got to go into the er so if i get billed for er visit that i never saw a doctor .you guys going to hear about it! they also informed me to tell my doctor that he should not schedule these appointments here because it's too hard on them really! i can't wait to tell dr. abdo about this.         

update 2/11/2020. 
my last x-ray in and out. thanks kayla and brandon. who new i'd be the one to find the flaw in the way the new admit process has big hole in it!",Patty D.,2020-02-10,https://www.yelp.com/biz/banner-desert-medical-center-mesa?adjust_creative=upenn&hrid=CrXLFjHG5J0Fd0QVq1qZ9Q&utm_campaign=yelp_feed&utm_medium=feed_v2&utm_source=upenn,False,Banner Desert Medical Center,False,227,2.5,2020-06-23T18:30:24,14804123000.0,http://www.BannerHealth.com/Desert,https://www.yelp.com/biz/banner-desert-medical-center-mesa?adjust_creative=upenn&utm_campaign=yelp_feed&utm_medium=feed_v2&utm_source=upenn,1400 S Dobson Rd,Mesa,AZ,US,85202.0,,,Hospitals,,,,,
3192081,we69T0UGpl0VuQ9wP3GFXA,DyRN2tRlRXFmuS7VOjqShQ,5,"with the craziness of the coronovirus, we hesitated going to the er.  but had to.  it is a sunday in rural georgia.
extremely professional and on top of the situation. 
the nurse took us away from the other patients and 
we immediately got care.
all questions were answered, treatment done and medicines were prescribed quickly.
dr. collins listened and genuinely took care of us.",Penny R.,2020-03-15,https://www.yelp.com/biz/st-marys-good-samaritan-hospital-greensboro-2?adjust_creative=upenn&hrid=DyRN2tRlRXFmuS7VOjqShQ&utm_campaign=yelp_feed&utm_medium=feed_v2&utm_source=upenn,True,St. Mary's Good Samaritan Hospital,False,2,3.0,2020-03-15T10:22:40,17064537331.0,http://www.stmarysgoodsam.org,https://www.yelp.com/biz/st-marys-good-samaritan-hospital-greensboro-2?adjust_creative=upenn&utm_campaign=yelp_feed&utm_medium=feed_v2&utm_source=upenn,5401 Lake Oconee Pkwy,Greensboro,GA,US,30642.0,,,Hospitals,,,,,
3235781,JhxCcz0prDa19pIMFyyg9w,Cbjikb1Sjc1-3j9A2j7mbg,2,"i am quite disappointed that in light of the coronavirus outbreak and extra measures- the hospital has ignorantly placed a sign at the entrance asking people if they have any symptoms or have been to wuhan, china. the virus is global and we have a reported 1200 cases in the us with thousands around the world. i could easily come from italy or germany and have contracted the virus. let's not feed the xenophobia anymore. this is no longer a ""chinese"" concern but a world concern. they also ask that if you have a cough to wear a mask. but right after i walked through i stood in line with a visitor at starbucks that was coughing! get smarter people- this is not the first global health crisis and definitely not the last!",Nicole M.,2020-03-11,https://www.yelp.com/biz/sky-ridge-medical-center-lone-tree-2?adjust_creative=upenn&hrid=Cbjikb1Sjc1-3j9A2j7mbg&utm_campaign=yelp_feed&utm_medium=feed_v2&utm_source=upenn,False,Sky Ridge Medical Center,False,197,3.0,2020-05-21T18:13:48,17202251000.0,http://skyridgemedcenter.com/,https://www.yelp.com/biz/sky-ridge-medical-center-lone-tree-2?adjust_creative=upenn&utm_campaign=yelp_feed&utm_medium=feed_v2&utm_source=upenn,10101 Ridgegate Pkwy,Lone Tree,CO,US,80124.0,,,Hospitals,,,,,
3239914,YA5hoEidN1G2rq0BOrtHSg,AUAcSfED2-kikNtLal5GZg,4,"i was transferred to rch from corona regional medical center for a neurosurgery need due to an infected lumbar surgery from another hospital & medical provider. stayed at the hospital for 8 days. my overall experience is very good except a particular ""dr simone singh"". 
she spoke to me before discharge & reassured me to prescribe adequate pain medication. i was discharged 3 days after spinal surgery with no pain prescription. i called dr simone singh's office next morning to get pain meds. she never called back. walking 10-15 feet w/ a walker, dragging my left leg is painfully miserable. i have been in tremendous pain from left hip down the long bones of my left leg each time i bear weight or even move. 

stay away from dr simone singh. she is incompassionate  & neglectful. dr singh is zero star!",Angel P.,2020-02-29,https://www.yelp.com/biz/riverside-community-hospital-riverside?adjust_creative=upenn&hrid=AUAcSfED2-kikNtLal5GZg&utm_campaign=yelp_feed&utm_medium=feed_v2&utm_source=upenn,True,Riverside Community Hospital,False,24,2.0,2020-06-26T20:21:52,19517883500.0,,https://www.yelp.com/biz/riverside-community-hospital-riverside?adjust_creative=upenn&utm_campaign=yelp_feed&utm_medium=feed_v2&utm_source=upenn,5900 Brockton Ave,Riverside,CA,US,92506.0,,,Hospitals,,,,,
3338079,t41mzoVl2Ts8-2DEJxW-oA,IcT8x4f_AlMaguf2p8ukbw,1,"tl;dr if you feel as though you are getting unnecessary diagnostic tests, please refuse them and state that you would like to be seen by an md before getting any tests done. while you may have to wait a bit longer, you won't have unnecessary testing/billing done. also, speak up!


this is regarding the er. i was incredibly disappointed with the care received. my little sister fainted while in the shower during her period. she had a small gash on her head-- because it was on her face we wanted to make sure there was no scarring and thus took her to the er. when we got there, they checked us in... and called us to the back for an ekg and blood work (excessive, yes, but it is the er). they took us back to the front, and called us back again for a chest x-ray. the np was walking by so we inquired as to why a chest x-ray was needed for someone who fainted (with known cause) after an ekg was already done.  the np proceeded to tell us that football players have fainted and died (completely irrelevant). i asked her if the ekg was normal, and her response was that there was syncope and we needed to find the cause of the syncope. then she asked my 18 yr old sister if she felt a vagal response. i looked up what syncope was on my phone- ""fainting""? why is a medical professional using these terms when talking to patients? terrible bedside manner. my sister had to ask what she meant, and she still was unable to explain properly. i asked if my sister needed all these tests as she has been acting completely normal- she just has a cut on her forehead and i wasn't sure if it'd scar. np asked when the fall occured and i told her it was 10 am (this was about 11 hours later), and she responded she didn't realize. i asked if they would give my sister treatment without all these diagnostics tests and the np said that they would not! we felt stuck at that point, because the stitches needed to be done within a certain time frame. after all of this, we to the front and get called back again-they decided to finally take vitals/check the blood pressure of the girl who fainted! they also said they needed to take do a cat scan of her head! at this point, we refused treatment to the tech and said we needed to see an md/physician. the ct tech said okay and said we could go back out front. over an hour later, we were called back so more blood could be drawn; i asked if there was something wrong with the first draw, and was told no- they simply have to draw blood for the particular test over a period of six hours. we inquired as to why this was necessary and where the doctor was and why this was all needed for some stitches! the np came and said she was waiting on the cat scan results before she did stitches. we asked her who was ordering all these tests, and we absolutely refuse to have a cat scan. she said the doctor ordered them and we'd have to sign a waiver saying we decline treatment. we said we would like to see the doctor who is ordering these tests, because why is he/she doing so without even seeing the patient. she said she was ordering on behalf of the doctor. we proceeded to sternly say we need to see a doctor, and her response was, ""well i see patients all the time by myself."" we replied that was fine but we need to see a doctor. in the meantime, she went back to her office and we heard her talking to the doctor on speakerphone who said that we did not need to sign anything, but simply make sure it was noted in the chart. after some time we were put in a room, and then waited for the doctor. 
the poor doctor came in a while later and was very sweet. i was ready to just have my sister receive treatment and leave, but my mother said it was important to tell/ask about what happened because other patients need protection to. i then went into detail of everything happened, and said i felt the chest x-ray was completely unnecessary, i was appalled that the blood pressure of a patient who came in because she fainted was taken after having a chest x ray, and the bedside manner and advanced terminology of the np (kim tarver) was unacceptable. very surprisingly, the doctor agreed. she professionally stated she agreed that the chest xray was unnecessary and my sister did not need a cat scan. she said the blood pressure thing was an outlier, but still needed to be noted...and she stated the terminology used was a personnel issue. after all this, she used liquid stitches (liquid skin) on my sister. she's good to go now, but it was an incredibly painful, unnecessary process.",Ashley C.,2020-02-04,https://www.yelp.com/biz/piedmont-healthcare-rockdale-conyers?adjust_creative=upenn&hrid=IcT8x4f_AlMaguf2p8ukbw&utm_campaign=yelp_feed&utm_medium=feed_v2&utm_source=upenn,False,Piedmont Rockdale Hospital,False,29,1.5,2020-06-16T06:08:09,17709183000.0,https://www.piedmont.org,https://www.yelp.com/biz/piedmont-healthcare-rockdale-conyers?adjust_creative=upenn&utm_campaign=yelp_feed&utm_medium=feed_v2&utm_source=upenn,1412 Milstead Ave NE,Conyers,GA,US,30012.0,,,Hospitals,,,,,
3379900,bNb2Hh_RcDXvVTlTVrAREQ,GAjEnmOX_Zj_iVwoc-kw-Q,1,"i have been extremely sick for 2 days and knew i had the flu, so i called my doctor's office to see if they could call in a prescription for tamaflu for me. they said they dont do that, i would have to come in, and my regular doctor didnt have any openings so i had to see doctor dolan. fine. i will have my husband drive me and my 2 toddlers, who are all also sick but not as bad as me, to the appointment (because i am too sick to drive and we dont have a sitter).  so now we have 4 people sick with the flu in their waiting room. sounds great so far, right? way smarter than just calling in a prescription durning the middle of flu season, right? 

so the nurse calls me back, takes my vitals and swabs my nose for the flu virus. fine, whatever. then the doctor comes in and wants to know what i ""want?"". kind of weird thing to ask, but i tell her i think i have the flu and i would like tamaflu. she tells me i don't have a fever and i let her know i am taking dayquil religiously every 4 hours because i am very sick and it helps a little with the fevers. then she asks me how long i've had symptoms. i tell her and she says that's longer than 48 hours and they dont prescribe tamaflu after 48 hours. mind you, we are now at about 50 hours. i asked her why not, since i have read many times that tamaflu helps even if you start taking it after 48 hours. her answer was ""it makes people nauseous"". ok, i think that if that's your only concern you should let the patient make that decision. 

so after that conversation, dr. dolan says ""your flu results will be done in a couple minutes"". i told her i didnt see the point in waiting on the flu results because they wouldn't prescribe me medication anyway. all of the sudden she says that i might be a special case because i take steroids for an autoimmune disease that makes me more susceptible to pneumonia. 

at this point i'm wondering what's wrong with this woman. she goes on and on about how she wont give me tamaflu because it's been close 50 hours and it makes people nauseous, then literally her next sentence is telling me i'm a special case and i need to be on tamaflu.

anyway, she leaves for the lab results and guess what, i have flu type a. she gets my local pharmacy phone number to send over a prescription for tamaflu and i ask her for a prescription for cough medicine. she says they dont give prescriptions for that. fine. can you reccomend an over the counter cough medicine? ""we reccomend a teaspoon of honey"". i asked her to repeat herself because i was in disbelief. she repeated ""a teaspoon of honey"". listen lady, i already know you are a nut, but if you think i am getting up every 3 minutes in the night with coughing fits to eat a teaspoon of honey, not only will i not get any sleep but i will have diabetes by morning.

anyway, we head over to the pharmacy to pick up the tamaflu i had to suffer mind games at the hands of a doctor to get, and guess what. they didnt send my prescription to the pharmacy i specifically asked them too and gave them the number for. nope. they submitted it to my mail order pharmacy. so the kind people at the pharmacy called my doctor and told them to send over the prescription and cancel the order with the mail order pharmacy because my insurance wouldn't cover both. cool. except now i have to wait another half hour for my prescription. we wait a half hour, go back up, and they tell us my doctor cant seem to cancel my mail order prescription and they wont be able to do anything for me until the mail order is canceled. at this point i'm exhausted so we just leave.

as we get in the car to drive home my doctor's office calls to tell me what the pharmacy people already told me, that they sent the prescription to the wrong place and they were not able to fix it and i about lost my mind. they made a huge deal about how many hours i had been sick and didnt want to give me the medication, but then realized they should, but instead of sending it where they were supposed to, they sent it to mail order where it would take literally days to fill. i told them to cancel all the orders since ""hours"" seem to make a huge difference in efficacy. they had already wasted at least 2 additional hours at this point and i didnt even have the medicine yet. i just needed to rest and the stress was making me feel even worse.

done, right? nope, 2 hours later i get an email from the mail order pharmacy saying that my order will be delivered in 4 to 7 days. thanks dr. dolan and thanks to her super incompetent staff, i guess i will just wait and see if i get pneumonia.

oh, also, the staff at the doctor's office was apparently supposed to have me put on a mask so i wouldn't spread the flu virus to others in the waiting room with my horrible cough, and they didnt. doctor dolan told me that after she came into the examination room.

bye bye saint mary's! if this flu doesnt kill me i will be seeking care at another practice.",Meghan C.,2020-02-13,https://www.yelp.com/biz/katie-dolan-md-sparks?adjust_creative=upenn&hrid=GAjEnmOX_Zj_iVwoc-kw-Q&utm_campaign=yelp_feed&utm_medium=feed_v2&utm_source=upenn,False,"Katie Dolan, MD",False,5,2.0,2020-02-13T19:04:05,17759825000.0,http://www.renown.org/medicalgroup,https://www.yelp.com/biz/katie-dolan-md-sparks?adjust_creative=upenn&utm_campaign=yelp_feed&utm_medium=feed_v2&utm_source=upenn,910 Vista Blvd,Sparks,NV,US,89434.0,,,Medical Centers,Family Practice,Hospitals,,,
3399746,EzFkzh_4JWRstU2j12sdAQ,Qz5Ky8buyhjdkJ398c_gEw,2,"usually our emergency visits aren't too bad. the past two times i have gone have been a sh*t show. the first time (for an asthma attack) i bring my daughter in, we stand in triage for about 15 minutes waiting for someone to even acknowledge us. finally the nurse says he'll be with us soon. there's nowhere to sign in, and the window to be seen is closed. after standing there for 15 minutes another couple comes in, mind you were still standing there waiting for someone to at least take her name, the couple walks right in front of us into the triage area after the nurse had told us he'll be with us shortly. they are seen right away....we walked out. 

the second time (for the flu) we were seeing right away, we put masks on as soon as we walked in the door. for courtesy of other patient's. she was taken back to fast track. everything was fine until after the doctor came in, ran some tests, then sat us in this large common area full of other sick people and not a single person was wearing a mask! the two children that were sitting next to us were both diagnosed with the flu, and the only reason why i knew that is because one of the nurses came out and said it in front of everybody! the lady across from us also had the flu! no mask! how are you going to sit all these people in a large common area knowing they have the flu but not requiring them to wear a mask and infect the elderly patients that are also sitting in that waiting room, knowing that their immune system's are compromised because of age!?! my daughter and i were the only ones wearing a mask and it's not because they asked us. it's because i made that choice. 

that whole system they have is completely ridiculous and needs to be redone. out of respect for other patients and their privacy. 

most of the time the doctors and nurses are great, just depends on when you go i suppose.",Krissy E.,2020-03-04,https://www.yelp.com/biz/university-hospitals-elyria-medical-center-elyria?adjust_creative=upenn&hrid=Qz5Ky8buyhjdkJ398c_gEw&utm_campaign=yelp_feed&utm_medium=feed_v2&utm_source=upenn,False,University Hospitals - Elyria Medical Center,False,8,3.0,2020-03-04T04:29:58,14403297500.0,,https://www.yelp.com/biz/university-hospitals-elyria-medical-center-elyria?adjust_creative=upenn&utm_campaign=yelp_feed&utm_medium=feed_v2&utm_source=upenn,630 East River St,Elyria,OH,US,44035.0,,,Hospitals,,,,,
3421883,mazrg2PrCEQc1HUF4Vb4PQ,SCHjGL4OvlWqAzrzHgUSVg,1,i have been coming to this hospital since i was a teenager and every single visit i have ever had with them has always been horrible. their staff are not professional at all the doctors are not caring or almost not knowledgeable. the wait time is ridiculous i live right down the street from this hospital and i will go all the way to alliance harris methodist if we need to go to the er. my husband had a stomach virus and when we went there all they said was that he was dehydrated and just made it seem like he was just ridiculous for being there. when we went to alliance they kept my husband overnight and come to find out from a stool sample he had a bacteria growing in his stomach from food poisoning so therefore we now have a hospital bill that was unnecessary and a waste of time being there. you're better off going to urgent care and getting the same treatment because i don't think those doctors care enough to be in a emergency room setting. the weight and the rooms are so small cramped outdated and so uncomfortable for as long as they have everyone waiting there especially for labs it's ridiculous that they don't have it at least more comfortable. i hate literally hate this hospital it's the most horrible hospital ever.,Sandy T.,2020-01-01,https://www.yelp.com/biz/medical-city-north-hills-north-richland-hills?adjust_creative=upenn&hrid=SCHjGL4OvlWqAzrzHgUSVg&utm_campaign=yelp_feed&utm_medium=feed_v2&utm_source=upenn,False,Medical City North Hills,False,42,2.5,2020-05-12T05:18:35,18172551000.0,http://medicalcitynorthhills.com,https://www.yelp.com/biz/medical-city-north-hills-north-richland-hills?adjust_creative=upenn&utm_campaign=yelp_feed&utm_medium=feed_v2&utm_source=upenn,4401 Booth Calloway Rd,North Richland Hills,TX,US,76180.0,,,Hospitals,,,,,
3433451,eASJlvfF_ZYRyS1tmE9yrA,eGr5V9Fh2Pge8MAcUVX4VA,5,"this is going to personally be the hardest review i've ever written. it is with a sad yet grateful heart, that i commend the doctors, nurses, and technicians of inova childrens hospital. the people who work here have the kindest and most loving of demeanors, absolutely care about kids and their parents who worry so much, and i can't think of many places that truly are as loving as this place right here. i absolutely with five stars recommend this facility, and want to give the staff here the biggest possible shout out of support that i can. all of us human beings suffer the mammalian struggle, it's what we do that matters, and my hope is that you'll embrace each day and others on the journey. yes my oldest son was pronounced dead here. he had already died of a massive angelman syndrome related seizure, that triggered cardiac arrest at age five. it is the worst experience a parent can go through, and i don't want your sorrow, but if you could donate blood to your fellow humans that will help. the staff here that night kept me, from literally destroying everything as this is a living nightmare that took years to get through. never over. through.

before that my oldest went here for everything from the nasty rotavirus to seizures. multiple visits and my youngest has been here for respiratory issues. he's a bigger boy now, but guess where i'd go if he had a medical emergency. here. with love to all paramedics, i'm going to insist here. the doctors and nurses do everything they can, and honestly i have no idea how they work here everyday, as it definitely takes a special breed. it's a very clean facility, and getting in and out of here is relatively easy. also they don't forget who you are. it is a sad but wonderful circle of life, that on the night all was crushed, the same nurse who helped my oldest multiple times held on to his brother and loved on him. that as tear inducing as it is, that is a love of the highest i've ever seen. definitely you're in great hands here! while no parent wants their kid in the hospital, i recommend inova children's for everything.",Mike R.,2020-02-15,https://www.yelp.com/biz/inova-childrens-hospital-falls-church?adjust_creative=upenn&hrid=eGr5V9Fh2Pge8MAcUVX4VA&utm_campaign=yelp_feed&utm_medium=feed_v2&utm_source=upenn,True,Inova Children's Hospital,False,20,3.5,2020-02-16T00:06:09,17037764002.0,http://www.inovachildrens.org,https://www.yelp.com/biz/inova-childrens-hospital-falls-church?adjust_creative=upenn&utm_campaign=yelp_feed&utm_medium=feed_v2&utm_source=upenn,3300 Gallows Rd,Falls Church,VA,US,22042.0,,,Hospitals,,,,,
3458894,fZtsiwyPlRM6Z-p7dql20Q,1vzDuznCBPmYLvnhGhbETA,5,"i went in for a hyteroscopy under general anesthesia recently. from the minute i walked in i felt i was in the best of hands. from the check-in to the curbside pick up/drop off i was treated with dignity, respect, kindness and caring. the nurses are unsurpassable in their intelligence and competence. there were no glitches, no funkiness (there is almost always at least a little funkiness!), just the very best of care. i highly recommend sharp mary birch hospital.",M B.,2019-12-28,https://www.yelp.com/biz/sharp-mary-birch-hospital-for-women-and-newborns-san-diego?adjust_creative=upenn&hrid=1vzDuznCBPmYLvnhGhbETA&utm_campaign=yelp_feed&utm_medium=feed_v2&utm_source=upenn,False,Sharp Mary Birch Hospital for Women & Newborns,False,271,4.0,2020-05-17T06:29:46,18589393400.0,http://www.sharp.com,https://www.yelp.com/biz/sharp-mary-birch-hospital-for-women-and-newborns-san-diego?adjust_creative=upenn&utm_campaign=yelp_feed&utm_medium=feed_v2&utm_source=upenn,3003 Health Center Dr,San Diego,CA,US,92123.0,32.79862,-117.155051,Hospitals,,,,,
3467995,2l0GzMbgI1lYqWS0rVjSFA,0I-QGcF9aCIFSzBh38efPw,1,"my frustration with mh is to the point that if my doctor requires me to utilize their facilities, it's time to find another doctor. 

i have been trying to get mh to file a claim correctly for over a year. what a headache! i'm amazed by their incompetence.

last february, you filed a claim without a diagnosis code. why? i took the order in with me. you would not have provided the x-ray without it. but it was not paid for that very reason....your error. did you try to rectify this? no. did you call the doctor's office? no. 

all you have done is harass me about it.  i would think if a claim is returned unpaid, you would contact the ordering physician. that has never happened. i have had to call your billing department many times (most of the time during my lunch hour as that's when i'm able to talk to someone). i've even provided the diagnosis code myself after your billing department asked me to get it (really). 

every time i called with the necessary information, i was promised it would be filed again. it has still never been re-filed! and now i received a collection letter. so i guess after doing all of that work for you, i now have to pay the full amount and file it myself. 

thank you methodist houston for your professionalism and for not putting your patients through similar situations.",Mary T.,2020-02-16,https://www.yelp.com/biz/memorial-hermann-katy-hospital-katy?adjust_creative=upenn&hrid=0I-QGcF9aCIFSzBh38efPw&utm_campaign=yelp_feed&utm_medium=feed_v2&utm_source=upenn,False,Memorial Hermann Katy Hospital,False,73,2.5,2020-03-28T22:48:29,12816447000.0,http://www.memorialhermann.org,https://www.yelp.com/biz/memorial-hermann-katy-hospital-katy?adjust_creative=upenn&utm_campaign=yelp_feed&utm_medium=feed_v2&utm_source=upenn,23900 Katy Fwy,Katy,TX,US,77494.0,,,Hospitals,,,,,
3498175,GckPsVDcRmHNHVGNkMaVPg,bbHWEPUbw82XCB3ssv-ocQ,1,"my daughter was sick and doc at northside said she must had a virus. she was discharged. children's hospital diagnosed her later with an uti and prescribed antibiotics.

northside charged me usd 2k for a wrong diagnose. now take your own conclusions...",Andre C.,2020-02-22,https://www.yelp.com/biz/northside-hospital-cherokee-canton-3?adjust_creative=upenn&hrid=bbHWEPUbw82XCB3ssv-ocQ&utm_campaign=yelp_feed&utm_medium=feed_v2&utm_source=upenn,False,Northside Hospital Cherokee,False,53,3.0,2020-06-20T16:00:21,17702241000.0,http://www.northside.com/cherokee,https://www.yelp.com/biz/northside-hospital-cherokee-canton-3?adjust_creative=upenn&utm_campaign=yelp_feed&utm_medium=feed_v2&utm_source=upenn,450 Northside Cherokee Blvd,Canton,GA,US,30115.0,,,Hospitals,,,,,
3541681,KlLCJN_KUP9xFQBJYrhgVg,QJZ_bi-e0iijmkls9ouKxg,1,"the one star is for the coffee/food service staff, and one security guard in the morning. 

after being ""transferred"" from another hospital to pch i check my daughter in having a fractured tibia. she had x-rays done at the first hospital and the doctor there rushed us out saying how my daughter needed to be seen by a child specialist and pch is the best, they stated they contacted them and they had a bed for her. i declined the ambulance transfer since i would be covering this cost out of pocket. once at pch it was apparent every sick child in the valley was there. i put a mask on my daughter and we took a seat. 
once called up for triage about 45min later i informed the nurse that my daughter had a does of morphine at the other hospital and i was concerned that she was not being monitored closely. he stated her vitals we normal, she was fine. i then told him we were sent from another hospital, they told us there was a room for us and my daughter was really uncomfortable since she has a broken leg. he told me they always tell people this we had to wait. 
okay i understand couple 3 hours in the er naturally, 6 i repeat 6 hours later! mind you, my baby was freezing, she broke her leg at cheer i was not prepared for a cold all night stay in the er, i asked repeatedly for a blanket, we slept snuggled on a couch thing they have, and i watched her breathing all night because i was afraid of shock. 
once called back the nurse was sweet, i was completely out of it, no sleep, stress, worry, the list goes on... doctor came in to say her leg was broke, um duh, he was going to get her more medicine, and ct scan, 4 more hours later a new doctor comes in all i want to do at this point is leave but we came here for a damn ct scan so thats what i asked for, 2 more hours later i made an appointment banner children's specialist. 
i informed them i was going somewhere else for her surgery since it obviously was not nearly as emergent as the other hospital made it. at that point nurses became indignant when i asked for the records i provided when i got their. they literally lost my x-rays. in fact the nurse told me ""i can call back and make a complaint if i don't like the way i am being treated"". those people were just starting their 12 hr shift and were getting paid to be rude to a worried mother. good job. unfortunately, this was my first experience with pch and i will not be returning. i will pay my bill and pretend they don't exist. if your child has an emergency please call the ambulance because walking into this place is a joke.",Nicole K.,2020-02-24,https://www.yelp.com/biz/phoenix-children-s-hospital-phoenix?adjust_creative=upenn&hrid=QJZ_bi-e0iijmkls9ouKxg&utm_campaign=yelp_feed&utm_medium=feed_v2&utm_source=upenn,False,Phoenix Children’s Hospital,False,220,3.0,2020-06-25T23:16:47,16029331000.0,https://phoenixchildrens.org,https://www.yelp.com/biz/phoenix-children-s-hospital-phoenix?adjust_creative=upenn&utm_campaign=yelp_feed&utm_medium=feed_v2&utm_source=upenn,1919 E Thomas Rd,Phoenix,AZ,US,85016.0,,,Hospitals,,,,,
3561881,BzqsKPMfiA6gQ1k2xW82pw,EbaE27voB2emOIIQ74z9gw,1,"i was given a medication to my regular doctor to which i had a bad reaction. it could have caused me to have a stroke so i was told to go to the er nearest me.

i went. i told them i was at high risk for a stroke. the told me to sit in the waiting room. a man near me whose leg was broken went to get them for me. they told me i might have to wait as many as five hours.

so, i asked, if i were about to have a heart attack? or had been shot?

then, two 80 year olds who were reported as having fevers, who were actively coughing and who seemed weak, were brought in in wheelchairs.

a young woman, wrapped in a blanket, whose mother could barely keep her on her feet was ashen beyond belief. staff brought her mother a bucket for her to vomit in. 

a man who's leg was visibly broken and i left, placing ourselves by the front door. i decided to leave because i felt that the place was unsafe. the mother was walking her daughters vomit past 50 people in the emergency room waiting area.

those suspected of having covid-19 are not to go to the emergency rooms. i do not know what these three people ultimately had. the symptoms were reported as flu. it seemed dangerous. 

the hospital needed to have a quarantine area. three nurses touched my hands without gloves. i then had to clean my hands.

it was not clear that there was any strategy for quarantining dangerously ill patients as well as safeguarding those in their vicinity.

i felt very unsafe in this hospital and will never go there again.

addendum: this response is to the nurse who made a point that the ed was being careful about coronavirus. my point was that it was not clear that they were being careful at all because very sick people were vomiting in a room with everyone else. and even if protections were clear, other people need to be cared for.",Lora-Ellen M.,2020-03-06,https://www.yelp.com/biz/uw-medicine-valley-medical-center-renton?adjust_creative=upenn&hrid=EbaE27voB2emOIIQ74z9gw&utm_campaign=yelp_feed&utm_medium=feed_v2&utm_source=upenn,False,UW Medicine Valley Medical Center,False,133,2.5,2020-03-06T13:52:20,14252283450.0,http://www.valleymed.org,https://www.yelp.com/biz/uw-medicine-valley-medical-center-renton?adjust_creative=upenn&utm_campaign=yelp_feed&utm_medium=feed_v2&utm_source=upenn,400 S 43rd St,Renton,WA,US,98055.0,,,Hospitals,Medical Centers,Emergency Rooms,,,
3575976,aREo6lyHGD0YZ4kopIeazA,rGvU28HUFg3M57Cmv97Fww,3,"a family member had a scheduled surgery at uc health in highlands ranch. the care she received from the surgeons and medical staff was great. no complaints there. my complaint is that the waiting areas and restrooms on both floors that we spent time on were very dirty, trash cans were overflowing full and there was popcorn and trash on the floors in the waiting rooms. we were there till past midnight and back again first thing in the morning and the areas were untouched, still very dirty and we never once saw a janitor.  it's disturbing to think that the hospital waiting areas and restrooms are not being disinfected daily.  i don't think it's a coincidence that we all came down with a virus after being at that hospital for a couple of days, despite being very diligent about washing our hands and using hand sanitizer.",Bobby R.,2019-12-26,https://www.yelp.com/biz/uchealth-highlands-ranch-hospital-highlands-ranch?adjust_creative=upenn&hrid=rGvU28HUFg3M57Cmv97Fww&utm_campaign=yelp_feed&utm_medium=feed_v2&utm_source=upenn,False,UCHealth Highlands Ranch Hospital,False,5,2.5,2020-06-09T11:51:16,17205161000.0,https://www.uchealth.org/locations/uchealth-highlands-ranch-hospital/,https://www.yelp.com/biz/uchealth-highlands-ranch-hospital-highlands-ranch?adjust_creative=upenn&utm_campaign=yelp_feed&utm_medium=feed_v2&utm_source=upenn,1500 Park Central Dr,Highlands Ranch,CO,US,80129.0,,,Hospitals,,,,,
3581457,Fe5ji_ddNhsqfKD718XzjA,gDxTdthEm6dslo5MxOGS1w,1,"staffed 2 doctors on a holiday weekend at peak coronavirus outbreak. i had heart palpitations. i waited 5 hours. didn't even see a doctor except for when they ordered an ekg and a chest x-ray. didn't talk to them either. guy across from me had a broken nose and bloody face. didn't see anybody for over 5 hours either. we were not given any water so we were dehydrating the whole time too. i was discharged with zero communication with aftercare instructions for something i didn't even come in with. they didn't listen to me. i had a preliminary ekg from urgent care that they took from me and never gave back. still don't have my chest x-ray and was never consulted on it.

do not come here if your life depended on it. seriously, just don't. i can't believe i had to pay for this er visit.",Francis G.,2020-02-19,https://www.yelp.com/biz/placentia-linda-hospital-placentia?adjust_creative=upenn&hrid=gDxTdthEm6dslo5MxOGS1w&utm_campaign=yelp_feed&utm_medium=feed_v2&utm_source=upenn,False,Placentia-Linda Hospital,False,284,3.0,2020-06-18T22:51:05,17149932000.0,http://www.placentialinda.com,https://www.yelp.com/biz/placentia-linda-hospital-placentia?adjust_creative=upenn&utm_campaign=yelp_feed&utm_medium=feed_v2&utm_source=upenn,1301 N Rose Dr,Placentia,CA,US,92870.0,,,Hospitals,,,,,
3589405,C_coR3c8MzWr4w6GeTSjkA,vtL9IiDoA0L1o4Wm0eTwAw,1,"if you are going to have a baby do yourself and your baby a huge favor! do not come to this hospital!!!! unless, you like to waste your time and potentially endanger your baby's life and your life. l&d department has some good nurses but the bad out weighs the good. after being told to come back several times because the dilation wasn't enough ""come back when you are dilated 4cm"" they said. so you come back only to be sent back home and told you are not dilated enough come back when you are 7cm dilated...do they not communicate with one another??? contractions are 2 minutes apart still ""go home""... baby's hr 175 ""oh that means the baby is super happy!"" she jokes... uhmm....where in the world did you study? 
epidural then they break the water to find out baby had meconium stool in the amniotic fluid baby with high hr and they decide to wait to dilate more. 6 hours later oh she needs a c-section because her oxygen level wasn't right. well baby is born and sure enough baby had ingested meconium and now has to be in nicu because her oxygen is low and they need to suck out the fluid. she is in iv and has oxygen mask. why does a child have to suffer like this.",Ivette S.,2019-12-09,https://www.yelp.com/biz/kaiser-permanente-fontana-medical-center-fontana?adjust_creative=upenn&hrid=vtL9IiDoA0L1o4Wm0eTwAw&utm_campaign=yelp_feed&utm_medium=feed_v2&utm_source=upenn,False,Kaiser Permanente Fontana Medical Center,False,344,2.5,2020-06-22T21:29:37,19094275000.0,http://kaiserpermanente.org,https://www.yelp.com/biz/kaiser-permanente-fontana-medical-center-fontana?adjust_creative=upenn&utm_campaign=yelp_feed&utm_medium=feed_v2&utm_source=upenn,9961 Sierra Ave,Fontana,CA,US,92335.0,,,Hospitals,,,,,
3602159,cZtcjS1VyiW-6CRN8d_8hQ,LyPBBVawCH520p0oWneAsg,5,"i know all the reviews are horrible about the emergency room in montefiore aka i still call it einstein hospital.  however, i am a diabetic and i had a real bad case of hypoglycemia, passed out in my home and fell.  i was found unconscious by my two daughters,  i received the best care from the moment i went in with the ambulance to my exit 6 hours later.  i have to give a shout out to ms. johnson the first nurse i saw who took my blood in a minute with no pain.  then my doctor allen sann who was so attentive and did not just leave me in the corner.  he kept coming around and sped up the cat scan.  then there was my main nurse nabil.  she was very informative, friendly and very helpful.  thank you all for everything.  i never wanted to go to a hospital during this coronavirus, but when you need help you have no choice.",Silvia P.,2020-03-06,https://www.yelp.com/biz/montefiore-medical-center-bronx-7?adjust_creative=upenn&hrid=LyPBBVawCH520p0oWneAsg&utm_campaign=yelp_feed&utm_medium=feed_v2&utm_source=upenn,True,Montefiore Medical Center,False,9,1.5,2020-03-06T10:52:52,17189042000.0,,https://www.yelp.com/biz/montefiore-medical-center-bronx-7?adjust_creative=upenn&utm_campaign=yelp_feed&utm_medium=feed_v2&utm_source=upenn,1825 Eastchester Rd,Bronx,NY,US,10461.0,,,Hospitals,,,,,
3648124,dwkuRYgFoLda9Sl8fODBNA,l4Z7VXGQNwzVueQwrm96Pw,4,"i'm pretty pleased with the 7th floor h of the building. i never realized how nice this hospital was. the emergency room is so terribly kept. you would think the whole hospital is like that.

the elevators were actually cleaned if your into touching the button with your naked finger. shocker i wouldn't risk it but you go ahead. i got evaluated for the wtc health insurance. the doctors and nurses were a pleasure to work with. i got there at 8am and saw so many people till 2:30pm when i left. 

make sure you bring a little sack with you and some water to any location site. things in this hospital are so expensive from the vending machines. theres a moonstruck diner in this place and its so pricey. also if you need your eyes checked they literal have an eye glass place on the bottom floor.

::bathroom alert::
it's a hospital bathroom so expect soap to run out. but overall it didn't smell. this is why they lost a star and for upkeep. 

i was pleased i was offered a face mask during this crazy outbreak that is going on. i'm fortunate enough to have insurance so that i could go to this place. i'm considering making this location my therapy spot. 

reason why a star was lost is because the cleaning crew didn't seem like they were using proper medical wipes. hopsitals should use wipes that get rid of all viruses like msra, c.diff, flu and so on. but other than that i'm happy they will help me with my world trade center related illness till 2090.

the man who didna breathing test on me showed me his bb8 star wars robot that runs around the room. that little bugger was cute as a puppy in a basket wearing a blue bow tie.

make sure you bring something to entertain you to make the time go by.",Louise D.,2020-01-29,https://www.yelp.com/biz/nyc-health-hospitals-bellevue-new-york?adjust_creative=upenn&hrid=l4Z7VXGQNwzVueQwrm96Pw&utm_campaign=yelp_feed&utm_medium=feed_v2&utm_source=upenn,True,NYC Health + Hospitals/Bellevue,False,149,2.5,2020-05-04T11:00:53,12125624141.0,https://www.nychealthandhospitals.org,https://www.yelp.com/biz/nyc-health-hospitals-bellevue-new-york?adjust_creative=upenn&utm_campaign=yelp_feed&utm_medium=feed_v2&utm_source=upenn,462 1st Ave,New York,NY,US,10016.0,,,Hospitals,,,,,
3665520,EzaSKIo-B6epztyekZ-HJg,KaP2k6BZ541q06Fx67SHrg,5,"what a great place -all the people were patient ,loving even with all the coronavirus scare they were calm collective and i felt very safe in a very clean professional environment for a back procedure with dr. meyer. my nurse marion and dr tang we're fabulous as well- the girls in admitting, recovery, pre-op etc. i choose this hospital- free parking too!",julie t.,2020-03-13,https://www.yelp.com/biz/methodist-hospital-arcadia?adjust_creative=upenn&hrid=KaP2k6BZ541q06Fx67SHrg&utm_campaign=yelp_feed&utm_medium=feed_v2&utm_source=upenn,False,Methodist Hospital,False,438,2.5,2020-06-19T14:54:19,16268988000.0,https://www.methodisthospital.org,https://www.yelp.com/biz/methodist-hospital-arcadia?adjust_creative=upenn&utm_campaign=yelp_feed&utm_medium=feed_v2&utm_source=upenn,300 W Huntington Dr,Arcadia,CA,US,91007.0,,,Hospitals,,,,,
3678875,KeFVkpDTBZ-Mz7WGUCAjkg,ebdDOILiOg7kUjaGIqWHPA,4,"we got referred here by my sons doctor. we were sent to the er and we were quickly in, my son had severe myositis due to a viral infection and was not able to walk. they brought a volunteer to us with a wheelchair and we were in a room within the hour with a bed for my son after them checking his vitals and symptoms in one of the triages. all the nurses were nice and extremely helpful. we stayed here 3 nights after also testing positive for coronavirus and other complications. they have someone bring the kids a tablet or bubbles to distract them while they get their blood drawn. 
dr. cooray was our doctor and he helped answer all my questions and concerns. the rns and staff was extremely attentive and they even brought my son toys, crayons and coloring worksheets and a tablet. the tv had plenty of kid movies and kept my little one entertained but he liked to watch netflix on the tablet instead. they brought a physical therapist for two days that we were there. they even had a playroom for the kids but unfortunately my son was quarantined due to his virus. they made sure we were well taken care off. today is week since we were discharged and i'm so happy to see my babyboy walking and jumping again! thank you millers children's hospital!",Sally V.,2020-01-20,https://www.yelp.com/biz/memorialcare-miller-childrens-and-womens-hospital-long-beach-long-beach?adjust_creative=upenn&hrid=ebdDOILiOg7kUjaGIqWHPA&utm_campaign=yelp_feed&utm_medium=feed_v2&utm_source=upenn,False,MemorialCare Miller Children's & Women's Hospital Long Beach,False,120,3.5,2020-06-26T19:02:24,15629335437.0,http://millerchildrens.org,https://www.yelp.com/biz/memorialcare-miller-childrens-and-womens-hospital-long-beach-long-beach?adjust_creative=upenn&utm_campaign=yelp_feed&utm_medium=feed_v2&utm_source=upenn,2801 Atlantic Ave,Long Beach,CA,US,90806.0,33.808525,-118.185976,Hospitals,,,,,
3679884,8Ik0XW2_horYN7rq9HZVZQ,6rwpUlJ9sg8f27eQATb8uA,1,"without a doubt, the worst er and hospital i have ever had the misfortune of setting foot in. my husband had a hernia with a bowel obstruction which could have easily lead to sepsis and death. he was in extreme pain, 9 out of 10, and vomiting.  he sat in the waiting room for over an hour for them to even perform the initial triage. even after the initial triage, it was another almost 2 hours before he was able to get back and get pain medicine.

the er doc was amazing, and probably did save his life. however getting him back there through the ""system"" was the issue.

even though he didn't have emergency surgery, because of his condition he was admitted. and it just went from bad to worse.

again, the doctors he did see such as the hospitalist and the surgeon and the er doctors were great. it was the nurses, the care (or lack therof), lack of communication, and the rest of the system.

even though i was recovering from the flu, they put him in a semi-private room and tried to move somebody in there with him. there were no masks available anywhere.  

i will be making reports to cms as well as to the florida quality review organization. i will never set foot in this hospital again and refuse to be taken there even if i'm dying.",Rhonda C.,2020-01-10,https://www.yelp.com/biz/halifax-health-medical-center-of-port-orange-port-orange?adjust_creative=upenn&hrid=6rwpUlJ9sg8f27eQATb8uA&utm_campaign=yelp_feed&utm_medium=feed_v2&utm_source=upenn,False,Halifax Health - Medical Center of Port Orange,False,13,2.5,2020-01-10T12:02:15,13864254700.0,https://www.halifaxhealth.org,https://www.yelp.com/biz/halifax-health-medical-center-of-port-orange-port-orange?adjust_creative=upenn&utm_campaign=yelp_feed&utm_medium=feed_v2&utm_source=upenn,1041 Dunlawton Ave,Port Orange,FL,US,32127.0,,,Hospitals,,,,,
3695916,n5Q1OnC07GQZnGCXJZqLyw,QdVWZSLE9eN25NE-rMh1Aw,3,"i visited the maternal fetal medicine clinic and was disturbed by the uncleanliness and overcrowding in the waiting room. chairs needed to be wiped down, there was a sick patient wearing a mask but was accompanied by three children and another adult. the waiting room is very small. the sick patient was not taken to another area. people were giving up seats to other arriving patients or waiting outside the clinic in the hall. also, several patients were taken  ahead of me even though they arrived very late for their appointments. we waited for nearly an hour to be called to the back. very unorganized and poorly managed. i was happy with the demeanor of the ultrasound tech who took care of us and the two minutes we spent with the doctor, she seemed nice.  the room we were taken to have the ultrasound was crammed with three chairs between the wall and patient bed. a third person definitely wouldn't be able to actually sit in the chair provided.
what's worse i woke up the following morning to a sore throat which progressed over the next couple of days into nasal congestion and a nasty cough that keeps me up at night.",Manilla M.,2020-01-29,https://www.yelp.com/biz/ascension-seton-medical-center-austin-austin?adjust_creative=upenn&hrid=QdVWZSLE9eN25NE-rMh1Aw&utm_campaign=yelp_feed&utm_medium=feed_v2&utm_source=upenn,False,Ascension Seton Medical Center Austin,False,162,3.0,2020-06-29T11:02:48,15123241000.0,http://www.seton.net,https://www.yelp.com/biz/ascension-seton-medical-center-austin-austin?adjust_creative=upenn&utm_campaign=yelp_feed&utm_medium=feed_v2&utm_source=upenn,1201 W 38th St,Austin,TX,US,78705.0,,,Hospitals,Emergency Rooms,,,,
3729724,syK0oNQrB8SZwDWZ9_YggQ,SZ3qXQwmObdkrF2k9YYcZQ,2,"mental health has some great staff (some not so great bordering negligent).  there's not much anyone can help with when they can only see you every couple weeks at the earliest...you'll be lucky if you get in one time a month.  that's 45 minutes of treatment for pretty significant complex chronic health conditions.  there's no ""thrive"" to be found here...its more like ""dont die"".  the staff is chronically on strike because the work conditions are horrendous.  mental health workers are typically compassionate people and it must eat at their core to see their patients treated so poorly and actually getting more sick while under their care.

another tip:  kaiser outsources all of their inpatient programs.  if admitted you and the uninsured of alamada county & contra costa will go to the same place and receive the same treatment.

https://www.npr.org/2019/12/16/788620859/california-kaiser-mental-health-workers-launch-strike-problems-keep-getting-wors",Ms. H.,2020-01-10,https://www.yelp.com/biz/kaiser-permanente-walnut-creek-medical-center-walnut-creek-6?adjust_creative=upenn&hrid=SZ3qXQwmObdkrF2k9YYcZQ&utm_campaign=yelp_feed&utm_medium=feed_v2&utm_source=upenn,False,Kaiser Permanente Walnut Creek Medical Center,False,28,2.0,2020-02-22T15:20:37,19252954145.0,https://healthy.kaiserpermanente.org/html/kaiser/index.shtml,https://www.yelp.com/biz/kaiser-permanente-walnut-creek-medical-center-walnut-creek-6?adjust_creative=upenn&utm_campaign=yelp_feed&utm_medium=feed_v2&utm_source=upenn,710 S Broadway Ste 209,Walnut Creek,CA,US,94596.0,,,Hospitals,,,,,
3731085,Vc6Te0YnAYERTQtdl1Lhfw,z11KgpATFbk8yOqcRTqX1g,1,"re: radiology department.    i was called the day prior to my mri and was told to arrive 30 minutes prior to appointment to fill out a 1 sided paper that took literally 2 minutes.  when i checked in i was told that they were running 45 minutes behind.  so by the time i was called in, i had sat waiting for 1 hour and 20 minutes.  now......hmmmmm?  if they had the 30 second time frame to call me and tell me to be early, why would they not call me to tell me to arrive an hour later than my appointment?  sitting there watching all the masked, sick people going to the pharmacy across the way made me cringe.   worst experience i have ever had at kaiser.   also, was told doctor would have results in two days.  here it is day 5.  i emailed my doctor yesterday morning and in kp.org my message to my doctor has not even been read.",Jennifer M.,2020-02-27,https://www.yelp.com/biz/kaiser-permanente-antioch-medical-center-antioch-4?adjust_creative=upenn&hrid=z11KgpATFbk8yOqcRTqX1g&utm_campaign=yelp_feed&utm_medium=feed_v2&utm_source=upenn,False,Kaiser Permanente Antioch Medical Center,False,138,3.0,2020-05-28T01:33:01,19258136500.0,http://kaiserpermanente.org,https://www.yelp.com/biz/kaiser-permanente-antioch-medical-center-antioch-4?adjust_creative=upenn&utm_campaign=yelp_feed&utm_medium=feed_v2&utm_source=upenn,4501 Sand Creek Rd,Antioch,CA,US,94531.0,,,Hospitals,,,,,
3779625,DfqcMgr6fNGbh45UxVEEDQ,NyPbGlNXsaALgKC0DAy7ow,5,"the process took 2hrs for urgent care it was amazing. checking in was easy and my son was triaged very quick and even though sick people in area it was very clean and there was mask and tissue boxes and hand sanitizer through out facility. medication was faxed over pharmacy.
staff were very nice and non judgmental.humankindess all the way!",Myra L.,2020-01-04,https://www.yelp.com/biz/st-bernardine-urgent-care-center-highland-highland?adjust_creative=upenn&hrid=NyPbGlNXsaALgKC0DAy7ow&utm_campaign=yelp_feed&utm_medium=feed_v2&utm_source=upenn,False,St. Bernardine Urgent Care Center - Highland,False,43,3.5,2020-01-23T11:31:45,19098635000.0,http://www.stbernardinemedicalcenter.org,https://www.yelp.com/biz/st-bernardine-urgent-care-center-highland-highland?adjust_creative=upenn&utm_campaign=yelp_feed&utm_medium=feed_v2&utm_source=upenn,27925 Highland Ave,Highland,CA,US,92346.0,,,Hospitals,,,,,
3787934,MDW1OYK7th_hnAHOADmnkg,MdGsNn8W5y22Zc6GS76dUA,1,"i brought my husband to this care station on december 26, 2019 because he was having flu like symptoms. we arrived at the care station at 1:30pm and was called in at 2:30pm. we were finally seen by a doctor around 3:15pm-3:30pm and he then proceeded to swab my husbands nose to get it tested for the flu. the dr. stated that we would have the results the following day because they needed to send the tube over to labcorp. i thought it was weird that they couldn't give the results right away being it's an urgent care but i left it alone and waited for the results. the very next day my husband wasn't feeling better so i called the care station at 10:14am to see if the results came in early and the 1st person that i spoke to stated that the dr. that saw my husband was in another location for the day and she would send him a message asking him to call us with the results. so we wait for 3 hours and i decided to call back again at 1:23pm and i speak to a 2nd person and she states the very same thing but what she did that the 1st person didn't do was state that she would have another dr. that's working in that office today call us with the results. she places the notice in his chart and apologizes. now we wait 3 more hours and 50 minutes, which makes it 5:13pm and i speak to a 3rd person and then she states his results are not in yet so you have to wait until the dr. calls. now i'm pissed because the last 2 people i spoke to stated that they couldn't give me the results and it has to come from the dr. which indicates to me that the test results are in not that they aren't in and a dr. has to give the results out and not them! she then process to tell me that this care station isn't an urgent care but a primary care provider and that the dr. would call us again. now lets remember what their website states ""at care station medical group, our linden, nj walk in clinic is available to 7 days a week to treat your urgent care needs. we offer onsite labs, x-ray and ultrasound to quickly diagnose and treat you quickly so that you can get back to your busy life."" regardless if this care station is a primary care provider or an urgent care the inconsistency that i got from 3 of the different people that i spoke too was not expectable! oh and to make matters worse today is december 28, 2019 and we still haven't received a phone call from any person at this care station giving us any results or at least calling us to state ""i'm sorry the lab is probably backed up today which is why we haven't gotten the results yet or i'm sorry i know you called a few times today but i'll see what i can do for you on my end"" etc. my husband is feeling worse by the minute and now i have to take him to a real facility that will actually provide him with the proper care and results that this facility stated that it would. since i was a teenage i've gone to this care station for several different reasons and the care has always been okay up until now! the flu is a serious virus that can kill people and i thought bringing my husband here would have benefited him but instead it did the complete opposite! i'm sad to say but if your looking for fast results and the proper care and treatment do not go to this facility!! you'll be wasting your time, money and effort! i truly hope someone here at this care station will read this review and never allow this to happen to another patient that is ill and in need of the proper care that you advertise. 

god bless

tajmahlee d.",Tajmahlee M.,2019-12-28,https://www.yelp.com/biz/care-station-medical-group-linden?adjust_creative=upenn&hrid=MdGsNn8W5y22Zc6GS76dUA&utm_campaign=yelp_feed&utm_medium=feed_v2&utm_source=upenn,False,Care Station Medical Group,False,73,2.5,2020-04-14T10:26:27,19089252273.0,http://www.carestationmedical.com,https://www.yelp.com/biz/care-station-medical-group-linden?adjust_creative=upenn&utm_campaign=yelp_feed&utm_medium=feed_v2&utm_source=upenn,328 W St Georges Ave,Linden,NJ,US,7036.0,,,Urgent Care,Hospitals,,,,
3797751,Nky7_xWA4yHbQpneEeRZQw,pQLISe_H7DK5CueVRwpOCQ,5,"i would never expect five-star service from a government agency! (dmv anyone?)  so, i was blown away by the service i received from this clinic.  remember they're closed from 1130 am to 1 pm. i showed up precisely at 1 pm, and the doors opened promptly.   

you pay 50$ upfront for the consultation (insurance does not cover that).  within 15-20 minutes of arrival, my consultation began, and that included the time to fill out the paperwork. khanh gave me an excellent consultation; she broke down every city i was visiting in the philippines and told me every virus or outbreak that was currently happening in the region.

we went over the preventative measures i should take in each area.  khanh answered all of my questions. i ended up getting a polio booster shot and an oral medicine for malaria. they recently got insurance to start covering the vaccines themselves, although it does depend on your insurance what is included.  luckily they were able to pull up my vaccine record, and i had a lot more than i expected.

overall it was a quick, efficient experience, and i will be back when i go on my next adventure!",Nick S.,2020-01-10,https://www.yelp.com/biz/public-health-pharmacy-travel-and-immunization-clinic-san-jose?adjust_creative=upenn&hrid=pQLISe_H7DK5CueVRwpOCQ&utm_campaign=yelp_feed&utm_medium=feed_v2&utm_source=upenn,False,Public Health Pharmacy Travel & Immunization Clinic,False,105,4.5,2020-06-23T16:23:41,14087925200.0,http://www.sccgov.org,https://www.yelp.com/biz/public-health-pharmacy-travel-and-immunization-clinic-san-jose?adjust_creative=upenn&utm_campaign=yelp_feed&utm_medium=feed_v2&utm_source=upenn,976 Lenzen Ave Ste 1100,San Jose,CA,US,95126.0,,,Hospitals,,,,,
3866205,WsfJUT4WUh_XSH8LIzpYLw,RnE8gqMRmRVWgr-2JKYKwQ,1,"an absolute horror show, travesty of medical care, and a lawsuit waiting to happen. 

my mom fell this week (fragile, dementia, history of stroke, and a hip replacement). i called 911 and on scene the paramedics asked which hospital we preferred- i chose mercy general as her pcp and records are all at dignity health. 

worst decision ever. 
how the hospital is run: 
a doctor saw my mom for a total of 1 minute at arrival and 30 seconds at exit. no supervision or accountability. lots of people here seemed ""checked out"" working in an untenable environment. 

medical assistants and one rn is on duty, one pa or doctor for what seemed to be 50 or more patients. there are lots of guys in green outfits doing, apparently, nothing that i noticed for the five hours we were there. my mom was parked on a gurney for the whole time in a busy hallway. people, patients, staff, gurneys, paramedics, security guards, and random people coming and going nonstop. 

she had imaging of her hip, elbow, and arm. there were good people doing the imaging. i repeated that her head hurt- mom chimed in- and then that was related to the doctor and a ct was ordered. too bad the doctor refused to talk to the patient and just felt  her bones for minute and didn't ask one question to her ""patient"" aka just a number.  props to the imaging team for maintaining a system and compassion for patients in a totally chaotic situation. 

she was offered a tylenol and glass of water. no updates on what was happening...i assumed a room would be provided eventually.  other patients parked in hallway, including a man and his wife- he begged to have someone help her use the restroom- for an hour. 

at about 8:30 pm the medical assistant popped by and said no broken bones, mom had to get up and prove she could walk before being released. i stepped in when mom got upright on the gurney and said she felt dizzy. 

medical assistant said she would have a chair behind mom as she walks. my dad was helping. honest to god, this was the plan. my mom fell, said she's dizzy, and they want her to walk in a busy hallway with people crashing around pell-mell. 

i spoke up loudly, said you need to get an orderly and she said, this is how we do it do you have a better suggestion? 

this could have been solved by having my mom move to a room- (literally across the hall an empty room with three hospital beds) for a safe environment for a trial run. 

we worked with situation at hand with me guarding the hall like a pit bull behind mom and blocking people and gurneys from coming through....and dad ready to catch mom. and then medical assistant tells mom to get back to 
the gurney after a successful trial run. mom has lymphedema and her swollen legs would be hitting metal. i said no get a wheelchair. then a guy in green shows up. apparently ready to catch mom if she falls. thanks, perfect timing. 

so, end of story- doctor comes by for 30 seconds to tell us no broken bones and runs off, totally masked  to protect herself from coronavirus. brava. medical assistant turned out to be a nice person and she stood by us while my dad got car. she was smart and empathetic once she was freed from caring for 50 people simultaneously with no tangible support. 

literally the worst er i have ever been in. train wreck, third world care. danger. no info. a few decent people trying to do their best in a disaster scene. never again. they should close their doors if they can't serve patients and provide a baseline of medical care. our east sac family has been born cared for. and died at mercy for three generations. sadly, switching care to sutter asap. 

every person who walks out of these doors should get a t-shirt that says, ""i survived mercy er.""

suggestion: hire some nuns to get this place shipshape. someone needs to be slapping a ruler.",Geneva L.,2020-02-27,https://www.yelp.com/biz/mercy-general-hospital-sacramento?adjust_creative=upenn&hrid=RnE8gqMRmRVWgr-2JKYKwQ&utm_campaign=yelp_feed&utm_medium=feed_v2&utm_source=upenn,False,Mercy General Hospital,False,188,3.0,2020-06-22T13:33:44,19164534545.0,http://www.mercygeneral.org/,https://www.yelp.com/biz/mercy-general-hospital-sacramento?adjust_creative=upenn&utm_campaign=yelp_feed&utm_medium=feed_v2&utm_source=upenn,4001 J St,Sacramento,CA,US,95819.0,,,Hospitals,,,,,
3883023,UwdIKhYV419y7vGN2b1_ZQ,HZ_e0Dy80jhAsaWsm8rSUA,1,horrible emergency room help! took a friend in need into this hospital pre approved by his insurance. got absolutely no help! never again! i left getting the flu and already had a flu shot! they had no masks in emergency room at all had to ask for one. was like well people steal the masks so you have to ask? really? where's the security that all hospitals should have in a emergency room anyways! horrible about there hipa laws as well no lines painted no signs! i'd like to see this facility closed just due to non compliance with such laws!,J B.,2020-02-26,https://www.yelp.com/biz/madera-community-hospital-madera?adjust_creative=upenn&hrid=HZ_e0Dy80jhAsaWsm8rSUA&utm_campaign=yelp_feed&utm_medium=feed_v2&utm_source=upenn,False,Madera Community Hospital,False,40,2.5,2020-04-15T19:34:43,15596755555.0,http://www.maderahospital.org,https://www.yelp.com/biz/madera-community-hospital-madera?adjust_creative=upenn&utm_campaign=yelp_feed&utm_medium=feed_v2&utm_source=upenn,1250 E Almond Ave,Madera,CA,US,93637.0,,,Hospitals,,,,,
3885202,RmTeVOVtvQJVjJ5RqDuSEA,frWRkfomSzGwgBSRDX9Ymw,5,"it makes all the difference if you have a good nurse. 

joanne - er nurse today 1/1 /2020 5 stars

my husband has been to er's 3 times in the last 6 weeks. 1 surgery, 3 ultrasounds, 1 mri, 1 endoscopy, 1 ct scan, two hospital stays 3 days or more. believe me when i tell you, we know a good nurse from a nurse who's phoning it in. joanne is a great nurse.

what makes for a good nurse? actually caring for a patient as a person. being gentle when putting in an iv. thinking about what will make the patient comfortable and alleviate anxiety. cleanliness. good communication. asking good questions and listening to the answer. following through as promised. 

it doesn't matter how many years you've been a nurse because we've had some who are very seasoned and some in training. it comes from something within, a genuine empathy and kindness. i don't think you can teach it, you either have it or you don't. joanne has it. 

also a very special shout out to our er doctor today, dr elizabeth owen. she is one of those rare gems who tries to figure out what is actually wrong with you. not just mask the pain with painkillers. she is genuinely trying to solve the mystery of my husband's pain and help him heal. she spent more time with us today taking about possible causes and remedies than the surgeon who had done the procedure and any of the rounds doctors on our hospital stays. i truly appreciate a doctor who is hell bent on figuring out a puzzle.",Kris B.,2020-01-01,https://www.yelp.com/biz/kaiser-permanente-san-diego-medical-center-san-diego-3?adjust_creative=upenn&hrid=frWRkfomSzGwgBSRDX9Ymw&utm_campaign=yelp_feed&utm_medium=feed_v2&utm_source=upenn,False,Kaiser Permanente San Diego Medical Center,False,131,3.0,2020-06-17T20:09:50,18582665000.0,http://kaiserpermanente.org,https://www.yelp.com/biz/kaiser-permanente-san-diego-medical-center-san-diego-3?adjust_creative=upenn&utm_campaign=yelp_feed&utm_medium=feed_v2&utm_source=upenn,9455 Clairemont Mesa Blvd,San Diego,CA,US,92123.0,32.8307940638553,-117.12515805155898,Emergency Rooms,Hospitals,Medical Centers,,,
3896296,RY8-_8FhGGlwS9kuWCOmOg,4MmaA_x7lE1cD5QsBejy2w,1,"should be in the negatives if i could! the er and icu staff at this hospital is quite simply put: rude! even my husband who never says a bad word about anyone was disgusted with their behavior. nurse assistants who don't have time to make an 86-year old patient feel comfortable or assist in having him use a urinal over the side of the bed; nurses talking about visitors behind their back but in a very obvious manner; staff that doesn't introduce themselves or care to use/learn the patients name. disgusting, disgusting! there was only one rn in the er dept that actually got into nursing to help people, and she was an on-charge nurse who was covering for the main nurse while she took lunch; went above and beyond. icu should also work on their people skills when dealing with family members of individuals with serious health issues. upon arriving in the icu, i was basically kicked out while dropping my dad's bags of clothes off escorting him from the er. not hi! i'm your father's nurse, would you mind stepping out while we get him settled? that would be too much for them to utter. totally rude! oh and the kicker! when i call back to check on him, the nurse states: ""are you the young lady who i kicked out earlier this evening?"" awkwardly, ""yes, that's me."" ""let me give you a code for when you call back because if i didn't know you were the woman i kicked out earlier, i would ask for it, too."" like who talks like that? i had every right to curse him out, but let it go since my dad is under his care; insensitive jerk! for context, my dad is an 86-year old who has stage 4 kidney cancer in his lung, has one kidney, has had prostate cancer, eyelid/skin cancer, has diabetes, etc. and was admitted for a potential heart attack/inflamed heart. like i'm his daughter! have a little compassion. if not for me, certainly for him. at his age, the worst thing is being admitted to a hospital; you don't think you are going to come out. some people should really just not be nurses, etc. - in it for the wrong reasons. the majority at dover certainly didn't get involved in healthcare to help people, and if they did they lost their humanity along the way. if coronavirus hits this hospital, they will be ill-prepared to handle patient care - and certainly not prepared to do it in a respectful manner. get it together!",Laura S.,2020-02-28,https://www.yelp.com/biz/st-clares-hospital-dover?adjust_creative=upenn&hrid=4MmaA_x7lE1cD5QsBejy2w&utm_campaign=yelp_feed&utm_medium=feed_v2&utm_source=upenn,False,St Clare's Hospital,False,20,2.0,2020-06-17T10:42:35,19735375665.0,,https://www.yelp.com/biz/st-clares-hospital-dover?adjust_creative=upenn&utm_campaign=yelp_feed&utm_medium=feed_v2&utm_source=upenn,400 W Blackwell St,Dover,NJ,US,7801.0,,,Hospitals,,,,,
3921914,wWLQkqCX95vpbsBsSfCJCg,_ZtbOTf0kkDIloqBib_GBQ,1,"this hospital is a disaster. we live near here and over the past years, we have taken my mom who iss now in her 80's to the emergency room. even before the merger or whatever happened if anything it has continued to deteriorate. most staff find more time to just hang out, totally non-value added. 
the staff is very unprofessional, this is 60 plus percent of we have been able to digest. several times we have waited 12 hours and still no service to get in. if you need to get you might as well dial 911 and have the ambulance take you in. this way you do get some attention. 
we do realize that get adequate medical attention and service is not like ordering a a cheese burger, but you would expect common human interaction.
godly people don't act like that . the other day i kindly asked if we could simply get a chair and was told there were non available. only needed it for maybe 20 minutes while a disabled person came to visit. around the person that i asked, rn or pa, there were i counted 9 chairs with wheels or casters that were just across the hallway.
hope that someone will read this who wants to help improve this place. 
maybe not, probably not.",Charles H.,2020-01-28,https://www.yelp.com/biz/piedmont-henry-hospital-stockbridge-2?adjust_creative=upenn&hrid=_ZtbOTf0kkDIloqBib_GBQ&utm_campaign=yelp_feed&utm_medium=feed_v2&utm_source=upenn,False,Piedmont Henry Hospital,False,54,2.0,2020-06-23T12:19:37,16786041000.0,http://www.piedmont.org,https://www.yelp.com/biz/piedmont-henry-hospital-stockbridge-2?adjust_creative=upenn&utm_campaign=yelp_feed&utm_medium=feed_v2&utm_source=upenn,1133 Eagle's Landing Pkwy,Stockbridge,GA,US,30281.0,,,Hospitals,,,,,
3940173,y5NYfQJ6wenxEtzyhWyfVg,tkuyrttHju55JdRaYz2lhA,1,"yelp will not let me posted without a min of one star rating.  zero star! this is a complete fail by kaiser. 

i am sitting in er now. bathrooms are filthy. bloody tampons, kotex, toilet paper on floor as well as urine. 

do not come here if you are not sick already. policy is not giving out a blanket to those shivering from dehydration. 

my boss has been in china and they moved me to er waiting room without swabbing for virus. how can this be? 

this is a valuable lesson to ask about what health benefits are available to you before you take the job!

there is a sign clearly stating to let them know about travel to china and still no swab has been preformed! i am holding my breath every time a stroller goes by with an infant in it. how is kaiser not staffed or sanitary with the influx of corona virus and influenza outbreak?

there needs to be an investigation on how to better their services. 

think twice about coming here there are no procedures in place to protect you. 

my husband asked for tissue for me. the nurse thought he asked for a mask, her response, masks are only for the patient.

after 6.5 hours and in isolation i have been told they do not have the ability to test for corona virus. they lost my swab test which added on another two hours.",Coleen C.,2020-02-27,https://www.yelp.com/biz/kaiser-permanente-downey-medical-center-downey?adjust_creative=upenn&hrid=tkuyrttHju55JdRaYz2lhA&utm_campaign=yelp_feed&utm_medium=feed_v2&utm_source=upenn,False,Kaiser Permanente Downey Medical Center,False,322,2.5,2020-05-27T16:03:38,18008234040.0,http://kaiserpermanente.org,https://www.yelp.com/biz/kaiser-permanente-downey-medical-center-downey?adjust_creative=upenn&utm_campaign=yelp_feed&utm_medium=feed_v2&utm_source=upenn,9333 Imperial Hwy,Downey,CA,US,90242.0,,,Hospitals,,,,,
3940178,y5NYfQJ6wenxEtzyhWyfVg,A1gTvDsPeyiGlby3jr_B4Q,2,"female security ""officers"" at the front of the hospital were over the top. questioning people like criminals waiving her water bottle around like they had some sort of real authority   just be nice. it's really easy. we know extra precautions need to be taken because of coronavirus but there's no need to be a bitch. just saying.",Boss L.,2020-03-12,https://www.yelp.com/biz/kaiser-permanente-downey-medical-center-downey?adjust_creative=upenn&hrid=A1gTvDsPeyiGlby3jr_B4Q&utm_campaign=yelp_feed&utm_medium=feed_v2&utm_source=upenn,False,Kaiser Permanente Downey Medical Center,False,322,2.5,2020-05-27T16:03:38,18008234040.0,http://kaiserpermanente.org,https://www.yelp.com/biz/kaiser-permanente-downey-medical-center-downey?adjust_creative=upenn&utm_campaign=yelp_feed&utm_medium=feed_v2&utm_source=upenn,9333 Imperial Hwy,Downey,CA,US,90242.0,,,Hospitals,,,,,
3940199,y5NYfQJ6wenxEtzyhWyfVg,DuhUHykWoyfYJG3syv2wzw,1,came in with crono virus and they waited 3 hours to helped me. by the time i got in i got the whole waiting room infected. up your fucking game kaiser.,Anthony B.,2020-03-01,https://www.yelp.com/biz/kaiser-permanente-downey-medical-center-downey?adjust_creative=upenn&hrid=DuhUHykWoyfYJG3syv2wzw&utm_campaign=yelp_feed&utm_medium=feed_v2&utm_source=upenn,False,Kaiser Permanente Downey Medical Center,False,322,2.5,2020-05-27T16:03:38,18008234040.0,http://kaiserpermanente.org,https://www.yelp.com/biz/kaiser-permanente-downey-medical-center-downey?adjust_creative=upenn&utm_campaign=yelp_feed&utm_medium=feed_v2&utm_source=upenn,9333 Imperial Hwy,Downey,CA,US,90242.0,,,Hospitals,,,,,
4079539,57LwRz6r-N2DwxAAFNDC9g,mrbsIjcQVyT-ecjkrqiLNQ,5,"i have never posted on yelp before and this my first review. this hospital is amazing!! went to loma linda  urgent care for my 6 month old son  having trouble breathing. after examination, started turning a little blue and doctor called an ambulance to take him to loma linda pediatric er. (note: if your child is sick, call 911 and get an ambulance. ambulance er visits get them to the front of the line immediately.) after in pediatric er having breathing treatments, he was diagnostic with rst, bronculitis, and one other virus i can't remember. the pediatric er is small, crowded , loud and will make you very irritated. hang in there. the staff know what they are doing and make quick decisions. once my son was diagnosed, they wanted to admit him to pediatric icu for his condition. i thought it was ridiculous that he would need that level of care because he was alert and giggling with his toys. i was wrong. after admission, he was on oxygen. then he got dehydrated from not eating and had to go on baby cpap machine. almost went to tube breathing on a ventilator but he improved slightly. he got a lot worse before he started to improve. the staff at the pediatric icu were amazing. very attentitive, very informative, and constantly checked in on him. children have died from these viruses and i believe that loma linda pediatric icu saved his life. please go to pediatric er and get admitted if your child is sick. remember to take an ambulance ride. worth the money to be at the front of the line.",Andrew F.,2020-02-10,https://www.yelp.com/biz/loma-linda-university-childrens-hospital-loma-linda?adjust_creative=upenn&hrid=mrbsIjcQVyT-ecjkrqiLNQ&utm_campaign=yelp_feed&utm_medium=feed_v2&utm_source=upenn,True,Loma Linda University Children's Hospital,False,62,2.5,2020-04-03T18:12:29,18008255437.0,http://lomalindahealth.org/medical-center/index.page,https://www.yelp.com/biz/loma-linda-university-childrens-hospital-loma-linda?adjust_creative=upenn&utm_campaign=yelp_feed&utm_medium=feed_v2&utm_source=upenn,11234 Anderson St,Loma Linda,CA,US,92354.0,34.048953000000004,-117.26394099999999,Hospitals,Pediatricians,,,,
4079545,57LwRz6r-N2DwxAAFNDC9g,5wZDdiAsnu8KU1ddbvtJLQ,1,"pediatric er. kind of a joke. tbh go somewhere else. my niece went here a few months ago she was super sick. they barely cared for her said it was a upper respiratory infection and it would go away, well her mom took her somewhere else and she had bronchitis.  then i took my 2month to her dr. he said go to loma linda er. i asked if i could just do redlands er he said no. so i went here. such a joke waiting room is tiny. half is outside (it was cold and rainy) then the nurses don't even know correct medical information.... told me a high fever in infants is ok. (no it's not 102.8 is not ok and climbing) also her heartrate was at 180 (lowest it went to) to 220 (highest) it jumped in between these, they said it was fine. her labored breathing they said was also fine. and with no test except a uti check (so dumb and the nurse did it 3x and couldn't find it so we told her either another nurse try or they aren't doing this, fucking ridiculous so uncalled for if u ask me.) they sent us home with the diagnosis upper respiratory infection....then my lil sis asked if they swabbed her and tested it to be sure. no they didn't. i even told em i wanted her tested for flu and stuff just to be sure. they didn't want to. so today. her fever isn't as high, she still has labored breathing and congestion. and she has only eaten 2-3x (breastfeed) and all she is doing is sleeping. my poor princess. if she's not better i'm taking her to redlands er tomorrow. just ridiculous how they just shrug off such a lil baby who has an extremely high heart rate, labored breathing and congestion they couldn't even suck out. ‍ don't waste your time.

omg also wanna add the fact a child that was quarantined.....was using same bathroom as we were told to use. just doesn't seem like a great idea, he's quarantined for a reason he shouldn't be using the same bathroom, he should have his own. just uncomfortable!",Destiny S.,2019-12-07,https://www.yelp.com/biz/loma-linda-university-childrens-hospital-loma-linda?adjust_creative=upenn&hrid=5wZDdiAsnu8KU1ddbvtJLQ&utm_campaign=yelp_feed&utm_medium=feed_v2&utm_source=upenn,False,Loma Linda University Children's Hospital,False,62,2.5,2020-04-03T18:12:29,18008255437.0,http://lomalindahealth.org/medical-center/index.page,https://www.yelp.com/biz/loma-linda-university-childrens-hospital-loma-linda?adjust_creative=upenn&utm_campaign=yelp_feed&utm_medium=feed_v2&utm_source=upenn,11234 Anderson St,Loma Linda,CA,US,92354.0,34.048953000000004,-117.26394099999999,Hospitals,Pediatricians,,,,
4111187,qtzNYYB8pn7weYGOMyMzaA,KdTMtw8dXKo7ycWOeoGb6g,1,"absolutely the worst. i came in on a saturday morning following a fall the previous day. the doctor came in and his first question was if i had been drinking. i told him i had the night before, but nothing that morning. he replied he'd been doing this for 20 years and he could smell it. after ordering x-rays, he told me someone would be in to clean the wound on my hand. the x-rays came back negative, but i'm not convinced they were read properly. the nurse had me wash my wound with soap and water. i asked if i should wrap my writs and she told me whatever i wanted to do. the doctor never returned. i asked for something for the pain. she promised tylenol, but never brought it. shameful!",Tom P.,2020-01-18,https://www.yelp.com/biz/yuma-regional-medical-center-yuma-2?adjust_creative=upenn&hrid=KdTMtw8dXKo7ycWOeoGb6g&utm_campaign=yelp_feed&utm_medium=feed_v2&utm_source=upenn,False,Yuma Regional Medical Center,False,46,2.0,2020-03-17T01:13:59,19283442000.0,http://www.yumaregional.org/,https://www.yelp.com/biz/yuma-regional-medical-center-yuma-2?adjust_creative=upenn&utm_campaign=yelp_feed&utm_medium=feed_v2&utm_source=upenn,2400 S Ave A,Yuma,AZ,US,85364.0,,,Hospitals,Medical Centers,,,,
4112094,OSpBO7xQq_UwGfTcOAXFaA,dAQOQcAZl_Lcdma9WIuVKQ,1,"dr. jeremy daniel webb is a scam artist. every time i have an appointment, he's more concerned with referring me to specialists or ordering random lab tests. i assume there's some sort of commission or referral fee because he acts like a salesman more than a doctor. 

it's required that i come in every 3 months for a checkup. every time i reject his offer referral/bloodwork (that i don't need), he punishes me with monthly visits instead of the normal quarterly visits. i've even tested this theory by agreeing to bloodwork once. 

here's how my past 3 visits went:

me: thanks dr. webb, i'll see you in 3 months.
dr.: would you like to see a specialist? i can refer you.
me: no thank you.
dr. let's get some bloodwork then?
me: no thanks. 
dr.: ok, i'll need to see you next month for a check in.
me: why?
dr.: i'd like to make sure the medication is good for you.
me: i've been on it since the 1990's 
dr.: ok, see you next month.

i'm now on the line for $150/mo instead of every 3 months. 

stay away from dr. webb, and stay away from honor health. it's very clear that they want to refer you to as many in-house specialists as possible. it's a shame what the medical industry has turned into.",Ken C.,2020-01-16,https://www.yelp.com/biz/honorhealth-medical-group-osborn-primary-care-scottsdale?adjust_creative=upenn&hrid=dAQOQcAZl_Lcdma9WIuVKQ&utm_campaign=yelp_feed&utm_medium=feed_v2&utm_source=upenn,False,HonorHealth Medical Group - Osborn - Primary Care,False,12,3.5,2020-03-28T02:41:42,14808827300.0,http://www.honorhealth.com,https://www.yelp.com/biz/honorhealth-medical-group-osborn-primary-care-scottsdale?adjust_creative=upenn&utm_campaign=yelp_feed&utm_medium=feed_v2&utm_source=upenn,7351 E Osborn Rd Ste 100,Scottsdale,AZ,US,85251.0,,,Internal Medicine,Hospitals,,,,
4207499,UYPMQvWuTRB-XgIauJqUyQ,YwBzp8J0d7D1pKoet4RERQ,1,"it's the the er staff and doctor that was  in 1/23/2020  not only for me but other patients were so disappointed on their customer service and rude way of talking  on 1/23/2020 @9pm -11pm i was a  patient with a severe lower back pain. as my rn that took my vitals was such in a rush and had the rude way of talking back because i stated i didnt take meds   for pain  she didnt let me finish my sentence  why i didnt anyways since i had extreme lower back pain while she was taking my vitals. i asked if they could do an x ray because it was very very intense pain.she had the audacity of telling me  er patients are not here to make requests of even xrays.i ignore the way she spoked to me and ofcourse rushed in front of me while i had back pain  to tell me to leave urine once i was out the bathroom she was not there at least 3 minutes of standing so i asked another staff in the back  that i was not given instructions at all so he takes me to her and she just points  and tells me to sit .ofcourse their  waiting rooms i got was chair next to chair with curtains dividing patients.  i know if a patient is diagnosed  with influenza you can at least give them a mask right but my neighbor patient that was a minor  was  having that dry cough  spread everywhere  and was also experiencing. terrible unprofessional service. same rn  rude way of talking yelled at mom  why was she giving her daughter toddler  medicine  she was 15.i was very shook. they drawed her blood and spilled some in her arm and her iv or sodium bag was empty mom told doctor and was told it was totally fine .umm okay  just leave an empty bag   for a long time while she was complaing to her mom about her arm  numbing. hour later im next  doctor comes to me  and was rude too since i experienced  my back pain before i knew i pinched something but it  looked like  she didnt believe  me   until she told me to stand still i couldn't hold it  my pain increased to  stay standing straight. she tells me  that an xray would be 4 hours long  for reports to come back. she looked  surprised  when i told her ill wait  a longer time if i have to.so she  ordered a tramadol injection and a ct. my reports were given to me at least 30 minutes later  diagnosing me with a bulge in my lumbar spine. before that i could hear the conversations of the rn's   going through my  xray saying i did have  a something  anddoctor stated oh i didnt see it . please tell me if i wanna come back here again. im surprise the state of  california health departnent hasn't given them a visit. they need to hire new rn's that arent  in the hall way talking about patients calling  name like "" seizure girl"" or how they dont let  pt. have their ways or how their  days went. and jokes in front of  sick patients. 0 professionalism .",Brenda S.,2020-01-25,https://www.yelp.com/biz/south-coast-global-medical-center-santa-ana-2?adjust_creative=upenn&hrid=YwBzp8J0d7D1pKoet4RERQ&utm_campaign=yelp_feed&utm_medium=feed_v2&utm_source=upenn,False,South Coast Global Medical Center,False,77,2.0,2020-06-20T10:11:02,17147545454.0,https://southcoastglobalmedicalcenter.com,https://www.yelp.com/biz/south-coast-global-medical-center-santa-ana-2?adjust_creative=upenn&utm_campaign=yelp_feed&utm_medium=feed_v2&utm_source=upenn,2701 S Bristol St,Santa Ana,CA,US,92707.0,,,Hospitals,,,,,
4231919,I9bk6gdqaY5vpjWgen-R5g,l47pqunqL9mwPUIm4ZFkoA,1,"my mom has been battling cancer for the last 3 years and recently got pneumonia. her cancer drs are at cedars and coh (city of hope). unfortunately the ambalance brought her to the closest hospital so. this hospital is not equipped to deal with cancer patients/serious illnesses. after a week of my mom being in the hospital, she ended up in icu. 

the case managers are horrible! we needed my mom transferred to cedars. you need an accepting dr from the other hospital which we had but they had no beds. i dealt with daisy and eric and their compassion level is zero. most people might say things like i'm sorry for what you're going through, i can't imagine how hard this might be, or we are trying our best. any empathy would have been nice during this stressful time. i knew cedars or coh would be able to treat my mom better so i was trying to move her asap.    

also coh had a bed but soh never offered me one. it's really hard to get into another hospital so when a bed opened up they should have told me! i had to hire a patient advocate to get my mom to the coh even though they had a bed available a week before. the timing was crucial in getting my mom to the coh. also the drs couldn't decide if my mom had pneumonia or pneumonitis. the cat scan should've have confirmed this.                

once we got to the coh they told me she had both pneumonia and pneumonitis. also, they immediately did a bronchoscopy which soh never did. this was the only way to save my mom's life. it was really important to see what was growing in her lungs. like the 2 fungus, virus and bacterial infection so they know how to treat her. at soh it was nice dr. stacey gave me his cell # to address my concerns but why couldn't they figure out my mom had 5 infections. 

my friend asked soh if my mom could have an infection called c-diff because my mom was having continuous diarrhea. they told me they thought it was the ensures. the nurses couldn't even figure out my mom had one of the most common infections from all the anabiotic's. my friend who is a nurse had to tell them to test for it!  

cdiff it's highly contagious and puts us at risk for getting this infection. you're supposed to wear gloves, a gown, and a mask anytime you enter the room. we had been doing none of this.  

the worst thing about this hospital is some of the nurses. tonya in icu is not only rude but she's completely incompetent. i called and my mom's heartbeat was a fib with a heart rate of 171! your heart beat should be 60-100. they told me they were transferring her out of icu. i forced them to call a dr and he ordered medicine immediately and to stay in icu! also they had a device up her nose to monitor her continuous fever. when i called they told me my mom didn't have a fever. when i walked in her monitor said 96.1 but my mom felt super hot. she also had complained to her nurse lyn she was hot. any moron could've figured out my mom had a fever. we took her temperature by mouth and it was 104.5! i immediately called for a charge nurse. it took us hours to get her fever down. we needed a cooling blanket and a ice bath to bring the fever down. also my mom had diarrhea all over her. when i asked her nurse when is the last time she had been changed she said early that morning!

after my mom kept having diarrhea they put an anal probe in so it would catch all the diarrhea. they insisted this was necessary. once we got to coh they said those probes cause anal bleeding and should never be used. the nurses are just  lazy and don't want to do their job even if my mom has discomfort or risk an infection.   

for some reason at soh my mom had a continuous fever but the day she got to coh no fevers. i'm not quite sure what they were doing to her at so but i do know that they weren't conducting the proper treatments needed. keep in mind this is the icu, the best care she could have gotten! my mom arrived to coh not in icu and her level of care went up 10x. she has a respiratory therapist w/ 4 breathing treatments a day. someone to bathe her so she's clean at all times. a team to avoid bedsores/rashes. (in soh my mom had a starting bedsore and a rash from them not cleaning her butt)  

the day we came into coh she got her bronchoscopy, which they did not do at so. if they did they would've found out that she had a very serious life-threatening fungal infection that needs to be treated as early as possible. it grows very fast so if it's not caught early you can die. the only good thing about soh is the nurses (renee/allen/charles) which are not complete idiots like the rest of the hospital. 

i'm not writing a bad review because i'm angry my mom could die. i'm writing to warn others that this hospital really is bad. there's a reason why there are no beds at cedars or the coh. they don't have the experience or technology to treat illnesses and infections. the best advice i can give you is if you dont want them to kill your family member don't come here!",Dana K.,2019-12-10,https://www.yelp.com/biz/sherman-oaks-hospital-sherman-oaks?adjust_creative=upenn&hrid=l47pqunqL9mwPUIm4ZFkoA&utm_campaign=yelp_feed&utm_medium=feed_v2&utm_source=upenn,False,Sherman Oaks Hospital,False,278,2.0,2020-06-27T22:23:23,18189817111.0,http://www.shermanoakshospital.org,https://www.yelp.com/biz/sherman-oaks-hospital-sherman-oaks?adjust_creative=upenn&utm_campaign=yelp_feed&utm_medium=feed_v2&utm_source=upenn,4929 Van Nuys Blvd,Sherman Oaks,CA,US,91403.0,,,Hospitals,,,,,
4239145,wnLCarlAImAPrXDFmpPfLQ,sltmgjxuLDXY5Rf21zX3mg,1,"went into the er at about 6 this morning after having severe pain and tightening in my chest the night before and being awakened with another bout of it at 4 am. i also have a killer sore throat and was wearing a mask. when we went in there was one other person in the waiting room. they took my vital signs immediately in the waiting room and took me back to an intake interview; said they did not have a room available yet so i went back out to wait.  45 minutes later, after watching 3 others who came in after me go in ahead of me (none of whom looked critical- two were limping, no visible problems with the third) i went to the desk and asked the young man there what the problem was; i had been in the er second and wondered why i was not being called.  the little pischer thought it would be a good idea to argue with me, insisting that ""we have a lot of sick people here"".  like i am not one of them? like i got up and trundled down there because i have nothing better to do in my life?  like everyone else deserves to be seen but i'm not dying so i can sit while a few others go first?  it was chest pain radiating to my back. i wanted to be assured i was not having a heart problem - but instead i left and went to an emergency care. i will not go back there if i can help it. i had heard this was the best hospital in town.  wrong.",Naomi I.,2020-01-28,https://www.yelp.com/biz/st-francis-medical-center-colorado-springs?adjust_creative=upenn&hrid=sltmgjxuLDXY5Rf21zX3mg&utm_campaign=yelp_feed&utm_medium=feed_v2&utm_source=upenn,False,St. Francis Medical Center,False,63,3.0,2020-06-22T01:22:47,17195711000.0,https://www.centura.org,https://www.yelp.com/biz/st-francis-medical-center-colorado-springs?adjust_creative=upenn&utm_campaign=yelp_feed&utm_medium=feed_v2&utm_source=upenn,6001 E Woodmen Rd,Colorado Springs,CO,US,80923.0,,,Hospitals,Doctors,Emergency Rooms,,,
4246392,CRldkXHMV-tlRjyEuu4sQQ,fHvh64UvuPJdwtX6WiMBtQ,1,"i wish i could give 0 stars. was visiting family in ny when i was struck with a severe norovirus. if i was going to fly home, i needed to be able to stop vomiting. this was the closest er. here is a list of all of the horrible things about this hospital:

1) bathrooms are filthy, doors don't close, and there is no hot water (although at least there is soap)
2) man handcuffed to er bed being watched over by 2 nypd officers
3) people screaming for help (i.e. pain meds) nonstop 
4) slow, slow service
5) staff doesn't care. literally, no one here cares about you - from the second you walk in the door to the second you leave. 
6) staff isn't qualified - the intake nurse had to google how to spell ""yesterday"" and asked if my anxiety medicine was for asthma. my iv was put in by a medical student, who poked me in every possible hand and vein before finding one. i wasn't given lidocane before the iv went in. the iv came out, and fluid was leaking into my arm (which is incredibly painful) and i only got someone to remove it after asking no less than four times. 

go to any other hospital but this one.",Alex L.,2019-12-04,https://www.yelp.com/biz/the-brooklyn-hospital-center-brooklyn-2?adjust_creative=upenn&hrid=fHvh64UvuPJdwtX6WiMBtQ&utm_campaign=yelp_feed&utm_medium=feed_v2&utm_source=upenn,False,The Brooklyn Hospital Center,False,161,2.0,2020-03-26T00:25:46,17182508000.0,http://www.tbh.org,https://www.yelp.com/biz/the-brooklyn-hospital-center-brooklyn-2?adjust_creative=upenn&utm_campaign=yelp_feed&utm_medium=feed_v2&utm_source=upenn,121 Dekalb Ave,Brooklyn,NY,US,11201.0,,,Hospitals,,,,,
4251800,kT6tC8qVdM6C-LO3ydijOQ,hLFjp1a2Gta_eZIfpKTiQQ,1,"i asked to be tested for corona virus.... was told that was not possible.... then they hung up on me.
my health insurance premium is over 2000 per month.... as a customer and a patient i don't think they are able to do anything but take your money.
i'm a person who tries not to be a complainer in my reviews.... but their services are inadequate and suspect.",Mike E.,2020-03-14,https://www.yelp.com/biz/kaiser-permanente-fresno-medical-center-fresno?adjust_creative=upenn&hrid=hLFjp1a2Gta_eZIfpKTiQQ&utm_campaign=yelp_feed&utm_medium=feed_v2&utm_source=upenn,False,Kaiser Permanente Fresno Medical Center,False,80,3.0,2020-03-30T09:35:06,15594484500.0,http://kaiserpermanente.org,https://www.yelp.com/biz/kaiser-permanente-fresno-medical-center-fresno?adjust_creative=upenn&utm_campaign=yelp_feed&utm_medium=feed_v2&utm_source=upenn,7300 N Fresno St,Fresno,CA,US,93720.0,,,Hospitals,,,,,
4333742,VWCXj51YMHRhl-V9qfNbEQ,w2Iy_Qp4jgpEJKqlhqZVGw,1,"the urgent care team probably doesn't know what urgent means.we have been there for about 3 hours in a super dirty waiting room which was full of sick ppl and loads of virus without any ventilation! if you want to get all possible illnesses because of lack of hygiene and wait hours to get to a nurse practitioner and not a doctor then this is the place to go. i get easily sick when i'm close to ppl with contagious diseases and i wanted to wait in the empty hallway, a nurse came and said ""have a seat, we don't want to block the hallway!""and after we went through long unnecessary processes we were kept in a tiny room without window and ventilation/ac and we kept requesting the doctor to come, after 40 min finally sb came. and she was not a doctor but a nurse practitioner! it was such a waste of time and nerves...",Bita B.,2019-12-16,https://www.yelp.com/biz/zuckerberg-san-francisco-general-hospital-and-trauma-center-san-francisco?adjust_creative=upenn&hrid=w2Iy_Qp4jgpEJKqlhqZVGw&utm_campaign=yelp_feed&utm_medium=feed_v2&utm_source=upenn,False,Zuckerberg San Francisco General Hospital and Trauma Center,False,278,2.5,2020-06-22T16:30:44,16282068000.0,http://sfghed.ucsf.edu,https://www.yelp.com/biz/zuckerberg-san-francisco-general-hospital-and-trauma-center-san-francisco?adjust_creative=upenn&utm_campaign=yelp_feed&utm_medium=feed_v2&utm_source=upenn,1001 Potrero Ave,San Francisco,CA,US,94110,,,Hospitals,,,,,
4359960,bhyb1EdAHtTrV0BkBOlqKQ,SUAzXpf9XRma8fr51F-yVg,1,"nooooow this is a place you could possibly obtain coronavirus!! again, look at the gross pictures! save your money and don't use kaiser!

past response-no need to follow up with me lois. i'm not a kaiser customer (thank gosh) and i was there just to assist a friend who needed emergency services. if i was a patient, what would my medical number or information be needed for? are you going to give me free emergency services the next time i need one? no! this is what tax dollars are used for. just so you can get a response back from lois asking for medical numbers and information so kaiser can what, drop you as a customer? follow up with your staff, and your cleaning crew. educate them on what to properly do! safety isn't key for you and it shows! this is the closest email you'll get from me!",Customer P.,2020-03-06,https://www.yelp.com/biz/kaiser-permanente-south-san-francisco-medical-center-south-san-francisco-3?adjust_creative=upenn&hrid=SUAzXpf9XRma8fr51F-yVg&utm_campaign=yelp_feed&utm_medium=feed_v2&utm_source=upenn,False,Kaiser Permanente South San Francisco Medical Center,False,150,3.0,2020-05-20T13:45:16,16507422000.0,http://kaiserpermanente.org,https://www.yelp.com/biz/kaiser-permanente-south-san-francisco-medical-center-south-san-francisco-3?adjust_creative=upenn&utm_campaign=yelp_feed&utm_medium=feed_v2&utm_source=upenn,1200 El Camino Real,South San Francisco,CA,US,94080,37.659337498489,-122.43949439761002,Hospitals,,,,,
4364773,8UHcj_TfV576_iEMxoQX9w,AWiZwlky1ZVgAlZLoV4DgQ,1,"usually when i come here the nurses, doctors and staff are all very professional. however, not so much today. my complaint is specifically the nurses who came in on 7 am. there is one really sick nurse constantly blowing her nose, loudly clearing her throat, and making very some very odd loud noises. she keeps walking around with her mask pulled down, which has to be a health violation. she should be at home, not risking the health of the patients and staff. a nurse keeps playfully warning her to keep her germs away from her, you think someone would actually enforce it. 
 
the fire alarm has been beeping for twenty minutes and i actually prefer that sound to the bickering and bantering of the nurses. the loud speaker called ""code red"",and they were rejoicing loudly that the hospital might be on fire so they  can go home! my jaw dropped in disbelief, i don't want to hear this garbage. what nurse says tickle tickle to another nurse in front of patients. 

the nurse practitioner was great, professional, and patient. this is what i'm used to when i come to loma linda. i have a lot of respect and appreciation for both the nurses and doctors, i hate to make a complaint but this needs to be addressed and remedied. when you come to urgent care you shouldn't have to deal with this.",Chris M.,2020-02-13,https://www.yelp.com/biz/loma-linda-east-campus-hospital-loma-linda-2?adjust_creative=upenn&hrid=AWiZwlky1ZVgAlZLoV4DgQ&utm_campaign=yelp_feed&utm_medium=feed_v2&utm_source=upenn,False,Loma Linda East Campus Hospital,False,27,2.5,2020-06-25T08:56:06,19095586000.0,http://lomalindahealth.org,https://www.yelp.com/biz/loma-linda-east-campus-hospital-loma-linda-2?adjust_creative=upenn&utm_campaign=yelp_feed&utm_medium=feed_v2&utm_source=upenn,25333 Barton Rd,Loma Linda,CA,US,92354,34.047544881905104,-117.250846792068,Hospitals,,,,,
4472272,6DNNj4uV4yGFHtIqLftnSA,tZL5l-1ppJG5B98hKR2R2Q,1,"don't come here for anything at the er, each and every person we saw was rude! we waited for 4 hours, waiting room after waiting room and we get seen for 2 minutes. 

this place is a joke, never bringing my family to this circus ever again. 

save your self the time, go to a urgent care and if you need to come here - bring earplugs, face mask and patience.",Duran P.,2020-02-01,https://www.yelp.com/biz/valley-childrens-hospital-madera-3?adjust_creative=upenn&hrid=tZL5l-1ppJG5B98hKR2R2Q&utm_campaign=yelp_feed&utm_medium=feed_v2&utm_source=upenn,False,Valley Children's Hospital,False,83,3.5,2020-05-16T14:35:56,15593533000.0,https://www.valleychildrens.org,https://www.yelp.com/biz/valley-childrens-hospital-madera-3?adjust_creative=upenn&utm_campaign=yelp_feed&utm_medium=feed_v2&utm_source=upenn,9300 Valley Childrens Pl,Madera,CA,US,93636,,,Hospitals,,,,,
4555272,mnAD9y0BgiKZ2XFCjGSL-g,EeFMdXOSpCwif_PGW-EvHg,1,"why 1? ( please read about the first corona infection below ) i checked in quickly around 11:15. the patient care associate didn't call me in until 2:00 pm. the poor rn was struggling to document her unfinished assessment when i whisked away to a different room and then the pa came in at past 3:00 pm.  she asked me a bunch of questions and her diagnosis was either i have cancer or severe infection.  she wrote a referral to see a specialist that will get me in the schedule in 2 weeks.  

did i mention this is an urgent care facility? i came here because most of my doctors are here. 

i gave my specimen and called the specialist myself and was seen that same day.  the specialist at sinai outpatient told me i may have a severe infection, i said this could be wrong.  

i went to nyu langone. the technologist who did my imaging said what i suspected.  in other words, no more mount sinai anything for me. ever. they are quick to dismiss without hearing my detailed systematic symptoms.  the egos are astonishing at sinai.

oh, furthermore, the first positive corvid 19 infection is from a physician traveling from iran with her husband who is also an er doctor. they were all whispering and said not to tell anything about it. figures. i blame dr. david l. reich for all this hush hush. he is no better than his predecessor. they do not care about the staff and in turn they do not care about the community.

i recently dropped all my mount sinai doctors. i switched to nyu langone doctors.",Erik D.,2020-03-03,https://www.yelp.com/biz/the-mount-sinai-hospital-new-york-10?adjust_creative=upenn&hrid=EeFMdXOSpCwif_PGW-EvHg&utm_campaign=yelp_feed&utm_medium=feed_v2&utm_source=upenn,False,The Mount Sinai Hospital,False,248,2.5,2020-06-24T14:01:49,12122416500.0,http://www.mountsinai.org/locations/mount-sinai,https://www.yelp.com/biz/the-mount-sinai-hospital-new-york-10?adjust_creative=upenn&utm_campaign=yelp_feed&utm_medium=feed_v2&utm_source=upenn,1468 Madison Avenue,New York,NY,US,10029,,,Hospitals,Doctors,,,,
4560082,YAWT3W-oK9fWTSGskmz7ow,ir_5FE9Py2lVITDesZvo5A,1,"i went to the optometrist close to 2 weeks ago, i ordered my glasses with in few days. when i went to select which ones i want it the optitician ashley arreola did not tell me to go and pay, she just told me when ready i will get a text to come and pick them up. so yesterday i called just to check the status and 2 of the receptionist were so rude to me that she said well, you have not pay. i told her i know. i did not know if you pay once you pick them up or before. there was a poor communication from the optitician in not letting me know pay before ordering so i would get my glasses sooner. so now i got to wait longer which it was her fault. my point is here make sure you guys asked before ordering glasses so it won't happened to you. also stay away from lety and julie avila both receptionist are rude and have attitude, they even hanged up the call when asked to be transferred and asked if the supervisor is there they will tell you she is not there sure!. i complain to their bosses which they never want  it to give his name. but is better to expose the poor customer service they gave me, so others will know what to encounter in the future if you go to this facility.",Mary S.,2020-01-30,https://www.yelp.com/biz/kaiser-permanente-baldwin-park-medical-center-baldwin-park?adjust_creative=upenn&hrid=ir_5FE9Py2lVITDesZvo5A&utm_campaign=yelp_feed&utm_medium=feed_v2&utm_source=upenn,False,Kaiser Permanente Baldwin Park Medical Center,False,478,2.5,2020-06-28T01:10:40,16268511011.0,http://kaiserpermanente.org,https://www.yelp.com/biz/kaiser-permanente-baldwin-park-medical-center-baldwin-park?adjust_creative=upenn&utm_campaign=yelp_feed&utm_medium=feed_v2&utm_source=upenn,1011 Baldwin Park Blvd,Baldwin Park,CA,US,91706.0,,,Hospitals,,,,,
4593856,F1wklB3KDpEkIxtQ73dFZg,ZhSfIxNTFREOgIqAE4HPWw,2,"we had a less than favorable experience a few days ago at the lcom er. the er was a mess and seemed no better than what i'd expect harbor general to be like. we have very little experience in an er setting so maybe my expectations are unrealistic.

for starters, the was place filthy. the sheet on the triage nurse's intake bed was dirty.  people, we're in the middle of the corona virus problem! that thing should be changed after every patient. just so you know, i went back the next day almost 24 hours later to get some paperwork and that same dirty sheet was still on there with the same identifiable dirty shoe marks and stains. at the time of admittance, i was happy my husband was even being seen so i didn't make a fuss. in hindsight, i should have said something. 

most important however, was the lack of care he received by the attending physician dr. lu. he was impersonal and spoke very condescendingly to us. my husband was treated on a bed in the hallway the entire time hooked up to a heart a portable heart monitor!  here's a person with a heart condition and skyrocketing blood pressure, dizziness and whose been vomiting.  no blood work done, urine taken but not evaluated, and no fluids given.  and yes, i do feel entitled to decent care - i'm going to pay my bill! 

i think the main problem is too many people in our community use the er like a doctor's office with common ailments because they can't be turned away for lack of insurance or ability to pay. the staff are like robots with the barrage of problems that walk through the door. 

i'm sharing my experience because we are concerned at the level of healthcare available to us in our community during an emergency situation. is what we experienced an isolated event or is this the norm at our community er?",Lynne H.,2020-03-06,https://www.yelp.com/biz/providence-little-company-of-mary-medical-center-san-pedro-san-pedro-2?adjust_creative=upenn&hrid=ZhSfIxNTFREOgIqAE4HPWw&utm_campaign=yelp_feed&utm_medium=feed_v2&utm_source=upenn,False,Providence Little Company of Mary Medical Center San Pedro,False,100,3.0,2020-05-25T23:17:02,13108323311.0,http://providence.org/sanpedro,https://www.yelp.com/biz/providence-little-company-of-mary-medical-center-san-pedro-san-pedro-2?adjust_creative=upenn&utm_campaign=yelp_feed&utm_medium=feed_v2&utm_source=upenn,1300 W 7th St,San Pedro,CA,US,90732.0,,,Hospitals,Medical Centers,,,,
4689792,E859jPliGMRDMgpjWwaddw,-EbRhG68fpGsNqx0eOhqfQ,1,"came here to visit my brother in law and his girlfriend because they had just had their baby. we checked in at the entrance, got visitor passes, and were given the green light to go upstairs. we took some face masks because 1: we are in a hospital and 2: coronavirus is a concern and as long as it is one, i will take extra precautions when entering any health facility. 

went upstairs to the baby/mom unit and were looking for the room. then we were told we needed to also check in at the desk there. found a nurse, and told them who were looking for. the nurse gave such a ridiculous attitude - we gave her her name and she couldn't understand because i guess we were pronouncing it in spanish? she was irritated because she couldn't understand so asked a hispanic nurse to help. then proceeded to ask us who sent us up here and questioned us as to why we were wearing masks. the questions weren't the problem though, but the attitude was horrendous. she was condescending and seemed to be trying to find some reason to not let us in as she was stalling and not letting is go to the room (which was right next to us btw). when we told her why we had the masks, she laughed at us and accused us of lying and was trying to say we were sick and couldn't visit (which we were not - btw, they had people coming to visit who actually were sick coughing and sneezing). when we insisted we weren't sick and that we were already questioned downstairs, she proceeded to tell us that we still couldn't be there if we were wearing masks, regardless if we were sick or not. my brother-in-laws girlfriend ended up having to call and tell them that she could here us and to let us in. 

i have never experienced such bad manners and poor customer service from a nurse. uci - you need to re-evaluate them and re-train.

if you can avoid this hospital, please do. not to mention that parking is pretty much impossible.",Jessica E.,2020-01-28,https://www.yelp.com/biz/uci-medical-center-orange-2?adjust_creative=upenn&hrid=-EbRhG68fpGsNqx0eOhqfQ&utm_campaign=yelp_feed&utm_medium=feed_v2&utm_source=upenn,False,UCI Medical Center,False,422,2.5,2020-06-29T08:16:47,17144567890.0,http://www.ucirvinehealth.org,https://www.yelp.com/biz/uci-medical-center-orange-2?adjust_creative=upenn&utm_campaign=yelp_feed&utm_medium=feed_v2&utm_source=upenn,101 The City Drive South,Orange,CA,US,92868.0,,,Hospitals,Medical Centers,,,,
4689816,E859jPliGMRDMgpjWwaddw,NGzOTf5LgK5sOf-XBF5kBg,1,"nightmare experience going to uci er sunday, 2/23/20, with a dislocated shoulder.  dr matonis was the resident doctor.  they would not give me a mask saying i was not contagious. the box of masks was empty.  i got a real bad cold/cough at uci a month ago from the rn that was wearing a mask because he was sick with a cold.  i was sick that very night we left uci.  i had not gone anywhere else so knew i got it from that rn wearing the mask.   that is why i wanted a mask - to prevent getting sick again.  but, they would not give me one.  
i asked the doctor if she ever had put a shoulder back in the socket and was told she had done it many times and that every week someone comes in with a shoulder dislocated.  i soon found out she had no idea what to do and wondered if i was her first patient.  she had to ask the attending doctor how to put in lidocane. the attending doctor was instructing her.  when she was twisting my arm up and all around she kept asking the attending doctor if she was doing it right.  after 10 minutes of no luck and pain i told her i wanted an ortho doctor called in.   i told her an ortho doctor could do it.  i see on tv all the time where doctors put the shoulder back in the joint in a minute.  she refused to call out to the ortho doctor on-call and said they now have to try weights.  the tech tried to put weights around my elbow.  it caused a lot of elbow pain, so he then tried around my wrist.  extreme pain on my wrist.  i told him why don't you attach to my upper arm since that is closer to the dislocation.  he went out and  created the device to wrap around my upper arm and that worked.  that tech did a great job.  i wondered if they do this all the time how come no one knew how to relocate my shoulder and they would not call-out to an experienced doctor that would know what to do.  
the doctor also had another set of x-rays to see if after all her twisting it was now in the socket.  i told her it was not and that i did not want all the extra radiation when i knew it was still out.  she said radiation was low.   results showed shoulder was not in the socket.  i also told her those weights are not going to work and i want an ortho doctor.  she said we need to go in order and weights is the next step.   as the weights were hanging from my arm dr matonis told me to yell out when the shoulder goes back in the joint.  i told her i did not know it was out to begin with so how an i suppose to know when it goes back in.  she said i will know which is ridiculous because after they finally got my shoulder back in the joint the pain was still the same.  she kept telling me it would feel better.  it is now a week later and i still could not tell you if my shoulder is in the joint.  the pain in the middle of the upper arm is exactly the same.    
when the weights did not work she asked me if i wanted her to try again to force my arm in the joint.  i told her again i want an ortho doctor.  she said after weights the next step is to put me under in the trauma room.  i said what makes you think you can to it when i'm asleep, if you can't do it when i'm awake.  she said my arm will be easier to manipulate.  i again told her to try.  another male resident was pushing on the back of my shoulder as hard as he could.  his hard pushing would have hurt if he did that on any part of my body.  meanwhile, she was twisting my arm trying to get it in the socket.  the uci ladies (two) that would alternate sitting in the room across from my room (watching the patient in that room) kept turning their chairs around so they could watch.  they stared as if watching tv.  it was so rude! ! the doctors - resident, attending, rn, never thought to close my door a little so i could have privacy. 
after pushing/pulling, weights, pushing/pulling, she said we now should put you under. i again told her i want an ortho doctor and that an ortho doctor could have resolved this a long time ago.  she again told me she could do this. she said she was having such a hard time getting my shoulder back in because i waited so long to come in (i came in 5 hours after the fall).  this is a typical response from a woman that cannot get the job done and so blame their lack of expertise on the patient.  while waiting for a trauma room i asked the rn about getting an ortho doctor.  he said he did call-out.  dr matonis never told me that.  the trauma room was finally available.  it did not look to me like anyone was in any of the trauma rooms to begin with.  she told the tech to put a mask on me, but he told her is was not needed, since i had the nose tube. she then told others in the room that they will learn a lot when the ortho doctor comes.  after it was over the tech told me ortho, dr choi, was there and assisted.  dr matonis never told me anything.  never saw her after.  they wrapped  shoulder stabilizer around my bra under my clothes.  my belly showed. no one helped.  now x-rays show a possible fracture which did not show in 1st set.",Mary B.,2020-03-01,https://www.yelp.com/biz/uci-medical-center-orange-2?adjust_creative=upenn&hrid=NGzOTf5LgK5sOf-XBF5kBg&utm_campaign=yelp_feed&utm_medium=feed_v2&utm_source=upenn,False,UCI Medical Center,False,422,2.5,2020-06-29T08:16:47,17144567890.0,http://www.ucirvinehealth.org,https://www.yelp.com/biz/uci-medical-center-orange-2?adjust_creative=upenn&utm_campaign=yelp_feed&utm_medium=feed_v2&utm_source=upenn,101 The City Drive South,Orange,CA,US,92868.0,,,Hospitals,Medical Centers,,,,
4719779,1v6-I5eMmEQHlzsJSdQ3QQ,cxpan7WqKWIXR_b1Qfi3tw,5,"i had a magical view from the 15th floor.  i enjoyed my days here with my wife after her surgery. the nurses and doctors were so attentive. we were waited on hand and foot all the way to the ordering of food. food service was excellent, they always came and asked my wife what she like to order. they always made sure she had a meal. nursing staff was excellent. they never complained and answered all my wife questions. even when the button kept going off, they just came and reset it. security was very courteous because when i couldn't find my car she was willing to walk with me and point me the correct direction . i love mercy never stop doing what you guys do. you are great! shout out from 1518.",Joseph W.,2020-03-13,https://www.yelp.com/biz/mercy-hospital-baltimore?adjust_creative=upenn&hrid=cxpan7WqKWIXR_b1Qfi3tw&utm_campaign=yelp_feed&utm_medium=feed_v2&utm_source=upenn,False,Mercy Hospital,False,7,4.5,2020-06-06T14:56:44,14103329000.0,,https://www.yelp.com/biz/mercy-hospital-baltimore?adjust_creative=upenn&utm_campaign=yelp_feed&utm_medium=feed_v2&utm_source=upenn,345 St Paul Pl,Baltimore,MD,US,21202.0,,,Hospitals,,,,,
4751519,U1Kuoo9mI0LUSuQttaoZcw,qY7mTco8UBb9b8p16o19iQ,1,"i wish i could leave no stars. i was in labor and showed up to the outpatient door (with my husband and almost 4yr. old son) which is right by labor and delivery. the nurse came to the door and told me i had to walk around to the er and couldn't use that door. a security guard showed up with a wheelchair and took me three the door and took me to the er to be checked in i guess. taking a pregnant women in labor around a room full of sick people seems like the wrong thing to do. i was checked in and a nurse came to take me to labor and delivery and on the journey she said my 4yr old wouldn't be able to go into room with me. we hav e family in the area and don't trust anyone to watch our son. he's never been in daycare. we were told he couldn't go in because of the coronavirus that is going around. my husband and son stood outside and were told the charge nurse would be out to talk to them about the policy (not law) of labor and delivery as i was wheeled in. at this point i start crying my eyes out as they have me stand on the scale. they say their policy states you have to be at least 13 to be in the room and didn't say anything about the coronavirus excuse the other nurse said. the charge nurses then gets in the phone and calls security and says there is a hostile father outside of labor and delivery. i said he's not hostile at all he just wants to see his daughter be born. i then walk out of labor and delivery back to my husband and son. 3 security guards walk up to my husband who is leaning against the wall 6feet from the door as calm as can be for the events unfolding. one security guard was way to close to my husband and my husband says i'm not hostile and i haven't moved from this spot towards those door once. they then all said ""oh"" and stepped back. what did that charge nurse that never came to the door to see the situation say to the security staff? while my contractions are getting closer i begging to get them to let my husband and son back so i dont have to do this alone surrounded by strangers. they say it's the policy they can't do anything about it. its their policy they can change it if they want it's not a law. my husband said just be human our son is very well behaved and had brand new things in packages to keep himself entertained in the corner. one security guard felt so bad because staff kept coming up changing reasons why i was going to have to do this alone and knew the situation wasn't right and the hospital was full of assholes! i then waited for the director of the hospital to come talk to me. this kid they sent down was very condescending when he was speaking to me and when i used his own words against him he turned red and felt stupid. he said the only thing he could do was call someone else and see if they can make an exception. by now my contractions are 1min apart as i'm sitting in the waiting room. i said ""so i have to have my baby in this waiting room or in the street in order for my husband to be able to witness the birth of his daughter? "" they said that's not what they are saying at all... that's exactly what they are saying without saying it. i ended up not being able to take the pain so hugged my husband and son and went back into labor and delivery where i saw the director of the hospital and the charge nurse just standing there. he immediately picked up the phone to look like he was doing something and the snooty charge nurse told me to go back out and wait in the waiting room. i said ""no i'm having this baby."" and walk into the room that was previously assigned to me. i put on the gown and 17mins. our daughter was born. it's complete carp that my husband and son couldn't be by my side. i had to give birth in a room full of strangers with no support. the experience was wrong and they ruined the memory for my family forever. i don't even have one picture in labor and delivery right after she was born. i was then moved to post partum and i was told since i had her so late visiting hours were over and my husband had to wait until the following day to meet his daughter. i was also told visiting hours were 11am -8pm but if my husband was going to have my son with him he had to wait until sibling hours at 4pm-6pm to visit. they can't break policy. so again i was upset and crying feeling very alone like a prisoner after what was supposed to be an amazing experience. the next day came and they wouldn't let my husband in until sibling hours. my husband and son finally came walking into my room 20min before 4. they also said since i as being discharged at 10:45 they could stay until i was able to leave. funny how they can break their ""policies"" if they want. the charge nurse was so rude and never tried to talk to my husband as he was told she would. she never tried to do anything to help.their ""unbreakable policies"" are a joke and not right! this hospital is horrible and i would never recommend having your child here. most of the staff is rude and terriable (complete lemmings).",Katie H.,2020-01-31,https://www.yelp.com/biz/adventist-health-lodi-memorial-lodi-2?adjust_creative=upenn&hrid=qY7mTco8UBb9b8p16o19iQ&utm_campaign=yelp_feed&utm_medium=feed_v2&utm_source=upenn,False,Adventist Health Lodi Memorial,False,33,2.5,2020-03-15T20:39:13,12093343411.0,https://www.adventisthealth.org,https://www.yelp.com/biz/adventist-health-lodi-memorial-lodi-2?adjust_creative=upenn&utm_campaign=yelp_feed&utm_medium=feed_v2&utm_source=upenn,975 S Fairmont Ave,Lodi,CA,US,95240.0,,,Medical Centers,Emergency Rooms,Hospitals,,,
4760702,HRiFtQvwL9WzdYbmUh7TjA,tJjYl_D_XOYAZVSryufASg,1,"this is long but bare with me. this place stereotypes people with mental health history. this is strictly for their er doctors and er intake nurses (some). i have past heart problems which were corrected in high school. i was feeling close to the same way the first time i had my heart episode and went to the er in mid november. i went in for heart palpitations, shortness of breath, extreme lethargic about to pass out feeling, and weakness. when i was taken to the er by my boyfriend, because who wants to call an ambulance on their lunch break in their work parking garage and drawl that kind of attention to themselves, when i got there, the intake nurses literally did not fucking care i existed as a human. it took the nurses or security guards who help wheel people in and out to tell them to open the door and let me in. the er intake nurse didn't give rats a$$ that i couldn't breath well, didn't pay attention to my boyfriend who was literally handing her an emergency card i keep in my wallet of all my allergies and medical history. my boyfriend told them my symptoms, they didn't even think about hooking me up to a ekg until i was in the er exam room, which if i can remember correctly was about 15 to 20 minutes after i arrived. the nurses were ok that day and the nurse who put my iv in kept moving it because she couldn't get the blood out...ok we'll go somewhere else?! so much pain while feeling like i could pass out. 

next the doctor comes in. talks about my symptoms, some history, so on. the moment i mentioned i was on an anti depressant with past history of anxiety, it switched his questions. it went from asking about how i was feeling physically to asking me if i was stressed, or sad, or anxious...so on with the other related questions. look, doc, i know the difference between heart problems and an anxiety attack, this is not an anxiety attack. so instead of ordering more tests he gives me an anti anxiety med, and let's me chill out for an hour or so. of course a anxiety med like xanax is going to chill me out and slow down my heart and breathing. been on them before in high school and anyone who has a friend in their residency at a top tier hospital can tell you, ""yea that med is going to make your heart slow down and relax any symptoms."" never once consulted a on staff cardiologist or offering to wait to have one come down because of my past history. given my previous heart problem, if anyone remotely understands the heart knows that things can come back and not in the same way as before!!! after this i was discharged and told if i have any more symptoms to come back. 

the next day and a half i slept, no joke, 18 hours out of a 24 hour day. i could still feel heart beats skip, still had shortness of breath just doing small things like going up stairs or even getting up to go to the bathroom. i didn't want to eat or even talk. so after a day and a half of not feeling like a functioning person, i went back.

this time the intake nurses took me seriously, hooked me up to ekg right away, and got an iv in me right away. this doctor took me seriously and ordered a ct with contrast to check for blood clots and did a few blood pressure tests based on laying and standing. everything came back normal. the moment i knew she looked at the most recent visit, started the, ""are you sure you're not anxious,"" questions came out. in my head i'm thinking, ""are you flipping kidding me?! does no one take me seriously?!"" the one thing i will never forget the doctor saying to me is, "" if you are feeling bad and don't get answers the first time, you shouldn't come back to the er. go see the doctors we referred you to the first time."" i'm sorry what!????! i was literally doing what the discharge papers said. it's not my problem ( well kinda is if i die from not well examined heart issue) if you didn't exhaust all your resources to help or passed me along because you gave up. i started to cry. the only person who gave me hope was the nurse. she literally ask me, ""do you feel safe to go home?"" i flat out started crying, and said no. and told her i would never return here for any emergency. i told her i rather drive to a further hospital and die on the way, than come to this hospital again. she took that seriously and comforted me. i was discharged sent home waiting to see a cardiologist 2 weeks later. 

that cardiologist was pissed no one consulted a cardiologist on staff. i got an eco, heart monitor for a week, and a stress test, i have a problem with my sinus node and will need to have surgery. something that could have been solved and found in that moment if someone didn't profile me as a depressed anxious person!!! 

seriously, tell your doctors to stop stereotyping people with mental health problems. stop thinking that someone with a valid history of cardiac problems and a mental health past is just making it up and is just ""anxious.""",Danielle D.,2020-01-15,https://www.yelp.com/biz/reston-hospital-center-reston-2?adjust_creative=upenn&hrid=tJjYl_D_XOYAZVSryufASg&utm_campaign=yelp_feed&utm_medium=feed_v2&utm_source=upenn,False,Reston Hospital Center,False,152,3.0,2020-06-23T09:28:15,17036899000.0,http://www.restonhospital.com,https://www.yelp.com/biz/reston-hospital-center-reston-2?adjust_creative=upenn&utm_campaign=yelp_feed&utm_medium=feed_v2&utm_source=upenn,1850 Town Center Pkwy,Reston,VA,US,20190.0,,,Hospitals,,,,,
