,Topic_0,Topic_1,Topic_2,Topic_3,Topic_4,Topic_5,Topic_6,Topic_7,Topic_8,Topic_9,Topic_10,Topic_11,Topic_12,Topic_13,Topic_14,Topic_15,Topic_16,Topic_17,Topic_18,Topic_19
0,0.020833333333333332,0.01919934640522876,0.044526143790849675,0.02246732026143791,0.04779411764705882,0.07475490196078431,0.0298202614379085,0.020016339869281044,0.02165032679738562,0.17769607843137256,0.034722222222222224,0.03227124183006536,0.023284313725490197,0.01919934640522876,0.11968954248366014,0.03227124183006536,0.03390522875816993,0.0363562091503268,0.13766339869281047,0.051879084967320264
1,0.05305867665418227,0.04931335830212235,0.06554307116104868,0.04556803995006242,0.04556803995006242,0.05056179775280899,0.02933832709113608,0.05305867665418227,0.10923845193508115,0.054307116104868915,0.04556803995006242,0.03682896379525593,0.06304619225967541,0.03058676654182272,0.04931335830212235,0.041822721598002495,0.04431960049937578,0.060549313358302125,0.03058676654182272,0.041822721598002495
2,0.04140461215932914,0.04769392033542977,0.037211740041928724,0.11477987421383648,0.06865828092243187,0.026729559748427674,0.029874213836477988,0.04559748427672956,0.10953878406708595,0.0749475890985325,0.034067085953878404,0.0319706498951782,0.027777777777777776,0.025681341719077568,0.06132075471698113,0.04874213836477988,0.05083857442348008,0.06656184486373165,0.026729559748427674,0.029874213836477988
3,0.05158730158730159,0.038888888888888896,0.05634920634920636,0.061111111111111116,0.03571428571428572,0.03730158730158731,0.03571428571428572,0.05634920634920636,0.05317460317460318,0.042063492063492074,0.03730158730158731,0.045238095238095244,0.057936507936507946,0.042063492063492074,0.06269841269841271,0.0642857142857143,0.038888888888888896,0.0896825396825397,0.057936507936507946,0.03571428571428572
4,0.03497942386831276,0.059670781893004114,0.030864197530864196,0.08299039780521263,0.030864197530864196,0.03223593964334705,0.03497942386831276,0.07338820301783265,0.030864197530864196,0.03635116598079561,0.059670781893004114,0.030864197530864196,0.05555555555555555,0.0541838134430727,0.04869684499314129,0.05281207133058985,0.03635116598079561,0.144718792866941,0.030864197530864196,0.03909465020576132
5,0.031684027777777776,0.030815972222222224,0.07508680555555555,0.07855902777777778,0.05078125,0.026475694444444444,0.020399305555555556,0.0681423611111111,0.04383680555555555,0.07769097222222222,0.03515625,0.08637152777777778,0.048177083333333336,0.029079861111111112,0.061197916666666664,0.028211805555555556,0.04296875,0.10026041666666667,0.028211805555555556,0.03689236111111111
6,0.04565772669220946,0.03735632183908047,0.05140485312899107,0.09546615581098342,0.04501915708812261,0.0322477650063857,0.0980204342273308,0.05395913154533845,0.0322477650063857,0.08014048531289912,0.06289910600255429,0.04246487867177523,0.028416347381864628,0.10185185185185186,0.05140485312899107,0.01947637292464879,0.02777777777777778,0.04438058748403577,0.024584929757343554,0.0252234993614304
7,0.043035993740219096,0.038341158059467924,0.08215962441314556,0.047730829420970275,0.06338028169014086,0.03677621283255087,0.08215962441314556,0.04147104851330204,0.04147104851330204,0.06338028169014086,0.04147104851330204,0.05086071987480439,0.038341158059467924,0.05868544600938968,0.04147104851330204,0.03521126760563381,0.06025039123630674,0.039906103286384983,0.05712050078247262,0.03677621283255087
8,0.03160345974717233,0.036260811709913514,0.056220891550232875,0.08216899534264806,0.03759148369926814,0.04291417165668664,0.08483033932135729,0.05954757152361943,0.10345974717232204,0.10013306719893547,0.032934131736526956,0.02960745176314039,0.03692614770459082,0.05156353958749169,0.06220891550232868,0.0302727877578177,0.04823685961410513,0.02894211576846308,0.02894211576846308,0.015635395874916837
9,0.025503573749187786,0.02128005198180637,0.035899935022742045,0.10542560103963614,0.042722547108512025,0.0771604938271605,0.05409356725146199,0.02907732293697206,0.061890838206627684,0.03330084470435348,0.05474333983105913,0.016406757634827813,0.050194931773879146,0.06611435997400911,0.0573424301494477,0.043372319688109166,0.03979857050032489,0.07358674463937623,0.07488628979857051,0.03719948018193633
10,0.03535353535353536,0.04978354978354979,0.061327561327561335,0.04834054834054835,0.05411255411255412,0.041125541125541135,0.036796536796536806,0.04545454545454546,0.04978354978354979,0.0468975468975469,0.05555555555555556,0.04545454545454546,0.05266955266955268,0.04834054834054835,0.05555555555555556,0.06709956709956712,0.05411255411255412,0.07287157287157288,0.04545454545454546,0.03391053391053392
11,0.06442080378250592,0.028959810874704495,0.037234042553191495,0.0786052009456265,0.030141843971631208,0.06442080378250592,0.04787234042553192,0.03486997635933807,0.1046099290780142,0.028959810874704495,0.03250591016548464,0.03132387706855792,0.03486997635933807,0.06560283687943264,0.10106382978723405,0.05260047281323878,0.028959810874704495,0.04905437352245864,0.05496453900709221,0.028959810874704495
12,0.012529550827423165,0.03380614657210401,0.051773049645390055,0.09432624113475174,0.05082742316784868,0.03238770685579195,0.05271867612293143,0.03380614657210401,0.07163120567375886,0.09385342789598106,0.028132387706855784,0.03380614657210401,0.06832151300236405,0.03995271867612293,0.05508274231678486,0.03806146572104018,0.05130023640661937,0.06548463356973994,0.07115839243498817,0.021040189125295504
13,0.02665165165165165,0.019894894894894894,0.03190690690690691,0.07845345345345345,0.06343843843843844,0.04842342342342342,0.07244744744744745,0.031156156156156155,0.027402402402402402,0.0686936936936937,0.052177177177177174,0.024399399399399398,0.0259009009009009,0.0656906906906907,0.0762012012012012,0.04842342342342342,0.045420420420420424,0.10773273273273273,0.053678678678678676,0.03190690690690691
14,0.012366818873668188,0.01769406392694064,0.04433028919330289,0.04965753424657534,0.06640030441400305,0.07819634703196347,0.08276255707762557,0.07286910197869102,0.021118721461187213,0.054604261796042615,0.056126331811263315,0.02302130898021309,0.03215372907153729,0.059931506849315065,0.0869482496194825,0.029490106544901064,0.03139269406392694,0.11054033485540335,0.04965753424657534,0.02073820395738204
15,0.028196538246789495,0.015354550530429924,0.07453936348408709,0.08179787828029032,0.06393076493579004,0.06393076493579004,0.07174762702400891,0.05053042992741484,0.021496370742601894,0.05108877721943047,0.06225572305974315,0.01758793969849246,0.014237855946398656,0.032104969290898934,0.10580681183696257,0.0795644891122278,0.035455053042992735,0.06951423785594639,0.042155220547180336,0.018704634282523728
16,0.03727144866385373,0.03305203938115331,0.05977496483825598,0.035864978902953586,0.03164556962025317,0.03164556962025317,0.05977496483825598,0.07946554149085795,0.034458509142053444,0.04571026722925457,0.052742616033755275,0.058368495077355836,0.0710267229254571,0.03164556962025317,0.04992967651195499,0.09915611814345991,0.04008438818565401,0.06258790436005626,0.04289732770745429,0.04289732770745429
17,0.026515151515151516,0.020622895622895623,0.06355218855218855,0.03998316498316498,0.032407407407407406,0.07028619528619529,0.055134680134680134,0.032407407407407406,0.05345117845117845,0.07533670033670034,0.04671717171717172,0.023989898989898988,0.04419191919191919,0.06439393939393939,0.07533670033670034,0.05345117845117845,0.04335016835016835,0.10984848484848485,0.04503367003367004,0.023989898989898988
18,0.012934690415606446,0.03244274809160305,0.06424936386768448,0.09987277353689568,0.03880407124681934,0.026929601357082274,0.043044953350296865,0.050678541136556406,0.048982188295165395,0.05746395250212044,0.05025445292620865,0.026505513146734522,0.05364715860899067,0.06636980491942324,0.060432569974554706,0.06424936386768448,0.06509754028837998,0.03244274809160305,0.09139100932994063,0.014206955046649703
19,0.04032258064516129,0.04032258064516129,0.042114695340501794,0.042114695340501794,0.056451612903225805,0.042114695340501794,0.04032258064516129,0.04032258064516129,0.04032258064516129,0.05465949820788531,0.04032258064516129,0.07258064516129033,0.04032258064516129,0.07258064516129033,0.04032258064516129,0.0492831541218638,0.08691756272401434,0.05465949820788531,0.06362007168458782,0.04032258064516129
20,0.03048780487804878,0.03048780487804878,0.03861788617886179,0.054878048780487805,0.034552845528455285,0.06707317073170732,0.048102981029810296,0.041327913279132794,0.06029810298102981,0.09688346883468835,0.04539295392953929,0.03319783197831978,0.03726287262872629,0.03861788617886179,0.061653116531165314,0.061653116531165314,0.04403794037940379,0.06300813008130081,0.07249322493224933,0.03997289972899729
21,0.025676937441643323,0.0611577964519141,0.06582633053221289,0.0676937441643324,0.0350140056022409,0.03127917833800187,0.0611577964519141,0.04341736694677871,0.04715219421101774,0.08169934640522876,0.03034547152194211,0.04061624649859944,0.02661064425770308,0.03221288515406162,0.06582633053221289,0.049019607843137254,0.07703081232492998,0.06209150326797386,0.06582633053221289,0.03034547152194211
22,0.03294001966568338,0.039823008849557515,0.026057030481809237,0.0703048180924287,0.039823008849557515,0.05653883972468042,0.039823008849557515,0.05653883972468042,0.026057030481809237,0.12045231071779741,0.060471976401179926,0.05063913470993116,0.02409046214355948,0.04768928220255653,0.042772861356932146,0.03588987217305801,0.03687315634218288,0.12045231071779741,0.04768928220255653,0.02507374631268436
23,0.020224171539961016,0.02997076023391813,0.0689571150097466,0.11476608187134504,0.054824561403508776,0.05579922027290449,0.06213450292397661,0.03192007797270956,0.04264132553606238,0.12158869395711502,0.05628654970760234,0.02997076023391813,0.014376218323586746,0.07724171539961015,0.054824561403508776,0.03533138401559455,0.028021442495126708,0.05092592592592593,0.030458089668615986,0.01973684210526316
24,0.03435672514619882,0.037280701754385956,0.05336257309941519,0.04605263157894736,0.032894736842105254,0.05190058479532162,0.08114035087719297,0.05336257309941519,0.05774853801169589,0.04605263157894736,0.03581871345029239,0.09137426900584794,0.032894736842105254,0.032894736842105254,0.0665204678362573,0.032894736842105254,0.032894736842105254,0.06505847953216373,0.06944444444444443,0.04605263157894736
25,0.04882154882154882,0.03198653198653199,0.06228956228956229,0.030864197530864196,0.03647586980920314,0.058922558922558925,0.04657687991021325,0.07014590347923681,0.03198653198653199,0.06228956228956229,0.044332210998877665,0.03198653198653199,0.044332210998877665,0.0611672278338945,0.0723905723905724,0.04882154882154882,0.07575757575757576,0.058922558922558925,0.05555555555555555,0.026374859708193043
26,0.01791135397692775,0.014875531268973893,0.04705525197328476,0.05859137826350941,0.05555555555555555,0.07923497267759563,0.031876138433515486,0.03126897389192471,0.06405585913782635,0.06709168184578021,0.06284153005464481,0.03491196114146934,0.022768670309653915,0.07316332726168792,0.0482695810564663,0.07741347905282331,0.040983606557377046,0.07802064359441409,0.07741347905282331,0.016697024893746207
27,0.03634085213032582,0.029657477025898084,0.06307435254803677,0.08145363408521304,0.07142857142857144,0.06558061821219717,0.03132832080200502,0.034670008354218886,0.053049289891395165,0.07560568086883877,0.0497076023391813,0.027151211361737683,0.03550543024227235,0.0547201336675021,0.053049289891395165,0.029657477025898084,0.048036758563074364,0.07059314954051797,0.06641604010025064,0.022974101921470345
28,0.031481481481481485,0.05617283950617285,0.04876543209876544,0.07345679012345681,0.030246913580246917,0.031481481481481485,0.0462962962962963,0.04012345679012346,0.038888888888888896,0.1314814814814815,0.04012345679012346,0.030246913580246917,0.045061728395061736,0.057407407407407414,0.061111111111111116,0.030246913580246917,0.045061728395061736,0.06234567901234569,0.06604938271604939,0.03395061728395062
29,0.050458715596330285,0.05351681957186545,0.06472986748216107,0.037206931702344556,0.031090723751274214,0.06574923547400613,0.05657492354740062,0.04332313965341489,0.05453618756371051,0.04128440366972478,0.0616717635066259,0.04332313965341489,0.05249745158002039,0.03822629969418961,0.0688073394495413,0.028032619775739044,0.04230377166156983,0.0688073394495413,0.06472986748216107,0.03312945973496433
30,0.036163522012578615,0.08752620545073375,0.037211740041928724,0.04559748427672956,0.06551362683438156,0.05188679245283019,0.04245283018867924,0.03825995807127883,0.046645702306079666,0.053983228511530396,0.0330188679245283,0.044549266247379454,0.06761006289308176,0.07809224318658281,0.06865828092243187,0.05607966457023061,0.046645702306079666,0.04979035639412998,0.026729559748427674,0.02358490566037736
31,0.02777777777777778,0.04234972677595629,0.04417122040072861,0.0906193078324226,0.021402550091074685,0.0632969034608379,0.03506375227686704,0.029599271402550094,0.04690346083788707,0.08060109289617488,0.043260473588342445,0.056921675774134796,0.04872495446265939,0.035974499089253195,0.09153005464480876,0.0505464480874317,0.05145719489981786,0.07149362477231332,0.03506375227686704,0.03324225865209472
32,0.03265107212475634,0.024853801169590645,0.024853801169590645,0.08528265107212477,0.04532163742690059,0.048245614035087724,0.05214424951267057,0.07846003898635479,0.030701754385964914,0.08333333333333334,0.06968810916179338,0.023879142300194934,0.04727095516569201,0.023879142300194934,0.05701754385964913,0.023879142300194934,0.03460038986354776,0.10867446393762184,0.07553606237816765,0.029727095516569203
33,0.03787878787878789,0.042929292929292935,0.03787878787878789,0.05303030303030304,0.03787878787878789,0.06313131313131315,0.05303030303030304,0.03956228956228957,0.051346801346801356,0.05808080808080809,0.06649831649831651,0.05303030303030304,0.03956228956228957,0.03787878787878789,0.051346801346801356,0.08164983164983167,0.05303030303030304,0.06144781144781145,0.03956228956228957,0.04124579124579125
34,0.028409090909090915,0.03977272727272728,0.0662878787878788,0.09659090909090912,0.05113636363636365,0.08143939393939395,0.0321969696969697,0.04229797979797981,0.09154040404040406,0.07765151515151517,0.02967171717171718,0.04229797979797981,0.02967171717171718,0.03345959595959597,0.053661616161616174,0.0321969696969697,0.06250000000000001,0.03977272727272728,0.035984848484848495,0.03345959595959597
35,0.02438049560351719,0.02198241406874501,0.035571542765787376,0.07633892885691448,0.03796962430055956,0.16666666666666669,0.03397282174260592,0.0363709032773781,0.03477218225419665,0.033173461231015194,0.03157474020783374,0.03477218225419665,0.02438049560351719,0.02677857713828937,0.11390887290167867,0.033173461231015194,0.0915267785771383,0.08353317346123103,0.04116706634692247,0.01798561151079137
36,0.04059829059829061,0.033475783475783484,0.04344729344729346,0.0462962962962963,0.03917378917378918,0.036324786324786335,0.033475783475783484,0.033475783475783484,0.08475783475783477,0.05484330484330485,0.032051282051282055,0.03917378917378918,0.034900284900284906,0.0747863247863248,0.08903133903133904,0.09615384615384617,0.05056980056980058,0.03917378917378918,0.037749287749287756,0.060541310541310546
37,0.047945205479452066,0.058599695585996966,0.03424657534246576,0.054033485540334866,0.11491628614916288,0.050989345509893466,0.06925418569254187,0.04033485540334856,0.054033485540334866,0.04185692541856926,0.06012176560121767,0.03576864535768646,0.04490106544901066,0.03424657534246576,0.03729071537290716,0.04185692541856926,0.03729071537290716,0.06164383561643837,0.03881278538812786,0.04185692541856926
38,0.03725490196078432,0.029411764705882356,0.05686274509803922,0.054248366013071904,0.03594771241830066,0.034640522875817,0.05163398692810458,0.030718954248366015,0.034640522875817,0.10784313725490198,0.04640522875816994,0.05686274509803922,0.0843137254901961,0.04248366013071896,0.04640522875816994,0.04509803921568628,0.0411764705882353,0.09215686274509806,0.03725490196078432,0.034640522875817
39,0.03459119496855346,0.04227812718378756,0.06044723969252271,0.0506638714185884,0.02061495457721873,0.08979734451432565,0.04996505939902166,0.0506638714185884,0.03668763102725367,0.06533892382948987,0.02830188679245283,0.02620545073375262,0.04437456324248777,0.0737246680642907,0.03668763102725367,0.049266247379454925,0.03039832285115304,0.13032844164919635,0.05695317959468903,0.022711390635918937
40,0.033018867924528295,0.030922431865828087,0.042452830188679236,0.08438155136268342,0.026729559748427667,0.024633123689727456,0.04559748427672955,0.07494758909853248,0.11477987421383645,0.05188679245283018,0.03616352201257861,0.03825995807127882,0.043501048218029345,0.06865828092243186,0.05188679245283018,0.02987421383647798,0.06341719077568132,0.06551362683438154,0.042452830188679236,0.030922431865828087
41,0.010119785212722016,0.045229244114002476,0.07662123089632383,0.1439487814952499,0.05349029326724494,0.04812061131763734,0.03572903758777365,0.043163981825691866,0.06836018174308137,0.046468401486988845,0.04853366377529946,0.012185047501032631,0.027881040892193308,0.07455596860801322,0.05472945064023131,0.04151177199504337,0.059686080132176786,0.04151177199504337,0.052251135894258574,0.01590251961999174
42,0.029513888888888888,0.06770833333333333,0.050347222222222224,0.11053240740740741,0.029513888888888888,0.04456018518518518,0.06539351851851852,0.07233796296296297,0.06076388888888889,0.03530092592592592,0.050347222222222224,0.03298611111111111,0.027199074074074073,0.06076388888888889,0.052662037037037035,0.03414351851851852,0.050347222222222224,0.03877314814814815,0.05960648148148148,0.027199074074074073
43,0.05305867665418228,0.040574282147315864,0.05805243445692885,0.06928838951310863,0.05305867665418228,0.08426966292134833,0.03932584269662922,0.040574282147315864,0.04556803995006243,0.07303370786516855,0.06179775280898877,0.0418227215980025,0.040574282147315864,0.04806491885143571,0.03807740324594258,0.04806491885143571,0.04556803995006243,0.030586766541822723,0.04806491885143571,0.040574282147315864
44,0.05441400304414003,0.023211567732115676,0.04147640791476408,0.04908675799086758,0.11757990867579908,0.05745814307458143,0.04147640791476408,0.03691019786910198,0.04147640791476408,0.023972602739726026,0.04375951293759513,0.022450532724505326,0.022450532724505326,0.08409436834094368,0.04375951293759513,0.05821917808219178,0.03843226788432268,0.11073059360730593,0.05213089802130898,0.03691019786910198
45,0.02513227513227513,0.02601410934744268,0.08509700176366843,0.07098765432098765,0.05864197530864197,0.06393298059964726,0.02072310405643739,0.07098765432098765,0.034832451499118164,0.14947089947089948,0.022486772486772486,0.03306878306878307,0.026895943562610228,0.021604938271604937,0.04805996472663139,0.03747795414462081,0.041005291005291,0.06393298059964726,0.05511463844797178,0.0445326278659612
46,0.03145917001338688,0.030120481927710843,0.05689424364123159,0.07028112449799197,0.05555555555555555,0.05421686746987952,0.04216867469879518,0.051539491298527446,0.03681392235609103,0.09170013386880857,0.06224899598393574,0.04216867469879518,0.039491298527443104,0.04484605087014726,0.051539491298527446,0.04618473895582329,0.04216867469879518,0.05555555555555555,0.06492637215528782,0.030120481927710843
47,0.037488708220415536,0.024841915085817526,0.056458897922312554,0.12691960252935863,0.044715447154471545,0.022131887985546522,0.04832881662149955,0.057362240289069555,0.08084914182475159,0.05374887082204156,0.04019873532068654,0.052845528455284556,0.026648599819331528,0.07542908762420958,0.052845528455284556,0.045618789521228546,0.06007226738934056,0.044715447154471545,0.028455284552845527,0.02032520325203252
48,0.041327913279132794,0.054878048780487805,0.041327913279132794,0.0508130081300813,0.05623306233062331,0.03861788617886179,0.06300813008130081,0.048102981029810296,0.0494579945799458,0.05894308943089431,0.042682926829268296,0.0521680216802168,0.034552845528455285,0.07113821138211382,0.046747967479674794,0.03319783197831978,0.04539295392953929,0.07655826558265583,0.04539295392953929,0.0494579945799458
49,0.026570048309178747,0.05169082125603865,0.05265700483091788,0.0816425120772947,0.04009661835748793,0.05748792270531402,0.03236714975845411,0.05652173913043479,0.045893719806763295,0.026570048309178747,0.06908212560386474,0.024637681159420294,0.05555555555555556,0.05845410628019324,0.039130434782608706,0.029468599033816427,0.05652173913043479,0.07971014492753624,0.08260869565217392,0.03333333333333334
50,0.027485380116959064,0.04035087719298246,0.07543859649122807,0.052046783625730994,0.048538011695906436,0.06257309941520468,0.05087719298245614,0.052046783625730994,0.03567251461988304,0.09181286549707603,0.046198830409356725,0.027485380116959064,0.04035087719298246,0.06257309941520468,0.03216374269005848,0.06608187134502924,0.04152046783625731,0.05789473684210526,0.046198830409356725,0.04269005847953217
51,0.028877887788778877,0.03382838283828383,0.06738173817381739,0.05638063806380638,0.07563256325632563,0.07508250825082509,0.05308030803080308,0.04647964796479648,0.06683168316831684,0.06958195819581958,0.04702970297029703,0.03382838283828383,0.02832783278327833,0.05308030803080308,0.040429042904290426,0.07618261826182618,0.04702970297029703,0.04867986798679868,0.03767876787678768,0.014576457645764576
52,0.026881720430107527,0.03046594982078853,0.04241338112305854,0.05555555555555555,0.026881720430107527,0.05316606929510155,0.03763440860215054,0.07586618876941457,0.06272401433691756,0.07467144563918758,0.03643966547192354,0.03882915173237754,0.026881720430107527,0.05675029868578255,0.08303464755077658,0.04121863799283154,0.05794504181600956,0.07825567502986858,0.061529271206690564,0.032855436081242535
53,0.03888888888888889,0.02606837606837607,0.03717948717948718,0.05854700854700855,0.02435897435897436,0.07222222222222222,0.051709401709401706,0.09188034188034189,0.04316239316239316,0.03888888888888889,0.02863247863247863,0.023504273504273504,0.03376068376068376,0.03803418803418803,0.07393162393162393,0.055982905982905985,0.07905982905982906,0.08247863247863248,0.08162393162393163,0.020085470085470087
54,0.0373134328358209,0.04394693200663351,0.04063018242122721,0.06384742951907132,0.05223880597014926,0.038971807628524056,0.07877280265339968,0.0373134328358209,0.06716417910447763,0.0373134328358209,0.05887230514096187,0.04228855721393036,0.0373134328358209,0.05223880597014926,0.0373134328358209,0.07545605306799338,0.07213930348258708,0.0373134328358209,0.04394693200663351,0.04560530679933666
55,0.019337016574585635,0.023634131368937997,0.040208717004297116,0.04634745242480049,0.04143646408839779,0.036525475751995086,0.06844689993861265,0.03222836095764273,0.04757519950890117,0.11755678330263966,0.03468385512584408,0.035297728667894414,0.04389195825659914,0.023634131368937997,0.0905463474524248,0.08440761203192143,0.027317372621240024,0.08502148557397177,0.06230816451810927,0.03959484346224678
56,0.01825951825951826,0.03146853146853147,0.038461538461538464,0.060217560217560216,0.05944055944055944,0.08663558663558664,0.03535353535353535,0.03224553224553225,0.025252525252525252,0.11616161616161616,0.047785547785547784,0.022144522144522144,0.04156954156954157,0.04700854700854701,0.058663558663558664,0.06099456099456099,0.04467754467754468,0.06099456099456099,0.07886557886557886,0.0337995337995338
57,0.026111111111111113,0.028333333333333332,0.025,0.042777777777777776,0.029444444444444443,0.14277777777777778,0.05722222222222222,0.06944444444444445,0.029444444444444443,0.059444444444444446,0.02722222222222222,0.04055555555555555,0.03944444444444444,0.030555555555555555,0.05277777777777778,0.03833333333333333,0.03833333333333333,0.12055555555555555,0.07277777777777777,0.029444444444444443
58,0.03449183780937336,0.029225908372827805,0.0339652448657188,0.10979462875197472,0.04555028962611901,0.04133754607688257,0.03817798841495524,0.04870984728804634,0.04028436018957346,0.05292259083728278,0.038704581358609796,0.02448657187993681,0.0666140073723012,0.09189046866771985,0.049236440231700894,0.02975250131648236,0.038704581358609796,0.08609794628751975,0.07556608741442865,0.02448657187993681
59,0.025252525252525252,0.0236985236985237,0.08352758352758352,0.08818958818958819,0.03613053613053613,0.047785547785547784,0.03535353535353535,0.0337995337995338,0.07109557109557109,0.10450660450660451,0.04312354312354312,0.019813519813519812,0.022144522144522144,0.06099456099456099,0.049339549339549336,0.05244755244755245,0.026029526029526028,0.10916860916860917,0.049339549339549336,0.01825951825951826
60,0.02688172043010753,0.03405017921146954,0.0997610513739546,0.048387096774193554,0.07586618876941459,0.029271206690561533,0.030465949820788533,0.030465949820788533,0.03405017921146954,0.11290322580645162,0.05316606929510156,0.02688172043010753,0.03285543608124254,0.050776583034647556,0.04599761051373955,0.04002389486260455,0.06033452807646357,0.07586618876941459,0.06391875746714458,0.02807646356033453
61,0.03378378378378378,0.04879879879879878,0.08783783783783783,0.09384384384384381,0.03378378378378378,0.047297297297297286,0.03978978978978978,0.03378378378378378,0.03378378378378378,0.036786786786786776,0.04579579579579579,0.03378378378378378,0.03378378378378378,0.0608108108108108,0.03528528528528528,0.05330330330330329,0.036786786786786776,0.07732732732732732,0.09834834834834832,0.03528528528528528
62,0.03756613756613757,0.03333333333333333,0.049206349206349205,0.05238095238095238,0.040740740740740744,0.03015873015873016,0.03333333333333333,0.05238095238095238,0.054497354497354496,0.09894179894179894,0.04708994708994709,0.054497354497354496,0.03756613756613757,0.08941798941798942,0.031216931216931216,0.043915343915343914,0.0671957671957672,0.08624338624338625,0.031216931216931216,0.0291005291005291
63,0.03153935185185186,0.017071759259259262,0.07320601851851853,0.06452546296296298,0.03559027777777778,0.03906250000000001,0.07957175925925927,0.03443287037037038,0.08015046296296298,0.11313657407407408,0.037326388888888895,0.04253472222222223,0.0228587962962963,0.08130787037037038,0.04427083333333334,0.05873842592592593,0.057581018518518524,0.029803240740740745,0.04079861111111112,0.01649305555555556
64,0.019781144781144785,0.020622895622895626,0.06944444444444446,0.06018518518518519,0.05345117845117846,0.047558922558922564,0.028198653198653202,0.06860269360269362,0.03998316498316499,0.0963804713804714,0.025673400673400678,0.03577441077441078,0.034090909090909095,0.09217171717171718,0.06691919191919193,0.06944444444444446,0.04924242424242425,0.05934343434343435,0.042508417508417516,0.020622895622895626
65,0.03571428571428572,0.03730158730158731,0.08650793650793652,0.07222222222222223,0.03730158730158731,0.04682539682539683,0.03730158730158731,0.05158730158730159,0.07857142857142858,0.06904761904761907,0.038888888888888896,0.04841269841269842,0.05000000000000001,0.042063492063492074,0.0642857142857143,0.03730158730158731,0.045238095238095244,0.05000000000000001,0.03571428571428572,0.03571428571428572
66,0.03205128205128205,0.03774928774928775,0.03205128205128205,0.057692307692307696,0.09757834757834757,0.03632478632478633,0.03205128205128205,0.04202279202279202,0.03632478632478633,0.08048433048433049,0.046296296296296294,0.03205128205128205,0.03347578347578348,0.0633903133903134,0.051994301994301995,0.0633903133903134,0.05626780626780627,0.06908831908831908,0.06766381766381767,0.03205128205128205
67,0.03310886644219977,0.026374859708193036,0.07800224466891133,0.0982042648709315,0.025252525252525245,0.0499438832772166,0.04882154882154881,0.0499438832772166,0.03310886644219977,0.1318742985409652,0.03759820426487093,0.025252525252525245,0.028619528619528614,0.034231200897867554,0.060044893378226695,0.027497194163860823,0.035353535353535345,0.1094276094276094,0.04208754208754208,0.025252525252525245
68,0.030487804878048773,0.030487804878048773,0.049457994579945784,0.038617886178861784,0.04268292682926829,0.08604336043360432,0.039972899728997285,0.038617886178861784,0.05487804878048779,0.11991869918699184,0.031842818428184275,0.04268292682926829,0.05216802168021679,0.04132791327913279,0.03590785907859078,0.08062330623306231,0.039972899728997285,0.07520325203252032,0.030487804878048773,0.038617886178861784
69,0.02604166666666667,0.04803240740740741,0.08159722222222224,0.04108796296296297,0.05960648148148149,0.04803240740740741,0.02604166666666667,0.049189814814814825,0.02951388888888889,0.07465277777777779,0.053819444444444454,0.07349537037037038,0.034143518518518524,0.05034722222222223,0.03645833333333334,0.060763888888888895,0.027199074074074077,0.07118055555555557,0.04340277777777778,0.06539351851851853
70,0.02156432748538012,0.045687134502923984,0.05957602339181288,0.054459064327485394,0.031798245614035096,0.06980994152046785,0.024488304093567257,0.03910818713450293,0.026681286549707608,0.06469298245614037,0.056652046783625745,0.05957602339181288,0.03106725146198831,0.09612573099415207,0.058845029239766096,0.08077485380116961,0.054459064327485394,0.04934210526315791,0.025950292397660824,0.04934210526315791
71,0.03521126760563381,0.03521126760563381,0.04147104851330204,0.08215962441314556,0.047730829420970275,0.0915492957746479,0.04929577464788733,0.06494522691705791,0.03521126760563381,0.07902973395931144,0.043035993740219096,0.044600938967136156,0.03521126760563381,0.05399061032863851,0.03521126760563381,0.06494522691705791,0.04147104851330204,0.03677621283255087,0.047730829420970275,0.03521126760563381
72,0.0302579365079365,0.03224206349206349,0.028273809523809517,0.06200396825396824,0.03521825396825396,0.06894841269841269,0.05208333333333332,0.03819444444444444,0.06200396825396824,0.054067460317460306,0.028273809523809517,0.05208333333333332,0.054067460317460306,0.055059523809523794,0.03621031746031746,0.06299603174603173,0.06398809523809522,0.07986111111111109,0.07192460317460315,0.03224206349206349
73,0.015584891822515585,0.02621928859552622,0.022552255225522552,0.05115511551155116,0.1167950128346168,0.03502016868353502,0.09295929592959296,0.03171983865053172,0.06545654565456546,0.052255225522552254,0.06435643564356436,0.018885221855518886,0.057755775577557754,0.04528786211954529,0.07389072240557389,0.040887422075540886,0.03685368536853685,0.07315731573157316,0.06362302896956362,0.015584891822515585
74,0.03001277139208173,0.058109833971902926,0.07088122605363983,0.07726692209450829,0.02873563218390804,0.04406130268199233,0.035121328224776496,0.09770114942528733,0.056832694763729236,0.07215836526181352,0.036398467432950186,0.04022988505747126,0.058109833971902926,0.03128991060025542,0.05300127713920816,0.04150702426564495,0.04916985951468709,0.046615581098339715,0.04022988505747126,0.03256704980842911
75,0.02046783625730994,0.046365914786967416,0.027151211361737676,0.06808688387635756,0.04803675856307435,0.04803675856307435,0.06307435254803676,0.029657477025898077,0.03216374269005848,0.1073517126148705,0.03634085213032581,0.027151211361737676,0.041353383458646614,0.04302422723475355,0.09649122807017543,0.05555555555555555,0.032999164578111945,0.09899749373433583,0.05388471177944862,0.023809523809523808
76,0.04642313546423135,0.03729071537290715,0.05251141552511415,0.07077625570776255,0.06468797564687975,0.04642313546423135,0.04642313546423135,0.05098934550989345,0.03424657534246575,0.07838660578386605,0.03424657534246575,0.04337899543378995,0.03424657534246575,0.05859969558599695,0.03424657534246575,0.07686453576864535,0.04185692541856925,0.05707762557077625,0.05707762557077625,0.03424657534246575
77,0.03195937873357229,0.025985663082437282,0.06362007168458783,0.05465949820788532,0.050477897252090814,0.09647550776583037,0.0427120669056153,0.03315412186379929,0.028375149342891284,0.07019115890083634,0.0427120669056153,0.026583034647550782,0.0462962962962963,0.06839904420549583,0.021206690561529275,0.03494623655913979,0.04928315412186381,0.1233572281959379,0.07317801672640384,0.01642771804062127
78,0.04549808429118774,0.031130268199233715,0.027298850574712645,0.07231800766283525,0.031130268199233715,0.07040229885057471,0.07136015325670499,0.07614942528735633,0.02921455938697318,0.0617816091954023,0.03017241379310345,0.025383141762452106,0.04549808429118774,0.035919540229885055,0.04837164750957854,0.02921455938697318,0.05795019157088123,0.1010536398467433,0.036877394636015325,0.07327586206896551
79,0.02612612612612613,0.02492492492492493,0.057357357357357364,0.04294294294294295,0.03693693693693694,0.06156156156156157,0.04174174174174175,0.04954954954954956,0.06576576576576577,0.10660660660660662,0.0783783783783784,0.018918918918918923,0.02672672672672673,0.06576576576576577,0.07177177177177178,0.03933933933933935,0.03813813813813814,0.07177177177177178,0.04894894894894895,0.02672672672672673
80,0.029956427015250548,0.0266884531590414,0.043028322440087155,0.11056644880174293,0.06045751633986929,0.05610021786492375,0.037581699346405234,0.059368191721132904,0.052832244008714606,0.0462962962962963,0.025599128540305015,0.03649237472766885,0.07026143790849675,0.05610021786492375,0.05065359477124184,0.03431372549019609,0.05827886710239652,0.052832244008714606,0.0669934640522876,0.025599128540305015
81,0.040023894862604534,0.07586618876941456,0.06511350059737155,0.041218637992831535,0.040023894862604534,0.02807646356033452,0.041218637992831535,0.043608124253285536,0.08183990442054957,0.07467144563918757,0.03166069295101553,0.04838709677419353,0.043608124253285536,0.05316606929510154,0.03285543608124253,0.06272401433691754,0.03882915173237753,0.08542413381123057,0.04480286738351254,0.02688172043010752
82,0.04372427983539095,0.028292181069958847,0.05401234567901234,0.07253086419753087,0.028292181069958847,0.06430041152263374,0.041666666666666664,0.038580246913580245,0.03446502057613169,0.09619341563786009,0.025205761316872428,0.06944444444444445,0.05606995884773663,0.030349794238683128,0.08384773662551441,0.041666666666666664,0.042695473251028807,0.09002057613168725,0.03343621399176955,0.025205761316872428
83,0.020951035781544256,0.026129943502824857,0.11322975517890772,0.057203389830508475,0.036016949152542374,0.10569679849340867,0.040725047080979286,0.04449152542372881,0.025659133709981168,0.05343691148775895,0.05296610169491525,0.05626177024482109,0.023305084745762712,0.04260828625235405,0.06049905838041431,0.05532015065913371,0.028954802259887006,0.10240112994350282,0.03648775894538606,0.01765536723163842
84,0.034615384615384624,0.04316239316239317,0.04658119658119659,0.06282051282051283,0.04743589743589744,0.0653846153846154,0.07820512820512822,0.059401709401709406,0.038888888888888896,0.07393162393162395,0.061965811965811975,0.05427350427350428,0.026923076923076928,0.04145299145299146,0.059401709401709406,0.02777777777777778,0.04230769230769232,0.06880341880341882,0.03803418803418804,0.028632478632478635
85,0.038656527249683145,0.028517110266159697,0.046261089987325726,0.10329531051964512,0.08428390367553866,0.06442754541613857,0.0492184199408534,0.05302070130967469,0.04668356569497254,0.0817490494296578,0.03400929446556823,0.013730460498521335,0.025559780312632025,0.05175327418673426,0.06485002112378538,0.044148711449091674,0.05935783692437685,0.07667934093789606,0.01964512040557668,0.014152936206168145
86,0.029198966408268735,0.026098191214470285,0.033850129198966405,0.08449612403100776,0.02764857881136951,0.023514211886304908,0.043152454780361754,0.11395348837209303,0.04263565891472868,0.09534883720930233,0.06020671834625323,0.04987080103359173,0.023514211886304908,0.047286821705426356,0.06330749354005168,0.04521963824289406,0.040568475452196384,0.056589147286821705,0.07157622739018088,0.021963824289405683
87,0.02777777777777777,0.03953771289537712,0.04845904298459042,0.038321167883211674,0.02696674776966747,0.06630170316301702,0.07157339821573397,0.03467153284671532,0.03183292781832927,0.05251419302514192,0.04805352798053526,0.03304947283049472,0.06711273317112731,0.04562043795620437,0.05210867802108677,0.053730738037307366,0.04075425790754257,0.12469586374695861,0.07197891321978912,0.02493917274939172
88,0.026688453159041396,0.0659041394335512,0.029956427015250545,0.06045751633986928,0.05392156862745098,0.09640522875816994,0.039760348583877995,0.041938997821350764,0.04084967320261438,0.0724400871459695,0.06808278867102396,0.02559912854030501,0.026688453159041396,0.02559912854030501,0.06481481481481481,0.02886710239651416,0.02886710239651416,0.11056644880174292,0.05718954248366013,0.03540305010893246
89,0.022522522522522525,0.05255255255255256,0.05455455455455456,0.06256256256256258,0.058558558558558564,0.02852852852852853,0.04354354354354355,0.04254254254254255,0.05555555555555556,0.038538538538538544,0.044544544544544554,0.05255255255255256,0.024524524524524527,0.06356356356356357,0.06856856856856858,0.07057057057057059,0.030530530530530533,0.0975975975975976,0.06056056056056057,0.02752752752752753
90,0.04098360655737705,0.07923497267759565,0.07862780813600487,0.08287795992714027,0.06223436551305405,0.053734061930783256,0.03855494839101397,0.035519125683060114,0.05312689738919248,0.03187613843351549,0.02641165755919855,0.03309046751669703,0.03126897389192472,0.05616272009714634,0.06709168184578022,0.051912568306010945,0.057377049180327884,0.08773527625986643,0.017911353976927752,0.014268366727383124
91,0.052425665101721454,0.038341158059467924,0.06494522691705791,0.043035993740219096,0.04147104851330204,0.050860719874804394,0.039906103286384983,0.06651017214397498,0.060250391236306745,0.06338028169014086,0.038341158059467924,0.050860719874804394,0.043035993740219096,0.052425665101721454,0.053990610328638514,0.03521126760563381,0.055555555555555566,0.07120500782472615,0.043035993740219096,0.03521126760563381
92,0.008559919436052367,0.024001342732460556,0.05521987244041625,0.08241020476670023,0.08475998657267539,0.049513259483048,0.09013091641490432,0.022322927156764014,0.05119167505874454,0.08375293722725746,0.04212823094998321,0.01863041289023162,0.026686807653575024,0.10590802282645183,0.0807317891910037,0.047163477677072844,0.04649211144679423,0.02769385699899295,0.038435716683450825,0.01426653239342061
93,0.04494949494949495,0.026767676767676767,0.03484848484848485,0.09848484848484848,0.04696969696969697,0.047979797979797977,0.03484848484848485,0.04393939393939394,0.0994949494949495,0.0803030303030303,0.024747474747474747,0.0398989898989899,0.06414141414141414,0.05808080808080808,0.04595959595959596,0.04393939393939394,0.04595959595959596,0.03585858585858586,0.05202020202020202,0.03080808080808081
94,0.04423213021939137,0.04635527246992215,0.06900212314225053,0.09589525831564048,0.04635527246992215,0.07183297947629158,0.032908704883227176,0.041401273885350316,0.033616418966737435,0.05060155697098372,0.027954706298655343,0.05484784147204529,0.04777070063694268,0.07183297947629158,0.06121726822363765,0.024416135881104035,0.0343241330502477,0.06829440905874026,0.05909412597310686,0.018046709129511677
95,0.02298226565327542,0.009229098805646036,0.0617082880926529,0.08414766558089032,0.02804922186029677,0.04542164314151284,0.0345638798407528,0.06605139341295692,0.07365182772348895,0.10332971407889972,0.031306550850524785,0.03275425262395946,0.030944625407166117,0.09138617444806368,0.030944625407166117,0.044335866811436836,0.018277234889612737,0.1149113282663771,0.05664133188563154,0.019363011219688742
96,0.03017241379310345,0.03017241379310345,0.07136015325670499,0.06657088122605365,0.032088122605363985,0.04837164750957854,0.05028735632183908,0.05699233716475096,0.05220306513409962,0.04837164750957854,0.021551724137931036,0.034961685823754786,0.042624521072796934,0.1336206896551724,0.04741379310344827,0.0435823754789272,0.025383141762452106,0.07136015325670499,0.05316091954022988,0.03975095785440613
97,0.04320987654320988,0.03968253968253969,0.03968253968253969,0.09788359788359789,0.05555555555555556,0.03968253968253969,0.03968253968253969,0.04497354497354498,0.05555555555555556,0.05555555555555556,0.03968253968253969,0.041446208112874784,0.03968253968253969,0.08553791887125221,0.041446208112874784,0.05555555555555556,0.03968253968253969,0.03968253968253969,0.05555555555555556,0.05026455026455027
98,0.02353395061728395,0.03433641975308642,0.04359567901234568,0.06983024691358025,0.06674382716049383,0.045910493827160496,0.08912037037037036,0.03819444444444445,0.056712962962962965,0.07137345679012345,0.030478395061728395,0.03125,0.02507716049382716,0.07600308641975309,0.050540123456790126,0.0628858024691358,0.06520061728395062,0.056712962962962965,0.04513888888888889,0.017361111111111112
99,0.02450980392156863,0.02777777777777778,0.0735294117647059,0.07244008714596951,0.04084967320261439,0.06154684095860567,0.057189542483660136,0.05610021786492375,0.029956427015250548,0.10294117647058824,0.025599128540305015,0.02450980392156863,0.06154684095860567,0.03867102396514162,0.0462962962962963,0.04084967320261439,0.06045751633986929,0.037581699346405234,0.07679738562091505,0.04084967320261439
100,0.04312865497076023,0.035818713450292396,0.0577485380116959,0.05482456140350877,0.03289473684210526,0.08698830409356725,0.06067251461988304,0.041666666666666664,0.03728070175438596,0.05921052631578947,0.07675438596491228,0.03289473684210526,0.06505847953216375,0.0402046783625731,0.06652046783625731,0.0533625730994152,0.035818713450292396,0.046052631578947366,0.03289473684210526,0.0402046783625731
101,0.025793650793650792,0.02896825396825397,0.04642857142857143,0.07182539682539682,0.058333333333333334,0.06865079365079366,0.02976190476190476,0.02738095238095238,0.04563492063492063,0.0623015873015873,0.03293650793650794,0.023412698412698413,0.021825396825396824,0.0742063492063492,0.1003968253968254,0.06468253968253969,0.040873015873015874,0.059126984126984125,0.09325396825396826,0.024206349206349207
102,0.033333333333333326,0.0318007662835249,0.03946360153256704,0.04406130268199233,0.0478927203065134,0.06475095785440611,0.03486590038314175,0.04329501915708812,0.07624521072796933,0.04712643678160918,0.03793103448275861,0.02567049808429118,0.04022988505747126,0.06551724137931034,0.06781609195402298,0.04865900383141761,0.056321839080459755,0.07164750957854404,0.09386973180076626,0.029501915708812252
103,0.055147058823529396,0.018382352941176468,0.06576797385620914,0.0812908496732026,0.023284313725490193,0.05678104575163397,0.06985294117647058,0.06495098039215685,0.08047385620915032,0.06086601307189541,0.06985294117647058,0.02001633986928104,0.024918300653594766,0.021650326797385617,0.05596405228758169,0.03717320261437908,0.05106209150326796,0.062499999999999986,0.055147058823529396,0.024918300653594766
104,0.024271844660194167,0.048004314994606244,0.04045307443365695,0.03613807982740021,0.0512405609492988,0.07173678532901832,0.025350593311758353,0.035059331175836025,0.05447680690399136,0.10517799352750806,0.033980582524271837,0.02642934196332254,0.03829557713052858,0.037216828478964396,0.06957928802588996,0.04045307443365695,0.07065803667745414,0.09762675296655876,0.050161812297734615,0.04368932038834951
105,0.036805555555555564,0.04930555555555557,0.053472222222222233,0.07430555555555557,0.056250000000000015,0.04930555555555557,0.06736111111111112,0.053472222222222233,0.04097222222222223,0.05902777777777779,0.046527777777777786,0.046527777777777786,0.043750000000000004,0.03125000000000001,0.036805555555555564,0.047916666666666684,0.043750000000000004,0.043750000000000004,0.07847222222222223,0.04097222222222223
106,0.02455716586151369,0.042270531400966184,0.04146537842190016,0.05756843800322061,0.07045088566827697,0.05998389694041868,0.019726247987117553,0.05112721417069243,0.06239935587761675,0.10587761674718196,0.030193236714975844,0.018115942028985508,0.046296296296296294,0.042270531400966184,0.08172302737520129,0.038244766505636074,0.03663446054750403,0.09460547504025765,0.0430756843800322,0.03341384863123994
107,0.04929577464788733,0.04929577464788733,0.03521126760563381,0.06338028169014086,0.03521126760563381,0.11658841940532083,0.043035993740219096,0.039906103286384983,0.038341158059467924,0.044600938967136156,0.04929577464788733,0.03521126760563381,0.03521126760563381,0.05086071987480439,0.07902973395931144,0.05242566510172145,0.03521126760563381,0.06338028169014086,0.04929577464788733,0.03521126760563381
108,0.029012345679012345,0.04135802469135803,0.08703703703703704,0.07839506172839507,0.037654320987654324,0.046296296296296294,0.03518518518518519,0.07098765432098765,0.03888888888888889,0.04506172839506173,0.029012345679012345,0.05864197530864197,0.05123456790123457,0.043827160493827164,0.09567901234567901,0.04259259259259259,0.047530864197530866,0.06111111111111111,0.029012345679012345,0.03148148148148148
109,0.008480443059882313,0.026133610245759782,0.060747663551401876,0.10332294911734166,0.03236413984077536,0.08220837660089998,0.05070958809276567,0.04517133956386293,0.05313257182416062,0.06697819314641745,0.038594669435790936,0.009172724125995155,0.02994115610938041,0.06628591208030461,0.08601592246452061,0.04724818276220146,0.015403253721010732,0.07390100380754588,0.08740048459674629,0.016787815853236417
110,0.036149162861491634,0.037671232876712334,0.059741248097412485,0.11073059360730594,0.046042617960426184,0.049847792998477934,0.02777777777777778,0.10920852359208524,0.02777777777777778,0.045281582952815834,0.062024353120243535,0.03234398782343988,0.042237442922374434,0.07648401826484019,0.048325722983257234,0.044520547945205484,0.02701674277016743,0.054414003044140034,0.034627092846270933,0.02777777777777778
111,0.024795982423101066,0.0160075329566855,0.07062146892655367,0.06497175141242938,0.04362837413684871,0.11393596986817325,0.04048964218455744,0.06246076585059636,0.022912743251726302,0.060577526679221595,0.053044569993722535,0.04865034526051475,0.022912743251726302,0.020401757689893284,0.03232893910860012,0.043000627746390456,0.019146264908976772,0.15285624607658507,0.07187696170747018,0.015379786566227243
112,0.027439024390243903,0.021341463414634148,0.09993224932249323,0.06673441734417344,0.036246612466124664,0.07350948509485095,0.043021680216802166,0.043021680216802166,0.051829268292682924,0.10535230352303523,0.05860433604336043,0.023373983739837397,0.041666666666666664,0.04098915989159892,0.030826558265582657,0.046409214092140924,0.030149051490514906,0.0755420054200542,0.049796747967479675,0.03421409214092141
113,0.0253831417624521,0.03687739463601532,0.05316091954022987,0.061781609195402286,0.03687739463601532,0.03783524904214559,0.04166666666666666,0.07136015325670497,0.08860153256704979,0.10584291187739461,0.03687739463601532,0.024425287356321834,0.03208812260536398,0.08477011494252872,0.052203065134099606,0.04262452107279693,0.038793103448275856,0.056992337164750946,0.03208812260536398,0.039750957854406126
114,0.021057347670250894,0.03091397849462365,0.03897849462365591,0.04704301075268816,0.06586021505376342,0.06675627240143368,0.03897849462365591,0.0336021505376344,0.05421146953405016,0.07392473118279569,0.04345878136200716,0.026433691756272394,0.052419354838709666,0.1097670250896057,0.04614695340501791,0.029121863799283148,0.022849462365591395,0.07034050179211468,0.08915770609318995,0.03897849462365591
115,0.024669774669774675,0.013791763791763795,0.0440947940947941,0.08682983682983685,0.03787878787878789,0.054195804195804206,0.08177933177933179,0.06857031857031859,0.09226884226884229,0.055749805749805766,0.0203962703962704,0.016122766122766127,0.03438228438228439,0.06973581973581974,0.04215229215229216,0.06507381507381509,0.03943278943278944,0.08566433566433568,0.03787878787878789,0.02933177933177934
116,0.04098360655737704,0.04280510018214936,0.0646630236794171,0.04098360655737704,0.04098360655737704,0.04098360655737704,0.04280510018214936,0.057377049180327856,0.04280510018214936,0.04098360655737704,0.04098360655737704,0.04098360655737704,0.04098360655737704,0.07923497267759562,0.04098360655737704,0.0628415300546448,0.08287795992714024,0.04462659380692167,0.07012750455373405,0.04098360655737704
117,0.022435897435897436,0.03027065527065527,0.033831908831908834,0.13283475783475784,0.04237891737891738,0.033831908831908834,0.026709401709401708,0.04878917378917379,0.07585470085470085,0.1413817663817664,0.03668091168091168,0.03027065527065527,0.02955840455840456,0.04024216524216524,0.07799145299145299,0.0316951566951567,0.03739316239316239,0.047364672364672365,0.0495014245014245,0.030982905982905984
118,0.020226537216828478,0.03802588996763754,0.05528586839266451,0.08387270765911542,0.050970873786407765,0.052588996763754045,0.04611650485436893,0.04018338727076591,0.05960086299892125,0.10329018338727076,0.027238403451995685,0.03317152103559871,0.02669902912621359,0.06823085221143474,0.05690399137001079,0.052588996763754045,0.052049622437971954,0.06607335490830636,0.047195253505933114,0.019687162891046387
119,0.03125,0.03263888888888889,0.07430555555555556,0.06180555555555556,0.04513888888888889,0.05763888888888889,0.03680555555555556,0.04236111111111111,0.052083333333333336,0.07013888888888889,0.050694444444444445,0.034027777777777775,0.04375,0.034027777777777775,0.03680555555555556,0.059027777777777776,0.08958333333333333,0.05625,0.04513888888888889,0.04652777777777778
120,0.02162341982701264,0.03559547571523619,0.04091816367265469,0.06686626746506986,0.0688622754491018,0.0635395874916833,0.07751164337990685,0.05355954757152362,0.03359946773120426,0.07285429141716566,0.04491017964071856,0.022954091816367265,0.04025282767797738,0.03825681969394544,0.07684630738522955,0.028942115768463075,0.04557551563539587,0.09747172322022621,0.04357950765136394,0.026280771789753826
121,0.030120481927710847,0.042168674698795185,0.044846050870147265,0.05957161981258367,0.0461847389558233,0.030120481927710847,0.03681392235609104,0.05823293172690764,0.05957161981258367,0.08366800535475236,0.07161981258366802,0.030120481927710847,0.04082998661311915,0.09437751004016065,0.034136546184738964,0.032797858099062924,0.03145917001338689,0.06626506024096387,0.07697456492637217,0.030120481927710847
122,0.04279279279279279,0.0503003003003003,0.054804804804804805,0.05630630630630631,0.07582582582582582,0.0533033033033033,0.0533033033033033,0.048798798798798795,0.033783783783783786,0.03528528528528529,0.048798798798798795,0.044294294294294295,0.0533033033033033,0.0457957957957958,0.044294294294294295,0.0472972972972973,0.0472972972972973,0.08333333333333333,0.033783783783783786,0.0472972972972973
123,0.021367521367521368,0.021367521367521368,0.0365622032288699,0.051756885090218425,0.03941120607787275,0.03751187084520418,0.07359924026590693,0.05270655270655271,0.1362773029439696,0.10588793922127256,0.04795821462488129,0.04226020892687559,0.0641025641025641,0.0251661918328585,0.026115859449192782,0.03181386514719848,0.04795821462488129,0.08309591642924977,0.026115859449192782,0.028964862298195632
124,0.03354978354978355,0.0386002886002886,0.06096681096681097,0.11147186147186147,0.02922077922077922,0.0284992784992785,0.04004329004329004,0.04004329004329004,0.03643578643578643,0.09415584415584416,0.07106782106782107,0.016233766233766232,0.026334776334776336,0.048701298701298704,0.07539682539682539,0.04292929292929293,0.04004329004329004,0.07756132756132757,0.06240981240981241,0.026334776334776336
125,0.030120481927710847,0.03145917001338689,0.034136546184738964,0.06492637215528783,0.042168674698795185,0.052878179384203486,0.043507362784471225,0.0568942436412316,0.030120481927710847,0.07697456492637217,0.042168674698795185,0.07028112449799198,0.05957161981258367,0.04886211512717537,0.05555555555555556,0.030120481927710847,0.08232931726907632,0.07965194109772425,0.032797858099062924,0.035475234270415
126,0.04038905374216946,0.021266073194856575,0.06841411144081766,0.08951533135509396,0.06379821958456972,0.06116056709528518,0.06083086053412461,0.01632047477744807,0.02687108473458621,0.0911638641608968,0.044675239037256835,0.030168150346191882,0.028849324101549615,0.0690735245631388,0.045664358720738533,0.052588196505110436,0.06050115397296405,0.08687767886580941,0.03214638971315528,0.009726343554236728
127,0.023989898989898988,0.027356902356902357,0.056818181818181816,0.125,0.03156565656565657,0.08207070707070707,0.04335016835016835,0.040824915824915826,0.023989898989898988,0.04419191919191919,0.05597643097643098,0.021464646464646464,0.050084175084175085,0.023148148148148147,0.07617845117845118,0.07196969696969698,0.04335016835016835,0.07702020202020202,0.045875420875420875,0.03577441077441077
128,0.03810835629017447,0.025252525252525252,0.06932966023875115,0.04361799816345271,0.02066115702479339,0.06841138659320478,0.04361799816345271,0.09595959595959595,0.03535353535353535,0.08953168044077135,0.025252525252525252,0.03994490358126722,0.028925619834710745,0.10238751147842057,0.025252525252525252,0.04361799816345271,0.04269972451790634,0.08310376492194674,0.05831037649219467,0.02066115702479339
129,0.045781893004115226,0.025205761316872428,0.09104938271604938,0.06430041152263374,0.07664609053497942,0.042695473251028807,0.030349794238683128,0.03343621399176955,0.0684156378600823,0.10648148148148148,0.032407407407407406,0.04063786008230453,0.030349794238683128,0.0787037037037037,0.030349794238683128,0.04063786008230453,0.02726337448559671,0.05401234567901234,0.05606995884773663,0.025205761316872428
130,0.03932584269662921,0.04681647940074907,0.0780274656679151,0.07053682896379526,0.03433208489388265,0.04057428214731586,0.05056179775280899,0.0568039950062422,0.0568039950062422,0.07303370786516854,0.054307116104868915,0.03433208489388265,0.03058676654182272,0.03433208489388265,0.04307116104868914,0.04681647940074907,0.06304619225967541,0.06304619225967541,0.04931335830212235,0.03433208489388265
131,0.03917378917378918,0.05056980056980058,0.06481481481481483,0.07905982905982907,0.04487179487179488,0.06481481481481483,0.03917378917378918,0.04344729344729346,0.05484330484330485,0.08333333333333334,0.04202279202279203,0.04202279202279203,0.034900284900284906,0.07763532763532766,0.032051282051282055,0.034900284900284906,0.037749287749287756,0.03917378917378918,0.05056980056980058,0.04487179487179488
132,0.03346994535519126,0.022540983606557378,0.03574681238615665,0.11179417122040072,0.031193078324225864,0.031193078324225864,0.04121129326047359,0.0471311475409836,0.055327868852459015,0.08492714025500911,0.03210382513661202,0.03756830601092896,0.025728597449908925,0.08765938069216758,0.03847905282331512,0.0662568306010929,0.05122950819672131,0.11088342440801457,0.04348816029143898,0.012067395264116576
133,0.03300865800865801,0.025432900432900432,0.08603896103896104,0.10840548340548341,0.04383116883116883,0.06836219336219336,0.036255411255411256,0.0633116883116883,0.037337662337662336,0.07377344877344877,0.038419913419913417,0.0193001443001443,0.021464646464646464,0.04707792207792208,0.060786435786435784,0.02831890331890332,0.031204906204906204,0.12067099567099566,0.04599567099567099,0.011002886002886002
134,0.031684027777777776,0.025607638888888888,0.08116319444444445,0.047309027777777776,0.029079861111111112,0.07421875,0.06032986111111111,0.06293402777777778,0.03515625,0.08550347222222222,0.046440972222222224,0.030815972222222224,0.031684027777777776,0.03515625,0.07421875,0.06032986111111111,0.032552083333333336,0.06901041666666667,0.06640625,0.020399305555555556
135,0.04867256637168143,0.03785644051130777,0.03195673549655851,0.10963618485742382,0.03294001966568339,0.07620452310717798,0.033923303834808266,0.04572271386430679,0.03294001966568339,0.08505408062930188,0.049655850540806304,0.052605703048180935,0.030973451327433635,0.052605703048180935,0.03588987217305802,0.08210422812192725,0.04277286135693216,0.047689282202556554,0.041789577187807285,0.029006882989183882
136,0.05169753086419754,0.05015432098765433,0.04243827160493828,0.03935185185185186,0.04089506172839507,0.07330246913580249,0.03626543209876544,0.05632716049382717,0.03935185185185186,0.04243827160493828,0.05941358024691359,0.04706790123456791,0.06867283950617285,0.07638888888888891,0.03472222222222223,0.05478395061728396,0.03472222222222223,0.05632716049382717,0.05941358024691359,0.03626543209876544
137,0.0390625,0.05642361111111111,0.04774305555555555,0.042534722222222224,0.0546875,0.0390625,0.0390625,0.06163194444444445,0.04774305555555555,0.0859375,0.05295138888888889,0.0390625,0.0390625,0.0546875,0.07552083333333333,0.0390625,0.051215277777777776,0.0390625,0.05642361111111111,0.0390625
138,0.047157622739018086,0.05749354005167959,0.03811369509043928,0.04974160206718346,0.044573643410852716,0.06912144702842377,0.03294573643410853,0.060077519379844964,0.06782945736434108,0.09754521963824289,0.047157622739018086,0.03165374677002584,0.029069767441860465,0.05490956072351421,0.060077519379844964,0.040697674418604654,0.043281653746770024,0.05232558139534884,0.029069767441860465,0.047157622739018086
139,0.03243847874720358,0.03169276659209545,0.04660700969425802,0.11446681580909769,0.018269947800149143,0.018269947800149143,0.03169276659209545,0.04958985831469053,0.07494407158836688,0.04138702460850112,0.038404175988068605,0.0592841163310962,0.03616703952274422,0.04064131245339299,0.08016405667412378,0.0592841163310962,0.05779269202087994,0.06450410141685309,0.06599552572706935,0.038404175988068605
140,0.02631578947368421,0.025666016894087068,0.0594541910331384,0.0705003248862898,0.043859649122807015,0.05490578297595841,0.04645873944119558,0.09389213775178687,0.05295646523716699,0.09194282001299545,0.030214424951267055,0.030864197530864196,0.037361923326835605,0.028265107212475632,0.0594541910331384,0.06075373619233268,0.06465237166991553,0.0705003248862898,0.03281351526965562,0.01916829109811566
141,0.02873563218390804,0.04150702426564495,0.060664112388250306,0.060664112388250306,0.0632183908045977,0.08748403575989781,0.04150702426564495,0.04022988505747126,0.02873563218390804,0.1028097062579821,0.04150702426564495,0.02873563218390804,0.035121328224776496,0.04916985951468709,0.058109833971902926,0.04022988505747126,0.033844189016602806,0.07726692209450829,0.05172413793103447,0.02873563218390804
142,0.035590277777777776,0.012326388888888888,0.04045138888888889,0.0921875,0.041493055555555554,0.09253472222222223,0.058854166666666666,0.06579861111111111,0.024479166666666666,0.03420138888888889,0.0578125,0.041840277777777775,0.02309027777777778,0.0546875,0.04809027777777778,0.041493055555555554,0.06475694444444445,0.07795138888888889,0.08211805555555556,0.010243055555555556
143,0.023576097105508873,0.016106442577030814,0.05765639589169002,0.03291316526610645,0.08333333333333334,0.09687208216619983,0.05625583566760038,0.055788982259570505,0.028711484593837537,0.0753968253968254,0.02170868347338936,0.030578898225957052,0.039915966386554626,0.05298786181139123,0.04318394024276378,0.043650793650793655,0.045985060690943054,0.1374883286647993,0.04411764705882354,0.01377217553688142
144,0.03256172839506174,0.029475308641975312,0.032870370370370376,0.10416666666666669,0.04614197530864198,0.08256172839506175,0.048302469135802474,0.0807098765432099,0.019290123456790126,0.1109567901234568,0.05694444444444445,0.01064814814814815,0.03626543209876544,0.043672839506172845,0.08657407407407408,0.042129629629629635,0.03163580246913581,0.05200617283950618,0.04027777777777779,0.012808641975308644
145,0.044351073762838464,0.032212885154061614,0.07142857142857141,0.036881419234360405,0.0564892623716153,0.0695611577964519,0.04528478057889822,0.058356676003734814,0.0564892623716153,0.03968253968253967,0.06676003734827263,0.05275443510737627,0.032212885154061614,0.028478057889822588,0.05555555555555554,0.06395891690009335,0.03408029878618113,0.09383753501400557,0.025676937441643316,0.035947712418300644
146,0.0390625,0.0390625,0.0390625,0.059895833333333336,0.0546875,0.058159722222222224,0.06336805555555555,0.0546875,0.0685763888888889,0.04079861111111111,0.0390625,0.0390625,0.0546875,0.04079861111111111,0.0390625,0.11197916666666667,0.0390625,0.0390625,0.04079861111111111,0.0390625
147,0.012727272727272728,0.014343434343434344,0.07818181818181819,0.05393939393939394,0.025252525252525252,0.06888888888888889,0.06646464646464646,0.06,0.03777777777777778,0.10282828282828282,0.04707070707070707,0.014343434343434344,0.045858585858585856,0.04828282828282828,0.03616161616161616,0.07858585858585859,0.03939393939393939,0.10484848484848484,0.04464646464646465,0.020404040404040404
148,0.025510204081632647,0.030045351473922895,0.039115646258503396,0.10034013605442174,0.025510204081632647,0.030045351473922895,0.03344671201814058,0.05158730158730157,0.04138321995464852,0.10600907029478455,0.04478458049886621,0.026643990929705208,0.037981859410430835,0.04024943310657596,0.07539682539682538,0.05498866213151926,0.0776643990929705,0.10034013605442174,0.030045351473922895,0.028911564625850334
149,0.034502923976608195,0.04152046783625732,0.04853801169590644,0.07309941520467837,0.0368421052631579,0.08713450292397662,0.053216374269005856,0.0625730994152047,0.026315789473684213,0.04970760233918129,0.052046783625731,0.026315789473684213,0.03333333333333334,0.09181286549707604,0.07894736842105264,0.07426900584795323,0.027485380116959068,0.034502923976608195,0.03801169590643275,0.029824561403508774
150,0.03787878787878789,0.03956228956228957,0.07491582491582494,0.06818181818181819,0.03787878787878789,0.051346801346801356,0.05808080808080809,0.04797979797979798,0.06649831649831651,0.03787878787878789,0.04124579124579125,0.03787878787878789,0.04461279461279462,0.051346801346801356,0.04124579124579125,0.07323232323232325,0.03956228956228957,0.07491582491582494,0.03787878787878789,0.03787878787878789
151,0.01916666666666667,0.037500000000000006,0.05805555555555556,0.10638888888888891,0.044722222222222226,0.04694444444444445,0.07527777777777779,0.015277777777777779,0.03472222222222223,0.07916666666666668,0.05083333333333334,0.03527777777777778,0.03694444444444445,0.05750000000000001,0.0652777777777778,0.05527777777777779,0.022500000000000003,0.08583333333333334,0.05527777777777779,0.018055555555555557
152,0.03289473684210526,0.041666666666666664,0.07821637426900585,0.08114035087719298,0.03435672514619883,0.046052631578947366,0.046052631578947366,0.03435672514619883,0.03874269005847953,0.125,0.03289473684210526,0.03435672514619883,0.03289473684210526,0.06798245614035088,0.04312865497076023,0.03289473684210526,0.041666666666666664,0.04751461988304093,0.06067251461988304,0.04751461988304093
153,0.02306967984934087,0.024011299435028253,0.03813559322033899,0.09745762711864409,0.0645009416195857,0.03436911487758946,0.03813559322033899,0.042843691148775905,0.05508474576271187,0.06544256120527309,0.04943502824858758,0.05508474576271187,0.028719397363465165,0.08333333333333334,0.08521657250470811,0.04472693032015067,0.032485875706214695,0.05979284369114878,0.05508474576271187,0.02306967984934087
154,0.026406035665294918,0.019547325102880656,0.05384087791495198,0.07990397805212619,0.06550068587105623,0.05521262002743483,0.04903978052126199,0.031207133058984905,0.041495198902606306,0.07235939643347049,0.07441700960219477,0.020233196159122082,0.05178326474622769,0.05932784636488339,0.041495198902606306,0.05041152263374484,0.04218106995884773,0.0984224965706447,0.037379972565157744,0.02983539094650205
155,0.028874269005847955,0.02814327485380117,0.053728070175438604,0.08808479532163745,0.05884502923976609,0.04203216374269007,0.06103801169590644,0.07711988304093569,0.0405701754385965,0.05299707602339182,0.05665204678362574,0.030336257309941522,0.022295321637426903,0.0632309941520468,0.07273391812865498,0.05299707602339182,0.04641812865497077,0.06907894736842107,0.03472222222222223,0.020102339181286552
156,0.013098464317976517,0.014604034929238185,0.07422463113520025,0.09289370671484494,0.0940981632038543,0.07151460403492925,0.04351099066546222,0.046823246010237886,0.05073772959951823,0.0781391147244806,0.04351099066546222,0.01580849141824752,0.020626317374284858,0.046823246010237886,0.06760012044564892,0.029057512797350204,0.040198735320686546,0.07241794640168625,0.056760012044564906,0.027551942186088533
157,0.02393385552654483,0.010879025239338556,0.06222802436901655,0.13098346388163623,0.05033362344067306,0.021322889469103573,0.059617058311575294,0.036988685813751095,0.06977081520162462,0.0758630693356542,0.07470263997679143,0.029736002320858726,0.018711923411662317,0.05091383812010445,0.06715984914418337,0.07209167391935017,0.0425007252683493,0.03495793443574123,0.05120394545982015,0.016100957354221065
158,0.03567251461988304,0.02631578947368421,0.08596491228070176,0.06608187134502924,0.07426900584795322,0.04502923976608187,0.05789473684210526,0.02982456140350877,0.038011695906432746,0.05906432748538012,0.03216374269005848,0.02631578947368421,0.06023391812865497,0.06023391812865497,0.06725146198830409,0.038011695906432746,0.049707602339181284,0.06725146198830409,0.048538011695906436,0.03216374269005848
159,0.028333333333333325,0.05722222222222221,0.09277777777777776,0.1172222222222222,0.034999999999999996,0.07499999999999998,0.06388888888888887,0.06388888888888887,0.024999999999999994,0.027222222222222214,0.034999999999999996,0.034999999999999996,0.04388888888888888,0.06055555555555554,0.034999999999999996,0.034999999999999996,0.027222222222222214,0.0772222222222222,0.024999999999999994,0.040555555555555546
160,0.040123456790123455,0.037654320987654324,0.11049382716049383,0.033950617283950615,0.05246913580246913,0.04876543209876543,0.06728395061728396,0.040123456790123455,0.03271604938271605,0.04135802469135803,0.059876543209876544,0.03641975308641975,0.04506172839506173,0.04259259259259259,0.046296296296296294,0.043827160493827164,0.06358024691358025,0.06975308641975309,0.05617283950617284,0.03148148148148148
161,0.03355335533553356,0.05445544554455447,0.07095709570957097,0.04785478547854787,0.03135313531353136,0.08635863586358637,0.05115511551155117,0.03355335533553356,0.03465346534653466,0.04235423542354236,0.02805280528052806,0.03025302530253026,0.02695269526952696,0.02695269526952696,0.1391639163916392,0.03355335533553356,0.06105610561056107,0.08415841584158418,0.04015401540154016,0.04345434543454346
162,0.026881720430107527,0.05436081242532855,0.05077658303464755,0.05316606929510155,0.03763440860215054,0.07945041816009558,0.03524492234169654,0.05555555555555555,0.05316606929510155,0.05197132616487455,0.03763440860215054,0.03643966547192354,0.04121863799283154,0.07228195937873358,0.05555555555555555,0.044802867383512544,0.05077658303464755,0.08064516129032258,0.03763440860215054,0.044802867383512544
163,0.031279178338001874,0.04341736694677872,0.06395891690009338,0.06489262371615315,0.03874883286647993,0.035014005602240904,0.06115779645191411,0.03874883286647993,0.048085901027077514,0.03688141923436042,0.06395891690009338,0.028478057889822602,0.04435107376283848,0.04435107376283848,0.11811391223155931,0.04061624649859945,0.06489262371615315,0.04528478057889823,0.0527544351073763,0.035014005602240904
164,0.022727272727272728,0.03888888888888889,0.09646464646464646,0.047979797979797977,0.06717171717171717,0.04898989898989899,0.031818181818181815,0.05101010101010101,0.03282828282828283,0.0702020202020202,0.03787878787878788,0.031818181818181815,0.04595959595959596,0.05202020202020202,0.07626262626262627,0.06313131313131314,0.04898989898989899,0.07525252525252525,0.03383838383838384,0.026767676767676767
165,0.033242258652094715,0.03506375227686703,0.08697632058287796,0.07331511839708561,0.048724954462659384,0.08515482695810565,0.04963570127504554,0.04052823315118397,0.05874316939890711,0.05327868852459016,0.027777777777777776,0.033242258652094715,0.031420765027322405,0.03051001821493625,0.06329690346083788,0.052367941712204005,0.07877959927140255,0.046903460837887066,0.03415300546448088,0.036885245901639344
166,0.02306967984934087,0.022128060263653486,0.07674199623352167,0.028719397363465165,0.07297551789077214,0.03436911487758946,0.056026365348399255,0.024011299435028253,0.056967984934086634,0.11346516007532959,0.05037664783427496,0.03813559322033899,0.029661016949152547,0.03342749529190208,0.0645009416195857,0.03342749529190208,0.042843691148775905,0.04943502824858758,0.1125235404896422,0.03719397363465161
167,0.02403846153846154,0.027243589743589744,0.053952991452991456,0.05181623931623932,0.08066239316239317,0.0763888888888889,0.07211538461538461,0.03258547008547009,0.04326923076923077,0.04433760683760684,0.04326923076923077,0.07211538461538461,0.028311965811965812,0.057158119658119656,0.053952991452991456,0.05608974358974359,0.030448717948717948,0.07745726495726496,0.05074786324786325,0.02403846153846154
168,0.0367003367003367,0.03872053872053872,0.07845117845117845,0.07912457912457913,0.016498316498316498,0.0367003367003367,0.03468013468013468,0.07508417508417509,0.06363636363636363,0.09865319865319866,0.04208754208754209,0.0367003367003367,0.023232323232323233,0.06700336700336701,0.06835016835016836,0.03872053872053872,0.036026936026936025,0.07171717171717172,0.0367003367003367,0.021212121212121213
169,0.024034672970843184,0.06501182033096926,0.05476753349093775,0.07446808510638298,0.020882584712371945,0.06895193065405832,0.06895193065405832,0.024822695035460994,0.06501182033096926,0.04531126871552404,0.058707643814026794,0.02876280535855004,0.059495665878644605,0.04373522458628842,0.02797478329393223,0.04846335697399527,0.04688731284475965,0.08392434988179669,0.06895193065405832,0.020882584712371945
170,0.029671717171717175,0.04103535353535354,0.08396464646464648,0.05366161616161617,0.05744949494949496,0.051136363636363646,0.03977272727272728,0.07638888888888891,0.0321969696969697,0.056186868686868695,0.0801767676767677,0.04229797979797981,0.03093434343434344,0.03977272727272728,0.03472222222222223,0.03977272727272728,0.03724747474747475,0.08270202020202022,0.06123737373737374,0.029671717171717175
171,0.02341597796143251,0.030762167125803493,0.03719008264462811,0.13728191000918277,0.05831037649219468,0.03810835629017448,0.03168044077134987,0.030762167125803493,0.039026629935720855,0.044536271808999085,0.02984389348025712,0.08126721763085401,0.044536271808999085,0.07300275482093666,0.060146923783287426,0.03259871441689624,0.06290174471992656,0.06565656565656568,0.04912764003673095,0.02984389348025712
172,0.04482758620689655,0.04636015325670498,0.03639846743295019,0.050957854406130265,0.10842911877394636,0.05632183908045977,0.09923371647509578,0.06015325670498084,0.03793103448275862,0.04865900383141762,0.044061302681992334,0.030268199233716476,0.04176245210727969,0.06551724137931035,0.061685823754789273,0.01800766283524904,0.04099616858237548,0.03409961685823755,0.04636015325670498,0.027969348659003832
173,0.042303771661569824,0.04128440366972477,0.060652395514780834,0.06472986748216106,0.0290519877675841,0.03924566768603466,0.05045871559633028,0.035168195718654434,0.042303771661569824,0.06676860346585117,0.05147808358817533,0.05045871559633028,0.033129459734964326,0.033129459734964326,0.040265035677879715,0.03924566768603466,0.08103975535168195,0.10550458715596331,0.05147808358817533,0.042303771661569824
174,0.027777777777777776,0.040123456790123455,0.06569664902998236,0.0718694885361552,0.06128747795414462,0.03042328042328042,0.03747795414462081,0.03306878306878307,0.03042328042328042,0.06305114638447971,0.062169312169312166,0.022486772486772486,0.026895943562610228,0.062169312169312166,0.056878306878306875,0.08245149911816578,0.03306878306878307,0.08509700176366843,0.06922398589065255,0.03835978835978836
175,0.023415977961432508,0.03810835629017447,0.024334251606978878,0.03810835629017447,0.0876951331496786,0.05463728191000918,0.06382001836547291,0.03902662993572085,0.02800734618916437,0.05831037649219467,0.03168044077134986,0.09320477502295683,0.03627180899908173,0.09504132231404959,0.06290174471992654,0.06198347107438017,0.03902662993572085,0.0573921028466483,0.03902662993572085,0.02800734618916437
176,0.045568039950062415,0.02808988764044943,0.0543071161048689,0.049313358302122336,0.04431960049937577,0.033083645443195996,0.033083645443195996,0.053058676654182256,0.05680399500624218,0.053058676654182256,0.0543071161048689,0.06429463171036204,0.03558052434456928,0.039325842696629205,0.05555555555555554,0.06054931335830211,0.06179775280898875,0.05680399500624218,0.06554307116104867,0.05555555555555554
177,0.02425044091710759,0.026014109347442686,0.05070546737213405,0.06305114638447973,0.09391534391534394,0.02865961199294533,0.06746031746031747,0.054232804232804244,0.02865961199294533,0.059523809523809534,0.06922398589065257,0.02160493827160494,0.02954144620811288,0.08686067019400354,0.019841269841269844,0.05687830687830689,0.05070546737213405,0.06481481481481483,0.07186948853615521,0.032186948853615525
178,0.02885443583118002,0.04521963824289406,0.05469422911283377,0.10120585701981051,0.020241171403962102,0.0917312661498708,0.05727820844099914,0.027131782945736434,0.029715762273901807,0.08742463393626185,0.020241171403962102,0.03919035314384152,0.06503014642549526,0.04952627045650301,0.06761412575366063,0.04694229112833764,0.060723514211886306,0.0305770887166236,0.05555555555555555,0.021102497846683894
179,0.034640522875816995,0.05032679738562092,0.06470588235294118,0.049019607843137254,0.0542483660130719,0.04379084967320261,0.049019607843137254,0.06862745098039216,0.052941176470588235,0.06470588235294118,0.0542483660130719,0.03725490196078431,0.05816993464052288,0.045098039215686274,0.03071895424836601,0.034640522875816995,0.056862745098039215,0.06601307189542484,0.05555555555555555,0.029411764705882353
180,0.05223880597014924,0.04063018242122719,0.03897180762852404,0.04063018242122719,0.037313432835820885,0.04892205638474294,0.060530679933664996,0.04394693200663349,0.037313432835820885,0.04228855721393034,0.05223880597014924,0.037313432835820885,0.05223880597014924,0.05223880597014924,0.05555555555555554,0.0638474295190713,0.05555555555555554,0.06550580431177444,0.08540630182421226,0.037313432835820885
181,0.02777777777777777,0.061594202898550714,0.047101449275362306,0.0938003220611916,0.018921095008051527,0.04388083735909822,0.1010466988727858,0.07930756843800321,0.07689210950080513,0.05998389694041867,0.02777777777777777,0.03421900161030595,0.05917874396135264,0.029388083735909815,0.0575684380032206,0.04629629629629629,0.025362318840579705,0.054347826086956506,0.03663446054750402,0.018921095008051527
182,0.019055287171229205,0.038378958668813745,0.037305421363392384,0.08615136876006442,0.0544820182501342,0.05555555555555556,0.027106816961889428,0.023349436392914657,0.028717122920021473,0.11137949543746646,0.057165861513687605,0.03140096618357489,0.04804079441760602,0.046967257112184656,0.10386473429951693,0.025496511003757383,0.03998926462694579,0.0485775630703167,0.10386473429951693,0.013150831991411703
183,0.02717391304347826,0.06219806763285024,0.06099033816425121,0.07185990338164251,0.03804347826086957,0.07669082125603864,0.04528985507246377,0.044082125603864736,0.03321256038647343,0.05495169082125604,0.03321256038647343,0.0392512077294686,0.05253623188405797,0.04045893719806763,0.059782608695652176,0.042874396135265704,0.035628019323671496,0.12620772946859904,0.028381642512077296,0.02717391304347826
184,0.04385964912280702,0.045808966861598445,0.04385964912280702,0.04385964912280702,0.04385964912280702,0.06140350877192983,0.04385964912280702,0.045808966861598445,0.04385964912280702,0.04385964912280702,0.06140350877192983,0.045808966861598445,0.07309941520467837,0.04385964912280702,0.04385964912280702,0.06140350877192983,0.06140350877192983,0.04385964912280702,0.06140350877192983,0.04385964912280702
185,0.024594907407407413,0.02748842592592593,0.06394675925925927,0.08130787037037038,0.07841435185185186,0.05642361111111112,0.025173611111111115,0.037326388888888895,0.04947916666666667,0.06278935185185186,0.02170138888888889,0.03153935185185186,0.04947916666666667,0.10271990740740743,0.025752314814814818,0.04890046296296297,0.07378472222222224,0.06452546296296298,0.032696759259259266,0.041956018518518524
186,0.02861952861952862,0.08922558922558922,0.06902356902356903,0.0611672278338945,0.045454545454545456,0.07575757575757576,0.03647586980920314,0.030864197530864196,0.04769921436588103,0.03535353535353535,0.07575757575757576,0.030864197530864196,0.0409652076318743,0.04657687991021325,0.037598204264870934,0.03872053872053872,0.03872053872053872,0.07575757575757576,0.05667789001122334,0.03872053872053872
187,0.04117063492063492,0.039186507936507936,0.06597222222222222,0.06101190476190476,0.0689484126984127,0.030257936507936508,0.036210317460317464,0.027281746031746032,0.03819444444444445,0.06498015873015874,0.03521825396825397,0.029265873015873016,0.06398809523809523,0.05505952380952381,0.09871031746031746,0.049107142857142856,0.0441468253968254,0.06001984126984127,0.05505952380952381,0.036210317460317464
188,0.03626543209876544,0.03626543209876544,0.04861111111111112,0.0609567901234568,0.03472222222222223,0.03472222222222223,0.03472222222222223,0.05632716049382717,0.03780864197530865,0.08101851851851853,0.06250000000000001,0.06712962962962965,0.05632716049382717,0.05324074074074075,0.05478395061728396,0.05941358024691359,0.03626543209876544,0.0455246913580247,0.06867283950617285,0.03472222222222223
189,0.03213213213213214,0.039939939939939946,0.03333333333333334,0.03573573573573574,0.036336336336336345,0.0855855855855856,0.048348348348348356,0.039939939939939946,0.03573573573573574,0.0807807807807808,0.04054054054054055,0.021321321321321324,0.03273273273273274,0.13483483483483485,0.05495495495495496,0.06516516516516518,0.04774774774774775,0.0807807807807808,0.030330330330330335,0.02372372372372373
190,0.03046594982078853,0.026881720430107527,0.07706093189964158,0.07825567502986858,0.05436081242532855,0.04002389486260454,0.05913978494623656,0.045997610513739545,0.045997610513739545,0.08900836320191159,0.04002389486260454,0.028076463560334528,0.026881720430107527,0.05555555555555555,0.04958183990442055,0.03046594982078853,0.04241338112305854,0.10692951015531661,0.045997610513739545,0.026881720430107527
191,0.014550264550264546,0.047354497354497344,0.04629629629629629,0.07698412698412697,0.05740740740740739,0.03835978835978835,0.05952380952380951,0.04682539682539682,0.050529100529100514,0.07063492063492062,0.02883597883597883,0.012962962962962959,0.030423280423280415,0.105026455026455,0.07275132275132273,0.05317460317460316,0.042592592592592585,0.07275132275132273,0.052645502645502634,0.02037037037037037
192,0.03305203938115331,0.052742616033755275,0.052742616033755275,0.052742616033755275,0.05555555555555555,0.04430379746835443,0.09212376933895922,0.04571026722925457,0.04149085794655415,0.03727144866385373,0.04149085794655415,0.0639943741209564,0.04571026722925457,0.058368495077355836,0.06118143459915612,0.03867791842475387,0.05414908579465542,0.04571026722925457,0.04149085794655415,0.04149085794655415
193,0.028854435831180022,0.025409130060292856,0.061584840654608106,0.04866494401378123,0.039190353143841526,0.06072351421188631,0.06761412575366064,0.047803617571059435,0.024547803617571064,0.09603789836347977,0.054694229112833774,0.040913006029285104,0.026270456503014645,0.061584840654608106,0.038329026701119734,0.0521102497846684,0.05555555555555556,0.07192075796726961,0.0727820844099914,0.025409130060292856
194,0.03567251461988304,0.03450292397660819,0.049707602339181284,0.08128654970760234,0.02865497076023392,0.03567251461988304,0.07426900584795322,0.049707602339181284,0.02982456140350877,0.11754385964912281,0.04736842105263158,0.030994152046783626,0.03216374269005848,0.04502923976608187,0.04152046783625731,0.02865497076023392,0.05906432748538012,0.09415204678362574,0.048538011695906436,0.03567251461988304
195,0.04696969696969697,0.07626262626262627,0.07222222222222222,0.0601010101010101,0.026767676767676767,0.03282828282828283,0.023737373737373738,0.06313131313131314,0.03484848484848485,0.04595959595959596,0.03585858585858586,0.0601010101010101,0.0601010101010101,0.04595959595959596,0.06717171717171717,0.05,0.03888888888888889,0.07929292929292929,0.05505050505050505,0.024747474747474747
196,0.051322751322751325,0.031216931216931216,0.026984126984126985,0.03968253968253968,0.02486772486772487,0.082010582010582,0.03333333333333333,0.05873015873015873,0.02486772486772487,0.08518518518518518,0.06296296296296296,0.046031746031746035,0.07883597883597884,0.03650793650793651,0.05873015873015873,0.07566137566137567,0.03439153439153439,0.06296296296296296,0.04708994708994709,0.038624338624338624
197,0.03258547008547009,0.03579059829059829,0.04006410256410257,0.08386752136752136,0.034722222222222224,0.05822649572649573,0.045405982905982904,0.06356837606837606,0.0827991452991453,0.06570512820512821,0.03685897435897436,0.03579059829059829,0.025106837606837608,0.025106837606837608,0.04861111111111111,0.06570512820512821,0.02938034188034188,0.10844017094017094,0.05074786324786325,0.031517094017094016
198,0.03459119496855346,0.06324248777078965,0.06044723969252271,0.0583508036338225,0.035290006988120196,0.09189378057302586,0.06114605171208945,0.03738644304682041,0.0583508036338225,0.04507337526205451,0.026904262753319357,0.03878406708595388,0.027603074772886094,0.06464011180992313,0.049266247379454925,0.06114605171208945,0.03598881900768693,0.08420684835779176,0.03668763102725367,0.029000698812019568
199,0.026495726495726495,0.04461538461538461,0.06,0.08393162393162393,0.0411965811965812,0.04188034188034188,0.04905982905982906,0.04051282051282051,0.049401709401709404,0.09794871794871794,0.028205128205128206,0.03914529914529914,0.019658119658119658,0.06102564102564102,0.08051282051282051,0.06,0.03675213675213675,0.0747008547008547,0.04837606837606838,0.01658119658119658
200,0.05555555555555556,0.06084656084656085,0.04497354497354498,0.05555555555555556,0.03968253968253969,0.04850088183421517,0.04320987654320988,0.057319223985890656,0.05555555555555556,0.03968253968253969,0.03968253968253969,0.05555555555555556,0.03968253968253969,0.04320987654320988,0.052028218694885366,0.06261022927689595,0.03968253968253969,0.07848324514991183,0.04850088183421517,0.03968253968253969
201,0.012376237623762377,0.020077007700770078,0.06958195819581958,0.09818481848184818,0.06408140814081408,0.04647964796479648,0.02282728272827283,0.06353135313531354,0.05418041804180418,0.12623762376237624,0.03272827282728273,0.013476347634763476,0.03932893289328933,0.07398239823982398,0.03052805280528053,0.06023102310231023,0.03162816281628163,0.07398239823982398,0.04592959295929593,0.020627062706270627
202,0.0305770887166236,0.040051679586563305,0.023686477174849268,0.09862187769164513,0.05900086132644272,0.056416881998277345,0.025409130060292853,0.025409130060292853,0.05727820844099914,0.056416881998277345,0.06244616709732989,0.02454780361757106,0.027993109388458226,0.06589147286821706,0.1020671834625323,0.05211024978466839,0.034022394487510765,0.08570198105081826,0.03919035314384152,0.03316106804478897
203,0.030120481927710843,0.030120481927710843,0.040829986613119144,0.08366800535475234,0.06358768406961178,0.05287817938420348,0.08099062918340026,0.04618473895582329,0.030120481927710843,0.05823293172690763,0.03815261044176707,0.03279785809906292,0.04618473895582329,0.040829986613119144,0.04484605087014726,0.09170013386880857,0.05287817938420348,0.04618473895582329,0.059571619812583666,0.030120481927710843
204,0.02863247863247863,0.06282051282051282,0.03461538461538462,0.045726495726495724,0.03974358974358974,0.026923076923076925,0.047435897435897434,0.047435897435897434,0.03547008547008547,0.10555555555555556,0.051709401709401706,0.05512820512820513,0.04316239316239316,0.0841880341880342,0.0858974358974359,0.03803418803418803,0.03034188034188034,0.055982905982905985,0.05512820512820513,0.02606837606837607
205,0.013670738801628854,0.02065154159394997,0.036358347876672484,0.08464223385689354,0.04101221640488656,0.07707969749854567,0.03868528214077952,0.028795811518324606,0.07242582897033159,0.06486329261198372,0.049738219895287955,0.02530541012216405,0.05090168702734148,0.05846422338568935,0.057300756253635836,0.04392088423502036,0.0433391506689936,0.09220477021524141,0.07998836532867946,0.02065154159394997
206,0.02297847585805701,0.03519488074461896,0.04857475276323444,0.0997673065735893,0.05148342059336824,0.03868528214077952,0.053810354857475276,0.05439208842350204,0.07649796393251891,0.040430482838859805,0.0491564863292612,0.024141942990110528,0.032867946480511924,0.06893542757417102,0.060791157649796396,0.04508435136707388,0.05962769051774287,0.04392088423502036,0.053810354857475276,0.039848749272833044
207,0.024752475247524747,0.03795379537953795,0.07095709570957094,0.061056105610561046,0.04125412541254125,0.08525852585258524,0.031353135313531344,0.053355335533553344,0.03575357535753575,0.06325632563256324,0.031353135313531344,0.042354235423542344,0.025852585258525844,0.08195819581958194,0.05995599559955994,0.031353135313531344,0.04565456545654565,0.06545654565456545,0.07975797579757975,0.031353135313531344
208,0.034332084893882654,0.029338327091136086,0.055555555555555566,0.044319600499375784,0.034332084893882654,0.10049937578027468,0.07802746566791512,0.040574282147315864,0.03932584269662922,0.03558052434456929,0.07303370786516855,0.03183520599250937,0.03183520599250937,0.0805243445692884,0.0418227215980025,0.04806491885143572,0.05430711610486893,0.06803995006242199,0.04931335830212236,0.029338327091136086
209,0.020358868184955144,0.03209109730848862,0.06728778467908904,0.11076604554865427,0.061766735679779174,0.03485162180814355,0.06383712905452037,0.03071083505866115,0.047273982056590766,0.08523119392684611,0.018288474810213944,0.03899240855762596,0.04313319530710836,0.03416149068322982,0.02173913043478261,0.07004830917874398,0.08040027605244998,0.08316080055210491,0.04037267080745342,0.01552795031055901
210,0.03734061930783242,0.023982999392835453,0.09259259259259257,0.06223436551305402,0.038554948391013956,0.06769884638737096,0.0628415300546448,0.05919854280510017,0.0355191256830601,0.05251973284760168,0.04341226472374013,0.034911961141469335,0.02276867030965391,0.042197935640558584,0.06223436551305402,0.0500910746812386,0.04462659380692167,0.09866423800850027,0.036733454766241645,0.03187613843351548
211,0.03804347826086958,0.028381642512077306,0.12137681159420294,0.0706521739130435,0.03200483091787441,0.039251207729468614,0.04528985507246378,0.057367149758454125,0.04528985507246378,0.06461352657004833,0.03683574879227054,0.04287439613526572,0.04166666666666668,0.039251207729468614,0.040458937198067646,0.048913043478260886,0.04166666666666668,0.08514492753623192,0.046497584541062814,0.03442028985507248
212,0.030718954248366015,0.03202614379084968,0.07516339869281047,0.03986928104575164,0.05555555555555556,0.0411764705882353,0.0843137254901961,0.054248366013071904,0.03986928104575164,0.05555555555555556,0.034640522875817,0.07254901960784316,0.04379084967320262,0.06862745098039218,0.04509803921568628,0.0411764705882353,0.034640522875817,0.06601307189542485,0.054248366013071904,0.030718954248366015
213,0.0291005291005291,0.03439153439153439,0.054497354497354496,0.059788359788359786,0.04285714285714286,0.05238095238095238,0.03650793650793651,0.03439153439153439,0.11481481481481481,0.043915343915343914,0.05343915343915344,0.02486772486772487,0.06296296296296296,0.1,0.049206349206349205,0.03756613756613757,0.0873015873015873,0.03015873015873016,0.023809523809523808,0.028042328042328042
214,0.04259259259259259,0.03888888888888889,0.06111111111111111,0.06604938271604938,0.03888888888888889,0.046296296296296294,0.1154320987654321,0.03641975308641975,0.03888888888888889,0.09320987654320988,0.027777777777777776,0.03641975308641975,0.03271604938271605,0.04259259259259259,0.06234567901234568,0.029012345679012345,0.043827160493827164,0.05123456790123457,0.06851851851851852,0.027777777777777776
215,0.04277286135693216,0.024090462143559494,0.06735496558505409,0.10176991150442481,0.04572271386430679,0.04277286135693216,0.06342182890855459,0.03588987217305802,0.023107177974434616,0.06833824975417897,0.05162241887905606,0.033923303834808266,0.043756145526057035,0.043756145526057035,0.03785644051130777,0.07522123893805312,0.04277286135693216,0.08702064896755164,0.029990167158308757,0.038839724680432654
216,0.03839205058717253,0.030261969286359523,0.07633242999096657,0.05645889792231254,0.05374887082204154,0.05916892502258354,0.06368563685636855,0.05465221318879854,0.05194218608852754,0.06639566395663955,0.02664859981933152,0.02484191508581752,0.03658536585365853,0.08897922312556457,0.048328816621499536,0.03297199638663052,0.04110207768744353,0.05465221318879854,0.06549232158988255,0.02935862691960252
217,0.031015678254942062,0.017382413087934565,0.05146557600545331,0.09100204498977507,0.03987730061349694,0.0657805044308112,0.04124062713019769,0.04601226993865031,0.03851397409679619,0.04328561690524881,0.06646216768916156,0.01942740286298569,0.06782549420586231,0.05419222903885481,0.09032038173142469,0.0766871165644172,0.04396728016359919,0.021472392638036814,0.03578732106339469,0.05828220858895706
218,0.03801169590643274,0.07076023391812863,0.04035087719298245,0.08596491228070174,0.03099415204678362,0.028654970760233912,0.06608187134502923,0.035672514619883036,0.028654970760233912,0.053216374269005835,0.04853801169590642,0.04385964912280701,0.04035087719298245,0.08362573099415203,0.05438596491228069,0.029824561403508764,0.039181286549707595,0.09298245614035086,0.050877192982456125,0.03801169590643274
219,0.034458509142053444,0.04289732770745429,0.035864978902953586,0.06118143459915612,0.04149085794655415,0.03727144866385373,0.03867791842475387,0.05414908579465542,0.035864978902953586,0.15822784810126583,0.051336146272855133,0.04992967651195499,0.04289732770745429,0.04430379746835443,0.056962025316455694,0.04289732770745429,0.03164556962025317,0.06962025316455696,0.03164556962025317,0.03867791842475387
220,0.028292181069958847,0.030349794238683128,0.062242798353909466,0.08179012345679013,0.029320987654320986,0.03652263374485597,0.06738683127572016,0.04372427983539095,0.04681069958847737,0.048868312757201646,0.04372427983539095,0.048868312757201646,0.041666666666666664,0.06532921810699588,0.09207818930041152,0.055041152263374485,0.03652263374485597,0.04681069958847737,0.05915637860082305,0.035493827160493825
221,0.03279320987654322,0.038194444444444454,0.034336419753086427,0.08526234567901236,0.0304783950617284,0.06751543209876544,0.049768518518518524,0.039737654320987664,0.039737654320987664,0.042824074074074084,0.038966049382716056,0.036651234567901245,0.025077160493827164,0.03279320987654322,0.07368827160493828,0.08294753086419754,0.033564814814814825,0.11844135802469137,0.06365740740740743,0.033564814814814825
222,0.030864197530864196,0.036870203536870205,0.04587921254587921,0.08391725058391725,0.035201868535201866,0.052552552552552555,0.028862195528862194,0.062228895562228895,0.02519185852519186,0.11594928261594928,0.03987320653987321,0.018518518518518517,0.05021688355021688,0.04254254254254254,0.05188521855188522,0.06489823156489823,0.06990323656990324,0.07390724057390724,0.043209876543209874,0.027527527527527528
223,0.0176056338028169,0.03560250391236306,0.05594679186228481,0.06298904538341156,0.030907668231611885,0.0504694835680751,0.04342723004694835,0.07081377151799685,0.03638497652582159,0.05438184663536775,0.04186228482003129,0.0176056338028169,0.034037558685446,0.05281690140845069,0.0285602503912363,0.0692488262910798,0.0911580594679186,0.07629107981220656,0.10837245696400623,0.02151799687010954
224,0.036231884057971016,0.03784219001610306,0.050724637681159424,0.05394524959742351,0.050724637681159424,0.039452495974235106,0.04750402576489533,0.036231884057971016,0.036231884057971016,0.0748792270531401,0.036231884057971016,0.04589371980676329,0.071658615136876,0.036231884057971016,0.03784219001610306,0.061996779388083734,0.036231884057971016,0.11996779388083736,0.05394524959742351,0.036231884057971016
225,0.04280510018214936,0.04098360655737704,0.057377049180327856,0.04098360655737704,0.04826958105646629,0.08105646630236793,0.04098360655737704,0.04098360655737704,0.0628415300546448,0.05191256830601092,0.04098360655737704,0.05555555555555554,0.04098360655737704,0.04098360655737704,0.05373406193078323,0.057377049180327856,0.04098360655737704,0.07377049180327867,0.04098360655737704,0.046448087431693985
226,0.04344729344729345,0.03347578347578348,0.049145299145299144,0.06054131054131054,0.03205128205128205,0.08333333333333333,0.03347578347578348,0.03347578347578348,0.04487179487179487,0.07905982905982906,0.04487179487179487,0.05056980056980057,0.04487179487179487,0.049145299145299144,0.03774928774928775,0.0349002849002849,0.057692307692307696,0.05056980056980057,0.09757834757834757,0.03917378917378917
227,0.041446208112874784,0.04320987654320988,0.05379188712522046,0.05026455026455027,0.05379188712522046,0.07142857142857144,0.052028218694885366,0.03968253968253969,0.03968253968253969,0.08377425044091712,0.07142857142857144,0.03968253968253969,0.03968253968253969,0.052028218694885366,0.03968253968253969,0.041446208112874784,0.05026455026455027,0.041446208112874784,0.05555555555555556,0.03968253968253969
228,0.0290519877675841,0.024974515800203875,0.04943934760448522,0.07084607543323139,0.034148827726809376,0.04943934760448522,0.03924566768603466,0.035168195718654434,0.07696228338430174,0.05963302752293578,0.06778797145769623,0.046381243628950054,0.045361875637105,0.10856269113149847,0.06574923547400612,0.034148827726809376,0.046381243628950054,0.045361875637105,0.04841997961264016,0.022935779816513763
229,0.03373015873015873,0.04298941798941799,0.03373015873015873,0.06812169312169312,0.052248677248677246,0.10515873015873016,0.046957671957671955,0.02976190476190476,0.03505291005291005,0.052248677248677246,0.02976190476190476,0.05092592592592592,0.04563492063492063,0.05357142857142857,0.046957671957671955,0.07473544973544974,0.05489417989417989,0.06812169312169312,0.04563492063492063,0.02976190476190476
230,0.05384615384615386,0.03846153846153847,0.043589743589743594,0.05213675213675215,0.0606837606837607,0.04017094017094018,0.055555555555555566,0.043589743589743594,0.055555555555555566,0.05042735042735044,0.05897435897435899,0.05384615384615386,0.03846153846153847,0.07094017094017095,0.03846153846153847,0.07264957264957267,0.04700854700854702,0.04871794871794873,0.03846153846153847,0.03846153846153847
231,0.036231884057971016,0.05555555555555555,0.05233494363929147,0.05877616747181964,0.05877616747181964,0.050724637681159424,0.04428341384863124,0.04589371980676329,0.05877616747181964,0.04750402576489533,0.05394524959742351,0.039452495974235106,0.0426731078904992,0.0748792270531401,0.0426731078904992,0.04911433172302738,0.06038647342995169,0.04106280193236715,0.036231884057971016,0.050724637681159424
232,0.04375,0.03680555555555556,0.04513888888888889,0.059027777777777776,0.05347222222222222,0.11041666666666666,0.04652777777777778,0.05625,0.035416666666666666,0.06875,0.034027777777777775,0.04375,0.06875,0.052083333333333336,0.03958333333333333,0.04791666666666667,0.03125,0.06458333333333334,0.03125,0.03125
233,0.02238020010531859,0.02975250131648236,0.03765139547130068,0.15297525013164823,0.04239073196419168,0.06029489204844655,0.06503422854133754,0.022906793048973143,0.030279094260136915,0.05555555555555555,0.038704581358609796,0.02975250131648236,0.03607161664033702,0.10979462875197472,0.047130068457082674,0.03817798841495524,0.026066350710900472,0.04818325434439179,0.08820431806213797,0.018694049499736704
234,0.03571428571428572,0.05000000000000002,0.06587301587301589,0.03571428571428572,0.03571428571428572,0.040476190476190485,0.05317460317460319,0.03571428571428572,0.06111111111111112,0.07857142857142858,0.06111111111111112,0.04682539682539683,0.04682539682539683,0.06111111111111112,0.05000000000000002,0.045238095238095244,0.045238095238095244,0.07857142857142858,0.03571428571428572,0.03730158730158731
235,0.014846743295019157,0.016443167305236272,0.07487228607918263,0.07104086845466155,0.03017241379310345,0.07614942528735633,0.045178799489144314,0.025063856960408686,0.05922733077905492,0.12244572158365262,0.04932950191570881,0.03623882503192848,0.033684546615581096,0.04198595146871009,0.06625159642401021,0.04581736909323116,0.03975095785440613,0.07551085568326947,0.04230523627075351,0.033684546615581096
236,0.01937984496124031,0.03316106804478897,0.07622739018087855,0.04952627045650301,0.04952627045650301,0.05900086132644272,0.022825150732127476,0.05555555555555555,0.02885443583118002,0.06675279931093885,0.09776055124892334,0.02627045650301464,0.022825150732127476,0.07019810508182601,0.03574504737295435,0.09776055124892334,0.04177433247200689,0.0615848406546081,0.06503014642549526,0.020241171403962102
237,0.03986928104575164,0.030283224400871462,0.0224400871459695,0.08997821350762529,0.040305010893246195,0.05294117647058824,0.08910675381263618,0.030718954248366015,0.04553376906318084,0.07647058823529414,0.08779956427015252,0.026797385620915035,0.02984749455337691,0.052069716775599136,0.059912854030501096,0.054248366013071904,0.0224400871459695,0.07690631808278868,0.05119825708061003,0.021132897603485842
238,0.049169859514687116,0.04150702426564496,0.04022988505747127,0.07215836526181355,0.0363984674329502,0.03384418901660282,0.03512132822477651,0.04150702426564496,0.08237547892720308,0.047892720306513425,0.04661558109833973,0.0657726692209451,0.06704980842911878,0.04278416347381865,0.03256704980842912,0.03895274584929758,0.058109833971902954,0.08620689655172416,0.03895274584929758,0.04278416347381865
239,0.01872427983539095,0.03395061728395062,0.05987654320987655,0.08662551440329219,0.03847736625514404,0.03683127572016462,0.0425925925925926,0.02613168724279836,0.04300411522633746,0.06687242798353911,0.07386831275720165,0.03271604938271606,0.029012345679012348,0.04753086419753087,0.08621399176954733,0.06193415637860083,0.026543209876543215,0.07962962962962965,0.08909465020576134,0.020370370370370375
240,0.016717325227963525,0.014690982776089158,0.041371158392434985,0.0994596420128335,0.05184059439378588,0.06332320162107397,0.05994596420128335,0.016379601485984465,0.06028368794326241,0.08054711246200608,0.0508274231678487,0.034278959810874705,0.03360351232691658,0.11431948665991219,0.06568726781492738,0.03596757852077001,0.02988855116514691,0.05555555555555555,0.060621411685241475,0.014690982776089158
241,0.027222222222222224,0.04833333333333334,0.025000000000000005,0.052777777777777785,0.05944444444444445,0.03500000000000001,0.026111111111111116,0.029444444444444447,0.09500000000000001,0.037222222222222226,0.06611111111111112,0.031666666666666676,0.045000000000000005,0.04944444444444445,0.07166666666666668,0.027222222222222224,0.053888888888888896,0.0938888888888889,0.09277777777777779,0.03277777777777779
242,0.019485903814262025,0.026119402985074626,0.05679933665008292,0.08499170812603649,0.037728026533996685,0.061774461028192375,0.05679933665008292,0.06011608623548922,0.0236318407960199,0.09245439469320066,0.06509121061359867,0.04933665008291874,0.055970149253731345,0.041044776119402986,0.033582089552238806,0.05679933665008292,0.03275290215588723,0.06011608623548922,0.050165837479270316,0.035240464344941956
243,0.04166666666666667,0.047222222222222235,0.05833333333333335,0.060185185185185196,0.04166666666666667,0.07129629629629632,0.060185185185185196,0.04537037037037038,0.04537037037037038,0.0675925925925926,0.04166666666666667,0.06203703703703705,0.04537037037037038,0.04166666666666667,0.04166666666666667,0.043518518518518526,0.04166666666666667,0.05833333333333335,0.043518518518518526,0.04166666666666667
244,0.02861952861952862,0.043209876543209874,0.03535353535353535,0.07800224466891134,0.037598204264870934,0.05555555555555555,0.0409652076318743,0.02974186307519641,0.08922558922558922,0.05331088664421998,0.04208754208754209,0.04882154882154882,0.03872053872053872,0.06004489337822671,0.03423120089786756,0.07463524130190796,0.02861952861952862,0.10493827160493827,0.04208754208754209,0.03423120089786756
245,0.03378378378378378,0.08933933933933932,0.051801801801801786,0.057807807807807796,0.03978978978978978,0.042792792792792786,0.03828828828828828,0.0638138138138138,0.051801801801801786,0.042792792792792786,0.057807807807807796,0.041291291291291284,0.0593093093093093,0.047297297297297286,0.08033033033033031,0.036786786786786776,0.04579579579579579,0.04429429429429429,0.03828828828828828,0.036786786786786776
246,0.02717391304347826,0.06340579710144928,0.042874396135265704,0.057367149758454104,0.029589371980676328,0.0646135265700483,0.07306763285024155,0.07065217391304347,0.030797101449275364,0.0320048309178744,0.07185990338164251,0.06582125603864734,0.03804347826086957,0.05253623188405797,0.03321256038647343,0.05374396135265701,0.034420289855072464,0.09601449275362318,0.02717391304347826,0.035628019323671496
247,0.033116178067318126,0.022258414766558085,0.04144046326456749,0.08740499457111833,0.053745928338762204,0.09283387622149836,0.04107853782120882,0.030944625407166117,0.025515743756786096,0.10188201230546505,0.02153456387984075,0.04542164314151284,0.042164314151284826,0.05953673543250089,0.062432138979370236,0.05229822656532753,0.025515743756786096,0.09645313065508503,0.04614549402823018,0.018277234889612737
248,0.05758807588075881,0.04539295392953929,0.041327913279132794,0.034552845528455285,0.03726287262872629,0.03184281842818428,0.03048780487804878,0.05894308943089431,0.09146341463414634,0.04539295392953929,0.046747967479674794,0.06436314363143632,0.05894308943089431,0.09823848238482384,0.042682926829268296,0.06436314363143632,0.04403794037940379,0.03048780487804878,0.03726287262872629,0.03861788617886179
249,0.02456538170823885,0.02834467120181406,0.03665910808767952,0.0835222978080121,0.060090702947845805,0.06689342403628118,0.035903250188964474,0.02305366591080877,0.038170823885109596,0.0563114134542706,0.017762660619803475,0.023809523809523808,0.046485260770975055,0.04572940287226002,0.09410430839002268,0.04421768707482993,0.03439153439153439,0.12207105064247921,0.08956916099773243,0.02834467120181406
250,0.03535353535353536,0.03246753246753247,0.03823953823953825,0.03246753246753247,0.054112554112554126,0.07575757575757577,0.07287157287157288,0.03246753246753247,0.06421356421356422,0.04689754689754691,0.05122655122655124,0.056998556998557014,0.03246753246753247,0.07142857142857144,0.0800865800865801,0.04689754689754691,0.05122655122655124,0.05122655122655124,0.03968253968253969,0.03391053391053392
251,0.03968253968253968,0.07431457431457432,0.03823953823953824,0.07575757575757576,0.05411255411255411,0.032467532467532464,0.07431457431457432,0.03391053391053391,0.045454545454545456,0.049783549783549784,0.051226551226551224,0.05411255411255411,0.07575757575757576,0.03535353535353535,0.0367965367965368,0.045454545454545456,0.032467532467532464,0.06421356421356421,0.048340548340548344,0.03823953823953824
252,0.03125000000000001,0.03402777777777778,0.06041666666666668,0.03958333333333334,0.05902777777777779,0.07847222222222223,0.046527777777777786,0.043750000000000004,0.04236111111111112,0.06736111111111112,0.0326388888888889,0.043750000000000004,0.05902777777777779,0.07569444444444445,0.05902777777777779,0.03541666666666667,0.036805555555555564,0.043750000000000004,0.06458333333333335,0.046527777777777786
253,0.016631280962491158,0.04989384288747347,0.029370134465675872,0.07749469214437368,0.044939844302901634,0.03786270346779902,0.052724699221514515,0.02441613588110404,0.03220099079971692,0.07607926397735316,0.048478414720452945,0.04281670205237085,0.03149327671620666,0.06900212314225054,0.05130927105449399,0.03927813163481954,0.03573956121726823,0.1553432413305025,0.0640481245576787,0.020877565463552728
254,0.04974160206718345,0.054909560723514196,0.08333333333333331,0.0742894056847545,0.048449612403100764,0.030361757105943146,0.045865633074935394,0.04457364341085271,0.029069767441860458,0.07558139534883719,0.04457364341085271,0.05749354005167957,0.039405684754521955,0.029069767441860458,0.04457364341085271,0.03552971576227389,0.06782945736434107,0.061369509043927635,0.051033591731266134,0.03294573643410852
255,0.03968253968253969,0.11552028218694886,0.03968253968253969,0.08377425044091712,0.04320987654320988,0.03968253968253969,0.04497354497354498,0.04850088183421517,0.041446208112874784,0.04497354497354498,0.052028218694885366,0.04850088183421517,0.04320987654320988,0.03968253968253969,0.05908289241622575,0.04320987654320988,0.03968253968253969,0.05026455026455027,0.03968253968253969,0.04320987654320988
256,0.03676470588235294,0.05473856209150327,0.04820261437908497,0.06290849673202614,0.059640522875817,0.03676470588235294,0.03676470588235294,0.04493464052287582,0.0661764705882353,0.03676470588235294,0.051470588235294115,0.04656862745098039,0.06290849673202614,0.08088235294117647,0.03676470588235294,0.03839869281045752,0.056372549019607844,0.041666666666666664,0.05310457516339869,0.04820261437908497
257,0.028052805280528052,0.03905390539053905,0.040154015401540157,0.07645764576457646,0.030253025302530254,0.03685368536853685,0.037953795379537955,0.052255225522552254,0.03905390539053905,0.06985698569856985,0.035753575357535754,0.04565456545654566,0.03685368536853685,0.09075907590759076,0.029152915291529153,0.07425742574257425,0.046754675467546754,0.08415841584158416,0.059955995599559955,0.046754675467546754
258,0.03823953823953824,0.06854256854256854,0.05988455988455989,0.04256854256854257,0.05844155844155844,0.05411255411255411,0.03823953823953824,0.05844155844155844,0.032467532467532464,0.04401154401154401,0.06421356421356421,0.046897546897546896,0.05844155844155844,0.07142857142857142,0.03535353535353535,0.056998556998557,0.03535353535353535,0.0670995670995671,0.0367965367965368,0.032467532467532464
259,0.02808988764044944,0.03308364544319601,0.05930087390761549,0.05805243445692885,0.04806491885143571,0.07802746566791512,0.030586766541822723,0.03308364544319601,0.02808988764044944,0.08177278401997505,0.04556803995006243,0.056803995006242204,0.03682896379525594,0.02808988764044944,0.03308364544319601,0.03183520599250937,0.05555555555555556,0.11423220973782773,0.08177278401997505,0.03807740324594258
260,0.04166666666666668,0.058333333333333355,0.04166666666666668,0.04166666666666668,0.04166666666666668,0.04907407407407409,0.058333333333333355,0.04166666666666668,0.04537037037037039,0.058333333333333355,0.058333333333333355,0.04166666666666668,0.04166666666666668,0.04166666666666668,0.05092592592592594,0.06759259259259262,0.04166666666666668,0.08796296296296299,0.04907407407407409,0.04166666666666668
261,0.08066239316239318,0.04220085470085471,0.08707264957264958,0.0389957264957265,0.03365384615384616,0.08279914529914531,0.032585470085470095,0.032585470085470095,0.05822649572649574,0.05715811965811967,0.04433760683760685,0.03365384615384616,0.040064102564102574,0.026175213675213683,0.06891025641025643,0.04540598290598291,0.030448717948717955,0.06891025641025643,0.06356837606837608,0.032585470085470095
262,0.044934640522875824,0.03676470588235295,0.05147058823529412,0.044934640522875824,0.04166666666666667,0.03676470588235295,0.03676470588235295,0.05637254901960785,0.054738562091503275,0.04983660130718955,0.05147058823529412,0.0531045751633987,0.04166666666666667,0.06127450980392157,0.03676470588235295,0.07434640522875818,0.04166666666666667,0.08741830065359478,0.06127450980392157,0.03676470588235295
263,0.04077635327635328,0.020833333333333336,0.07852564102564104,0.0592948717948718,0.037215099715099724,0.04291310541310542,0.053596866096866105,0.03828347578347579,0.03935185185185186,0.07247150997150999,0.03543447293447294,0.032585470085470095,0.06784188034188035,0.06499287749287751,0.05893874643874645,0.04077635327635328,0.04754273504273505,0.08422364672364674,0.06321225071225073,0.021189458689458693
264,0.02197346600331675,0.021144278606965175,0.041044776119402986,0.05845771144278607,0.048507462686567165,0.0236318407960199,0.055970149253731345,0.0203150912106136,0.07504145936981758,0.03855721393034826,0.035240464344941956,0.06011608623548922,0.026119402985074626,0.0775290215588723,0.07338308457711443,0.08582089552238806,0.05514096185737977,0.09577114427860696,0.059286898839137646,0.0269485903814262
265,0.036231884057971016,0.04750402576489533,0.071658615136876,0.05555555555555555,0.0426731078904992,0.036231884057971016,0.036231884057971016,0.06360708534621579,0.04589371980676329,0.07004830917874397,0.04911433172302738,0.05555555555555555,0.03784219001610306,0.05233494363929147,0.06682769726247988,0.036231884057971016,0.04106280193236715,0.0571658615136876,0.04911433172302738,0.04911433172302738
266,0.03333333333333333,0.043859649122807015,0.06257309941520468,0.06725146198830409,0.07076023391812865,0.06140350877192982,0.04035087719298246,0.03216374269005848,0.03450292397660819,0.14210526315789473,0.03333333333333333,0.06374269005847953,0.03567251461988304,0.06842105263157895,0.04035087719298246,0.02631578947368421,0.04269005847953217,0.043859649122807015,0.02631578947368421,0.030994152046783626
267,0.03547523427041499,0.03815261044176707,0.051539491298527446,0.03547523427041499,0.04350736278447122,0.06091030789825971,0.07161981258366801,0.05287817938420348,0.03145917001338688,0.0997322623828648,0.04484605087014726,0.051539491298527446,0.03681392235609103,0.04216867469879518,0.07697456492637215,0.030120481927710843,0.048862115127175365,0.05823293172690763,0.05287817938420348,0.03681392235609103
268,0.02577319587628865,0.04410080183276059,0.06242840778923252,0.08075601374570446,0.030355097365406637,0.041809851088201594,0.03722794959908361,0.05097365406643756,0.030355097365406637,0.10366552119129437,0.02577319587628865,0.03379152348224512,0.028064146620847646,0.048682703321878566,0.07273768613974799,0.052119129438717056,0.06242840778923252,0.07731958762886597,0.05326460481099655,0.03837342497136311
269,0.02041343669250646,0.04935400516795865,0.06124031007751938,0.07519379844961241,0.05503875968992248,0.04573643410852713,0.06175710594315245,0.044186046511627906,0.029715762273901807,0.05917312661498708,0.03850129198966408,0.05142118863049096,0.05555555555555555,0.056589147286821705,0.09948320413436693,0.03540051679586563,0.018863049095607234,0.07209302325581396,0.0524547803617571,0.017829457364341085
270,0.026595744680851064,0.03605200945626478,0.04314420803782506,0.06914893617021277,0.03959810874704492,0.027777777777777776,0.027777777777777776,0.040780141843971635,0.09278959810874704,0.050236406619385346,0.03368794326241135,0.04905437352245863,0.03368794326241135,0.09160756501182032,0.05614657210401891,0.04314420803782506,0.04196217494089834,0.07505910165484633,0.06796690307328605,0.053782505910165486
271,0.03109452736318408,0.0269485903814262,0.048507462686567165,0.054311774461028195,0.039386401326699835,0.042703150912106136,0.050165837479270316,0.026119402985074626,0.04767827529021559,0.08250414593698176,0.035240464344941956,0.052653399668325045,0.030265339966832505,0.045190713101160865,0.09908789386401327,0.08416252072968491,0.08084577114427861,0.046019900497512436,0.03855721393034826,0.03855721393034826
272,0.030448717948717948,0.04433760683760684,0.08386752136752136,0.037927350427350424,0.04113247863247863,0.04433760683760684,0.09348290598290598,0.04113247863247863,0.04433760683760684,0.05608974358974359,0.0625,0.060363247863247864,0.04326923076923077,0.03685897435897436,0.052884615384615384,0.06570512820512821,0.027243589743589744,0.037927350427350424,0.05929487179487179,0.03685897435897436
273,0.029069767441860468,0.05490956072351422,0.048449612403100785,0.04715762273901809,0.04457364341085272,0.04974160206718347,0.05232558139534885,0.041989664082687346,0.07041343669250648,0.07299741602067185,0.04715762273901809,0.0368217054263566,0.061369509043927656,0.04457364341085272,0.06007751937984497,0.04457364341085272,0.038113695090439284,0.06395348837209304,0.051033591731266155,0.04069767441860466
274,0.03415300546448088,0.022313296903460837,0.03415300546448088,0.048724954462659384,0.04052823315118397,0.09790528233151184,0.04143897996357013,0.04052823315118397,0.045081967213114756,0.048724954462659384,0.05874316939890711,0.025045537340619307,0.048724954462659384,0.07240437158469945,0.06967213114754098,0.031420765027322405,0.050546448087431695,0.09335154826958106,0.06967213114754098,0.02686703096539162
275,0.035818713450292396,0.07529239766081872,0.06067251461988304,0.0533625730994152,0.08260233918128655,0.06798245614035088,0.046052631578947366,0.05043859649122807,0.05043859649122807,0.07090643274853801,0.03289473684210526,0.0489766081871345,0.03435672514619883,0.046052631578947366,0.03289473684210526,0.046052631578947366,0.04751461988304093,0.0402046783625731,0.03435672514619883,0.04312865497076023
276,0.03289473684210526,0.04312865497076023,0.03289473684210526,0.046052631578947366,0.06798245614035088,0.03289473684210526,0.07236842105263158,0.06652046783625731,0.03289473684210526,0.0577485380116959,0.03435672514619883,0.08698830409356725,0.062134502923976605,0.04751461988304093,0.03289473684210526,0.07675438596491228,0.035818713450292396,0.0533625730994152,0.041666666666666664,0.04312865497076023
277,0.024261603375527425,0.017229254571026722,0.0720815752461322,0.08263009845288326,0.05942334739803094,0.039029535864978905,0.05872011251758087,0.03059071729957806,0.07489451476793249,0.0938818565400844,0.048874824191279885,0.02988748241912799,0.03410689170182841,0.04254571026722925,0.039029535864978905,0.060829817158931085,0.06645569620253164,0.03129395218002813,0.07067510548523206,0.023558368495077357
278,0.04437869822485207,0.028599605522682446,0.05489809335963182,0.08777120315581854,0.025969756738987507,0.05029585798816568,0.04240631163708087,0.020052596975673898,0.048323471400394474,0.07199211045364892,0.06344510190664036,0.043721236028928336,0.03057199211045365,0.03648915187376726,0.04240631163708087,0.03977646285338593,0.08185404339250493,0.08448389217619987,0.06804733727810651,0.03451676528599606
279,0.029411764705882356,0.04248366013071896,0.029411764705882356,0.050326797385620924,0.03202614379084968,0.030718954248366015,0.05163398692810458,0.050326797385620924,0.050326797385620924,0.0647058823529412,0.0411764705882353,0.06601307189542485,0.03986928104575164,0.058169934640522884,0.0411764705882353,0.07254901960784316,0.04248366013071896,0.12091503267973858,0.05294117647058824,0.03333333333333334
280,0.026170798898071633,0.02525252525252526,0.04820936639118459,0.07116620752984391,0.054637281910009196,0.05004591368227733,0.07851239669421489,0.04729109274563821,0.054637281910009196,0.14187327823691462,0.04178145087235997,0.05188246097337008,0.04545454545454546,0.04729109274563821,0.043617998163452715,0.02341597796143251,0.039944903581267226,0.04637281910009183,0.03535353535353536,0.027089072543618004
281,0.022321428571428572,0.04712301587301587,0.06398809523809523,0.06597222222222222,0.03819444444444445,0.0679563492063492,0.07192460317460317,0.04513888888888889,0.04117063492063492,0.03125,0.03422619047619048,0.043154761904761904,0.049107142857142856,0.06101190476190476,0.027281746031746032,0.0679563492063492,0.05109126984126984,0.059027777777777776,0.0679563492063492,0.0441468253968254
282,0.026643990929705215,0.04591836734693878,0.07086167800453515,0.06859410430839002,0.041383219954648526,0.05612244897959184,0.0481859410430839,0.0391156462585034,0.031179138321995464,0.053854875283446714,0.04591836734693878,0.03458049886621315,0.02891156462585034,0.05045351473922902,0.054988662131519275,0.0810657596371882,0.06292517006802721,0.0810657596371882,0.0481859410430839,0.030045351473922902
283,0.021292217327459614,0.03597650513950073,0.05506607929515417,0.10499265785609395,0.0594713656387665,0.0364659813999021,0.08149779735682817,0.04429760156632403,0.07317670093000488,0.04625550660792951,0.047723935389133616,0.027655408712677427,0.022760646108663726,0.032550171316691134,0.06828193832599118,0.049681840430739095,0.051639745472344574,0.07856093979441996,0.030592266275085652,0.032060695056289765
284,0.020800421274354924,0.02869931542917325,0.07661927330173776,0.08978409689310163,0.049236440231700894,0.05028962611901001,0.030805687203791468,0.04818325434439179,0.06345444971037388,0.08715113217482885,0.019220642443391257,0.028172722485518695,0.017640863612427594,0.11874670879410217,0.05344918378093733,0.04765666140073723,0.042917324907846235,0.038704581358609796,0.06398104265402843,0.02448657187993681
285,0.03333333333333334,0.02698412698412699,0.08624338624338626,0.0798941798941799,0.06084656084656085,0.03862433862433863,0.05767195767195768,0.03968253968253969,0.03121693121693122,0.04603174603174604,0.03333333333333334,0.04074074074074075,0.03333333333333334,0.05873015873015874,0.07142857142857144,0.05026455026455027,0.04920634920634921,0.061904761904761914,0.06825396825396826,0.03227513227513228
286,0.03676470588235295,0.03676470588235295,0.05147058823529413,0.06781045751633988,0.03676470588235295,0.08415032679738564,0.06944444444444446,0.05964052287581701,0.03676470588235295,0.04330065359477125,0.06617647058823531,0.0465686274509804,0.03676470588235295,0.03676470588235295,0.06944444444444446,0.038398692810457526,0.0465686274509804,0.058006535947712434,0.038398692810457526,0.040032679738562095
287,0.028076463560334528,0.08064516129032258,0.06750298685782556,0.06750298685782556,0.04002389486260454,0.07347670250896057,0.04958183990442055,0.02927120669056153,0.04241338112305854,0.07228195937873358,0.032855436081242535,0.04121863799283154,0.028076463560334528,0.06033452807646356,0.06272401433691756,0.02927120669056153,0.03524492234169654,0.06511350059737156,0.05794504181600956,0.03643966547192354
288,0.03676470588235295,0.04983660130718955,0.04166666666666667,0.07598039215686275,0.038398692810457526,0.03676470588235295,0.03676470588235295,0.044934640522875824,0.06127450980392157,0.07598039215686275,0.0531045751633987,0.06290849673202616,0.07271241830065361,0.044934640522875824,0.05800653594771243,0.0531045751633987,0.04166666666666667,0.04166666666666667,0.03676470588235295,0.03676470588235295
289,0.02373737373737373,0.02373737373737373,0.06717171717171716,0.07929292929292928,0.04999999999999999,0.05404040404040403,0.07727272727272726,0.062121212121212105,0.0409090909090909,0.04595959595959595,0.04797979797979796,0.04595959595959595,0.02777777777777777,0.05707070707070706,0.0409090909090909,0.04494949494949494,0.02575757575757575,0.09545454545454543,0.06717171717171716,0.022727272727272724
290,0.027559055118110236,0.020559930008748905,0.030183727034120734,0.08792650918635171,0.049431321084864394,0.12467191601049869,0.03805774278215223,0.0310586176727909,0.027559055118110236,0.10279965004374453,0.03543307086614173,0.024934383202099737,0.030183727034120734,0.04505686789151356,0.044181977252843396,0.046806649168853895,0.0415573053368329,0.10454943132108487,0.06430446194225722,0.023184601924759404
291,0.01842948717948718,0.03926282051282051,0.04887820512820513,0.0734508547008547,0.03766025641025641,0.08306623931623931,0.03178418803418803,0.029113247863247864,0.028044871794871796,0.09107905982905982,0.03392094017094017,0.03231837606837607,0.048344017094017096,0.044070512820512824,0.09642094017094018,0.03392094017094017,0.04513888888888889,0.10016025641025642,0.0686431623931624,0.016292735042735044
292,0.026505513146734522,0.017599660729431723,0.03668363019508058,0.0693384223918575,0.05364715860899067,0.09181509754028838,0.03710771840542833,0.048982188295165395,0.06424936386768448,0.03286683630195081,0.03159457167090755,0.020568278201865988,0.052374893977947416,0.09054283290924513,0.13379983036471585,0.054919423240033925,0.02268871925360475,0.03710771840542833,0.05703986429177269,0.020568278201865988
293,0.024999999999999994,0.04277777777777777,0.040555555555555546,0.10944444444444441,0.028333333333333325,0.054999999999999986,0.040555555555555546,0.034999999999999996,0.0461111111111111,0.11166666666666664,0.06055555555555554,0.05055555555555554,0.030555555555555548,0.03722222222222221,0.039444444444444435,0.08277777777777777,0.033888888888888885,0.07277777777777776,0.029444444444444436,0.028333333333333325
294,0.04123263888888888,0.03862847222222222,0.08810763888888888,0.09157986111111109,0.02387152777777777,0.08289930555555554,0.05164930555555554,0.02560763888888888,0.05946180555555554,0.044704861111111105,0.036024305555555546,0.043836805555555546,0.0525173611111111,0.05512152777777776,0.04730902777777776,0.05512152777777776,0.05512152777777776,0.04036458333333333,0.043836805555555546,0.02300347222222222
295,0.03270291568163908,0.024034672970843177,0.03191489361702127,0.11071710007880217,0.03743104806934593,0.05003940110323088,0.039007092198581554,0.03743104806934593,0.06501182033096925,0.03506698187549251,0.03270291568163908,0.03349093774625689,0.04373522458628841,0.05791962174940897,0.1044129235618597,0.039007092198581554,0.06658786446020487,0.07840819542947201,0.05555555555555554,0.024822695035460987
296,0.02157943067033976,0.04178145087235996,0.0573921028466483,0.049127640036730945,0.04453627180899908,0.04086317722681359,0.08953168044077135,0.05555555555555555,0.052800734618916434,0.11065197428833792,0.02066115702479339,0.03076216712580349,0.03443526170798898,0.023415977961432508,0.06106519742883379,0.06932966023875115,0.04453627180899908,0.08218549127640037,0.049127640036730945,0.02066115702479339
297,0.03373015873015873,0.046957671957671955,0.046957671957671955,0.03505291005291005,0.05357142857142857,0.05489417989417989,0.036375661375661374,0.03902116402116402,0.05489417989417989,0.083994708994709,0.037698412698412696,0.031084656084656083,0.0496031746031746,0.06018518518518518,0.10515873015873016,0.05489417989417989,0.031084656084656083,0.08134920634920635,0.03373015873015873,0.02976190476190476
298,0.03884711779448621,0.04218880534670008,0.054720133667502086,0.032999164578111945,0.06223893065998329,0.060568086883876354,0.0772765246449457,0.04051796157059315,0.03467000835421888,0.027986633249791143,0.02631578947368421,0.021303258145363407,0.05555555555555555,0.05137844611528822,0.04720133667502088,0.07226399331662489,0.03717627401837928,0.14411027568922305,0.035505430242272346,0.03717627401837928
299,0.026205450733752612,0.03249475890985324,0.03529000698812019,0.09608665269042625,0.0527603074772886,0.06254367575122291,0.06184486373165617,0.026205450733752612,0.06883298392732354,0.047169811320754707,0.02550663871418588,0.028301886792452824,0.03109713487071977,0.0911949685534591,0.05835080363382249,0.041579315164220816,0.030398322851153032,0.11844863731656181,0.046470999301187976,0.01921733053808525
300,0.02071005917159764,0.045036160420775816,0.062130177514792904,0.07001972386587772,0.031886916502301126,0.07922419460881001,0.03780407626561474,0.05424063116370809,0.0982905982905983,0.05687047994740303,0.031886916502301126,0.036489151873767264,0.03320184089414859,0.06344510190664038,0.04635108481262328,0.06147271531886917,0.03846153846153847,0.05884286653517423,0.051610782380013154,0.022024983563445105
301,0.030120481927710843,0.04618473895582329,0.04484605087014726,0.03681392235609103,0.05555555555555555,0.05689424364123159,0.030120481927710843,0.07697456492637215,0.03145917001338688,0.03413654618473896,0.05555555555555555,0.05555555555555555,0.06492637215528782,0.06358768406961178,0.06358768406961178,0.03815261044176707,0.09036144578313253,0.040829986613119144,0.05421686746987952,0.030120481927710843
302,0.056962025316455694,0.06258790436005626,0.08649789029535865,0.06118143459915612,0.03164556962025317,0.03305203938115331,0.035864978902953586,0.058368495077355836,0.03727144866385373,0.09071729957805907,0.03164556962025317,0.04008438818565401,0.04289732770745429,0.04289732770745429,0.052742616033755275,0.0639943741209564,0.03164556962025317,0.06962025316455696,0.03867791842475387,0.03164556962025317
303,0.016019086571233812,0.03783231083844581,0.04942058623040218,0.07191547375596455,0.047375596455351054,0.039195637355146556,0.03987730061349693,0.040558963871847306,0.018064076346284937,0.1223585548738923,0.04669393319700068,0.01874573960463531,0.02419904567143831,0.06918882072256305,0.08759372869802318,0.07464212678936605,0.02419904567143831,0.11008861622358555,0.046012269938650305,0.016019086571233812
304,0.02755194218608852,0.03297199638663052,0.06278229448961155,0.07994579945799457,0.05736224028906954,0.04652213188798554,0.035682023486901526,0.07091237579042456,0.04561878952122854,0.07994579945799457,0.03929539295392953,0.03206865401987353,0.035682023486901526,0.05555555555555554,0.05645889792231254,0.05013550135501354,0.04652213188798554,0.09439927732610656,0.02935862691960252,0.021228545618789518
305,0.02577319587628866,0.05097365406643757,0.05899198167239404,0.04524627720504009,0.05670103092783505,0.06357388316151202,0.0990836197021764,0.030355097365406643,0.05899198167239404,0.05441008018327606,0.06128293241695303,0.03722794959908362,0.029209621993127148,0.08648339060710195,0.0441008018327606,0.0441008018327606,0.029209621993127148,0.06357388316151202,0.030355097365406643,0.030355097365406643
306,0.031084656084656086,0.04695767195767196,0.09589947089947091,0.04431216931216932,0.0376984126984127,0.04695767195767196,0.05753968253968254,0.07870370370370372,0.058862433862433866,0.05621693121693122,0.05092592592592593,0.031084656084656086,0.06150793650793651,0.07341269841269843,0.042989417989417994,0.031084656084656086,0.04695767195767196,0.04034391534391535,0.03240740740740741,0.03505291005291006
307,0.015337423312883439,0.02897068847989094,0.11963190184049083,0.07259713701431494,0.024199045671438317,0.07055214723926381,0.07736877982276756,0.024199045671438317,0.06169052488070895,0.058282208588957066,0.04260395364689844,0.028289025221540566,0.06169052488070895,0.03919563735514656,0.029652351738241316,0.06509884117246081,0.05419222903885482,0.04464894342194956,0.04942058623040219,0.032379004771642815
308,0.0373134328358209,0.04228855721393036,0.0373134328358209,0.09701492537313434,0.04560530679933666,0.038971807628524056,0.04394693200663351,0.06550580431177447,0.04394693200663351,0.04228855721393036,0.04726368159203981,0.0373134328358209,0.05223880597014926,0.06882255389718078,0.04063018242122721,0.0373134328358209,0.06550580431177447,0.04560530679933666,0.06053067993366502,0.05058043117744611
309,0.02401746724890829,0.03663270257156719,0.0870936438622028,0.08854924793789422,0.02644347404172731,0.044395924308588054,0.05361475012130033,0.02644347404172731,0.06671518680252303,0.0759340126152353,0.046821931101407074,0.0376031052886948,0.052159146045608916,0.0380883066472586,0.06720038816108684,0.0254730713245997,0.05749636098981076,0.05361475012130033,0.07108199902959728,0.020621057738961664
310,0.026923076923076925,0.03376068376068376,0.049145299145299144,0.09615384615384616,0.026923076923076925,0.04401709401709402,0.03974358974358974,0.04487179487179487,0.06111111111111111,0.07222222222222222,0.03717948717948718,0.03717948717948718,0.031196581196581197,0.1423076923076923,0.03034188034188034,0.03717948717948718,0.03632478632478633,0.07991452991452991,0.053418803418803416,0.020085470085470087
311,0.04350736278447121,0.054216867469879505,0.052878179384203465,0.05020080321285139,0.04752342704149932,0.05957161981258365,0.03547523427041498,0.0649263721552878,0.046184738955823285,0.05555555555555554,0.030120481927710836,0.038152610441767064,0.0394912985274431,0.030120481927710836,0.06358768406961177,0.04484605087014725,0.04886211512717535,0.11311914323962514,0.04886211512717535,0.03279785809906291
312,0.03180354267310789,0.06481481481481481,0.08977455716586151,0.06723027375201288,0.06561996779388084,0.03904991948470209,0.03985507246376811,0.048711755233494365,0.0213365539452496,0.03904991948470209,0.05434782608695652,0.035024154589371984,0.03421900161030596,0.03743961352657005,0.048711755233494365,0.06481481481481481,0.049516908212560384,0.10587761674718196,0.03421900161030596,0.0285829307568438
313,0.0367965367965368,0.032467532467532464,0.045454545454545456,0.04256854256854257,0.032467532467532464,0.03391053391053391,0.049783549783549784,0.07575757575757576,0.049783549783549784,0.06421356421356421,0.032467532467532464,0.03391053391053391,0.03391053391053391,0.09451659451659451,0.06277056277056277,0.06421356421356421,0.07431457431457432,0.06854256854256854,0.03823953823953824,0.03391053391053391
314,0.02294685990338164,0.030193236714975837,0.03743961352657004,0.09621578099838966,0.03099838969404186,0.08816425120772946,0.04468599033816424,0.026972624798711747,0.039855072463768106,0.0865539452495974,0.03099838969404186,0.03341384863123993,0.031803542673107886,0.0938003220611916,0.06964573268921094,0.025362318840579705,0.026167471819645727,0.11151368760064409,0.054347826086956506,0.018921095008051527
315,0.03897180762852405,0.0439469320066335,0.0439469320066335,0.04228855721393035,0.04892205638474295,0.07379767827529021,0.03731343283582089,0.05555555555555555,0.05223880597014925,0.06550580431177445,0.05223880597014925,0.0538971807628524,0.0439469320066335,0.03897180762852405,0.05223880597014925,0.03731343283582089,0.10530679933665009,0.03897180762852405,0.03731343283582089,0.03731343283582089
316,0.04224537037037037,0.030671296296296297,0.05960648148148148,0.05844907407407408,0.04918981481481482,0.07928240740740741,0.04918981481481482,0.036458333333333336,0.07465277777777778,0.06539351851851852,0.043402777777777776,0.07002314814814815,0.03530092592592592,0.050347222222222224,0.03993055555555555,0.045717592592592594,0.04456018518518518,0.027199074074074073,0.06539351851851852,0.03298611111111111
317,0.04372427983539094,0.02623456790123456,0.05606995884773661,0.1023662551440329,0.04681069958847736,0.02623456790123456,0.04783950617283949,0.04681069958847736,0.04166666666666666,0.07664609053497941,0.04166666666666666,0.04166666666666666,0.02932098765432098,0.06018518518518517,0.02520576131687242,0.07458847736625512,0.04783950617283949,0.05195473251028805,0.07561728395061727,0.0375514403292181
318,0.03034979423868312,0.03960905349794238,0.03858024691358024,0.09104938271604937,0.0715020576131687,0.03446502057613168,0.06944444444444443,0.04063786008230452,0.06430041152263373,0.04475308641975308,0.04578189300411522,0.04681069958847736,0.03960905349794238,0.0375514403292181,0.0715020576131687,0.02829218106995884,0.0632716049382716,0.05606995884773661,0.05195473251028805,0.03446502057613168
319,0.029271206690561536,0.04958183990442056,0.030465949820788537,0.11768219832735964,0.03405017921146954,0.04599761051373955,0.0842293906810036,0.06511350059737157,0.04241338112305855,0.055555555555555566,0.03882915173237755,0.029271206690561536,0.05675029868578257,0.035244922341696544,0.037634408602150546,0.04599761051373955,0.059139784946236576,0.06152927120669058,0.04838709677419356,0.03285543608124254
320,0.04166666666666667,0.04166666666666667,0.04166666666666667,0.056481481481481494,0.04166666666666667,0.0638888888888889,0.060185185185185196,0.05277777777777779,0.04537037037037038,0.04166666666666667,0.04537037037037038,0.05833333333333335,0.04166666666666667,0.060185185185185196,0.04166666666666667,0.05092592592592594,0.04166666666666667,0.07500000000000001,0.056481481481481494,0.04166666666666667
321,0.029069767441860458,0.030361757105943146,0.036821705426356585,0.10271317829457362,0.051033591731266134,0.03165374677002583,0.03165374677002583,0.04198966408268733,0.05361757105943151,0.08979328165374675,0.04069767441860465,0.04328165374677002,0.052325581395348826,0.04715762273901807,0.04328165374677002,0.04328165374677002,0.048449612403100764,0.051033591731266134,0.08720930232558138,0.04457364341085271
322,0.035115303983228506,0.026729559748427667,0.030922431865828087,0.06656184486373164,0.047693920335429754,0.057127882599580695,0.05188679245283018,0.08333333333333331,0.03825995807127882,0.05922431865828091,0.06761006289308175,0.0340670859538784,0.03616352201257861,0.05293501048218028,0.02987421383647798,0.030922431865828087,0.05503144654088049,0.09381551362683435,0.07389937106918237,0.028825995807127875
323,0.02336448598130841,0.03063343717549325,0.08151609553478713,0.05659397715472482,0.04205607476635514,0.07217030114226376,0.0680166147455867,0.05970924195223261,0.02336448598130841,0.03582554517133956,0.028556593977154723,0.03686396677050883,0.043094496365524405,0.0711318795430945,0.027518172377985463,0.05451713395638629,0.04205607476635514,0.1272066458982347,0.052440290758047764,0.02336448598130841
324,0.04715219421101774,0.037815126050420166,0.06582633053221289,0.08356676003734827,0.023809523809523808,0.04061624649859944,0.041549953314659195,0.03034547152194211,0.028478057889822595,0.10877684407096172,0.03221288515406162,0.06862745098039216,0.025676937441643323,0.05929038281979458,0.04061624649859944,0.025676937441643323,0.049019607843137254,0.05555555555555555,0.10224089635854341,0.03314659197012138
325,0.06250000000000001,0.046626984126984135,0.04464285714285715,0.10615079365079368,0.046626984126984135,0.04464285714285715,0.04464285714285715,0.058531746031746046,0.048611111111111126,0.04464285714285715,0.04464285714285715,0.048611111111111126,0.04464285714285715,0.04464285714285715,0.04464285714285715,0.04464285714285715,0.04464285714285715,0.046626984126984135,0.04464285714285715,0.04464285714285715
326,0.02270531400966183,0.03816425120772946,0.02270531400966183,0.08647342995169081,0.030434782608695646,0.1154589371980676,0.057487922705314,0.060386473429951674,0.054589371980676316,0.032367149758454096,0.0681159420289855,0.03816425120772946,0.027536231884057964,0.12028985507246374,0.027536231884057964,0.03140096618357487,0.05555555555555554,0.05072463768115941,0.02560386473429951,0.034299516908212556
327,0.028840315725561626,0.02459016393442623,0.050698239222829386,0.16666666666666666,0.03551912568306011,0.05130540376442016,0.0610200364298725,0.05494839101396479,0.028233151183970857,0.061627200971463264,0.02459016393442623,0.022161505768063146,0.033697632058287796,0.09259259259259259,0.04159077109896782,0.056162720097146325,0.02459016393442623,0.09319975713418337,0.02034001214329083,0.027625986642380085
328,0.03623188405797101,0.03623188405797101,0.05555555555555554,0.05555555555555554,0.03623188405797101,0.05394524959742349,0.049114331723027364,0.05555555555555554,0.049114331723027364,0.08132045088566826,0.049114331723027364,0.03623188405797101,0.03623188405797101,0.05394524959742349,0.05877616747181963,0.057165861513687584,0.044283413848631235,0.06521739130434781,0.05072463768115941,0.0394524959742351
329,0.04117647058823529,0.05816993464052286,0.04901960784313724,0.07908496732026142,0.037254901960784306,0.06862745098039215,0.043790849673202605,0.029411764705882346,0.033333333333333326,0.05947712418300652,0.04248366013071895,0.03856209150326797,0.08169934640522875,0.04640522875816993,0.032026143790849664,0.06078431372549018,0.05163398692810456,0.08823529411764705,0.029411764705882346,0.029411764705882346
330,0.04642313546423135,0.05555555555555555,0.03576864535768645,0.05251141552511415,0.03729071537290715,0.05403348554033485,0.03424657534246575,0.04946727549467275,0.05555555555555555,0.03729071537290715,0.05098934550989345,0.04490106544901065,0.05251141552511415,0.08751902587519025,0.08904109589041095,0.06468797564687975,0.03424657534246575,0.04185692541856925,0.03576864535768645,0.04033485540334855
331,0.02611940298507463,0.02114427860696518,0.058457711442786074,0.05182421227197347,0.05182421227197347,0.047678275290215594,0.03689883913764511,0.031094527363184084,0.08084577114427863,0.08913764510779437,0.041873963515754564,0.04684908789386402,0.050995024875621894,0.08996683250414596,0.047678275290215594,0.07752902155887231,0.029436152570480933,0.05928689883913765,0.03441127694859039,0.026948590381426205
332,0.016129032258064516,0.04910394265232975,0.04767025089605735,0.0935483870967742,0.08422939068100359,0.05268817204301075,0.03763440860215054,0.024731182795698924,0.02186379928315412,0.046236559139784944,0.03261648745519713,0.04838709677419355,0.046236559139784944,0.1,0.01827956989247312,0.046236559139784944,0.04121863799283154,0.1086021505376344,0.06200716845878136,0.02258064516129032
333,0.03763440860215054,0.03882915173237754,0.028076463560334528,0.13560334528076465,0.03524492234169654,0.06511350059737156,0.05794504181600956,0.05913978494623656,0.031660692951015534,0.10454002389486261,0.03643966547192354,0.03763440860215054,0.03046594982078853,0.04002389486260454,0.034050179211469536,0.03643966547192354,0.028076463560334528,0.07945041816009558,0.04958183990442055,0.034050179211469536
334,0.02120669056152927,0.03853046594982079,0.06660692951015532,0.05824372759856631,0.053464755077658306,0.09229390681003584,0.0540621266427718,0.028375149342891277,0.0504778972520908,0.06242532855436081,0.028375149342891277,0.042114695340501794,0.03494623655913978,0.08691756272401434,0.0480884109916368,0.036738351254480286,0.030764635603345282,0.10125448028673835,0.043309438470728795,0.02180406212664277
335,0.04191919191919192,0.03787878787878788,0.06515151515151515,0.05505050505050505,0.04696969696969697,0.04393939393939394,0.026767676767676767,0.03585858585858586,0.04595959595959596,0.07727272727272727,0.05,0.06313131313131314,0.04494949494949495,0.11060606060606061,0.03787878787878788,0.0398989898989899,0.04595959595959596,0.04898989898989899,0.05606060606060606,0.025757575757575757
336,0.027777777777777776,0.03148148148148148,0.06604938271604938,0.05740740740740741,0.04876543209876543,0.06111111111111111,0.053703703703703705,0.040123456790123455,0.037654320987654324,0.046296296296296294,0.04506172839506173,0.05864197530864197,0.05493827160493827,0.0882716049382716,0.03888888888888889,0.033950617283950615,0.05123456790123457,0.07839506172839507,0.046296296296296294,0.033950617283950615
337,0.03333333333333333,0.056862745098039215,0.0542483660130719,0.1130718954248366,0.052941176470588235,0.029411764705882353,0.03333333333333333,0.03202614379084967,0.056862745098039215,0.06601307189542484,0.06601307189542484,0.042483660130718956,0.029411764705882353,0.07777777777777778,0.03333333333333333,0.03333333333333333,0.03071895424836601,0.049019607843137254,0.0803921568627451,0.029411764705882353
338,0.023523523523523524,0.03153153153153153,0.06056056056056056,0.06256256256256257,0.03553553553553553,0.03953953953953954,0.05755755755755756,0.03553553553553553,0.023523523523523524,0.07357357357357357,0.033533533533533534,0.05055055055055055,0.06556556556556556,0.04154154154154154,0.08158158158158157,0.0965965965965966,0.05855855855855856,0.05455455455455455,0.04254254254254254,0.03153153153153153
339,0.02466124661246613,0.03983739837398375,0.03658536585365854,0.06368563685636858,0.0897018970189702,0.05501355013550137,0.04796747967479676,0.03170731707317074,0.040921409214092146,0.07127371273712739,0.04471544715447155,0.03875338753387535,0.037669376693766944,0.0924119241192412,0.081029810298103,0.057181571815718174,0.023577235772357732,0.050135501355013566,0.05284552845528457,0.020325203252032523
340,0.021296296296296296,0.04537037037037037,0.05339506172839506,0.07314814814814814,0.03302469135802469,0.04845679012345679,0.03734567901234568,0.05339506172839506,0.026851851851851852,0.06327160493827161,0.03981481481481482,0.03796296296296296,0.030555555555555555,0.06512345679012346,0.055246913580246915,0.062037037037037036,0.06018518518518518,0.08734567901234568,0.07314814814814814,0.03302469135802469
341,0.03443526170798898,0.05463728191000918,0.05188246097337006,0.06565656565656566,0.06106519742883379,0.03351698806244261,0.08402203856749312,0.048209366391184574,0.0674931129476584,0.045454545454545456,0.04178145087235996,0.023415977961432508,0.03076216712580349,0.08494031221303948,0.0711662075298439,0.049127640036730945,0.04453627180899908,0.05555555555555555,0.028925619834710745,0.023415977961432508
342,0.017857142857142856,0.060714285714285714,0.054365079365079366,0.06547619047619048,0.03214285714285714,0.03531746031746032,0.07738095238095238,0.05357142857142857,0.05992063492063492,0.0630952380952381,0.06626984126984127,0.02738095238095238,0.054365079365079366,0.04801587301587302,0.08055555555555556,0.04563492063492063,0.02976190476190476,0.07103174603174603,0.034523809523809526,0.02261904761904762
343,0.04153182308522114,0.035059331175836025,0.05771305285868391,0.07497303128371088,0.05447680690399136,0.03937432578209277,0.05339805825242717,0.04476806903991369,0.04476806903991369,0.1030204962243797,0.02642934196332254,0.02858683926645091,0.024271844660194167,0.08899676375404529,0.07173678532901832,0.04368932038834951,0.0663430420711974,0.04476806903991369,0.031823085221143466,0.024271844660194167
344,0.043103448275862065,0.0507662835249042,0.060344827586206885,0.07567049808429117,0.043103448275862065,0.043103448275862065,0.0507662835249042,0.0450191570881226,0.0507662835249042,0.0507662835249042,0.043103448275862065,0.0450191570881226,0.0507662835249042,0.043103448275862065,0.04885057471264367,0.043103448275862065,0.054597701149425276,0.06992337164750956,0.0450191570881226,0.043103448275862065
345,0.024038461538461533,0.041132478632478625,0.04006410256410256,0.06997863247863247,0.03472222222222222,0.05929487179487178,0.050747863247863234,0.04326923076923076,0.03044871794871794,0.0422008547008547,0.05395299145299144,0.03044871794871794,0.04326923076923076,0.051816239316239306,0.05715811965811964,0.04647435897435897,0.03472222222222222,0.14690170940170938,0.05929487179487178,0.04006410256410256
346,0.051440329218106984,0.07887517146776404,0.03086419753086419,0.06378600823045266,0.03086419753086419,0.06104252400548695,0.06378600823045266,0.0363511659807956,0.03086419753086419,0.05829903978052125,0.0336076817558299,0.037722908093278454,0.0569272976680384,0.07613168724279834,0.03497942386831275,0.03086419753086419,0.05829903978052125,0.052812071330589835,0.04595336076817558,0.06652949245541837
347,0.06213450292397659,0.03435672514619882,0.04605263157894736,0.05774853801169589,0.037280701754385956,0.032894736842105254,0.07675438596491227,0.06359649122807016,0.037280701754385956,0.08260233918128654,0.04605263157894736,0.04751461988304092,0.032894736842105254,0.06505847953216373,0.04020467836257309,0.032894736842105254,0.054824561403508755,0.0840643274853801,0.032894736842105254,0.032894736842105254
348,0.03682170542635659,0.034237726098191215,0.11046511627906977,0.10400516795865633,0.040697674418604654,0.030361757105943153,0.04974160206718346,0.07170542635658915,0.0355297157622739,0.07041343669250646,0.05103359173126615,0.03682170542635659,0.029069767441860465,0.044573643410852716,0.05749354005167959,0.043281653746770024,0.04198966408268734,0.040697674418604654,0.029069767441860465,0.04198966408268734
349,0.04907407407407409,0.04166666666666667,0.04166666666666667,0.07500000000000001,0.04166666666666667,0.05833333333333335,0.04166666666666667,0.047222222222222235,0.0675925925925926,0.04166666666666667,0.04166666666666667,0.06944444444444446,0.04537037037037038,0.043518518518518526,0.04166666666666667,0.05833333333333335,0.04166666666666667,0.06944444444444446,0.04166666666666667,0.04166666666666667
350,0.023873873873873873,0.02087087087087087,0.039489489489489486,0.06771771771771772,0.03078078078078078,0.056006006006006005,0.025375375375375375,0.033483483483483484,0.053903903903903906,0.11936936936936937,0.046696696696696696,0.03528528528528529,0.052402402402402404,0.08063063063063063,0.03048048048048048,0.07372372372372372,0.07282282282282282,0.0518018018018018,0.07012012012012012,0.015165165165165166
351,0.03071895424836602,0.0411764705882353,0.0411764705882353,0.06209150326797387,0.03594771241830066,0.08039215686274512,0.0411764705882353,0.06601307189542485,0.0411764705882353,0.05294117647058825,0.03986928104575164,0.03725490196078432,0.03856209150326798,0.03725490196078432,0.0411764705882353,0.06732026143790851,0.06993464052287583,0.10261437908496734,0.0411764705882353,0.03202614379084968
352,0.03424657534246575,0.07686453576864535,0.07838660578386605,0.04490106544901065,0.03729071537290715,0.03424657534246575,0.05251141552511415,0.04794520547945205,0.05555555555555555,0.05098934550989345,0.03576864535768645,0.04185692541856925,0.04794520547945205,0.03424657534246575,0.05859969558599695,0.06164383561643835,0.03576864535768645,0.10273972602739725,0.03424657534246575,0.03424657534246575
353,0.035168195718654434,0.023955147808358817,0.058613659531090725,0.0545361875637105,0.06676860346585117,0.03720693170234455,0.07492354740061162,0.06778797145769623,0.03618756371049949,0.08205912334352701,0.08103975535168195,0.03109072375127421,0.02599388379204893,0.03924566768603466,0.046381243628950054,0.046381243628950054,0.03618756371049949,0.060652395514780834,0.03211009174311927,0.063710499490316
354,0.0423728813559322,0.044256120527306965,0.0423728813559322,0.05555555555555555,0.04990583804143126,0.0423728813559322,0.0423728813559322,0.0951035781544256,0.04990583804143126,0.06497175141242938,0.0423728813559322,0.044256120527306965,0.04990583804143126,0.044256120527306965,0.046139359698681735,0.0423728813559322,0.05743879472693032,0.05367231638418079,0.0423728813559322,0.0480225988700565
355,0.040322580645161296,0.0421146953405018,0.0439068100358423,0.09050179211469535,0.0421146953405018,0.045698924731182804,0.040322580645161296,0.040322580645161296,0.07258064516129034,0.0421146953405018,0.05645161290322582,0.04928315412186381,0.040322580645161296,0.040322580645161296,0.040322580645161296,0.0421146953405018,0.05645161290322582,0.07078853046594984,0.05107526881720432,0.052867383512544816
356,0.017592592592592597,0.015740740740740743,0.08487654320987656,0.06141975308641976,0.04290123456790124,0.08055555555555557,0.05648148148148149,0.05154320987654322,0.04166666666666667,0.07438271604938274,0.03179012345679013,0.01697530864197531,0.019444444444444448,0.08117283950617285,0.05648148148148149,0.02438271604938272,0.0638888888888889,0.08981481481481483,0.06697530864197532,0.021913580246913585
357,0.03787878787878789,0.05303030303030304,0.06313131313131315,0.05471380471380472,0.04797979797979798,0.04797979797979798,0.06649831649831651,0.04461279461279462,0.051346801346801356,0.05303030303030304,0.03956228956228957,0.042929292929292935,0.03787878787878789,0.0462962962962963,0.051346801346801356,0.03787878787878789,0.05471380471380472,0.06986531986531988,0.051346801346801356,0.04797979797979798
358,0.03787878787878789,0.06986531986531988,0.03787878787878789,0.03787878787878789,0.03787878787878789,0.06481481481481483,0.04461279461279462,0.0782828282828283,0.05471380471380473,0.04124579124579125,0.0782828282828283,0.03956228956228957,0.05134680134680136,0.03787878787878789,0.03787878787878789,0.03787878787878789,0.06144781144781146,0.06986531986531988,0.03787878787878789,0.042929292929292935
359,0.041666666666666664,0.02122641509433962,0.06472746331236898,0.09198113207547169,0.039046121593291405,0.05267295597484277,0.03223270440251572,0.08254716981132075,0.023846960167714884,0.0490041928721174,0.0490041928721174,0.06420335429769392,0.03642557651991614,0.06472746331236898,0.0909329140461216,0.03537735849056604,0.033280922431865825,0.06315513626834382,0.04219077568134172,0.021750524109014676
360,0.03384418901660281,0.0351213282247765,0.08237547892720307,0.0491698595146871,0.041507024265644954,0.05172413793103448,0.0491698595146871,0.0351213282247765,0.05172413793103448,0.042784163473818644,0.028735632183908046,0.05683269476372925,0.05172413793103448,0.06449553001277139,0.031289910600255426,0.11558109833971902,0.05044699872286079,0.030012771392081736,0.06577266922094509,0.032567049808429116
361,0.044097222222222225,0.03993055555555555,0.03298611111111111,0.0920138888888889,0.03576388888888889,0.04756944444444444,0.03090277777777778,0.044097222222222225,0.03090277777777778,0.06493055555555556,0.06979166666666667,0.042708333333333334,0.04548611111111111,0.09479166666666666,0.058680555555555555,0.05520833333333333,0.035069444444444445,0.06770833333333333,0.04548611111111111,0.021875
362,0.025,0.02896825396825397,0.059126984126984125,0.038492063492063494,0.025,0.09801587301587301,0.04642857142857143,0.054365079365079366,0.04484126984126984,0.05515873015873016,0.04007936507936508,0.05277777777777778,0.04246031746031746,0.05515873015873016,0.040873015873015874,0.04722222222222222,0.057539682539682536,0.05277777777777778,0.11150793650793651,0.024206349206349207
363,0.026041666666666675,0.038773148148148154,0.06192129629629631,0.08506944444444446,0.026041666666666675,0.02719907407407408,0.07233796296296298,0.07812500000000001,0.05613425925925927,0.03182870370370371,0.04803240740740742,0.04108796296296297,0.05266203703703705,0.05034722222222224,0.05729166666666668,0.05034722222222224,0.05497685185185187,0.0769675925925926,0.03530092592592593,0.029513888888888895
364,0.05046948356807512,0.021517996870109544,0.0418622848200313,0.05438184663536776,0.04655712050078247,0.044209702660406885,0.06924882629107981,0.059076682316118935,0.07237871674491393,0.04812206572769953,0.04655712050078247,0.0418622848200313,0.0418622848200313,0.08098591549295775,0.05046948356807512,0.0661189358372457,0.02543035993740219,0.07394366197183098,0.04499217527386541,0.01995305164319249
365,0.017123287671232876,0.020928462709284626,0.06659056316590563,0.07572298325722983,0.05213089802130898,0.04680365296803653,0.06050228310502283,0.027016742770167426,0.04832572298325723,0.10083713850837138,0.05289193302891933,0.021689497716894976,0.023211567732115676,0.08637747336377473,0.10159817351598173,0.06430745814307458,0.05060882800608828,0.03767123287671233,0.026255707762557076,0.019406392694063926
366,0.03080808080808081,0.03787878787878788,0.05909090909090909,0.04696969696969697,0.025757575757575757,0.04191919191919192,0.04191919191919192,0.025757575757575757,0.06616161616161616,0.05909090909090909,0.06111111111111111,0.04393939393939394,0.031818181818181815,0.11363636363636363,0.05303030303030303,0.06717171717171717,0.03888888888888889,0.05303030303030303,0.0691919191919192,0.03282828282828283
367,0.021100427350427352,0.03766025641025641,0.07932692307692307,0.08253205128205128,0.05261752136752137,0.04193376068376068,0.03498931623931624,0.04674145299145299,0.02751068376068376,0.06810897435897435,0.040865384615384616,0.021634615384615384,0.03125,0.07451923076923077,0.03552350427350427,0.03552350427350427,0.07612179487179487,0.09321581196581197,0.07932692307692307,0.019497863247863248
368,0.04344729344729345,0.03205128205128205,0.06481481481481481,0.03347578347578348,0.03632478632478633,0.03205128205128205,0.0633903133903134,0.04487179487179487,0.04487179487179487,0.0933048433048433,0.03347578347578348,0.04487179487179487,0.057692307692307696,0.0876068376068376,0.05056980056980057,0.04344729344729345,0.03774928774928775,0.07336182336182336,0.0405982905982906,0.04202279202279202
369,0.04608585858585859,0.04356060606060607,0.03093434343434344,0.06881313131313133,0.04482323232323233,0.07638888888888891,0.051136363636363646,0.06755050505050507,0.06250000000000001,0.05744949494949496,0.04103535353535354,0.051136363636363646,0.03977272727272728,0.03093434343434344,0.07386363636363638,0.038510101010101015,0.04608585858585859,0.05492424242424243,0.04103535353535354,0.03345959595959597
370,0.0390625,0.0720486111111111,0.042534722222222224,0.04079861111111111,0.0390625,0.06510416666666667,0.0390625,0.0720486111111111,0.0546875,0.059895833333333336,0.06336805555555555,0.0390625,0.05295138888888889,0.0390625,0.04079861111111111,0.04600694444444445,0.0703125,0.0390625,0.04600694444444445,0.0390625
371,0.05026455026455026,0.03756613756613757,0.025925925925925925,0.059788359788359786,0.08835978835978836,0.038624338624338624,0.04708994708994709,0.046031746031746035,0.0291005291005291,0.02486772486772487,0.06825396825396825,0.07354497354497354,0.0417989417989418,0.0417989417989418,0.06190476190476191,0.035449735449735446,0.03650793650793651,0.10105820105820106,0.06190476190476191,0.03015873015873016
372,0.04928315412186381,0.04749103942652331,0.040322580645161296,0.040322580645161296,0.045698924731182804,0.058243727598566324,0.040322580645161296,0.07795698924731184,0.04928315412186381,0.05107526881720432,0.06003584229390682,0.040322580645161296,0.06003584229390682,0.06003584229390682,0.040322580645161296,0.040322580645161296,0.06720430107526883,0.040322580645161296,0.05107526881720432,0.040322580645161296
373,0.05107526881720431,0.05286738351254481,0.040322580645161296,0.05107526881720431,0.07078853046594984,0.040322580645161296,0.05286738351254481,0.0474910394265233,0.0421146953405018,0.054659498207885314,0.06362007168458783,0.0421146953405018,0.0439068100358423,0.040322580645161296,0.0474910394265233,0.049283154121863806,0.05645161290322581,0.054659498207885314,0.05824372759856632,0.040322580645161296
374,0.03240740740740741,0.06944444444444446,0.05753968253968254,0.09722222222222224,0.029761904761904764,0.04960317460317461,0.06812169312169314,0.04166666666666667,0.04166666666666667,0.08796296296296298,0.04166666666666667,0.033730158730158735,0.033730158730158735,0.04695767195767196,0.03505291005291006,0.033730158730158735,0.06283068783068785,0.05224867724867725,0.031084656084656086,0.053571428571428575
375,0.03059071729957806,0.029184247538677918,0.04746835443037975,0.049578059071729956,0.05731364275668073,0.039029535864978905,0.027777777777777776,0.0319971870604782,0.08263009845288326,0.0720815752461322,0.029184247538677918,0.03551336146272855,0.04184247538677918,0.14873417721518986,0.04535864978902954,0.020745428973277073,0.05239099859353024,0.08614627285513361,0.038326300984528834,0.03410689170182841
376,0.034246575342465745,0.05098934550989344,0.034246575342465745,0.06468797564687974,0.06164383561643834,0.035768645357686445,0.06316590563165904,0.046423135464231345,0.05555555555555554,0.05251141552511414,0.034246575342465745,0.044901065449010645,0.04794520547945204,0.05859969558599694,0.07686453576864534,0.040334855403348545,0.05251141552511414,0.046423135464231345,0.06316590563165904,0.035768645357686445
377,0.048772609819121446,0.016472868217054265,0.044896640826873384,0.10174418604651163,0.045542635658914726,0.07978036175710594,0.03649870801033592,0.018410852713178296,0.030038759689922482,0.09334625322997415,0.02422480620155039,0.04748062015503876,0.030684754521963824,0.061046511627906974,0.03649870801033592,0.055232558139534885,0.04425064599483204,0.1385658914728682,0.028746770025839793,0.01776485788113695
378,0.031135531135531136,0.04212454212454213,0.04456654456654457,0.04212454212454213,0.028693528693528692,0.028693528693528692,0.0347985347985348,0.07264957264957266,0.038461538461538464,0.043345543345543344,0.04456654456654457,0.04456654456654457,0.056776556776556776,0.040903540903540904,0.07020757020757021,0.059218559218559216,0.027472527472527472,0.12393162393162394,0.056776556776556776,0.06898656898656899
379,0.03468013468013468,0.025925925925925925,0.05286195286195286,0.03265993265993266,0.049494949494949494,0.0367003367003367,0.08585858585858586,0.03063973063973064,0.04141414141414142,0.1202020202020202,0.0468013468013468,0.03872053872053872,0.03872053872053872,0.05084175084175084,0.04478114478114478,0.03939393939393939,0.047474747474747475,0.135016835016835,0.02255892255892256,0.025252525252525252
380,0.02543752543752544,0.01689051689051689,0.03886853886853887,0.10765160765160765,0.04822954822954823,0.04293854293854294,0.06817256817256817,0.04253154253154253,0.02665852665852666,0.06328856328856329,0.03764753764753765,0.03439153439153439,0.028286528286528285,0.10927960927960928,0.06206756206756207,0.049043549043549045,0.05514855514855515,0.09055759055759056,0.04171754171754172,0.011192511192511193
381,0.037634408602150546,0.04360812425328555,0.06272401433691757,0.06511350059737157,0.05197132616487456,0.05555555555555556,0.09856630824372761,0.04121863799283155,0.03285543608124254,0.05675029868578256,0.03882915173237755,0.04002389486260455,0.07347670250896059,0.04599761051373955,0.05436081242532856,0.04360812425328555,0.02807646356033453,0.049581839904420555,0.04121863799283155,0.03882915173237755
382,0.024170274170274172,0.023448773448773448,0.08261183261183261,0.051587301587301584,0.016955266955266956,0.07251082251082251,0.05808080808080808,0.047979797979797977,0.046536796536796536,0.06385281385281386,0.047258297258297256,0.03282828282828283,0.05735930735930736,0.06240981240981241,0.051587301587301584,0.05447330447330447,0.04220779220779221,0.07683982683982683,0.07034632034632035,0.016955266955266956
383,0.02087756546355272,0.0470629865534324,0.04069355980184005,0.13835810332625617,0.030785562632696384,0.03573956121726821,0.0619249823071479,0.03361641896673743,0.06758669497523,0.05838641188959659,0.04493984430290162,0.0194621372965322,0.05838641188959659,0.07749469214437366,0.047770700636942665,0.027954706298655336,0.04989384288747345,0.07537154989384287,0.039278131634819524,0.02441613588110403
384,0.025,0.045987654320987656,0.06574074074074074,0.0404320987654321,0.05462962962962963,0.075,0.04845679012345679,0.06574074074074074,0.03364197530864198,0.09475308641975308,0.032407407407407406,0.023765432098765433,0.028703703703703703,0.10833333333333334,0.052160493827160495,0.03425925925925926,0.062037037037037036,0.07191358024691358,0.016358024691358025,0.020679012345679013
385,0.030465949820788537,0.029271206690561536,0.05077658303464756,0.054360812425328565,0.03166069295101554,0.053166069295101565,0.04360812425328555,0.0890083632019116,0.035244922341696544,0.12724014336917566,0.04719235364396656,0.030465949820788537,0.037634408602150546,0.051971326164874564,0.054360812425328565,0.03166069295101554,0.06272401433691757,0.04838709677419356,0.04002389486260455,0.05077658303464756
386,0.02958937198067632,0.03925120772946859,0.0428743961352657,0.16002415458937194,0.04408212560386473,0.02958937198067632,0.033212560386473425,0.03683574879227052,0.07306763285024154,0.05736714975845409,0.05132850241545892,0.04408212560386473,0.033212560386473425,0.05132850241545892,0.030797101449275357,0.062198067632850226,0.03683574879227052,0.053743961352656994,0.05857487922705313,0.03200483091787439
387,0.0308641975308642,0.03460531238309017,0.0420875420875421,0.0619154508043397,0.09109614665170222,0.050317994762439214,0.06864945753834645,0.027497194163860834,0.027497194163860834,0.09895248784137674,0.041713430602319496,0.018144407033295926,0.04582865693976806,0.07463524130190798,0.04358398802843248,0.039094650205761326,0.0634118967452301,0.07500935278713058,0.033108866442199784,0.031986531986531994
388,0.03787878787878789,0.03787878787878789,0.05639730639730641,0.04461279461279462,0.06818181818181819,0.08164983164983167,0.05639730639730641,0.03956228956228957,0.03787878787878789,0.05134680134680136,0.04966329966329968,0.0462962962962963,0.04966329966329968,0.03956228956228957,0.03787878787878789,0.06481481481481483,0.06144781144781146,0.06313131313131315,0.03787878787878789,0.03787878787878789
389,0.02938034188034188,0.031517094017094016,0.10737179487179487,0.09348290598290598,0.025106837606837608,0.07532051282051282,0.046474358974358976,0.03685897435897436,0.027243589743589744,0.05929487179487179,0.04326923076923077,0.045405982905982904,0.03579059829059829,0.05822649572649573,0.04754273504273504,0.04861111111111111,0.046474358974358976,0.06143162393162393,0.03258547008547009,0.04861111111111111
390,0.03289473684210527,0.0358187134502924,0.0358187134502924,0.03289473684210527,0.050438596491228074,0.03874269005847954,0.04605263157894737,0.04312865497076024,0.08406432748538013,0.07529239766081873,0.0358187134502924,0.03728070175438597,0.07529239766081873,0.09722222222222224,0.04751461988304094,0.04166666666666667,0.04605263157894737,0.05774853801169591,0.04166666666666667,0.044590643274853806
391,0.02238403451995685,0.02238403451995685,0.05960086299892125,0.0633764832793959,0.08710895361380798,0.053128371089536136,0.05690399137001079,0.02400215749730313,0.03317152103559871,0.08117583603020496,0.03694714131607336,0.04180151024811219,0.017529665587918016,0.08225458468176915,0.05960086299892125,0.05852211434735707,0.03532901833872708,0.10706580366774542,0.04395900755124056,0.013754045307443365
392,0.033129459734964326,0.06269113149847094,0.03924566768603466,0.08205912334352701,0.063710499490316,0.0290519877675841,0.058613659531090725,0.03618756371049949,0.0290519877675841,0.06880733944954129,0.04434250764525994,0.07900101936799185,0.034148827726809376,0.07696228338430174,0.045361875637105,0.033129459734964326,0.042303771661569824,0.052497451580020386,0.0545361875637105,0.035168195718654434
393,0.0266884531590414,0.04847494553376907,0.0735294117647059,0.11601307189542485,0.028867102396514164,0.03213507625272332,0.06481481481481483,0.047385620915032685,0.045206971677559916,0.04956427015250545,0.04411764705882354,0.039760348583878,0.037581699346405234,0.028867102396514164,0.05610021786492375,0.028867102396514164,0.0735294117647059,0.07135076252723313,0.05392156862745099,0.033224400871459704
394,0.028093434343434344,0.038825757575757576,0.07102272727272728,0.054608585858585856,0.050189393939393936,0.07102272727272728,0.030618686868686868,0.050189393939393936,0.03756313131313131,0.08806818181818182,0.045770202020202023,0.03819444444444445,0.018623737373737372,0.06029040404040404,0.04008838383838384,0.05839646464646465,0.050189393939393936,0.06976010101010101,0.0634469696969697,0.035037878787878785
395,0.02586938083121289,0.01993214588634436,0.03689567430025445,0.10729431721798134,0.037743850720949955,0.06658184902459711,0.03604749787955895,0.054707379134860054,0.047073791348600506,0.04198473282442748,0.060644614079728584,0.041136556403731976,0.026717557251908396,0.05640373197625106,0.07506361323155217,0.08778625954198473,0.05555555555555555,0.047073791348600506,0.033502968617472435,0.04198473282442748
396,0.017168209876543213,0.020640432098765437,0.02874228395061729,0.09471450617283954,0.032600308641975315,0.07465277777777779,0.0750385802469136,0.026041666666666675,0.07272376543209878,0.10320216049382719,0.05420524691358026,0.017168209876543213,0.018711419753086423,0.08854166666666669,0.03684413580246914,0.05266203703703705,0.05844907407407409,0.06847993827160495,0.040316358024691364,0.019097222222222227
397,0.02395514780835881,0.036187563710499485,0.04026503567787971,0.08511722731906217,0.049439347604485206,0.06982670744138633,0.043323139653414874,0.06167176350662588,0.04026503567787971,0.04434250764525993,0.07186544342507643,0.02905198776758409,0.03516819571865443,0.030071355759429146,0.050458715596330264,0.10448521916411822,0.057594291539245654,0.05555555555555554,0.04536187563710499,0.025993883792048922
398,0.025323910482921087,0.021397722811150377,0.06262269336474285,0.10031409501374167,0.034354142127993724,0.0700824499411072,0.05791126815861799,0.06026698076168042,0.08029053788771105,0.05516293678837849,0.046525323910482926,0.01904201020808795,0.04770318021201414,0.05751864939144092,0.03592461719670201,0.07047506870828427,0.06065959952885749,0.04574008637612879,0.028857479387514727,0.019827247742442093
399,0.024743230625583566,0.03594771241830065,0.07796451914098973,0.06022408963585434,0.04435107376283847,0.046218487394957986,0.034080298786181136,0.049019607843137254,0.029411764705882353,0.052754435107376284,0.021942110177404293,0.041549953314659195,0.049019607843137254,0.03968253968253968,0.07983193277310924,0.06395891690009337,0.052754435107376284,0.10317460317460317,0.07236227824463119,0.02100840336134454
400,0.041666666666666664,0.03289473684210526,0.046052631578947366,0.05482456140350877,0.05043859649122807,0.07236842105263158,0.03435672514619883,0.08114035087719298,0.04312865497076023,0.03435672514619883,0.04751461988304093,0.035818713450292396,0.0402046783625731,0.046052631578947366,0.0402046783625731,0.041666666666666664,0.062134502923976605,0.08845029239766082,0.05921052631578947,0.04751461988304093
401,0.02717391304347826,0.02717391304347826,0.02717391304347826,0.06340579710144928,0.03804347826086957,0.10084541062801933,0.030797101449275364,0.02717391304347826,0.07185990338164251,0.05495169082125604,0.08031400966183574,0.02717391304347826,0.028381642512077296,0.07065217391304347,0.042874396135265704,0.05253623188405797,0.028381642512077296,0.09118357487922706,0.07669082125603864,0.03321256038647343
402,0.03450292397660818,0.05438596491228069,0.08245614035087719,0.053216374269005835,0.029824561403508764,0.05555555555555554,0.03216374269005847,0.05789473684210525,0.05438596491228069,0.06491228070175437,0.026315789473684202,0.04385964912280701,0.04269005847953216,0.04035087719298245,0.05789473684210525,0.05555555555555554,0.028654970760233912,0.09415204678362571,0.039181286549707595,0.05204678362573098
403,0.0319567354965585,0.032940019665683384,0.05260570304818092,0.0535889872173058,0.04473942969518191,0.04473942969518191,0.03982300884955752,0.08210422812192723,0.056538839724680434,0.058505408062930184,0.025073746312684365,0.02999016715830875,0.02704031465093412,0.037856440511307765,0.09488692232055064,0.032940019665683384,0.06538839724680433,0.10766961651917405,0.05260570304818092,0.029006882989183875
404,0.027777777777777776,0.024747474747474747,0.06414141414141414,0.07121212121212121,0.07222222222222222,0.05505050505050505,0.027777777777777776,0.04191919191919192,0.03282828282828283,0.04898989898989899,0.06616161616161616,0.08434343434343435,0.03686868686868687,0.04090909090909091,0.031818181818181815,0.027777777777777776,0.04595959595959596,0.09141414141414142,0.08131313131313131,0.026767676767676767
405,0.048202614379084976,0.040032679738562095,0.06454248366013074,0.07598039215686275,0.04166666666666667,0.040032679738562095,0.0465686274509804,0.040032679738562095,0.03676470588235295,0.03676470588235295,0.059640522875817004,0.03676470588235295,0.0792483660130719,0.03676470588235295,0.03676470588235295,0.07107843137254903,0.04166666666666667,0.059640522875817004,0.059640522875817004,0.048202614379084976
406,0.03435672514619883,0.051900584795321635,0.046052631578947366,0.051900584795321635,0.03874269005847953,0.0445906432748538,0.03289473684210526,0.03874269005847953,0.035818713450292396,0.11769005847953216,0.0402046783625731,0.03289473684210526,0.06505847953216375,0.06505847953216375,0.0533625730994152,0.05482456140350877,0.03289473684210526,0.08406432748538012,0.046052631578947366,0.03289473684210526
407,0.0440379403794038,0.05894308943089432,0.0481029810298103,0.0413279132791328,0.06842818428184283,0.06029810298102982,0.06571815718157183,0.03455284552845529,0.03184281842818429,0.06300813008130082,0.0413279132791328,0.030487804878048783,0.0453929539295393,0.030487804878048783,0.07249322493224934,0.0386178861788618,0.057588075880758816,0.07655826558265584,0.056233062330623314,0.03455284552845529
408,0.0210573476702509,0.07661290322580647,0.03987455197132617,0.07482078853046596,0.02912186379928316,0.10976702508960574,0.05869175627240144,0.03270609318996417,0.025537634408602156,0.048835125448028684,0.06675627240143371,0.03270609318996417,0.03360215053763441,0.0631720430107527,0.05062724014336918,0.04166666666666667,0.05600358422939069,0.07750896057347671,0.03270609318996417,0.028225806451612906
409,0.015355417529330572,0.03536922015182885,0.05124223602484472,0.0929951690821256,0.03467908902691511,0.050552104899930984,0.03571428571428571,0.037094547964113184,0.06918564527260179,0.07125603864734299,0.05952380952380952,0.051587301587301584,0.04296066252587992,0.050897170462387856,0.06159420289855073,0.05986887508626639,0.059178743961352656,0.06987577639751552,0.027777777777777776,0.023291925465838508
410,0.033713200379867046,0.023266856600189935,0.021367521367521368,0.09354226020892688,0.028964862298195632,0.06125356125356125,0.04036087369420703,0.030864197530864196,0.03181386514719848,0.08024691358024691,0.08499525166191833,0.024216524216524215,0.07264957264957266,0.051756885090218425,0.029914529914529916,0.06600189933523266,0.07075023741690409,0.0584045584045584,0.033713200379867046,0.06220322886989554
411,0.03721174004192873,0.038259958071278834,0.03511530398322852,0.057127882599580716,0.030922431865828097,0.10324947589098533,0.04350104821802936,0.04140461215932915,0.030922431865828097,0.024633123689727466,0.03301886792452831,0.04664570230607967,0.04140461215932915,0.08438155136268345,0.058176100628930826,0.09171907756813419,0.06341719077568135,0.07494758909853251,0.02568134171907757,0.038259958071278834
412,0.017422748191978966,0.034516765285996065,0.10223537146614071,0.06344510190664038,0.06344510190664038,0.04372123602892834,0.06541748849441159,0.024654832347140044,0.042406311637080876,0.07988165680473375,0.07593688362919133,0.01939513477975017,0.031229454306377386,0.05292570677186063,0.0562130177514793,0.03977646285338594,0.0752794214332676,0.04372123602892834,0.042406311637080876,0.02596975673898751
413,0.04506172839506172,0.0648148148148148,0.03888888888888888,0.05246913580246912,0.06358024691358023,0.029012345679012338,0.08703703703703702,0.051234567901234554,0.03518518518518518,0.036419753086419746,0.042592592592592585,0.036419753086419746,0.03765432098765432,0.051234567901234554,0.0685185185185185,0.04135802469135802,0.061111111111111095,0.03271604938271604,0.0919753086419753,0.03271604938271604
414,0.03717948717948718,0.026923076923076925,0.08333333333333333,0.0782051282051282,0.051709401709401706,0.11581196581196582,0.06196581196581197,0.02606837606837607,0.03461538461538462,0.055982905982905985,0.047435897435897434,0.049145299145299144,0.04230769230769231,0.055982905982905985,0.04145299145299145,0.03290598290598291,0.045726495726495724,0.052564102564102565,0.03888888888888889,0.021794871794871794
415,0.02529021558872305,0.09079601990049752,0.027777777777777776,0.08333333333333333,0.028606965174129355,0.046019900497512436,0.0642620232172471,0.04187396351575456,0.04021558872305141,0.051824212271973466,0.036069651741293535,0.03275290215588723,0.045190713101160865,0.035240464344941956,0.07835820895522388,0.04021558872305141,0.07587064676616916,0.07006633499170813,0.057628524046434496,0.028606965174129355
416,0.028746770025839793,0.048772609819121446,0.07396640826873385,0.11401808785529716,0.04683462532299742,0.05717054263565891,0.0481266149870801,0.061692506459948324,0.03649870801033592,0.05329457364341085,0.0229328165374677,0.05587855297157623,0.030684754521963824,0.0849483204134367,0.02487080103359173,0.023578811369509043,0.0481266149870801,0.07719638242894057,0.041666666666666664,0.02099483204134367
417,0.03070175438596491,0.024853801169590642,0.08625730994152046,0.04434697855750487,0.033625730994152045,0.10867446393762183,0.03070175438596491,0.04239766081871345,0.05896686159844054,0.053118908382066274,0.034600389863547756,0.040448343079922025,0.07358674463937621,0.06189083820662768,0.04434697855750487,0.04434697855750487,0.04824561403508772,0.07748538011695906,0.03752436647173489,0.02387914230019493
418,0.024271844660194174,0.03505933117583603,0.036138079827400214,0.036138079827400214,0.03182308522114347,0.04908306364617044,0.0825242718446602,0.02535059331175836,0.026429341963322545,0.052319309600863,0.06094929881337648,0.024271844660194174,0.030744336569579287,0.09223300970873786,0.05663430420711974,0.07173678532901834,0.08791801510248112,0.0749730312837109,0.06310679611650485,0.038295577130528585
419,0.044270833333333336,0.07725694444444445,0.044270833333333336,0.04079861111111111,0.0390625,0.0390625,0.04079861111111111,0.06510416666666667,0.04600694444444445,0.0546875,0.044270833333333336,0.05295138888888889,0.07899305555555555,0.058159722222222224,0.0390625,0.0390625,0.042534722222222224,0.06336805555555555,0.0390625,0.051215277777777776
420,0.015093127809890812,0.03692999357739241,0.03307642903018625,0.05555555555555554,0.05427103403982015,0.05427103403982015,0.1030828516377649,0.03500321130378933,0.031149646756583167,0.05105973025048168,0.02858060372511239,0.034360950545921636,0.023442517662170835,0.09601798330122027,0.0600513808606294,0.06262042389210018,0.07353885677585098,0.09666024405908796,0.032434168272318556,0.022800256904303144
421,0.022024983563445105,0.01939513477975017,0.024654832347140047,0.029914529914529923,0.027284681130834983,0.08251150558842868,0.04898093359631823,0.034516765285996065,0.04174884944115714,0.039119000657462204,0.03583168967784353,0.07396449704142014,0.044378698224852076,0.04898093359631823,0.05161078238001316,0.07790927021696253,0.06738987508218279,0.12787639710716636,0.08316896778435241,0.018737672583826432
422,0.0373134328358209,0.0373134328358209,0.05223880597014926,0.05555555555555556,0.0373134328358209,0.05058043117744611,0.08374792703150913,0.04228855721393036,0.04394693200663351,0.06053067993366502,0.04560530679933666,0.04228855721393036,0.04063018242122721,0.06550580431177447,0.07213930348258708,0.04063018242122721,0.05058043117744611,0.05389718076285241,0.05058043117744611,0.0373134328358209
423,0.010405643738977075,0.03580246913580248,0.04074074074074075,0.08659611992945328,0.06296296296296297,0.022398589065255735,0.07037037037037039,0.06931216931216932,0.06331569664903,0.08377425044091712,0.06084656084656086,0.05731922398589066,0.022398589065255735,0.07813051146384481,0.05485008818342153,0.052380952380952396,0.021693121693121698,0.05379188712522047,0.0326278659611993,0.020282186948853618
424,0.03191489361702128,0.04688731284475966,0.07131599684791176,0.08077226162332547,0.03033884948778566,0.04688731284475966,0.03664302600472814,0.03821907013396376,0.03191489361702128,0.07604412923561861,0.028762805358550043,0.04294720252167061,0.05791962174940899,0.029550827423167853,0.08471237194641451,0.0334909377462569,0.04137115839243499,0.08313632781717889,0.08234830575256108,0.024822695035460998
425,0.048672566371681415,0.032940019665683384,0.07423795476892822,0.07817109144542773,0.037856440511307765,0.0880039331366765,0.04178957718780728,0.051622418879056046,0.03392330383480826,0.051622418879056046,0.06833824975417896,0.035889872173058016,0.023107177974434612,0.06833824975417896,0.045722713864306784,0.05260570304818092,0.040806293018682396,0.061455260570304815,0.034906588003933134,0.02999016715830875
426,0.03823953823953824,0.03535353535353535,0.046897546897546896,0.07431457431457432,0.03823953823953824,0.07287157287157287,0.03391053391053391,0.04401154401154401,0.04256854256854257,0.09451659451659451,0.03535353535353535,0.056998556998557,0.049783549783549784,0.05266955266955267,0.045454545454545456,0.04401154401154401,0.04401154401154401,0.03823953823953824,0.07431457431457432,0.03823953823953824
427,0.030253025302530254,0.04785478547854786,0.037953795379537955,0.04455445544554455,0.05665566556655666,0.04785478547854786,0.043454345434543455,0.03685368536853685,0.048954895489548955,0.05115511551155116,0.09515951595159516,0.07755775577557755,0.03905390539053905,0.028052805280528052,0.052255225522552254,0.034653465346534656,0.035753575357535754,0.06105610561056106,0.07425742574257425,0.05665566556655666
428,0.019747235387045817,0.06819378620326488,0.03396524486571881,0.1008425487098473,0.025013164823591366,0.08767772511848343,0.035018430753027914,0.0492364402317009,0.04186413902053713,0.06134807793575567,0.03765139547130069,0.02711953659820959,0.01816745655608215,0.06819378620326488,0.10610847814639285,0.046603475513428125,0.04976303317535546,0.05186940494997368,0.05660874144286467,0.01500789889415482
429,0.031179138321995457,0.04365079365079364,0.04591836734693877,0.06746031746031744,0.05272108843537414,0.06632653061224489,0.04931972789115645,0.034580498866213144,0.057256235827664384,0.05498866213151926,0.03684807256235827,0.04818594104308389,0.04478458049886621,0.05498866213151926,0.06519274376417232,0.04818594104308389,0.026643990929705208,0.07653061224489795,0.047052154195011325,0.04818594104308389
430,0.049114331723027364,0.041062801932367145,0.04750402576489532,0.07648953301127213,0.03623188405797101,0.044283413848631235,0.052334943639291455,0.037842190016103054,0.04589371980676328,0.0829307568438003,0.05877616747181963,0.037842190016103054,0.05394524959742349,0.07648953301127213,0.052334943639291455,0.03623188405797101,0.037842190016103054,0.060386473429951674,0.03623188405797101,0.03623188405797101
431,0.030555555555555555,0.05722222222222222,0.02722222222222222,0.08388888888888889,0.028333333333333332,0.04833333333333333,0.030555555555555555,0.04055555555555555,0.05277777777777778,0.11277777777777778,0.059444444444444446,0.051666666666666666,0.028333333333333332,0.045,0.07166666666666667,0.028333333333333332,0.042777777777777776,0.06055555555555556,0.042777777777777776,0.05722222222222222
432,0.02326685660018994,0.036562203228869904,0.03371320037986705,0.08309591642924978,0.03466286799620134,0.041310541310541314,0.07454890788224124,0.04510921177587845,0.04700854700854702,0.044159544159544165,0.05460588793922129,0.04605887939221273,0.07264957264957267,0.06790123456790124,0.04985754985754987,0.044159544159544165,0.05840455840455842,0.08214624881291549,0.03846153846153847,0.022317188983855655
433,0.0384160756501182,0.028959810874704492,0.08924349881796691,0.0797872340425532,0.03723404255319149,0.0466903073286052,0.05614657210401891,0.03368794326241135,0.03250591016548463,0.08215130023640661,0.03368794326241135,0.03959810874704492,0.04314420803782506,0.027777777777777776,0.03250591016548463,0.0549645390070922,0.05851063829787234,0.11643026004728133,0.03605200945626478,0.03250591016548463
434,0.02631578947368421,0.04736842105263158,0.05789473684210526,0.05555555555555555,0.05321637426900585,0.03567251461988304,0.06023391812865497,0.02982456140350877,0.06140350877192982,0.046198830409356725,0.05321637426900585,0.05789473684210526,0.05906432748538012,0.05789473684210526,0.04269005847953217,0.07543859649122807,0.046198830409356725,0.043859649122807015,0.06374269005847953,0.02631578947368421
435,0.027632344386271098,0.03286794648051194,0.06311809191390345,0.04333915066899362,0.04682955206515417,0.05846422338568937,0.03577661431064574,0.07068062827225134,0.06719022687609078,0.06195462478184993,0.048574752763234454,0.048574752763234454,0.02646887725421758,0.07475276323443865,0.052646887725421775,0.048574752763234454,0.04741128563118093,0.07184409540430485,0.049156486329261215,0.024141942990110535
436,0.02796420581655481,0.021998508575689784,0.024981357196122298,0.12863534675615212,0.06972408650260999,0.06226696495152871,0.04213273676360925,0.029455630126771066,0.03691275167785235,0.11819537658463833,0.039895600298284865,0.024981357196122298,0.029455630126771066,0.051081282624906785,0.0592841163310962,0.039895600298284865,0.0488441461595824,0.06226696495152871,0.06226696495152871,0.0197613721103654
437,0.015793385358602748,0.021739130434782608,0.030286138981791156,0.11204013377926421,0.04403567447045708,0.02471200297287254,0.0748792270531401,0.03325901151988109,0.05704199182460052,0.10423634336677814,0.040319583797844664,0.016164994425863992,0.03437383872166481,0.0704199182460052,0.09457450761798587,0.03437383872166481,0.04217762913415087,0.061129691564474176,0.07376439985135637,0.014678558156819026
438,0.04886211512717537,0.032797858099062924,0.05153949129852745,0.03949129852744311,0.06626506024096387,0.07028112449799198,0.03815261044176708,0.043507362784471225,0.05020080321285141,0.043507362784471225,0.05020080321285141,0.03949129852744311,0.0568942436412316,0.05957161981258367,0.05153949129852745,0.034136546184738964,0.0676037483266399,0.060910307898259713,0.05957161981258367,0.035475234270415
439,0.02044753086419753,0.024305555555555556,0.03665123456790124,0.06520061728395062,0.07060185185185185,0.03433641975308642,0.058256172839506175,0.059799382716049385,0.02662037037037037,0.08294753086419752,0.04359567901234568,0.028935185185185185,0.06442901234567901,0.07060185185185185,0.08140432098765432,0.06597222222222222,0.03973765432098766,0.05285493827160494,0.03896604938271605,0.03433641975308642
440,0.02122854561878952,0.03116531165311653,0.09078590785907859,0.03839205058717254,0.03297199638663053,0.03929539295392954,0.08717253839205058,0.026648599819331528,0.03297199638663053,0.04832881662149955,0.06278229448961156,0.044715447154471545,0.06820234869015357,0.06278229448961156,0.03839205058717254,0.06097560975609756,0.07542908762420958,0.05465221318879855,0.056458897922312554,0.026648599819331528
441,0.018518518518518517,0.03380364491475603,0.08024691358024691,0.07554379776602,0.023221634332745444,0.06966490299823633,0.05614344503233392,0.058495002939447385,0.05614344503233392,0.08965314520870077,0.03733098177542622,0.03262786596119929,0.03850676072898295,0.04438565549676661,0.05496766607877719,0.020870076425631982,0.0291005291005291,0.09847148736037625,0.05673133450911229,0.025573192239858905
442,0.032051282051282055,0.030219780219780223,0.05891330891330892,0.061965811965811975,0.052808302808302815,0.06501831501831504,0.038766788766788775,0.07112332112332113,0.04487179487179488,0.10103785103785105,0.0344932844932845,0.03754578754578755,0.024725274725274728,0.052808302808302815,0.0753968253968254,0.05158730158730159,0.041208791208791215,0.07417582417582419,0.036324786324786335,0.01495726495726496
443,0.016292735042735044,0.054754273504273504,0.043536324786324784,0.09802350427350427,0.06063034188034188,0.09802350427350427,0.10283119658119658,0.0499465811965812,0.044070512820512824,0.047809829059829057,0.020566239316239316,0.06383547008547008,0.03819444444444445,0.040865384615384616,0.04300213675213675,0.033386752136752136,0.02216880341880342,0.07184829059829059,0.030715811965811964,0.019497863247863248
444,0.03597449908925319,0.02413479052823315,0.02413479052823315,0.050546448087431695,0.07604735883424409,0.06602914389799636,0.06967213114754098,0.04781420765027322,0.03415300546448088,0.06420765027322405,0.04326047358834244,0.038706739526411654,0.03233151183970856,0.10063752276867031,0.07513661202185792,0.03233151183970856,0.05327868852459016,0.05327868852459016,0.05327868852459016,0.025045537340619307
445,0.024853801169590642,0.02940220922677063,0.08008447043534762,0.100227420402859,0.03719948018193632,0.03492527615334633,0.06416504223521767,0.03752436647173489,0.11647173489278752,0.08235867446393762,0.05214424951267056,0.011208576998050682,0.03914879792072774,0.053768680961663415,0.04564652371669915,0.08105912930474334,0.033625730994152045,0.034600389863547756,0.027128005198180635,0.014457439896036386
446,0.030120481927710843,0.03279785809906292,0.051539491298527446,0.09437751004016064,0.030120481927710843,0.030120481927710843,0.030120481927710843,0.03145917001338688,0.030120481927710843,0.05421686746987952,0.04484605087014726,0.03145917001338688,0.040829986613119144,0.14792503346720215,0.048862115127175365,0.05823293172690763,0.03547523427041499,0.08902275769745649,0.05287817938420348,0.03547523427041499
447,0.03333333333333334,0.03333333333333334,0.058518518518518525,0.06444444444444446,0.04222222222222223,0.05111111111111112,0.046666666666666676,0.03333333333333334,0.07481481481481483,0.06148148148148149,0.057037037037037046,0.0525925925925926,0.039259259259259265,0.036296296296296306,0.060000000000000005,0.049629629629629635,0.037777777777777785,0.06740740740740742,0.06444444444444446,0.036296296296296306
448,0.03409961685823754,0.02720306513409961,0.10229885057471262,0.1176245210727969,0.03486590038314175,0.056321839080459755,0.031034482758620682,0.031034482758620682,0.0425287356321839,0.06245210727969347,0.06475095785440611,0.05402298850574711,0.03409961685823754,0.056321839080459755,0.053256704980842895,0.02720306513409961,0.03869731800766283,0.07471264367816091,0.03409961685823754,0.02337164750957854
449,0.017123287671232876,0.023211567732115676,0.04071537290715373,0.08105022831050228,0.017884322678843226,0.030821917808219176,0.06202435312024353,0.027016742770167426,0.07115677321156773,0.08866057838660578,0.05517503805175038,0.025494672754946726,0.031582952815829526,0.09931506849315068,0.10768645357686453,0.04756468797564688,0.03614916286149163,0.06126331811263318,0.05365296803652968,0.022450532724505326
450,0.02586938083121289,0.019083969465648856,0.07845631891433417,0.06997455470737914,0.04368108566581849,0.08015267175572519,0.035199321458863446,0.026717557251908396,0.041136556403731976,0.05385920271416455,0.041136556403731976,0.03604749787955895,0.03604749787955895,0.07930449533502969,0.07845631891433417,0.04792196776929601,0.05385920271416455,0.05046649703138253,0.0631891433418151,0.039440203562340966
451,0.030120481927710843,0.04350736278447122,0.04752342704149933,0.039491298527443104,0.030120481927710843,0.08902275769745649,0.07028112449799197,0.050200803212851405,0.03279785809906292,0.09170013386880857,0.030120481927710843,0.051539491298527446,0.030120481927710843,0.06224899598393574,0.03413654618473896,0.05823293172690763,0.06760374832663989,0.06224899598393574,0.048862115127175365,0.030120481927710843
452,0.028076463560334528,0.045997610513739545,0.06391875746714457,0.045997610513739545,0.031660692951015534,0.08542413381123058,0.034050179211469536,0.047192353643966546,0.03524492234169654,0.061529271206690564,0.04121863799283154,0.03643966547192354,0.06391875746714457,0.05794504181600956,0.06989247311827956,0.04838709677419355,0.03882915173237754,0.07945041816009558,0.05675029868578255,0.028076463560334528
453,0.0423728813559322,0.06308851224105462,0.0423728813559322,0.0423728813559322,0.0423728813559322,0.059322033898305086,0.051789077212806026,0.05743879472693032,0.0423728813559322,0.07627118644067797,0.0423728813559322,0.0423728813559322,0.0423728813559322,0.0423728813559322,0.05743879472693032,0.0423728813559322,0.059322033898305086,0.06685499058380415,0.0423728813559322,0.0423728813559322
454,0.04383680555555555,0.048177083333333336,0.030815972222222224,0.046440972222222224,0.06380208333333333,0.11241319444444445,0.04383680555555555,0.054253472222222224,0.037760416666666664,0.09418402777777778,0.02734375,0.039496527777777776,0.0915798611111111,0.031684027777777776,0.03342013888888889,0.04210069444444445,0.055121527777777776,0.038628472222222224,0.04123263888888889,0.023871527777777776
455,0.012773722627737226,0.019667477696674776,0.09144363341443633,0.09144363341443633,0.04115977291159773,0.052108678021086784,0.08211678832116788,0.04237631792376318,0.02696674776966748,0.06508515815085159,0.056163828061638284,0.024128142741281427,0.027777777777777776,0.05251419302514193,0.04967558799675588,0.04399837793998378,0.029805352798053526,0.11982968369829684,0.058191403081914034,0.012773722627737226
456,0.04861111111111111,0.05478395061728395,0.09490740740740741,0.06095679012345679,0.04089506172839506,0.04552469135802469,0.0470679012345679,0.04243827160493827,0.036265432098765434,0.04243827160493827,0.0625,0.03935185185185185,0.0763888888888889,0.04861111111111111,0.036265432098765434,0.04861111111111111,0.03935185185185185,0.0470679012345679,0.04861111111111111,0.03935185185185185
457,0.03057107386716325,0.024053382991930477,0.09450651769087523,0.10785226567349472,0.05633147113594041,0.059124767225325885,0.07836747361887027,0.04019242706393544,0.019708255741775295,0.09978274363749225,0.051675977653631286,0.04422718808193669,0.019087523277467412,0.023432650527622594,0.051365611421477345,0.04671011793916822,0.02808814400993172,0.05974549968963377,0.042675356921166974,0.02250155183116077
458,0.017642642642642647,0.018393393393393395,0.09572072072072074,0.1024774774774775,0.02890390390390391,0.05067567567567569,0.024399399399399405,0.02740240240240241,0.048423423423423435,0.05067567567567569,0.05518018018018019,0.023648648648648657,0.07319819819819821,0.0611861861861862,0.06193693693693695,0.0716966966966967,0.06193693693693695,0.04917417417417419,0.05067567567567569,0.026651651651651658
459,0.034356725146198835,0.040204678362573104,0.03289473684210527,0.054824561403508776,0.03289473684210527,0.06944444444444446,0.03289473684210527,0.044590643274853806,0.05774853801169591,0.054824561403508776,0.05190058479532164,0.0358187134502924,0.06359649122807019,0.06505847953216376,0.060672514619883045,0.040204678362573104,0.08260233918128657,0.06505847953216376,0.04605263157894737,0.034356725146198835
460,0.029956427015250545,0.02886710239651416,0.14324618736383443,0.06481481481481481,0.05392156862745098,0.05718954248366013,0.07026143790849673,0.02559912854030501,0.0332244008714597,0.08769063180827887,0.04738562091503268,0.026688453159041396,0.03213507625272331,0.06263616557734204,0.029956427015250545,0.06481481481481481,0.041938997821350764,0.03213507625272331,0.03104575163398693,0.03649237472766884
461,0.03623188405797102,0.03623188405797102,0.03623188405797102,0.08132045088566829,0.03623188405797102,0.053945249597423514,0.045893719806763295,0.08615136876006442,0.04750402576489534,0.07487922705314011,0.03784219001610307,0.03623188405797102,0.05072463768115943,0.03945249597423511,0.057165861513687605,0.04750402576489534,0.06199677938808374,0.045893719806763295,0.052334943639291476,0.03623188405797102
462,0.03676470588235295,0.03676470588235295,0.10539215686274513,0.05473856209150328,0.04820261437908498,0.040032679738562095,0.05147058823529413,0.03676470588235295,0.06781045751633988,0.053104575163398705,0.03676470588235295,0.03676470588235295,0.04983660130718956,0.06781045751633988,0.06454248366013074,0.03676470588235295,0.04166666666666667,0.06127450980392158,0.03676470588235295,0.03676470588235295
463,0.01923076923076923,0.026923076923076918,0.05170940170940169,0.06794871794871793,0.04829059829059828,0.043162393162393155,0.05427350427350426,0.05683760683760682,0.03547008547008546,0.07393162393162392,0.0329059829059829,0.046581196581196575,0.06709401709401708,0.04743589743589742,0.08247863247863246,0.030341880341880335,0.04914529914529913,0.08247863247863246,0.060256410256410244,0.023504273504273497
464,0.02688172043010753,0.036439665471923545,0.06989247311827958,0.049581839904420555,0.03285543608124254,0.04360812425328555,0.04121863799283155,0.04241338112305855,0.04599761051373955,0.05555555555555556,0.05913978494623657,0.030465949820788533,0.06033452807646357,0.06869772998805258,0.04480286738351255,0.05436081242532856,0.048387096774193554,0.11529271206690563,0.037634408602150546,0.036439665471923545
465,0.018951194184839048,0.02518172377985463,0.05841121495327104,0.0661993769470405,0.05529595015576325,0.07658359293873314,0.039719626168224303,0.029335410176531677,0.03400830737279336,0.0693146417445483,0.06412253374870198,0.01635514018691589,0.03764278296988578,0.06723779854620977,0.09527518172377988,0.06308411214953272,0.034527518172377994,0.05737279335410178,0.05581516095534789,0.035565939771547254
466,0.02743055555555555,0.03645833333333333,0.04270833333333333,0.10659722222222219,0.028124999999999994,0.0753472222222222,0.042013888888888885,0.03854166666666666,0.04826388888888888,0.08437499999999999,0.0579861111111111,0.02743055555555555,0.03368055555555555,0.07604166666666665,0.04965277777777776,0.03506944444444444,0.03645833333333333,0.062152777777777765,0.07187499999999998,0.019791666666666662
467,0.022849462365591402,0.03270609318996417,0.037186379928315416,0.09094982078853048,0.03808243727598567,0.09811827956989248,0.052419354838709686,0.05958781362007169,0.028225806451612906,0.08019713261648746,0.05869175627240144,0.03360215053763441,0.04704301075268818,0.07661290322580647,0.05510752688172044,0.051523297491039434,0.025537634408602156,0.051523297491039434,0.031810035842293916,0.028225806451612906
468,0.027199074074074073,0.046875,0.03877314814814815,0.06886574074074074,0.031828703703703706,0.041087962962962965,0.04224537037037037,0.03877314814814815,0.045717592592592594,0.05960648148148148,0.08275462962962964,0.028356481481481483,0.030671296296296297,0.057291666666666664,0.048032407407407406,0.0931712962962963,0.041087962962962965,0.08969907407407407,0.048032407407407406,0.03993055555555555
469,0.036877394636015325,0.034003831417624523,0.0617816091954023,0.07806513409961686,0.026340996168582376,0.035919540229885055,0.04741379310344827,0.04837164750957854,0.06273946360153257,0.05220306513409962,0.05316091954022988,0.06752873563218391,0.04645593869731801,0.0435823754789272,0.05507662835249042,0.037835249042145594,0.06082375478927203,0.07519157088122605,0.05124521072796935,0.025383141762452106
470,0.04769392033542977,0.06446540880503145,0.07285115303983228,0.062368972746331235,0.028825995807127882,0.0330188679245283,0.10115303983228512,0.04245283018867924,0.04350104821802935,0.04979035639412998,0.03511530398322851,0.08333333333333333,0.05293501048218029,0.04245283018867924,0.04350104821802935,0.04035639412997904,0.034067085953878404,0.04035639412997904,0.04979035639412998,0.0319706498951782
471,0.03676470588235295,0.04330065359477125,0.06127450980392157,0.06781045751633988,0.03676470588235295,0.04983660130718955,0.04983660130718955,0.03676470588235295,0.05147058823529412,0.05637254901960785,0.05147058823529412,0.044934640522875824,0.040032679738562095,0.05637254901960785,0.03676470588235295,0.059640522875817004,0.040032679738562095,0.059640522875817004,0.08415032679738564,0.03676470588235295
472,0.04814814814814815,0.03333333333333333,0.11481481481481481,0.08074074074074074,0.03925925925925926,0.03925925925925926,0.051111111111111114,0.07185185185185185,0.051111111111111114,0.04962962962962963,0.04666666666666667,0.051111111111111114,0.03333333333333333,0.04518518518518518,0.04518518518518518,0.03333333333333333,0.0362962962962963,0.04814814814814815,0.04814814814814815,0.03333333333333333
473,0.022762345679012346,0.027391975308641976,0.061342592592592594,0.13078703703703703,0.04513888888888889,0.03125,0.03587962962962963,0.02816358024691358,0.07600308641975309,0.07291666666666667,0.04282407407407408,0.03742283950617284,0.061342592592592594,0.03742283950617284,0.06597222222222222,0.022762345679012346,0.03896604938271605,0.08989197530864197,0.04436728395061729,0.027391975308641976
474,0.03472222222222223,0.03472222222222223,0.04861111111111112,0.07484567901234569,0.06250000000000001,0.04243827160493828,0.06250000000000001,0.04398148148148149,0.05787037037037038,0.05015432098765433,0.03472222222222223,0.03472222222222223,0.03472222222222223,0.08410493827160495,0.05941358024691359,0.04243827160493828,0.05015432098765433,0.05632716049382717,0.05632716049382717,0.03472222222222223
475,0.015060240963855422,0.034471218206157964,0.05856760374832664,0.10943775100401607,0.03781793842034806,0.06258366800535475,0.06860776439089693,0.02643908969210174,0.053882195448460506,0.05120481927710843,0.03246318607764391,0.03246318607764391,0.0391566265060241,0.07797858099062918,0.04317269076305221,0.0391566265060241,0.029116465863453816,0.07463186077643909,0.0639223560910308,0.0498661311914324
476,0.023211567732115683,0.03538812785388129,0.04375951293759514,0.07420091324200916,0.04604261796042619,0.0566971080669711,0.09398782343987826,0.0719178082191781,0.019406392694063933,0.03691019786910199,0.0734398782343988,0.0536529680365297,0.0719178082191781,0.03843226788432269,0.03919330289193304,0.04223744292237444,0.0597412480974125,0.07267884322678846,0.023972602739726033,0.023211567732115683
477,0.04183813443072703,0.032235939643347054,0.056927297668038425,0.056927297668038425,0.039094650205761326,0.03360768175582991,0.04320987654320988,0.05144032921810701,0.055555555555555566,0.06104252400548698,0.04320987654320988,0.056927297668038425,0.04320987654320988,0.06515775034293554,0.04595336076817559,0.06378600823045269,0.030864197530864203,0.07887517146776407,0.05967078189300413,0.04046639231824418
478,0.029947916666666668,0.023871527777777776,0.06640625,0.09071180555555555,0.05164930555555555,0.05078125,0.055989583333333336,0.038628472222222224,0.05859375,0.045572916666666664,0.046440972222222224,0.06293402777777778,0.031684027777777776,0.030815972222222224,0.061197916666666664,0.06553819444444445,0.031684027777777776,0.09765625,0.029079861111111112,0.030815972222222224
479,0.02758881330309902,0.07067271352985639,0.07369614512471655,0.06386999244142101,0.041194255479969764,0.0291005291005291,0.051776266061980346,0.03363567649281935,0.04572940287226002,0.05782312925170068,0.0563114134542706,0.08125472411186697,0.06235827664399093,0.06613756613756613,0.04799697656840514,0.054799697656840514,0.030612244897959183,0.03892668178382464,0.04572940287226002,0.020786092214663644
480,0.044934640522875824,0.0531045751633987,0.03676470588235295,0.03676470588235295,0.03676470588235295,0.03676470588235295,0.03676470588235295,0.08088235294117649,0.03676470588235295,0.05147058823529412,0.03676470588235295,0.0531045751633987,0.03676470588235295,0.10212418300653596,0.03676470588235295,0.059640522875817004,0.04983660130718955,0.09558823529411765,0.03676470588235295,0.04166666666666667
481,0.019040166927490866,0.031038080333854974,0.06285863328116847,0.11189358372456962,0.03208137715179968,0.04303599374021908,0.06494522691705788,0.035732916014606146,0.05659885237350025,0.09259259259259257,0.03990610328638497,0.020605112154407926,0.04981742305685966,0.0451225873761085,0.0581637976004173,0.05972874282733436,0.026864893062076154,0.0581637976004173,0.07485654668753258,0.016953573291601458
482,0.0445906432748538,0.051900584795321635,0.0533625730994152,0.06944444444444445,0.046052631578947366,0.05043859649122807,0.06798245614035088,0.046052631578947366,0.03728070175438596,0.03435672514619883,0.03289473684210526,0.041666666666666664,0.051900584795321635,0.06505847953216375,0.0445906432748538,0.0402046783625731,0.046052631578947366,0.11038011695906433,0.03289473684210526,0.03289473684210526
483,0.0291005291005291,0.022297808012093728,0.06084656084656084,0.08049886621315193,0.03136810279667423,0.046485260770975055,0.04950869236583522,0.05102040816326531,0.03363567649281935,0.06613756613756613,0.04421768707482993,0.02985638699924414,0.0782312925170068,0.08805744520030234,0.054799697656840514,0.026077097505668934,0.05026455026455026,0.07218442932728647,0.060090702947845805,0.025321239606953892
484,0.017482517482517484,0.040015540015540016,0.04156954156954157,0.07420357420357421,0.06798756798756798,0.05244755244755245,0.04156954156954157,0.030691530691530692,0.08275058275058275,0.045454545454545456,0.04079254079254079,0.021367521367521368,0.025252525252525252,0.08818958818958819,0.05167055167055167,0.06721056721056722,0.07498057498057498,0.05244755244755245,0.053224553224553224,0.030691530691530692
485,0.026234567901234566,0.03652263374485597,0.10133744855967078,0.051954732510288065,0.03446502057613169,0.05709876543209876,0.08281893004115226,0.04681069958847737,0.06738683127572016,0.08179012345679013,0.030349794238683128,0.030349794238683128,0.02417695473251029,0.09310699588477367,0.03446502057613169,0.03652263374485597,0.045781893004115226,0.05092592592592592,0.038580246913580245,0.029320987654320986
486,0.017642642642642644,0.08445945945945946,0.03641141141141141,0.121996996996997,0.017642642642642644,0.06268768768768769,0.06118618618618619,0.04241741741741742,0.0807057057057057,0.07545045045045046,0.04466966966966967,0.04391891891891892,0.01839339339339339,0.045420420420420424,0.02515015015015015,0.019144144144144143,0.05518018018018018,0.05518018018018018,0.06343843843843844,0.028903903903903905
487,0.03932584269662922,0.03932584269662922,0.07677902621722847,0.09675405742821475,0.03807740324594258,0.03308364544319601,0.03807740324594258,0.029338327091136082,0.05305867665418228,0.07553058676654184,0.08177278401997505,0.02808988764044944,0.044319600499375784,0.0418227215980025,0.040574282147315864,0.034332084893882654,0.04806491885143571,0.10549313358302123,0.02808988764044944,0.02808988764044944
488,0.030120481927710843,0.03681392235609103,0.03547523427041499,0.048862115127175365,0.07161981258366801,0.04618473895582329,0.04216867469879518,0.051539491298527446,0.05421686746987952,0.059571619812583666,0.030120481927710843,0.059571619812583666,0.030120481927710843,0.07429718875502007,0.051539491298527446,0.05823293172690763,0.05823293172690763,0.05823293172690763,0.07295850066934405,0.030120481927710843
489,0.03729071537290716,0.05555555555555556,0.04337899543378996,0.08751902587519027,0.03729071537290716,0.05098934550989346,0.03576864535768646,0.05707762557077626,0.05403348554033486,0.03881278538812786,0.03881278538812786,0.04490106544901066,0.03424657534246576,0.04794520547945206,0.07077625570776257,0.05859969558599696,0.05859969558599696,0.04642313546423136,0.04946727549467276,0.05251141552511416
490,0.02676767676767677,0.042929292929292935,0.038888888888888896,0.07020202020202021,0.05000000000000001,0.06616161616161617,0.07424242424242426,0.028787878787878793,0.039898989898989906,0.10353535353535355,0.042929292929292935,0.03282828282828284,0.038888888888888896,0.060101010101010106,0.03282828282828284,0.05707070707070708,0.05202020202020203,0.07525252525252527,0.02272727272727273,0.043939393939393945
491,0.024334251606978878,0.05647382920110193,0.08034894398530762,0.05647382920110193,0.03994490358126722,0.028925619834710745,0.09320477502295683,0.06841138659320478,0.03994490358126722,0.048209366391184574,0.023415977961432508,0.049127640036730945,0.0371900826446281,0.0573921028466483,0.07024793388429752,0.08494031221303948,0.05647382920110193,0.032598714416896234,0.027089072543617997,0.025252525252525252
492,0.025333333333333326,0.034222222222222216,0.07066666666666666,0.06977777777777776,0.04222222222222222,0.033333333333333326,0.05555555555555554,0.03777777777777777,0.027999999999999994,0.07155555555555554,0.04222222222222222,0.061777777777777765,0.0511111111111111,0.052888888888888874,0.03777777777777777,0.03777777777777777,0.041333333333333326,0.08133333333333331,0.07244444444444444,0.052888888888888874
493,0.04289732770745429,0.03867791842475387,0.09774964838255977,0.056962025316455694,0.0850914205344585,0.03164556962025317,0.03164556962025317,0.06680731364275667,0.034458509142053444,0.058368495077355836,0.04571026722925457,0.03305203938115331,0.035864978902953586,0.03305203938115331,0.051336146272855133,0.047116736990154715,0.07665260196905767,0.056962025316455694,0.04430379746835443,0.03164556962025317
494,0.04089506172839506,0.05941358024691358,0.04243827160493827,0.06404320987654322,0.04398148148148148,0.05632716049382716,0.05941358024691358,0.034722222222222224,0.04398148148148148,0.06404320987654322,0.04243827160493827,0.05787037037037037,0.036265432098765434,0.04243827160493827,0.07175925925925926,0.05169753086419753,0.034722222222222224,0.06558641975308642,0.03935185185185185,0.04861111111111111
495,0.04124579124579125,0.05471380471380473,0.06649831649831651,0.04124579124579125,0.053030303030303046,0.03787878787878789,0.058080808080808094,0.06649831649831651,0.042929292929292935,0.06313131313131315,0.05134680134680136,0.04124579124579125,0.053030303030303046,0.08501683501683503,0.03956228956228957,0.04966329966329968,0.04124579124579125,0.03787878787878789,0.03787878787878789,0.03787878787878789
496,0.03787878787878789,0.04461279461279462,0.051346801346801356,0.10185185185185186,0.042929292929292935,0.042929292929292935,0.03956228956228957,0.05976430976430977,0.03956228956228957,0.04966329966329967,0.06144781144781145,0.03787878787878789,0.056397306397306404,0.03787878787878789,0.03956228956228957,0.04124579124579125,0.04124579124579125,0.06818181818181819,0.06649831649831651,0.03956228956228957
497,0.04045893719806764,0.030797101449275367,0.06461352657004832,0.045289855072463775,0.053743961352657015,0.060990338164251215,0.053743961352657015,0.04770531400966184,0.0356280193236715,0.04166666666666667,0.04287439613526571,0.027173913043478264,0.04891304347826088,0.09359903381642513,0.04408212560386474,0.04408212560386474,0.036835748792270535,0.09480676328502417,0.04770531400966184,0.045289855072463775
498,0.030381944444444448,0.041956018518518524,0.01822916666666667,0.04079861111111112,0.05873842592592593,0.05815972222222223,0.057002314814814825,0.030381944444444448,0.06452546296296298,0.07262731481481483,0.037326388888888895,0.03443287037037038,0.02633101851851852,0.07204861111111112,0.05526620370370371,0.05526620370370371,0.03385416666666667,0.0992476851851852,0.09230324074074076,0.02112268518518519
499,0.03125000000000001,0.045138888888888895,0.03958333333333334,0.046527777777777786,0.0701388888888889,0.03958333333333334,0.05625000000000001,0.06319444444444446,0.0576388888888889,0.04791666666666668,0.03125000000000001,0.046527777777777786,0.03958333333333334,0.03541666666666667,0.05625000000000001,0.07291666666666669,0.04097222222222223,0.0826388888888889,0.06597222222222224,0.03125000000000001
500,0.026881720430107527,0.028076463560334528,0.03046594982078853,0.04958183990442055,0.05077658303464755,0.05913978494623656,0.04121863799283154,0.07228195937873358,0.04241338112305854,0.06272401433691756,0.045997610513739545,0.026881720430107527,0.02927120669056153,0.04241338112305854,0.061529271206690564,0.04121863799283154,0.08781362007168458,0.11529271206690561,0.04958183990442055,0.03643966547192354
501,0.0376984126984127,0.04695767195767196,0.04166666666666667,0.06283068783068785,0.0548941798941799,0.07605820105820107,0.05753968253968254,0.042989417989417994,0.03505291005291006,0.058862433862433866,0.06018518518518519,0.05224867724867725,0.0548941798941799,0.053571428571428575,0.04563492063492064,0.03505291005291006,0.0548941798941799,0.04034391534391535,0.058862433862433866,0.029761904761904764
502,0.020491803278688523,0.04599271402550091,0.11429872495446267,0.03961748633879782,0.03051001821493625,0.06056466302367942,0.0651183970856102,0.0778688524590164,0.02413479052823315,0.0714936247723133,0.07240437158469945,0.04599271402550091,0.0377959927140255,0.08151183970856102,0.027777777777777776,0.03506375227686703,0.033242258652094715,0.05874316939890711,0.03597449908925319,0.021402550091074682
503,0.018237934904601575,0.03226711560044894,0.026094276094276097,0.1091470258136925,0.03731762065095399,0.05920314253647588,0.07547699214365883,0.03226711560044894,0.03338945005611673,0.08557800224466892,0.041806958473625144,0.026094276094276097,0.043490460157126834,0.0771604938271605,0.05527497194163861,0.02890011223344557,0.04124579124579125,0.12822671156004492,0.03451178451178452,0.014309764309764312
504,0.0429769392033543,0.018518518518518517,0.057651991614255764,0.05276030747728861,0.057651991614255764,0.06533892382948987,0.03249475890985325,0.12403913347309574,0.03878406708595388,0.05695317959468903,0.059748427672955975,0.06743535988819008,0.031097134870719776,0.04716981132075472,0.027603074772886094,0.03598881900768693,0.05695317959468903,0.054157931516422085,0.05276030747728861,0.019916142557651992
505,0.024633123689727456,0.014849755415793147,0.05398322851153038,0.11512928022361982,0.052585604472396914,0.03232005590496156,0.0648148148148148,0.025331935709294193,0.06935709294199859,0.09835779175401814,0.02288609364081062,0.015548567435359885,0.02288609364081062,0.056429070580013965,0.0704053109713487,0.059923130677847644,0.03930817610062892,0.0913696715583508,0.04874213836477986,0.021139063591893777
506,0.06847545219638244,0.030577088716623606,0.02540913006029286,0.12446167097329891,0.05813953488372094,0.04263565891472869,0.05641688199827736,0.03316106804478898,0.038329026701119734,0.052971576227390196,0.028854435831180025,0.05038759689922482,0.029715762273901814,0.07881136950904394,0.06503014642549527,0.040913006029285104,0.04952627045650303,0.05038759689922482,0.055555555555555566,0.020241171403962106
507,0.038995726495726496,0.04754273504273504,0.05822649572649573,0.046474358974358976,0.05608974358974359,0.026175213675213676,0.038995726495726496,0.04326923076923077,0.037927350427350424,0.09775641025641026,0.04861111111111111,0.030448717948717948,0.05822649572649573,0.05608974358974359,0.03685897435897436,0.07318376068376069,0.057158119658119656,0.052884615384615384,0.06143162393162393,0.03365384615384615
508,0.035790598290598295,0.02724358974358975,0.06250000000000001,0.05395299145299147,0.07104700854700856,0.032585470085470095,0.032585470085470095,0.09027777777777779,0.03365384615384616,0.04540598290598291,0.029380341880341887,0.03792735042735043,0.059294871794871806,0.04433760683760685,0.10950854700854704,0.03792735042735043,0.04113247863247864,0.07745726495726497,0.04433760683760685,0.03365384615384616
509,0.03431372549019608,0.04302832244008715,0.05392156862745098,0.06808278867102396,0.02559912854030501,0.056100217864923745,0.03867102396514161,0.0528322440087146,0.029956427015250545,0.06372549019607843,0.026688453159041396,0.07461873638344227,0.03213507625272331,0.04084967320261438,0.0724400871459695,0.05501089324618736,0.05065359477124183,0.0789760348583878,0.06045751633986928,0.041938997821350764
510,0.018611111111111113,0.05861111111111112,0.061388888888888896,0.051388888888888894,0.060277777777777784,0.03861111111111112,0.019722222222222224,0.03472222222222223,0.04194444444444445,0.04694444444444445,0.04694444444444445,0.04027777777777779,0.053611111111111116,0.0813888888888889,0.03583333333333334,0.051388888888888894,0.11416666666666668,0.0563888888888889,0.06250000000000001,0.02527777777777778
511,0.03428428428428428,0.016766766766766767,0.10035035035035035,0.10735735735735735,0.03028028028028028,0.07082082082082082,0.05930930930930931,0.023273273273273273,0.033783783783783786,0.0482982982982983,0.04229229229229229,0.033783783783783786,0.03178178178178178,0.07932932932932933,0.07432432432432433,0.025775775775775774,0.0533033033033033,0.0503003003003003,0.06731731731731731,0.017267267267267267
512,0.042777777777777776,0.026111111111111113,0.05277777777777778,0.04388888888888889,0.051666666666666666,0.06055555555555556,0.041666666666666664,0.035,0.07388888888888889,0.08611111111111111,0.030555555555555555,0.02722222222222222,0.025,0.10166666666666667,0.07277777777777777,0.03833333333333333,0.06166666666666667,0.06166666666666667,0.03611111111111111,0.030555555555555555
513,0.025773195876288662,0.07044673539518902,0.06242840778923254,0.06471935853379154,0.05211912943871708,0.06242840778923254,0.040664375715922116,0.028064146620847656,0.044100801832760606,0.05899198167239405,0.02920962199312715,0.03379152348224514,0.04295532646048111,0.05899198167239405,0.04180985108820161,0.05899198167239405,0.06701030927835053,0.06930126002290952,0.05211912943871708,0.03608247422680413
514,0.041087962962962965,0.036458333333333336,0.050347222222222224,0.03877314814814815,0.09664351851851852,0.06076388888888889,0.11516203703703703,0.03761574074074074,0.04918981481481482,0.045717592592592594,0.03761574074074074,0.07118055555555555,0.07118055555555555,0.03761574074074074,0.03414351851851852,0.03298611111111111,0.029513888888888888,0.03993055555555555,0.036458333333333336,0.03761574074074074
515,0.043859649122807015,0.043859649122807015,0.043859649122807015,0.05165692007797271,0.043859649122807015,0.06140350877192982,0.04775828460038986,0.043859649122807015,0.04775828460038986,0.04580896686159844,0.043859649122807015,0.043859649122807015,0.043859649122807015,0.043859649122807015,0.06140350877192982,0.06530214424951267,0.04580896686159844,0.09064327485380116,0.043859649122807015,0.043859649122807015
516,0.024633123689727462,0.027777777777777776,0.05083857442348008,0.07809224318658281,0.05712788259958071,0.07389937106918239,0.027777777777777776,0.04140461215932914,0.05188679245283019,0.037211740041928724,0.02358490566037736,0.0749475890985325,0.024633123689727462,0.09067085953878407,0.06656184486373165,0.04769392033542977,0.044549266247379454,0.08752620545073375,0.04559748427672956,0.02358490566037736
517,0.018837803320561945,0.029054916985951473,0.05779054916985952,0.04374201787994892,0.08908045977011496,0.05268199233716476,0.03735632183908047,0.04118773946360154,0.06098339719029375,0.07183908045977012,0.028416347381864628,0.03416347381864624,0.03991060025542785,0.05715197956577268,0.0980204342273308,0.04948914431673053,0.03288633461047255,0.0673690932311622,0.05268199233716476,0.03735632183908047
518,0.04923215898825655,0.07000903342366757,0.05103884372177055,0.05555555555555555,0.02122854561878952,0.04110207768744354,0.032068654019873535,0.06278229448961156,0.03929539295392954,0.06458897922312556,0.03477868112014453,0.04200542005420054,0.08446251129177959,0.036585365853658534,0.03387533875338753,0.09620596205962059,0.044715447154471545,0.06187895212285456,0.04923215898825655,0.02935862691960253
519,0.04464285714285715,0.04464285714285715,0.04464285714285715,0.048611111111111126,0.04464285714285715,0.04464285714285715,0.04464285714285715,0.04464285714285715,0.05654761904761906,0.04464285714285715,0.04464285714285715,0.04464285714285715,0.05059523809523811,0.04464285714285715,0.07638888888888891,0.06250000000000001,0.04464285714285715,0.08035714285714288,0.04464285714285715,0.04464285714285715
520,0.01773049645390071,0.04846335697399527,0.058707643814026794,0.06895193065405832,0.02639873916469661,0.03743104806934594,0.031914893617021274,0.04925137903861308,0.06185973207249803,0.06343577620173364,0.07446808510638298,0.03979511426319937,0.05555555555555555,0.09180457052797478,0.06579984239558707,0.05319148936170213,0.057919621749408984,0.035066981875492516,0.042947202521670606,0.019306540583136328
521,0.045138888888888895,0.03125000000000001,0.06875000000000002,0.06875000000000002,0.053472222222222233,0.09652777777777781,0.06736111111111112,0.0326388888888889,0.03958333333333334,0.0326388888888889,0.03541666666666667,0.053472222222222233,0.0326388888888889,0.03125000000000001,0.038194444444444454,0.046527777777777786,0.03402777777777778,0.10486111111111114,0.043750000000000004,0.043750000000000004
522,0.02695269526952696,0.05775577557755777,0.055555555555555566,0.09515951595159519,0.03795379537953796,0.04895489548954897,0.07755775577557757,0.06325632563256327,0.03575357535753576,0.04345434543454346,0.025852585258525858,0.03685368536853686,0.04125412541254126,0.06655665566556657,0.04895489548954897,0.04345434543454346,0.06105610561056107,0.07425742574257427,0.03355335533553356,0.025852585258525858
523,0.03558052434456929,0.05930087390761549,0.05305867665418228,0.04806491885143571,0.040574282147315864,0.06054931335830213,0.02808988764044944,0.03308364544319601,0.03807740324594258,0.049313358302122356,0.046816479400749074,0.10299625468164796,0.03308364544319601,0.07677902621722847,0.0655430711610487,0.06179775280898877,0.02808988764044944,0.07553058676654184,0.02808988764044944,0.03558052434456929
524,0.03333333333333334,0.03333333333333334,0.09851851851851855,0.046666666666666676,0.037777777777777785,0.06444444444444446,0.036296296296296306,0.04370370370370371,0.036296296296296306,0.03333333333333334,0.06592592592592594,0.04518518518518519,0.06740740740740742,0.07185185185185186,0.08962962962962964,0.03333333333333334,0.046666666666666676,0.03333333333333334,0.04370370370370371,0.039259259259259265
525,0.024853801169590645,0.06968810916179338,0.04727095516569201,0.030701754385964914,0.06773879142300196,0.04044834307992203,0.07261208576998052,0.025828460038986357,0.06968810916179338,0.08625730994152048,0.02875243664717349,0.04044834307992203,0.03362573099415205,0.029727095516569203,0.06091617933723197,0.0628654970760234,0.04044834307992203,0.09502923976608188,0.0462962962962963,0.026803118908382068
526,0.04493464052287583,0.036764705882352956,0.05964052287581702,0.11029411764705886,0.036764705882352956,0.036764705882352956,0.06781045751633989,0.05147058823529413,0.03839869281045753,0.043300653594771255,0.04493464052287583,0.03839869281045753,0.036764705882352956,0.07598039215686277,0.036764705882352956,0.04166666666666668,0.04493464052287583,0.06454248366013075,0.036764705882352956,0.05310457516339871
527,0.03012048192771085,0.07429718875502009,0.03012048192771085,0.03949129852744311,0.042168674698795185,0.043507362784471225,0.062248995983935754,0.03012048192771085,0.062248995983935754,0.05153949129852746,0.035475234270415,0.05287817938420349,0.042168674698795185,0.05957161981258368,0.0957161981258367,0.06091030789825972,0.032797858099062924,0.07028112449799198,0.042168674698795185,0.042168674698795185
528,0.023716699155295652,0.03801169590643275,0.047758284600389875,0.054905782975958425,0.0419103313840156,0.0815464587394412,0.061403508771929835,0.054256010396361284,0.039311241065627035,0.048408057179987016,0.04905782975958416,0.026315789473684216,0.022417153996101367,0.06855100714749839,0.061403508771929835,0.05360623781676414,0.05620532813515271,0.09129304743339832,0.06010396361273555,0.019818063677712803
529,0.023092369477911646,0.029785809906291833,0.0498661311914324,0.10274431057563588,0.0645917001338688,0.025100401606425703,0.06325301204819277,0.12215528781793843,0.03848728246318608,0.044511378848728245,0.0391566265060241,0.03848728246318608,0.02175368139223561,0.029785809906291833,0.05120481927710843,0.020414993306559572,0.12081659973226239,0.05187416331994645,0.04183400267737617,0.02108433734939759
530,0.05303030303030304,0.05303030303030304,0.07659932659932661,0.056397306397306404,0.05303030303030304,0.05303030303030304,0.051346801346801356,0.042929292929292935,0.05303030303030304,0.04461279461279462,0.03787878787878789,0.042929292929292935,0.042929292929292935,0.03787878787878789,0.06649831649831651,0.03956228956228957,0.03787878787878789,0.06481481481481483,0.05471380471380472,0.03787878787878789
531,0.03491335372069317,0.035423037716615695,0.03491335372069317,0.12054026503567788,0.06345565749235474,0.041029561671763505,0.03797145769622834,0.06804281345565749,0.053261977573904176,0.06600407747196738,0.030835881753312946,0.016055045871559634,0.02726809378185525,0.05020387359836901,0.095565749235474,0.03287461773700306,0.058868501529051986,0.07517838939857288,0.033384301732925586,0.02420998980632008
532,0.02079072937968644,0.035105657805044314,0.04464894342194956,0.11281526925698708,0.04124062713019769,0.021472392638036814,0.04737559645535107,0.035105657805044314,0.04464894342194956,0.15098841172460808,0.024880708929788692,0.031015678254942065,0.02760736196319019,0.05623721881390594,0.1121336059986367,0.023517382413087942,0.0603271983640082,0.05351056578050444,0.02897068847989094,0.02760736196319019
533,0.02755905511811024,0.040682414698162736,0.045056867891513565,0.08355205599300089,0.03805774278215224,0.0520559930008749,0.10192475940507438,0.038932633420822406,0.0441819772528434,0.0441819772528434,0.05380577427821523,0.03193350831146107,0.05030621172353456,0.0468066491688539,0.0756780402449694,0.03280839895013124,0.03543307086614174,0.08267716535433073,0.04593175853018373,0.028433945756780404
534,0.04454022988505748,0.03208812260536399,0.055076628352490435,0.06752873563218392,0.02155172413793104,0.06848659003831419,0.023467432950191578,0.03687739463601533,0.04262452107279694,0.11925287356321841,0.03591954022988506,0.06752873563218392,0.061781609195402314,0.06752873563218392,0.06944444444444446,0.028256704980842918,0.0378352490421456,0.06657088122605366,0.031130268199233722,0.022509578544061305
535,0.010544538873150771,0.039817437834435004,0.05744412968209002,0.07003462385898647,0.028485993075228203,0.06783128737802958,0.029430280138495437,0.034781240163676425,0.06405413912496065,0.03541076487252125,0.0624803273528486,0.030689329556185082,0.03541076487252125,0.08356940509915015,0.07947749449165879,0.05146364494806421,0.0653131885426503,0.07412653446647781,0.05083412023921939,0.028800755429650614
536,0.03310886644219978,0.025252525252525252,0.06565656565656566,0.09259259259259259,0.05667789001122334,0.0409652076318743,0.08361391694725027,0.03423120089786756,0.05331088664421998,0.06902356902356903,0.03872053872053872,0.03310886644219978,0.0409652076318743,0.08249158249158249,0.03872053872053872,0.05331088664421998,0.03984287317620651,0.03535353535353535,0.057800224466891134,0.025252525252525252
537,0.03756613756613757,0.040740740740740744,0.06613756613756613,0.054497354497354496,0.02486772486772487,0.05873015873015873,0.06613756613756613,0.04497354497354497,0.040740740740740744,0.09788359788359788,0.05026455026455026,0.03968253968253968,0.031216931216931216,0.06296296296296296,0.049206349206349205,0.05026455026455026,0.04814814814814815,0.0746031746031746,0.03439153439153439,0.026984126984126985
538,0.039511494252873564,0.029454022988505746,0.06297892720306514,0.06920498084291188,0.05962643678160919,0.07064176245210728,0.05435823754789272,0.02849616858237548,0.027059386973180076,0.09219348659003831,0.032327586206896554,0.04956896551724138,0.06202107279693487,0.07495210727969348,0.020354406130268198,0.037595785440613025,0.09267241379310345,0.038553639846743294,0.0414272030651341,0.017001915708812262
539,0.018518518518518514,0.023053665910808766,0.05253212396069538,0.06235827664399091,0.044973544973544964,0.0328798185941043,0.02758881330309901,0.0328798185941043,0.06009070294784579,0.12811791383219953,0.0328798185941043,0.030612244897959176,0.047996976568405125,0.047996976568405125,0.03741496598639455,0.044973544973544964,0.06235827664399091,0.11224489795918365,0.07747543461829175,0.023053665910808766
540,0.02808988764044944,0.06179775280898877,0.09425717852684146,0.03932584269662922,0.040574282147315864,0.08801498127340826,0.030586766541822723,0.0418227215980025,0.06304619225967542,0.04806491885143571,0.04307116104868915,0.034332084893882654,0.04307116104868915,0.056803995006242204,0.04556803995006243,0.04556803995006243,0.03558052434456929,0.07553058676654184,0.046816479400749074,0.03807740324594258
541,0.02336448598130841,0.02544132917964694,0.0347871235721703,0.045171339563862926,0.07009345794392523,0.05659397715472482,0.048286604361370715,0.03063343717549325,0.04101765316718588,0.048286604361370715,0.03790238836967809,0.02544132917964694,0.03167185877466251,0.1687435098650052,0.07736240913811007,0.03167185877466251,0.0264797507788162,0.03997923156801662,0.10332294911734165,0.03374870197300104
542,0.04316239316239316,0.02435897435897436,0.0841880341880342,0.0858974358974359,0.031196581196581197,0.057692307692307696,0.03632478632478633,0.03205128205128205,0.055982905982905985,0.07564102564102564,0.055982905982905985,0.02435897435897436,0.04829059829059829,0.0764957264957265,0.05,0.04230769230769231,0.04658119658119658,0.06965811965811966,0.03376068376068376,0.02606837606837607
543,0.022935779816513763,0.03109072375127421,0.0545361875637105,0.045361875637105,0.0545361875637105,0.0545361875637105,0.03720693170234455,0.0728848114169215,0.030071355759429153,0.11365953109072376,0.06269113149847094,0.02599388379204893,0.027013251783893986,0.05759429153924567,0.033129459734964326,0.02803261977573904,0.045361875637105,0.09429153924566769,0.0728848114169215,0.03618756371049949
544,0.05303030303030305,0.044612794612794625,0.05303030303030305,0.04292929292929294,0.037878787878787894,0.0580808080808081,0.07659932659932663,0.05639730639730642,0.04292929292929294,0.04124579124579126,0.037878787878787894,0.04797979797979799,0.037878787878787894,0.061447811447811466,0.0681818181818182,0.037878787878787894,0.04966329966329968,0.07659932659932663,0.037878787878787894,0.037878787878787894
545,0.05894308943089432,0.03319783197831979,0.0467479674796748,0.09417344173441736,0.030487804878048783,0.05487804878048781,0.0453929539295393,0.05487804878048781,0.030487804878048783,0.030487804878048783,0.0440379403794038,0.0440379403794038,0.057588075880758816,0.03319783197831979,0.05352303523035231,0.0413279132791328,0.0399728997289973,0.12127371273712738,0.03455284552845529,0.05081300813008131
546,0.028659611992945325,0.029541446208112873,0.06657848324514991,0.09303350970017636,0.062169312169312166,0.04805996472663139,0.08862433862433862,0.03571428571428571,0.03306878306878307,0.03659611992945326,0.040123456790123455,0.04805996472663139,0.051587301587301584,0.07539682539682539,0.056878306878306875,0.03218694885361552,0.05864197530864197,0.029541446208112873,0.05511463844797178,0.03042328042328042
547,0.04388888888888889,0.055,0.10388888888888889,0.06166666666666667,0.035,0.050555555555555555,0.025,0.03944444444444444,0.03611111111111111,0.04722222222222222,0.075,0.028333333333333332,0.025,0.04722222222222222,0.02722222222222222,0.10833333333333334,0.03166666666666667,0.10055555555555555,0.028333333333333332,0.030555555555555555
548,0.03413654618473896,0.040829986613119144,0.05421686746987952,0.05823293172690763,0.04618473895582329,0.039491298527443104,0.06358768406961178,0.051539491298527446,0.03413654618473896,0.04350736278447122,0.03815261044176707,0.03279785809906292,0.03815261044176707,0.05823293172690763,0.09170013386880857,0.03815261044176707,0.05555555555555555,0.08500669344042838,0.048862115127175365,0.04752342704149933
549,0.03164556962025317,0.034458509142053444,0.04571026722925457,0.034458509142053444,0.03164556962025317,0.06821378340365682,0.04008438818565401,0.07524613220815753,0.04571026722925457,0.056962025316455694,0.03164556962025317,0.04008438818565401,0.04289732770745429,0.05414908579465542,0.04430379746835443,0.06962025316455696,0.06540084388185655,0.07524613220815753,0.0808720112517581,0.03164556962025317
550,0.03164556962025317,0.05555555555555555,0.05977496483825598,0.05414908579465542,0.06962025316455696,0.03164556962025317,0.03164556962025317,0.0639943741209564,0.06118143459915612,0.03727144866385373,0.03164556962025317,0.04008438818565401,0.03164556962025317,0.04852320675105485,0.05555555555555555,0.08649789029535865,0.06258790436005626,0.04571026722925457,0.06962025316455696,0.03164556962025317
551,0.0390625,0.042534722222222224,0.049479166666666664,0.10677083333333333,0.05642361111111111,0.06684027777777778,0.0390625,0.04079861111111111,0.051215277777777776,0.049479166666666664,0.06336805555555555,0.0390625,0.0390625,0.044270833333333336,0.05642361111111111,0.05295138888888889,0.0390625,0.04600694444444445,0.0390625,0.0390625
552,0.04222222222222222,0.045185185185185175,0.048148148148148134,0.043703703703703696,0.033333333333333326,0.057037037037037025,0.03777777777777777,0.048148148148148134,0.048148148148148134,0.043703703703703696,0.043703703703703696,0.033333333333333326,0.043703703703703696,0.08518518518518517,0.045185185185185175,0.05555555555555554,0.04222222222222222,0.04222222222222222,0.11481481481481479,0.04666666666666666
553,0.03424657534246575,0.03576864535768645,0.07077625570776255,0.08143074581430745,0.04794520547945205,0.05251141552511415,0.06316590563165905,0.03424657534246575,0.03424657534246575,0.06468797564687975,0.03424657534246575,0.03576864535768645,0.04794520547945205,0.07686453576864535,0.04794520547945205,0.03424657534246575,0.05403348554033485,0.04642313546423135,0.06621004566210045,0.03729071537290715
554,0.03676470588235294,0.04493464052287582,0.03676470588235294,0.0661764705882353,0.056372549019607844,0.05473856209150327,0.06944444444444445,0.05310457516339869,0.04493464052287582,0.07434640522875817,0.05310457516339869,0.041666666666666664,0.05800653594771242,0.049836601307189546,0.04003267973856209,0.03676470588235294,0.049836601307189546,0.051470588235294115,0.041666666666666664,0.04003267973856209
555,0.02305366591080877,0.03665910808767952,0.10997732426303855,0.06386999244142101,0.0563114134542706,0.04799697656840514,0.05253212396069539,0.03665910808767952,0.03741496598639456,0.07974300831443688,0.07520786092214664,0.05253212396069539,0.041194255479969764,0.032879818594104306,0.03968253968253968,0.04497354497354497,0.048752834467120185,0.032879818594104306,0.0691609977324263,0.018518518518518517
556,0.03888888888888889,0.03518518518518519,0.03271604938271605,0.08333333333333333,0.053703703703703705,0.04259259259259259,0.03888888888888889,0.030246913580246913,0.053703703703703705,0.05123456790123457,0.06111111111111111,0.033950617283950615,0.047530864197530866,0.1154320987654321,0.043827160493827164,0.03148148148148148,0.05123456790123457,0.05246913580246913,0.05617283950617284,0.046296296296296294
557,0.03643966547192353,0.041218637992831535,0.05555555555555554,0.11170848267622459,0.030465949820788523,0.05436081242532854,0.06033452807646355,0.040023894862604534,0.03882915173237753,0.042413381123058536,0.04719235364396653,0.02807646356033452,0.05913978494623655,0.042413381123058536,0.02807646356033452,0.03285543608124253,0.07706093189964157,0.07825567502986856,0.06869772998805256,0.02688172043010752
558,0.029069767441860465,0.07299741602067183,0.05490956072351421,0.03940568475452196,0.04974160206718346,0.043281653746770024,0.03294573643410853,0.06395348837209303,0.03940568475452196,0.0665374677002584,0.043281653746770024,0.09366925064599484,0.05490956072351421,0.030361757105943153,0.03940568475452196,0.030361757105943153,0.04198966408268734,0.07170542635658915,0.05878552971576227,0.043281653746770024
559,0.0472972972972973,0.0518018018018018,0.03978978978978979,0.04279279279279279,0.03528528528528529,0.044294294294294295,0.0503003003003003,0.054804804804804805,0.0472972972972973,0.05630630630630631,0.0472972972972973,0.04129129129129129,0.03978978978978979,0.060810810810810814,0.038288288288288286,0.08333333333333333,0.03528528528528529,0.06981981981981981,0.06981981981981981,0.044294294294294295
560,0.025599128540305004,0.032135076252723306,0.05392156862745097,0.05065359477124182,0.03758169934640522,0.07788671023965141,0.07244008714596949,0.03976034858387799,0.052832244008714585,0.06699346405228757,0.034313725490196074,0.038671023965141604,0.03976034858387799,0.12799564270152503,0.031045751633986922,0.057189542483660115,0.036492374727668836,0.055010893246187346,0.044117647058823525,0.025599128540305004
561,0.04978354978354979,0.04545454545454546,0.03535353535353536,0.05844155844155845,0.05122655122655123,0.03535353535353536,0.04978354978354979,0.0468975468975469,0.03968253968253969,0.06421356421356422,0.05266955266955268,0.03968253968253969,0.03823953823953825,0.04545454545454546,0.06709956709956712,0.04545454545454546,0.05699855699855701,0.08874458874458876,0.0468975468975469,0.042568542568542575
562,0.04312865497076023,0.05482456140350877,0.03728070175438596,0.11038011695906433,0.03289473684210526,0.04751461988304093,0.056286549707602336,0.046052631578947366,0.07967836257309942,0.062134502923976605,0.03435672514619883,0.0445906432748538,0.046052631578947366,0.035818713450292396,0.046052631578947366,0.03435672514619883,0.041666666666666664,0.0577485380116959,0.056286549707602336,0.03289473684210526
563,0.02925925925925926,0.01814814814814815,0.03740740740740741,0.04925925925925926,0.055185185185185184,0.03740740740740741,0.08777777777777777,0.021111111111111112,0.02925925925925926,0.13444444444444445,0.02925925925925926,0.02851851851851852,0.053703703703703705,0.09814814814814815,0.05962962962962963,0.05962962962962963,0.032962962962962965,0.052222222222222225,0.06185185185185185,0.024814814814814814
564,0.03229974160206719,0.03402239448751077,0.05469422911283378,0.034883720930232565,0.05383290267011199,0.04435831180017227,0.055555555555555566,0.040913006029285104,0.052971576227390196,0.04780361757105944,0.08656330749354006,0.021102497846683898,0.04349698535745048,0.06072351421188632,0.09689922480620158,0.02282515073212748,0.06072351421188632,0.08053402239448752,0.040913006029285104,0.034883720930232565
565,0.03676470588235294,0.056372549019607844,0.04656862745098039,0.06290849673202614,0.03676470588235294,0.03839869281045752,0.04656862745098039,0.051470588235294115,0.056372549019607844,0.041666666666666664,0.04330065359477124,0.061274509803921566,0.06290849673202614,0.0661764705882353,0.05473856209150327,0.049836601307189546,0.04493464052287582,0.0661764705882353,0.04003267973856209,0.03676470588235294
566,0.02293577981651376,0.05453618756371049,0.03822629969418959,0.05555555555555554,0.04740061162079509,0.06982670744138633,0.04638124362895005,0.041284403669724766,0.04026503567787971,0.04230377166156982,0.09633027522935778,0.04638124362895005,0.07900101936799184,0.04536187563710499,0.02395514780835881,0.049439347604485206,0.04536187563710499,0.06982670744138633,0.03414882772680937,0.051478083588175315
567,0.02976190476190476,0.04828042328042328,0.04563492063492063,0.03505291005291005,0.08664021164021164,0.05092592592592592,0.09854497354497355,0.0496031746031746,0.041666666666666664,0.08928571428571429,0.036375661375661374,0.02976190476190476,0.04431216931216931,0.032407407407407406,0.061507936507936505,0.03902116402116402,0.04563492063492063,0.07605820105820106,0.02976190476190476,0.02976190476190476
568,0.03571428571428571,0.048412698412698414,0.07698412698412699,0.07222222222222222,0.03571428571428571,0.03571428571428571,0.04365079365079365,0.051587301587301584,0.03571428571428571,0.051587301587301584,0.03571428571428571,0.048412698412698414,0.03888888888888889,0.051587301587301584,0.05793650793650794,0.05317460317460317,0.04047619047619048,0.08968253968253968,0.05793650793650794,0.03888888888888889
569,0.019379844961240306,0.0297157622739018,0.046080964685615844,0.06503014642549525,0.04866494401378121,0.07278208440999137,0.08397932816537466,0.042635658914728675,0.03746770025839793,0.046080964685615844,0.04177433247200688,0.02885443583118001,0.0297157622739018,0.10809646856158481,0.05555555555555554,0.05555555555555554,0.0598621877691645,0.07105943152454779,0.027131782945736427,0.030577088716623593
570,0.029654654654654656,0.04241741741741742,0.04617117117117117,0.05518018018018018,0.07995495495495496,0.07169669669669669,0.045420420420420424,0.0259009009009009,0.029654654654654656,0.06343843843843844,0.05442942942942943,0.027402402402402402,0.057432432432432436,0.07845345345345345,0.05818318318318318,0.059684684684684686,0.021396396396396396,0.08370870870870871,0.04692192192192192,0.0228978978978979
571,0.03322700691121744,0.04917597022860181,0.07097288676236045,0.07682083997873472,0.08266879319510899,0.04758107389686337,0.043859649122807015,0.06778309409888357,0.0342902711323764,0.0417331206804891,0.031632110579479,0.03907496012759171,0.04279638490164806,0.04811270600744285,0.027910685805422646,0.038011695906432746,0.04917597022860181,0.06831472620946305,0.08160552897395003,0.025252525252525252
572,0.03719397363465161,0.05414312617702449,0.08427495291902073,0.056967984934086634,0.03813559322033899,0.048493408662900195,0.061676082862523546,0.042843691148775905,0.02777777777777778,0.03436911487758946,0.04755178907721281,0.06732580037664784,0.07109227871939738,0.10310734463276837,0.024952919020715635,0.03813559322033899,0.035310734463276844,0.05414312617702449,0.04755178907721281,0.024952919020715635
573,0.019803715387311602,0.02365930599369085,0.057308096740273394,0.06852436032246757,0.0737819838766211,0.04889589905362776,0.049947423764458466,0.027514896600070102,0.03662811076060287,0.06782334384858044,0.03943217665615142,0.03627760252365931,0.015597616543988784,0.07623554153522608,0.11934805467928496,0.04924640729057133,0.04328776726253067,0.05590606379249912,0.07097791798107256,0.019803715387311602
574,0.03048780487804878,0.03319783197831978,0.054878048780487805,0.08875338753387534,0.046747967479674794,0.048102981029810296,0.048102981029810296,0.05623306233062331,0.03319783197831978,0.10094850948509485,0.05758807588075881,0.03319783197831978,0.041327913279132794,0.03048780487804878,0.07520325203252033,0.03319783197831978,0.034552845528455285,0.05894308943089431,0.06436314363143632,0.03048780487804878
575,0.030684754521963824,0.02422480620155039,0.02810077519379845,0.07138242894056848,0.020348837209302327,0.061046511627906974,0.03714470284237726,0.05006459948320414,0.042312661498708014,0.07138242894056848,0.045542635658914726,0.046188630490956076,0.05458656330749354,0.10626614987080103,0.05910852713178295,0.055232558139534885,0.03133074935400517,0.07138242894056848,0.07719638242894057,0.016472868217054265
576,0.03424657534246576,0.04185692541856926,0.03424657534246576,0.06164383561643836,0.03424657534246576,0.04033485540334856,0.03576864535768646,0.04490106544901066,0.06012176560121766,0.06012176560121766,0.06012176560121766,0.05098934550989346,0.03424657534246576,0.06164383561643836,0.06773211567732117,0.04033485540334856,0.07382039573820397,0.07382039573820397,0.05403348554033486,0.03576864535768646
577,0.017762660619803475,0.0200302343159486,0.082010582010582,0.05857898715041572,0.0291005291005291,0.06462585034013606,0.060090702947845805,0.046485260770975055,0.046485260770975055,0.08654572940287227,0.035903250188964474,0.02305366591080877,0.0472411186696901,0.0472411186696901,0.06235827664399093,0.054799697656840514,0.04799697656840514,0.07974300831443688,0.07142857142857142,0.018518518518518517
578,0.03731343283582089,0.03897180762852405,0.0472636815920398,0.09038142620232173,0.03731343283582089,0.03731343283582089,0.06218905472636816,0.0538971807628524,0.03731343283582089,0.07213930348258707,0.06384742951907131,0.03897180762852405,0.03731343283582089,0.05223880597014925,0.03897180762852405,0.05223880597014925,0.05887230514096186,0.05721393034825871,0.0472636815920398,0.03897180762852405
579,0.02358490566037736,0.04874213836477988,0.03511530398322851,0.0759958071278826,0.04769392033542977,0.04559748427672956,0.04979035639412998,0.04874213836477988,0.05293501048218029,0.06132075471698113,0.04035639412997904,0.05817610062893082,0.03511530398322851,0.04140461215932914,0.025681341719077568,0.04245283018867924,0.04979035639412998,0.09696016771488469,0.09381551362683438,0.026729559748427674
580,0.02321156773211568,0.036149162861491634,0.02929984779299848,0.042998477929984784,0.06506849315068494,0.06506849315068494,0.045281582952815834,0.050608828006088284,0.0947488584474886,0.06811263318112634,0.03310502283105023,0.07648401826484019,0.02092846270928463,0.047564687975646884,0.06354642313546424,0.042998477929984784,0.049086757990867584,0.06735159817351599,0.054414003044140034,0.02397260273972603
581,0.017292126563649743,0.03495217071376012,0.04525386313465784,0.04966887417218543,0.07247976453274467,0.06438557763061074,0.04893303899926416,0.0739514348785872,0.05481972038263429,0.03715967623252391,0.03495217071376012,0.016556291390728478,0.018027961736571008,0.09161147902869757,0.08425312729948492,0.04966887417218543,0.04525386313465784,0.0481972038263429,0.08204562178072111,0.030537159676232523
582,0.054878048780487805,0.042682926829268296,0.07926829268292683,0.042682926829268296,0.061653116531165314,0.046747967479674794,0.03590785907859079,0.03184281842818428,0.07655826558265583,0.03048780487804878,0.03861788617886179,0.05623306233062331,0.041327913279132794,0.03319783197831978,0.034552845528455285,0.08604336043360433,0.034552845528455285,0.08875338753387534,0.04403794037940379,0.03997289972899729
583,0.023523523523523524,0.052552552552552555,0.08758758758758758,0.10560560560560561,0.027527527527527528,0.046546546546546545,0.04054054054054054,0.027527527527527528,0.04354354354354354,0.06556556556556556,0.05855855855855856,0.028528528528528527,0.04154154154154154,0.05455455455455455,0.04454454454454455,0.08258258258258258,0.023523523523523524,0.052552552552552555,0.03853853853853854,0.05455455455455455
584,0.02380952380952381,0.028042328042328046,0.06084656084656085,0.05978835978835979,0.04074074074074075,0.05555555555555556,0.09153439153439155,0.028042328042328046,0.03650793650793652,0.08095238095238097,0.024867724867724872,0.06084656084656085,0.037566137566137574,0.05873015873015874,0.06719576719576721,0.05555555555555556,0.06402116402116403,0.03227513227513228,0.04497354497354498,0.048148148148148155
585,0.02734375,0.028211805555555556,0.06293402777777778,0.07769097222222222,0.06901041666666667,0.053385416666666664,0.038628472222222224,0.029947916666666668,0.055121527777777776,0.09765625,0.024739583333333332,0.028211805555555556,0.032552083333333336,0.053385416666666664,0.06553819444444445,0.07074652777777778,0.038628472222222224,0.09071180555555555,0.031684027777777776,0.023871527777777776
586,0.016713747645951037,0.0185969868173258,0.056732580037664786,0.062382297551789076,0.03884180790960452,0.03225047080979284,0.06756120527306968,0.056732580037664786,0.03083804143126177,0.1146421845574388,0.025659133709981168,0.03695856873822975,0.0185969868173258,0.07038606403013183,0.067090395480226,0.049670433145009414,0.05484934086629002,0.10004708097928437,0.046374764595103576,0.03507532956685499
587,0.032567049808429116,0.032567049808429116,0.05683269476372925,0.030012771392081736,0.041507024265644954,0.030012771392081736,0.08109833971902937,0.03639846743295019,0.05683269476372925,0.037675606641123884,0.06066411238825032,0.05172413793103448,0.04533844189016603,0.09386973180076628,0.10280970625798212,0.03639846743295019,0.032567049808429116,0.040229885057471264,0.05300127713920817,0.04789272030651341
588,0.03660637381567614,0.050387596899224806,0.05727820844099914,0.0305770887166236,0.03832902670111973,0.0917312661498708,0.04866494401378122,0.07708871662360034,0.023686477174849268,0.0615848406546081,0.04608096468561585,0.03316106804478897,0.03919035314384152,0.07708871662360034,0.03660637381567614,0.027131782945736434,0.0615848406546081,0.06761412575366063,0.05555555555555555,0.040051679586563305
589,0.05133614627285514,0.054149085794655424,0.0569620253164557,0.04571026722925458,0.05133614627285514,0.07946554149085797,0.031645569620253174,0.03867791842475388,0.05836849507735584,0.07665260196905768,0.031645569620253174,0.03586497890295359,0.03445850914205345,0.033052039381153316,0.06821378340365683,0.031645569620253174,0.04571026722925458,0.06680731364275669,0.0569620253164557,0.05133614627285514
590,0.026068376068376073,0.028632478632478635,0.07136752136752138,0.033760683760683766,0.03803418803418804,0.04914529914529915,0.08333333333333334,0.02948717948717949,0.08076923076923079,0.05598290598290599,0.04230769230769232,0.035470085470085476,0.038888888888888896,0.04658119658119659,0.11752136752136753,0.05000000000000001,0.034615384615384624,0.04743589743589744,0.061111111111111116,0.02948717948717949
591,0.025073746312684365,0.025073746312684365,0.10373647984267453,0.05260570304818092,0.03392330383480826,0.04277286135693215,0.03687315634218289,0.032940019665683384,0.07817109144542773,0.08308751229105212,0.02704031465093412,0.029006882989183875,0.029006882989183875,0.06833824975417896,0.06833824975417896,0.11848574237954769,0.058505408062930184,0.030973451327433628,0.032940019665683384,0.023107177974434612
592,0.03240740740740741,0.09002057613168726,0.06532921810699589,0.04475308641975309,0.052983539094650214,0.09413580246913582,0.024176954732510293,0.039609053497942394,0.02623456790123457,0.052983539094650214,0.027263374485596712,0.024176954732510293,0.04783950617283951,0.06430041152263376,0.0704732510288066,0.04578189300411523,0.06327160493827162,0.043724279835390956,0.06327160493827162,0.027263374485596712
593,0.016531165311653117,0.015447154471544716,0.06856368563685637,0.14498644986449866,0.1021680216802168,0.053387533875338754,0.08211382113821138,0.018157181571815718,0.03875338753387534,0.11463414634146342,0.058265582655826556,0.03333333333333333,0.023577235772357725,0.028455284552845527,0.04525745257452574,0.026829268292682926,0.018157181571815718,0.06422764227642276,0.024661246612466124,0.022493224932249322
594,0.019423558897243107,0.03529657477025898,0.02234753550543024,0.07080200501253132,0.030284043441938177,0.05827067669172932,0.06871345029239766,0.04239766081871345,0.03446115288220551,0.13554720133667503,0.07832080200501253,0.026106934001670842,0.027360066833751043,0.08375104427736006,0.05242272347535505,0.04532163742690058,0.02944862155388471,0.0829156223893066,0.026106934001670842,0.03070175438596491
595,0.024541531823085223,0.013214670981661274,0.07146709816612731,0.09735706580366776,0.03964401294498383,0.06715210355987056,0.060679611650485445,0.04989212513484359,0.035868392664509176,0.060140237324703354,0.020765911542610576,0.016990291262135925,0.04557713052858685,0.09573894282632148,0.04665587918015103,0.018608414239482205,0.0418015102481122,0.10598705501618125,0.06984897518878103,0.01806903991370011
596,0.031018518518518518,0.020833333333333332,0.022685185185185187,0.0912037037037037,0.08564814814814815,0.04583333333333333,0.07546296296296297,0.07083333333333333,0.04675925925925926,0.03194444444444444,0.05416666666666667,0.02175925925925926,0.03009259259259259,0.08101851851851852,0.0587962962962963,0.07361111111111111,0.04027777777777778,0.06157407407407407,0.03564814814814815,0.020833333333333332
597,0.01984126984126984,0.022486772486772486,0.040123456790123455,0.04982363315696649,0.06040564373897707,0.04805996472663139,0.0445326278659612,0.04188712522045855,0.068342151675485,0.03747795414462081,0.04982363315696649,0.03218694885361552,0.04805996472663139,0.11684303350970017,0.040123456790123455,0.0445326278659612,0.09038800705467372,0.051587301587301584,0.0701058201058201,0.023368606701940034
598,0.02920962199312715,0.030355097365406647,0.08419243986254298,0.06128293241695304,0.046391752577319596,0.02920962199312715,0.032646048109965645,0.040664375715922116,0.06242840778923254,0.08419243986254298,0.038373424971363125,0.06586483390607104,0.046391752577319596,0.03951890034364262,0.04180985108820161,0.046391752577319596,0.02691867124856816,0.06471935853379154,0.10366552119129441,0.025773195876288662
599,0.03961136023916293,0.04110612855007474,0.05256601893373194,0.10637767812655705,0.03462879920279023,0.05705032386646736,0.045590433482810166,0.033632286995515695,0.05754857997010463,0.0759840558046836,0.06751370204285002,0.021674140508221227,0.04309915296462382,0.06900847035376183,0.04359740906826109,0.021175884404583956,0.0465869456900847,0.06651718983557549,0.05954160438465371,0.0171898355754858
600,0.05233494363929147,0.07004830917874397,0.05394524959742351,0.09581320450885668,0.03784219001610306,0.04750402576489533,0.04106280193236715,0.0426731078904992,0.0426731078904992,0.05394524959742351,0.06038647342995169,0.0426731078904992,0.06038647342995169,0.04106280193236715,0.04911433172302738,0.039452495974235106,0.036231884057971016,0.050724637681159424,0.039452495974235106,0.0426731078904992
601,0.03333333333333333,0.040740740740740744,0.03333333333333333,0.05703703703703704,0.05851851851851852,0.05555555555555555,0.051111111111111114,0.04814814814814815,0.052592592592592594,0.07185185185185185,0.05407407407407407,0.0362962962962963,0.042222222222222223,0.04666666666666667,0.052592592592592594,0.04814814814814815,0.04518518518518518,0.040740740740740744,0.09259259259259259,0.03925925925925926
602,0.018784972022382093,0.04996003197442046,0.05635491606714628,0.06514788169464429,0.07633892885691447,0.054756195043964825,0.0539568345323741,0.028377298161470825,0.03477218225419664,0.05635491606714628,0.05315747402078337,0.03477218225419664,0.021982414068745005,0.06115107913669065,0.09552358113509192,0.027577937649880094,0.0451638689048761,0.08673061550759392,0.046762589928057555,0.03237410071942446
603,0.04113247863247863,0.042200854700854704,0.05929487179487179,0.05608974358974359,0.025106837606837608,0.07852564102564102,0.06143162393162393,0.03365384615384615,0.038995726495726496,0.04113247863247863,0.04006410256410257,0.04113247863247863,0.04113247863247863,0.07745726495726496,0.06784188034188034,0.06356837606837606,0.030448717948717948,0.04433760683760684,0.09134615384615384,0.025106837606837608
604,0.055860805860805864,0.03388278388278388,0.03876678876678877,0.08821733821733822,0.039987789987789985,0.06501831501831502,0.0808913308913309,0.046092796092796096,0.04731379731379731,0.07356532356532357,0.04120879120879121,0.022283272283272284,0.028998778998779,0.07967032967032966,0.039377289377289376,0.05463980463980464,0.055860805860805864,0.050976800976800976,0.03815628815628816,0.019230769230769232
605,0.05164930555555554,0.030815972222222217,0.02300347222222222,0.11501736111111108,0.027343749999999993,0.06119791666666665,0.03428819444444444,0.02994791666666666,0.04817708333333332,0.07421874999999999,0.050781249999999986,0.05598958333333332,0.030815972222222217,0.05598958333333332,0.06987847222222221,0.06380208333333331,0.029079861111111105,0.07161458333333331,0.04644097222222222,0.02994791666666666
606,0.030586766541822727,0.03183520599250937,0.06054931335830214,0.0742821473158552,0.051810237203495646,0.06803995006242199,0.0418227215980025,0.03682896379525594,0.03932584269662922,0.03183520599250937,0.03558052434456929,0.053058676654182284,0.04307116104868915,0.03183520599250937,0.08801498127340826,0.04556803995006243,0.0655430711610487,0.0742821473158552,0.06803995006242199,0.028089887640449444
607,0.03481481481481482,0.037777777777777785,0.046666666666666676,0.08666666666666668,0.046666666666666676,0.05111111111111112,0.03333333333333334,0.06148148148148149,0.06148148148148149,0.058518518518518525,0.046666666666666676,0.036296296296296306,0.03333333333333334,0.046666666666666676,0.06592592592592594,0.06444444444444446,0.03481481481481482,0.06444444444444446,0.048148148148148155,0.04074074074074075
608,0.05088702147525677,0.041549953314659195,0.05929038281979458,0.06022408963585434,0.06022408963585434,0.05648926237161531,0.05555555555555555,0.03314659197012138,0.023809523809523808,0.0350140056022409,0.037815126050420166,0.05368814192343604,0.0611577964519141,0.052754435107376284,0.03314659197012138,0.046218487394957986,0.03688141923436041,0.10784313725490197,0.06209150326797386,0.03221288515406162
609,0.051709401709401706,0.047435897435897434,0.03376068376068376,0.07478632478632478,0.03632478632478633,0.09273504273504274,0.049145299145299144,0.026923076923076925,0.06367521367521367,0.051709401709401706,0.023504273504273504,0.03290598290598291,0.05512820512820513,0.04145299145299145,0.06025641025641026,0.031196581196581197,0.05512820512820513,0.09017094017094017,0.06025641025641026,0.021794871794871794
610,0.033783783783783786,0.04279279279279279,0.04279279279279279,0.04279279279279279,0.060810810810810814,0.0457957957957958,0.038288288288288286,0.05780780780780781,0.048798798798798795,0.05630630630630631,0.06231231231231231,0.0472972972972973,0.05930930930930931,0.048798798798798795,0.04279279279279279,0.03528528528528529,0.04279279279279279,0.07432432432432433,0.07432432432432433,0.04279279279279279
611,0.030361757105943153,0.030361757105943153,0.044573643410852716,0.06395348837209303,0.03682170542635659,0.040697674418604654,0.029069767441860465,0.040697674418604654,0.047157622739018086,0.09366925064599484,0.04198966408268734,0.03811369509043928,0.0755813953488372,0.043281653746770024,0.04974160206718346,0.06912144702842377,0.07428940568475452,0.047157622739018086,0.06912144702842377,0.034237726098191215
612,0.019333333333333338,0.012222222222222226,0.037555555555555564,0.07311111111111113,0.05666666666666668,0.03400000000000001,0.047333333333333345,0.037555555555555564,0.08066666666666668,0.1077777777777778,0.05266666666666668,0.02733333333333334,0.012222222222222226,0.09355555555555557,0.04066666666666667,0.03533333333333334,0.047333333333333345,0.0797777777777778,0.08022222222222224,0.024666666666666674
613,0.02932098765432099,0.02314814814814815,0.06224279835390947,0.039609053497942394,0.046810699588477375,0.04166666666666667,0.06430041152263376,0.06430041152263376,0.06018518518518519,0.02829218106995885,0.027263374485596712,0.03858024691358025,0.040637860082304536,0.05709876543209877,0.040637860082304536,0.06532921810699589,0.08076131687242799,0.11676954732510289,0.03240740740740741,0.040637860082304536
614,0.046810699588477375,0.05195473251028807,0.04475308641975309,0.08899176954732511,0.03034979423868313,0.05709876543209877,0.05195473251028807,0.037551440329218116,0.040637860082304536,0.07767489711934157,0.03240740740740741,0.039609053497942394,0.02520576131687243,0.04166666666666667,0.03858024691358025,0.09413580246913582,0.03137860082304528,0.09516460905349795,0.04269547325102881,0.03137860082304528
615,0.037675606641123884,0.040229885057471264,0.028735632183908046,0.10025542784163474,0.05938697318007663,0.05044699872286079,0.032567049808429116,0.05555555555555555,0.05172413793103448,0.1040868454661558,0.028735632183908046,0.031289910600255426,0.0351213282247765,0.05172413793103448,0.032567049808429116,0.05427841634738186,0.04661558109833972,0.06066411238825032,0.05683269476372925,0.041507024265644954
616,0.023757309941520467,0.03618421052631579,0.027412280701754384,0.04788011695906433,0.04349415204678363,0.08223684210526316,0.0266812865497076,0.0537280701754386,0.021564327485380116,0.0763888888888889,0.0537280701754386,0.039108187134502925,0.047149122807017545,0.09685672514619884,0.0537280701754386,0.05226608187134503,0.029605263157894735,0.08589181286549707,0.05226608187134503,0.05007309941520468
617,0.031666666666666676,0.037222222222222226,0.02944444444444445,0.0738888888888889,0.05055555555555557,0.05277777777777779,0.09388888888888891,0.037222222222222226,0.04277777777777778,0.027222222222222228,0.03055555555555556,0.047222222222222235,0.06722222222222224,0.06833333333333334,0.06166666666666668,0.027222222222222228,0.04277777777777778,0.0538888888888889,0.09055555555555557,0.0338888888888889
618,0.03571428571428572,0.042063492063492074,0.076984126984127,0.09920634920634921,0.03571428571428572,0.057936507936507946,0.03571428571428572,0.03571428571428572,0.03571428571428572,0.05476190476190477,0.03730158730158731,0.08015873015873018,0.03571428571428572,0.03571428571428572,0.05634920634920636,0.03571428571428572,0.06587301587301589,0.0642857142857143,0.03571428571428572,0.043650793650793655
619,0.028023598820058997,0.03687315634218289,0.03883972468043265,0.09488692232055064,0.05260570304818092,0.061455260570304815,0.0535889872173058,0.035889872173058016,0.0319567354965585,0.12930186823992135,0.029006882989183875,0.037856440511307765,0.03982300884955752,0.048672566371681415,0.051622418879056046,0.05063913470993117,0.04768928220255654,0.06932153392330384,0.037856440511307765,0.024090462143559487
620,0.02758881330309902,0.0200302343159486,0.04346182917611489,0.06613756613756613,0.08049886621315193,0.07142857142857142,0.06235827664399093,0.03968253968253968,0.03136810279667423,0.060090702947845805,0.03212396069538927,0.035147392290249435,0.018518518518518517,0.07747543461829176,0.06991685563114135,0.03741496598639456,0.06689342403628118,0.07445200302343159,0.054043839758125475,0.03136810279667423
621,0.026881720430107527,0.034050179211469536,0.06774193548387097,0.07491039426523298,0.03978494623655914,0.06702508960573476,0.04121863799283154,0.057706093189964155,0.046236559139784944,0.04050179211469534,0.07419354838709677,0.03620071684587814,0.035483870967741936,0.03906810035842294,0.05197132616487455,0.04910394265232975,0.06917562724014337,0.07060931899641577,0.04121863799283154,0.036917562724014336
622,0.03968253968253968,0.04720133667502088,0.03717627401837928,0.05054302422723475,0.03216374269005848,0.09816207184628237,0.041353383458646614,0.03884711779448621,0.04051796157059315,0.04720133667502088,0.05137844611528822,0.05555555555555555,0.046365914786967416,0.04553049289891395,0.06307435254803676,0.04051796157059315,0.07393483709273183,0.08646616541353383,0.04302422723475355,0.021303258145363407
623,0.050724637681159424,0.04589371980676329,0.05555555555555555,0.050724637681159424,0.04428341384863124,0.036231884057971016,0.0748792270531401,0.0426731078904992,0.036231884057971016,0.05233494363929147,0.050724637681159424,0.071658615136876,0.04428341384863124,0.061996779388083734,0.036231884057971016,0.050724637681159424,0.039452495974235106,0.06843800322061191,0.036231884057971016,0.050724637681159424
624,0.04652777777777778,0.035416666666666666,0.04513888888888889,0.06458333333333334,0.03125,0.09236111111111112,0.049305555555555554,0.03819444444444445,0.04097222222222222,0.03680555555555556,0.04375,0.04791666666666667,0.07291666666666667,0.05763888888888889,0.03680555555555556,0.05486111111111111,0.059027777777777776,0.04652777777777778,0.04236111111111111,0.05763888888888889
625,0.03880718954248366,0.0494281045751634,0.02900326797385621,0.04534313725490196,0.04861111111111111,0.046977124183006536,0.061683006535947715,0.05269607843137255,0.09027777777777778,0.05106209150326797,0.061683006535947715,0.034722222222222224,0.03308823529411765,0.05923202614379085,0.0428921568627451,0.04861111111111111,0.024101307189542485,0.08619281045751634,0.0428921568627451,0.05269607843137255
626,0.04681647940074907,0.03058676654182272,0.031835205992509365,0.04931335830212235,0.06679151061173533,0.041822721598002495,0.04307116104868914,0.033083645443196,0.03682896379525593,0.041822721598002495,0.07053682896379526,0.041822721598002495,0.035580524344569285,0.08052434456928839,0.07428214731585518,0.06554307116104868,0.06803995006242197,0.04431960049937578,0.04931335830212235,0.048064918851435705
627,0.02991452991452992,0.03846153846153847,0.07997557997557998,0.04090354090354091,0.06410256410256411,0.03846153846153847,0.05921855921855922,0.03479853479853481,0.032356532356532366,0.047008547008547015,0.044566544566544575,0.049450549450549455,0.04578754578754579,0.07020757020757022,0.06166056166056167,0.03968253968253969,0.03479853479853481,0.068986568986569,0.09096459096459097,0.028693528693528696
628,0.0301490514905149,0.028116531165311646,0.054539295392953914,0.0863821138211382,0.028794037940379397,0.09112466124661245,0.054539295392953914,0.04166666666666666,0.03218157181571815,0.05386178861788617,0.04302168021680216,0.03218157181571815,0.04573170731707316,0.08434959349593495,0.05792682926829267,0.021341463414634144,0.04640921409214092,0.10331978319783194,0.04776422764227641,0.016598915989159888
629,0.03855721393034826,0.06840796019900497,0.061774461028192375,0.0708955223880597,0.033582089552238806,0.050165837479270316,0.08416252072968491,0.04021558872305141,0.08167495854063019,0.07587064676616916,0.07504145936981758,0.034411276948590384,0.02529021558872305,0.022802653399668325,0.0269485903814262,0.03855721393034826,0.074212271973466,0.04933665008291874,0.018656716417910446,0.02943615257048093
630,0.01978114478114478,0.0382996632996633,0.07533670033670034,0.0787037037037037,0.05765993265993266,0.06944444444444445,0.05092592592592592,0.05345117845117845,0.04335016835016835,0.040824915824915826,0.0382996632996633,0.045875420875420875,0.04503367003367004,0.03577441077441077,0.04924242424242424,0.05345117845117845,0.040824915824915826,0.07702020202020202,0.06355218855218855,0.023148148148148147
631,0.03458049886621315,0.04591836734693878,0.05045351473922902,0.0572562358276644,0.025510204081632654,0.05839002267573696,0.04931972789115646,0.03458049886621315,0.08786848072562359,0.04478458049886622,0.04931972789115646,0.026643990929705215,0.025510204081632654,0.06859410430839002,0.0572562358276644,0.04705215419501134,0.041383219954648526,0.09580498866213152,0.06405895691609978,0.03571428571428571
632,0.03436911487758945,0.03154425612052731,0.07862523540489642,0.030602636534839925,0.046610169491525424,0.04566854990583804,0.04849340866290019,0.10216572504708098,0.03154425612052731,0.089924670433145,0.04566854990583804,0.030602636534839925,0.05602636534839925,0.0635593220338983,0.04943502824858757,0.03248587570621469,0.05037664783427495,0.059792843691148775,0.051318267419962336,0.0211864406779661
633,0.028042328042328042,0.03439153439153439,0.023809523809523808,0.09153439153439154,0.06190476190476191,0.03756613756613757,0.032275132275132276,0.032275132275132276,0.09047619047619047,0.10423280423280423,0.06931216931216931,0.032275132275132276,0.026984126984126985,0.056613756613756616,0.08624338624338625,0.046031746031746035,0.02486772486772487,0.05343915343915344,0.043915343915343914,0.023809523809523808
634,0.035505430242272346,0.022138680033416874,0.054720133667502086,0.07894736842105263,0.05054302422723475,0.05137844611528822,0.0822890559732665,0.018796992481203006,0.04302422723475355,0.04887218045112782,0.03132832080200501,0.03467000835421888,0.04051796157059315,0.1274018379281537,0.057226399331662486,0.023809523809523808,0.038011695906432746,0.06390977443609022,0.03132832080200501,0.06558061821219716
635,0.021008403361344536,0.12184873949579829,0.06395891690009335,0.049953314659197,0.08169934640522875,0.05929038281979457,0.04154995331465919,0.0434173669467787,0.044351073762838464,0.07796451914098972,0.036881419234360405,0.02754435107376283,0.047152194211017726,0.04528478057889822,0.021008403361344536,0.028478057889822588,0.035947712418300644,0.08076563958916899,0.03874883286647992,0.033146591970121375
636,0.02206119162640902,0.016586151368760065,0.0784219001610306,0.06747181964573269,0.06006441223832528,0.06360708534621579,0.03333333333333333,0.05104669887278583,0.025925925925925925,0.05491143317230274,0.0861513687600644,0.03784219001610306,0.05587761674718197,0.02689210950080515,0.033011272141706925,0.051690821256038647,0.06682769726247988,0.10547504025764895,0.042995169082125605,0.019806763285024155
637,0.037654320987654324,0.040123456790123455,0.05740740740740741,0.12407407407407407,0.04876543209876543,0.027777777777777776,0.04506172839506173,0.037654320987654324,0.027777777777777776,0.06481481481481481,0.08333333333333333,0.04876543209876543,0.06604938271604938,0.05493827160493827,0.059876543209876544,0.027777777777777776,0.027777777777777776,0.06481481481481481,0.027777777777777776,0.027777777777777776
638,0.030602636534839925,0.04566854990583804,0.06073446327683616,0.06826741996233522,0.03436911487758945,0.04943502824858757,0.046610169491525424,0.0428436911487759,0.039077212806026364,0.052259887005649715,0.02871939736346516,0.03154425612052731,0.02401129943502825,0.10216572504708098,0.10875706214689265,0.0635593220338983,0.052259887005649715,0.05696798493408663,0.03531073446327684,0.026836158192090395
639,0.033333333333333326,0.034814814814814805,0.05407407407407406,0.08370370370370368,0.06296296296296294,0.04666666666666666,0.045185185185185175,0.048148148148148134,0.043703703703703696,0.07777777777777777,0.045185185185185175,0.03777777777777777,0.03777777777777777,0.059999999999999984,0.059999999999999984,0.043703703703703696,0.04666666666666666,0.059999999999999984,0.045185185185185175,0.033333333333333326
640,0.05,0.024747474747474747,0.06717171717171717,0.05202020202020202,0.05101010101010101,0.09242424242424242,0.022727272727272728,0.12878787878787878,0.03585858585858586,0.023737373737373738,0.0398989898989899,0.05,0.0297979797979798,0.10252525252525252,0.05808080808080808,0.024747474747474747,0.023737373737373738,0.06616161616161616,0.0297979797979798,0.026767676767676767
641,0.0411764705882353,0.03725490196078432,0.03594771241830066,0.047712418300653606,0.047712418300653606,0.04509803921568628,0.05032679738562093,0.047712418300653606,0.07385620915032681,0.11960784313725493,0.07254901960784316,0.03202614379084968,0.03725490196078432,0.04379084967320262,0.05294117647058825,0.034640522875817,0.047712418300653606,0.05686274509803923,0.04248366013071896,0.03333333333333334
642,0.022727272727272728,0.05808080808080808,0.04595959595959596,0.06414141414141414,0.022727272727272728,0.08434343434343435,0.03484848484848485,0.04696969696969697,0.05505050505050505,0.08333333333333333,0.04494949494949495,0.04595959595959596,0.08333333333333333,0.04494949494949495,0.0398989898989899,0.04090909090909091,0.0398989898989899,0.05909090909090909,0.05707070707070707,0.025757575757575757
643,0.040322580645161296,0.040322580645161296,0.04749103942652331,0.045698924731182804,0.040322580645161296,0.06720430107526883,0.04749103942652331,0.05465949820788532,0.05465949820788532,0.06003584229390682,0.07437275985663083,0.040322580645161296,0.040322580645161296,0.0421146953405018,0.05465949820788532,0.040322580645161296,0.0421146953405018,0.08512544802867385,0.040322580645161296,0.0421146953405018
644,0.05336257309941519,0.037280701754385956,0.06359649122807016,0.043128654970760225,0.03874269005847952,0.05190058479532162,0.04459064327485379,0.06213450292397659,0.04459064327485379,0.06798245614035087,0.04751461988304092,0.032894736842105254,0.050438596491228053,0.032894736842105254,0.06213450292397659,0.04020467836257309,0.032894736842105254,0.04751461988304092,0.11184210526315787,0.03435672514619882
645,0.019335511982570806,0.024782135076252723,0.01824618736383442,0.04057734204793028,0.05092592592592592,0.02750544662309368,0.07434640522875817,0.06290849673202614,0.04330065359477124,0.08088235294117647,0.05092592592592592,0.0264161220043573,0.07543572984749455,0.05800653594771242,0.07380174291938998,0.07815904139433551,0.06835511982570806,0.04275599128540305,0.06672113289760348,0.01661220043572985
646,0.02976190476190476,0.04563492063492063,0.037698412698412696,0.07076719576719577,0.04828042328042328,0.04563492063492063,0.06283068783068783,0.10383597883597884,0.032407407407407406,0.05886243386243386,0.057539682539682536,0.032407407407407406,0.032407407407407406,0.061507936507936505,0.03373015873015873,0.04828042328042328,0.04298941798941799,0.06283068783068783,0.06283068783068783,0.02976190476190476
647,0.03879310344827586,0.042624521072796934,0.07998084291187739,0.09722222222222222,0.027298850574712645,0.06273946360153257,0.040708812260536395,0.021551724137931036,0.025383141762452106,0.07806513409961686,0.0435823754789272,0.033045977011494254,0.026340996168582376,0.06082375478927203,0.09818007662835249,0.032088122605363985,0.03879310344827586,0.05316091954022988,0.06465517241379311,0.034961685823754786
648,0.05153949129852745,0.04752342704149934,0.04752342704149934,0.0850066934404284,0.054216867469879526,0.03681392235609104,0.060910307898259713,0.030120481927710847,0.035475234270415,0.07965194109772425,0.034136546184738964,0.032797858099062924,0.032797858099062924,0.032797858099062924,0.054216867469879526,0.07965194109772425,0.03681392235609104,0.07429718875502009,0.052878179384203486,0.04082998661311915
649,0.03400383141762452,0.03304597701149425,0.05124521072796934,0.07136015325670497,0.030172413793103443,0.07136015325670497,0.04070881226053639,0.03783524904214559,0.04837164750957853,0.12787356321839077,0.05028735632183907,0.038793103448275856,0.024425287356321834,0.05507662835249041,0.0253831417624521,0.046455938697318004,0.07136015325670497,0.05507662835249041,0.05986590038314175,0.027298850574712638
650,0.05737704918032787,0.07194899817850638,0.044626593806921674,0.05191256830601093,0.040983606557377046,0.040983606557377046,0.044626593806921674,0.042805100182149364,0.040983606557377046,0.044626593806921674,0.04644808743169399,0.0482695810564663,0.07377049180327869,0.06284153005464481,0.040983606557377046,0.05919854280510018,0.042805100182149364,0.05373406193078324,0.040983606557377046,0.05009107468123861
651,0.03521126760563381,0.03521126760563381,0.043035993740219096,0.0727699530516432,0.05399061032863851,0.043035993740219096,0.05868544600938968,0.038341158059467924,0.05555555555555556,0.06651017214397498,0.039906103286384983,0.03677621283255087,0.06338028169014086,0.08841940532081378,0.03521126760563381,0.05868544600938968,0.03521126760563381,0.04929577464788733,0.04147104851330204,0.04929577464788733
652,0.04289732770745429,0.04149085794655415,0.03305203938115331,0.04571026722925457,0.03164556962025317,0.07383966244725738,0.04571026722925457,0.04430379746835443,0.04992967651195499,0.03305203938115331,0.04430379746835443,0.03164556962025317,0.04430379746835443,0.05555555555555555,0.06540084388185655,0.03727144866385373,0.04852320675105485,0.1540084388185654,0.04430379746835443,0.03305203938115331
653,0.021604938271604937,0.046296296296296294,0.06657848324514991,0.09479717813051146,0.04188712522045855,0.09038800705467372,0.05952380952380952,0.034832451499118164,0.024250440917107582,0.03130511463844797,0.04894179894179894,0.028659611992945325,0.05511463844797178,0.029541446208112873,0.06393298059964726,0.03571428571428571,0.051587301587301584,0.07275132275132275,0.06746031746031746,0.034832451499118164
654,0.03906250000000001,0.03906250000000001,0.06684027777777779,0.05642361111111112,0.03906250000000001,0.05468750000000001,0.046006944444444454,0.03906250000000001,0.03906250000000001,0.04079861111111112,0.04774305555555556,0.052951388888888895,0.061631944444444454,0.08420138888888891,0.03906250000000001,0.04947916666666667,0.03906250000000001,0.06857638888888891,0.04253472222222223,0.05468750000000001
655,0.03801169590643275,0.024366471734892793,0.05880441845354127,0.0640025990903184,0.03671215074723847,0.048408057179987016,0.06855100714749839,0.05230669265756986,0.04905782975958416,0.0497076023391813,0.039311241065627035,0.021117608836907085,0.047108512020792734,0.0938921377517869,0.07699805068226122,0.047758284600389875,0.03541260558804419,0.0750487329434698,0.04061078622482132,0.032813515269655626
656,0.03424657534246575,0.03424657534246575,0.04946727549467275,0.06925418569254185,0.03424657534246575,0.06925418569254185,0.05098934550989345,0.06164383561643835,0.06316590563165905,0.03881278538812785,0.06773211567732115,0.04946727549467275,0.06164383561643835,0.04946727549467275,0.04490106544901065,0.03729071537290715,0.05403348554033485,0.04490106544901065,0.04490106544901065,0.04033485540334855
657,0.0411764705882353,0.03202614379084968,0.04379084967320262,0.06862745098039218,0.0411764705882353,0.03856209150326798,0.07516339869281047,0.04901960784313726,0.03725490196078432,0.0411764705882353,0.050326797385620924,0.03202614379084968,0.08562091503267975,0.10261437908496733,0.03202614379084968,0.04509803921568628,0.034640522875817,0.06339869281045753,0.0477124183006536,0.03856209150326798
658,0.03968253968253969,0.04497354497354498,0.05026455026455027,0.10141093474426809,0.041446208112874784,0.03968253968253969,0.05026455026455027,0.052028218694885366,0.041446208112874784,0.05555555555555556,0.10317460317460318,0.03968253968253969,0.05908289241622575,0.03968253968253969,0.041446208112874784,0.03968253968253969,0.03968253968253969,0.03968253968253969,0.041446208112874784,0.03968253968253969
659,0.039141414141414144,0.04503367003367004,0.055134680134680134,0.05345117845117845,0.03493265993265993,0.04924242424242424,0.06018518518518518,0.03493265993265993,0.05597643097643098,0.13846801346801346,0.0585016835016835,0.032407407407407406,0.027356902356902357,0.0484006734006734,0.03156565656565657,0.03156565656565657,0.0585016835016835,0.07617845117845118,0.040824915824915826,0.0281986531986532
660,0.02409046214355949,0.046705998033431666,0.03982300884955753,0.054572271386430685,0.0408062930186824,0.02900688298918388,0.044739429695181916,0.07522123893805312,0.07030481809242872,0.12241887905604722,0.02900688298918388,0.026057030481809247,0.03490658800393314,0.06833824975417897,0.038839724680432654,0.02507374631268437,0.033923303834808266,0.08702064896755164,0.0712881022615536,0.03785644051130777
661,0.02417695473251029,0.042695473251028807,0.041666666666666664,0.062242798353909466,0.08384773662551441,0.06635802469135803,0.03446502057613169,0.04063786008230453,0.06018518518518518,0.05298353909465021,0.045781893004115226,0.028292181069958847,0.029320987654320986,0.044753086419753084,0.058127572016460904,0.04989711934156379,0.061213991769547324,0.08076131687242798,0.05298353909465021,0.03960905349794239
662,0.022974101921470338,0.04135338345864661,0.03801169590643274,0.056390977443609006,0.03717627401837927,0.05973266499582287,0.05722639933166247,0.05722639933166247,0.06056808688387634,0.13909774436090222,0.02715121136173767,0.02715121136173767,0.022974101921470338,0.09732664995822887,0.03299916457811194,0.038847117794486206,0.04553049289891394,0.07477025898078528,0.04385964912280701,0.01963241436925647
663,0.04185692541856925,0.03881278538812785,0.04642313546423135,0.06925418569254185,0.04794520547945205,0.04794520547945205,0.06012176560121765,0.03729071537290715,0.04794520547945205,0.03424657534246575,0.03729071537290715,0.04033485540334855,0.05859969558599695,0.11035007610350075,0.04185692541856925,0.04642313546423135,0.04185692541856925,0.05403348554033485,0.05859969558599695,0.03881278538812785
664,0.03415300546448088,0.03961748633879782,0.05418943533697632,0.04963570127504554,0.021402550091074682,0.06967213114754098,0.03961748633879782,0.045081967213114756,0.027777777777777776,0.06602914389799636,0.06967213114754098,0.04143897996357013,0.02686703096539162,0.07513661202185792,0.07058287795992714,0.04781420765027322,0.05418943533697632,0.06602914389799636,0.06329690346083788,0.0377959927140255
665,0.03453453453453453,0.028528528528528527,0.045345345345345345,0.06096096096096096,0.04474474474474475,0.05855855855855856,0.05315315315315315,0.08858858858858859,0.038138138138138135,0.062162162162162166,0.03153153153153153,0.02192192192192192,0.03873873873873874,0.05315315315315315,0.08498498498498498,0.027927927927927927,0.06576576576576576,0.07837837837837838,0.04834834834834835,0.03453453453453453
666,0.020085470085470087,0.023504273504273504,0.02264957264957265,0.052564102564102565,0.08504273504273505,0.03888888888888889,0.04316239316239316,0.023504273504273504,0.02264957264957265,0.12008547008547009,0.09444444444444444,0.03888888888888889,0.02863247863247863,0.08076923076923077,0.03376068376068376,0.03034188034188034,0.06196581196581197,0.07222222222222222,0.06111111111111111,0.045726495726495724
667,0.02711111111111111,0.059111111111111114,0.05555555555555555,0.06622222222222222,0.06266666666666666,0.04133333333333333,0.028,0.04844444444444444,0.04133333333333333,0.09377777777777778,0.029777777777777778,0.052,0.024444444444444446,0.11955555555555555,0.04666666666666667,0.05555555555555555,0.020888888888888887,0.07155555555555555,0.03422222222222222,0.021777777777777778
668,0.03686868686868686,0.02676767676767676,0.04393939393939393,0.1217171717171717,0.04191919191919191,0.06414141414141412,0.051010101010101,0.07020202020202018,0.035858585858585854,0.0712121212121212,0.030808080808080802,0.03686868686868686,0.030808080808080802,0.05202020202020201,0.059090909090909076,0.06616161616161614,0.06313131313131312,0.03181818181818181,0.04292929292929292,0.022727272727272724
669,0.02440290758047768,0.03686396677050884,0.07943925233644862,0.11578400830737283,0.04101765316718589,0.027518172377985473,0.032710280373831786,0.04309449636552442,0.031671858774662526,0.07320872274143304,0.032710280373831786,0.07632398753894083,0.031671858774662526,0.035825545171339575,0.0576323987538941,0.02647975077881621,0.04101765316718589,0.08463136033229494,0.07320872274143304,0.034787123572170314
670,0.031323877068557916,0.026595744680851064,0.04314420803782506,0.07860520094562648,0.08569739952718676,0.053782505910165486,0.03723404255319149,0.08687943262411348,0.031323877068557916,0.08451536643026004,0.06205673758865248,0.04314420803782506,0.028959810874704492,0.047872340425531915,0.04314420803782506,0.03250591016548463,0.040780141843971635,0.07033096926713948,0.03486997635933806,0.03723404255319149
671,0.028735632183908046,0.07471264367816093,0.05810983397190294,0.1040868454661558,0.04533844189016603,0.05810983397190294,0.0351213282247765,0.038952745849297574,0.05300127713920817,0.05427841634738186,0.040229885057471264,0.037675606641123884,0.042784163473818644,0.05044699872286079,0.05044699872286079,0.04533844189016603,0.0772669220945083,0.041507024265644954,0.030012771392081736,0.03384418901660281
672,0.01644941030415891,0.02948479205462446,0.05679702048417133,0.1101800124146493,0.03817504655493483,0.06300434512725017,0.03817504655493483,0.03631284916201118,0.017690875232774676,0.069211669770329,0.06424581005586594,0.04189944134078213,0.051831160769708264,0.09900682805710741,0.05865921787709498,0.05369335816263191,0.031967721911856,0.06486654252017382,0.04003724394785848,0.018311607697082562
673,0.03289473684210527,0.04605263157894737,0.04312865497076024,0.10745614035087721,0.05190058479532164,0.044590643274853806,0.04605263157894737,0.0679824561403509,0.04751461988304094,0.06359649122807019,0.04605263157894737,0.04605263157894737,0.04312865497076024,0.05336257309941521,0.04605263157894737,0.06505847953216376,0.04312865497076024,0.0358187134502924,0.0358187134502924,0.034356725146198835
674,0.029069767441860465,0.043281653746770024,0.04198966408268734,0.09366925064599484,0.029069767441860465,0.040697674418604654,0.03165374677002584,0.05232558139534884,0.0355297157622739,0.06524547803617571,0.040697674418604654,0.0355297157622739,0.040697674418604654,0.040697674418604654,0.08333333333333333,0.060077519379844964,0.034237726098191215,0.10917312661498708,0.05232558139534884,0.040697674418604654
675,0.03982300884955752,0.04965585054080629,0.04965585054080629,0.04768928220255654,0.04277286135693215,0.04670599803343166,0.035889872173058016,0.06538839724680433,0.0624385447394297,0.037856440511307765,0.06833824975417896,0.05555555555555555,0.04375614552605703,0.04965585054080629,0.03883972468043265,0.09095378564405113,0.028023598820058997,0.058505408062930184,0.04965585054080629,0.03883972468043265
676,0.03150406504065041,0.08570460704607047,0.06876693766937671,0.06537940379403795,0.034214092140921415,0.03895663956639567,0.05995934959349594,0.028794037940379408,0.03760162601626017,0.07418699186991871,0.03489159891598917,0.027439024390243906,0.017276422764227646,0.05657181571815719,0.09451219512195123,0.03150406504065041,0.03489159891598917,0.08773712737127373,0.051151761517615184,0.03895663956639567
677,0.02791878172588833,0.042583192329385226,0.043147208121827416,0.07642413987591654,0.0341229554427524,0.07811618725324311,0.0487873660462493,0.06457980823463058,0.04935138183869149,0.0634517766497462,0.03976311336717429,0.040327129159616476,0.015510434292160181,0.0685279187817259,0.043711223914269605,0.042583192329385226,0.05499153976311338,0.07980823463056967,0.047095318668922734,0.0391990975747321
678,0.03727144866385373,0.03305203938115331,0.04008438818565401,0.12165963431786217,0.03867791842475387,0.03164556962025317,0.03867791842475387,0.04430379746835443,0.0639943741209564,0.047116736990154715,0.056962025316455694,0.03727144866385373,0.051336146272855133,0.05555555555555555,0.058368495077355836,0.035864978902953586,0.06540084388185655,0.052742616033755275,0.058368495077355836,0.03164556962025317
679,0.04365079365079365,0.03798185941043084,0.08673469387755102,0.11394557823129252,0.0391156462585034,0.027777777777777776,0.0481859410430839,0.06859410430839002,0.027777777777777776,0.054988662131519275,0.04705215419501134,0.04365079365079365,0.03798185941043084,0.04251700680272109,0.07086167800453515,0.030045351473922902,0.06746031746031746,0.05272108843537415,0.026643990929705215,0.03231292517006803
680,0.03086419753086419,0.048696844993141274,0.0363511659807956,0.10356652949245539,0.08436213991769546,0.06241426611796981,0.04320987654320987,0.07613168724279834,0.0336076817558299,0.0336076817558299,0.05829903978052125,0.03497942386831275,0.037722908093278454,0.0336076817558299,0.044581618655692726,0.05829903978052125,0.03086419753086419,0.05555555555555554,0.03497942386831275,0.05829903978052125
681,0.031323877068557916,0.03250591016548463,0.08569739952718676,0.1057919621749409,0.03605200945626478,0.047872340425531915,0.03959810874704492,0.057328605200945626,0.04550827423167849,0.050236406619385346,0.03250591016548463,0.05260047281323877,0.04314420803782506,0.0644208037825059,0.047872340425531915,0.03605200945626478,0.044326241134751775,0.053782505910165486,0.04905437352245863,0.044326241134751775
682,0.03424657534246575,0.06164383561643835,0.03424657534246575,0.06468797564687975,0.04490106544901065,0.05859969558599695,0.05707762557077625,0.06621004566210045,0.03424657534246575,0.05251141552511415,0.04490106544901065,0.04946727549467275,0.04642313546423135,0.04946727549467275,0.03576864535768645,0.04642313546423135,0.04337899543378995,0.09208523592085235,0.03881278538812785,0.04490106544901065
683,0.01819645732689211,0.04106280193236715,0.052979066022544284,0.07616747181964573,0.025281803542673106,0.08196457326892109,0.06908212560386473,0.0391304347826087,0.04460547504025765,0.07230273752012882,0.03075684380032206,0.03333333333333333,0.033011272141706925,0.06876006441223832,0.05330112721417069,0.06006441223832528,0.055233494363929145,0.09033816425120773,0.02463768115942029,0.029790660225442835
684,0.035984848484848495,0.03093434343434344,0.038510101010101015,0.03977272727272728,0.02840909090909091,0.04608585858585859,0.04861111111111112,0.04103535353535354,0.03977272727272728,0.0523989898989899,0.05871212121212122,0.04356060606060607,0.03345959595959597,0.13952020202020204,0.08270202020202022,0.047348484848484855,0.035984848484848495,0.07765151515151517,0.04608585858585859,0.03345959595959597
685,0.013742690058479532,0.038304093567251465,0.031871345029239766,0.09035087719298246,0.05350877192982456,0.07631578947368421,0.059941520467836254,0.035380116959064324,0.06754385964912281,0.07222222222222222,0.03888888888888889,0.03654970760233918,0.0435672514619883,0.06812865497076023,0.04941520467836257,0.04473684210526316,0.01608187134502924,0.0827485380116959,0.06169590643274854,0.019005847953216373
686,0.02232142857142857,0.02529761904761904,0.051091269841269826,0.07192460317460315,0.06398809523809522,0.04513888888888888,0.04216269841269841,0.027281746031746025,0.028273809523809517,0.1155753968253968,0.05009920634920634,0.058035714285714274,0.028273809523809517,0.058035714285714274,0.05208333333333332,0.07093253968253967,0.028273809523809517,0.08382936507936506,0.04613095238095238,0.031249999999999993
687,0.040983606557377046,0.05191256830601093,0.05737704918032787,0.05737704918032787,0.044626593806921674,0.040983606557377046,0.0610200364298725,0.040983606557377046,0.05555555555555555,0.06830601092896176,0.044626593806921674,0.044626593806921674,0.06284153005464481,0.05919854280510018,0.040983606557377046,0.05555555555555555,0.040983606557377046,0.040983606557377046,0.0482695810564663,0.042805100182149364
688,0.0542929292929293,0.02230639730639731,0.029882154882154885,0.06944444444444446,0.042508417508417516,0.04671717171717173,0.04166666666666667,0.06355218855218857,0.038299663299663306,0.030723905723905726,0.0963804713804714,0.024831649831649837,0.034090909090909095,0.028198653198653202,0.08122895622895625,0.051767676767676775,0.06691919191919193,0.11153198653198655,0.045033670033670044,0.020622895622895626
689,0.0480225988700565,0.08192090395480225,0.06497175141242938,0.07627118644067797,0.0423728813559322,0.0423728813559322,0.0480225988700565,0.05367231638418079,0.0423728813559322,0.0423728813559322,0.0423728813559322,0.0423728813559322,0.0423728813559322,0.0423728813559322,0.04990583804143126,0.0480225988700565,0.051789077212806026,0.05367231638418079,0.0423728813559322,0.0423728813559322
690,0.03804347826086956,0.03442028985507246,0.05857487922705313,0.0428743961352657,0.09118357487922704,0.030797101449275357,0.04770531400966182,0.0718599033816425,0.03562801932367149,0.09239130434782607,0.05736714975845409,0.05857487922705313,0.04408212560386473,0.05857487922705313,0.05736714975845409,0.030797101449275357,0.04770531400966182,0.033212560386473425,0.03562801932367149,0.033212560386473425
691,0.05947712418300653,0.034640522875816995,0.042483660130718956,0.06993464052287582,0.052941176470588235,0.15098039215686274,0.046405228758169936,0.029411764705882353,0.06601307189542484,0.060784313725490195,0.03333333333333333,0.06339869281045751,0.03071895424836601,0.03725490196078431,0.05555555555555555,0.03986928104575163,0.03071895424836601,0.03071895424836601,0.029411764705882353,0.03594771241830065
692,0.03125,0.050694444444444445,0.03958333333333333,0.08263888888888889,0.035416666666666666,0.06875,0.035416666666666666,0.034027777777777775,0.03125,0.07152777777777777,0.04652777777777778,0.06875,0.05625,0.03263888888888889,0.07430555555555556,0.07013888888888889,0.05486111111111111,0.04652777777777778,0.03125,0.03819444444444445
693,0.02604166666666667,0.0306712962962963,0.12094907407407408,0.03761574074074075,0.04803240740740741,0.0457175925925926,0.05497685185185186,0.060763888888888895,0.10243055555555557,0.058449074074074084,0.06307870370370372,0.03761574074074075,0.03530092592592593,0.07233796296296298,0.03182870370370371,0.03645833333333334,0.05034722222222223,0.03530092592592593,0.02604166666666667,0.02604166666666667
694,0.03776041666666667,0.021267361111111115,0.06727430555555557,0.10720486111111112,0.02387152777777778,0.05078125000000001,0.12543402777777782,0.04817708333333334,0.034288194444444454,0.05946180555555556,0.03168402777777778,0.02213541666666667,0.03168402777777778,0.02994791666666667,0.06814236111111112,0.057725694444444454,0.06640625000000001,0.03862847222222223,0.049045138888888895,0.029079861111111115
695,0.05897435897435896,0.03846153846153846,0.04188034188034187,0.053846153846153835,0.03846153846153846,0.05726495726495725,0.05726495726495725,0.04017094017094017,0.06239316239316238,0.04188034188034187,0.03846153846153846,0.052136752136752125,0.048717948717948704,0.053846153846153835,0.07948717948717947,0.04358974358974358,0.052136752136752125,0.050427350427350415,0.03846153846153846,0.052136752136752125
696,0.03620071684587814,0.05698924731182796,0.103584229390681,0.0906810035842294,0.053405017921146956,0.03333333333333333,0.026164874551971327,0.03906810035842294,0.02186379928315412,0.08279569892473118,0.06917562724014337,0.023297491039426525,0.04408602150537634,0.054838709677419356,0.08422939068100359,0.04551971326164875,0.024731182795698924,0.06559139784946237,0.01971326164874552,0.024731182795698924
697,0.03949129852744311,0.0461847389558233,0.0461847389558233,0.0676037483266399,0.034136546184738964,0.07563587684069613,0.030120481927710847,0.04752342704149934,0.042168674698795185,0.042168674698795185,0.07161981258366802,0.030120481927710847,0.03949129852744311,0.05823293172690764,0.0461847389558233,0.05823293172690764,0.04752342704149934,0.054216867469879526,0.08099062918340028,0.042168674698795185
698,0.03822629969418961,0.024974515800203878,0.057594291539245675,0.07390417940876658,0.03516819571865444,0.04128440366972478,0.03414882772680938,0.022935779816513766,0.06778797145769624,0.08307849133537208,0.05861365953109073,0.04332313965341489,0.06574923547400613,0.0361875637104995,0.05555555555555556,0.05453618756371051,0.04230377166156983,0.06269113149847096,0.057594291539245675,0.044342507645259946
699,0.06831831831831832,0.044294294294294295,0.03978978978978979,0.08633633633633633,0.0472972972972973,0.0472972972972973,0.0472972972972973,0.03978978978978979,0.044294294294294295,0.0518018018018018,0.048798798798798795,0.044294294294294295,0.044294294294294295,0.0472972972972973,0.0457957957957958,0.054804804804804805,0.04129129129129129,0.05630630630630631,0.03528528528528529,0.06531531531531531
700,0.03125000000000001,0.05208333333333335,0.047916666666666684,0.07291666666666669,0.03541666666666667,0.054861111111111124,0.036805555555555564,0.053472222222222233,0.05208333333333335,0.05208333333333335,0.03125000000000001,0.06319444444444446,0.05069444444444446,0.06458333333333335,0.0840277777777778,0.057638888888888906,0.045138888888888895,0.045138888888888895,0.038194444444444454,0.03125000000000001
701,0.03906250000000001,0.04947916666666667,0.03906250000000001,0.052951388888888895,0.05815972222222223,0.04079861111111112,0.04253472222222223,0.03906250000000001,0.04774305555555556,0.10329861111111112,0.03906250000000001,0.03906250000000001,0.04427083333333334,0.07204861111111112,0.05468750000000001,0.04427083333333334,0.07725694444444446,0.03906250000000001,0.03906250000000001,0.03906250000000001
702,0.02800734618916437,0.09963269054178145,0.04453627180899908,0.07943067033976126,0.03443526170798898,0.03443526170798898,0.05647382920110193,0.0472910927456382,0.04178145087235996,0.049127640036730945,0.029843893480257115,0.07575757575757576,0.045454545454545456,0.06198347107438017,0.06565656565656566,0.050045913682277315,0.032598714416896234,0.03535353535353535,0.05463728191000918,0.03351698806244261
703,0.034722222222222224,0.06095679012345679,0.03935185185185185,0.08256172839506173,0.04861111111111111,0.05941358024691358,0.04552469135802469,0.034722222222222224,0.036265432098765434,0.07021604938271606,0.034722222222222224,0.04552469135802469,0.0470679012345679,0.06558641975308642,0.03780864197530864,0.05632716049382716,0.03935185185185185,0.07484567901234568,0.05169753086419753,0.034722222222222224
704,0.03731343283582089,0.06384742951907131,0.04892205638474295,0.06882255389718077,0.04560530679933665,0.06716417910447761,0.0439469320066335,0.04892205638474295,0.03731343283582089,0.0538971807628524,0.04892205638474295,0.06384742951907131,0.0472636815920398,0.03731343283582089,0.03731343283582089,0.05223880597014925,0.0406301824212272,0.05223880597014925,0.05223880597014925,0.05223880597014925
705,0.03289473684210527,0.03874269005847954,0.09722222222222225,0.04605263157894737,0.059210526315789484,0.05043859649122808,0.03874269005847954,0.040204678362573104,0.034356725146198835,0.06652046783625733,0.05482456140350878,0.05043859649122808,0.06213450292397662,0.07383040935672516,0.053362573099415216,0.04166666666666667,0.05774853801169592,0.034356725146198835,0.034356725146198835,0.03289473684210527
706,0.05041746949261401,0.05619781631342326,0.05427103403982017,0.06262042389210021,0.05234425176621709,0.06775850995504176,0.04142581888246629,0.04335260115606937,0.0401412973667309,0.059409120102761726,0.046563904945407845,0.03500321130378935,0.02729608220937701,0.059409120102761726,0.048490687219010925,0.07739242132305718,0.0401412973667309,0.0863840719332049,0.03243416827231857,0.018946692357096985
707,0.0200302343159486,0.021541950113378686,0.03212396069538927,0.048752834467120185,0.04270597127739985,0.026077097505668934,0.05555555555555555,0.054043839758125475,0.03363567649281935,0.06462585034013606,0.06613756613756613,0.03136810279667423,0.05782312925170068,0.14399092970521543,0.07747543461829176,0.048752834467120185,0.03136810279667423,0.03741496598639456,0.0873015873015873,0.01927437641723356
708,0.06164383561643835,0.09208523592085235,0.03424657534246575,0.05859969558599695,0.07382039573820395,0.04033485540334855,0.05707762557077625,0.06164383561643835,0.05555555555555555,0.05403348554033485,0.03729071537290715,0.04794520547945205,0.03881278538812785,0.03729071537290715,0.03576864535768645,0.06164383561643835,0.03576864535768645,0.04642313546423135,0.03424657534246575,0.03576864535768645
709,0.05298353909465021,0.05092592592592592,0.038580246913580245,0.03343621399176955,0.03960905349794239,0.035493827160493825,0.047839506172839504,0.05298353909465021,0.032407407407407406,0.06430041152263374,0.030349794238683128,0.03960905349794239,0.045781893004115226,0.047839506172839504,0.06738683127572016,0.0684156378600823,0.03960905349794239,0.05606995884773663,0.1147119341563786,0.041666666666666664
710,0.034067085953878404,0.06341719077568134,0.06132075471698113,0.05922431865828092,0.030922431865828093,0.037211740041928724,0.05188679245283019,0.0319706498951782,0.04035639412997904,0.05188679245283019,0.029874213836477988,0.062368972746331235,0.06027253668763103,0.036163522012578615,0.06761006289308176,0.06970649895178196,0.03930817610062893,0.08857442348008386,0.05083857442348008,0.0330188679245283
711,0.029777777777777778,0.02,0.042222222222222223,0.07066666666666667,0.044,0.050222222222222224,0.021777777777777778,0.03777777777777778,0.04044444444444444,0.08311111111111111,0.05288888888888889,0.030666666666666665,0.03244444444444444,0.12577777777777777,0.050222222222222224,0.06088888888888889,0.06355555555555556,0.05377777777777778,0.05466666666666667,0.035111111111111114
712,0.0392512077294686,0.04891304347826087,0.07427536231884058,0.08152173913043478,0.03321256038647343,0.05495169082125604,0.034420289855072464,0.030797101449275364,0.041666666666666664,0.07548309178743962,0.03683574879227053,0.042874396135265704,0.0320048309178744,0.06823671497584541,0.059782608695652176,0.02717391304347826,0.06702898550724638,0.04891304347826087,0.07065217391304347,0.0320048309178744
713,0.028409090909090908,0.032196969696969696,0.06755050505050506,0.07133838383838384,0.0422979797979798,0.08901515151515152,0.032196969696969696,0.041035353535353536,0.034722222222222224,0.06755050505050506,0.030934343434343436,0.06881313131313131,0.05113636363636364,0.03977272727272727,0.049873737373737376,0.032196969696969696,0.061237373737373736,0.08017676767676768,0.043560606060606064,0.03598484848484849
714,0.024444444444444446,0.04158730158730159,0.053015873015873016,0.10317460317460317,0.07904761904761905,0.040952380952380955,0.037142857142857144,0.04158730158730159,0.051111111111111114,0.08857142857142856,0.046031746031746035,0.021904761904761906,0.02126984126984127,0.06190476190476191,0.04857142857142857,0.035873015873015876,0.06634920634920635,0.06634920634920635,0.0473015873015873,0.023809523809523808
715,0.01968503937007874,0.01968503937007874,0.046806649168853895,0.11067366579177602,0.06605424321959755,0.0284339457567804,0.02930883639545057,0.03280839895013123,0.03718285214348206,0.06517935258092739,0.021434820647419073,0.07567804024496938,0.03805774278215223,0.045931758530183726,0.0363079615048119,0.05555555555555555,0.06692913385826772,0.10542432195975503,0.07305336832895888,0.025809273840769902
716,0.033783783783783786,0.0503003003003003,0.03678678678678678,0.03528528528528529,0.03978978978978979,0.10135135135135136,0.04129129129129129,0.0518018018018018,0.048798798798798795,0.054804804804804805,0.06231231231231231,0.044294294294294295,0.06831831831831832,0.04129129129129129,0.0457957957957958,0.06381381381381382,0.0472972972972973,0.0518018018018018,0.033783783783783786,0.0472972972972973
717,0.025757575757575764,0.014309764309764314,0.047643097643097654,0.10084175084175087,0.00925925925925926,0.03855218855218856,0.04461279461279462,0.0718855218855219,0.04831649831649833,0.08501683501683503,0.07020202020202021,0.03451178451178452,0.02946127946127947,0.05774410774410776,0.09579124579124582,0.04562289562289563,0.05269360269360271,0.04730639730639732,0.06885521885521886,0.011616161616161618
718,0.03270042194092827,0.04043600562587905,0.04746835443037975,0.05731364275668073,0.048874824191279885,0.069971870604782,0.043248945147679324,0.03762306610407876,0.020745428973277073,0.1030239099859353,0.0720815752461322,0.03059071729957806,0.024261603375527425,0.08052039381153306,0.0770042194092827,0.03340365682137834,0.08192686357243319,0.04606188466947961,0.03551336146272855,0.017229254571026722
719,0.039682539682539694,0.05731922398589067,0.06261022927689597,0.04673721340388008,0.039682539682539694,0.05555555555555557,0.044973544973544985,0.04320987654320989,0.039682539682539694,0.06437389770723106,0.053791887125220476,0.06790123456790126,0.053791887125220476,0.053791887125220476,0.039682539682539694,0.05555555555555557,0.050264550264550276,0.05202821869488537,0.039682539682539694,0.039682539682539694
720,0.03125,0.04513888888888889,0.07847222222222222,0.05625,0.035416666666666666,0.059027777777777776,0.035416666666666666,0.04375,0.03680555555555556,0.08541666666666667,0.04236111111111111,0.03125,0.07291666666666667,0.04791666666666667,0.04791666666666667,0.03125,0.03125,0.11458333333333333,0.03125,0.04236111111111111
721,0.03347578347578348,0.04487179487179487,0.046296296296296294,0.06054131054131054,0.06623931623931624,0.07763532763532764,0.07763532763532764,0.03774928774928775,0.054843304843304845,0.054843304843304845,0.04487179487179487,0.03774928774928775,0.046296296296296294,0.049145299145299144,0.06054131054131054,0.049145299145299144,0.053418803418803416,0.03347578347578348,0.03917378917378917,0.03205128205128205
722,0.03685368536853685,0.030253025302530254,0.04235423542354235,0.06215621562156216,0.07095709570957096,0.030253025302530254,0.10176017601760176,0.040154015401540157,0.05005500550055005,0.09515951595159516,0.05555555555555555,0.03135313531353135,0.028052805280528052,0.08635863586358636,0.040154015401540157,0.06435643564356436,0.030253025302530254,0.032453245324532455,0.034653465346534656,0.03685368536853685
723,0.032242063492063495,0.05009920634920635,0.04017857142857143,0.06101190476190476,0.033234126984126984,0.056051587301587304,0.04712301587301587,0.04117063492063492,0.0679563492063492,0.059027777777777776,0.05803571428571429,0.022321428571428572,0.05009920634920635,0.10267857142857142,0.05505952380952381,0.05803571428571429,0.03125,0.0679563492063492,0.042162698412698416,0.024305555555555556
724,0.03218694885361551,0.020723104056437385,0.054232804232804216,0.09479717813051143,0.048941798941798925,0.04805996472663138,0.09479717813051143,0.05599647266313931,0.05070546737213402,0.06569664902998235,0.07627865961199293,0.03395061728395061,0.05687830687830686,0.04629629629629629,0.06569664902998235,0.029541446208112866,0.0374779541446208,0.02777777777777777,0.03483245149911816,0.025132275132275124
725,0.027472527472527476,0.03357753357753358,0.04334554334554335,0.1092796092796093,0.042124542124542134,0.03479853479853481,0.05067155067155068,0.032356532356532366,0.04090354090354091,0.06776556776556777,0.04822954822954824,0.0518925518925519,0.04822954822954824,0.03846153846153847,0.04578754578754579,0.07142857142857144,0.068986568986569,0.04090354090354091,0.06532356532356534,0.03846153846153847
726,0.037777777777777785,0.037777777777777785,0.060000000000000005,0.037777777777777785,0.04222222222222223,0.060000000000000005,0.04222222222222223,0.04370370370370371,0.0762962962962963,0.060000000000000005,0.036296296296296306,0.05111111111111112,0.037777777777777785,0.06592592592592594,0.06148148148148149,0.046666666666666676,0.05407407407407408,0.048148148148148155,0.06444444444444446,0.036296296296296306
727,0.01892109500805153,0.026972624798711754,0.026167471819645734,0.06964573268921095,0.049516908212560384,0.03985507246376811,0.0929951690821256,0.035829307568438,0.030998389694041867,0.09057971014492754,0.06723027375201288,0.023752012882447666,0.022946859903381644,0.1179549114331723,0.07286634460547504,0.019726247987117553,0.035829307568438,0.06159420289855073,0.07528180354267311,0.0213365539452496
728,0.03125000000000001,0.045138888888888895,0.043750000000000004,0.0326388888888889,0.05208333333333334,0.03125000000000001,0.07708333333333335,0.045138888888888895,0.05208333333333334,0.043750000000000004,0.05347222222222223,0.0576388888888889,0.03125000000000001,0.10625000000000001,0.04236111111111112,0.03125000000000001,0.04097222222222223,0.07430555555555557,0.04791666666666668,0.060416666666666674
729,0.03493699885452463,0.03150057273768614,0.028064146620847653,0.05784650630011455,0.1013745704467354,0.06815578465063,0.04753722794959908,0.03837342497136312,0.03951890034364261,0.04982817869415808,0.04982817869415808,0.05097365406643757,0.03264604810996564,0.04066437571592211,0.06471935853379153,0.04868270332187858,0.03722794959908362,0.06586483390607102,0.05670103092783505,0.05555555555555555
730,0.03591731266149871,0.053488372093023255,0.04780361757105943,0.0648578811369509,0.06020671834625323,0.02248062015503876,0.07571059431524547,0.01731266149870801,0.05503875968992248,0.08191214470284237,0.03591731266149871,0.026614987080103358,0.02868217054263566,0.06950904392764858,0.07467700258397933,0.0710594315245478,0.03229974160206718,0.08397932816537468,0.03850129198966408,0.024031007751937984
731,0.026595744680851064,0.06205673758865248,0.05851063829787234,0.03959810874704492,0.026595744680851064,0.060874704491725766,0.03959810874704492,0.031323877068557916,0.031323877068557916,0.03723404255319149,0.08451536643026004,0.0715130023640662,0.03368794326241135,0.10224586288416075,0.044326241134751775,0.03959810874704492,0.09042553191489362,0.04905437352245863,0.04314420803782506,0.027777777777777776
732,0.03726287262872628,0.045392953929539286,0.049457994579945784,0.04810298102981028,0.04268292682926829,0.06978319783197831,0.0589430894308943,0.045392953929539286,0.04132791327913279,0.0602981029810298,0.030487804878048773,0.0616531165311653,0.04268292682926829,0.05487804878048779,0.033197831978319776,0.03590785907859078,0.09417344173441732,0.07791327913279131,0.039972899728997285,0.030487804878048773
733,0.03153153153153152,0.03853853853853853,0.02552552552552552,0.08458458458458457,0.049549549549549536,0.05255255255255254,0.043543543543543534,0.03153153153153152,0.03153153153153152,0.08258258258258257,0.05255255255255254,0.040540540540540536,0.04754754754754753,0.06256256256256255,0.07957957957957956,0.06956956956956956,0.034534534534534526,0.08058058058058057,0.03753753753753753,0.023523523523523517
734,0.0320048309178744,0.030797101449275364,0.07548309178743962,0.04528985507246377,0.029589371980676328,0.06340579710144928,0.06582125603864734,0.04528985507246377,0.04770531400966183,0.11171497584541062,0.0392512077294686,0.050120772946859904,0.028381642512077296,0.0320048309178744,0.08272946859903382,0.03321256038647343,0.06099033816425121,0.0392512077294686,0.058574879227053143,0.028381642512077296
735,0.029488432714239173,0.024926686217008803,0.04675790159661128,0.07086999022482895,0.06630824372759858,0.04903877484522647,0.04838709677419356,0.033724340175953084,0.03274682306940372,0.06663408276311504,0.0444770283479961,0.03274682306940372,0.022971652003910072,0.09433040078201371,0.0676115998696644,0.043499511241446735,0.0545780384490062,0.09856630824372763,0.05685891169762139,0.01547735418703161
736,0.03846153846153847,0.05726495726495727,0.047008547008547015,0.07777777777777779,0.06923076923076925,0.05555555555555556,0.053846153846153856,0.053846153846153856,0.03846153846153847,0.03846153846153847,0.03846153846153847,0.048717948717948725,0.045299145299145305,0.05897435897435898,0.03846153846153847,0.041880341880341884,0.045299145299145305,0.05726495726495727,0.05555555555555556,0.04017094017094018
737,0.048523206751054856,0.03445850914205345,0.07946554149085797,0.07805907172995782,0.031645569620253174,0.05133614627285514,0.04711673699015472,0.049929676511955,0.03586497890295359,0.06399437412095642,0.04571026722925458,0.05133614627285514,0.037271448663853735,0.0738396624472574,0.03867791842475388,0.0569620253164557,0.03586497890295359,0.05555555555555556,0.05133614627285514,0.033052039381153316
738,0.03424657534246575,0.05098934550989345,0.03424657534246575,0.05251141552511415,0.06164383561643835,0.03424657534246575,0.04794520547945205,0.04033485540334855,0.04490106544901065,0.04337899543378995,0.04794520547945205,0.03424657534246575,0.05098934550989345,0.06164383561643835,0.06164383561643835,0.05707762557077625,0.06621004566210045,0.09512937595129375,0.03424657534246575,0.04642313546423135
739,0.03378378378378379,0.039789789789789795,0.05480480480480481,0.07732732732732735,0.05330330330330331,0.06531531531531533,0.056306306306306314,0.035285285285285295,0.03828828828828829,0.06081081081081082,0.0427927927927928,0.039789789789789795,0.045795795795795805,0.039789789789789795,0.056306306306306314,0.03378378378378379,0.07132132132132134,0.0487987987987988,0.057807807807807816,0.0487987987987988
740,0.04166666666666667,0.05277777777777779,0.05092592592592594,0.04166666666666667,0.043518518518518526,0.05833333333333335,0.05277777777777779,0.07314814814814816,0.05277777777777779,0.043518518518518526,0.04166666666666667,0.047222222222222235,0.04907407407407409,0.05277777777777779,0.0638888888888889,0.04166666666666667,0.05833333333333335,0.05092592592592594,0.04166666666666667,0.04166666666666667
741,0.03208812260536399,0.028256704980842914,0.04549808429118775,0.071360153256705,0.05507662835249043,0.05411877394636016,0.03113026819923372,0.03400383141762453,0.05699233716475097,0.1135057471264368,0.03496168582375479,0.03208812260536399,0.03113026819923372,0.12308429118773948,0.04166666666666667,0.05316091954022989,0.028256704980842914,0.05220306513409963,0.03879310344827587,0.04262452107279694
742,0.06381381381381382,0.033783783783783786,0.03528528528528529,0.06231231231231231,0.033783783783783786,0.0472972972972973,0.060810810810810814,0.038288288288288286,0.03528528528528529,0.09834834834834835,0.06831831831831832,0.033783783783783786,0.06381381381381382,0.033783783783783786,0.08333333333333333,0.05630630630630631,0.03528528528528529,0.0472972972972973,0.033783783783783786,0.03528528528528529
743,0.043859649122807015,0.06335282651072124,0.049707602339181284,0.06140350877192982,0.043859649122807015,0.043859649122807015,0.043859649122807015,0.05360623781676413,0.043859649122807015,0.043859649122807015,0.043859649122807015,0.043859649122807015,0.043859649122807015,0.06140350877192982,0.06140350877192982,0.05360623781676413,0.043859649122807015,0.06140350877192982,0.05165692007797271,0.043859649122807015
744,0.04099616858237548,0.027203065134099615,0.040229885057471264,0.050191570881226055,0.03946360153256705,0.061685823754789273,0.03946360153256705,0.10689655172413794,0.031800766283524906,0.07088122605363985,0.044061302681992334,0.017241379310344827,0.07471264367816093,0.04865900383141762,0.06475095785440613,0.050957854406130265,0.03793103448275862,0.09923371647509578,0.035632183908045977,0.01800766283524904
745,0.02683080808080808,0.04640151515151515,0.05082070707070707,0.05523989898989899,0.07039141414141414,0.05776515151515151,0.08617424242424243,0.024936868686868688,0.03566919191919192,0.06723484848484848,0.0634469696969697,0.0211489898989899,0.03819444444444445,0.07544191919191919,0.034406565656565656,0.0514520202020202,0.06723484848484848,0.057133838383838384,0.016098484848484848,0.05397727272727273
746,0.029688418577307467,0.018518518518518517,0.048500881834215165,0.040858318636096416,0.05614344503233392,0.03321575543797766,0.05261610817166373,0.03909465020576132,0.03733098177542622,0.06025867136978248,0.04262198706643151,0.04614932392710171,0.04673721340388007,0.09376837154614932,0.12962962962962962,0.04556143445032334,0.047325102880658436,0.058495002939447385,0.059670781893004114,0.013815402704291593
747,0.05216802168021679,0.030487804878048773,0.0602981029810298,0.0684281842818428,0.030487804878048773,0.0602981029810298,0.05352303523035229,0.030487804878048773,0.04810298102981028,0.12262872628726285,0.04674796747967479,0.045392953929539286,0.03455284552845528,0.04268292682926829,0.04810298102981028,0.03726287262872628,0.05487804878048779,0.04268292682926829,0.05487804878048779,0.03590785907859078
748,0.03787878787878788,0.04461279461279461,0.04461279461279461,0.041245791245791245,0.03787878787878788,0.049663299663299666,0.05303030303030303,0.03787878787878788,0.0563973063973064,0.049663299663299666,0.04461279461279461,0.07154882154882154,0.03956228956228956,0.0563973063973064,0.046296296296296294,0.0563973063973064,0.061447811447811446,0.05303030303030303,0.06481481481481481,0.05303030303030303
749,0.04577777777777777,0.05555555555555554,0.05555555555555554,0.09288888888888887,0.034222222222222216,0.04311111111111111,0.06799999999999999,0.02444444444444444,0.10799999999999997,0.06355555555555555,0.04488888888888888,0.02977777777777777,0.02355555555555555,0.03866666666666666,0.034222222222222216,0.05733333333333332,0.034222222222222216,0.061777777777777765,0.053777777777777765,0.030666666666666658
750,0.021028037383177572,0.017912772585669784,0.05425752855659399,0.08541017653167188,0.05789200415368641,0.026739356178608523,0.12227414330218071,0.028816199376947047,0.03400830737279336,0.05062305295950157,0.05685358255451715,0.029335410176531677,0.03193146417445483,0.044392523364485986,0.03400830737279336,0.06723779854620977,0.02985462097611631,0.10150571131879546,0.0661993769470405,0.039719626168224303
751,0.02577319587628865,0.03722794959908361,0.03837342497136311,0.05441008018327605,0.04295532646048109,0.09450171821305839,0.048682703321878566,0.06242840778923252,0.0406643757159221,0.04753722794959907,0.03722794959908361,0.03379152348224512,0.02691867124856815,0.06471935853379152,0.08991981672394042,0.048682703321878566,0.052119129438717056,0.09221076746849942,0.02577319587628865,0.036082474226804113
752,0.030120481927710843,0.06224899598393574,0.050200803212851405,0.06626506024096386,0.04618473895582329,0.05421686746987952,0.040829986613119144,0.03681392235609103,0.03413654618473896,0.03547523427041499,0.04216867469879518,0.05287817938420348,0.05689424364123159,0.08099062918340026,0.04350736278447122,0.050200803212851405,0.07028112449799197,0.05287817938420348,0.05555555555555555,0.03815261044176707
753,0.044573643410852716,0.06136950904392765,0.05878552971576227,0.0458656330749354,0.04198966408268734,0.05232558139534884,0.0458656330749354,0.03811369509043928,0.03682170542635659,0.07816537467700259,0.04844961240310078,0.03165374677002584,0.03940568475452196,0.047157622739018086,0.030361757105943153,0.06266149870801034,0.0755813953488372,0.08204134366925064,0.03811369509043928,0.040697674418604654
754,0.028693528693528696,0.03846153846153847,0.06654456654456656,0.03846153846153847,0.028693528693528696,0.03724053724053725,0.07631257631257633,0.032356532356532366,0.06410256410256411,0.05921855921855922,0.04334554334554335,0.042124542124542134,0.027472527472527476,0.08974358974358976,0.044566544566544575,0.02991452991452992,0.027472527472527476,0.07387057387057389,0.1214896214896215,0.02991452991452992
755,0.03130511463844798,0.019841269841269844,0.03571428571428572,0.03659611992945327,0.05335097001763669,0.05687830687830688,0.038359788359788365,0.04188712522045856,0.038359788359788365,0.09920634920634921,0.06657848324514992,0.026014109347442683,0.030423280423280425,0.09920634920634921,0.07098765432098766,0.024250440917107586,0.06305114638447973,0.06481481481481483,0.0771604938271605,0.026014109347442683
756,0.038461538461538464,0.10170940170940171,0.06923076923076923,0.07094017094017094,0.038461538461538464,0.0452991452991453,0.0452991452991453,0.0452991452991453,0.038461538461538464,0.05213675213675214,0.05384615384615385,0.04700854700854701,0.040170940170940174,0.05384615384615385,0.040170940170940174,0.038461538461538464,0.038461538461538464,0.06581196581196581,0.038461538461538464,0.038461538461538464
757,0.06374269005847953,0.048538011695906436,0.0391812865497076,0.05906432748538012,0.03333333333333333,0.08830409356725147,0.03216374269005848,0.02865497076023392,0.0695906432748538,0.06023391812865497,0.04502923976608187,0.05789473684210526,0.04152046783625731,0.052046783625730994,0.046198830409356725,0.054385964912280704,0.04152046783625731,0.0695906432748538,0.0391812865497076,0.02982456140350877
758,0.03639846743295019,0.04533844189016603,0.08365261813537675,0.042784163473818644,0.028735632183908046,0.028735632183908046,0.03384418901660281,0.04789272030651341,0.037675606641123884,0.06832694763729247,0.040229885057471264,0.044061302681992334,0.08748403575989783,0.04661558109833972,0.06321839080459771,0.07343550446998723,0.032567049808429116,0.08876117496807152,0.03639846743295019,0.03384418901660281
759,0.03271604938271605,0.043827160493827164,0.046296296296296294,0.040123456790123455,0.04135802469135803,0.06358024691358025,0.07716049382716049,0.029012345679012345,0.05617283950617284,0.07592592592592592,0.0808641975308642,0.03518518518518519,0.04135802469135803,0.07098765432098765,0.06358024691358025,0.03888888888888889,0.03148148148148148,0.06111111111111111,0.03641975308641975,0.033950617283950615
760,0.03637566137566138,0.03240740740740741,0.03240740740740741,0.04960317460317461,0.029761904761904764,0.04563492063492064,0.03637566137566138,0.048280423280423285,0.06944444444444446,0.06679894179894182,0.08002645502645504,0.0548941798941799,0.03240740740740741,0.0773809523809524,0.05224867724867725,0.04166666666666667,0.05621693121693122,0.03505291005291006,0.08267195767195769,0.04034391534391535
761,0.026871980676328497,0.032910628019323665,0.033514492753623185,0.09088164251207728,0.04800724637681158,0.06793478260869563,0.031099033816425113,0.02083333333333333,0.031099033816425113,0.05827294685990337,0.041364734299516905,0.02566425120772946,0.04317632850241545,0.06793478260869563,0.08967391304347824,0.0486111111111111,0.02445652173913043,0.17361111111111108,0.02445652173913043,0.019625603864734296
762,0.06313131313131315,0.05471380471380472,0.03787878787878789,0.05808080808080809,0.06649831649831651,0.0782828282828283,0.03787878787878789,0.03956228956228957,0.06144781144781145,0.042929292929292935,0.07154882154882156,0.03787878787878789,0.03787878787878789,0.0462962962962963,0.03956228956228957,0.03787878787878789,0.05808080808080809,0.03787878787878789,0.05303030303030304,0.03956228956228957
763,0.03787878787878789,0.058080808080808094,0.058080808080808094,0.0883838383838384,0.043939393939393945,0.03686868686868688,0.03686868686868688,0.023737373737373745,0.038888888888888896,0.06717171717171719,0.044949494949494954,0.06313131313131315,0.03787878787878789,0.057070707070707084,0.058080808080808094,0.058080808080808094,0.042929292929292935,0.08939393939393941,0.023737373737373745,0.03484848484848486
764,0.038690476190476185,0.04993386243386242,0.02876984126984126,0.07705026455026454,0.03207671957671957,0.03538359788359788,0.04067460317460317,0.034060846560846555,0.052579365079365066,0.0691137566137566,0.06117724867724866,0.061838624338624325,0.026124338624338616,0.09689153439153436,0.03538359788359788,0.04001322751322751,0.0691137566137566,0.07109788359788359,0.05853174603174602,0.02149470899470899
765,0.0202991452991453,0.019586894586894586,0.0438034188034188,0.07514245014245015,0.04522792022792023,0.08012820512820513,0.056623931623931624,0.03027065527065527,0.04309116809116809,0.025997150997150997,0.03668091168091168,0.04309116809116809,0.028846153846153848,0.06588319088319089,0.07086894586894586,0.058048433048433046,0.07158119658119658,0.0787037037037037,0.08084045584045584,0.025284900284900286
766,0.03888888888888889,0.033950617283950615,0.04876543209876543,0.03518518518518519,0.03271604938271605,0.059876543209876544,0.040123456790123455,0.030246913580246913,0.053703703703703705,0.06234567901234568,0.059876543209876544,0.03888888888888889,0.033950617283950615,0.05740740740740741,0.06111111111111111,0.04876543209876543,0.043827160493827164,0.10802469135802469,0.05123456790123457,0.06111111111111111
767,0.03521126760563381,0.05555555555555556,0.06025039123630674,0.06338028169014086,0.03677621283255087,0.07746478873239437,0.06338028169014086,0.05399061032863851,0.044600938967136156,0.03521126760563381,0.06338028169014086,0.05086071987480439,0.03677621283255087,0.04929577464788733,0.03521126760563381,0.046165884194053215,0.05555555555555556,0.05712050078247262,0.044600938967136156,0.03521126760563381
768,0.02959501557632399,0.038940809968847356,0.07840083073727935,0.04309449636552441,0.060747663551401876,0.03374870197300105,0.06282450674974041,0.03478712357217031,0.042056074766355145,0.07113187954309451,0.0742471443406023,0.07113187954309451,0.06282450674974041,0.0462097611630322,0.03271028037383178,0.037902388369678096,0.039979231568016624,0.0825545171339564,0.03374870197300105,0.023364485981308414
769,0.02863247863247863,0.021794871794871794,0.06709401709401709,0.02863247863247863,0.047435897435897434,0.06196581196581197,0.03888888888888889,0.07393162393162393,0.03290598290598291,0.08846153846153847,0.06965811965811966,0.02264957264957265,0.053418803418803416,0.0841880341880342,0.06111111111111111,0.03803418803418803,0.052564102564102565,0.04487179487179487,0.055982905982905985,0.027777777777777776
770,0.03424657534246576,0.03881278538812786,0.06012176560121766,0.06012176560121766,0.05707762557077626,0.03424657534246576,0.06621004566210047,0.04794520547945206,0.04337899543378996,0.05707762557077626,0.06164383561643836,0.05555555555555556,0.04185692541856926,0.04185692541856926,0.04185692541856926,0.05859969558599696,0.06316590563165907,0.05555555555555556,0.04185692541856926,0.03881278538812786
771,0.041666666666666664,0.0392512077294686,0.02717391304347826,0.08756038647342995,0.03804347826086957,0.034420289855072464,0.04528985507246377,0.03321256038647343,0.04528985507246377,0.044082125603864736,0.08514492753623189,0.03804347826086957,0.034420289855072464,0.044082125603864736,0.07306763285024155,0.04528985507246377,0.04528985507246377,0.08393719806763285,0.08756038647342995,0.02717391304347826
772,0.02976190476190476,0.041666666666666664,0.05886243386243386,0.05092592592592592,0.05357142857142857,0.02976190476190476,0.041666666666666664,0.04431216931216931,0.037698412698412696,0.031084656084656083,0.04431216931216931,0.036375661375661374,0.03373015873015873,0.05886243386243386,0.08134920634920635,0.06944444444444445,0.032407407407407406,0.13955026455026456,0.05092592592592592,0.03373015873015873
773,0.025979216626698647,0.026778577138289374,0.02198241406874501,0.06994404476418867,0.07234212629896085,0.05955235811350921,0.05155875299760193,0.053157474020783385,0.038768984812150284,0.08752997601918466,0.035571542765787376,0.03796962430055956,0.04836131095123902,0.05235811350919266,0.05635491606714629,0.05395683453237411,0.028377298161470832,0.09632294164668267,0.04836131095123902,0.03477218225419665
774,0.027016742770167426,0.021689497716894976,0.08713850837138508,0.04908675799086758,0.03538812785388128,0.06887366818873668,0.033866057838660577,0.05821917808219178,0.04680365296803653,0.08485540334855403,0.03843226788432268,0.04375951293759513,0.03843226788432268,0.033866057838660577,0.06430745814307458,0.031582952815829526,0.05517503805175038,0.12062404870624048,0.04375951293759513,0.017123287671232876
775,0.022935779816513763,0.042303771661569824,0.063710499490316,0.06778797145769623,0.027013251783893986,0.042303771661569824,0.07390417940876656,0.033129459734964326,0.0382262996941896,0.04332313965341488,0.06778797145769623,0.04332313965341488,0.022935779816513763,0.0963302752293578,0.058613659531090725,0.052497451580020386,0.06269113149847094,0.06982670744138635,0.03924566768603466,0.03211009174311927
776,0.048711755233494365,0.03421900161030596,0.06561996779388084,0.055958132045088566,0.06320450885668277,0.0607890499194847,0.052737520128824475,0.07367149758454106,0.03421900161030596,0.10587761674718196,0.05837359098228664,0.027777777777777776,0.03260869565217391,0.02938808373590982,0.04066022544283414,0.04468599033816425,0.05032206119162641,0.06239935587761675,0.03341384863123994,0.025362318840579712
777,0.04571759259259259,0.03414351851851851,0.039930555555555546,0.07465277777777776,0.039930555555555546,0.03877314814814814,0.07465277777777776,0.06192129629629628,0.053819444444444434,0.0653935185185185,0.04803240740740739,0.028356481481481476,0.04571759259259259,0.056134259259259245,0.056134259259259245,0.05497685185185184,0.03645833333333333,0.04340277777777777,0.07118055555555554,0.03067129629629629
778,0.03164556962025317,0.05414908579465542,0.04571026722925457,0.08649789029535865,0.03305203938115331,0.03164556962025317,0.03164556962025317,0.03164556962025317,0.034458509142053444,0.06118143459915612,0.05555555555555555,0.034458509142053444,0.04992967651195499,0.06962025316455696,0.051336146272855133,0.03305203938115331,0.07524613220815753,0.0949367088607595,0.052742616033755275,0.04149085794655415
779,0.0406301824212272,0.0406301824212272,0.04560530679933665,0.0439469320066335,0.0406301824212272,0.04560530679933665,0.05721393034825871,0.0406301824212272,0.0472636815920398,0.07877280265339967,0.03731343283582089,0.03731343283582089,0.06882255389718077,0.04892205638474295,0.05887230514096186,0.0439469320066335,0.05223880597014925,0.08043117744610281,0.0472636815920398,0.0439469320066335
780,0.02755194218608853,0.02664859981933153,0.06729900632339658,0.0790424570912376,0.03658536585365854,0.060072267389340565,0.05194218608852756,0.031165311653116534,0.0889792231255646,0.09710930442637761,0.02574525745257453,0.04290876242095755,0.05465221318879856,0.02755194218608853,0.05013550135501356,0.031165311653116534,0.04471544715447155,0.06729900632339658,0.06458897922312558,0.02484191508581753
781,0.024650478292862404,0.019499632082413544,0.026857983811626202,0.05629139072847684,0.04966887417218544,0.045253863134657846,0.036423841059602655,0.05408388520971304,0.06291390728476823,0.07689477557027227,0.06364974245768949,0.03715967623252392,0.05408388520971304,0.05408388520971304,0.05408388520971304,0.048933038999264176,0.06512141280353202,0.08425312729948493,0.041574687270051515,0.04451802796173658
782,0.036853685368536844,0.04675467546754675,0.08195819581958194,0.05225522552255224,0.031353135313531344,0.05115511551155114,0.036853685368536844,0.028052805280528045,0.05665566556655664,0.05665566556655664,0.03465346534653465,0.04565456545654565,0.06435643564356434,0.039053905390539045,0.06985698569856984,0.03795379537953795,0.05445544554455444,0.09845984598459843,0.05005500550055004,0.026952695269526945
783,0.03345959595959597,0.04608585858585859,0.06250000000000001,0.08775252525252526,0.03093434343434344,0.0523989898989899,0.09406565656565657,0.04861111111111112,0.06376262626262627,0.04103535353535354,0.02840909090909091,0.03093434343434344,0.0321969696969697,0.06502525252525254,0.02840909090909091,0.03093434343434344,0.05871212121212122,0.07638888888888891,0.05871212121212122,0.029671717171717175
784,0.05169753086419753,0.04861111111111111,0.0470679012345679,0.04398148148148148,0.034722222222222224,0.06867283950617284,0.04089506172839506,0.04861111111111111,0.06558641975308642,0.03780864197530864,0.05632716049382716,0.04552469135802469,0.05632716049382716,0.0470679012345679,0.08101851851851852,0.03935185185185185,0.0470679012345679,0.0470679012345679,0.05324074074074074,0.03935185185185185
785,0.037500000000000006,0.025462962962962965,0.025462962962962965,0.10972222222222223,0.042129629629629635,0.08935185185185186,0.04583333333333334,0.04490740740740742,0.046759259259259264,0.08194444444444446,0.04768518518518519,0.025462962962962965,0.0337962962962963,0.06435185185185187,0.037500000000000006,0.04027777777777779,0.06435185185185187,0.05787037037037038,0.049537037037037046,0.030092592592592594
786,0.04298941798941799,0.056216931216931214,0.04298941798941799,0.057539682539682536,0.041666666666666664,0.08002645502645503,0.036375661375661374,0.03505291005291005,0.04034391534391534,0.09325396825396826,0.0496031746031746,0.031084656084656083,0.041666666666666664,0.07076719576719577,0.036375661375661374,0.032407407407407406,0.041666666666666664,0.09060846560846561,0.04828042328042328,0.031084656084656083
787,0.040322580645161296,0.07078853046594984,0.045698924731182804,0.040322580645161296,0.0421146953405018,0.05465949820788532,0.058243727598566324,0.052867383512544816,0.040322580645161296,0.061827956989247326,0.040322580645161296,0.061827956989247326,0.06003584229390682,0.0421146953405018,0.040322580645161296,0.045698924731182804,0.040322580645161296,0.05465949820788532,0.045698924731182804,0.061827956989247326
788,0.03224553224553225,0.056332556332556336,0.026806526806526808,0.06332556332556333,0.027583527583527584,0.05244755244755245,0.050893550893550896,0.03535353535353535,0.019036519036519036,0.09595959595959595,0.08197358197358197,0.06487956487956488,0.027583527583527584,0.13636363636363635,0.05011655011655012,0.050893550893550896,0.0236985236985237,0.04623154623154623,0.03535353535353535,0.02292152292152292
789,0.02293144208037825,0.0508274231678487,0.025295508274231677,0.083451536643026,0.041371158392434985,0.03900709219858156,0.04988179669030733,0.049408983451536645,0.05035460992907802,0.1260047281323877,0.03806146572104019,0.04562647754137116,0.03475177304964539,0.036170212765957444,0.04893617021276596,0.05460992907801419,0.039952718676122934,0.09905437352245863,0.04657210401891253,0.01773049645390071
790,0.034615384615384624,0.022649572649572652,0.02777777777777778,0.08846153846153848,0.061965811965811975,0.056837606837606844,0.061965811965811975,0.033760683760683766,0.07991452991452992,0.05170940170940171,0.04401709401709403,0.0747863247863248,0.034615384615384624,0.04572649572649573,0.058547008547008554,0.03803418803418804,0.036324786324786335,0.07564102564102565,0.05085470085470086,0.021794871794871797
791,0.026258680555555563,0.012803819444444448,0.04796006944444446,0.06184895833333335,0.05533854166666668,0.03450520833333334,0.04231770833333334,0.039279513888888895,0.049696180555555566,0.07921006944444446,0.060546875000000014,0.02842881944444445,0.05577256944444446,0.06315104166666669,0.04535590277777778,0.06705729166666669,0.0470920138888889,0.08311631944444446,0.07617187500000001,0.024088541666666675
792,0.02717391304347826,0.0320048309178744,0.042874396135265704,0.034420289855072464,0.04045893719806763,0.050120772946859904,0.03321256038647343,0.041666666666666664,0.07427536231884058,0.07548309178743962,0.07427536231884058,0.02717391304347826,0.041666666666666664,0.07910628019323672,0.04770531400966183,0.06340579710144928,0.06582125603864734,0.029589371980676328,0.08152173913043478,0.03804347826086957
793,0.012490678598061149,0.022184936614466817,0.05536912751677853,0.08109619686800895,0.043064876957494405,0.06170768083519761,0.05089485458612975,0.043810589112602535,0.034489187173750935,0.044556301267710666,0.0389634601043997,0.03672632363907532,0.024794929157345266,0.09936614466815809,0.06506338553318419,0.08072334079045489,0.05201342281879195,0.09153616703952275,0.0441834451901566,0.01696495152870992
794,0.029411764705882346,0.029411764705882346,0.05947712418300652,0.08039215686274509,0.08039215686274509,0.043790849673202605,0.05947712418300652,0.030718954248366005,0.06078431372549018,0.07385620915032678,0.0503267973856209,0.032026143790849664,0.032026143790849664,0.04640522875816993,0.0568627450980392,0.05424836601307188,0.05163398692810456,0.0699346405228758,0.029411764705882346,0.029411764705882346
795,0.018115942028985508,0.0285829307568438,0.018115942028985508,0.13003220611916264,0.05837359098228664,0.0607890499194847,0.03421900161030596,0.038244766505636074,0.07769726247987117,0.06159420289855073,0.025362318840579712,0.03985507246376811,0.03260869565217391,0.15579710144927536,0.05837359098228664,0.0285829307568438,0.02214170692431562,0.035829307568438,0.0430756843800322,0.03260869565217391
796,0.031590413943355114,0.04248366013071895,0.05700798838053739,0.050472040668119084,0.019244734931009436,0.06644880174291938,0.05846042120551923,0.0344952795933188,0.0671750181554103,0.06499636891793753,0.06572258533042845,0.035221496005809726,0.04466230936819172,0.04684095860566448,0.059912854030501075,0.039578794480755256,0.07879448075526506,0.060639070442992,0.05700798838053739,0.019244734931009436
797,0.028089887640449437,0.03058676654182272,0.04931335830212235,0.05930087390761548,0.04556803995006242,0.03682896379525593,0.04681647940074907,0.03932584269662921,0.07303370786516854,0.05555555555555555,0.033083645443196,0.028089887640449437,0.04057428214731586,0.07927590511860175,0.05056179775280899,0.041822721598002495,0.06179775280898876,0.09051186017478152,0.06928838951310862,0.04057428214731586
798,0.04490106544901066,0.06012176560121766,0.06773211567732117,0.04490106544901066,0.03881278538812786,0.03576864535768646,0.06621004566210047,0.03881278538812786,0.06468797564687977,0.03729071537290716,0.04490106544901066,0.06925418569254187,0.09665144596651447,0.04490106544901066,0.03424657534246576,0.03424657534246576,0.03576864535768646,0.06164383561643836,0.03576864535768646,0.04337899543378996
799,0.026041666666666668,0.03530092592592592,0.03877314814814815,0.07696759259259259,0.043402777777777776,0.046875,0.027199074074074073,0.036458333333333336,0.030671296296296297,0.06076388888888889,0.04918981481481482,0.04224537037037037,0.043402777777777776,0.07118055555555555,0.052662037037037035,0.052662037037037035,0.0642361111111111,0.08622685185185185,0.08159722222222222,0.03414351851851852
800,0.037262872628726296,0.0467479674796748,0.035907859078590794,0.07791327913279134,0.05894308943089432,0.08197831978319785,0.0413279132791328,0.0481029810298103,0.057588075880758816,0.0481029810298103,0.0413279132791328,0.0481029810298103,0.03319783197831979,0.0481029810298103,0.0481029810298103,0.06436314363143633,0.03319783197831979,0.08468834688346885,0.03455284552845529,0.030487804878048783
801,0.042168674698795185,0.042168674698795185,0.030120481927710847,0.044846050870147265,0.030120481927710847,0.042168674698795185,0.07161981258366802,0.09036144578313254,0.032797858099062924,0.05957161981258367,0.04886211512717537,0.032797858099062924,0.05823293172690764,0.06224899598393575,0.07563587684069613,0.06492637215528783,0.042168674698795185,0.054216867469879526,0.03145917001338689,0.043507362784471225
802,0.017444981213097156,0.02871712292002147,0.10493827160493827,0.055018786902844875,0.06951154052603328,0.04696725711218465,0.04804079441760601,0.05233494363929147,0.04804079441760601,0.02818035426731079,0.046430488459473965,0.06146001073537306,0.05770263016639828,0.05340848094471283,0.03247450348899624,0.07917337627482555,0.08776167471819646,0.026570048309178744,0.039452495974235106,0.01637144390767579
803,0.04807692307692306,0.04807692307692306,0.06730769230769228,0.04807692307692306,0.04807692307692306,0.06730769230769228,0.04807692307692306,0.04807692307692306,0.04807692307692306,0.04807692307692306,0.04807692307692306,0.04807692307692306,0.04807692307692306,0.04807692307692306,0.04807692307692306,0.04807692307692306,0.04807692307692306,0.04807692307692306,0.04807692307692306,0.04807692307692306
804,0.04032258064516129,0.04390681003584229,0.06362007168458782,0.0456989247311828,0.06362007168458782,0.0492831541218638,0.04032258064516129,0.04390681003584229,0.04032258064516129,0.06182795698924731,0.04032258064516129,0.042114695340501794,0.04032258064516129,0.05824372759856631,0.047491039426523295,0.07437275985663082,0.056451612903225805,0.0528673835125448,0.051075268817204304,0.04390681003584229
805,0.0358187134502924,0.03289473684210527,0.07090643274853803,0.05628654970760234,0.044590643274853806,0.04751461988304094,0.050438596491228074,0.07383040935672516,0.03874269005847954,0.06359649122807019,0.034356725146198835,0.04605263157894737,0.0358187134502924,0.03874269005847954,0.05190058479532164,0.034356725146198835,0.06944444444444446,0.06944444444444446,0.05774853801169591,0.04751461988304094
806,0.039772727272727265,0.03598484848484848,0.044823232323232313,0.06628787878787877,0.051136363636363626,0.03345959595959595,0.0486111111111111,0.056186868686868674,0.053661616161616146,0.07133838383838383,0.04103535353535353,0.05997474747474746,0.0284090909090909,0.04103535353535353,0.0688131313131313,0.07512626262626261,0.05744949494949494,0.06628787878787877,0.0284090909090909,0.03219696969696969
807,0.031645569620253174,0.04430379746835444,0.03586497890295359,0.05836849507735584,0.031645569620253174,0.03867791842475388,0.05133614627285514,0.05274261603375528,0.0569620253164557,0.06258790436005628,0.05836849507735584,0.04430379746835444,0.054149085794655424,0.04008438818565402,0.05555555555555556,0.049929676511955,0.05133614627285514,0.09212376933895923,0.0569620253164557,0.033052039381153316
808,0.03731343283582089,0.04228855721393035,0.03731343283582089,0.0439469320066335,0.03731343283582089,0.05721393034825871,0.06550580431177445,0.0472636815920398,0.04892205638474295,0.03897180762852405,0.0472636815920398,0.05223880597014925,0.07048092868988391,0.0538971807628524,0.03731343283582089,0.0439469320066335,0.07711442786069651,0.04892205638474295,0.07545605306799337,0.03731343283582089
809,0.030487804878048783,0.03319783197831979,0.05352303523035231,0.07384823848238484,0.0426829268292683,0.07791327913279134,0.06571815718157183,0.0440379403794038,0.0386178861788618,0.05081300813008131,0.0467479674796748,0.0386178861788618,0.0481029810298103,0.056233062330623314,0.056233062330623314,0.0426829268292683,0.03184281842818429,0.09417344173441736,0.03319783197831979,0.0413279132791328
810,0.03979511426319938,0.05791962174940899,0.044523246650906234,0.09022852639873918,0.03427895981087471,0.029550827423167853,0.10756501182033099,0.03664302600472814,0.03033884948778566,0.09022852639873918,0.03585500394011033,0.03270291568163909,0.043735224586288424,0.03270291568163909,0.024034672970843187,0.02245862884160757,0.07683215130023642,0.07052797478329395,0.05555555555555556,0.044523246650906234
811,0.03184281842818428,0.06707317073170732,0.06978319783197832,0.11449864498644986,0.03184281842818428,0.06978319783197832,0.04539295392953929,0.05623306233062331,0.03048780487804878,0.04539295392953929,0.0535230352303523,0.03726287262872629,0.042682926829268296,0.05623306233062331,0.042682926829268296,0.03861788617886179,0.03319783197831978,0.046747967479674794,0.05623306233062331,0.03048780487804878
812,0.03450292397660819,0.04035087719298246,0.05672514619883041,0.10584795321637427,0.038011695906432746,0.046198830409356725,0.030994152046783626,0.04035087719298246,0.03450292397660819,0.046198830409356725,0.038011695906432746,0.054385964912280704,0.038011695906432746,0.046198830409356725,0.05906432748538012,0.06608187134502924,0.04736842105263158,0.07192982456140351,0.07660818713450293,0.02865497076023392
813,0.06720430107526883,0.045698924731182804,0.0474910394265233,0.06899641577060933,0.06362007168458783,0.05645161290322581,0.040322580645161296,0.05286738351254481,0.05645161290322581,0.040322580645161296,0.0421146953405018,0.0439068100358423,0.0439068100358423,0.040322580645161296,0.040322580645161296,0.045698924731182804,0.07258064516129034,0.040322580645161296,0.05107526881720431,0.040322580645161296
814,0.03472222222222222,0.042438271604938266,0.043981481481481476,0.05169753086419752,0.043981481481481476,0.03472222222222222,0.039351851851851846,0.039351851851851846,0.0655864197530864,0.0640432098765432,0.03472222222222222,0.040895061728395056,0.05478395061728394,0.09490740740740738,0.03472222222222222,0.06712962962962962,0.0640432098765432,0.042438271604938266,0.07175925925925924,0.03472222222222222
815,0.050438596491228053,0.05774853801169589,0.04166666666666666,0.14400584795321636,0.03874269005847952,0.06359649122807016,0.07675438596491227,0.03435672514619882,0.03874269005847952,0.05628654970760232,0.043128654970760225,0.03435672514619882,0.0665204678362573,0.03874269005847952,0.032894736842105254,0.032894736842105254,0.04459064327485379,0.037280701754385956,0.032894736842105254,0.03435672514619882
816,0.033429533429533434,0.0343915343915344,0.04304954304954306,0.06950456950456951,0.042568542568542575,0.06325156325156327,0.01851851851851852,0.047859547859547866,0.056036556036556044,0.09114959114959116,0.018999518999519002,0.028619528619528625,0.027657527657527662,0.056036556036556044,0.15031265031265034,0.05074555074555075,0.0776815776815777,0.030062530062530065,0.037277537277537284,0.022847522847522853
817,0.03378378378378379,0.0442942942942943,0.06981981981981983,0.06231231231231232,0.045795795795795805,0.05180180180180181,0.05480480480480481,0.04729729729729731,0.05180180180180181,0.05480480480480481,0.0442942942942943,0.0442942942942943,0.039789789789789795,0.039789789789789795,0.039789789789789795,0.0442942942942943,0.06231231231231232,0.04729729729729731,0.04729729729729731,0.07432432432432434
818,0.03275290215588723,0.045190713101160865,0.06592039800995025,0.08830845771144279,0.026119402985074626,0.0708955223880597,0.046849087893864015,0.039386401326699835,0.045190713101160865,0.08665008291873963,0.03855721393034826,0.043532338308457715,0.0203150912106136,0.061774461028192375,0.019485903814262025,0.07587064676616916,0.03275290215588723,0.08913764510779436,0.052653399668325045,0.018656716417910446
819,0.03543667123914037,0.01943301326017375,0.0674439871970736,0.0596707818930041,0.055098308184727926,0.037722908093278454,0.0363511659807956,0.020347508001828985,0.05647005029721078,0.12094192958390486,0.05372656607224507,0.051440329218106984,0.017146776406035662,0.09487882944673065,0.06012802926383172,0.055098308184727926,0.03086419753086419,0.06149977137631457,0.052812071330589835,0.01348879743941472
820,0.04125412541254126,0.04125412541254126,0.058855885588558865,0.09075907590759077,0.04125412541254126,0.06325632563256327,0.07205720572057207,0.04345434543454346,0.03465346534653466,0.058855885588558865,0.03135313531353136,0.03355335533553356,0.03685368536853686,0.04895489548954896,0.06655665566556657,0.06765676567656767,0.03685368536853686,0.06545654565456548,0.03465346534653466,0.03245324532453246
821,0.04183813443072702,0.04458161865569273,0.03909465020576132,0.03635116598079561,0.030864197530864196,0.09122085048010974,0.047325102880658436,0.030864197530864196,0.06652949245541838,0.06652949245541838,0.05829903978052126,0.04183813443072702,0.030864197530864196,0.043209876543209874,0.05281207133058985,0.050068587105624146,0.0541838134430727,0.0953360768175583,0.04458161865569273,0.033607681755829906
822,0.011687917425622344,0.021706132361870068,0.038706739526411654,0.11733454766241652,0.05176077717061323,0.03445658773527626,0.06268973891924712,0.033242258652094715,0.09942319368548877,0.07574377656344869,0.056314511232544016,0.03627808136004857,0.017759562841530054,0.04902853673345477,0.052367941712204005,0.06360048573163327,0.038706739526411654,0.05176077717061323,0.07695810564663023,0.010473588342440802
823,0.0180128934395146,0.037732271520667424,0.08513462267728479,0.08589306029579068,0.08778915434205536,0.03507773985589685,0.071482745544179,0.026734926052332197,0.05024649222601441,0.06124383769434964,0.015358361774744027,0.05479711793704968,0.020288206295032234,0.06351915054986727,0.05707243079256731,0.02901023890784983,0.0384907091391733,0.06996587030716724,0.07717102768297307,0.014979142965491089
824,0.03413654618473896,0.039491298527443104,0.05421686746987952,0.04350736278447122,0.04216867469879518,0.04350736278447122,0.04216867469879518,0.04216867469879518,0.1037483266398929,0.06626506024096386,0.03413654618473896,0.04484605087014726,0.030120481927710843,0.050200803212851405,0.08634538152610442,0.03145917001338688,0.03547523427041499,0.030120481927710843,0.1037483266398929,0.04216867469879518
825,0.03815261044176708,0.032797858099062924,0.07028112449799198,0.07161981258366802,0.0461847389558233,0.03815261044176708,0.042168674698795185,0.060910307898259713,0.03815261044176708,0.03949129852744311,0.032797858099062924,0.09437751004016065,0.03815261044176708,0.054216867469879526,0.03145917001338689,0.03815261044176708,0.05957161981258367,0.07563587684069613,0.06224899598393575,0.035475234270415
826,0.014155982905982906,0.019497863247863248,0.03926282051282051,0.11992521367521368,0.051014957264957264,0.059027777777777776,0.06597222222222222,0.030715811965811964,0.06383547008547008,0.04674145299145299,0.05422008547008547,0.024839743589743588,0.026442307692307692,0.051014957264957264,0.06597222222222222,0.040331196581196584,0.059027777777777776,0.08573717948717949,0.06063034188034188,0.021634615384615384
827,0.03358585858585859,0.054292929292929296,0.10025252525252525,0.10328282828282828,0.023989898989898988,0.056313131313131315,0.07904040404040404,0.0148989898989899,0.029545454545454545,0.08712121212121213,0.03106060606060606,0.038636363636363635,0.04570707070707071,0.023989898989898988,0.042676767676767674,0.038636363636363635,0.027525252525252526,0.08308080808080807,0.0547979797979798,0.03156565656565657
828,0.029761904761904764,0.029761904761904764,0.05621693121693122,0.06679894179894182,0.04166666666666667,0.048280423280423285,0.0654761904761905,0.031084656084656086,0.06283068783068785,0.05621693121693122,0.05224867724867725,0.03505291005291006,0.053571428571428575,0.06944444444444446,0.08002645502645504,0.04034391534391535,0.03240740740740741,0.06679894179894182,0.05092592592592593,0.031084656084656086
829,0.01492819349962207,0.01870748299319728,0.05763416477702192,0.07199546485260772,0.07690854119425548,0.0553665910808768,0.01492819349962207,0.05309901738473167,0.027777777777777776,0.04402872260015117,0.03269085411942555,0.025888133030990173,0.03420256991685563,0.09164777021919879,0.07199546485260772,0.05347694633408919,0.0572562358276644,0.1101662887377173,0.07123960695389267,0.016061980347694634
830,0.04929577464788733,0.03521126760563381,0.04929577464788733,0.03521126760563381,0.039906103286384983,0.03521126760563381,0.03521126760563381,0.03521126760563381,0.04147104851330204,0.07589984350547732,0.03521126760563381,0.03677621283255087,0.046165884194053215,0.03521126760563381,0.05555555555555556,0.05555555555555556,0.1291079812206573,0.06025039123630674,0.07746478873239437,0.03677621283255087
831,0.03728070175438596,0.03289473684210526,0.06944444444444445,0.05921052631578947,0.0533625730994152,0.051900584795321635,0.041666666666666664,0.03874269005847953,0.07236842105263158,0.0402046783625731,0.03874269005847953,0.046052631578947366,0.046052631578947366,0.09283625730994152,0.04751461988304093,0.056286549707602336,0.041666666666666664,0.05921052631578947,0.035818713450292396,0.03874269005847953
832,0.027472527472527472,0.06654456654456654,0.057997557997558,0.057997557997558,0.04212454212454213,0.04212454212454213,0.043345543345543344,0.028693528693528692,0.056776556776556776,0.051892551892551896,0.05311355311355311,0.05067155067155067,0.038461538461538464,0.04700854700854701,0.06654456654456654,0.040903540903540904,0.045787545787545784,0.09706959706959707,0.054334554334554336,0.031135531135531136
833,0.0390625,0.0546875,0.044270833333333336,0.049479166666666664,0.0546875,0.044270833333333336,0.051215277777777776,0.0390625,0.042534722222222224,0.05642361111111111,0.04600694444444445,0.0390625,0.0390625,0.0390625,0.07725694444444445,0.05642361111111111,0.08940972222222222,0.059895833333333336,0.0390625,0.0390625
834,0.039682539682539694,0.039682539682539694,0.039682539682539694,0.05731922398589067,0.039682539682539694,0.050264550264550276,0.06966490299823636,0.07142857142857145,0.039682539682539694,0.04673721340388008,0.039682539682539694,0.039682539682539694,0.053791887125220476,0.044973544973544985,0.039682539682539694,0.053791887125220476,0.05555555555555557,0.053791887125220476,0.08553791887125223,0.039682539682539694
835,0.03378378378378379,0.06231231231231232,0.035285285285285295,0.07282282282282283,0.03378378378378379,0.03678678678678679,0.03378378378378379,0.0487987987987988,0.03828828828828829,0.10735735735735737,0.03378378378378379,0.03678678678678679,0.0487987987987988,0.04729729729729731,0.06831831831831833,0.07432432432432434,0.03378378378378379,0.050300300300300305,0.05480480480480481,0.0487987987987988
836,0.02688172043010752,0.06869772998805256,0.06989247311827955,0.07347670250896056,0.03166069295101553,0.02807646356033452,0.06750298685782555,0.03643966547192353,0.040023894862604534,0.07586618876941456,0.04480286738351254,0.03643966547192353,0.06869772998805256,0.03763440860215053,0.04480286738351254,0.050776583034647535,0.029271206690561522,0.06630824372759855,0.07347670250896056,0.029271206690561522
837,0.03048780487804878,0.048102981029810296,0.03726287262872629,0.034552845528455285,0.034552845528455285,0.042682926829268296,0.0494579945799458,0.046747967479674794,0.07926829268292683,0.08604336043360433,0.03726287262872629,0.03590785907859079,0.046747967479674794,0.05758807588075881,0.05894308943089431,0.06029810298102981,0.06300813008130081,0.07113821138211382,0.03048780487804878,0.0494579945799458
838,0.03684210526315789,0.05789473684210526,0.06725146198830409,0.06374269005847953,0.03216374269005848,0.03216374269005848,0.04736842105263158,0.08362573099415205,0.04035087719298246,0.08128654970760234,0.03684210526315789,0.04152046783625731,0.04269005847953217,0.05087719298245614,0.049707602339181284,0.06023391812865497,0.05321637426900585,0.05087719298245614,0.04269005847953217,0.02865497076023392
839,0.022321428571428575,0.03323412698412699,0.03323412698412699,0.06101190476190477,0.05208333333333334,0.02926587301587302,0.09970238095238097,0.07192460317460318,0.07192460317460318,0.038194444444444454,0.038194444444444454,0.034226190476190486,0.035218253968253975,0.05208333333333334,0.07688492063492065,0.06696428571428573,0.06200396825396826,0.0570436507936508,0.04117063492063493,0.023313492063492067
840,0.019363011219688742,0.014657980456026055,0.04288816503800216,0.10622511762576907,0.05664133188563154,0.022620340209916753,0.07618530582699963,0.046869344914947514,0.0808903365906623,0.042526239594643495,0.02442996742671009,0.02804922186029677,0.03601158161418747,0.0696706478465436,0.05193630112196886,0.03275425262395946,0.0707564241766196,0.11310170104958375,0.05012667390517552,0.014296055012667386
841,0.07653061224489797,0.03911564625850341,0.03571428571428572,0.06972789115646259,0.031179138321995467,0.042517006802721094,0.060657596371882096,0.05952380952380953,0.03911564625850341,0.06179138321995466,0.03458049886621316,0.031179138321995467,0.0334467120181406,0.0640589569160998,0.03684807256235828,0.025510204081632657,0.0787981859410431,0.1060090702947846,0.047052154195011346,0.02664399092970522
842,0.04106280193236715,0.06521739130434782,0.050724637681159424,0.06682769726247988,0.036231884057971016,0.036231884057971016,0.05394524959742351,0.0571658615136876,0.05877616747181964,0.05233494363929147,0.050724637681159424,0.06521739130434782,0.05233494363929147,0.071658615136876,0.04106280193236715,0.03784219001610306,0.0426731078904992,0.036231884057971016,0.04589371980676329,0.03784219001610306
843,0.04396135265700483,0.025603864734299518,0.06038647342995169,0.04009661835748792,0.04782608695652174,0.03333333333333333,0.04782608695652174,0.03816425120772947,0.0323671497584541,0.059420289855072465,0.048792270531400964,0.03429951690821256,0.03333333333333333,0.078743961352657,0.03140096618357488,0.06714975845410628,0.07004830917874397,0.10386473429951691,0.07198067632850241,0.03140096618357488
844,0.023809523809523808,0.051322751322751325,0.03968253968253968,0.06296296296296296,0.05555555555555555,0.082010582010582,0.03756613756613757,0.03968253968253968,0.0291005291005291,0.04497354497354497,0.05343915343915344,0.02486772486772487,0.07248677248677249,0.031216931216931216,0.04814814814814815,0.09788359788359788,0.035449735449735446,0.09788359788359788,0.040740740740740744,0.031216931216931216
845,0.017992424242424247,0.025568181818181823,0.06912878787878789,0.05271464646464647,0.05460858585858586,0.04640151515151516,0.04008838383838385,0.04829545454545455,0.038194444444444454,0.04829545454545455,0.0331439393939394,0.02872474747474748,0.03061868686868687,0.08428030303030304,0.07417929292929294,0.04703282828282829,0.06660353535353537,0.0893308080808081,0.0893308080808081,0.01546717171717172
846,0.024565381708238854,0.0797430083144369,0.0759637188208617,0.061602418745275896,0.029100529100529102,0.05404383975812548,0.01776266061980348,0.06538170823885112,0.020030234315948605,0.05782312925170069,0.05706727135298564,0.05933484504913077,0.04724111866969011,0.0706727135298564,0.05782312925170069,0.0381708238851096,0.03892668178382465,0.09108087679516252,0.031368102796674235,0.02229780801209373
847,0.03231837606837608,0.03498931623931625,0.03498931623931625,0.07077991452991454,0.03338675213675214,0.07825854700854702,0.05422008547008548,0.04353632478632479,0.027510683760683764,0.07612179487179488,0.03285256410256411,0.03872863247863249,0.03979700854700855,0.06597222222222224,0.09802350427350429,0.05795940170940172,0.034455128205128215,0.07558760683760685,0.030715811965811968,0.03979700854700855
848,0.017930629041740153,0.02498530276308054,0.03262786596119929,0.0837742504409171,0.030864197530864196,0.05790711346266902,0.0702527924750147,0.03909465020576132,0.020282186948853614,0.06731334509112287,0.026161081716637273,0.025573192239858905,0.029688418577307467,0.08318636096413874,0.04144620811287478,0.0873015873015873,0.05673133450911229,0.05790711346266902,0.11316872427983539,0.03380364491475603
849,0.02886710239651416,0.04302832244008715,0.046296296296296294,0.04847494553376906,0.02559912854030501,0.09095860566448802,0.05392156862745098,0.06372549019607843,0.06699346405228758,0.06263616557734204,0.05392156862745098,0.026688453159041396,0.03540305010893246,0.04411764705882353,0.061546840958605666,0.03649237472766884,0.041938997821350764,0.08006535947712418,0.06263616557734204,0.026688453159041396
850,0.03652547575199509,0.05248618784530387,0.03775322283609577,0.06783302639656232,0.05248618784530387,0.041436464088397795,0.019950890116635978,0.04757519950890118,0.038980969920196444,0.049416820135052185,0.03529772866789442,0.043891958256599146,0.041436464088397795,0.0788827501534684,0.05432780847145489,0.0610804174340086,0.07765500306936772,0.069060773480663,0.059852670349907926,0.03406998158379375
851,0.03761574074074074,0.046875,0.028356481481481483,0.08506944444444445,0.045717592592592594,0.05613425925925926,0.07581018518518519,0.03877314814814815,0.03877314814814815,0.06886574074074074,0.05150462962962963,0.030671296296296297,0.05844907407407408,0.041087962962962965,0.0630787037037037,0.04456018518518518,0.04224537037037037,0.07581018518518519,0.04224537037037037,0.028356481481481483
852,0.03676470588235294,0.051470588235294115,0.04493464052287582,0.08415032679738563,0.03676470588235294,0.05473856209150327,0.0661764705882353,0.04493464052287582,0.059640522875817,0.049836601307189546,0.03839869281045752,0.051470588235294115,0.056372549019607844,0.03676470588235294,0.056372549019607844,0.041666666666666664,0.041666666666666664,0.05310457516339869,0.056372549019607844,0.03839869281045752
853,0.03198653198653198,0.0499438832772166,0.11054994388327719,0.060044893378226695,0.0499438832772166,0.054433221099887755,0.03086419753086419,0.04096520763187429,0.04769921436588102,0.04096520763187429,0.034231200897867554,0.036475869809203136,0.03086419753086419,0.06341189674523007,0.05218855218855217,0.0398428731762065,0.04433221099887766,0.07239057239057238,0.0802469135802469,0.028619528619528614
854,0.04074074074074074,0.03925925925925925,0.07037037037037036,0.07925925925925925,0.04666666666666666,0.033333333333333326,0.05259259259259258,0.04666666666666666,0.03777777777777777,0.04222222222222222,0.03629629629629629,0.06888888888888887,0.05259259259259258,0.059999999999999984,0.0911111111111111,0.04666666666666666,0.033333333333333326,0.048148148148148134,0.04074074074074074,0.033333333333333326
855,0.032894736842105254,0.04751461988304092,0.054824561403508755,0.08114035087719297,0.04605263157894736,0.07236842105263157,0.04166666666666666,0.03874269005847952,0.04751461988304092,0.09868421052631576,0.037280701754385956,0.032894736842105254,0.032894736842105254,0.03874269005847952,0.032894736842105254,0.06798245614035087,0.04751461988304092,0.059210526315789457,0.05628654970760232,0.032894736842105254
856,0.04929577464788733,0.043035993740219096,0.039906103286384983,0.038341158059467924,0.047730829420970275,0.044600938967136156,0.03521126760563381,0.046165884194053215,0.06181533646322379,0.05712050078247262,0.08528951486697967,0.046165884194053215,0.043035993740219096,0.03521126760563381,0.0696400625978091,0.07433489827856027,0.04147104851330204,0.046165884194053215,0.05712050078247262,0.038341158059467924
857,0.05216802168021681,0.0481029810298103,0.049457994579945805,0.05894308943089432,0.0467479674796748,0.03455284552845529,0.0413279132791328,0.10094850948509486,0.03455284552845529,0.056233062330623314,0.05487804878048781,0.0481029810298103,0.0453929539295393,0.06300813008130082,0.0413279132791328,0.03455284552845529,0.049457994579945805,0.049457994579945805,0.05894308943089432,0.03184281842818429
858,0.032051282051282055,0.034900284900284906,0.04487179487179488,0.0462962962962963,0.08190883190883193,0.06623931623931625,0.07905982905982907,0.07051282051282053,0.04487179487179488,0.037749287749287756,0.0462962962962963,0.032051282051282055,0.06623931623931625,0.06481481481481483,0.04487179487179488,0.032051282051282055,0.033475783475783484,0.06766381766381768,0.04202279202279203,0.032051282051282055
859,0.03424657534246575,0.03881278538812785,0.03729071537290715,0.03729071537290715,0.04794520547945205,0.03729071537290715,0.04946727549467275,0.04033485540334855,0.04794520547945205,0.07990867579908675,0.06316590563165905,0.04642313546423135,0.05251141552511415,0.07686453576864535,0.05707762557077625,0.06164383561643835,0.04794520547945205,0.03424657534246575,0.05859969558599695,0.05098934550989345
860,0.029761904761904767,0.042989417989417994,0.05357142857142858,0.04034391534391535,0.033730158730158735,0.04695767195767197,0.060185185185185196,0.06415343915343917,0.0376984126984127,0.0720899470899471,0.04563492063492064,0.03505291005291006,0.04034391534391535,0.07605820105820107,0.05224867724867726,0.04828042328042329,0.06812169312169314,0.07870370370370372,0.03505291005291006,0.039021164021164026
861,0.057988645579886464,0.03933495539334956,0.06285482562854827,0.06690997566909977,0.03365774533657746,0.04987834549878346,0.058799675587996765,0.07015409570154098,0.04176804541768046,0.07988645579886457,0.027169505271695055,0.019870235198702357,0.023925385239253857,0.028791565287915655,0.06447688564476887,0.03771289537712896,0.08880778588807788,0.07502027575020277,0.03771289537712896,0.03527980535279806
862,0.05029585798816567,0.037146614069690984,0.01939513477975016,0.04832347140039446,0.04635108481262327,0.07330703484549637,0.06278763971071662,0.09566074950690333,0.03911900065746219,0.0489809335963182,0.02859960552268244,0.022682445759368834,0.04437869822485206,0.06673241288625903,0.04832347140039446,0.037804076265614724,0.06081525312294542,0.08579881656804732,0.04240631163708086,0.04109138724523339
863,0.01687435098650052,0.04750778816199377,0.07554517133956386,0.0828141225337487,0.05893042575285566,0.057892004153686394,0.07398753894080996,0.05529595015576324,0.05529595015576324,0.03920041536863967,0.04023883696780893,0.02829698857736241,0.04023883696780893,0.05425752855659398,0.045950155763239874,0.03556593977154725,0.03920041536863967,0.09008307372793355,0.026739356178608516,0.03608515057113188
864,0.03633633633633634,0.027927927927927927,0.048948948948948946,0.06336336336336336,0.04714714714714715,0.04474474474474475,0.08318318318318318,0.03213213213213213,0.06576576576576576,0.07777777777777778,0.027327327327327327,0.027327327327327327,0.024924924924924926,0.056156156156156156,0.07297297297297298,0.08018018018018018,0.046546546546546545,0.06696696696696697,0.048948948948948946,0.02132132132132132
865,0.0423728813559322,0.04990583804143126,0.0423728813559322,0.04990583804143126,0.0423728813559322,0.044256120527306965,0.044256120527306965,0.044256120527306965,0.044256120527306965,0.06120527306967985,0.0423728813559322,0.059322033898305086,0.0423728813559322,0.0423728813559322,0.07627118644067797,0.051789077212806026,0.046139359698681735,0.07627118644067797,0.05555555555555555,0.0423728813559322
866,0.0279057859703021,0.030465949820788533,0.04326676907322069,0.09805427547363033,0.04275473630312341,0.06067588325652842,0.09703020993343575,0.028929851510496676,0.05555555555555556,0.09600614439324118,0.033538146441372256,0.018177163338453664,0.03661034306195597,0.06118791602662571,0.056067588325652847,0.040194572452636974,0.027393753200204818,0.0468509984639017,0.07962109575012802,0.019713261648745522
867,0.02728468113083498,0.04898093359631822,0.06344510190664038,0.0772518080210388,0.023997370151216307,0.09697567389875084,0.023339907955292574,0.04766600920447075,0.024654832347140044,0.057527942143326766,0.062130177514792904,0.02991452991452992,0.052268244575936894,0.04832347140039448,0.07133464825772519,0.06541748849441159,0.02728468113083498,0.09303090072320842,0.031886916502301126,0.02728468113083498
868,0.024658348187759953,0.017528223410576353,0.08882947118241236,0.07159833630421866,0.04188948306595366,0.08942364824717766,0.08348187759952466,0.01574569221628045,0.043077837195484255,0.05020796197266786,0.04723707664884135,0.03238265002970885,0.031788472964943554,0.06506238859180036,0.03891859774212715,0.034759358288770054,0.057338086749851455,0.051990493166963754,0.09001782531194295,0.02406417112299465
869,0.015359477124183007,0.02058823529411765,0.039542483660130724,0.11535947712418303,0.059150326797385626,0.035620915032679744,0.03823529411764707,0.0519607843137255,0.07745098039215688,0.07745098039215688,0.06307189542483661,0.02189542483660131,0.02647058823529412,0.04607843137254903,0.06241830065359478,0.039542483660130724,0.04673202614379086,0.07875816993464053,0.06503267973856211,0.01928104575163399
870,0.02216880341880342,0.036057692307692304,0.054754273504273504,0.08253205128205128,0.039797008547008544,0.09428418803418803,0.039797008547008544,0.047809829059829057,0.047275641025641024,0.051549145299145296,0.036057692307692304,0.03872863247863248,0.023237179487179488,0.06383547008547008,0.036057692307692304,0.0750534188034188,0.06810897435897435,0.07398504273504274,0.0499465811965812,0.018963675213675212
871,0.022762345679012343,0.07291666666666666,0.03819444444444444,0.08294753086419751,0.03356481481481481,0.05362654320987653,0.09066358024691357,0.04050925925925925,0.04668209876543209,0.0489969135802469,0.0489969135802469,0.019675925925925923,0.04745370370370369,0.05671296296296295,0.06983024691358024,0.03587962962962962,0.05516975308641974,0.05671296296296295,0.05054012345679011,0.028163580246913573
872,0.049305555555555554,0.04236111111111111,0.03263888888888889,0.11041666666666666,0.035416666666666666,0.07569444444444444,0.035416666666666666,0.050694444444444445,0.03819444444444445,0.03680555555555556,0.05763888888888889,0.05763888888888889,0.03680555555555556,0.052083333333333336,0.03958333333333333,0.050694444444444445,0.059027777777777776,0.04097222222222222,0.050694444444444445,0.04791666666666667
873,0.034003831417624523,0.026340996168582376,0.06369731800766283,0.0617816091954023,0.02346743295019157,0.0828544061302682,0.05316091954022988,0.04454022988505747,0.032088122605363985,0.05795019157088123,0.06752873563218391,0.031130268199233715,0.05986590038314176,0.04837164750957854,0.032088122605363985,0.05890804597701149,0.05411877394636015,0.07710727969348659,0.02921455938697318,0.0617816091954023
874,0.023069679849340864,0.03625235404896421,0.056026365348399235,0.04001883239171374,0.03342749529190207,0.05508474576271185,0.03342749529190207,0.06355932203389829,0.05696798493408661,0.06450094161958567,0.04096045197740112,0.04096045197740112,0.07768361581920903,0.04001883239171374,0.0315442561205273,0.04284369114877589,0.04661016949152542,0.13700564971751408,0.05131826741996232,0.028719397363465154
875,0.030864197530864196,0.06378600823045268,0.06652949245541838,0.045953360768175584,0.030864197530864196,0.030864197530864196,0.03635116598079561,0.04869684499314129,0.03909465020576132,0.10905349794238683,0.030864197530864196,0.030864197530864196,0.05555555555555555,0.06378600823045268,0.043209876543209874,0.06378600823045268,0.08024691358024691,0.03223593964334705,0.05555555555555555,0.04183813443072702
876,0.016067538126361653,0.018246187363834418,0.047657952069716764,0.04057734204793027,0.034041394335511975,0.06127450980392155,0.06454248366013071,0.05092592592592591,0.04166666666666666,0.10103485838779953,0.07543572984749454,0.02913943355119825,0.024782135076252716,0.08197167755991284,0.07380174291938997,0.048202614379084956,0.02532679738562091,0.08687363834422657,0.05691721132897602,0.02151416122004357
877,0.037842190016103054,0.03623188405797101,0.05072463768115941,0.041062801932367145,0.05555555555555554,0.06199677938808372,0.07648953301127213,0.052334943639291455,0.03623188405797101,0.052334943639291455,0.057165861513687584,0.04589371980676328,0.03623188405797101,0.05877616747181963,0.03623188405797101,0.041062801932367145,0.04589371980676328,0.08454106280193235,0.04750402576489532,0.04589371980676328
878,0.03918128654970761,0.034502923976608195,0.05906432748538013,0.042690058479532174,0.029824561403508778,0.06023391812865499,0.02748538011695907,0.04853801169590645,0.03567251461988305,0.047368421052631594,0.04619883040935673,0.040350877192982464,0.034502923976608195,0.09298245614035089,0.034502923976608195,0.04853801169590645,0.06608187134502926,0.09649122807017546,0.07309941520467837,0.042690058479532174
879,0.031906906906906916,0.03040540540540541,0.0626876876876877,0.1347597597597598,0.05442942942942944,0.043168168168168174,0.04617117117117118,0.034909909909909914,0.05217717717717718,0.04391891891891893,0.027402402402402406,0.03340840840840842,0.017642642642642647,0.07995495495495497,0.05668168168168169,0.02064564564564565,0.04542042042042043,0.09421921921921923,0.05142642642642643,0.038663663663663674
880,0.024176954732510293,0.03240740740740741,0.07355967078189302,0.05504115226337449,0.05709876543209877,0.05092592592592593,0.05401234567901235,0.056069958847736634,0.040637860082304536,0.13117283950617287,0.04783950617283951,0.046810699588477375,0.02314814814814815,0.03549382716049383,0.04166666666666667,0.0344650205761317,0.07767489711934157,0.06841563786008231,0.02623456790123457,0.02314814814814815
881,0.023577235772357732,0.026287262872628735,0.0734417344173442,0.10162601626016263,0.026829268292682937,0.03766937669376695,0.0663956639566396,0.05989159891598918,0.05880758807588078,0.05989159891598918,0.05392953929539297,0.03821138211382115,0.028455284552845538,0.04688346883468836,0.06368563685636859,0.048509485094850965,0.042005420054200555,0.08590785907859082,0.04471544715447156,0.013279132791327919
882,0.033533533533533534,0.04254254254254254,0.06856856856856856,0.05755755755755756,0.04054054054054054,0.11561561561561562,0.028528528528528527,0.027527527527527528,0.04354354354354354,0.03753753753753754,0.03153153153153153,0.06356356356356356,0.03753753753753754,0.05455455455455455,0.047547547547547545,0.033533533533533534,0.024524524524524523,0.12962962962962962,0.04954954954954955,0.032532532532532535
883,0.05092592592592593,0.031084656084656086,0.039021164021164026,0.06415343915343917,0.029761904761904764,0.07605820105820107,0.06679894179894182,0.031084656084656086,0.039021164021164026,0.1408730158730159,0.03505291005291006,0.04563492063492064,0.039021164021164026,0.058862433862433866,0.03240740740740741,0.053571428571428575,0.031084656084656086,0.05621693121693122,0.048280423280423285,0.031084656084656086
884,0.021402550091074685,0.02868852459016394,0.06967213114754099,0.05327868852459017,0.062386156648451735,0.06602914389799637,0.09335154826958107,0.029599271402550094,0.05145719489981786,0.05327868852459017,0.037795992714025506,0.03688524590163935,0.029599271402550094,0.06147540983606558,0.1097449908925319,0.04052823315118398,0.030510018214936253,0.03688524590163935,0.06602914389799637,0.021402550091074685
885,0.02855659397715473,0.06074766355140188,0.0742471443406023,0.06905503634475599,0.037902388369678096,0.06801661474558672,0.029595015576323994,0.06697819314641745,0.04309449636552441,0.08774662512980272,0.03582554517133957,0.02855659397715473,0.05036344755970926,0.042056074766355145,0.039979231568016624,0.05970924195223262,0.02751817237798547,0.07217030114226378,0.04828660436137073,0.029595015576323994
886,0.04513888888888889,0.04236111111111111,0.06041666666666667,0.08263888888888889,0.04236111111111111,0.05763888888888889,0.05347222222222222,0.03263888888888889,0.03125,0.10208333333333333,0.03125,0.03125,0.034027777777777775,0.05763888888888889,0.03680555555555556,0.05486111111111111,0.06736111111111111,0.050694444444444445,0.03819444444444445,0.04791666666666667
887,0.024334251606978878,0.0472910927456382,0.03443526170798898,0.07483930211202938,0.048209366391184574,0.03810835629017447,0.05647382920110193,0.03810835629017447,0.03168044077134986,0.046372819100091826,0.03627180899908173,0.03994490358126722,0.04178145087235996,0.05463728191000918,0.07667584940312214,0.05371900826446281,0.06841138659320478,0.11707988980716254,0.03994490358126722,0.03168044077134986
888,0.024904214559386975,0.04789272030651342,0.06168582375478928,0.09616858237547894,0.026436781609195405,0.07547892720306515,0.04022988505747127,0.08467432950191572,0.049425287356321845,0.04099616858237549,0.0578544061302682,0.020306513409961688,0.05095785440613027,0.06475095785440614,0.04865900383141763,0.045593869731800775,0.05095785440613027,0.05095785440613027,0.04406130268199234,0.018007662835249044
889,0.028356481481481483,0.03761574074074074,0.050347222222222224,0.03993055555555555,0.05381944444444445,0.06655092592592593,0.052662037037037035,0.043402777777777776,0.05381944444444445,0.05613425925925926,0.028356481481481483,0.026041666666666668,0.03530092592592592,0.036458333333333336,0.06655092592592593,0.05613425925925926,0.078125,0.07233796296296297,0.046875,0.07118055555555555
890,0.0289598108747045,0.03486997635933807,0.08924349881796692,0.0880614657210402,0.049054373522458644,0.0455082742316785,0.06087470449172578,0.05141843971631207,0.049054373522458644,0.056146572104018924,0.03132387706855792,0.03250591016548464,0.03841607565011821,0.056146572104018924,0.02659574468085107,0.05969267139479907,0.036052009456264786,0.10106382978723406,0.03486997635933807,0.03014184397163121
891,0.04814814814814815,0.06296296296296296,0.02486772486772487,0.06084656084656084,0.049206349206349205,0.07989417989417989,0.04285714285714286,0.040740740740740744,0.028042328042328042,0.051322751322751325,0.02486772486772487,0.028042328042328042,0.06190476190476191,0.08624338624338625,0.05555555555555555,0.046031746031746035,0.05873015873015873,0.07037037037037037,0.05343915343915344,0.025925925925925925
892,0.0351213282247765,0.04789272030651341,0.028735632183908046,0.0491698595146871,0.06321839080459771,0.0491698595146871,0.07215836526181353,0.04789272030651341,0.028735632183908046,0.05683269476372925,0.04661558109833972,0.037675606641123884,0.040229885057471264,0.04661558109833972,0.032567049808429116,0.04533844189016603,0.04661558109833972,0.05427841634738186,0.09897828863346105,0.07215836526181353
893,0.037777777777777785,0.049629629629629635,0.03333333333333334,0.058518518518518525,0.048148148148148155,0.04370370370370371,0.08222222222222224,0.049629629629629635,0.04370370370370371,0.07777777777777779,0.04074074074074075,0.03333333333333334,0.03333333333333334,0.037777777777777785,0.03333333333333334,0.0688888888888889,0.04518518518518519,0.08814814814814816,0.058518518518518525,0.036296296296296306
894,0.021551724137931036,0.05507662835249042,0.07327586206896551,0.08668582375478927,0.032088122605363985,0.034961685823754786,0.04454022988505747,0.034003831417624523,0.04454022988505747,0.03975095785440613,0.05507662835249042,0.032088122605363985,0.05028735632183908,0.032088122605363985,0.036877394636015325,0.04932950191570881,0.08477011494252873,0.08093869731800767,0.06752873563218391,0.04454022988505747
895,0.03571428571428572,0.03571428571428572,0.04841269841269842,0.05634920634920636,0.03571428571428572,0.05000000000000001,0.05000000000000001,0.05476190476190477,0.03571428571428572,0.10873015873015875,0.05476190476190477,0.038888888888888896,0.03730158730158731,0.05158730158730159,0.040476190476190485,0.05158730158730159,0.042063492063492074,0.07857142857142858,0.05158730158730159,0.042063492063492074
896,0.022005772005772,0.019841269841269837,0.06818181818181816,0.06529581529581528,0.04725829725829724,0.06890331890331888,0.040043290043290033,0.04076479076479076,0.04437229437229437,0.05086580086580085,0.04509379509379509,0.029220779220779213,0.057359307359307346,0.058802308802308786,0.07828282828282827,0.058802308802308786,0.06746031746031744,0.06673881673881672,0.029942279942279937,0.04076479076479076
897,0.04185692541856926,0.03424657534246576,0.052511415525114166,0.07077625570776257,0.04490106544901066,0.047945205479452066,0.06012176560121767,0.047945205479452066,0.06012176560121767,0.055555555555555566,0.050989345509893466,0.03576864535768646,0.03576864535768646,0.047945205479452066,0.06468797564687977,0.052511415525114166,0.06012176560121767,0.047945205479452066,0.054033485540334866,0.03424657534246576
898,0.03740740740740742,0.030000000000000002,0.05148148148148149,0.06333333333333335,0.04333333333333334,0.06703703703703705,0.03740740740740742,0.07444444444444445,0.024814814814814817,0.06185185185185186,0.06851851851851853,0.031481481481481485,0.03592592592592593,0.029259259259259263,0.07666666666666667,0.07000000000000002,0.057407407407407414,0.06333333333333335,0.05370370370370371,0.022592592592592595
899,0.037728026533996685,0.02943615257048093,0.046019900497512436,0.12230514096185738,0.026119402985074626,0.08416252072968491,0.06923714759535655,0.027777777777777776,0.036069651741293535,0.061774461028192375,0.045190713101160865,0.036898839137645106,0.028606965174129355,0.051824212271973466,0.046019900497512436,0.042703150912106136,0.06343283582089553,0.09328358208955224,0.02943615257048093,0.02197346600331675
900,0.034640522875817,0.05686274509803923,0.04509803921568628,0.08300653594771243,0.0411764705882353,0.03071895424836602,0.03202614379084968,0.08692810457516341,0.051633986928104586,0.0411764705882353,0.06339869281045753,0.03856209150326798,0.047712418300653606,0.02941176470588236,0.03333333333333334,0.03986928104575164,0.03333333333333334,0.07647058823529414,0.10000000000000003,0.034640522875817
901,0.03246753246753247,0.04834054834054835,0.05699855699855701,0.05555555555555556,0.042568542568542575,0.07864357864357865,0.06709956709956712,0.03391053391053392,0.03391053391053392,0.06854256854256856,0.05266955266955268,0.0901875901875902,0.03968253968253969,0.04978354978354979,0.04978354978354979,0.03391053391053392,0.0468975468975469,0.036796536796536806,0.04834054834054835,0.03391053391053392
902,0.023698523698523703,0.03535353535353536,0.03846153846153847,0.10295260295260297,0.032245532245532255,0.06876456876456878,0.060994560994561,0.03846153846153847,0.04234654234654235,0.04933954933954934,0.04933954933954934,0.04001554001554002,0.05944055944055945,0.06565656565656568,0.036130536130536135,0.03457653457653458,0.05633255633255634,0.067987567987568,0.07264957264957267,0.025252525252525256
903,0.016666666666666666,0.023544973544973546,0.09867724867724868,0.0791005291005291,0.058994708994708996,0.07116402116402117,0.03518518518518519,0.05952380952380952,0.029365079365079365,0.11613756613756614,0.03571428571428571,0.02671957671957672,0.02671957671957672,0.05423280423280423,0.05740740740740741,0.05793650793650794,0.05264550264550265,0.05052910052910053,0.02513227513227513,0.024603174603174603
904,0.02258064516129032,0.04121863799283154,0.03046594982078853,0.06272401433691756,0.023297491039426525,0.05985663082437276,0.06057347670250896,0.04767025089605735,0.06989247311827956,0.05053763440860215,0.043369175627240145,0.03189964157706093,0.05268817204301075,0.08279569892473118,0.08781362007168458,0.03906810035842294,0.07132616487455197,0.038351254480286735,0.06415770609318996,0.01971326164874552
905,0.022561863173216887,0.024017467248908297,0.05604075691411936,0.09000485201358564,0.016739446870451237,0.06331877729257641,0.06428918000970403,0.04488112566715187,0.03905870936438622,0.0725376031052887,0.0487627365356623,0.04196991751576904,0.04051431344007763,0.07108199902959729,0.0492479378942261,0.03954391072295002,0.0735080058224163,0.07836001940805434,0.03178068898592916,0.03178068898592916
906,0.017444981213097156,0.017981749865807837,0.05233494363929147,0.0512614063338701,0.05018786902844874,0.029253891572732154,0.07648953301127215,0.05340848094471283,0.049651100375738055,0.061996779388083734,0.02227589908749329,0.03354804079441761,0.029253891572732154,0.08883521202361783,0.1280193236714976,0.0571658615136876,0.08507783145464305,0.04428341384863124,0.039452495974235106,0.012077294685990338
907,0.02930883639545057,0.025809273840769902,0.021434820647419073,0.09667541557305337,0.02930883639545057,0.01968503937007874,0.049431321084864394,0.05730533683289589,0.0389326334208224,0.08267716535433071,0.05555555555555555,0.0310586176727909,0.03280839895013123,0.08442694663167104,0.07567804024496938,0.08005249343832022,0.0284339457567804,0.10192475940507437,0.02930883639545057,0.030183727034120734
908,0.036776212832550864,0.05555555555555555,0.05086071987480438,0.09467918622848201,0.035211267605633804,0.06338028169014084,0.035211267605633804,0.04929577464788732,0.03990610328638498,0.05242566510172144,0.04773082942097027,0.03990610328638498,0.05086071987480438,0.05712050078247261,0.041471048513302036,0.0539906103286385,0.06651017214397496,0.0539906103286385,0.03990610328638498,0.035211267605633804
909,0.04540598290598291,0.025106837606837615,0.035790598290598295,0.13621794871794873,0.055021367521367534,0.048611111111111126,0.09134615384615385,0.06250000000000001,0.03151709401709402,0.04540598290598291,0.04647435897435898,0.029380341880341887,0.03472222222222223,0.059294871794871806,0.029380341880341887,0.056089743589743606,0.0389957264957265,0.059294871794871806,0.043269230769230775,0.026175213675213683
910,0.022549019607843133,0.02450980392156862,0.0722222222222222,0.07352941176470587,0.02973856209150326,0.09771241830065357,0.038235294117647055,0.034313725490196074,0.05588235294117646,0.05784313725490195,0.06307189542483659,0.017320261437908494,0.0480392156862745,0.07745098039215685,0.049346405228758154,0.03300653594771241,0.05653594771241829,0.080718954248366,0.038235294117647055,0.02973856209150326
911,0.03634085213032582,0.026315789473684213,0.08145363408521304,0.040517961570593154,0.04803675856307436,0.08312447786131998,0.03968253968253969,0.02715121136173768,0.034670008354218886,0.06307435254803677,0.027986633249791146,0.08980785296574771,0.032163742690058485,0.05304928989139516,0.028822055137844613,0.0747702589807853,0.045530492898913956,0.10735171261487052,0.040517961570593154,0.019632414369256477
912,0.014646464646464644,0.029461279461279456,0.029797979797979792,0.08973063973063972,0.037542087542087536,0.06919191919191918,0.06616161616161614,0.015319865319865317,0.054377104377104364,0.07188552188552187,0.04191919191919191,0.026094276094276087,0.051010101010101,0.11195286195286193,0.0409090909090909,0.045622895622895614,0.059090909090909076,0.05639730639730638,0.07558922558922558,0.013299663299663296
913,0.023809523809523808,0.0291005291005291,0.031216931216931216,0.07566137566137567,0.028042328042328042,0.05873015873015873,0.056613756613756616,0.03756613756613757,0.09576719576719576,0.06613756613756613,0.049206349206349205,0.03439153439153439,0.04285714285714286,0.0291005291005291,0.03439153439153439,0.043915343915343914,0.04708994708994709,0.15079365079365079,0.038624338624338624,0.026984126984126985
914,0.028032619775739034,0.030071355759429146,0.030071355759429146,0.06065239551478082,0.03211009174311926,0.07390417940876655,0.03312945973496432,0.04230377166156982,0.03516819571865443,0.11467889908256879,0.03516819571865443,0.057594291539245654,0.02701325178389398,0.05861365953109071,0.05861365953109071,0.08409785932721711,0.025993883792048922,0.03924566768603465,0.049439347604485206,0.08409785932721711
915,0.04046639231824417,0.030864197530864196,0.04869684499314129,0.05555555555555555,0.030864197530864196,0.03772290809327846,0.05829903978052126,0.07338820301783265,0.062414266117969824,0.03223593964334705,0.050068587105624146,0.030864197530864196,0.050068587105624146,0.0541838134430727,0.04046639231824417,0.06652949245541838,0.08299039780521263,0.045953360768175584,0.07338820301783265,0.03497942386831276
916,0.030830280830280832,0.035103785103785104,0.04365079365079365,0.1382783882783883,0.0405982905982906,0.03021978021978022,0.060744810744810744,0.04731379731379731,0.09371184371184371,0.06684981684981685,0.039377289377289376,0.04365079365079365,0.03388278388278388,0.05708180708180708,0.0521978021978022,0.026556776556776556,0.027167277167277168,0.05647130647130647,0.05525030525030525,0.021062271062271064
917,0.03685368536853685,0.037953795379537955,0.03135313531353135,0.09515951595159516,0.040154015401540157,0.041254125412541254,0.05665566556655666,0.037953795379537955,0.046754675467546754,0.08965896589658966,0.034653465346534656,0.030253025302530254,0.035753575357535754,0.05555555555555555,0.041254125412541254,0.05885588558855886,0.05115511551155116,0.09295929592959296,0.05115511551155116,0.034653465346534656
918,0.03333333333333334,0.048148148148148155,0.058518518518518525,0.06296296296296297,0.03333333333333334,0.04518518518518519,0.037777777777777785,0.03333333333333334,0.05407407407407408,0.09851851851851853,0.06296296296296297,0.036296296296296306,0.037777777777777785,0.05555555555555556,0.046666666666666676,0.039259259259259265,0.036296296296296306,0.06444444444444446,0.07481481481481483,0.04074074074074075
919,0.03181818181818182,0.03282828282828284,0.053030303030303046,0.07222222222222223,0.042929292929292935,0.059090909090909104,0.02272727272727273,0.054040404040404055,0.040909090909090916,0.06212121212121213,0.04898989898989901,0.06414141414141415,0.052020202020202036,0.056060606060606075,0.08636363636363638,0.06818181818181819,0.041919191919191925,0.045959595959595964,0.038888888888888896,0.025757575757575764
920,0.025510204081632654,0.05272108843537415,0.03571428571428571,0.09807256235827665,0.0844671201814059,0.04365079365079365,0.03798185941043084,0.030045351473922902,0.03571428571428571,0.07312925170068027,0.04931972789115646,0.04478458049886622,0.0481859410430839,0.03458049886621315,0.07539682539682539,0.07766439909297052,0.03798185941043084,0.036848072562358274,0.040249433106575964,0.03798185941043084
921,0.02238020010531859,0.020273828330700367,0.05186940494997367,0.09662980516061084,0.04186413902053712,0.07451290152711953,0.05081621906266456,0.033438651922064244,0.05292259083728278,0.03765139547130068,0.0397577672459189,0.015534491837809373,0.03817798841495524,0.10400210637177462,0.05239599789362823,0.05028962611901001,0.047130068457082674,0.10874144286466561,0.04660347551342812,0.015007898894154818
922,0.02358490566037736,0.034067085953878404,0.05293501048218029,0.053983228511530396,0.06132075471698113,0.028825995807127882,0.053983228511530396,0.05922431865828092,0.04874213836477988,0.15146750524109015,0.05083857442348008,0.04140461215932914,0.026729559748427674,0.08752620545073375,0.04350104821802935,0.02358490566037736,0.025681341719077568,0.046645702306079666,0.05607966457023061,0.029874213836477988
923,0.025,0.035,0.03944444444444444,0.03277777777777778,0.04388888888888889,0.049444444444444444,0.041666666666666664,0.042777777777777776,0.07944444444444444,0.07944444444444444,0.028333333333333332,0.035,0.03833333333333333,0.049444444444444444,0.059444444444444446,0.07166666666666667,0.035,0.14722222222222223,0.025,0.041666666666666664
924,0.031818181818181815,0.047979797979797977,0.047979797979797977,0.15707070707070708,0.03585858585858586,0.06313131313131314,0.031818181818181815,0.03888888888888889,0.03888888888888889,0.03585858585858586,0.03282828282828283,0.025757575757575757,0.04191919191919192,0.05606060606060606,0.04898989898989899,0.07525252525252525,0.0601010101010101,0.07121212121212121,0.031818181818181815,0.026767676767676767
925,0.03726287262872629,0.0508130081300813,0.0494579945799458,0.05758807588075881,0.034552845528455285,0.042682926829268296,0.08062330623306233,0.061653116531165314,0.0508130081300813,0.05758807588075881,0.03319783197831978,0.04539295392953929,0.03997289972899729,0.05758807588075881,0.06029810298102981,0.0494579945799458,0.054878048780487805,0.0494579945799458,0.054878048780487805,0.03184281842818428
926,0.025555555555555557,0.027777777777777776,0.04555555555555556,0.12555555555555556,0.07296296296296297,0.027037037037037037,0.052222222222222225,0.05,0.03222222222222222,0.032962962962962965,0.08259259259259259,0.024814814814814814,0.027037037037037037,0.052222222222222225,0.048518518518518516,0.06703703703703703,0.06333333333333334,0.08777777777777777,0.038148148148148146,0.016666666666666666
927,0.035903250188964474,0.048752834467120185,0.041194255479969764,0.02834467120181406,0.0472411186696901,0.023809523809523808,0.03968253968253968,0.060090702947845805,0.09712773998488285,0.0472411186696901,0.04421768707482993,0.02758881330309902,0.02758881330309902,0.09334845049130763,0.08654572940287227,0.017006802721088437,0.07067271352985639,0.08049886621315193,0.06084656084656084,0.022297808012093728
928,0.046296296296296294,0.06604938271604938,0.05740740740740741,0.046296296296296294,0.04506172839506173,0.04876543209876543,0.027777777777777776,0.037654320987654324,0.04876543209876543,0.04876543209876543,0.03148148148148148,0.053703703703703705,0.043827160493827164,0.05123456790123457,0.07839506172839507,0.046296296296296294,0.05493827160493827,0.09197530864197531,0.047530864197530866,0.027777777777777776
929,0.025,0.02722222222222222,0.050555555555555555,0.042777777777777776,0.05722222222222222,0.08277777777777778,0.035,0.03722222222222222,0.025,0.06833333333333333,0.06055555555555556,0.041666666666666664,0.075,0.050555555555555555,0.028333333333333332,0.05388888888888889,0.04055555555555555,0.1272222222222222,0.041666666666666664,0.029444444444444443
930,0.038077403245942575,0.035580524344569285,0.07553058676654183,0.11922596754057428,0.060549313358302125,0.03058676654182272,0.05056179775280899,0.028089887640449437,0.03682896379525593,0.02933832709113608,0.05805243445692884,0.02933832709113608,0.033083645443196,0.07553058676654183,0.031835205992509365,0.05181023720349563,0.06179775280898876,0.05305867665418227,0.048064918851435705,0.05305867665418227
931,0.03968253968253969,0.041446208112874784,0.04850088183421517,0.04320987654320988,0.05908289241622575,0.03968253968253969,0.04497354497354498,0.046737213403880075,0.04497354497354498,0.05555555555555556,0.046737213403880075,0.03968253968253969,0.05908289241622575,0.057319223985890656,0.052028218694885366,0.04320987654320988,0.07142857142857144,0.057319223985890656,0.06613756613756615,0.04320987654320988
932,0.02617079889807162,0.02708907254361799,0.03719008264462809,0.12075298438934799,0.04545454545454545,0.04269972451790633,0.0904499540863177,0.035353535353535345,0.04178145087235995,0.0500459136822773,0.04178145087235995,0.03994490358126721,0.02249770431588613,0.07943067033976124,0.03627180899908172,0.028925619834710738,0.06657483930211201,0.06473829201101927,0.059228650137741035,0.0436179981634527
933,0.040322580645161296,0.040322580645161296,0.06003584229390682,0.06362007168458783,0.040322580645161296,0.07437275985663083,0.0421146953405018,0.040322580645161296,0.07437275985663083,0.0421146953405018,0.040322580645161296,0.0421146953405018,0.040322580645161296,0.05107526881720432,0.05645161290322582,0.061827956989247326,0.06003584229390682,0.040322580645161296,0.04928315412186381,0.040322580645161296
934,0.053703703703703705,0.043827160493827164,0.059876543209876544,0.04135802469135803,0.0882716049382716,0.037654320987654324,0.03518518518518519,0.053703703703703705,0.05,0.04259259259259259,0.027777777777777776,0.03271604938271605,0.04506172839506173,0.059876543209876544,0.053703703703703705,0.06728395061728396,0.05493827160493827,0.07098765432098765,0.053703703703703705,0.027777777777777776
935,0.021517996870109544,0.09194053208137715,0.05203442879499218,0.07550860719874804,0.03169014084507042,0.0528169014084507,0.05359937402190924,0.05046948356807512,0.03403755868544601,0.0528169014084507,0.07472613458528951,0.018388106416275432,0.03482003129890454,0.04968701095461659,0.07942097026604068,0.04107981220657277,0.03716744913928013,0.08959311424100157,0.04029733959311424,0.018388106416275432
936,0.036265432098765434,0.05478395061728395,0.05787037037037037,0.04861111111111111,0.08256172839506173,0.05169753086419753,0.034722222222222224,0.05478395061728395,0.07484567901234568,0.0470679012345679,0.04861111111111111,0.05169753086419753,0.04243827160493827,0.05015432098765432,0.05787037037037037,0.04089506172839506,0.03935185185185185,0.04861111111111111,0.036265432098765434,0.04089506172839506
937,0.016865079365079364,0.023478835978835978,0.09556878306878307,0.08234126984126984,0.04265873015873016,0.04133597883597884,0.08101851851851852,0.06117724867724868,0.09027777777777778,0.055224867724867725,0.02414021164021164,0.05191798941798942,0.040674603174603176,0.0539021164021164,0.04398148148148148,0.03802910052910053,0.03009259259259259,0.060515873015873016,0.03736772486772487,0.02943121693121693
938,0.025333333333333326,0.033333333333333326,0.05022222222222221,0.06888888888888887,0.061777777777777765,0.051999999999999984,0.03155555555555555,0.0671111111111111,0.06888888888888887,0.05733333333333332,0.025333333333333326,0.02444444444444444,0.02977777777777777,0.0902222222222222,0.07155555555555554,0.07333333333333332,0.051999999999999984,0.04844444444444443,0.03599999999999999,0.032444444444444435
939,0.028208440999138676,0.04328165374677003,0.0777347114556417,0.12080103359173128,0.0363910422049957,0.029069767441860468,0.0467269595176572,0.025624461670973302,0.024332472006890614,0.06309216192937124,0.04543496985357451,0.05878552971576228,0.02476313522825151,0.0566322136089578,0.03552971576227391,0.07945736434108529,0.0467269595176572,0.05017226528854436,0.0880706287683032,0.019164513350559867
940,0.043859649122807015,0.043859649122807015,0.05165692007797271,0.043859649122807015,0.06140350877192982,0.043859649122807015,0.043859649122807015,0.05360623781676413,0.043859649122807015,0.04580896686159844,0.043859649122807015,0.043859649122807015,0.043859649122807015,0.06335282651072124,0.07894736842105263,0.043859649122807015,0.057504873294346975,0.06140350877192982,0.043859649122807015,0.043859649122807015
941,0.02197346600331675,0.04767827529021559,0.06343283582089553,0.09494195688225539,0.055970149253731345,0.05099502487562189,0.045190713101160865,0.053482587064676616,0.033582089552238806,0.06592039800995025,0.024461028192371476,0.050165837479270316,0.03855721393034826,0.036898839137645106,0.035240464344941956,0.039386401326699835,0.11567164179104478,0.05679933665008292,0.037728026533996685,0.031923714759535655
942,0.042483660130718956,0.060784313725490195,0.03071895424836601,0.042483660130718956,0.042483660130718956,0.04771241830065359,0.03333333333333333,0.06339869281045751,0.0803921568627451,0.03986928104575163,0.05816993464052288,0.03333333333333333,0.045098039215686274,0.0542483660130719,0.0542483660130719,0.041176470588235294,0.0542483660130719,0.10784313725490197,0.03594771241830065,0.03202614379084967
943,0.03676470588235295,0.03676470588235295,0.06127450980392157,0.0531045751633987,0.04330065359477125,0.05147058823529412,0.04330065359477125,0.0531045751633987,0.0531045751633987,0.05637254901960785,0.05147058823529412,0.054738562091503275,0.044934640522875824,0.0531045751633987,0.06617647058823531,0.0531045751633987,0.040032679738562095,0.03676470588235295,0.07434640522875818,0.03676470588235295
944,0.05373406193078324,0.06830601092896176,0.05919854280510018,0.0610200364298725,0.040983606557377046,0.040983606557377046,0.040983606557377046,0.044626593806921674,0.040983606557377046,0.042805100182149364,0.05737704918032787,0.05555555555555555,0.042805100182149364,0.040983606557377046,0.07377049180327869,0.040983606557377046,0.042805100182149364,0.040983606557377046,0.07012750455373407,0.040983606557377046
945,0.017819706498951784,0.017400419287211744,0.06058700209643607,0.07526205450733754,0.05849056603773586,0.031656184486373175,0.03878406708595389,0.04842767295597485,0.03584905660377359,0.04088050314465409,0.04758909853249477,0.024109014675052415,0.024528301886792458,0.0979035639412998,0.0828092243186583,0.061844863731656194,0.07232704402515724,0.048008385744234806,0.08742138364779875,0.028301886792452834
946,0.03183520599250937,0.029338327091136082,0.06429463171036207,0.07553058676654184,0.050561797752808994,0.03308364544319601,0.04556803995006243,0.034332084893882654,0.04307116104868915,0.05555555555555556,0.034332084893882654,0.03308364544319601,0.02808988764044944,0.06803995006242199,0.08676654182272162,0.02808988764044944,0.03932584269662922,0.10299625468164796,0.08801498127340826,0.02808988764044944
947,0.04256854256854257,0.06277056277056277,0.03391053391053391,0.03535353535353535,0.0367965367965368,0.05411255411255411,0.0670995670995671,0.032467532467532464,0.046897546897546896,0.09451659451659451,0.032467532467532464,0.03823953823953824,0.032467532467532464,0.09307359307359307,0.04112554112554113,0.03823953823953824,0.05555555555555555,0.06854256854256854,0.05844155844155844,0.03535353535353535
948,0.025350593311758353,0.03613807982740021,0.048004314994606244,0.04045307443365695,0.04368932038834951,0.06202804746494066,0.03074433656957928,0.04045307443365695,0.031823085221143466,0.0512405609492988,0.031823085221143466,0.037216828478964396,0.048004314994606244,0.0738942826321467,0.0512405609492988,0.09978425026968714,0.08144552319309599,0.08791801510248111,0.0512405609492988,0.027508090614886724
949,0.03521126760563381,0.038341158059467924,0.039906103286384983,0.047730829420970275,0.047730829420970275,0.0915492957746479,0.03677621283255087,0.05868544600938968,0.046165884194053215,0.05086071987480439,0.03521126760563381,0.05242566510172145,0.05086071987480439,0.043035993740219096,0.038341158059467924,0.04929577464788733,0.05086071987480439,0.1025039123630673,0.03521126760563381,0.04929577464788733
950,0.01919934640522876,0.0428921568627451,0.04370915032679738,0.06740196078431372,0.03227124183006536,0.07066993464052287,0.08455882352941177,0.024101307189542485,0.027369281045751634,0.04861111111111111,0.060866013071895424,0.042075163398692814,0.04779411764705882,0.05106209150326797,0.054330065359477125,0.04370915032679738,0.03880718954248366,0.09191176470588236,0.08292483660130719,0.025735294117647058
951,0.028409090909090908,0.041035353535353536,0.0625,0.052398989898989896,0.06628787878787878,0.03977272727272727,0.03345959595959596,0.04734848484848485,0.041035353535353536,0.04734848484848485,0.06502525252525253,0.06376262626262626,0.04734848484848485,0.05113636363636364,0.04482323232323232,0.06502525252525253,0.034722222222222224,0.08143939393939394,0.041035353535353536,0.046085858585858584
952,0.08260233918128657,0.0358187134502924,0.07090643274853803,0.06359649122807019,0.034356725146198835,0.034356725146198835,0.04166666666666667,0.060672514619883045,0.03289473684210527,0.054824561403508776,0.04897660818713451,0.054824561403508776,0.05774853801169591,0.05921052631578948,0.05774853801169591,0.04751461988304094,0.03289473684210527,0.03289473684210527,0.04897660818713451,0.04751461988304094
953,0.023148148148148143,0.03549382716049382,0.0272633744855967,0.06841563786008228,0.0324074074074074,0.03652263374485596,0.05915637860082303,0.0324074074074074,0.05401234567901233,0.10133744855967075,0.05092592592592591,0.02932098765432098,0.05709876543209875,0.04886831275720163,0.09002057613168724,0.04372427983539094,0.03652263374485596,0.0920781893004115,0.05092592592592591,0.03034979423868312
954,0.03424657534246576,0.04033485540334856,0.04642313546423136,0.03729071537290716,0.04642313546423136,0.052511415525114166,0.052511415525114166,0.06925418569254187,0.03576864535768646,0.054033485540334866,0.047945205479452066,0.049467275494672766,0.054033485540334866,0.050989345509893466,0.04642313546423136,0.03729071537290716,0.03424657534246576,0.08751902587519027,0.06621004566210047,0.057077625570776266
955,0.03435672514619883,0.046052631578947366,0.04312865497076023,0.05482456140350877,0.03435672514619883,0.08552631578947369,0.05921052631578947,0.0445906432748538,0.0445906432748538,0.041666666666666664,0.07675438596491228,0.06359649122807018,0.03874269005847953,0.0533625730994152,0.03289473684210526,0.08406432748538012,0.03435672514619883,0.0489766081871345,0.0445906432748538,0.03435672514619883
956,0.036210317460317464,0.028273809523809524,0.062003968253968256,0.09275793650793651,0.027281746031746032,0.08283730158730158,0.09771825396825397,0.053075396825396824,0.03720238095238095,0.053075396825396824,0.03720238095238095,0.028273809523809524,0.032242063492063495,0.032242063492063495,0.04712301587301587,0.052083333333333336,0.06597222222222222,0.056051587301587304,0.05505952380952381,0.023313492063492064
957,0.04675925925925926,0.02638888888888889,0.03564814814814815,0.050462962962962966,0.06620370370370371,0.03009259259259259,0.07175925925925926,0.02361111111111111,0.024537037037037038,0.09675925925925925,0.04490740740740741,0.034722222222222224,0.022685185185185187,0.0875,0.06527777777777778,0.04675925925925926,0.05416666666666667,0.07361111111111111,0.07361111111111111,0.024537037037037038
958,0.01886145404663923,0.0360082304526749,0.05864197530864197,0.07304526748971193,0.020233196159122085,0.04561042524005487,0.04972565157750343,0.07784636488340192,0.07510288065843622,0.08058984910836763,0.028463648834019206,0.02091906721536351,0.03806584362139918,0.04766803840877915,0.08470507544581618,0.036694101508916326,0.05727023319615912,0.06138545953360768,0.05521262002743484,0.033950617283950615
959,0.02777777777777778,0.04690346083788707,0.09790528233151186,0.0824225865209472,0.03233151183970857,0.05145719489981786,0.06876138433515484,0.055100182149362485,0.02504553734061931,0.07422586520947178,0.05418943533697633,0.04599271402550092,0.034153005464480884,0.055100182149362485,0.056921675774134796,0.04781420765027323,0.05145719489981786,0.03688524590163935,0.02868852459016394,0.026867030965391624
960,0.02403846153846154,0.025106837606837608,0.08707264957264957,0.04326923076923077,0.03365384615384615,0.04113247863247863,0.04433760683760684,0.04006410256410257,0.04861111111111111,0.04754273504273504,0.0860042735042735,0.02403846153846154,0.05502136752136752,0.03258547008547009,0.06356837606837606,0.05822649572649573,0.0625,0.09348290598290598,0.06570512820512821,0.02403846153846154
961,0.03521126760563381,0.03677621283255087,0.039906103286384983,0.047730829420970275,0.06025039123630674,0.043035993740219096,0.03521126760563381,0.0696400625978091,0.039906103286384983,0.06807511737089203,0.03521126760563381,0.05086071987480439,0.03521126760563381,0.07120500782472615,0.047730829420970275,0.05868544600938968,0.038341158059467924,0.10563380281690142,0.046165884194053215,0.03521126760563381
962,0.03444444444444445,0.07444444444444445,0.06703703703703705,0.05148148148148149,0.05000000000000001,0.07074074074074076,0.03296296296296297,0.05518518518518519,0.03962962962962964,0.05962962962962964,0.035185185185185194,0.05444444444444445,0.07666666666666667,0.03370370370370371,0.03814814814814815,0.047037037037037044,0.03592592592592593,0.07592592592592594,0.028518518518518523,0.038888888888888896
963,0.024101307189542488,0.03472222222222223,0.029003267973856214,0.04207516339869282,0.050245098039215695,0.03962418300653595,0.07557189542483661,0.04861111111111112,0.06086601307189543,0.042892156862745105,0.04452614379084968,0.03880718954248367,0.03390522875816994,0.06576797385620917,0.0698529411764706,0.07883986928104576,0.04370915032679739,0.06821895424836602,0.0894607843137255,0.019199346405228763
964,0.03319783197831979,0.05081300813008131,0.0481029810298103,0.06436314363143633,0.0399728997289973,0.03184281842818429,0.0426829268292683,0.0413279132791328,0.05216802168021681,0.09146341463414635,0.03184281842818429,0.03184281842818429,0.05081300813008131,0.07791327913279134,0.0481029810298103,0.06978319783197834,0.0413279132791328,0.07520325203252035,0.0440379403794038,0.03319783197831979
965,0.020399305555555556,0.03428819444444445,0.029079861111111112,0.06380208333333333,0.05859375,0.05685763888888889,0.0681423611111111,0.028211805555555556,0.04383680555555555,0.05946180555555555,0.055989583333333336,0.03689236111111111,0.029079861111111112,0.07074652777777778,0.062065972222222224,0.08550347222222222,0.06553819444444445,0.061197916666666664,0.045572916666666664,0.024739583333333332
966,0.03424657534246575,0.03729071537290715,0.03424657534246575,0.04642313546423135,0.05098934550989345,0.03424657534246575,0.04946727549467275,0.04794520547945205,0.04337899543378995,0.08751902587519025,0.05403348554033485,0.04946727549467275,0.03729071537290715,0.04337899543378995,0.10121765601217655,0.04490106544901065,0.06012176560121765,0.04490106544901065,0.06468797564687975,0.03424657534246575
967,0.029671717171717172,0.06502525252525253,0.05113636363636364,0.043560606060606064,0.03345959595959596,0.03977272727272727,0.05618686868686869,0.05997474747474747,0.061237373737373736,0.06376262626262626,0.029671717171717172,0.03345959595959596,0.034722222222222224,0.03977272727272727,0.028409090909090908,0.05618686868686869,0.08143939393939394,0.11047979797979798,0.041035353535353536,0.041035353535353536
968,0.05147058823529412,0.038398692810457526,0.044934640522875824,0.09068627450980393,0.0465686274509804,0.05147058823529412,0.04166666666666667,0.038398692810457526,0.07761437908496734,0.08088235294117649,0.040032679738562095,0.06454248366013074,0.038398692810457526,0.040032679738562095,0.038398692810457526,0.040032679738562095,0.05147058823529412,0.05147058823529412,0.03676470588235295,0.03676470588235295
969,0.0314207650273224,0.05054644808743168,0.06967213114754096,0.0796903460837887,0.022313296903460834,0.05965391621129325,0.07604735883424407,0.0669398907103825,0.0605646630236794,0.05054644808743168,0.040528233151183965,0.04872495446265937,0.02140255009107468,0.04508196721311475,0.03870673952641165,0.029599271402550083,0.06876138433515482,0.05054644808743168,0.06602914389799634,0.023224043715846993
970,0.022935779816513763,0.03720693170234455,0.03924566768603466,0.045361875637105,0.042303771661569824,0.09021406727828746,0.063710499490316,0.05147808358817533,0.0382262996941896,0.08205912334352701,0.0545361875637105,0.04332313965341488,0.03211009174311927,0.08409785932721713,0.05555555555555555,0.060652395514780834,0.034148827726809376,0.047400611620795105,0.03618756371049949,0.03924566768603466
971,0.023737373737373738,0.03686868686868687,0.04191919191919192,0.04595959595959596,0.06111111111111111,0.07525252525252525,0.0297979797979798,0.03585858585858586,0.022727272727272728,0.09242424242424242,0.04292929292929293,0.0297979797979798,0.05404040404040404,0.0702020202020202,0.08535353535353535,0.04292929292929293,0.024747474747474747,0.10252525252525252,0.05,0.031818181818181815
972,0.02586938083121289,0.05810008481764207,0.05046649703138253,0.1344359626802375,0.053011026293469043,0.046225614927905,0.07082273112807463,0.028413910093299407,0.03859202714164546,0.04792196776929601,0.05640373197625106,0.019083969465648856,0.028413910093299407,0.05216284987277354,0.0631891433418151,0.035199321458863446,0.05216284987277354,0.0835453774385072,0.03435114503816794,0.021628498727735368
973,0.020161290322580645,0.038978494623655914,0.05510752688172043,0.10259856630824372,0.04883512544802868,0.06496415770609319,0.062275985663082435,0.04883512544802868,0.04973118279569892,0.027329749103942653,0.05600358422939068,0.039874551971326166,0.036290322580645164,0.053315412186379925,0.04883512544802868,0.05600358422939068,0.04345878136200717,0.056899641577060935,0.04973118279569892,0.04077060931899642
974,0.03125000000000001,0.038194444444444454,0.036805555555555564,0.06458333333333335,0.03541666666666667,0.04097222222222223,0.046527777777777786,0.05208333333333334,0.0326388888888889,0.12291666666666667,0.03125000000000001,0.05347222222222223,0.04236111111111112,0.05347222222222223,0.060416666666666674,0.07291666666666669,0.04791666666666668,0.046527777777777786,0.03958333333333334,0.05069444444444445
975,0.03458049886621316,0.025510204081632657,0.056122448979591844,0.06292517006802723,0.03571428571428572,0.06179138321995466,0.047052154195011346,0.032312925170068035,0.056122448979591844,0.047052154195011346,0.05272108843537416,0.04024943310657597,0.05158730158730159,0.047052154195011346,0.07086167800453516,0.07312925170068028,0.06972789115646259,0.06632653061224492,0.043650793650793655,0.025510204081632657
976,0.024216524216524215,0.026115859449192782,0.021367521367521368,0.07929724596391263,0.054605887939221276,0.0641025641025641,0.06885090218423552,0.04700854700854701,0.048907882241215575,0.07359924026590693,0.03941120607787275,0.02231718898385565,0.030864197530864196,0.04510921177587844,0.09924026590693258,0.03181386514719848,0.056505223171889836,0.043209876543209874,0.09354226020892688,0.029914529914529916
977,0.05687830687830689,0.033068783068783074,0.032186948853615525,0.12389770723104059,0.04188712522045856,0.032186948853615525,0.06922398589065257,0.0515873015873016,0.04100529100529101,0.02160493827160494,0.02954144620811288,0.03483245149911817,0.03924162257495591,0.04100529100529101,0.07186948853615521,0.053350970017636695,0.04188712522045856,0.09567901234567903,0.059523809523809534,0.02954144620811288
978,0.031084656084656086,0.03505291005291006,0.0548941798941799,0.04563492063492064,0.031084656084656086,0.058862433862433866,0.07870370370370372,0.07341269841269843,0.053571428571428575,0.05621693121693122,0.029761904761904764,0.06812169312169314,0.03505291005291006,0.042989417989417994,0.042989417989417994,0.06679894179894182,0.04563492063492064,0.048280423280423285,0.0654761904761905,0.03637566137566138
979,0.030208333333333334,0.043402777777777776,0.05520833333333333,0.058680555555555555,0.042708333333333334,0.06354166666666666,0.03298611111111111,0.05520833333333333,0.06493055555555556,0.05451388888888889,0.033680555555555554,0.02326388888888889,0.07465277777777778,0.06145833333333333,0.05173611111111111,0.04895833333333333,0.03923611111111111,0.06493055555555556,0.0642361111111111,0.036458333333333336
980,0.0368421052631579,0.034502923976608195,0.03801169590643275,0.08596491228070177,0.07309941520467837,0.034502923976608195,0.032163742690058485,0.04502923976608188,0.03918128654970761,0.08128654970760235,0.061403508771929835,0.03333333333333334,0.032163742690058485,0.06608187134502926,0.0497076023391813,0.06842105263157897,0.028654970760233926,0.06608187134502926,0.05672514619883042,0.0368421052631579
981,0.03271028037383177,0.02544132917964694,0.06905503634475597,0.0877466251298027,0.044132917964693666,0.06178608515057113,0.0680166147455867,0.04205607476635514,0.0264797507788162,0.09501557632398754,0.03686396677050883,0.04101765316718588,0.0514018691588785,0.04932502596053998,0.03686396677050883,0.08151609553478713,0.03790238836967809,0.047248182762201454,0.03686396677050883,0.028556593977154723
982,0.03635116598079561,0.051440329218107,0.07064471879286695,0.09807956104252401,0.030864197530864196,0.0720164609053498,0.043209876543209874,0.03772290809327846,0.030864197530864196,0.030864197530864196,0.030864197530864196,0.05692729766803841,0.051440329218107,0.08161865569272976,0.030864197530864196,0.08161865569272976,0.0541838134430727,0.043209876543209874,0.03223593964334705,0.03497942386831276
983,0.04600694444444445,0.06510416666666667,0.05295138888888889,0.049479166666666664,0.04774305555555555,0.05642361111111111,0.05295138888888889,0.05642361111111111,0.042534722222222224,0.04079861111111111,0.0390625,0.07552083333333333,0.0390625,0.044270833333333336,0.0390625,0.0703125,0.04774305555555555,0.0546875,0.0390625,0.04079861111111111
984,0.03590785907859079,0.0521680216802168,0.03726287262872629,0.03048780487804878,0.041327913279132794,0.03590785907859079,0.08062330623306233,0.06978319783197832,0.0494579945799458,0.04539295392953929,0.07655826558265583,0.06029810298102981,0.05894308943089431,0.04539295392953929,0.041327913279132794,0.05623306233062331,0.054878048780487805,0.0521680216802168,0.03184281842818428,0.04403794037940379
985,0.05242566510172144,0.0649452269170579,0.07433489827856025,0.035211267605633804,0.04460093896713615,0.07902973395931143,0.04616588419405321,0.03990610328638498,0.04616588419405321,0.0539906103286385,0.07120500782472614,0.03990610328638498,0.041471048513302036,0.03990610328638498,0.03990610328638498,0.04929577464788732,0.05242566510172144,0.05868544600938967,0.035211267605633804,0.035211267605633804
986,0.03191489361702128,0.03506698187549252,0.0587076438140268,0.04688731284475966,0.03743104806934595,0.07131599684791176,0.03979511426319938,0.04609929078014185,0.03821907013396376,0.11859732072498032,0.03821907013396376,0.03191489361702128,0.026398739164696615,0.051615445232466514,0.10283687943262412,0.03506698187549252,0.023246650906225377,0.06264775413711585,0.08234830575256108,0.02167060677698976
987,0.04794520547945205,0.03424657534246575,0.05251141552511415,0.05555555555555555,0.06316590563165905,0.03729071537290715,0.06012176560121765,0.04337899543378995,0.03729071537290715,0.09208523592085235,0.03576864535768645,0.05707762557077625,0.04490106544901065,0.04642313546423135,0.04642313546423135,0.03424657534246575,0.05859969558599695,0.08447488584474885,0.03424657534246575,0.03424657534246575
988,0.044061302681992334,0.021839080459770115,0.09157088122605364,0.061685823754789273,0.05325670498084291,0.05632183908045977,0.03639846743295019,0.03333333333333333,0.050957854406130265,0.050957854406130265,0.03869731800766284,0.0210727969348659,0.023371647509578545,0.050957854406130265,0.08160919540229886,0.03333333333333333,0.050957854406130265,0.09770114942528736,0.04252873563218391,0.05938697318007663
989,0.023220486111111112,0.018012152777777776,0.07096354166666667,0.1130642361111111,0.03537326388888889,0.05967881944444445,0.10091145833333333,0.03624131944444445,0.033637152777777776,0.05360243055555555,0.023654513888888888,0.029296875,0.061848958333333336,0.04405381944444445,0.026692708333333332,0.0661892361111111,0.055338541666666664,0.0779079861111111,0.056206597222222224,0.014105902777777778
990,0.017075517075517077,0.023328523328523327,0.045935545935545934,0.07431457431457432,0.03583453583453584,0.031024531024531024,0.0493025493025493,0.07479557479557479,0.04785954785954786,0.060365560365560365,0.05266955266955267,0.02477152477152477,0.03583453583453584,0.12289562289562289,0.06132756132756133,0.03823953823953824,0.03872053872053872,0.09066859066859066,0.045935545935545934,0.0291005291005291
991,0.03594771241830065,0.03968253968253968,0.04715219421101774,0.04061624649859944,0.03034547152194211,0.046218487394957986,0.03221288515406162,0.05182072829131653,0.0480859010270775,0.05929038281979458,0.0480859010270775,0.021942110177404293,0.03127917833800187,0.06956115779645192,0.07796451914098973,0.11718020541549953,0.06956115779645192,0.06676003734827264,0.041549953314659195,0.024743230625583566
992,0.03289473684210526,0.04751461988304093,0.04751461988304093,0.035818713450292396,0.03728070175438596,0.062134502923976605,0.062134502923976605,0.03435672514619883,0.0489766081871345,0.10453216374269006,0.03289473684210526,0.05921052631578947,0.03728070175438596,0.04751461988304093,0.08114035087719298,0.04751461988304093,0.0577485380116959,0.0577485380116959,0.03289473684210526,0.03289473684210526
993,0.01763140385894877,0.03093812375249501,0.049567531603459745,0.03293413173652695,0.04291417165668663,0.04557551563539587,0.06686626746506986,0.02428476380572189,0.03559547571523619,0.06420492348636062,0.054890219560878244,0.015635395874916833,0.05755156353958749,0.0748502994011976,0.07751164337990685,0.052228875582168995,0.049567531603459745,0.12142381902860945,0.06819693945442448,0.01763140385894877
994,0.03846153846153846,0.06695156695156694,0.02516619183285849,0.08214624881291546,0.06220322886989552,0.05555555555555554,0.052706552706552695,0.024216524216524208,0.052706552706552695,0.05935422602089267,0.05365622032288698,0.02706552706552706,0.022317188983855648,0.07359924026590692,0.047008547008546994,0.0413105413105413,0.06220322886989552,0.05555555555555554,0.04890788224121556,0.04890788224121556
995,0.03767123287671234,0.04680365296803654,0.0612633181126332,0.07115677321156776,0.05441400304414005,0.06354642313546426,0.03919330289193304,0.0643074581430746,0.05745814307458145,0.03919330289193304,0.05745814307458145,0.03919330289193304,0.029299847792998487,0.029299847792998487,0.06659056316590566,0.0810502283105023,0.0566971080669711,0.03919330289193304,0.03919330289193304,0.027016742770167437
996,0.03688141923436041,0.023809523809523808,0.041549953314659195,0.034080298786181136,0.0546218487394958,0.021942110177404293,0.05742296918767507,0.038748832866479926,0.04061624649859944,0.06582633053221289,0.0546218487394958,0.02100840336134454,0.029411764705882353,0.17413632119514472,0.05742296918767507,0.041549953314659195,0.02100840336134454,0.0611577964519141,0.09570494864612512,0.028478057889822595
997,0.021724709784411277,0.040961857379767826,0.03631840796019901,0.08640132669983416,0.05522388059701493,0.06019900497512438,0.044278606965174126,0.02570480928689884,0.04527363184079602,0.04295190713101161,0.02802653399668325,0.040961857379767826,0.03067993366500829,0.11791044776119403,0.0439469320066335,0.06882255389718077,0.03631840796019901,0.08507462686567165,0.054228855721393035,0.03499170812603648
998,0.031645569620253174,0.04711673699015472,0.04711673699015472,0.06258790436005628,0.031645569620253174,0.041490857946554154,0.07102672292545711,0.0738396624472574,0.031645569620253174,0.05133614627285514,0.03445850914205345,0.059774964838255985,0.033052039381153316,0.06540084388185656,0.05133614627285514,0.04430379746835444,0.048523206751054856,0.04430379746835444,0.09071729957805909,0.03867791842475388
999,0.02551020408163266,0.045918367346938785,0.09126984126984128,0.03911564625850341,0.07199546485260773,0.06746031746031747,0.03911564625850341,0.02551020408163266,0.0753968253968254,0.06859410430839004,0.0334467120181406,0.03458049886621316,0.03571428571428572,0.045918367346938785,0.0969387755102041,0.05498866213151929,0.03684807256235828,0.042517006802721094,0.043650793650793655,0.02551020408163266
1000,0.022288755821689953,0.0748502994011976,0.06620093147039255,0.049567531603459745,0.029607451763140388,0.05289421157684631,0.08216899534264804,0.05688622754491018,0.016966067864271458,0.061543579507651366,0.039587491683300065,0.07285429141716566,0.03559547571523619,0.05289421157684631,0.044244843646041254,0.062208915502328675,0.05888223552894212,0.054890219560878244,0.039587491683300065,0.026280771789753826
1001,0.026748971193415638,0.04156378600823045,0.07448559670781893,0.04567901234567901,0.025925925925925925,0.047325102880658436,0.04238683127572016,0.030864197530864196,0.08189300411522633,0.0448559670781893,0.037448559670781895,0.026748971193415638,0.05226337448559671,0.03580246913580247,0.08765432098765433,0.059670781893004114,0.050617283950617285,0.13045267489711934,0.025925925925925925,0.03168724279835391
1002,0.02777777777777778,0.057407407407407414,0.05246913580246914,0.04382716049382717,0.0462962962962963,0.045061728395061736,0.045061728395061736,0.051234567901234575,0.051234567901234575,0.03765432098765433,0.08950617283950618,0.05370370370370371,0.04012345679012346,0.0462962962962963,0.05000000000000001,0.06604938271604939,0.04382716049382717,0.04753086419753087,0.05000000000000001,0.05493827160493828
1003,0.03455284552845529,0.021002710027100274,0.06662149954832883,0.06662149954832883,0.0440379403794038,0.06300813008130082,0.0476513098464318,0.0390695573622403,0.05984643179765132,0.05487804878048781,0.07068654019873534,0.05171635049683831,0.015130984643179766,0.08017163504968385,0.0417795844625113,0.03410117434507679,0.03545618789521229,0.10094850948509486,0.05171635049683831,0.021002710027100274
1004,0.030120481927710843,0.04350736278447122,0.06760374832663989,0.08634538152610442,0.03681392235609103,0.07697456492637215,0.050200803212851405,0.03279785809906292,0.05823293172690763,0.050200803212851405,0.03279785809906292,0.048862115127175365,0.03145917001338688,0.03681392235609103,0.051539491298527446,0.04618473895582329,0.03547523427041499,0.08768406961178045,0.048862115127175365,0.04752342704149933
1005,0.022290809327846366,0.05521262002743484,0.05864197530864197,0.05246913580246913,0.06275720164609054,0.10322359396433471,0.04561042524005487,0.042866941015089165,0.024348422496570644,0.020233196159122085,0.024348422496570644,0.02709190672153635,0.04835390946502058,0.08058984910836763,0.04218106995884774,0.03326474622770919,0.044238683127572016,0.15603566529492455,0.03326474622770919,0.022976680384087792
1006,0.03482003129890455,0.04499217527386542,0.04107981220657278,0.10211267605633804,0.03951486697965572,0.09350547730829423,0.0363849765258216,0.03325508607198749,0.02777777777777778,0.04577464788732395,0.030907668231611896,0.04499217527386542,0.06220657276995306,0.055164319248826296,0.05438184663536777,0.06924882629107983,0.035602503912363075,0.05281690140845071,0.04812206572769954,0.04733959311424101
1007,0.03568202348690154,0.039295392953929545,0.04200542005420055,0.13053297199638667,0.02664859981933153,0.05284552845528456,0.05826558265582656,0.03387533875338754,0.039295392953929545,0.0817524841915086,0.03387533875338754,0.038392050587172544,0.07091237579042459,0.06910569105691058,0.04832881662149956,0.04290876242095755,0.02574525745257453,0.0781391147244806,0.02664859981933153,0.02574525745257453
1008,0.043750000000000004,0.05069444444444445,0.046527777777777786,0.07152777777777779,0.03402777777777778,0.07152777777777779,0.05069444444444445,0.0326388888888889,0.03125000000000001,0.046527777777777786,0.060416666666666674,0.05625000000000001,0.045138888888888895,0.0576388888888889,0.06319444444444446,0.061805555555555565,0.0326388888888889,0.06458333333333335,0.03958333333333334,0.03958333333333334
1009,0.04263565891472869,0.0314384151593454,0.09431524547803619,0.08053402239448752,0.03660637381567615,0.05383290267011198,0.04866494401378123,0.0314384151593454,0.05038759689922481,0.04866494401378123,0.02971576227390181,0.025409130060292856,0.047803617571059435,0.05641688199827735,0.04952627045650302,0.03660637381567615,0.05641688199827735,0.12015503875968994,0.02282515073212748,0.03660637381567615
1010,0.0326388888888889,0.036805555555555564,0.03541666666666667,0.03402777777777778,0.04791666666666668,0.04097222222222223,0.03125000000000001,0.03958333333333334,0.06597222222222224,0.0701388888888889,0.038194444444444454,0.05208333333333334,0.07152777777777779,0.05347222222222223,0.05347222222222223,0.03125000000000001,0.043750000000000004,0.10347222222222223,0.06597222222222224,0.05208333333333334
1011,0.03125,0.025848765432098766,0.03356481481481482,0.08912037037037036,0.07291666666666667,0.055169753086419755,0.07060185185185185,0.03896604938271605,0.04436728395061729,0.06983024691358025,0.03356481481481482,0.03587962962962963,0.0466820987654321,0.058256172839506175,0.057484567901234566,0.047453703703703706,0.060570987654320986,0.0466820987654321,0.057484567901234566,0.024305555555555556
1012,0.026041666666666668,0.03414351851851852,0.03877314814814815,0.08854166666666667,0.06886574074074074,0.057291666666666664,0.09085648148148148,0.06539351851851852,0.028356481481481483,0.08506944444444445,0.027199074074074073,0.03298611111111111,0.04456018518518518,0.05497685185185185,0.029513888888888888,0.06076388888888889,0.05960648148148148,0.04918981481481482,0.029513888888888888,0.028356481481481483
1013,0.029051987767584102,0.025993883792048932,0.029051987767584102,0.09225280326197759,0.10142711518858309,0.04943934760448523,0.032110091743119275,0.03516819571865444,0.03822629969418961,0.04230377166156983,0.0361875637104995,0.022935779816513766,0.06778797145769624,0.07594291539245669,0.11467889908256883,0.05657492354740062,0.032110091743119275,0.04332313965341489,0.050458715596330285,0.024974515800203878
1014,0.032567049808429116,0.019978106185002738,0.04625068418171866,0.07471264367816093,0.09277504105090312,0.042966611932129174,0.05665024630541872,0.03858784893267652,0.04241926655719759,0.0905856595511768,0.03804050355774494,0.023809523809523808,0.031472359058565956,0.05774493705528188,0.05938697318007663,0.04460864805692392,0.053366174055829226,0.053366174055829226,0.07033388067870827,0.030377668308702793
1015,0.023979107312440646,0.030151946818613485,0.051994301994301995,0.08428300094966762,0.07051282051282051,0.059591642924976256,0.04154795821462488,0.02492877492877493,0.04534662867996201,0.08285849952516619,0.023029439696106362,0.033950617283950615,0.03917378917378917,0.07858499525166192,0.059591642924976256,0.035375118708452044,0.04344729344729345,0.06433998100664767,0.0933048433048433,0.014007597340930674
1016,0.04104477611940299,0.02777777777777778,0.03441127694859039,0.11815920398009952,0.047678275290215594,0.0543117744610282,0.05016583747927032,0.049336650082918744,0.04270315091210614,0.055140961857379774,0.05348258706467662,0.03358208955223881,0.03192371475953566,0.14303482587064678,0.04270315091210614,0.026948590381426205,0.03192371475953566,0.06260364842454397,0.029436152570480933,0.023631840796019904
1017,0.040983606557377025,0.040983606557377025,0.06102003642987247,0.06830601092896173,0.040983606557377025,0.05009107468123859,0.06284153005464478,0.05373406193078322,0.08287795992714021,0.06466302367941709,0.040983606557377025,0.04280510018214934,0.040983606557377025,0.06102003642987247,0.040983606557377025,0.040983606557377025,0.040983606557377025,0.040983606557377025,0.040983606557377025,0.04280510018214934
1018,0.024509803921568627,0.05392156862745098,0.051742919389978215,0.08333333333333333,0.0659041394335512,0.029956427015250545,0.07788671023965142,0.06481481481481481,0.04847494553376906,0.051742919389978215,0.0724400871459695,0.024509803921568627,0.03104575163398693,0.03867102396514161,0.06917211328976035,0.04847494553376906,0.03649237472766884,0.06699346405228758,0.03540305010893246,0.024509803921568627
1019,0.057575757575757586,0.04747474747474748,0.04545454545454546,0.05151515151515152,0.04545454545454546,0.04545454545454546,0.05555555555555556,0.04747474747474748,0.04545454545454546,0.04545454545454546,0.04545454545454546,0.05353535353535354,0.05151515151515152,0.06363636363636364,0.04545454545454546,0.059595959595959605,0.04545454545454546,0.057575757575757586,0.04545454545454546,0.04545454545454546
1020,0.04571026722925457,0.04430379746835443,0.035864978902953586,0.10478199718706048,0.08227848101265822,0.04571026722925457,0.06540084388185655,0.04992967651195499,0.04992967651195499,0.04008438818565401,0.06118143459915612,0.03727144866385373,0.058368495077355836,0.04430379746835443,0.03727144866385373,0.05414908579465542,0.035864978902953586,0.04289732770745429,0.03164556962025317,0.03305203938115331
1021,0.03676470588235295,0.03676470588235295,0.06617647058823531,0.04983660130718955,0.044934640522875824,0.05637254901960785,0.044934640522875824,0.038398692810457526,0.038398692810457526,0.07107843137254903,0.0465686274509804,0.04166666666666667,0.059640522875817004,0.038398692810457526,0.03676470588235295,0.054738562091503275,0.09232026143790852,0.05800653594771243,0.040032679738562095,0.048202614379084976
1022,0.02252252252252252,0.05555555555555555,0.05655655655655656,0.07057057057057058,0.06356356356356356,0.04054054054054054,0.03753753753753754,0.04854854854854855,0.046546546546546545,0.03953953953953954,0.05755755755755756,0.03753753753753754,0.04454454454454455,0.06556556556556556,0.05655655655655656,0.047547547547547545,0.07057057057057058,0.07657657657657657,0.032532532532532535,0.02952952952952953
1023,0.03157474020783373,0.0771382893685052,0.1091127098321343,0.07793764988009592,0.03557154276578737,0.05315747402078337,0.04036770583533174,0.046762589928057555,0.07154276578737011,0.057154276578737014,0.04196642685851319,0.025179856115107913,0.02358113509192646,0.057154276578737014,0.03876898481215028,0.04596322941646683,0.04436450839328537,0.05315747402078337,0.04756195043964828,0.021982414068745005
1024,0.04459064327485379,0.032894736842105254,0.060672514619883024,0.048976608187134486,0.04166666666666666,0.0840643274853801,0.04605263157894736,0.05336257309941519,0.04020467836257309,0.05190058479532162,0.04020467836257309,0.060672514619883024,0.03435672514619882,0.050438596491228053,0.04459064327485379,0.032894736842105254,0.04020467836257309,0.1059941520467836,0.032894736842105254,0.05336257309941519
1025,0.03980417198808003,0.06279267773520646,0.07258407833120475,0.060238399318859076,0.05598126862494677,0.09301830566198381,0.0478927203065134,0.04022988505747126,0.05172413793103447,0.034695615155385266,0.057684120902511696,0.024052788420604505,0.021498510004257128,0.04278416347381864,0.06875266070668368,0.0717326521924223,0.04916985951468709,0.03256704980842911,0.04704129416773094,0.02575564069816943
1026,0.02806712962962963,0.04542824074074074,0.08362268518518519,0.07146990740740741,0.03211805555555555,0.042534722222222224,0.038483796296296294,0.0390625,0.07899305555555555,0.0842013888888889,0.040219907407407406,0.07436342592592593,0.022858796296296297,0.04311342592592592,0.0234375,0.04774305555555555,0.030381944444444444,0.08362268518518519,0.0703125,0.019965277777777776
1027,0.04464285714285716,0.05059523809523811,0.05654761904761907,0.04662698412698414,0.06250000000000003,0.04464285714285716,0.04464285714285716,0.054563492063492085,0.04464285714285716,0.06250000000000003,0.05059523809523811,0.04464285714285716,0.04464285714285716,0.06250000000000003,0.04464285714285716,0.04464285714285716,0.04464285714285716,0.06250000000000003,0.04464285714285716,0.04464285714285716
1028,0.03182308522114347,0.03398058252427184,0.05771305285868392,0.07389428263214672,0.03505933117583603,0.04800431499460626,0.06310679611650485,0.026429341963322545,0.04261057173678533,0.10409924487594391,0.028586839266450916,0.043689320388349516,0.06310679611650485,0.0674217907227616,0.04584681769147789,0.04261057173678533,0.05124056094929881,0.04584681769147789,0.04800431499460626,0.04692556634304207
1029,0.024271844660194178,0.02858683926645092,0.06094929881337649,0.06742179072276161,0.044768069039913705,0.04045307443365696,0.03937432578209278,0.045846817691477894,0.03398058252427185,0.03937432578209278,0.09223300970873788,0.03829557713052859,0.05771305285868393,0.08468176914778858,0.06526429341963325,0.042610571736785334,0.03829557713052859,0.06202804746494068,0.06418554476806905,0.029665587918015105
1030,0.0423728813559322,0.06120527306967985,0.06497175141242938,0.059322033898305086,0.04990583804143126,0.0423728813559322,0.0480225988700565,0.0423728813559322,0.0423728813559322,0.07062146892655367,0.0423728813559322,0.05743879472693032,0.0423728813559322,0.0423728813559322,0.0423728813559322,0.0480225988700565,0.059322033898305086,0.05743879472693032,0.0423728813559322,0.0423728813559322
1031,0.035879629629629636,0.033564814814814825,0.07754629629629631,0.08063271604938273,0.038966049382716056,0.05516975308641976,0.0767746913580247,0.02893518518518519,0.06674382716049385,0.07291666666666669,0.025077160493827164,0.036651234567901245,0.0304783950617284,0.04745370370370371,0.02430555555555556,0.040509259259259266,0.044367283950617294,0.051311728395061734,0.11072530864197533,0.021990740740740745
1032,0.03472222222222223,0.03724747474747475,0.056186868686868695,0.07386363636363638,0.05366161616161617,0.035984848484848495,0.05492424242424243,0.04103535353535354,0.029671717171717175,0.06250000000000001,0.029671717171717175,0.06502525252525254,0.04861111111111112,0.07260101010101011,0.09406565656565657,0.06376262626262627,0.0321969696969697,0.047348484848484855,0.03724747474747475,0.029671717171717175
1033,0.034967320261437916,0.025163398692810462,0.035620915032679744,0.10228758169934642,0.0519607843137255,0.09052287581699348,0.05457516339869282,0.06568627450980394,0.02189542483660131,0.07091503267973857,0.03627450980392158,0.07418300653594773,0.033660130718954254,0.033006535947712426,0.039542483660130724,0.06503267973856211,0.037581699346405234,0.06307189542483661,0.037581699346405234,0.02647058823529412
1034,0.07051282051282051,0.04344729344729345,0.06054131054131054,0.06908831908831908,0.03205128205128205,0.07905982905982906,0.04202279202279202,0.04487179487179487,0.0349002849002849,0.03917378917378917,0.051994301994301995,0.03347578347578348,0.06623931623931624,0.04772079772079772,0.057692307692307696,0.03205128205128205,0.03774928774928775,0.054843304843304845,0.07051282051282051,0.03205128205128205
1035,0.041666666666666664,0.037698412698412696,0.06283068783068783,0.09325396825396826,0.07341269841269842,0.056216931216931214,0.052248677248677246,0.036375661375661374,0.031084656084656083,0.07605820105820106,0.02976190476190476,0.04034391534391534,0.061507936507936505,0.04034391534391534,0.03505291005291005,0.05357142857142857,0.04828042328042328,0.0496031746031746,0.041666666666666664,0.03902116402116402
1036,0.03752436647173489,0.046296296296296294,0.05214424951267056,0.1067251461988304,0.0384990253411306,0.06189083820662768,0.0550682261208577,0.060916179337231965,0.05214424951267056,0.033625730994152045,0.05604288499025341,0.04532163742690058,0.07553606237816764,0.06676413255360623,0.032651072124756333,0.039473684210526314,0.041423001949317736,0.032651072124756333,0.027777777777777776,0.03752436647173489
1037,0.043103448275862065,0.04885057471264367,0.05842911877394635,0.05842911877394635,0.043103448275862065,0.08141762452107278,0.0507662835249042,0.043103448275862065,0.043103448275862065,0.0660919540229885,0.043103448275862065,0.0450191570881226,0.0450191570881226,0.043103448275862065,0.0450191570881226,0.0507662835249042,0.043103448275862065,0.05268199233716474,0.05268199233716474,0.043103448275862065
1038,0.02194211017740429,0.02474323062558356,0.04248366013071895,0.08356676003734825,0.06676003734827263,0.05929038281979457,0.054621848739495785,0.054621848739495785,0.0434173669467787,0.0564892623716153,0.054621848739495785,0.029411764705882346,0.028478057889822588,0.054621848739495785,0.051820728291316516,0.04901960784313724,0.06862745098039215,0.07329598506069093,0.04621848739495798,0.035947712418300644
1039,0.03086419753086419,0.037722908093278454,0.07064471879286693,0.06104252400548695,0.05829903978052125,0.0336076817558299,0.03497942386831275,0.06241426611796981,0.04595336076817558,0.048696844993141274,0.040466392318244164,0.07613168724279834,0.0596707818930041,0.04595336076817558,0.04595336076817558,0.09533607681755828,0.03909465020576131,0.044581618655692726,0.03086419753086419,0.037722908093278454
1040,0.032242063492063495,0.024305555555555556,0.052083333333333336,0.03819444444444445,0.03720238095238095,0.05109126984126984,0.05803571428571429,0.03125,0.033234126984126984,0.07589285714285714,0.04712301587301587,0.05505952380952381,0.03422619047619048,0.08482142857142858,0.07886904761904762,0.06398809523809523,0.049107142857142856,0.07093253968253968,0.059027777777777776,0.023313492063492064
1041,0.022935779816513763,0.03618756371049949,0.06574923547400612,0.06880733944954129,0.046381243628950054,0.046381243628950054,0.034148827726809376,0.04128440366972477,0.06778797145769623,0.063710499490316,0.035168195718654434,0.022935779816513763,0.02803261977573904,0.08511722731906218,0.063710499490316,0.06982670744138635,0.0382262996941896,0.0728848114169215,0.058613659531090725,0.03211009174311927
1042,0.027001862197392916,0.03258845437616387,0.034450651769087515,0.10024829298572313,0.06486654252017379,0.030726256983240215,0.027001862197392916,0.04934823091247671,0.026381129733085033,0.049968963376784595,0.0350713842333954,0.0387957790192427,0.015207945375543137,0.07976412166356299,0.0971446306641837,0.07914338919925511,0.058038485412787076,0.08659217877094971,0.04686530105524518,0.020794537554314086
1043,0.02027027027027027,0.03528528528528529,0.07032032032032032,0.08533533533533534,0.038288288288288286,0.07382382382382383,0.053803803803803806,0.053803803803803806,0.07382382382382383,0.0543043043043043,0.01926926926926927,0.014264264264264264,0.02177177177177177,0.025275275275275275,0.07832832832832833,0.09434434434434434,0.06481481481481481,0.046296296296296294,0.038288288288288286,0.038288288288288286
1044,0.02604166666666667,0.027199074074074077,0.03530092592592593,0.03993055555555556,0.053819444444444454,0.060763888888888895,0.04340277777777778,0.058449074074074084,0.06770833333333334,0.038773148148148154,0.05497685185185186,0.06655092592592594,0.034143518518518524,0.06539351851851853,0.04340277777777778,0.04803240740740741,0.06655092592592594,0.10358796296296298,0.03645833333333334,0.02951388888888889
1045,0.03246753246753247,0.05844155844155845,0.05122655122655123,0.03535353535353536,0.03391053391053392,0.05699855699855701,0.041125541125541135,0.03823953823953825,0.09740259740259742,0.0468975468975469,0.044011544011544015,0.041125541125541135,0.03391053391053392,0.08297258297258299,0.04545454545454546,0.036796536796536806,0.03246753246753247,0.10606060606060608,0.04545454545454546,0.03968253968253969
1046,0.0514705882352941,0.036764705882352935,0.04983660130718953,0.036764705882352935,0.036764705882352935,0.05637254901960783,0.06290849673202613,0.036764705882352935,0.04166666666666666,0.04493464052287581,0.0514705882352941,0.07434640522875816,0.0514705882352941,0.036764705882352935,0.04166666666666666,0.09885620915032677,0.046568627450980386,0.05964052287581698,0.048202614379084956,0.036764705882352935
