,doc_num,dominant_topic,topic_contribution,topic_keywords,doc_text
0,0,15.0,0.1439,"session, telehealth, work, easy, therapist, helpful, continue, highly_recommend, offer, therapy","cortina has such a beautiful energy. as a therapist, she's encouraging and supportive while e helping to push you towards change. she has the gift of blending spiritual wisdom with counseling  knowledge that really leads to healing. i love how she uses adversity to move her forward in her own life and is able to help clients do the same.

the office is in a great location in the heart of winter park and has a dedicated parking lot. she sees clients through an appointment only basis. i know she also offers discounted rates for package purchases of sessions but otherwise has a pretty standard self-pay rate. i believe she does telehealth and of course in person sessions. she has an online portal too so clients can do scheduling and  paperwork all online (but has paper copies if the old school approach is more comfy). 

ps! she has a book! so if you're interested in checking her out before you schedule it might be worth it to grab a copy and hear from her through her writing."
1,1,18.0,0.3682,"recommend, month, year, week, son, surgery, kid, job, procedure, sleep","recently had cosmetic surgery. i was only looking to get a (bbl) brazilian butt lift with fat transfer.  i'm a very petite woman already (108lbs) just never had a butt. dr. mowlavi talked me into doing all this other stuff like a mini tummy tuck for loose skin,  i didn't have a lot of loose skin and  have pictures to prove it.  he said it would be the size of a c-section scar 4-6 inches.  i woke up to an incision from hip to hip.  his office said recovery is quicker with his vaser lipo and renuvion techniques. this is by far the worst pain and recovery ever. i would never recommend this for anyone! they didn't have much to do with me after they got my money ($25k not including stay and airfare and 3days extra for a nurse because i couldn't get in and out of bed. for total of 30k)
i went in everyday for first week for massages.  dr. mowlavi only saw me the day after surgery for 2 mins to look at his work.  i tried to set up a post op a week after because i was very unhappy with results.  he knew of my disappointment because my massage therapist told him.  he didn't come to the office for our appointment time.  so i rescheduled for the next day at 3pm for video chat.  again 3pm came and no dr.  we called his office several times and they said he was with other consultations and would call me. we waited until 5:30pm dr never called in, and then the office was closed.  i was beyond furious this is 2 appt he's missed and not a single call from anyone in the office to reschedule or anything.  so i called claudia and she acted like he'd get back to me and she'd be in it first thing.  she's a huge liar,  she's never had this surgery done and tells all the new clients how you could hop on a plane in a week no problem.  so instead the next day i got an email from their assistant mimi with my before and after video and said if i had any questions to email them. that was last week on feb 4th. i have yet to have a post op appt or even a scheduled appt with dr.  he doesn't care and has completely disregarded me as a patient. now i'm still in tons of pain,  my swelling will not subside and i have to go to drs to have my stomach drained of the fluid because it's moving like a waterbed which is called a seroma. it's been a nightmare.  his office has done nothing but lie and avoid me. i was told he does this with all his patients.  i'm still laid up in bed and i have children and a job i can't do.  
here is a pic of my supposed small c-section scar i have to live with. 
 pay attention and do not sign the arbitration agreement clause.  you legally don't have too!
notice that dr. mowlavi never post before and healed after results."
2,2,10.0,0.2271,"care, staff, covid, family, professional, due, physician, great, understand, provide","i came to innovative express care because my primary was moving here. i feel like it is very important to write honest reviews, especially when it comes to your health. i have been unfortunate enough to experience some not so great healthcare, and it has made me very much appreciate how attentive and caring innovative express care is. i see jenna benoit, pa-c, for primary care and have been seeing her for many years. i am really happy that jenna decided to move here because it feels like it runs on an integrated care model. they are expanding to offer wellness through ketamine infusion, cbd oil, among others. they also have an innovative med spa which i also think is great. the way they've branched out is impressed and i enjoy that they keep the same type of model. their patient portal is very easy to use and tracks your health in one setting. i am able to easily send messages and ask about prescriptions. they also have telemedicine which is helpful for when i don't need to come in/am busy. they have social workers here, too, so you can receive therapy. again, definitely feels like an integrated healthcare model being used. 

aside from going here for my primary care, i have gone to their urgent care on several occasions. my primary is kind, caring, and patient with me; she knows me well but doesn't get annoyed when i reach out, make requests, or send her many messages. as a person with anxiety, this is special to met because it helps me feel at ease. i've had the opportunity to receive care from jayme, michelle, and lindsay (all pas) in the past when i had to come in for urgent care and they were all really wonderful and kind. kindness goes a long way and it extends to their nurses who've always said hi to me and made me feel welcomed and comfortable. there was a period of time where i had to come in a few times a week or once a week and everyone from the nurses to the receptionists have always been welcoming. i definitely appreciate innovative express care and their staff; i encourage everyone to come here! be mindful that if you're coming for urgent care, you're definitely going to have to wait. it's just how it is, but i've never waited for urgent care more than 15-20 minutes; make an appointment online ahead of time is the best suggestion!"
3,3,17.0,0.2062,"call, insurance, phone, charge, pay, appt, receive, bill, horrible, today","i went to see someone here for an annual check-up. i had called my insurance before to confirm it would be compensated as part of my plan. they confirmed it. zoom billed it inaccurately, and i've had to pay out of pocket. i was told i would receive a refund which i have not seen. they then ignored my several emails to adjust it. i then wasted half a dozen calls with their useless billing department, nichole, who didn't adjust anything. do not come here unless you want to be billed inaccurately and have to follow-up needlessly. go anywhere else."
4,4,8.0,0.1213,"call, wait, doctor, day, minute, appointment, hour, time, receive, message","two hour wait and then they offered a virtual doctor on zoom at the end.  for that, just let me take it from home and zoom right???  it better cost less.   and i can just chill from the house.   i've been waiting 2 hours and still have not been seen.  same with another lady in here and she blew up.  they tried to charge for her waiting 2 hours and wanting to reschedule.  she never even talked to a doctor!!!!    i asked how many doctors on staff - only one.   and they were busy taking patients and appointments.  wtf.  

all business poor customer patient sat.   i'm out man."
5,5,9.0,0.1399,"visit, time, doctor, virtual, experience, follow, fact, hard, person, worth","i set up an appointment online for a skin reaction. when i got to the office i was surprised 1) that i would be attended to by a nurse practitioner rather than a doctor 2) that the visit would be performed via video conference.

i would never have gone in for a skin reaction had the provider been transparent that the visit were be to performed via video conference.

in short, the combination of the video conference and poor bedside manner from the nurse practitioner led to misdiagnoses for which i had to follow up with another care provider for secondary issues caused by the misdiagnoses.

i pursued review of my case, and the customer experience was abysmal. weeks for email responses, promises for phone calls, and unable to provide any documentation of the investigation that was said to have happened internally, or, at the very least, an apology. i would highly advise against this care provider and intend to pursue legal action against them."
6,6,6.0,0.1397,"doctor, give, day, symptom, eye, sick, put, medication, antibiotic, explain","wish i had read these reviews before going there..
my eyes were itching and i presumed i was having a skin reaction so i went here two weeks ago before a business meeting..
they were incredibly slow and could not get their internet to take my insurance card..
finally they set up a zoom meeting with the 'doctor' and turns out it was a pa who looked and acted like she was 12..
i repeatedly tried to explain that it was the skin under my eyes that was itching but they still insisted on making me take a worthless eye exam..
i left with a prescription for ocular antihistamine drops and antibiotics that did absolutely nothing to help me..
i finally went next door and purchased otc topical anti-itch medication and bacitracin which at least helped a little but decided i would never be going back..
the kicker is that i just received a bill for $179 which was charged to my credit card.. dont even think of going here if you are sick!"
7,7,10.0,0.1335,"care, staff, covid, family, professional, due, physician, great, understand, provide","just had another great visit at zoom care. from the front desk staff to the awesome doctor amy theppote, dpm, it was another seamless visit. although we certainly don't want to have to visit, when we are in need of care, especially quick, convenient, this is our place to go. dr amy was wonderful with our son who broke his toe. we really appreciated her kindness and knowledge. she is fantastic!  so awesome to have a doctor of podiatry at zoom care!"
8,8,6.0,0.0855,"doctor, give, day, symptom, eye, sick, put, medication, antibiotic, explain","very blessed by the care and attention i have received at caduceus. afraid that i may be contagious with the flu, the virtual visit with the urgent care confirmed my fears and they called in the medication i needed.  cannot stress this enough, this years's flu is extremely painful and getting the medication needed asap is important. so thankful to shital patel np & tanya lizarde mvp for the compassionate care!"
9,9,2.0,0.0926,"issue, time, extremely, make, service, concern, friendly, kind, person, super","my doctor was dr. kulak. we had a great experience because of him. he answered all questions and provided information clearly, whether in office, email or through video conference. even after we got pregnant and switched to a regular ob gyn he was willing to support me. the staff at genesis were kind and friendly which you need for those 630 am blood withdrawal"
10,10,9.0,0.1749,"visit, time, doctor, virtual, experience, follow, fact, hard, person, worth","i got the radiant iv drip. i wanted vitamin c for health reasons and they recommended the radiant drip. it has a lower level of vitamin c than if you get the vitamin c by itself. i also tacked on vitamin d for an addition $29. totally worth it. they have specials as well and will let you know what is available. staff is informative and friendly. they check your vitals, and you also get to video chat with a nurse to check your medical condition as well as answer any questions you may have. i want to do the hyperbaric chamber next. my skin felt hydrated and soft as an additional bonus to the iv drip. wasn't there for that, but who is complaining. not this woman."
11,11,17.0,0.2783,"call, insurance, phone, charge, pay, appt, receive, bill, horrible, today","i received a phone call the beginning of december from this company with the name of the person that would be handling my cpap machine order.  preferred received the prescription and order from sleep telemedicine services, who performed the two sleep studies on me.  ten days later i called and was finally connected to the cpap machine contact.  she informed me she hadn't even looked at the order.  while i was on the phone with her, she looked at the order and then stated she wasn't even going to submit it to my insurance because she didn't feel it would be approved.  she also felt after looking at the prescription that i didn't even need a cpap machine.  she went on and on about how doctors write prescriptions that aren't necessary, and she wasn't going to waste her time.  she ended the call stating she would reach out to my doctor and let them know.  

the next day i called sleep telemedicine services and they submitted the order to aa medical.  it was approved by my insurance the next day.  two days later i received my machine and wonderful training by the therapist at aa medical.  

never ever will i use preferred for any dme!!"
12,12,9.0,0.112,"visit, time, doctor, virtual, experience, follow, fact, hard, person, worth",absolutely the easiest doctor visit ever.  done from the comfort of my own home.  on top of that the doctor was on time and was so nice!  i used to use this video conference dr visits all the time in the mainland but this service was even better than i could have ever imagined!  thanks dr anegawa for the outstanding care!
13,13,19.0,0.1021,"week, person, start, work, meeting, good, meet, back, leave, thing",cedar count is the highest since the early 1900's and i couldn't shake the sinus pressure and lost nasal drip. so i reached out to plush care thru my insurance and was able to get an appointment within 2 hours. meet the doctor online video chat and told him what was going on he asked a few questions. he wrote a prescription i picked it up the same days and now two days later i am 95% back to normal just a small infrequent cough which will probably be gone by tomorrow. so easy and convenient.
14,14,3.0,0.1511,"prescription, medication, refill, bad, state, order, pharmacy, med, problem, contact","i tried plushcare this week, and i was quite impressed. i have a telemedicine service that is free through my insurance, but i often feel like the medical doctors are hesitant to prescribe medication unless you are in really bad shape. plushcare had a $15 copay for me with my insurance, plus 30-day trial membership, then $9.99/month. so this time, i had the flu for a week and developed bronchitis, i couldn't sleep through the night due to my hacking cough. dr. klenk was so upbeat and compassionate; she got me hooked up with needed meds for my bronchitis, and also sent a refill of one of my maintenance meds. this was on new year's eve afternoon...by dinnertime, i had already picked up my prescriptions from the pharmacy and was on the road to healing. i will definitely turn to them again."
15,15,14.0,0.1307,"back, give, test, find, time, result, covid, today, walk, information","zoomcare is the worst ever.  1st of all, you won't see a doctor, you will sure a pa (physicians assistant).  the pas we saw at bridgeport didn't look like they were out of high school and one had just started at zoom.  my wife went in on january 1st only because we were the only ones open.  the pa then prescribed a weeks worth of docecylcine (sp?) and a at the end of the week she was 75% better, but not completely well.  i had the same condition and my ent prescribed 22 days of docecycline (sp?) and i am 100% better.  on january 20th, my wife goes into zoom and asks a different pa, ""hey, i am not 100% better.  could you prescribe another 7 days of the antibiotic"".  this is where analysis paralysis sets in to the apparent high school age pa.  he doesn't know what to do, so he sends my wife to the hospital to get an x-ray (zoom bridgeport has no imaging capabilities).  we get the x-ray and zoom promises to get back to us by 6 pm.  no response.  i call back on jan 20 and the call center woman says she has no info for us.  at that time, my wife gives the call center woman her authorization to speak with me about this issue (hippa) but as i find out later, zoom never makes a note of my wife's verbal authorization.  i call back the morning of jan 21st and zoom won't tell me anything.  i then ask the probable high school girl age girl who answers the phone at the call center to simply send my wife an email to update us as to next steps, i.e. docecycline prescription.  the young girl at the call center says isn't sure if she can send my wife an email to provide an update on the pa's decision to extend a prescription for the antibiotics or feedback on the x-ray.  

if you go to zoom, be prepared for ""young and dumb"" excuses, care provided by pas and not physicians and no one at this office will answer your call, rather it goes to a non-healthcare operator who will continue the snowball of incompetency.  they aren't on epic or similar ehr.

bottom line is you must be ready to be seen by non-doctors, with no imaging back up at this center and you must be ready to endure broken promises and incompetent follow up."
16,16,17.0,0.0907,"call, insurance, phone, charge, pay, appt, receive, bill, horrible, today","they won't tell you up front how much any of their services are, so you have no idea how much they will bill you for. and, since you have to sign an agreement to pay beforehand, there's no recourse. 
also, the doctors consult via video chat. the one person who works there acts as their hands. 
i decided to wait to see my regular doctor instead."
17,17,10.0,0.1315,"care, staff, covid, family, professional, due, physician, great, understand, provide","i am hooked on lifeplus pharmacy!!!!!
family owned, caring, compassionate and knowledgeable staff. i am thankful that i found lifeplus pharmacy, my meds are always on time. i had telemedicine with dr. singh once, a very caring, knowledgeable and compassionate md. what a great experience. ritue, a wonderful pharmacist takes care of her clients and makes sure that everyone gets treated respectfully and compassionately. last night i had my vitamin and hydration iv treatments.... wow  it only took few minutes after to feel rejuvenated and ready for the new year. i highly recommend lifeplus pharmacy."
18,18,18.0,0.1664,"recommend, month, year, week, son, surgery, kid, job, procedure, sleep","first of all, i'd like to say that i don't think i can't even put into words how blessed i feel for having met dr. pawel stachowicz on 9-5-19  i originally met dr. pawel for a free consultation.(i was skeptical) but it was free!
i figured what did i have to lose? most plastic surgeons charge for a consultation.
the date of my consultation i miss judged how long it would take me to get to his office and was very late. i was stressed and had anxiety because i thought i would miss my appointment which is hard enough for me to make.
i text dr. pawel to let him know i would be late. he said ""no problem let me know when you have arrived""
when i finally reached the office dr. pawel greeted me and spent a lot of time with me going over the whole procedure, asking me questions and getting to know me plus doing the exam
i am 53 years old and i wanted a mommy makeover! a much needed breast reduction/lift, lipo and tummy tuck.
i was very specific and telling dr. pawel what i wanted.
that day in his office i was so impressed with dr. pawel and became comfortable with him and his demeanor that by the end of the consultation i listen to my gut feeling and when ahead and schedule the surgery.
normally i would have to do a lot of research and thinking before making such a big decision.
dr. paul  let me pick a day and then later called to confirm and text me everything that we went over. it's nice to have everything in writing so you can refer back to it plus it can all be a little overwhelming trying to remember what your doctor is telling you all at once.
i did call dr. powell a couple more times with questions i forgot to ask during our conversations and he was always available to answer my questions. he usually returned my calls within two hours if i left a message or text.

i had my surgery done at abbott northwestern hospital. that definitely gave me comfort in knowing i had a full anesthesia department by my side, not to mention it was much less expensive than a surgery center. i believe that's why dr. pawel is able to keep his prices so low, usually the surgery is about the same as the surgery centers fees in my experience.
the nurses that assisted dr. pawel  were great! i have to give a shout out to them as well as the anesthesiologist.
dr. pawel did such an amazing job! my boobs look better than when i was 20 years old! the body contouring and tummy tuck makes me look and feel like a teenager again. dr. pawel is an artist! i am very impressed with dr. pawel he is very good at what he does, before during and after my surgery dr. pawel was there. whether it be by phone text or video chat. evenings or weekend appointments! he was able to answer questions when i was out of town about wound care by sending in photos or video chatting. i recommend to anybody who is considering a plastic surgery procedure-especially breast or a tummy tuck- lipo to contact dr. pawel and set up an appointment.  its free!
what have you got to lose other than pounds! :)"
19,19,8.0,0.1582,"call, wait, doctor, day, minute, appointment, hour, time, receive, message","i went through a long weekend with a bad ear infection.  i called telehealth on monday morning, president's day, and i was directed to the sanford office.  i went online, read some reviews, and made my appointment for 11 am.  i arrived early because i was in pain, and i knew i needed to fill out paperwork.  when i walked in, the staff was very friendly and i filled out the new patient paperwork while i waited.  i was on the phone with my worried girlfriend, about an ear infection, and it seemed that i was called in minutes by the nurse who guided me through triage and then to the waiting room.  i waited a few minutes and a pa showed up, very nice, asked some more questions, noticed i had a visible outside ear infection, and proceeded with the exam.  i think it took longer for my prescription to be written because i was anxious at that point.  i never expect to walk in and out of a doctor's office in less than a hour, but i did.  i spent over 90 minutes to have my prescription filled, which is for another review.  i was quite please with adventhealth, and during this time, the lobby had around 5 people waiting to be seen.  they did call the people with reservations."
20,20,19.0,0.114,"week, person, start, work, meeting, good, meet, back, leave, thing","my 1st appointment with dr. wexler was in 2017. i was curious & somewhat apprehensive, as it was to take place over the phone, using telemedicine. 
i should preface my review by saying that the search for a psychiatrist who not only has excellent credentials but with whom you can feel comfortable is not easily accomplished. within minutes of speaking with him i wanted to yell ""eureka ""! dr. wexler has been working 
with me to manage & ""fine tune "" my medications. he has also been educating me about depression, anxiety & the ""how"" & ""why"" various medications work together -
all helping me emerge from the bleak, black wasteland that i have inhabited for far too long. within the 1st 7 
months of becoming his patient, dr. wexler did more to alleviate my symptoms stemming from major depressive disorder, generalized anxiety & fnd ( functional neurologic disorder) than had been the case for well over 8 yrs. he keeps abreast of the newest developments & advancements in his fields. the passion he has for his specialties is obvious. his written feedback following ea. appt. is prompt as is his response to e-mails. his reports are sent to my other treating physicians & therapist. the result: a team of professionals all working together for the same goal. my confidence in dr. wexler & in his ability to finally let me thrive cannot be overstated. how fortunate i feel to have become his patient!
ea california 

nb not à criticism but a fact of life: be aware that you will have to pay for your care out of pocket. no insurances are accepted."
21,21,2.0,0.113,"issue, time, extremely, make, service, concern, friendly, kind, person, super","had my medical marijuana evaluation with dr. fu last week and everything went well. staff walked me through the entire process, totally professional. i did in in the clinic cause i didn't know it's done with telemedicine. doh. now i know. but the good thing is i got my documents and photo id right away. i'm loving the photo id and the quality. 

since i have been coming here for weight loss consultations in the past, it just made sense to go with dr. fu again. docking 1 star because the staff forgot to tell me that i could have done it online, which would have saved me the drive. 

at least i got to see the renovated building. if we're judging purely on the quality of service and knowledge of the doctor, the rating is 5 stars. ask about cbd, dr. fu knows quite a lot about alternative treatments.





type a message"
22,22,17.0,0.1208,"call, insurance, phone, charge, pay, appt, receive, bill, horrible, today","i love that zoom care allows for same day care... i was feeling under the weather with pain/ringing in my left ear so i thought i had an ear infection. i was able to get seen a couple hours after my pain started. i didn't have to wait at all and i was seen during my scheduled appointment. they take a lot of different insurance and they have an in-house pharmacy. 

my only concern is that i was only with the doctor for about 10 minutes max and she confirmed my ear infection but she also found out that i had a sinus infection and swollen nose... which apparently all connect together. she gave me some antibiotics, a nasal spray, and some probiotics and that was $71 out of pocket... not sure how much they charged my insurance but i was caught off guard because it's definitely a lot higher than expected! my insurance usually covers 100% with a $35 co-pay so i was confused with their charges... they don't give you a receipt on the spot, you have to check the statements online and they make you view your status online."
23,23,18.0,0.1155,"recommend, month, year, week, son, surgery, kid, job, procedure, sleep","needed to get my teeth whitened before the wedding. i didn't think i really needed it but the wife to be insisted.  i didn't think the zoom products actually work but went ahead with it.  after an hour, it's safe to say my teeth have never been whiter and brighter.  no more yellow teeth!  i've been getting a lot of compliments on how white and shiny my teeth are.  i guess i really did need it!  the nurse was great and explained each step along the way.  at the end, the owner also gave me some special toothpaste for sensitivity teeth, which i thought was very nice.  fyi the sensitivity wasn't as bad as i had expected it to be.  highly recommend!"
24,24,8.0,0.1152,"call, wait, doctor, day, minute, appointment, hour, time, receive, message",first time member at kaiser 1/1/2020. have gotten sick  3 times in the last month. decide to try to seek help and get a prescription through my new health care provider. go through the evisit option only to be advised that i actually need to call the nurse hotline. i do. have to wait 1.5 hours for a call back where in the nurse advises i gargle with saltwater. i do. symptoms worsen by the next day. attempt virtual visit...don't qualify since i haven't had an in person visit yet.  call to make an in person office visit...no availability until tomorrow afternoon and that appts with a diff dr. kaiser permanente...so far u 100% suck and i 100% regret switching over to u. two thumbs down. i'll now be waiting in urgent care for the next 3 hours. god help  me if they tell me to gargle salt water again.
25,25,9.0,0.109,"visit, time, doctor, virtual, experience, follow, fact, hard, person, worth","had a virtual appointment with my 18 month old and they needed to do some testing so were going to send someone to our home within 20 minutes! there was some confusion and miscommunication about pricing but they remedied (pun intended) it with excellent customer service.

we will definitely use remedy for our future sick care needs. just a tip- make sure to call and specifically mention your child's age if you're doing a virtual visit.

remedy is a life saver for this mom of 4."
26,26,10.0,0.0871,"care, staff, covid, family, professional, due, physician, great, understand, provide","such a good experience with these people. our family has used them twice now. once was strictly a video conference and the second time they did a video and came out to the home to do labwork. overall, both times the care was exceptional and everyone we have dealt with their has had such a caring personality. highly recommended."
27,27,6.0,0.0988,"doctor, give, day, symptom, eye, sick, put, medication, antibiotic, explain","i came in because of a sinus infection and they treated me like a human and not a piece of cattle like all of the other doctor's offices i've been to. they diagnosed me, gave me the meds that i needed and i was out the door in  20 minutes. we really like zoom+care. we have also ya amen my daughere to a different location on alberta in portland. the doctor was also very helpful with my daughter and diagnosed her skin rash was  poison ivy or oak. they actually care about their patients and not just shove as many meds as possible into them. we will only use  zoom from now on."
28,28,6.0,0.2996,"doctor, give, day, symptom, eye, sick, put, medication, antibiotic, explain","how many stars do you give to a clinic that almost killed you? since zero stars isn't possible i guess i'll have to settle for one star. let this serve as a psa to get your own doctor and to never visit a zoomcare if you value your life. there is a reason you never have to wait at a zoomcare, they want you in and out and fast as physically possible. my obvious symptoms were ignored and i was shoved out the door.

less than 4 hours later after i left zoomcare, where my symptoms were ignored i was experiencing a medical emergency which was only amplified because zoomcare, and their terrible pa ignored my symptoms. if i would have listened to the advice of this zoomcare, and the ""super""clinic they referred me to, i would be dead. my husband without a partner and my children without a mother.

so to zoomcare if you're reading this, these are the telltale signs of epiglottitis:
severe sore throat
fever
a muffled or hoarse voice
abnormal, high-pitched sound when breathing in (stridor)
difficulty breathing
difficulty swallowing
drooling

i experienced 6/7 of these symptoms when i came into the clinic, which i told the pa. this pa faked a strep test and sent me on my way after explaining i was having a hard time breathing, in addition to 6 of these 7 tell tale signs of epiglottitis. if you want to see where i ended up at the end of the night, check out my review of the super clinic on ne grand."
29,29,3.0,0.122,"prescription, medication, refill, bad, state, order, pharmacy, med, problem, contact","there's a reason his location is poorly rated. linsey zocco is a terrible pa. do not see her. i repeat do not see her. i had lunch with a friend today and our conversation went like this:

friend: ugh i had a terrible zoom care experience.
me: which location?
friend: missippi
me: (gasps) no, who did you see?
friend: zocco
me: omg me too!

this is a person that should be in a lab. she should not be dealing with the public. she has a terrible attitude. she doesn't listen to you when you describe what you are experiencing, she says she performs tests that she does not. she is rude, off-putting and gives zoomcare a very bad name. she is the reason i have banned zoomcare for myself and my entire family."
30,30,2.0,0.1105,"issue, time, extremely, make, service, concern, friendly, kind, person, super","suddenly came down with a stomach flu bug.  called regenerate me and amazing customer service from the get go. the call was disconnected on my end and the reached back out to me to verify i still wanted services. they scheduled me for about 2 hours later and had me do a video chat with a doctor to go over my medical history. 

my nurse, amber, showed up on time. very communicative and informative of everything she was doing, as she was doing it. answered all of my questions and got my iv started.  she stayed right next to me and making sure i was comfortable the entire time and even covered me with my own blanket. 

thank you for this service and we will definitely recommend and use their services again if needed!"
31,31,8.0,0.1235,"call, wait, doctor, day, minute, appointment, hour, time, receive, message","this place is horrible.  the last 2 office visits were supposed to be well visits which my insurance pays 100%.  they didn't do that and now are billing for my copayment.  also, when you call they don't return your call.  you get switched from 1 person to the next and then put on hold and then disconnected.  the medical assistant is never available.  i have been trying to get a refill on a prescription for over a week. my pharmacy has called them with no luck either and sent 3 faxes.  i have made close to 24 phone calls.  most of my calls are disconnected.  they switch you all over the place and some tell me that a request has been sent but no one is responding. i left numerous messages with the medical assistants and have not heard anything.  i am out of my medication and now think i will do better with a virtual doctor.  done with this mad house that you wait 2 plus hours to get past your appointment time."
32,32,6.0,0.2877,"doctor, give, day, symptom, eye, sick, put, medication, antibiotic, explain","how many stars do you give to a clinic that almost killed you? since zero stars inset possible i guess i'll have to settle for one star. let this serve as a psa to get your own doctor and to never visit a zoomcare if you value your life. there is a reason you never have to wait at a zoomcare, they want you in and out and fast as physically possible. my obvious symptoms were ignored and i was shoved out the door.

after visiting the zoomcare location on mississippi (also a 1 star review) it was recommended that i check out a super clinic for an x-ray. i was at this location 15 minutes after i left the first location.

i explained all over again what i had explained at the previous clinic and they ordered an x-ray. it took a good 45 minutes to get the x-ray, once it was complete i started shaking uncontrollably(later i realized this was probably a spike in my temp). the x-ray guy(he was the only good thing about this clinic) loaded me up with blankets and directed me back to the exam room. i waited another good 45 minutes and suddenly it became very hard to breathe, like my throat was closing off more. i was struggling to breathe and because of this is started to panic and my hands went numb. i called out for the nurse and explained i was having a panic because it was getting more difficult to breathe.

i was injected full of ativan because they thought i was having a panic attack. i was having a panic attack because i couldn't breathe. i wasn't having a random panic attack. they gave me a thick gi drink and told me to drink it. i tried. i couldn't. i explained i could not physically swallow it. the drink kept coming up. they said they didn't see anything on the xray. i was told to ""take an uber home and rest. maybe see a gi specialist within 48 hours"". 

i thought this was a joke. but i took than damn uber home and was left without a car. i went home, tried to draw a bath and ""relax"". i started vomiting and it wouldn't stop, but i kept choking as it was happening. i was worried i would asphyxiate. thank god my mother in law was there to take care of my kids because i called the neighbor and she took me to the er at ohsu. my neighbor had become a nurse mere weeks before and she knew i was in respiratory distress within seconds of seeing me. seconds! once i got to ohsu they admitted me immediately, did a quick ct scan, and i was intubated right before my airway was completely obstructed. from the first zoomcare appointment to my intubation was 6 hours. zoomcare wasted so much time. if they wouldn't have ignored my symptoms i may not have had to be intubated and spent 5 days in the hospital.

my husband was in europe on business and because i was so out of it i was unable to tell my mother in law, or him, which hospital i went to. when he finally found me and the er doctor called him back, he was told that the doctors were unable to say whether i would live or die. he was on the tarmac on an emergency flight to come back to me. 9 hours he had to wait to know if his kids would be left without a mother and him without his parter of 20 years. but thank god ohsu was able to recognize my symptoms right away. they saved my life. if it wasn't for my own intuition i would have died that night.

the medical emergency in which i experienced was called epiglottitis, something that nurses and doctors are trained to recognize. zoomcare failed on all attempts."
33,33,16.0,0.1318,"people, place, talk, make, happen, hope, speak, woman, client, center","i've been dealing with solvent and adhesive poisoning in my nervous system which they did not catch. my husband and i came in after 3 days of not keeping down water or food. the staff was nice but the doctor as soon as she walked in profiled me immediately, with my tattoos etc, which made me feel very uncomfortable and then told me about something i might have but my symptoms didnt match.....- btw i could tell she had just looked it up because she pronounced it incorrectly (i have friends who have been working on research in the field so i knew what she was talking about right away) but i didnt want to correct her and make her annoyed. it was very sad because i was extremely sick and the other staff were nice. i also love having a woman doctor so i feel very disappointed to say this about another female. i really like zoomcare but the way she acted towards us was very off putting."
34,34,17.0,0.3188,"call, insurance, phone, charge, pay, appt, receive, bill, horrible, today","i'm sad to be writing this review considering that i have been an avid zoomcare user for several years now...until now. the staff is friendly, the facilities are clean and they are convenient. if you are uninsured, they are not affordable. luckily for me, i have insurance and thus i pay my copay and visit when i need to. on christmas eve i, unfortunately, needed to go in and receive treatment. i was told that the cost would be $146.59 as opposed to my usual $25. keep in mind that i have been going to zoomcare for years and have never paid more than my copay. i kindly advised the gal at the front desk that this was not the case and she ""credited back"" the $146.59 and then authorized an additional charge of $25. it took about 2 weeks to receive my credit back. a good 3 weeks later, all of a sudden, $121.59 is missing from my bank account. thank the universe that i had it in my account, otherwise, this random theft of funds could have been completely catastrophic. i called zoomcare customer service to attempt to discuss and received the most horrendous customer experience of my life from cori. she was genuinely the least compassionate, least educated (at her job) and least articulate (in explanation of what zoomcare had done) person that i have ever met. she spoke over the top of me every time i attempted to speak and finally got angry and hung up. she also lied when i asked for a manager and refused just before her hang up. luckily, when i called back, i received rhonda. rhonda was cori's polar opposite who took the time to explain how they had coded the visit to my insurance company etc. after having called my insurance company, it turns out, zoomcare chose a code that causes the billing to be moderated by whether the doctor is on the insurance network as opposed to whether zoomcare is. their billing error was costing me quite a bit of time as well as the money that i am out that they took out of my account without authorization. long story short, unless forced, i would not go to zoomcare again. i could have visited an urgent care and only paid a $50 copay, a fraction of what zoomcare cost me for 12 minutes of their time."
35,35,11.0,0.0926,"baby, give, support, child, pandemic, birth, hospital, daughter, thing, husband","my daughter is in town visiting for the weekend and my grand baby was not feeling well. we were having a hard time finding a place that took her insurance and accidentally stumbled on this clinic while on our way to another. the clinic is absolutely beautiful and they were quick to get her checked in and seen. the staff was so kind and they obviously love what they do. while there, we also learned that they have the option of also treating a parent if they are in with their sick kiddo but they also have a new telemedicine service for adults! will be recommending this urgent care to all of my grandma friends!"
36,36,0.0,0.1527,"feel, make, love, experience, couple, start, anxiety, ease, team, share","after seeing several psychiatrists in the coachella valley area that we're not a fit, i was frustrated and started to give up hope in finding a someone to help me with my anxiety. i decided to search for someone the la area, and that brought me to yelp. as i read dr k's numerous positive reviews, i started to regain hope. i drove out to meet him in person, to see for myself. he was so down to earth and didn't speak down to me like previous doctors have. he instantly made me feel at ease, and i was able to open up and speak with him freely. 

i was excited to learn i could video chat with him for appointments rather than drive two hours each way to la. since seeing dr k i have been able to get back on my medication, and have been sleeping through the night. best of all, he has given me many helpful techniques i can do on my own to help to manage my anxiety. i have had a very tough year and dr k has helped me more than words can express. 

i first sought help for anxiety 20 years ago, and have seen numerous doctors in multiple states. none compare to dr k, and to anyone else struggling with anxiety, i can't recommend him enough!"
37,37,3.0,0.2056,"prescription, medication, refill, bad, state, order, pharmacy, med, problem, contact","hello, i'm outpatient and recieve medication through pharmacy since i recieved my kidney which i take great care., i called the pharmacy earlier in week and talk to zooms who said no refills i said okay but out so please ask the pharmacy to please barrow a few pills until we get the priscription all while kept talking over still i told no problem it would be fine., friday came and i only recieved one prescription and so i back she said no we have not heard from your ., when ask the few colesteral pills she again talked over me and we don't have okay., no its not freakin okay.., and amid, this virus .., i tried looking around maybe i missed i couldn't believe these type of treatment was happening to me.., i called back and ask zoomi to speak to a supervisor it hung several times., i finally got i asked why she kept hanging she said no no boo boo., i said what ? street talk for the street off the lips of pharmacy to the patients., i want people to no how the treated me., she got on phone with jenny who just repeated that we don't have a prescription., and was arguing with me, i no her she doesn't no me patients who's not professional and who is this is not the first this has happened"
38,38,7.0,0.0814,"check, nurse, facility, room, minute, place, hour, staff, leave, happy",horrible experience. wait time was long. another lady was there and was complaining she had been waiting for an hour and half. spoke to 2 young ladies. both asked the same questions over again. then had some video chat.  couldn't see the person. that person asked the same questions again. by this point i'm very annoyed. finally i was taken into a consultation room with an rn that was made very clear to me that he's from mexico and he's a great plant tic surgeon. don't know why i needed to know. quoted me a ridiculous amount for botox. bottom  line didn't get anything done. wouldn't recommend this place. oh and by the way seems like the whole staff only speaks spanish
39,39,3.0,0.1449,"prescription, medication, refill, bad, state, order, pharmacy, med, problem, contact","this doctors office has disappointed me since day one. staff is really nice and helpful when in office, however niceness only gets you so far. i've had issues with billing, appointments taking far longer than needed with unnecessary ""exams"" breathing treatments, and i have played absolute hell ever getting a prescription refill over the phone. there's hardly ever a physician on site to approve a refill, and staff find difficulty in locating physicians electronically to approve refills. i called this weekend desperately out of a medication and even left a voicemail for the dr. they just called me back monday morning to let me know they refilled my medication. i wouldn't have called on a saturday and dialed to speak directly to a dr if it was not truly urgent. luckily i was able to video chat with a dr through my insurance and get my refill immediately. no thanks to this office. will not be returning to this practice."
40,40,3.0,0.1208,"prescription, medication, refill, bad, state, order, pharmacy, med, problem, contact",veterans stay away from here! i used my va referral for this place only to get one refill and now forced to see when va can see me again. it was a nice thought to be able to do telehealth only to find out the person that refilled my rx shouldn't have without seeing me in person first no one ever said anything until i reached out for a refill and that is when they told me i have to drive to them! one hour drive one way! this should have been told to me first thing not after refilling my rx and then basically saying oops we shouldn't have done that. so now the person that i was assigned to said why don't you try a different medicine? ok what i don't know what is out there and got no suggestions just insults and assumptions even though they had complete list of my rx history they never gave me options only that i can drive over 2 hours to be seen by someone else! called the va mission act and let them know what was going on they said i could only see that person who was no longer available at times i needed and only way they would cover is to get another referral from the va. if i didn't do this and just went to them for appointment and was seen by different doctor who knows where the bill would end up being passed on to. my bet is me!
41,41,9.0,0.1536,"visit, time, doctor, virtual, experience, follow, fact, hard, person, worth","so disappointed. my kids got kaiser insurance recently due to my fiancee's workplace changing insurance. it has been one debacle after another. first i went to register to be listed as a parent/caregiver. they put in our information incorrectly and somehow put that my insurance was primary even though anyone with health care experience would realize that my fiancee has a birthdate one month earlier, so his would be primary. then, my son needed an opthamology referral. they gave an approval for an outside md that was dated a year prior and therefore already expired. when i called i was transferred to another department and then called back over 3 times to get the answer i already knew. after 2 months of going back and forth, we were authorized to see the kaiser pediatric opthamologist. but then it took until january this year (2 more months) to see her.  having an over 4 month wait was unacceptable when it was all kaiser's fault. i never got a formal apology. the customer service person was sorry i had a bad experience, but with the amount of time i was fielding phone calls, i could buy a a massage and facial. now i got a bill for a phone encounter which seems illegal. my children did not have a telehealth visit nor an in person visit. that would constitute fraudulent charges. the only two good experiences i have had with kaiser were the two good doctors we saw dr. kathleen morimoto and dr. julie nishimura."
42,42,18.0,0.4624,"recommend, month, year, week, son, surgery, kid, job, procedure, sleep","so grateful that my dentist recommended carly and orofacial myology! this is not regular speech therapy.... though, it probably should be something all speech therapists are certified in. actually, dare i share, that it should be something all pediatricians, school admins, teachers, speech therapists, dentists, and orthodontists are taught about and should intern in at the very least.
both of my kids looked completely normal from the outside, but had challenges with how their mouth was forming and (as it turns out) facial/jaw/tongue/etc. neuro-muscular control challenges. the visual observation of teeth was only the tip of the iceberg. without going into lots of details, there were speaking, eating, breathing, tongue and lip ties, drooling, tongue thrust, tooth crowding, cross bite, over bite, under bite, and swallowing challenges. we were looking at orthodontists and surgical options by the time my oldest was 6 years old. all i could foresee was debt, time, lots of therapy, and metal mouths for the next 20 years. looking back now, as i write this, i wonder how i thought some braces and time would fix all this.
carly spoke about orofacial myology at a dental conference my pediatric dentist attended. our pediatric dentist had been our dentist for a couple years and had even consulted orthodontists about my kids. after learning from carly, she recommended this therapy for both kids before i got ortho/surgical quotes.
i am so glad she did. carly did an assessment and found some serious challenges. skeptical as i was, she reviewed results of this type of therapy with me and explained that both kids were having neuro-muscular challenges that could be managed to change the shape of their mouth and teeth, breathing, etc. i saw pictures of results and carly made me feel comfortable with her recommendations. after our consult, i came to the conclusion that with this therapy, my kids might not have to have braces or surgery, and that this would help indefinitely for the rest of their lives, so we started therapy that week.
after only 2 weeks of therapy, all signs of sleep apnea were gone and my son hadn't choked on his food at all. (i hadn't put 2:2 together- that breathing challenges and other issues while sleeping were signs of sleep apnea, until it stopped. neither had the pediatrician.) 
carly is so good with kids and personable, using food, straws, mirrors, even toys to get the kids thru the therapy sessions and want to continue practicing at home.
after 4 months carly showed me a side-by-side picture of the mouths of both kids before therapy and after the 4 months. if it wasn't zoomed in from their full face, i don't think i would have said they were from the same people. after 1 year, our pediatric dentist retook xrays and pulled me aside. she told me she needed to talk to carly asap because she'd never seen such natural, results. she said she never would have said (in comparing last year's xrays to this year's), that they were from the same people.
since the 2nd xrays were taken, my older child has lost all but 4 baby teeth. there's now plenty of room for her adult teeth, and they are coming in and straightening out on their own. for both kids, the apnea, ties, crowding, choking, and cross/under bites are gone. we are still working on the speech part, but that'll come in time, the little one's still pretty young.
thank you carly. i appreciate you and wish orofacial myology was something more people in the us understood, recommended, and used in regular practice."
43,43,7.0,0.1128,"check, nurse, facility, room, minute, place, hour, staff, leave, happy","can i just tell you about the top notch treatment i received here during my time of illness and discomfort. 

well, the start was in the lobby at the front desk. the sweet lady asked my name & complaint. we continued this line of conversation, and she then directed me to the examination room & intake area. 

i was instructed to give a urine sample & have and seat in the waiting room, to which i did. after having a seat, i noticed a mobile phone charging unit on the wall. there were iphone & android chargers... what a novel idea. 

the continued process was just as seemless & the care takers were ever so sweet, considerate, informative & caring. i mean, i get it, they were doing their job, but the kindness was well beyond ""just doing a job"". 

while, i don't want to return anytime soon, if i had to make an emergency stop in to an er department, this is where i'd be."
44,44,18.0,0.3755,"recommend, month, year, week, son, surgery, kid, job, procedure, sleep","recently had cosmetic surgery. i was only looking to get a (bbl) brazilian butt lift with fat transfer.  i'm a very petite woman already (108lbs) just never had a butt. dr. mowlavi talked me into doing all this other stuff like a mini tummy tuck for loose skin,  i didn't have a lot of loose skin and  have pictures to prove it.  he said it would be the size of a c-section scar 4-6 inches.  i woke up to an incision from hip to hip.  his office said recovery is quicker with his vaser lipo and renuvion techniques. this is by far the worst pain and recovery ever. i would never recommend this for anyone! they didn't have much to do with me after they got my money ($25k not including stay and airfare and 3days extra for a nurse because i couldn't get in and out of bed. for total of 30k)
i went in everyday for first week for massages.  dr. mowlavi only saw me the day after surgery for 2 mins to look at his work.  i tried to set up a post op a week after because i was very unhappy with results.  he knew of my disappointment because my massage therapist told him.  he didn't come to the office for our appointment time.  so i rescheduled for the next day at 3pm for video chat.  again 3pm came and no dr.  we called his office several times and they said he was with other consultations and would call me. we waited until 5:30pm dr never called in, and then the office was closed.  i was beyond furious this is 2 appt he's missed and not a single call from anyone in the office to reschedule or anything.  so i called claudia and she acted like he'd get back to me and she'd be in it first thing.  she's a huge liar,  she's never had this surgery done and tells all the new clients how you could hop on a plane in a week no problem.  so instead the next day i got an email from their assistant mimi with my before and after video and said if i had any questions to email them. that was last week on feb 4th. i have yet to have a post op appt or even a scheduled appt with dr.  he doesn't care and has completely disregarded me as a patient. now i'm still in tons of pain,  my swelling will not subside and i have to go to drs to have my stomach drained of the fluid because it's moving like a waterbed which is called a seroma. it's been a nightmare.  his office has done nothing but lie and avoid me. i was told he does this with all his patients.  i'm still laid up in bed and i have children and a job i can't do.  
here is a pic of my supposed small c-section scar i have to live with. 
 pay attention and do not sign the arbitration agreement clause.  you legally don't have too!
notice that dr. mowlavi never post before and healed after results."
45,45,3.0,0.1121,"prescription, medication, refill, bad, state, order, pharmacy, med, problem, contact",terrible! i get in there and they start trying to do a video conference with me.  the customer service is terrible terrible terrible.  girls at the front are rude
46,46,17.0,0.1733,"call, insurance, phone, charge, pay, appt, receive, bill, horrible, today","terrible company. i reached out to this company to get help with my anxiety. the first appt i had, the dr was 15 min late. the dr was good tho. i made my second appt with her for the following week. the day of the appt, i got a call that morning at 730 am (the appt was at 1030am) canceling the appt. i believe they told me the dr i saw was no longer with them? whatever. so rescheduled the appt for today. log on to the zoom, wait 15 min (just like the first time). this new dr is a no show. so i call to see what the issue is. i am told that my dr is being held up because of another appt. they also check my zoom link to make sure everything is ok. i am then told to log back on and wait, which i do for another 20 min. dr still doesn't show. now i am in the middle of a mild panic attack and am emotional. so at this point i call back to get my money back. they are now trying to act like it was my fault and maybe i didn't log on to zoom right? also got an email from a the dr (basically while i'm on the phone with happier living about this issue) being ""like are u ok? i see u didn't link on to the session (i was there the whole time) i guess there was a problem with zoom, blah blah blah."" i was told that i would be refunded but these other reviews have me a bit worried. i will update this post if there are any issues with refunds or other charges. terrible company. made my anxiety worse. go elsewhere and stay strong!"
47,47,18.0,0.086,"recommend, month, year, week, son, surgery, kid, job, procedure, sleep","dr. tony is an amazing practitioner and an absolute miracle worker.  he has helped me so much with a multitude of health problems, including hashimoto's disease and severe anxiety.  i can't say enough about him!  he also helped me with some emotional stuff i was stuck on.  he is the only doctor i go to because i have seen and continue to see such incredible results.  don't be swayed by some of the other reviews you see on here, he doesn't operate on the same model as a zoomcare or normal doctor's office, because he doesn't give you a bunch of pills and send you on your way after 15 minutes.  he actually takes time to get to the root cause of what's going on with you, and that may be much different than what a traditional doctor that won't really help you will do."
48,48,7.0,0.0906,"check, nurse, facility, room, minute, place, hour, staff, leave, happy",check in with fast and easy and my video virtual visit was a flight with np mary denicola
49,49,5.0,0.1339,"pain, exercise, body, follow, pt, injury, physical, excellent, issue, run","have had mixed experiences with this urgent care site. results vary dependent on doctor that is working. 

front of house service is professional and fast. nurses are competent and efficient.

our most recent visit was prompted by a ""pop"" and ""something snapped like a rubber band"" feeling in my wife's leg that also made the back of her thigh look deformed. we called out telemedicine provider who told us to go right to urgent care or the er because she may have ruptured a muscle or have a detached tendon. we followed that up with a call to our ortho office that gave the same advice. 

once in the exam room and vital signs done, the physician arrived asked us what happened. we recounted the above complaint. he poked the front of my wife's leg. said it was probably a strain and said he'd call in some muscle relaxer and give her crutches. he was in and out in lass than a minute- no exaggeration. never looked at the back of her leg. never had her stand. never evaluated her ability to walk. never touched the back of her leg. 

i have been a paramedic for decades. i have worked in an emergency room. this was the most dismissive i've ever seen a family member treated, and the most incomplete physical exam i've ever watched somebody do.

ended up at orthopedic doctor the next day and were given a different diagnosis and wife spent weeks recovering. 

don't think we'll be back."
50,50,15.0,0.0918,"session, telehealth, work, easy, therapist, helpful, continue, highly_recommend, offer, therapy","my husband and i did a pre-martial course and it was the best thing we could have done prior to getting married. we learned a lot of important tools that will help us in our marriage, and were also able to work through some issues that had come up during our sessions with our therapist. 

the fact that we could do video conference was huge, as we both have very busy lives. would definitely recommend this place!"
51,51,14.0,0.2056,"back, give, test, find, time, result, covid, today, walk, information","i am writing this review right after leaving, so it is fresh in my mind. 
i have a 15 year old with a bizarre needle phobia.... like off the charts. she had a bleeding disorder as a young child that involved weekly blood draws. the draws just never went well, and as each one happened, my kiddo became more and more damaged. 
don't get me wrong, my daughter is tough. like she will shoulder thump a bigger kid for being a bully. she is not scared of a single thing in the world. she has taken on steep skiing slopes, and handled herself in a raft going down a class five. 
but pop her in a doctor office with a teeny tiny needle, and the girl is a freak-out, sobbing, kicking and screaming mess. it is bad.
over the years, we have gone to places for shots that have held her down, snuck up on her and criticized her to get the shots in her (zoomcare). so of course, all of these tactics have only made things worse. 
today i took her in for 3 vaccines. we have been a bit past due because of the issues. you see, metro peds won't give the shot without consent.
and so for the last 2 years, i have brought my kiddo in numerous times hoping that today would be the day. only with no luck, at all.
today we went in again. she was prepared. she had her numbing cream, she had done her self talk. she felt ready.
and once again, we spent an hour in the office, with no luck. i was so pissed! it was not one of my finer mommy moments.
you see, they told us that today was the last try, if she couldn't do it today then she would have to start exposure therapy with a behavioral health clinic. and as a single mom with three kids, one of which is currently dealing with some severe medical issues that require numerous weekly office visits - my brain just could not wrap around the idea of one more kid in my house requiring weekly doctor visits. 
i lost it. like legit. 
we left the office, and as we went into the hallway towards the elevator, my daughter was profusely apologizing. and, well, i just didn't care. i told her i knew i wasn't handling the moment well.... but come on! then she felt horrible and wanted to go back in, and i said no dice. ""they told you that was it! they said no more office visits until you go through therapy!"" and she was sobbing begging to go back and make it right. and i was crying.
this lovely lady came out of a side office door, and asked us to come into her office. i was immediately mortified. i glanced in her office door and saw the couch, the teddy bears, the boxes of tissues, along with the inspirational quotes on the wall - and i thought to myself ""great, the shrink needs to see me now. awesome"" i was absolutely mortified. 
i tried to pass, tell her we were fine, we would just be going home. but she insisted, and explained she was the clinic manger. she wanted to talk and find out how she could help. 
my daughter gladly stormed into her office, so i had no choice. and i was quickly feeling like the worst mom ever. 
the woman (i wish i caught her name), talked us through what was going on, and asked me if i would allow her to give olivia another chance at getting her shots. i figured, what a waste of time, but whatever. she seemed confident, i knew there was no way, but why not really prove to her how crazy the situation is. 
i just could not stop crying; between frustration, exhaustion, embarrassment... i was a mess.
she brought back the same ma that had already spent an hour trying to give my daughter her vaccines. they talked strategy, they came up with a plan. 
so... long story short. it took another hour, but my kiddo got her vaccines! and she walked out proud with her head high. and i walked out still crying but for so many other reasons. 
i am so grateful to this clinic. i have no idea where these ladies get their patience from, but they are saints. 
i really respect their ""consent only"" policy with shots. and i am so grateful that they did not give up on my girl. 
this is the best in the business, and a very safe place to take your children."
52,52,16.0,0.0813,"people, place, talk, make, happen, hope, speak, woman, client, center","medicina del sol was a wonderful find, once i actually found it. its right in front of city hall however, google took me down a different route. anyways, my experience was great, almost too good to be true. place is legit. provider was awesome and took the time to listen to my medical issues. most places give you 5-10 minutes. dr thorne spent almost an hour with me. she was thorough and provided great care. i love that i am able to contact her via text or video chat as much as i need for a whole month which is included in my monthly fee. this was great since i don't have insurance. as a small business owner with limited income i can now afford to have a healthcare provider and not feel like i'm breaking the bank. thank you!"
53,53,12.0,0.1094,"appointment, office, schedule, phone, patient, telemedicine, email, cancel, due, receptionist","this clinic has done nothing but caused me problems. i scheduled an appointment to establish care and examine a mass. since that appointment, i have realized they ignored my request to ""establish care"". dr. mar and i discussed all my prescriptions, both in person and via telemedicine platform. now that i need a refill, the front desk is claiming we never discussed them and i'd need to make a separate appointment. an entire separate appointment to discuss a prescription i have already discussed with my doctor. after insisting this to the woman over the phone (who had an attitude), she then tells me my doctor is on maternity leave so i'd need to see a new doctor anyways. i have nothing against dr. mar, but this past year has been expensive and worthless. do not recommend in the slightest. planned parenthood hood has done a better job."
54,54,3.0,0.151,"prescription, medication, refill, bad, state, order, pharmacy, med, problem, contact","i came into the office to discuss changing my anti-depressant meds and also for chronic pain caused by my recently diagnosed tos (spine and nerve issues.) dr. davis was rude and condescending from the start, interrupting me literally every time i spoke, even tho i was only trying to answer his questions. his questions that were more like an interrogation than trying to help. things worsened when he asked where i had gotten the meds prescribed. i told him i went to zoomcare - he scoffed condescendingly and said ""well that's not very good care..."" in an accusatory way. i replied ""well it was only for a prescription, and i've been on it for a year, so they did what i needed""  he replied ""did they? because you're here now."" bottom line, i went in for chronic pain and depression looking for help and instead i was berated with reasons i was wrong and spoken down to the entire time. he wouldn't even discuss a change of meds because he said i was wrong for wanting to change. 

i'm sure the rest of the staff are great, but dr. davis  was the most disrespectful medical professional i've ever spoken to."
55,55,17.0,0.155,"call, insurance, phone, charge, pay, appt, receive, bill, horrible, today",i attempted to utilize this urgent care facility today january 23. as i entered the urgent cares waiting room the receptionist did not greet me with the hello or did not say how can i help you.  she immediately said do you have an appointment. i answered and said no i am new to the area and feeling under the weather. she didn't express any empathy and her immediate response was what kind of insurance do you have. i gave her the name of my insurance company and she indicated they do not allow my insurance at their facility and said we can't help you. i asked if she knew of a closer urgent care that except my insurance she said no but they are other facilities to the left or the right of highway nine. being from chicago and not used to this type of unprofessional experience and i would not recommend this facility to anyone.  horrible horrible horrible experience especially for someone diagnosed with the flu by a doctor who i had to see virtually.  i could not attempt another experience like that today so i went home and crawled in bed and saw a virtual doctor.  thank you receptionist at this facility.
56,56,11.0,0.083,"baby, give, support, child, pandemic, birth, hospital, daughter, thing, husband","i had a pleasant experience with ez care in getting an esa letter. the staff were very helpful and friendly. the scheduler answered all my questions and the doctor was very professional. i live in southern california but they accommodated with a telehealth (phone) consultation. the only thing i would recommend the clinic is to inform the client to expect a facetime call, not just a regular call. it's not a big deal for me but i was a little surprised when my doctor called me using facetime. overall, i highly recommend this clinic! i hope you open a branch in southern california! :)"
57,57,16.0,0.1056,"people, place, talk, make, happen, hope, speak, woman, client, center","this place does not help people with psychiatric problems. no psych evaluation was done on my daughter, she was just written prescriptions. she saw a different person each time she went, so that doesn't help since she had to explain herself like the first time, every time. their billing department is all messed up. i recently got a bill that said the balance was over 120 days past due when i was initially told i didn't owe, then when i got the bill a second time, i paid it and now there is a third bill for the same thing! it's just not worth it. people seeking therapy and mental  help want and need continuity so that trust and openness can be built with one person. virtual visits make people feel they are not worth personal attention. seeing different therapists at each appointment does not build trust and openness with the patients who might not want to tell 5-10 people their innermost feelings. just overall not a good place for a depressed/anxious person to go."
58,58,7.0,0.085,"check, nurse, facility, room, minute, place, hour, staff, leave, happy","it's a one-person urgent care run inside of a grocery store. the nurse takes your vitals and symptoms and runs checks, then gives your info to the doctor on a zoom/virtual conference and you talk it over there.

in every sense of the word: what you see is what you get. if it's something small and you need to see a doc for an rx this is the spot. 

if it's more complicated (or an emergency) do not come by. 

if you're in a hurry and want to walk in: you might get lucky trying later in the day rather than first thing in the morning. make an appointment!

5star for the nurse running an entire clinic by themselves."
59,59,1.0,0.117,"life, work, find, plan, month, year, change, program, live, home","lindsay is a powerhouse! when you meet lindsay, you immediately see that she is incredibly passionate about and committed to her work as a psychotherapist and coach. not only does she spend a tremendous amount of time and energy to continue to develop her clinical skills and expertise specific to each client, but she also puts that same level of detail into creating free content for those who otherwise wouldn't be able to afford therapy or coaching. i also admire that lindsay sees the immense benefit of providing accessible services via telehealth to busy moms, professionals and students. i highly recommend lindsay for individuals, couples and families struggling with a wide variety of issues from anxiety, to depression to relationship issues. call her today."
60,60,10.0,0.2373,"care, staff, covid, family, professional, due, physician, great, understand, provide","truthful - professional - friendly

my review reflects my positive experiences with lee chiropractic. 

i've received chiropractic care from various professionals over many years. lee chiropractic is simply the best i've had. i had several issues with my back and neck, which physical therapy and medical clinic failed to remedy. after multiple visits, my body feels great, and i'm full of energy. 

lee was forthcoming with one of my older family members that chiropractic care wasn't the best solution for their back pain due to osteoporosis. if you have osteoporosis and the chiropractor doesn't see the health ailment as an issue, run away from them. 

lee chiropractic team, including the chiropractors, massage therapists, and staff, are professional and friendly. they treated me as if i was part of their family. they also educated me on exercising and stretching properly and home/office and mobile phone ergonomics.

please be cautious of other chiropractic professionals who failed to perform x-rays or dangerous procedures. it may yield little or no results, losing your faith in chiropractic care."
61,61,0.0,0.1912,"feel, make, love, experience, couple, start, anxiety, ease, team, share","shaudi is the first therapist i've worked with. she has been incredibly helpful in guiding me through several life changes, both in-person and via video chat sessions. i initially started working with shaudi in new york for social anxiety concerns, but over the course of two years, we've covered so much more. early on in our sessions, shaudi introduced me to a lot of common tools to help improve my mindfulness practice (which was something i had no experience working with prior). over the months we navigated a variety of scenarios where these tools could be applied and built upon. i really appreciate shaudi for how personable and non-judgemental she is, and how she has created structure for me, and helped push me through many mental blocks along the way. 

i know she also works with much more complex issues as well, but if you're a young person just starting out on your mental health journey, i would 100% recommend shaudi. she is patient, perceptive, and encouraging. i always leave her office (or our video sessions) feeling empowered. i don't exaggerate when i say she has played a huge role in making me a much more confident woman in every area of my life!"
62,62,14.0,0.1021,"back, give, test, find, time, result, covid, today, walk, information","im in the clinic room waiting and the staff is really friendly but wait, my 5 year old daughter is about to see a virtual doctor and i think it just sounds hilarious. as long as we get the information and meds we need, i think itll be pretty cool!"
63,63,4.0,0.1859,"patient, doctor, medical, make, office, health, practice, review, provider, year","i've been a one medical patient for over a year now and never considered leaving a review until now! my pcp patricia evans is amazing and i do love her, but this last month has shown me what one medical is about! 

for the last 4 weeks, i've been in cold/flu season hell, with a sprinkling of other issues to boot. me, who never gets sick and hasn't been to the doctor in nearly a year. smh.

the one medical app is a gamechanger and a time saver. i've received on-call assistance with video chatting for my concerns on several occasions and made appointments with the next available provider at any practice with no long waits for someone to pick up the phone! twice recently, i didn't have the time to wait 3-6 days to see my pcp. the app allowed me to make an appointment with any provider who had room, in one case for same day care! the care was expert, there's never a wait, and my issues have been resolved promptly with care and respect. they have offices at metro center, union station, dupont circle and other areas that are extremely easy to access from the metro anywhere in dc. i've gotten in and out of each appointment in the last month in under 20 minutes, and from where i work, none of the three practices i named are over 15 minutes away! 

lastly, my appointments are always efficient, but the practitioners are never lacking in bedside manner. this practice model is one that all doctors' offices should draw from and, to be honest, i may never go back to traditional medicine. it's worth every penny."
64,64,14.0,0.2092,"back, give, test, find, time, result, covid, today, walk, information","thank you go forward, dr chevon alderson and team! 
i found out about forward on instagram! i was immediately intrigued and wanted to investigate. 
what i found was that the model of this ""concierge"" type medical group would be a great fit for me. 
i am a middle-aged woman with no pre-existing health conditions, in general good health, rarely see a doctor and am rarely sick. yet there are things i want to keep an eye on and have the support and knowledge of a medical professional. i also have a very full life, i want to know my time is going to be used efficiently. the forward office visits and telehealth option is very appealing to me. 
i have not been disappointed. 
my first visit was extraordinary. 
from the moment i walked in to get checked in i was greeted with efficiency and polite regard. i was impressed with the body scan that gathered baseline info for the doctor. my tech who took blood was great, no pain or poking around for a vein. she offered me snacks knowing i could break my fast once the blood was drawn. 
within minutes dr. chevon alderson arrived, bright and happy to relay all the info that was coming in from the blood. 
super cool technology gave me a detailed view of all my test results. dr. alderson explained everything in terms that were interesting and understandable. 
i gave her my concerns and questions and all the while our conversation was relayed to a medical assistant via microphone to be added to my chart. as we were talking the information was popping up on the screen and would be waiting for me in my forward app. 
i really enjoyed my time with dr alderson and feel confident she will continue to provide me with the care and advice i need going forward!
thank you to all the innovative docs and support who made this possible, it's super cool. 

update: i am receiving covid-19 info and screening questions through my app and have testing available should i feel the need. also have a care giver a text message away if i have any questions or concerns. 
thank you again!"
65,65,7.0,0.1156,"check, nurse, facility, room, minute, place, hour, staff, leave, happy","so.....i have the flu, and a compromised immune system due to ms...and i work with the public.  i'm overall very healthy, but thought i should double check because we are currently in the thick of the coronavirus.  i spoke to a doctor on the phone who recommended i go in and get tested.  now, keep in mind, people that are going in to get tested are ill.  they don't feel good.  like myself.  i don't want to go in because i feel terrible, but feel obligated to do so.  there was basically no one there and they got me in after approximately 5 minutes.  so far so good.  after the vitals and a video chat with a doctor, i was to be seen.  in the meantime, they put me in a conference room.  for exactly 45 minutes i waited and listened to the staff chatting, laughing and carrying on through the paper thin walls and then i went home....so here we are in the midst of a global pandemic and this is as streamlined as kaiser can pull off...$900 bucks a month for absolutely nothing ever.  our plan is written in such a way that we will never get any real benefit from it...and we know that's not a mistake...they're sheisters and should be ashamed of themselves..."
66,66,17.0,0.0863,"call, insurance, phone, charge, pay, appt, receive, bill, horrible, today","it's a typical cvs; not usually my first pharmacy choice. but, i was in the area and needed something specific...which they had plenty of.

what i liked best? the self-checkout! one of the four machines was down, but it was nice to be able to get out of there quickly. and, the machines take apple pay. score.

the parking lot is very busy and people zoom around there without really looking around...or caring about running over someone. so, be careful."
67,67,10.0,0.0905,"care, staff, covid, family, professional, due, physician, great, understand, provide","i went in for severe depression after my mother passed away. i never actually spoke with a physician and ended up leaving shortly after they took my blood. i am now being charged nearly $2000 for this visit, much of which is for a physician visit, which never happened because i left before a physician talked to me. they were going to get a therapist or someone on a video chat for me but i left before that. i have spoken with the facility and billing department numerous times. they either don't understand what i'm saying or they are simply crooks."
68,68,5.0,0.1136,"pain, exercise, body, follow, pt, injury, physical, excellent, issue, run","these guys are awesome. my doctors have referred me to four other local pt  places over the last five years (i'm a youngster at 74), and vargo easily kicks them all to the curb. vargo is just amazing in their efficiency. while i'm on the table being stretched and strengthened, i look around, and i see what reminds me of a beehive, with all the worker bees zooming around at top speed, all attending to their appointed tasks with 100% efficiency. all under the auspices of erik, who is in charge of what everyone is doing, and treats each patient with caring and respect. the regular staff all are experts at various types of therapy, and even though they do trade off their patients, the results are the same. i'm currently being treated for back pain and weakness related to a fractured vertebrae, and not only are these therapists careful and respectful of every move i make, but so far, every session produces more freedom of movement, and less pain than when i went in. i'm almost ready to put my walker into storage."
69,69,11.0,0.4066,"baby, give, support, child, pandemic, birth, hospital, daughter, thing, husband","chicago family doulas was an essential resource during my first pregnancy. my husband and i wanted to be equipped with as much information and as many tools as possible as new parents, so we utilized several services (a labor doula, prenatal yoga, and classes) offered by chicago family doulas, reviewed below. i can't speak highly enough of our experiences with chicago family doulas!

labor doula cote
after meeting with cote, my husband and i knew we wanted to work with her. her knowledge, energy, and attentive nature were a great match for us right away. she provided us with a very thorough prenatal meeting where we were able to learn more about labor, discuss our birth plan, and practice some prenatal/labor exercises. cote not only made me feel like she respected my goals for the birth, but she also empowered my husband with tools to support me through labor. cote was always available via text or email to check in and ask questions throughout my pregnancy. toward the end of my third trimester, we had a video chat with her to touch base and review our plans for the birth. less than nine hours later, my water broke and my husband and i were on the way to the hospital! during labor, cote coached my husband through giving me massage, counter pressure, and words of encouragement. when he needed a break, she was there to jump in. she also offered recommendations for different labor positions to keep me progressing smoothly. ultimately, i was able the have the beautiful, unmedicated birth i was hoping for thanks to cote's guidance and support; we truly could not have done it without her. after the birth, cote checked in with us via text for several days to see how we were doing and she had a postpartum visit with us once we were home to offer additional advice for healing. she also completed placenta encapsulation for me. overall, cote was amazing to work with and i am so thankful that she was part of my journey in becoming a new mother.

prenatal yoga with liz simbi
liz's prenatal yoga class is great for any expectant mother looking to have a little self-care time while also gently preparing their body for labor. attending these classes allowed me to remain active during my pregnancy in a supportive environment with the guidance of an experienced prenatal yoga teacher and fellow mother. it was definitely something i looked forward to each week during my pregnancy and it helped me feel strong during labor.

yoga for labor with liz simbi
liz's yoga for labor class is great for any mama-to-be and her partner, regardless of prior yoga experience. the class integrates yogic principles, reflection, coping strategies for pain during labor, tips for the birth partner, and partner yoga positions for labor. liz provides great opportunities for couples to discuss their hopes, fears, and plans for labor in an open way and allows participants to practice different positions to have in their toolkit for laboring. i was thankful to connect with my partner during this class and it allowed us to feel prepared to work through birthing our daughter together.

bringing home baby with ashley grosh
the bringing home baby class with ashley was very helpful and made my husband and me feel more prepared to bring home a newborn as new parents. the class covered topics like postpartum recovery for moms, swaddling and diapering, baby carriers and car seat safety, and more. having done a lot of preparation for labor, this class allowed us to learn a bit more about actually caring for a baby. we left with a lot of great information that helped us feel more at ease once our baby arrived. this is definitely a great class for new parents."
70,70,17.0,0.1944,"call, insurance, phone, charge, pay, appt, receive, bill, horrible, today","i went to see someone here for the first time (emphasis for later). i had called my insurance before to confirm it would be compensated as part of my plan. they confirmed it. zoom billed it inaccurately and i've had to pay out of pocket. they then ignored my several emails to adjust it. i then wasted half a dozen calls with their useless billing department, nichole, who didn't adjust anything. do not come here unless you want to be billed inaccurately and have to follow-up needlessly. go anywhere else."
71,71,5.0,0.0865,"pain, exercise, body, follow, pt, injury, physical, excellent, issue, run","as a technical consultant, i found the ability to easily send contact information on the website extremely convenient. i also love the ability to select remote services like telehealth. i can personally vouch for the technological proficiency of the counselor emily gilbert. she is highly flexible and able to be reached in a variety of ways and on an array of platforms."
72,72,2.0,0.1328,"issue, time, extremely, make, service, concern, friendly, kind, person, super","i *love* dr. jensen. i have complex medical issues. while i was undiagnosed i got a lot of negative comments from a lot of doctors suggesting it was all in my head. dr. jensen was a rock through that tough time, always helping as much as he could to alleviate the symptoms that were getting in the way of my life. all throughout the diagnostic process, the extensive reports from all sorts of providers, disability reports, my illnesses becoming more severe over time - he has always been there for me. he is kind. he is thorough. he asks the right questions. he listens. he even offers telemedicine now, which is a lifesaver for me. i have never had any problems with his office. if i have a question, they answer it. if i am having a difficulty with something - like  referral or a prescription refill - they address it. i'm so very happy with him. he checks things other doctors don't, like miconutrient assays (mine showed things that needed to be addressed). he really does his absolute best for you.  he has been my doctor for many years and i'm keeping him."
73,73,7.0,0.1659,"check, nurse, facility, room, minute, place, hour, staff, leave, happy","my mom only checked herself in the er at northeast georgia medical center due to the fact that it's in the country and they aren't as busy. little did she know that it would take 24 hours for her to get a room in the hospital.

yes, she got admitted but 24 hours? are you freaking kidding me? about 5 years ago, my childhood friend first checked herself in at the er here and they didn't help at all. they didn't find anything wrong with her. a few months later, she went to gwinnett medical and they found the cause. she needed a new kidney. since then, she went to emory to get treatment and put her name on the donor list. since then, she moved to mn since they have mayo, the best hospital in the nation!

i went off track but my point is that northest georgia medical center sucks!!!!!!!!!!! 

back to my mom. she has a lot of abdominal pain but they couldn't even come back and tell us anything but we will see. let's wait till the morning.

smh. my daughter is a navy nurse and works in walter reed national military medical center. i video chatted with her so she could talk to her grandma. she wanted to see what is going on.

a few moments later, the nurse came in and just looked at the computer. in the room were also my dad, sister, and brother. my sister asked a lot of questions cause she is worried but the nurse is clueless and gave us uncomfy looks.

she left the room and a guy walked in. he told us that we shouldn't video record the nurse and she feels uncomfy. we're like no one is recording. then i looked at my phone. i said i am video chatting with my daughter. my mom spoke and said that she wanted to speak to her grand daughter.

no apologies!! i said to him, do you want to say hi to my daughter or something? he was taken back. my sister asked him is that why the nurse acted like she couldn't answered questions cause she thought she was on film? he said he could bring her back in. we did not want her to come. she told us she was ready to leave her shift and another nurse will come in! i told him that if she really thought we were recording her, why didn't she say anything???? he said we were too nice and she didn't want to say anything. bull sh!t!! i said, so she is going to get you instead, right? he just answered that he gets called for everything.

poor excuse! no wonder my friend hated this hospital and now i understand. my parents better stop coming to this country hospital and go to the city for better service.

9/2020"
74,74,2.0,0.103,"issue, time, extremely, make, service, concern, friendly, kind, person, super","my husband and i see dr. conklin here as our pcp and we are very happy with him as our doctor, so much so that i ended up transferring our kids here from their pediatrician. 

dr. conklin takes the time to go through everything with you, and you feel like you have his full attention. he lets you explain what's going on and asks thoughtful questions, and he gives you the time to ask questions of your own. at the pediatricians' office the visits always felt rushed (after you'd first been made to wait ages), the doctor would zoom in and out again within minutes and it was all at such intense speed that most of the time you'd remember the questions you had wanted to ask far too late. 

when needed, i've always been able to make same-day appointments for sick kids, and we've often seen jean cox on those days whom i've also had good experiences with. she's been great with my rambunctious 4-year-old son, who likes her a lot and is amazingly cooperative with her. 

usually the waits are short, and the nurses are very friendly. if there's anything to comment on, it's that the receptionist comes across a bit curt, but that's a minor quibble."
75,75,7.0,0.2144,"check, nurse, facility, room, minute, place, hour, staff, leave, happy","i had quite an unfortunate visit to playa vista medical center. i arrived around 4:30 pm and there were about 4 others in the waiting room. i filled out all the necessary paperwork and then waited to be taken back to an exam room. about 15 minutes had passed before another patient, who walked in 30 seconds before me, inquired how much longer she would have to wait. the nurse at the front desk informed her it would only be another 15-20 minutes. she and i waited over an hour to be placed in an exam room. obviously, this was not pleasant but things happen and i have no control over how much time other patients require.

once i was in the room i was immediately seen by a nurse who took down some basic information regarding my visit. he then left and after 5 minutes or so the doctor came in. she was very short with me and was in the room for about 2-3 minutes. she informed me that she doesn't know what was causing my rash and would prescribe me some antibiotics to help reduce swelling. she then said she was going to fill out the prescription order and someone would be right with me.

this is where my rating went from 3 stars to 1 star. i sat in that exam room for over 30 minutes just staring at the walls waiting for a nurse or doctor to come in, give me more information, and head out considering the doctor already spoke to me. did they forget about me? well, i began growing increasingly impatient and at around the 35-minute mark, opened the door, and walked out of the room. two nurses were standing in the hallway and looked at me like they had just seen a ghost. i said ""hey, not sure what's happening but i've been sitting in this room alone waiting for more information. can someone please help me?"" a nurse quickly walks over, grabs a clipboard and walks me back into my room. he goes over the medication for about 30 seconds before releasing me and saying i'm good to go home. so yes, they did forget about me. if i did not poke my head out, i can only assume i would've waited in that exam room until they closed. overall not an amazing experience not to mention it was very expensive for a first-time patient. next time i'll just use a virtual doctor service... much easier.

i will not be coming back here and will not be recommending this urgent care to anyone i know."
76,76,0.0,0.1919,"feel, make, love, experience, couple, start, anxiety, ease, team, share","working with johna has been truly transformative for me. i started working her in early 2019 and i was at the point where traditional therapy and reiki had helped a bit, but didn't really stick for what i needed. i started with a couple in-office session, but due to a move, i've continued working with her fully remote through zoom and phone calls. i was a bit nervous of doing my sessions fully remote, because i usually like to do anything this personal in person, but it honestly hasn't been that different than being in person for me. a lot of this is because johna is great no matter what the medium or communication method; her empathy and intuition is spot on and she is always flexible with how we do our sessions. now onto how she's helped me: on top of the lingering trauma and self-sabotage i couldn't let go of, i was dealing with a serious drop in self-confidence and felt like i didn't have control over my own life. she has helped me pull out of some really painful past trauma that was buried super deep. it's been eye opening to see how much of it shaped my life, my thoughts, and ultimately a lot of the choices i've made. for the first time in my life, i can say i'm actually excited about not knowing what is next for me. i'd be lying if it didn't also cause me moments of intense anxiety, but i'm feeling more confident by the day in the toolset that i've worked on giving myself with johna's help. i can be whole self around her and that makes the sessions extra productive and helpful in helping me reach my life and career goals. thanks johna!"
77,77,4.0,0.1414,"patient, doctor, medical, make, office, health, practice, review, provider, year","i recently consulted with this endocrine specialist. she was referred by my insurance company as i searched for specialists in this field throughout broward and could not find an appointment within the next few weeks. all of the offices i contacted were booked for 3 - 6 months.

the doctor is board certified in internal medicine, endocrinology diabetes and metabolism. she joined cleveland clinic over a decade ago where she built the inpatient diabetes program, among other important quality-improvement projects. dr. villabona has recently opened up her own practice and i am one of the fortunate ones to be treated by her.

dr. villabona is caring, personable, patient, and thorough. she seemed genuinely interested in getting me back to tip-top health!  i will be returning for a follow up soon, but it's also reassuring to know that i can reach out to her through virtual visits monday thru thursday from 12:30 to 1:00 p.m., as well as early morning on the first saturday of the month. these telemedicine visits are for established patients only, so please call her office for a new patient consult today. her staff is equally knowledgeable in their profession and easy to deal with, which is an added bonus in any practice!"
78,78,6.0,0.1975,"doctor, give, day, symptom, eye, sick, put, medication, antibiotic, explain","i went on a tuesday right after they opened, barely a wait. i went in with flu-like symptoms (chills,  fever, body aches, sore throat). by the time i was there i was trembling with body aches, sweating, and could hardly move due to the aches and chills. the np was nice enough, not very friendly but she tested me for strep and flu, both which came  back negative. she told me it must be something viral and to take acetaminophen and sent another strep test to the lab, and i had to call back to find out the results after not receiving a call for two days. by thursday, i'm feeling worse. i call a telemedicine doctor who says he thinks i have the flu (nothing to do with minuteclinic but adding some back story). i go back to the minuteclinic to see if they can  give me anything or at least tell me i can go back to work or get me a note.  when i told the latest np, natacha moorer that i was here tuesday she gave a rude look and said ""and why are you back again?"" and ""don't you have a pcp?"" (not in dc as i am here as a contract therapist, none of her business honestly). again she says that it's something viral and she doesn't think i'm contagious even though i was having a low grade fever on acetaminophen. i will never go back here again, np moorer was nice to everyone before me but treated me like i was an inconvenience to her. rude practitioners and they rely solely on tests rather than putting together symptoms and listening to the patient."
79,79,9.0,0.1167,"visit, time, doctor, virtual, experience, follow, fact, hard, person, worth","my husband and i are traveling to thailand, bhutan, bali and singapore and want to get immunizations for that area of the world.  we made an appointment this morning and had such a helpful experience!  angel, the young woman who helped us, was exceptionally warm, welcoming and knowledgeable.  i must admit that i expected to get a 'hard sell' for what immunizations we should get so i did my research online before our appointment.  but to our surprise, there was no hard sell approach.  we had a meeting with a nurse online through zoom, which worked very well.  she gave us a helpful information about immunizations and also other ideas that we will use.  the office visit was $25 compared to other companies charging far more.  we appreciate our experience with wellness mart so much!"
80,80,6.0,0.2028,"doctor, give, day, symptom, eye, sick, put, medication, antibiotic, explain","i got prk vision correction surgery a little over a month ago. my eyes didn't qualify for lasik because my vision was so bad (at the exam i was measured -9 in both eyes). since prk is a more painful surgery with a slower recovery, i anticipated a lot of pain during and especially after the procedure. i felt no pain during the operation! i started feeling some pain about 2 hours later, probably because the numbing drops wore off, but it wasn't bad. i had 5 types of eyedrops to put in several times a day. for the next few days, i had some discomfort, slight sensitivity to light, and sometimes mild pain. what i didn't expect was the blurriness. i enlarged and bolded the font on my phone, and turned on the zoom function. i stayed home and listened to audiobooks. i was hoping it would be just for a week or so, but it took over 3 weeks to see somewhat clearly. i'm glad i can see clearly now, and it will slowly get clearer in the next few months. my recovery might have been longer due to my very bad eyesight. i was off of work for 1 week and not driving for 2 weeks, but i suggest giving yourself about 3 weeks to do tasks safely and comfortably. i recommend prk with dr. bindi, just keep in mind that it takes a while to get perfect vision."
81,81,7.0,0.187,"check, nurse, facility, room, minute, place, hour, staff, leave, happy","needed paperwork for this morning's scheduled 11am appointment in tarpon springs. doctor didn't send it. so i had to wait at the doctor's office after lunch, & then find an open quest that could take me quickly without an appointment. this location  was only 5 miles further, and once i logged in on my mobile phone & pre-registered, the wait was minimal. 

the waiting room was small, with two check in pads. i used one to check in with my qr code. a television kept me entertained until i was called. in addition to health news and weather, it let me know my wait time (3 minutes). antiseptic gel was on a table, if needed. another pad, by the locked door, was available for reaction after the visit (""did you feel well cared for?""). 

once inside (and it was  more than three minutes - 15 minutes until i was called), justine took care of me. her cubicle was neat and tidy. she was thorough & friendly. i was done in 3 min. & i didn't  feel a thing! she was gentle and efficient. i did feel well cared for, & i'd give this place 5 stars if i'd been seen in the advertised time (3, not 15 min.)."
82,82,9.0,0.1912,"visit, time, doctor, virtual, experience, follow, fact, hard, person, worth","action mh 1*

this action urgent care was  terrible.i got there an hour early waiting around. when they finally opened at 9 am you could tell the lady had a chip on her shoulder. it's a also wonderful workers comp case that i've been dealing with for over 2 1/2 years and i've been seen at action urgent care since the beginning. the lady said they didn't have my social security number and i said that they had to because i've been going to action urgent care for 2 1/2 years and they have all my paperwork. ive been to other clinics in safeway stores and the main locations in san jose. i had come for a telehealth/skype style appointment which is pretty much what action urgent care in safeway's or vons is. she said the doctor my appointment is with is off today. i said that was odd because i was physically in the office when he made the appointment specifically for this day and this time. she said i had to reschedule because i had to see this doctor and this doctor only. i said i wasn't gonna come back to this branch and i left. this made me so frustrated because this was two hours wasted time that i could've been at work.
i called action urgent care and ask them about this and they stated that i could see any doctor at any branch and i did not have to specifically see this one doctor.  the lady should have called to see what the doctors were available. i told the customer service line since i was seen at the blossom hill branch. when vladimir was there, service was amazing and last time i was at that branch i was seen two hours after my appointment time and there was only one person in front of me. ridiculous."
83,83,17.0,0.131,"call, insurance, phone, charge, pay, appt, receive, bill, horrible, today","i had the absolute worst experience with this dentist. i found the information for getting my teeth whitened on the philips zoom website. i was excited, because the dentist is literally one block from me. i called to book the appointment and had a great first phone call. the lady on the phone suggested that i get my teeth cleaned before the treatment. i was told it would be $90 without the x-ray or $128 with. i booked the appointment, as well as the teeth whitening package. i was so excited. i took a half day off of work in order to make this appointment happen. this morning i received a phone call from their office. apparently they hadn't received my paperwork. the office manager said that my appointment was $228. she was so rude and continuously said, ""you got wrong information; that's not my problem"". she canceled my appointment and literally hung up the phone when i asked to speak to the dentist. i'm hoping dr. feil sees  this, as i would love to share how this scenario went down. he needs to be  aware that his manager is treating potential customers like they are dirt."
84,84,6.0,0.1277,"doctor, give, day, symptom, eye, sick, put, medication, antibiotic, explain","i woke up which i felt was super high blood pressure in somewhat of a panic and needed to see someone right away.  right now with all the caronavirus panic the last thing i wanted was to go into a walk in clinic and wait with a bunch of sick people! (no offence sick people)  super convenient location and when i walked in i was extremely surprised at the decor at the clinic. it's more like a spa feel then a medical clinic.  well not quite a spa, but close! super clean and nicely decorated.   a pleasant gal greeted me at the door and sign me in and i was seen right away by doctor johnson.  

because they are by appointment i was the only one in the clinic which was really nice. the dr never made me feel rushed as a matter of fact i think it's one of the most thorough visits i've had.  she took her time to help me figure out what was going on.

i left with a minor prescription which gave me instant relief.  she also made a couple other recommendations which i super appreciated.  

that was friday, today is saturday and i feel 100% better based on her recommendation.  to top it off she called me today to see how i was doing...really? yes, she did.

i am someone who likes to take care of my own health situation and make sure i understand what's happening typically i'll go see a naturopath and a doctor at the same time to make sure everything's okay and i super appreciated that doctor johnson was open to the naturopathic community as well.  some drs just roll thier eyes.  

i agree with another review in saying this is a brilliant franchise and i'm looking forward to seeing what the new one in bellevue is going to look like the doctor was telling me about how awesome it's going to be.

i would recommend this zoom clinic and dr. johnson to anyone who has an issue.  she's 22 years in practice which is hard to believe because she looks like she's about 35.  

the easy online scheduling is awesome!"
85,85,9.0,0.107,"visit, time, doctor, virtual, experience, follow, fact, hard, person, worth",i switched my insurance so i never have to come to this office again. 3 hours wait to do a virtual visit with a doctor and who knows how long to see a doctor face to face. i had no choice at the moment but to stay but i definitely never went back after that visit. it's not worth it to me.
86,86,2.0,0.1155,"issue, time, extremely, make, service, concern, friendly, kind, person, super",fast and reasonable service. i was able to book online for same day service and the doctor had great bedside manners. dr. kendra ho ching addressed my issue quickly and was nice and professional throughout the visit. hands down i recommend zoom.
87,87,1.0,0.2294,"life, work, find, plan, month, year, change, program, live, home","this is a wholehearted shout-out to pasha marlowe of roots and springs!she is a holistic personal trainer...she is my trainer...and she is a beautiful breath of fresh air in the crowded field of wellness. pasha stands out. she turns the old stories upside down. i never thought i would work with a personal trainer. but pasha is different...and i decided i'm worth the investment to meet my wellness goals as an entrepreneur and mother in my mid-40s!

i came to pasha with some injuries (shoulder issues and si joint dysfunction) and a desire to get stronger and to find relief from chronic stress. i was feeling frustrated because although i live a pretty active life, i have not been able to stick to a strength training routine at home. i don't have time to drive the 30 minutes to the gym (and do not enjoy myself in these settings).

pasha worked with me one-on-one to develop a sensible, fun, and customized program that i could stick to in the comfort of my own home . she is incredibly encouraging, highly intuitive, and wise.

i feel so nurtured and supported in her presence. she has helped me see just how active i already am, and has helped me celebrate in a new way. rather than beating myself up about what i'm not doing, i'm focusing on what i am doing. this mindset shift has allowed me to look forward to my exercises, and i naturally want to keep going and see how strong i can get.

i've had sessions in the studio, but also a zoom video session where i felt like she was right in my home with me! the whole session was recorded too. amazing! so during those times that i can't drive to the studio, i can zoom with pasha and stay on track.

i highly recommend working with pasha. she has also just launched an amazing program: roar with laughter"""
88,88,0.0,0.0894,"feel, make, love, experience, couple, start, anxiety, ease, team, share","i've been to daymark many times over the past several years and over those years i feel like mainly i was treated like a criminal even though i was coming in there voluntarily no court order nothing like that. i would come for group therapy and see a psychologist which typically would take over three months to see one, she didn't really care what i had to say. it was also video conference which seemed crazy to me.  she had no concern for my overall well being and i'm sure i wasn't the first person to feel that way. she did what she needed to do to get me in and out."
89,89,7.0,0.1758,"check, nurse, facility, room, minute, place, hour, staff, leave, happy","after our 95-year-old friend broke her hip and became bedbound, roze room hospice stepped in and took over her care. up to now, the healthcare from her insurer was mediocre at best and we all know how that goes. a parade of beleaguered lvns, nurses and doctors calling it in day in and day out, dealing with yet another patient and never really seeing the person beyond the body in front of them. 

roze room hospice was a breath of fresh air and our saviour. i don't know how we would have taken care of her without the tireless and loving care from them. from the get-go they knew exactly what to do, ordering a hospital bed and all the necessary accouterments for her comfort. they knew the drill--diapers and wipes, her meds, an over the bed table, bedrails, a nebulizer, even an air mattress to keep the bed sores away. within hours of roze room taking over, everything was delivered and put in place, setting the stage for her optimal care and comfort. 

the roze room staff was top notch. laura, joy, keith, dr. patel, eryn, gareth, irma, and libby were all ever so professional and had plenty of heart. like me, they became enamored by our friend and took the time to get to know her.  it showed in how she was treated-- with genuine kindness and heartfelt compassion from day one up until the day of her passing. after her passing, laura and some of the caregivers were kind enough to follow up with condolence texts and touching notes as if she were family.  laura even helped me with returning all of the medical equipment and instructed me on how to safely dispose of the unused medications. 

the one piece of  feedback i would give to roze room is that i wish we had better direct access to her care team via mobile phone and text. i can understand why patients have to go through the main number to get a hold of her caregivers, but direct access to them would have been so much better. that being said, the switchboard was extremely responsive and quick in getting our messages out to the caregivers and laura the rn was kind enough to give me her number so that i could call and text when i needed to. 

thank you roze room. so grateful that you were there for us!"
90,90,10.0,0.1305,"care, staff, covid, family, professional, due, physician, great, understand, provide","the way diabetes management and care should be! i strongly believe every diabetic should have a team like steady health on their side. and with virtual visits and remote care, anyone in california can have access to the steady health team using their app!

i can't believe i've gone 10 years without them... the knowledge and expertise, and the encouragement and support are unmatched. i started off with a free trial membership, but immediately realized that their services were invaluable.

i highly recommend steady health to any and all diabetics who can use a smartphone! i'm so glad i found them, and i'm never letting go!"
91,91,7.0,0.2158,"check, nurse, facility, room, minute, place, hour, staff, leave, happy","this hospital was a circus from the time i was in the emergency room. i was one of the chair spots in the hallway. security people watching the mental patients on hold were aggravating them by turning lights on to those who didnt want them on.  playing on the rolling chairs. staff people were even going to the point of take fellow employees belongings and hiding them.
young brown hair nurse comes on and she sits at computer with her cell phone video chatting her girlfriend and asking security if they wanted to say hi to her friend. people in main er room was coming out to get help for other patients because no one was checking on them.
i was admitted and the railing of bed had dried blood on them. i took a i.v sponge to clean of the blood cause my head was near the top.  t.v's in rooms didnt work you got to stay at walls.  food was awful same three menus items repeat for the whole week.  one night i didnt even get a tray when kitchen was called they said they was closed and couldn't cook anything. 
maybe the ceo should be a patient there or his family members and see how patients are treated.  the nurses were good but not enough staff to cover patients rooms. my dog gets treated better at the vet than a human at this hospital.  stay away if at all possible."
92,92,18.0,0.0919,"recommend, month, year, week, son, surgery, kid, job, procedure, sleep","love this guy. 

been seeing him for a few years now, about every 6 months. 

he thoroughly explains things to me when it comes to what he is seeing and when he wants to remove/perform a procedure on something. his staff are extremely accommodating and have gone out of their way when it comes to getting back to me with lab results and short notice scheduling/rescheduling.

i love the fist bump, have never seen him use his mobile phone during my 8 visits, and he has washed his hands before and after the sessions i have had with him."
93,93,17.0,0.1188,"call, insurance, phone, charge, pay, appt, receive, bill, horrible, today",i had just lost my son and went to her. on the phone she promised me so much. grief counseling help with the pain i was in. i told her i could not afford much because i had my son's debt. she told me she would work with me and help me. i felt that i had found my golden ticket. i met her and she charged me 200.00 which was so much and after she said she would work with me. she had surgery promised to call and do a video chat never did. cashed my check and after that she again promised to help me. nothing. i am broken and if you could not see that and help me. shame on you. i may have lost 200.00 dollars but you have to live with yourself not helping someone who was in need of help.
94,94,1.0,0.1525,"life, work, find, plan, month, year, change, program, live, home","okay, so i never post reviews for anything, but sohomd honestly changed my life not gonna lie. i originally signed up a year or two ago bc they took my insurance (cigna at the time, now aetna), and legally the only way i can get refills on the adhd medication i've been taking for most of my life is to meet with a doctor once a month. i was tired of having to trek to an office in the middle of the workday every month just to confirm my meds were still working, so i signed up for a video appointment with a random doctor here that specialized in adhd. little did i know that would end up totally changing my life.

the guy i got paired up with, dr robert weston, is by far the nicest, kindest, and most caring psychiatrist i have ever worked with. he listens to my needs, cares about my life, and has moved his schedule around to help me in emergencies. after a year of prescription management meetings, he helped me realize i had also been suffering from severe anxiety and depression, and that medication could perhaps help. i was so nervous, but took his suggestion, and it honestly is like i am living in a whole new world. i never knew that life could be so much less exhausting or that i could experience happiness like i do now. i had been living in a fugue state of crippling anxiety and doubt before, but i never would have known it without his help. 

he was so cautious in recommending a medication for me, and made sure to check in regularly after i started taking it to ensure it was going well. 

the one major problem with sohomd is that their administrative system is a hot mess, and there was a 4 month period of time where they suddenly couldn't accept aetna and blue cross due to a weird issue from the insurance companies' end (thankfully fixed as of jan 2020), but robert moved his schedule around to accommodate me anyway so he could make sure i was doing alright, and would call me directly to check in whenever something was going wrong from an admin perspective. 

the level of care i have received from him honestly makes all of the insurance and administrative shenanigans worth it. would highly recommend if you're looking for a caring, flexible psychiatrist, who you can video chat with from a conference room at the office in between work. idk about the other people who work here, but he rocks"
95,95,4.0,0.1016,"patient, doctor, medical, make, office, health, practice, review, provider, year","of all the medical providers i've ever had, been a client of or needed medical help from, petaluma health center is by far the absolute worst!! where do i begin...

hmm. their phone system is archaic. might as well plan to be on hold for an hour or more if you call in after 9:00 am when they open. 

service: horrible at best. i had a condition that needed medication. not a big deal i thought until i asked for the medication. no telephone appointments here. i had to go in, sit in a waiting room with 20 other people who were coughing, wheezing & hacking up whatever just to get my eye treated. when i asked ""why don't you have telemedicine"" i was told ""we're a bit behind the times"". no kidding sherlock! 

in a time when the cdc & the world health organizaiton are encouraging people to stay home, i had to physically go to the waiting room to see my doctor in person to get medication that i should've been able to have a video appointment for is appalling. 

absurd! ridiculous! unbelievable! are the only words that pop into my head about this company. they remediate health care back 30 years. progressive - no! helpful - no! focused on preventing disease - heck no!! 

run. run as fast as you can away from petaluma health center!! they do not care at all about patient safety or reducing the spread of disease. they advocate for spreading it. 

you have great doctors but your policies to deal with people during a pandemic are horrific! you should be shut down or at best your board of directors should be fired!"
96,96,11.0,0.1708,"baby, give, support, child, pandemic, birth, hospital, daughter, thing, husband","love child is much more than just a yoga studio. the team go above and beyond to create a community that makes every member feel valued and supported. they helped me navigate through each stage of pregnancy and new motherhood with such care and kindness. through the pandemic they've continued to provide a five star service; all yoga, community and kids classes moved seamlessly online, and recordings are available so you can join when time / baby allows! i cannot recommend love child enough for yoga, support groups, pregnancy and childcare education and as a way to meet other parents; it's a very special place - either at 1 horatio street or on zoom!"
97,97,3.0,0.2459,"prescription, medication, refill, bad, state, order, pharmacy, med, problem, contact","if you enjoy waiting in a crowded waiting room, this is your place. if you like monthly visits, which takes hours, for medication refills- no matter how sick you might be, opposed to the every 3 month visit any other considerate doctor, per state law, schedules, this practice is for you.

consideration, maybe some compassion, for a chronically ill patient. what a freaking concept. 

how about a doctor who makes you feel like a criminal for having rheumatoid arthritis? 
argues with you about diagnoses??
tells you ""it isn't that bad"" when you are in tears over the pain??

yes to all? then boy is this your place.

after being a patient of dr. desilva's for over 2 years, going every single month (27 appts so far), i've realized these things. that sign which states ""we take time for you, because we care""- complete bs.

half the time she argues with me about meds she herself has rx'd me- ""you don't take that"". uh, yes, i do, have been for years- here's the bottle.
(oh- always bring your med bottles to avoid this).

fills you with faith, yes?

the only reason i have continued going to this practice is because florida is a royal pita when it comes to certain, necessary medications. when someone has a condition that causes them chronic pain, sometimes pain meds are the only thing that works.

sorry my body didn't accept the ""conventional treatments"", and that i can't afford the $700 plasma therapy, not covered by insurance.

this does not make me a bad person, and it doesn't mean i am not in pain.

yet, she acts as if the ra is a façade, to the point where i feel like i should apologize to her for having a flare up. due to covid i was finally allowed to do a telephone visit. i expressed to dr. desilva that i was having one of the worst flare ups i have had to date, 10+ years, stating i would not have been able to drive to the office, had we not been able to do a telehealth visit.
unable to move my right arm/elbow/shoulder, it went all the way into my back, to my ankle....i was clear about the agony.
i was in tears.
what did she do? 

rolled her eyes and asked me to lift my arm.
i couldn't. 

my punishment? 
cut meds, not only the pain ones, but other ones too.  
??
(and she argued about my lyrica dosage, i showed her the bottle, she still cut the rx.)
did she rx anything else in place? nope. didn't even have the common courtesy to tell me my meds were being decreased, a pleasant shock when i went to the pharmacy for pick up.

she orders tests, labs, images, then doesn't take the time to review them. she has no clue i have a mass the size of a flipping baseball attached to my spine, from an mri in december, that she ordered. 

luckily, i have a primary who is on the ball.
sadly, i do not have a rheumatologist who cares.

allergy & rheumatology forces people to come to their office monthly, no matter how much pain and suffering a patient might be in (even the state says every 3 months is sufficient). 
$$it's all about$$

side bitch- desilva flat out fibbed to me, saying the state requires monthly face to face visits- why lie? i know i'm an insurance gold mine to you, $267 for 10 minutes, + my $40 co-pay, is that the reason? money?? not concern for your patient's care??

indeed. 

the only ones who truly care are jennifer and grace, the front desk compadres. the new np is ok, but it simply isn't worth the stress and upset each visit brings.

i'm a good patient who does not miss any appointments, tests, or other demands they force upon me. i don't pester them with anything, i abide by what they tell me to do, and remain in constant pain, miserable all the time.
i do not deserve to be treated this poorly. no one does.

do no harm, doctor.

people with progressive, chronically painful conditions, have breaking points. many times, those pain pills are the only thing that gives me the ability to do the bare minimum. that is what they are supposed to do, make life, at the very least, tolerable.
screwing around with a patient's rx, then not having the decency to return the call when the patients notices and inquires about it, shows you don't care, and severely impedes any faith patients might have.

to summarize (tl/dr friends)

this practice doesn't give one crap about you or your condition. they care about collecting the co-pay and belittling you as a wuss, as they act holier than thou.

they will argue with you about things like ""your joint isn't hot, so it must not be that bad"", or my personal favorite, ""it's not bilateral, so it cannot be ra"".

i am not kidding, that was said to me. 
it's ra, you fool. i have the tests you ordered showing it.
i qualified for disability because of it.
what am i missing here? 
it seems to peeve desilva because i want to be out of pain and functionable??

go anywhere else. sorry. i know it's an easy place to get to, convenient for many in our area, but it is not worth the stress, and you don't get the care you need.

might as well go to a vodoo doctor, probably have better luck."
98,98,17.0,0.2037,"call, insurance, phone, charge, pay, appt, receive, bill, horrible, today","sorry excuse of a clinic. due to the covid19, my mother had to phone in a prescription request. the front desk charges us copayment before telehealth was conducted. dr. fufu he saw my mother and asked what she needed. dr. he informed her she did not need a new prescription because there was a refill on the script last month. no need for a office visit. after speaking to management and explaining to her that during a time like this, every penny counts and it's not right to charge her for service that was not rendered. she said just because she saw a glimpse of the doctor and that she only asked 1 question that was enough to charge us copayment. so this greedy office decides to charge her insurance as well as copayment. that's the kind of business they do. from what we've experienced today, it is enough to say that there is no dignity or respect of patients. money hungry ass place."
99,99,10.0,0.1242,"care, staff, covid, family, professional, due, physician, great, understand, provide","i never leave negative reviews, but my experience here was so horrible i felt the need to warn prospective patients. the office staff members were brusque, unprofessional, and distracted when helping me troubleshoot a telehealth issue (that was caused by a staff member accidentally duplicating my account). while i understand mistakes happen, the lack of compassion or desire to help someone (especially a patient seeking mental health care) was stunning. all in all, it took 6 attempts reaching out to the office before i was finally helped, and my appointment at 5:15 ended up being conducted just after 6:30. do yourself a favor and go to soho md instead."
100,100,5.0,0.1882,"pain, exercise, body, follow, pt, injury, physical, excellent, issue, run","a couple of months ago i trashed both my elbows doing a marathon of intensive yard work without any power tools. i had fairly severe tennis elbow on my left side and moderate tennis elbow on the right. and i am a massage therapist, so this was definitely not okay, shutdown or no shutdown. 

initially i called around a few local places but they were all closed. that was discouraging; a few weeks later i talked about it with my pcp and she told me some pts were working on zoom. she recommended hana lima. 

they got back to me fairly promptly, and early the next week i had my first tele-health pt session with isidro. i found him to be very friendly and personable, patient with my questions, and he exuded an optimism that i liked.

he also was thinking ahead of where i was. (i am not only a massage therapist but an anatomy teacher and i thought i had this thing mostly figured out already). his approach was different from my one other time doing pt, where they just analyzed my movements and assigned a bunch of exercises. he taught me how to use my healthier movements to retrain my less healthy ones. over the course of about five sessions, i noticed a good deal of improvement in my elbows and also in an unrelated issue with my foot. i loved his holistic, all of the body approach. it works. i could see the results during our sessions.

i would recommend hana lima, and in particular isidro, if you need physical therapy. i am grateful for their work."
101,101,6.0,0.1202,"doctor, give, day, symptom, eye, sick, put, medication, antibiotic, explain","trigger warning

i have had a number of bartholins cysts on my left labia for a few years. they tend to blow up overnight and are extremely painful, this most recent happened on a saturday and i was happy to be seen by mom doc instead of going to the emergency room in the middle of the covid19 pandemic since i could not be seen by my regular doctor until monday. this has been, without a doubt, the absolute most traumatic medical experience i've ever had. my pain tolerance is low and the insertion of the required catheter for this cyst to heal makes it intolerable- my regular doctor always prescribes a minor pain medication to assist me in sleeping and moving, let alone going to work. the np that assisted me (teresa i think) adamantly refused to give anything other than a topical lidocaine cream - this did nothing to ease any pain. i was told it would be taken out the following saturday and i would be given no pain relief- i had been bed ridden with fever nausea and pain for a week waiting for this appointment only to arrive this morning and have the medical doctor advise that the catheter must stay in place for at least an additional week - news to me. i asked about pain relief to assist, doctor said motrin and tylenol, both of which i have already been taking. then, without consent, pushes the other half of the catheter into my vaginal cavity and immediately triggers the ptsd i have surrounding an assault, and causing infinitely more pain than what i had already been experiencing. i called the number for assistance, anything, and was told i either must come back in or see a virtual doctor since no one could prescribe me anything without me reappearing in person. i know i maybe could have pressed harder but it is so humiliating to beg for what you need in the presence of a doctor who claims they know your body and pain better...
i feel violated and humiliated. i'm in crippling pain and i'm terrified to go to the emergency room because i also have asthma and am high risk for covid19. meanwhile my boyfriend can walk into his regular doctor and be given horse narcotics without even dropping his pants. 


this is not a safe place for people with vaginas. please protect yourself and go somewhere else. wait for your regular doctor. my safety and my body feel completely compromised."
102,102,16.0,0.1224,"people, place, talk, make, happen, hope, speak, woman, client, center","i would like to start by saying that i felt obliged to open up an account and post a review for the first time in my life.... 
i went to this office as my previous obgyn, who was independent yet affiliated with this practice, retired.  i absolutely loved dr. bridges and given the affiliation felt that the standards would be upheld in this practice. 
i had absolutely abhorrent experience.... and you should consider your options before going to this office.

- it all started with sono tech who rushed me to urinate as she was running behind schedule. she also proceeded with cutting what meant to be a 30-40 min sono into 15 min tops. moreover, dr. bajaj who later saw me to go over the sono findings was absolutely awful. not only she doesn't have bedside manners, she instilled anxiety in me which will likely last throughout my entire pregnancy. she told me that they found a cyst and a calcification on sono which are anomaly findings yet she proceeded to tell me that these findings are associated with chromosomal disorders. 
yes, i would like to know everything that's going on, but delivery matters... 
needless to say i asked her to forward my information to high risk md to see if he would advice anything different from what dr bajaj suggested, which was the worst part of my experience. she told me it was nothing to worry about and to come back in 4 weeks. 
dr. bajaj also failed to follow up and provide my referral to high risk doctor and when i had a zoom call with him, he had no sono imaging to consult me on. 
it's shameful. needless to say, i will be switching practices."
103,103,3.0,0.1305,"prescription, medication, refill, bad, state, order, pharmacy, med, problem, contact","i am a regular patient of greenridge behavioral health in gaithersburg and frederick maryland.

services have been great until yesterday. i saw the doctor in the morning via telehealth and all went well. however,  7 hours later my pharmacy still had not received my prescription.

i contacted the re-fill line via email and was assured my prescription would be sent shortly. waiting near pharmacy which 30 miles from my house for 3 more hours and it never came.

this seems to be funny to the refill department, but it's wrong and dangerous.

i'm leaving the practice and retaining a lawyer.

i recommend you go somewhere else for your mental health needs."
104,104,17.0,0.216,"call, insurance, phone, charge, pay, appt, receive, bill, horrible, today","sorry excuse of a clinic. due to the covid19, my mother had to phone in a prescription request. the front desk charges us copayment before telehealth was conducted. dr. fufu he saw my mother and asked what she needed. dr. he informed her she did not need a new prescription because there was a refill on the script last month. no need for a office visit. after speaking to management and explaining to her that during a time like this, every penny counts and it's not right to charge her for service that was not rendered. she said just because she saw a glimpse of the doctor and that she only asked 1 question that was enough to charge us copayment. so this greedy office decides to charge her insurance as well as copayment. that's the kind of business they do. from what we've experienced today, it is enough to say that there is no dignity or respect of patients. money hungry ass place."
105,105,7.0,0.1847,"check, nurse, facility, room, minute, place, hour, staff, leave, happy","cynergy will indeed reopen on may 18, but they've put in place strict safety procedures:
....all staff have been tested for coronavirus and will wear masks & ppe.
....all staff and patients will be screened for the virus at the respective entrances and given a temperature check.
....all patients are required to wear a mask or face covering.
....social distancing measures will be enforced; patients will be seen in private treatment rooms and no patients will be allowed in the waiting areas (patients are requested to arrive at their appointment time and not earlier).
....all cynergy sites will be thoroughly cleaned & sanitized after each visit and throughout the day.
....alcohol-based hand sanitizers will be at each location and patients are also asked to wash their hands with soap prior to their session.

telehealth sessions will still be available, both for returning and new patients.."
106,106,5.0,0.3019,"pain, exercise, body, follow, pt, injury, physical, excellent, issue, run","quarantine got my body f#*!$? up.  somewhere between the constant barrage of zoom meetings, home/garden construction projects, bread making and laying in bed binge-watching my shows - i developed an intensely painful knot behind my left shoulder blade and stiffness in my lower back that limited mobility.  at its worst, the shoulder knot would spasm and send shooting pains down my arm at the slightest movement.
  
stretching, icy hot and a tennis ball helped to relieve some of the tightness but i could tell i was always one wrong step from tweaking the muscles again.  in desperation, i even called a nurse friend who gave me her old muscle relaxers (i know, bad) which provided me with more temporary relief. 

enter sarah.  her clinic was clean and serene.  she was clearly very knowledgable and experienced.  the acupuncture was amazingly precise - how a needle in the back of my knee made my shoulder go slack, i may never know!  i found the cupping to provide a release, similar to the way a deep tissue massage does.  the combination of treatments released the knot so that when i left, i could already rotate my  shoulder without the painful pop.  the next morning, i was able to get out of bed like a normal person and not tenuously slide off as i had been doing for weeks.

i hope to be able to return soon in order to continue showing my body love.  thank you so much sarah :)"
107,107,4.0,0.1033,"patient, doctor, medical, make, office, health, practice, review, provider, year",best psychiatrist ever. he saved my entire family by making a diagnosis no other doctor could. i love his staff and he is always available. these bad reviews are from drug seeking patients. dr.hazany is very careful with his patients' health and and some only want to abuse his prescriptions. he was able to do a virtual consult for me despite quarantine his office is open for telemedicine visits. a true life saver!!!!
108,108,6.0,0.3981,"doctor, give, day, symptom, eye, sick, put, medication, antibiotic, explain","dr. lenoir is nothing less than a life saver.

and a mild mannered, low key one at that.

nothing flashy-just knows his stuff, and gets the job done pronto.

i spent 3 long years seeking someone who could think out of the box regarding a 5 month bout i had with an upper respiratory illness in 2019.

i did everything, multiple evaluation visits with others (all great doctors), chest xrays, blood work, you name it. no results! no hope. 

after giving up-my gp said.....go see this guy.

i did.

in 10 minutes, on the phone (covid19 req'd telemedicine), he diagnosed what i had was similar to what he had had, and had treated hundreds of cases of beginning in 2016.

2016 was the first year i was afflicted.

long story short, he proscribed what i had begged others for: an unconventional drug regimen he had developed to treat novel coronoviruses that had first appeared in the bay area in 2016.

5 day regimen. day 1, i felt miles better.  day 5, illness be gone.

day 8, 80% back to normal. on day 8, he proscribed a finish up regimen to go the last 20%.

no bs, no pleading, just competence from a doctor that new what he was doing.

dr. lenoir is not interested in putting you thru the ringer. he listens, he responds with a solid what he knows.

i had seen 8 doctors spread all over northern california.

i spent a total of three years and gazillion$.

this doctor nailed it in 10 minutes.

seriously.

i will never lose his number.

if you suffer from prolonged dry cough, shortness of breath, and extreme fatigue after being sick with flu like symptoms which are covid19 markers....don't wait for the cdc report in 2021 that explains why....just call this doctor's office and give him a whirl.

as far as i am concerned-dr. lenoir is a miracle worker.

i only wish i'd found him in 2016."
109,109,19.0,0.0847,"week, person, start, work, meeting, good, meet, back, leave, thing","met with maria via zoom this past weekend. i'm a first time mom of an 8 week old and have had mastitis twice now. i was in so much pain, didn't know what i was doing wrong and so i reached out to maria. she listened to what was going on, talked me through some tips and tricks on what i can do to alleviate my current pain and how to prevent it in the future. i felt so much better both physically and mentally after meeting with her. then she sent me the most detailed and helpful follow up email. i highly recommend tree of life lactation do anyone and everyone."
110,110,10.0,0.0974,"care, staff, covid, family, professional, due, physician, great, understand, provide","i was recommended to come to ivyrehab through family and it was the right decision. their professionalism, cleanliness, and knowledge is above standards. the staff treats you like part of the team and the impact is noticeable in every client. i must admit i became a little worried about leaving the house because i have young children at home but roger explained telehealth services in detail and made it a breeze. it was as if i was still attending my sessions but in the comfort and safety of my own home during these uncertain times. i highly recommend ivyrehab, you will not only recover but gain some friends along the way!"
111,111,4.0,0.119,"patient, doctor, medical, make, office, health, practice, review, provider, year","i can't imagine delivering with any other group than wgon.

i have been a regular patient for years just going to the nurse practitioner team for exams (barb is a gem!) and recently transitioned last june to dr. sheeran after conceiving through fertility treatments. 

as with many practices, you rotate through all the doctors during your appointments and found everyone to be kind, informative and patient. of course, i do have a few favorites, (levin is my lady crush), katz is so freaking lovely and kind when we did have some concerns during our week 20 ultrasound, and dr. levitt delivered us and was incredible. during my delivery, we had a few complications and dr. levitt did everything she could to help deliver our son safely. the staff has also continued to follow-up with me post delivery on check-in calls and referrals to help my recovery. 

i was surprised to read some had concerns with late appointments/etc as i don't think i ever had one appointment run later than maybe 10 minutes? the front office staff is great and work hard, i have so much respect for these ladies.

lastly, being able to deliver at prentice i was blown away by the staff. while i mentioned we had a not smooth delivery, the entire staff whether doctors, nurses, etc truly went above and beyond. 

as i write this we are going through the covid19 crisis and i have been impressed with how wgon has pivoted to telehealth options to continue to care for their patients. thank you wgon for your care and i'm so thankful to be part of your practice."
112,112,2.0,0.1026,"issue, time, extremely, make, service, concern, friendly, kind, person, super",dr. j. andrew and the entire office made my first experience with telemedicine a breeze. everyone was friendly and knowledgeable. all star physical therapy is fantastic!
113,113,17.0,0.1229,"call, insurance, phone, charge, pay, appt, receive, bill, horrible, today",only out for money! no care for your concerns. i'm on ui. had to bring medical statement firm to fill out on 3/31/2020. was told it was gonna cost $68 in total to have doctor fill out form & fax. no problem since i no longer have insurance so no choice. recvd call same day instead of video chat as promised. doctor nicknam was rude and short on phone. rep gabby called next day stating they will need additional $45 for taking his time. i advised i'm on unemployment and is limited on funds. she adv is per the doctor. never again! they're lucky they're getting any star rating at all from me but gabby at the front desk was the only pleasant one who actually took the time to listen to my concerns! how any institutions can take advantage like this during a pandemic is mind blogging and frankly disgusting.
114,114,11.0,0.1367,"baby, give, support, child, pandemic, birth, hospital, daughter, thing, husband","short version: phenomenal clinic. i gave birth 8 weeks ago, right when covid-19 was squeezing ny by the throat. it was a natural birth, my baby is healthy, and my body is basically back to normal - all things made possible by the expert care and support of dr brennan and his partner jais. the cliff notes on this clinic are that it is exceptional - immaculate, outstanding patient care, quirky and kind bedside manners all round, and connected to the best hospital in nyc. i cannot recommend the practice highly enough. long version: i was recommended to dr brennan by my boss (an experienced attorney who doesn't suffer fools), after i lamented the prevalence of arrogant, impersonal doctors. ""you will love the brennans,"" my boss said. ""they are eccentric, experienced, won't push an agenda, they'll give you all the time in the world, and will make you feel like family."" she was right on all counts. the brennans invest seriously in their patients. throughout my pregnancy, they discussed each decision point in depth, teasing out the best path forward. perhaps because i'm a lawyer, i saw the fact that they would discuss pros and cons in front of me as a sign of true professionalism - they weren't arrogant enough to think there was one right path, and they weren't afraid to test one another's views to make sure we got it right. no question was stupid, and even if my appointment was initially 15 minutes long, they would keep answering my questions for an hour if needed. dr brennan is permanently on call for his patients, and i contacted him regularly with concerns that usually amounted to nothing but which he treated with the utmost seriousness. yes, the flipside of this kind of personal care is that appointments sometimes start late, but i would rather wait for an appointment and have this level of attention than efficiently get bad service. (and to be fair, people like me regularly rock up 45 minutes late and throw their whole schedule out of whack...).

another important plus is that dr brennan is the only doctor. in so many practices you never see the same doctor more than twice, so when you are sick they don't have a point of comparison. (nothing like being told you're fine when you feel like death). this meant that when i showed up at dr brennan's office late at night in serious pain from my contractions, he could trust right away that i wasn't playing around and needed pain relief stat. he could also read me like a book during labour - eg he suggested i use a mirror because i'm goal-orientated (and yes, it was a huge motivator!), and he knew when he could push me to the next level during delivery and when i truly needed a break from the pain. i'll always be grateful to dr brennan for staying so in tune with me. i trusted him, and if he'd said i needed a c-section i would have gone with that whether i'd wanted to or not - childbirth is full of risks and curveballs, and that's why we have experts like him to give us their best bet.

dr brennan's connection to lenox hill hospital is also a major drawcard. the staff are extremely supportive and professional, and that was so important since i was only allowed one support person (because of corona). a few days after my birth i had to go to the er at a brooklyn hospital on a non-birth related matter, and the staff were horrific - cold, unprofessional, no ppe, and the only way i got through that was because dr brennan coordinated with the er doctors (and calmed me down!). 

post-partem, the brennans have also been incredible. they have seen me by zoom, and started me on treatment on magnetic chair that gives a bajillian pelvic floor exercises in a short amount of time - well worth it!

i was horrified to read a review that dr brennan is a 'yeller' and jais tries to cover up - what bizarre accusations. nothing could be further from the truth. dr brennan is calm, kind, and nothing is too difficult. jais is also a delight - hilarious and incredibly supportive. they are cautious but not overzealous with testing, and they never pressured me - eg i decided not to get the amnio or the late term scans, and there was never any pressure to do the contrary. i was bemused by the reviewer who questioned the regular internal and external ultrasounds - how do you think dr brennan is supposed to see what's going on? holistic fortune-telling? x-ray vision? psychic ability? (side note: i loved these ultrasounds - hearing my baby's heart beat each week was the most incredible part of pregnancy. why would anyone not want that??) 

thank you, dr brennan and jais, for being with me on this remarkable journey. if i have another baby i want you by my side again every step of the way!"
115,115,14.0,0.1518,"back, give, test, find, time, result, covid, today, walk, information","i'm a new patient and so far i've been happy with the attention that dr. weitz has given me as we try to figure out what is going on with my body as he seems concerned and thorough. however, office management is horrible! i realize that with the corina virus everyone is under pressure, but they have made so many mistakes with every single phase of my care it's astounding. they scheduled me for my first room visit then told a week later they had to reschedule because the person doing the scheduling did not put me into the correct slot with enough time. then with every single test, they forgot to send the paperwork or sent the wrong paperwork. then when the lab (located across the hall) called to check to see if a test was really the one they wanted (it was, evidently, an unusual request) the staff told them not to do the test, and i had to back to get it down because it was required. they forgot to send an mri script which i followed up on several times and today i had to call them 6 times more for that same script and when i tried to find out information so i could schedule and not lose precious time, they told me incomplete information so i still could not schedule. then i went to the lab, again, and another script was not there. i called the office and they said ""oh, the faxes never go through to the labs, we always hand patients the scripts."" but they did not tell me that information and are not going to even try to figure out what the problem is even though it happens constantly.  i'm not mentioning half the issues here. everyone seems ""nice"" but there is no follow through or coordination. g-d forbid i am hospitalized and need them to coordinate care - that is a terrifying prospect!

update: i've had yet another issue with office management. i had a zoom meeting scheduled with the doctor and even though i confirmed it multiple times, the office called me to tell me i did not have the appointment. then i called back yet again and told that i did. this caused me a great deal of anxiety because i need to talk to the doctor about an mri done the day before (april 11th, 2020) that could have indicated bone marrow cancer (thankfully it did not) ... so obviously i was very anxious. i spent the whole night worried that i might have cancer and that i would not be able to even get the results. they really need to get their shit together!

update: may 20, 2020: i had a zoom meeting with dr. weitz on may 13th where he told me he would order an mri of my lumbar spine. i informed him and the receptionist that i've been having problems with office followthrough and was assured that the script would be sent to river radiology and an authorization obtained if necessary. i also asked that the office manager look at this review and contact me. i called today and nothing was done - no script. i spoke to both the recetionist, who saw me on the 12th and the front desk manager asking that they follow up and let gina, the office administrator know that i am still awaiting her call. i now have to wait till june 1st for my mri becasue of this delay. i am still unable to sleep more than a few hours a night because of pain."
116,116,8.0,0.125,"call, wait, doctor, day, minute, appointment, hour, time, receive, message","this is the worst run speciality clinic i've ever been a patient of.  the appointment process is inefficient (was scheduled once at a location that the doctor i see never goes to) and the wait/call back times are unreasonable.  the doctor i see is always running late, even at 8:30 in the morning and the staff is flippant - they have never apologized for the inconvenience.  i'm now sitting here since 7:30 this morning for my telemedicine appt at 7:45 and no call has come in.  i called the office and was told ""we are running late today"".  odd since i was told i was the first appointment in the day.  i will find another clinic; this isn't worth the frustration they put patients through."
117,117,1.0,0.272,"life, work, find, plan, month, year, change, program, live, home","i've done a lot of research on personal trainers in northern virginia and brian is top notch! i stumbled upon brian's business (bowtai fitness) on reddit and reached out via email to ask some questions about his process. he got back to me quickly and answered my bajillion questions very thoroughly. he also suggested setting up a time to meet so i could tell him a bit more about my fitness goals and check out the gym. 

through our chat, it became clear that brian takes a scientific approach to pt, is very safety conscious/is a stickler for form, and is very results-oriented. we also clicked on a personal-level, which is always nice to have with a trainer! i've been training with him for a few months and am very happy. i'll go into a bit more detail below.

approach:
brian created a custom program for me based on my fitness goals. it's all tracked and shared with me via google docs. every few weeks he switches up the program. i told brian i also want to train a few days a week at home and he was extremely accommodating. he asked me to take a picture of my gym and equipment and he created workouts that worked for me and my situation. this is above and beyond in my opinion! i also appreciate that he takes a holistic approach by incorporating nutrition into the program. he gives me my macros and updates them every so often depending on my progress.  

facilities:
i really like brian's gym! it's called district barbell and it's located very close to the mosaic district. it's very private. usually there are only a couple of other people in there during my sessions. he has all the equipment i could ever want - and more. it's very clean and parking is easy.

flexibility and availability:
brian is really flexible. it's truly a personal training program and he is happy to adjust the schedule, training, nutrition, etc. to you and your unique needs. he's also really accessible. he's very open to communicating via text if you have questions about nutrition or training!
obviously things are different now in the times of covid19. however, brian's flexibility is even more apparent during these times. he definitely has options to help you on your fitness journey remotely! he offers virtual pt sessions as well as killer group training sessions via zoom a few times a week. he is also still helping me write custom programs for my home gym and checking in every now and then to see how i'm doing.

i highly recommend training with brian!"
118,118,6.0,0.0974,"doctor, give, day, symptom, eye, sick, put, medication, antibiotic, explain","i have been going to this clinic for nearly 20 years and lately they need to see you in person for every single thing. they can't refill a prescription without a meeting. after taking antibiotics a person knows when they have a yeast infection and a telehealth conference is going to nothing more than fill their pocket book. the bigger they get, the worse they get."
119,119,8.0,0.2033,"call, wait, doctor, day, minute, appointment, hour, time, receive, message","i would leave a 0 if i could. i made an appointment for late afternoon 3:30  because i'm busy with kids on zoom during the day during this covid -19 crisis. i was called 2 days before my appointment that the time needed to be changed. they gave me 11:30am  on the same day. i went in at 11:20am. the waiting room was small and filled with people and there was no ventilation. about 12pm a woman complained she had need waiting an hour to see the same doctor.  one more person said he was also waiting to see the same doctor at 12pm. about 12:20 the 11 appointment was called in and at 12:35 the 12 appointment guy was let in!!! i was skipped over!!! i asked the lady at the front desk why the 12 o'clock appointment went in before me? she just shrugged her shoulders!! i asked for my co-payment back and left because i had kids at home that needed me. seriously, how unprofessional for a doctor's office. everyone look somewhere else!! i will not be going back."
120,120,6.0,0.1662,"doctor, give, day, symptom, eye, sick, put, medication, antibiotic, explain","terrible. i had cataract surgery about 16 months ago. immediately a secondary cataract started to form in both eyes. doctor said lets wait a year and see how things go. eyesight got much worse. a simple 10 minute in-office surgical procedure will clear the secondary cataract. 

but guess what?? now, nobody is available to do it! an eye hospital with dozens of physicians, supposedly ranked about the best in all of america, and on may 18, 2020 not one doctor is available to see me. they want to do telemedicine. examine my eyes ""virtually"". don't worry said the doctor's assistant, your insurance will cover it. it's great, telemedicine, take advantage of this great opportunity. 

but of course i refuse, because it is absurd. this place did surgery on both my eyes and now they refuse to see me to deal with a surgical complication that needs treatment. no doctors are available. none. and the excuse is the coronavirus. they are not seeing patients. 

don't go to this place. they don't care. you as their patient are not important."
121,121,1.0,0.0995,"life, work, find, plan, month, year, change, program, live, home","i have been mis-diagnosed with dandruff my whole life. every dermatologist i've ever been to has immediately told me that i have dandruff and prescribed me the same treatment i've always tried that never worked. this winter my ""dandruff"" has been worse than ever. i found dr. gumaste online and thank goodness i did. she pretty quickly told me that it's not dandruff i have and that she knew exactly what my diagnosis was. she prescribed me medications for it and for the first time in over 15 years, i have been living with a normal scalp! i had to do my follow up and get a refill of my prescription during covid-19 so we spoke over video chat and it was easy and great. i highly recommend dr. gumaste and her office. they have changed my life and given me relief that i so badly needed."
122,122,8.0,0.1616,"call, wait, doctor, day, minute, appointment, hour, time, receive, message",came for scheduled appointment at 2:10 about 10 minutes early. was sitting in parking lot for over 45 minutes. call them and was told it was for a video conference. i said i made it clear that i needed to come in and was told that was fine. i call them from their front door and am told that i would have to wait up to another hour and a half longer. ridiculous after waiting in my car on a day it's 88 degrees out burning my gas. so i didn't even get a call for a phone conference call as i was waiting in car with my phone. they can't get anything figured out here. just disappointing cause my doctor got promoted and i cannot get anything done right.
123,123,15.0,0.1171,"session, telehealth, work, easy, therapist, helpful, continue, highly_recommend, offer, therapy","i love the service, professionalism and care i receive from beach cities counseling and working with dr. mariam. recently i've been using the telehealth option and find it very easy and convenient. i would highly recommend dr. mariam to anyone."
124,124,17.0,0.2057,"call, insurance, phone, charge, pay, appt, receive, bill, horrible, today","due to the new covid-19,
they now have started teleconsulting, via zoom.
which is just another way to get an extra copay, before they call you to the office. the zoom conference was nothing but as useless as a phone call, the same questions could have been asked on the phone. instead they charged our card once for the zoom call when the 'doctor' on zoom told us to go to the clinic to be seen in person, where they charged another copay.  
which, btw, was also not very useful.
how shamelessly exploiting the current crisis!

edit:
they refunded our card for the 'second copay charge made in error'."
125,125,10.0,0.1029,"care, staff, covid, family, professional, due, physician, great, understand, provide","we've been taking my son here for the past year for ot therapy and i can't say enough good things about them.  from the time we first started with coordinating the schedule for my son, until now, that we're having to adjust to using telehealth services during the covid pandemic, pta staff has always been accommodating, helpful, and more importantly, great with my son, who is on the spectrum. i've read that some folks have a hard time reaching staff here but that has not been the case for me.  they provided their contact#'s from the start and there has not been any problem with getting a hold of staff there.  his therapist, ms. belle, is always available to answer my questions and she always contacts me with any updates.  i highly recommend them."
126,126,2.0,0.098,"issue, time, extremely, make, service, concern, friendly, kind, person, super","this is the best pt that i have been too. a great amount of attention is given to their patients, the place is excedingly clean, and they are super friendly and kind. the addition of natural movements through yoga has helped my back and hip a lot! a+++

it's great now with covid19 that they can also do telehealth calls."
127,127,1.0,0.3812,"life, work, find, plan, month, year, change, program, live, home","let me start by saying bristol and his wife kenyatta have changed my life. i was at a point in my life where i had gained an unhealthy 50 pounds, every fad diet i tried was no longer working for me and i couldn't motivate myself to get through tougher workouts. i found them on yelp and was directed to there website where i was able to fill out a form to request more info. bristol contacted me right away and we scheduled my free in-person consultation for the next day. when we met at the gym, he showed me around, walked me through his fitness/nutrition plans and then had me complete a functional movement screening test to gauge my fitness level. because i liked the vibe of the gym, i signed up for a 3 month, 3x a week 30-minute 1-1 training program that came with customized bi-weekly meal plans (really great, easy recipes btw). 

in october, my first month, following the meal plan and working out with kenyatta 3x a week i lost 12.04 pounds and 9 inches around my body! in november i lost 10 pounds and 8 inches around body. in december, my last month of the program, i lost 9 pounds and 7 inches around body. it still shocks me how month after month, even through thanksgiving and christmas ""off days"", i still saw such a huge transformation in the way i look but most importantly the way i feel about myself. i still workout 3x a week with kenyatta because i love there programs so much; it has been 6 months in total at bbb and i still see my body transforming every week. i'm stronger, i no longer run out of breath going up the stairs, i'm down pant/dress and generic sizes in clothes. grateful is an understatement! 

i also want to mention bc of covid-19 concerns, bbb launched online workouts using zoom video so there are no excuses to delay your fitness goals.  if you are ready to put in the work and change your life - they'll get you to where you need to be!"
128,128,18.0,0.0926,"recommend, month, year, week, son, surgery, kid, job, procedure, sleep","excellent facility! i've taken my children here for the past several years.  it's cleaned, child friendly and efficient!  i take my children here more often then their pediatrician's office for sick visits because i could usually get a diagnosis without the kids missing school unnecessarily or me having to take leave from work.  most recently, my daughter injured herself on roller skates and thought she may need stitches during this cov19 pandemic. i was extremely uncomfortable w/ us going to a medical facility.  i shared my concern over the phone and they informed me how she could be seen remotely for a telehealth office visit first to determine if she needed to come in at all.  we were able to meet w/ the nurse practitioner online as if we were at the facility. she examine the pics i downloaded as well as interviewing her about her accident and injury.  fortunately, we didn't have to go in for sutures because there wasn't enough skin available to catch for stitches. she told me how to treat it and we've been great every since! they continue to be a blessing to our family even during the pandemic crisis!"
129,129,9.0,0.0972,"visit, time, doctor, virtual, experience, follow, fact, hard, person, worth","honestly, my past experience here was not a good one and i agree with the other reviews on here. 

the wait time to see a counselor was too long! there was a lot of miscommunication, especially with appt times. too many changes in staff for me. their phone lines and a/c malfunctioned a lot. in my opinion, the place is filthy!

i don't think they value people's concerns and time at all. do your research before considering this place. 

the only good thing i have to say is that they are now participating in telehealth which hopefully will be efficient. hope they will continue this even after covid so patients' time is not wasted and they don't have to go into their building!

i feel like there are many improvements that they still need to make if they expect to grow."
130,130,12.0,0.2409,"appointment, office, schedule, phone, patient, telemedicine, email, cancel, due, receptionist","the most unprofessional doctor's office i have had the misfortune to come across.

it took a long time to get a referral from my pcp and insurance to see an endocrinologist. they ultimately referred me to dr. jelen. after seeing the reviews here, i was worried, but made my appointment anyways, hoping for the best.

the doctor's office sent out multiple text messages and phone messages, all of which i answered in order to confirm my appointment. the morning of my appointment, i called to ask if the doctor was running on time (due to reviews here on yelp that reported her running two to three hours late). the receptionist said sorry, but my appointment had to be canceled because of ""covid19."" i asked why this wasn't the case the day before (when i confirmed my appointment), but she just reiterated that it was unforeseen until that very morning. that didn't make sense, but whatever.

she rescheduled me to a telemedicine appointment the following week, which i said was fine, even though i was already 9 month pregnant and the appointment was on my due date. a week later, i call thirty minutes before my appointment to make sure it was a telemedicine appointment, and not in the office, in order to make sure everyone was on the same page. she confirmed the telemedicine format to be the case, and confirmed the time of my appointment (11:45am). i wait. and wait. and wait ... i call again, to make sure they have my number right. yes, they have my number, but the doctor is running late. the receptionist said i was the first patient she would call when back in the office.

ok, so i wait longer, glued to my phone so i don't miss the call. after 2pm (2.5 hours after my appointment was supposed to start), i call again. they say they were canceling my appointment and i would have to reschedule, because of technical issues with telemedicine. i say i don't want to reschedule since my baby is due any day now, please can i talk to the doctor on the phone, like the receptionist and i were doing? she said no, and then seemed to perk up when i reminded her i was pregnant, and told me that the doctor doesn't see pregnant patients! dr. jelen's office and the referring office both knew i was pregnant, i mentioned it repeatedly. anyways, it barely matters because as i'm due any day now, i obviously won't be pregnant for long. i pleaded to speak with the doctor, or at least a manager. after a significant time on hold, i was transferred to ""james"" who refused to give me his last name and claimed to be the office manager. he talked over me, told me my opinion of their office didn't matter because i wasn't an ""established patient,"" said in an accusatory way that all the bad reviews online were from people ""like me"" (whatever that meant, i just want health care, which i pay for). i couldn't get a word in; i tried repeatedly to please speak with the doctor, but he told me to get a different doctor and hung up on me!

now i don't know what to do except to complain to my insurance. i have been hypothyroid over a year, and have been trying this whole time to be worked up, but still haven't been seen. even if i get referred to another doctor's office, i'll have to wait months again to get an appointment. i'm an md (not an endocrinologist) and can't imagine treating patients this way. as a patient, you're powerless to get seen by this doctor. unbelievably unprofessional.

tl; dr: at the time of this writing, over 88% of her yelp reviews are 1-star. there is a serious problem here. run!"
131,131,16.0,0.0869,"people, place, talk, make, happen, hope, speak, woman, client, center","i am so disappointed in this place and almost tempted to leave a zero-star review. but i've gotten better service here in the past and hope they improve upon their service in the future. i called earlier because i was having some painful symptoms in my ear, nothing to do with coronavirus at all. i was told by the representative over the phone that the doctors were not seeing patients. but that the doctor would do a phone visit with me. i would like to know how the doctor can look inside of my ear properly over the phone? i understand that the dodgers do not want to catch coronavirus. but what about those of us who actually have other health issues that need to be addressed and looked at in person? now i have to go to an urgent care and hope that my insurance will cover the cost. an urgent cares centers are a nightmare to deal with, especially waiting for hours and hoping you will get some type of good service. also the person who took the phone call put me on hold and never came back. get some better phone service people please"
132,132,17.0,0.0898,"call, insurance, phone, charge, pay, appt, receive, bill, horrible, today","shiland has become an insurance mill. dr. jackson and dr. fulmer represent the best of their profession. but, it's difficult to see them because of that fact. some of their pas are good also. but most of the drs. are pathetic. 
i'm currently under the care of dr. balmuri, and things aren't going well. she failed to file scripts with my pharmacy from my 6 mo. checkup and med review. and when i called to get a refill, she insisted on a telephone visit, billed to my insurance. hang on, this is where it gets good. she won't be in for a week. i'm done.  i rate her as a one, because you can't give a zero. shiland has a great support staff. but the vast majority of their drs. are terrible."
133,133,12.0,0.1035,"appointment, office, schedule, phone, patient, telemedicine, email, cancel, due, receptionist","i've been seeing dr. durrani for about 6 months now, and he has been great. understanding, knowledgeable, very receptive to patient needs and his office staff has been incredibly helpful. during covid-19, of course appointments are via zoom, and i've always been able to get a quick appointment without having to wait weeks like at other offices. i see him at prosperity wellness center which is in va, far from where i am in maryland, but it's always worth the trip, even before the zoom appts were in effect. his office staff at prosperity are incredibly helpful and polite, which you don't find everywhere."
134,134,16.0,0.1001,"people, place, talk, make, happen, hope, speak, woman, client, center","a condescending and rude person. my daughter had an appointment and was hopeful she would get some help, but instead left the zoom meeting in tears. basically sobbing! absolutely disgusting and ridiculous, he just judged her the entire time and made her feel worse. don't see him. he's trash. a disgusting excuse for a psych doctor."
135,135,17.0,0.0941,"call, insurance, phone, charge, pay, appt, receive, bill, horrible, today","i called to schedule an appointment. next thing i know i'm talking to some man. when my bc/bs statement came $100.00 was billed. without being told anything i was go given a telephone visit with a pa.
i guess the clerk was busy and that's how she handled it. too much dishonesty for me i did fi!e a grievance with bc/bs"
136,136,15.0,0.0853,"session, telehealth, work, easy, therapist, helpful, continue, highly_recommend, offer, therapy","this place is amazing! the whole team does great work. helped my lower back and hip issues. i have more flexibility and strength and less pain now, and they even made it fun. even telehealth sessions were very productive, they bent over backwards to help me. can't recommend these people enough!"
137,137,3.0,0.1508,"prescription, medication, refill, bad, state, order, pharmacy, med, problem, contact","i've had a poor experience with almost each appointment. i called to see if i could get a refill on an inhaler prescription that i've had for years, and they won't refill it because i haven't been in the office in the last six months. 6 months? this is what i heard last time when i needed a birth control refill. i'm not asking for pain medication.... these are non-addictive medications that overall healthy people are on. i have no real complications with my asthma, and all i wanted was to make sure i had an emergency inhaler at my dispowith the virus going around. i'm trying to be responsible by not exposing myself or other people unnecessarily at this point, yet i can't even get the right medication for my own well-being. i will be switching primaries as soon as possible. 

updating to state i was told i could not use telemedicine."
138,138,17.0,0.171,"call, insurance, phone, charge, pay, appt, receive, bill, horrible, today","beware: these people will charge you for things they shouldn't and ghost your calls when they don't refund you as promised. i went for a covid-19 test and was required to do a free telehealth screening prior to making the appointment. this was a 2 minute video call that i was automatically charged $100 for (i did not authorize this charge). i called and they said once it goes through my insurance it will be refunded. (the owner specifically stated this service was free.) regardless, it went through my insurance and my explanation of benefits stated that i owed nothing. my card has still not been refunded. i have been calling their office the last two days and nobody answers, and the owner never responded to my email from april 30th. this place is a fraud and i would like to be contacted to remedy this issue asap. never going back here again, and would not recommend to anyone."
139,139,12.0,0.0684,"appointment, office, schedule, phone, patient, telemedicine, email, cancel, due, receptionist","i do not recommend using this facility. i used telemedicine for an add consult with erika ostrander. she told me she would follow up with recommendations and referrals. it has been one month with no follow up. i spent $175 for nothing. i have tried emailing, calling, & using the patient portal and have heard nothing back. i would like a refund for the poor services i received but i can't get through to anyone."
140,140,17.0,0.1475,"call, insurance, phone, charge, pay, appt, receive, bill, horrible, today","be aware of the bait and switch happening here. i've been sick for 2 weeks and wanted a covid 19 test because i have the symptoms except my fever wasn't that high. they charge 100$ for a two minute video conference call, well they agreed i should come in for a covid 19 test and told me they would bill my insurance. i had filled out all the information about my insurance before the video conference. the next day i went there for the test and they told me they don't take my insurance but i could pay 250$ for the test! are you kidding me? they refuse to refund my 100$.  this place is a ripoff."
141,141,7.0,0.1228,"check, nurse, facility, room, minute, place, hour, staff, leave, happy","just thought it might be useful to some for me to update my review, as i just came back from bringing my son here for his 9 month checkup. as i'm sure many of you can relate, i felt a little nervous about coming into a doctor's office given everything that's currently going on, but i am happy to report that cap is clearly doing everything they can to reassure patients and keep things as clean and disinfected as possible.

there was only one other family in the waiting room that i saw, everyone was wearing masks (including parents -- there's a sign on the door asking everyone over the age of 2 to wear a mask, and to ask at the front desk if you don't have one), the girls behind the desk asked if i needed to borrow a pen to fill out some paperwork and then assured me that they had been cleaned before handing it to me. the nurse wiped down the measuring mat after my son used it, and then, of course, there's hand sanitizer everywhere (as there was before.)

they also told me that while i will need to come back in for my son's 12 month appointment in 3 months, if there are ever any issues that creep up between now and then that they're doing telemedicine appointments on zoom, so just call and we can set that up. all in all, i felt reassured and safe bringing my baby in for his checkup even with all the pandemic-related stuff going on, and i just thought that might be helpful info for some parents to know! thanks cap!"
142,142,11.0,0.1028,"baby, give, support, child, pandemic, birth, hospital, daughter, thing, husband","when i found out i was pregnant, i went to clinic at the corner of my street. i've been going there before but once i got pregnant, i no longer felt comfortable going there because i knew i wasn't going to get the best care i hoped. luckily i have ppo so i chose to go to complete women care and since then my experiences have been amazing! i already delivered my baby and now that i am breast feeding and coming across some problems i can call and make a telehealth appointment and can have a one on one ""facetime"" call (through an app they offer) with a gynecologist and talk about what's going on in the comfort of my home. i love it and recommend it"
143,143,11.0,0.2048,"baby, give, support, child, pandemic, birth, hospital, daughter, thing, husband","the first time i contacted dawnita, i was in a lot of pain and wanted to make sure the baby was latching correctly.  baby was 6 weeks old.  we did a video conference, and she said that i might have had thrush and suggested i get treatment for it.  i had no idea it might have been any other issue other than latching, but after taking oral medication for thrush, my nipples began feeling a lot better.  i am so glad i contacted a professional like dawnita who was able to assess the whole situation and suggest the correct treatment.

the second time i contacted her was 2 weeks later for an in-person consultation.  i was desperate because baby was screaming when she came near my boobs.  i suspected it was because baby was used to the bottle's fast flow, and now i also think it was because i was forcing baby to nurse at my boobs, which caused even further breast aversion.  dawnita made a few adjustments to my position, and baby stayed on longer than before.  she also offered guidance on paying attention the baby's cues and working with baby from there, since it was not an issue that can easily be fixed overnight.  i am writing this a week later to say that i have gained baby's trust and she is now happily nursing at my breasts.  

i was at first hesitant to spend money on the consultations, but now i am super glad i did.  dawnita has drastically improved the quality of life for me and baby, and i am glad i did not take any chances on letting the issues go on further during these crucial early months.  i'd highly suggest reaching out to her if you have any issues.  you will be in good hands with dawnita's expertise and support."
144,144,4.0,0.1257,"patient, doctor, medical, make, office, health, practice, review, provider, year","covid-19 has made it difficult for the normal functions of society to carry on, however women's health and menopause center has made this transition easy for patients. i just wanted to say that i genuinely enjoy the option of telehealth and would love to see it incorporated into the practice after this is all over as well. i believe it is easy for both the doctors and patients, as we can discuss health matters from comfortable places. additionally, it is extremely time efficient. i had a telehealth appointment with dr. marcotte that took less than 15 minutes, whereas driving to the office, sitting in the waiting room, waiting for the doc, then the exam, yada yada yada, it can take a lot longer! it also limits the possibility of spreading illness if someone is sick - they can stay at home instead, which is how it should be from now on as well. i've been coming to this practice for at least 5 years now, and this new addition as been great. i hope it is as convenient for the health staff and doctors as it is for the patients. 

just an idea: i think conducting a telehealth survey would be a great idea. i don't think i am the only one who enjoys this method of health communication, and sending a survey out to patients via text or however would be a great way to assess the overall opinions of telehealth. or even after a telehealth session, maybe there could be an option to fill out a survey of how it went after the call ends, something like that. honestly i would offer to help construct a survey if people at the office are busy!! but regardless i think this would help the practice gauge how the patients feel about it.

also shoutout dr. marcotte, she's the best."
145,145,17.0,0.1567,"call, insurance, phone, charge, pay, appt, receive, bill, horrible, today","review from 10/25/19:
so i only gave this place 1 star because my husband and i came in for infected tonsils. they only deserve 1 star because they quickly saw us. the nurse or medical assistant took swabs from us in a very incompetent way. she was not very friendly. the doctor was nice, but also incompetent. he prescribed us antibiotics that the the local people are resistant to. we took the antibiotic course but did not improve at all. i came back and they were going to overcharge me. so i decided to leave. my husband  recommended that we go to another urgent care. we went to zoom instead. they did not overcharge us. they only charged the copay and they had medications in the office. overall immediate clinic do not really know how to perform the procedures (as simple as a throat swab) correctly, nor did they give us effective and appropriate antibiotics. and they are also thieves that overcharge you, unnecessarily.

update 3/31/2020:
they ended up charging us the copay plus $350 which is utterly ridiculous. the service was inadequate as well. will never come here again. we visited zoomcare another time for another condition and they only charged us the copay and not the $350. we have insurance everyone. this is just plain old thievery. we never even got contacted by this place."
146,146,1.0,0.1423,"life, work, find, plan, month, year, change, program, live, home","i first started with janet 16 years ago and was with her for a few years; she was instrumental in my growth at that time. i had a change in health insurance and could not see her for 10 years. i was able to get my insurance to accept outside providers and my luck had it that her name was on the list. i returned within the last two years and it has made a huge difference in my life.

i have always enjoyed our visits and am thankful to have someone who cares as much as she does. she is open minded and supportive. her approach has always been one of care and encouragement, but she won't let me run from reality either or lie to me. sometimes the truth hurts and what what must be said to me isn't what i want to hear at that moment. but it has always proven to be the right thing for me. if i don't like what i am hearing it's typically because i'm fighting it myself; not that it isn't true.

i am grateful to her guidance and constant support. she has been a blessing in my life and i don't know how things would look for me without her, but fortunately i still see her (well, phone visits while in quarantine ) regularly. she has guided me through some major moments in my life and i am happy she is back in my life during this time when i have completely different major changes happening.

this review doesn't do her justice; as my words fall short of describing how i feel. she's been exactly the person i have needed by my side in life and has exceeded my hopes for the role she fills. i'm so grateful!"
147,147,17.0,0.1224,"call, insurance, phone, charge, pay, appt, receive, bill, horrible, today","be very careful regarding billing for this facility. my husband scheduled an appt, as he was having covid sx. the front desk insisted that he fill out paperwork for our entire family (4 people). we never discussed our children, just to say they barely had any sx. they were sleeping during our virtual visit, so the dr never even saw them. they never collected any data on them, never asked anything outside of this. nothing.
a few weeks later we get four bills for four copays. i called and they said ""well, we have paperwork for 4 people so you have to pay for 4 people."" they never did anything with our children! the dr was nice, but this is insane. they scammed us from the start.
i do not recommend going to this urgent care!"
148,148,4.0,0.0862,"patient, doctor, medical, make, office, health, practice, review, provider, year","from the beautiful renovated office to the phenomenal staff, this is where you want to be. dr. baird is a kind and dedicated doctor to his patients. even the details of the office and exam rooms were picked by him so patients will feel more comfortable. if you can't come in, he'll call you. they also do telehealth. dr baird is also incredible with his staff. all in all, i highly recommend this office."
149,149,0.0,0.3126,"feel, make, love, experience, couple, start, anxiety, ease, team, share","my husband and i have had two prior experiences with couples counseling that didn't do much to help us resolve our issues or bring us to deeper connection.  our experience with karen gordon at empathi counseling has brought us farther into connection than we have ever been before, and we couldn't be more thankful that we found her!  karen is warm and empathetic, and creates such a beautifully welcoming and safe space to really help couples search deep within themselves and fully open up and engage in the healing process, together.  we leave every session feeling more connection and love, and through our sessions have developed a strong framework for working through our issues at home as they arise in daily life.  

since the start of the shelter in place orders in sf for the covid-19 pandemic response we have had online sessions via zoom.  the team at empathi has been vigilant at providing their patients with options for telemedicine sessions and sharing the information needed to make these sessions happen.  we felt just as comfortable having our session with karen via zoom from the comfort of our own home, and are very grateful we can continue our work as a couple - even if we can't meet face to face!  

all our thanks to karen and the whole empathi team!  

-sarah (and dave)"
150,150,17.0,0.1244,"call, insurance, phone, charge, pay, appt, receive, bill, horrible, today","dr rogova will nickel and dime you to death. pay before the consultation, and pay a fee on top of the copay if you use a card, even for telemedicine.  you can't walk out of her office without her prescribing tests you don't need.  wait time is insane. 3 visits and it's time to find a new pcp. avoid this grifter."
151,151,17.0,0.1226,"call, insurance, phone, charge, pay, appt, receive, bill, horrible, today","other than dr.cox, the rest of the staff both medical and admin suck and are liars. we have been going there since their old small office and we realized that if you don't double-check the bill, they will play around with medical codes and charge you for things that you never requested. it's true. again this is not for dr. cox who is an amazing guy!. also, just recently, we called bc we thought one of us has  covd19 so they just asked us few questions on the phone and told us to go to another facility for testing. this morning, we get a bill for telemedicine for $200?! i mean really, you are gaming the system? since when a simple call to see if you are conducting tests become telemedicine. thieves! the min dr. cox leave, we will leave!"
152,152,11.0,0.1263,"baby, give, support, child, pandemic, birth, hospital, daughter, thing, husband","as we were researching pediatricians in the austin area before the birth of our little girl, we came across modern pediatrics and dr. tim porter. we were blown away by everything we saw online and knew he was a great match for our growing family. what drew us to him? visit his website for a honest-to-god plethora of invaluable and concise articles on all things baby. the articles just blew us away. he makes being a new parent so easy by breaking it all down into clear answers to every question we could conjure. that shows his knowledge base. then, we saw on facebook he was offering free zoom webinars to the public on newborn care, sleep schedules, etc. we subscribed to one and after watching him explain everything in such a clear and easy way we signed up with his practice. we then took another webinar and it was just as great. we didn't need further convincing but, and this is honestly so cool, he is 100% in-home and virtual and 24/7. to not have to travel to a doctor's office filled with sick people is just about the greatest thing there is; he comes to your house!! he and his staff are super tech-savvy, using an app for communications and tracking of appts etc. we just had our first in-home well visit with dr. tim and he already has our baby sleeping longer, and less hungry. super grateful for dr. tim and his service. can't recommend him enough."
153,153,10.0,0.0843,"care, staff, covid, family, professional, due, physician, great, understand, provide","i am currently positive for covid 19 and am experiencing tremendous muscle spasms that are not allowing me to sleep. i called care now for a virtual visit and explained my issue, i was immediately met with, ""if you're feeling that bad, you need to go to the er, we can't help you"". as someone who works in the hospital, i can assure you that the last thing an er needs right now is someone covid positive coming in for back pain needing a muscle relaxer and taking up room in the er and vital ppe and cleaning supplies. that is exactly why we have care now's. quite frankly, this response was lazy and irresponsible. hca is better than this quality of patient care."
154,154,1.0,0.15,"life, work, find, plan, month, year, change, program, live, home","i have been a member at mhop for almost three years and i have to say it is the best gym i have ever belonged to.  they always have been amazing but with this covid thingy they have really stepped up to the plate.  this whole time they have made sure that monday through saturday there are multiple exercise  programs for us members, both live zoom and recorded.  coaches check up on us multiple times a week to make sure we are staying active and to see how we are doing.  vince also has 2-3 live chats per week.  he keeps us informed and motivated.  vince and the coaches, who are all trained, knowledgeable and caring, have gone way above and beyond to keep us strong and moving!  love this place!"
155,155,16.0,0.0895,"people, place, talk, make, happen, hope, speak, woman, client, center","absolutely the worst . simply interested in making their money. sometime ago, they stopped accepting insurance for office visits. $190 to walk in the door. when i ran out of my medication, and simultaneously lost all income due to the pandemic i asked if they would kindly refill my meds and when i could afford a visit, i would be back. nope! they said they would be happy to schedule a virtual visit for $95 (plz send cc info) and bill my cc another $95 next month. thx a lot. no help. we are in a crisis here. all i needed  was for them to call the pharmacy. pitiful, greedy and shameful."
156,156,4.0,0.2397,"patient, doctor, medical, make, office, health, practice, review, provider, year","if i could put zero stars i would. i've had nothing, but issues with his office. mind you i was a new patient with all my medical history & medications printed out along with a signed request for records from my previous neurologist. upon seeing him, we went over all my medications & doctors. he said my next visit would include botox shots that seem to work more than anything else, it all hinged on my previous medical records. three months later i get a call requesting a telemedicine appointment & i asked why i wouldn't be having botox shots. she referred me to the medical assistant & she said my insurance wouldn't cover botox without any information. she still hadn't received my medical records! three months & nobody conferred with me so i could help. funny, i called my previous doctor...no request from his office nor pending request for my records so had the records sent to me. tada, i now have my records...only took one phone call to get my records. i want a different doctor cause i don't trust this guy or his office. not the first incident. pure lack of empathy for his patients & obviously they don't do what they say their going to do. 

update: after posting on here, health grades & making a grievance complaint to my insurance & the network he belongs to...all of the sudden dr. hashmi's office cleared me for botox. um, no thank you. i don't trust him or his office! amazing how much they got done in less than a day."
157,157,7.0,0.0985,"check, nurse, facility, room, minute, place, hour, staff, leave, happy","this place is ridiculous. we were 15 min late for appt, ok, they then pushed us out by 45 min or face a $50 fee to change the appt. we arrived and there were no other patients being seen, at all. we were still the first ones there for the day. nobody came out. we sat for almost an hour while only one patient came and went? we could have been seen and gone before that person even arrived. the efficiency of this place is non-existent. and they want people to switch to telemedicine so they can wait 30 min in front of a screen at home before their session even begins."
158,158,15.0,0.0848,"session, telehealth, work, easy, therapist, helpful, continue, highly_recommend, offer, therapy","i am so happy to be a member here.  with everything that is happening right now in the world with covid-19/coronavirus/sars-cov-2 much has been completely shut down and shattered.  
while times continue to get more tough crossfit flood exists to improve the quality of lives of its members.  
mike the owner has shut down the gym however he continues to have group classes as well as 1 on 1 via the zoom app.  its really a lifesaver and helping me keep my eyes focused on self improvement which will only help me get through this difficult time as well as what comes after.  thank you crossfit flood, coach mike and all of the coaches"
159,159,19.0,0.0953,"week, person, start, work, meeting, good, meet, back, leave, thing","i had the opportunity to work with carine via telemedicine for an energy healing session and it was ah-mazing!!! she started by asking how i was doing, then she suggested i get comfortable and she was going to scan my body to see what was going on. so i sat back and boom... i was fast asleep. it was a deep sleep that was extremely relaxing. she gently woke me up and then told me helpful information about my health and then gave me solutions on how to fix my ailments. it was incredible!  if you are looking for relief of anxiety, worry, or even pain relief, contact carine! she will take care of you for sure! thank you, carine! i appreciate your wisdom and work! :)"
160,160,15.0,0.2858,"session, telehealth, work, easy, therapist, helpful, continue, highly_recommend, offer, therapy","i recently had my first session with dr. walker via zoom. he's very affable, calm, kind and easy to talk to. upon initially seeing him on my computer screen, he immediately exuded a calming and safe atmosphere that enabled me to candidly discuss everything with him. 

also, unlike my prior psychiatrists, dr. walker takes great care when ordering prescriptions and closely monitors the dosage, earring on the side of caution. i welcome and appreciate this approach, since over-medication continues to be a problem in the healthcare industry. 

i look forward to my future sessions with dr. walker and would highly recommend him. 

just to note: his assistant, caroline, is very pleasant--she has been very helpful and responsive with scheduling my first appointment."
161,161,6.0,0.0898,"doctor, give, day, symptom, eye, sick, put, medication, antibiotic, explain","wont let me do a phone visit unless i do something with a portal, i have severe chronic bronchitis and the treatment here has been incredibly slow and fruitless"
162,162,5.0,0.1074,"pain, exercise, body, follow, pt, injury, physical, excellent, issue, run","you know what is worse than being stuck at home with this pandemic? being stuck at home with back pain! i'm limiting how much i'm going out so i didn't really feel comfortable about going to an office for physical therapy treatment. my cousin said i should contact healthfit because they were offering a telehealth option. i was a little weary at first but my cousin had been to them before and said they were really good and thorough. i ended up booking a session with dr. daphne and wow... i never thought i could learn so much from a session. she looked at the way i was sleeping, my desk setup and gave me strategies to do throughout the day. since i'm at home, i really have no excuses not to do the exercises. i've had two sessions so far and she's also given me lots of tips for running because now my knees hurt from running outside. overall, i'm super happy i contacted them because they are keeping me going during this stressful time. can't wait till this stay at home order is lifted so i can see them in person!"
163,163,5.0,0.1868,"pain, exercise, body, follow, pt, injury, physical, excellent, issue, run","i ended up trying this place because of their great reviews on yelp and i am so glad that i did. i will admit it is a bit expensive for my budget but if you can afford it, it is totally worth investing in your health at this place. i have been to a few pt places before covered by my ppo insurance company but man do they leave me wanting compared to this place! they do not compare! this is not your run-of-the-mill pt practice. not at all.  i got the pleasure of working with dr. daphne and i was very impressed with her knowledge. sometimes i have a hard time trusting practitioners that are younger than me (and yes she does look a lot younger than her years!!!) but dr. daphne has gained my respect for her ability to really listen and understand where i am coming from and what my body needs. she is wonderful. i never knew a pt visit with her could help me so much, so much more than an uc visit or a trip to the er where they just shoot you up with muscle relaxants and pain killers. she has reinstated my faith in my ability to work-out. i had severe muscle atrophy and had to resign from my job after horrible spasms made me collapse at work. in just the very short time i was seeing dr. daphne (and wearing a spinal brace while doing her rehab exercises) my core and posture improved and the spasms have decreased like 95-99%. she also was very wise in recommending me to a structural chiropractor who found structural issues she saw were out of her scope! do you know how important this is?!?! she was not afraid to refer me out when she felt she could not address a more serious or structural problem!! thank you for not being so egotistical or narrow-minded in thinking all my problems could be solved by pt or their own in-office chiropractors. i love that they are willing to work with other providers to help a patient reach their health goals! i took her recommendation seriously and am now following through on it. thank you for that! she was even able to address something a neurologist pointed out without me having to go through the nerve conduction test or mri which i thought would be pointless because i usually have ""normal results"" with unexplained pain and/or muscle spams. i look forward to going back into their office and finishing my sessions with dr. daphne in person. she is a joy to work with and makes it easy to follow her directions. i recently did a telehealth visit with her and although i miss her hands-on ""adjustments"" (as i like to call them), the telehealth visit was still productive in giving me results while at home and with her direction on what to do. i recommend this place highly. they check-up on you and want to know how you are doing genuinely. i know finances can be an issue for us, but if you are able to pay for their services i think it would be a very worth while investment for you. they have really good customer service and the front desk is always polite and accommodating to my needs with scheduling. i live far from their practice. about 25 miles or so, an hour drive in traffic, so i had to reschedule often due to traffic or me just not feeling well enough to come in and they were always kind and professional about it. thank you so much!!"
164,164,12.0,0.1131,"appointment, office, schedule, phone, patient, telemedicine, email, cancel, due, receptionist","i was trying to schedule a telemedicine appt to speak to my physician that had prescribed me meds that i had critical questions regarding and sara the manager personally disregarded my appointment and told me to follow up with woundcare. when she is well aware of my circumstances and that it takes time to get authorizations and appointments, especially due to covid. everyone at burbank urgent care is exceptional and provides wonderful service. this review is regarding sara. she was rude to me and denied my scheduled appt and gave me a huge anxiety attack."
165,165,10.0,0.1064,"care, staff, covid, family, professional, due, physician, great, understand, provide","i will not go anywhere else when i am not well.  this location has a great staff.  once i find a doctor that understands me, i stay with that doctor.  i have been requesting for dr. devaraj.  it seems the more i see him the more he understands my symptoms.  the chart helps, but i think putting the chart and the face helps better.  today i used their online service due to the coronavirus.  i self-quarantined as i didn't feel like exposing myself in person.  dr. devaraj and i had a video appointment via zoom.  he asked the same questions he always asks when i visit.  it was so convenient.  i like the staff.  i like the attentiveness.  thanks you for the service."
166,166,10.0,0.0811,"care, staff, covid, family, professional, due, physician, great, understand, provide",it is very comfortable to go in there. the receptionist is very kind and the doctors are very professional and wonderful as well as the nurses. telemedicine is great as well. very nice urgent care.
167,167,1.0,0.1071,"life, work, find, plan, month, year, change, program, live, home","i have been working with nataly the past few months and the decision to hire her as my health coach has been one of the best decisions ever. i wasn't really sure what to expect but the second i started talking to her, i immediately felt at ease and excited. she has helped me work through some anxiety i have around food and has really helped me realize why i would do certain things. in addition to the actual health/food help and insight, she has also helped me learn about the different parts of myself and how to let them all co exist so i'm the best version of myself. nataly is the best - she has been extremely flexible during this (pandemic) and has made sure my sessions continued via phone/video chat so we don't lose cadence and progress. i will be bummed when my sessions are over but also very thankful for the amazing experience she has provided. i highly recommend her yoga classes as well!"
168,168,6.0,0.1202,"doctor, give, day, symptom, eye, sick, put, medication, antibiotic, explain","i was very nervous to take my 3 year old son to an urgent care during this pandemic but i chose this urgent care because they did virtual visits. i had mine online and the doctor suggested i come instead so they can check my sons throat and ears. again i was nervous but at this point he was on 2nd day of fever and sore throat and wasn't wanting to eat. i knew i needed to get him on antibiotics asap. i came in and i was so happy that i did ! besides us there were only 2 other ppl waiting & it was so nice and clean. we got seen right away , like legit the whole visit took less than 15 min . we got seen and the pa checked out my sons throat and right away told me he has strep throat & even shined the light in the back of his throat and showed me what she saw. she told be she'd be sending in the prescription right away. another 10 min gone by and i had a text that my sons medicine was ready for pick up . so happy with this urgent care!"
169,169,19.0,0.1644,"week, person, start, work, meeting, good, meet, back, leave, thing","i reached out to the emily program the first week of april. the lady i spoke to set up a zoom appointment to meet with me and didn't show up to the meeting. i called them the next day and had to have the initial appointment rescheduled. april 15th i had the zoom meeting and they suggested i do their residential program. i expressed how that wasn't the best option for me due to my schedule and they told me i either had to do the residential program or they couldn't help me at all. every time i tried to contact anyone there it would take several calls and several days. finally i agreed to do residential and they gave me a date to go. may 6th i went to the program and i was very open minded and in good spirits about it. don't be fooled by the website, the rooms are tiny and you have roommates. mine included an old woman in a wheelchair and a teenage male. they lock you out of your rooms until it's bedtime and keep the bathrooms locked 24/7. there's no visitors allowed and you at no point have any privacy to even make a phone call. you can go outside for 15 minutes a day. safe to say this was not what i was expecting and it was a fucking awful experience. i had to pay $1600 to leave. on top of this, when i got back home and unpacked i realized that $150 of my personal items seemed to have disappeared. i have sinced called them three times to try and get my things back and they told me my things are no where to be found. im a 19 year old college student. i literally have $23 in my bank account, but i guess i'm just gonna have to pull $150 out of my ass to replace the items that were stolen from me :))))
please don't fucking go here"
170,170,0.0,0.1227,"feel, make, love, experience, couple, start, anxiety, ease, team, share","if you're suffering from persistent sinus pains, or feel like the right side of your face is throbbing/underwater (like i did) make a ""tele-appointment"" with dr. wu. she is extremely knowledgeable and was able to alleviate all of my symptoms after only two visits. her staff is extremely reliable and a pleasure to deal with. she is quite prompt with all her appointments and by the end of the appointment you feel as though she has the diagnostic experience as well as expertise to truly help. considering my ""visits"" were all via video chat i believe i've only scratched the surface of what she is truly capable of during a formal examination. in this time of crisis we need doctors that can help. book a tele-appointment and you won't regret it!"
171,171,18.0,0.0977,"recommend, month, year, week, son, surgery, kid, job, procedure, sleep","as a pa-c i am usually the one people write reviews about.  it's totally weird to be on the opposite side and be a patient.  i had to come to the clinic with my husband to be tested for covid19.  i developed symptoms a week ago that progressively worsened and i finally broke down and scheduled an appointment to be evaluated for covid19.  i've been home for two weeks as part of a rotating provider time-off related to the slowdown caused by the pandemic.  nonetheless, cece (cecily aguirre, ma), janet (janet muratalla, office mngr & ma), and connie (constance bouvier, pa-c) were all amazing.  cece did an excellent job at contacting me to do my virtual visit right on time as well as getting my hpi (history of present illness).  she was sweet, professional, and expedient.  connie was compassionate, treated me with respect as a patient, and helped allay my anxieties regarding my symptoms and their implications for what could be going on in my body.  when i arrived at the clinic to get swabbed, janet was amazing.  she accommodated myself and my husband even though we were running late.  she thoroughly explained the procedure, explained the discomfort that was likely to be experienced (there's a reason they call this nasopharyngeal swab the ""brain biopsy""), and then apologized for the discomfort experienced during the procedure.  this team is truly world class.  i would normally say that as their coworkers.  but now having been on the patient side of things and having experienced it first hand, i can definitely say they are amazing."
172,172,15.0,0.0953,"session, telehealth, work, easy, therapist, helpful, continue, highly_recommend, offer, therapy","my life has changed enormously in a very short time thanks to mind made whole ! ms. williams is very attentive and practical! she has challenged me to explore my negative thought patterns, while giving me resources and practical tools to overcome life challenges. i have seen great improvement both spiritually and mentally. i have had great experiences with both in-person and telehealth appointments! it is definitely worth the drive from charlotte !"
173,173,6.0,0.119,"doctor, give, day, symptom, eye, sick, put, medication, antibiotic, explain","dr. coppas took over from another physician at primary care of the treasure coast so had to make appointment with her. her receptionist megan said regardless of the fact of patient health conditions and that we are in a nationwide and statewide state of emergency due to covid-19, they do not do virtual visits nor give an emergency supply of medications if the patient feels it is too risky for their health to come into the office. megan re-iterated that they never have sick people in the waiting room which is of course unbelievable. she has a lot of faith in people recognizing they might infect someone and calling first despite the fact that people are flying everywhere and knowingly carrying the infection to their destination. the woman in south korea considered the vector there had over 1,000 contacts by the time she became ill and was identified. medicare instructions for providers are to institute virtual visits and emergency supplies of medications when possible."
174,174,15.0,0.1265,"session, telehealth, work, easy, therapist, helpful, continue, highly_recommend, offer, therapy","i am giving them 2 starts because our initial experience was okay and i also realize they are trying to operate during a pandemic with that being said, i took my son in for individual counseling shortly before the holidays. his first therapist was okay and did an good job of focusing on him as the patient and not me during the assessment. he was an older gentleman and kind of hard for my teenage son to relate to but over all not bad. he quit at the first of the year and transferred him to another therapist which was also older. we requested a younger therapist or someone that specializes in adhd. he was assigned a new therapist that was extremely overbooked and very difficult to get regular appointments with. between jan and march he was only scheduled for 2 sessions when he was previously getting weekly counseling. then the pandemic happened and his session were moved to telehealth which did not work so after a lot of back and forth with the front office i was told that he would have a phone session but that never happens. i would get calls from the office stating that the therapist said the phone was going straight to voicemail mail. they had no way off connecting the call if we called into the office. today i get a bill for $155 for no show fees. i don't see how they can justify charging a no show fee in the middle of a pandemic when they do not have the proper platform in place to provide telehealth. i understand that this is unprecedented but i think charging clients extra fees during this time is abhorrent practice."
175,175,6.0,0.0694,"doctor, give, day, symptom, eye, sick, put, medication, antibiotic, explain","the doctor was not willing to talk to us on the phone for our first appointment (we had issues with the video conference tool)
not sure we want this to happen in the future in case of emergency."
176,176,3.0,0.1566,"prescription, medication, refill, bad, state, order, pharmacy, med, problem, contact","i take a prescription medication that i needed a refill for. since my primary doctor (lindsey cotten), left all care, they forced me to make a new appointment with dr. jody cousins, which literally took less than 4 minutes on zoom! there was no examination or anything else. i believe it is all care's fault that my primary dr. left and they had to give me a new one to get my prescription back. my bill for the 4 min zoom meeting was $300, which insurance covered $175 and i am left with $125. this is outrageous!"
177,177,12.0,0.2033,"appointment, office, schedule, phone, patient, telemedicine, email, cancel, due, receptionist","i have been a patient of dr. hoelchers' for several years and have seen several concerning patterns within his practice.

this dr. does not respect the time of his customers (patients). i went in for my annual checkup having labs done two weeks prior and was told during my appointment that i needed to schedule another appointment to review my lab work. i would have appreciated a phone call stating that my labs were not available and that i would need to reschedule my appointment if it was a requirement that my labs were reviewed with me in person so that i could schedule another appointment. this no doubt could have been uploaded to my patient portal and discussed with me over the phone, saving me from paying for another office visit and the time that it takes out of my busy schedule to go to another appointment. nevertheless as requested i scheduled another appointment.

on the date of the subsequent appointment i was 12 minutes late due to being required to fill out paperwork at my job (dod) before i left for the day due to contingency situations with covid 19. i was then told that it was their policy that a $45 no show fee is charged if the customer is more than 10 minutes late for their appointment and there was no way that they could remove the charge. i stated that i would gladly wait for my appointment that same day because all we were doing was going over labwork. i was then told that i needed to either reschedule or i could get a telemedicine appointment the next day where i will no doubt be charged for another appointment and an additional fee for telemedicine.

in my most recent appointment, i was also informed that i was being charged for something over a year later that was covered under my insurance plan.

additionally, you do not see the dr. at all you see a pa where previously i was seeing dr. hoelscher directly. the pa is nice, thorough, and takes the time to answer any questions that you have, but  i may not be receiving the level of care that i previously had been receiving. 

furthermore, the front office staff have no empathy for their customers at all and act like mindless automata. all forms are printed and as a blind person, i have requested numerous times that my forms be sent in an accessible format or to be filled out prior to the appointment via the patient portal so that i can fill them out myself. why in 2020 are they still using a paper questionnaire when all of this information is then typed into a computer later on? i have informed the staff about how to make these forms accessible and more convenient for their patients time and time again, but i keep getting told that ""there is no way for us to accomplish that."" this has the alternative benefit of minimizing the spread of microorganisms, etc. i am sure that other offices have no doubt figured it out."
178,178,14.0,0.1163,"back, give, test, find, time, result, covid, today, walk, information","i called to schedule a covid-19 test for multiple reasons: 
- i am a nurse currently working in a long term care facility.
- i have been exposed to and in direct contact with multiple people who tested positive for covid-19.
- i have a doctor's order for the test from a physician in which i had a virtual visit.
- i have experienced tightness of the chest in the past week.
- i had a cough & sore throat several weeks ago.

they denied me for testing. unreal. 
the place where i work has had 14 positive cases of covid-19 and i live with someone who has two autoimmune diseases, which i stated over the phone, yet they still will not let me get tested at their facility."
179,179,10.0,0.104,"care, staff, covid, family, professional, due, physician, great, understand, provide","i highly recommend insite digestive health care and dr. chen.  dr. chen and his staff has been caring for my mom for two years.  during the pandemic, we were able to schedule a telehealth appt with dr. chen.  the front desk was very responsive and prompt about setting up the appt for us, and dr. chen was very caring and patient to my mom during her first telehealth session.  dr. chen and his staff are whom i would highly recommend and refer to for anyone who ask me about gastrointestinal problems.  two thumbs up!"
180,180,2.0,0.1104,"issue, time, extremely, make, service, concern, friendly, kind, person, super","i had my first visit with dr. gilligan last week via a telemedicine app due to covid. she seemed very nice and really on the ball. she discussed testing options for possible conditions, let me know how likely those seemed, and what treatment would look like after, should any of them pan out. it only took a week to get an appointment and her staff was great about helping me set up the app for the visit. i never felt rushed and she took a lot of time to address my concerns."
181,181,9.0,0.0738,"visit, time, doctor, virtual, experience, follow, fact, hard, person, worth","my daughter had knee pain and she made a telehealth appointment. the doctor was in such a rush he didn't give her a second to say or ask anything. was so disappointed. thought this place had a good reputation. now she is no better off, but i'm sure the doctor could care less."
182,182,10.0,0.1466,"care, staff, covid, family, professional, due, physician, great, understand, provide","my child is currently working with erika for ot. i have had a wonderful experience with multiple provider's at the northborough location. we began therapy in 2019 and have already noticed leaps and bounds with my child's emotional regulation and overall functionality. since covid-19, they have integrated therapy via telehealth and it has provided normalcy and structure for my child. they've been looking forward to their appointments weekly and they're still receiving the quality care that they need. i highly recommend the personable, efficient and compassionate staff that work for barrett family wellness center."
183,183,7.0,0.2116,"check, nurse, facility, room, minute, place, hour, staff, leave, happy","i come here to see dr. cassie johnson, aprn-cnp for my back and knee pain. i was the first person to try their telemedicine so i didn't have to drive all the way to the city...but i've been riding up to the city here lately anyway. there's an elevator right to the left of the entrance doors that will take you straight to the waiting room. today when i arrived there was a nice lady behind a desk right inside the entrance to take my temperature and she told us that only patients can enter..mom had to go back out to the car. there's plenty of seats in the lobby but i've never seen them full..it's about a 5 min. wait before the nurse calls you back to the clinic room to take your vitals, then i had about a 15 min. wait for dr. johnson to come in. she showed me x-rays of my knees and back that are filled with arthritis. she wants me to do needle sticks in my back and knees to kill the nerves but they're not doing any surgeries right now so i'll have to wait. she also prescribed me a pain gel that i'm heading to get now. she's such a nice, caring doctor and always has a smile making sure i understand everything that's going on. i highly recommend this place!"
184,184,10.0,0.1119,"care, staff, covid, family, professional, due, physician, great, understand, provide","i've been going to michigan ave. primary care for about 2 years since i relocated to chicago.  everyone is kind, helpful, thorough, and their urgent care equivalent is a few floor down.  when you can't get in to a dr. with the practice, this is an option. my favorite is dr. kupkowski, but pas jocelin and erin are also great.  with the covid-19 situation going on, i had something i needed to see someone for a few weeks ago before all of this started up.  they got me in when i needed and although they would have preferred that i did a telemedicine call, i really wanted to go in person and they understood and accommodated.  thank you mapc!"
185,185,18.0,0.2291,"recommend, month, year, week, son, surgery, kid, job, procedure, sleep","we are so thankful to nikki for our good sleeper! we first spoke to nikki right at the four month sleep regression when so many sleep issues were happening with our son. she helped us to identify areas for improvement in our routine in both naps and bedtime, including sleep crutches that we didn't know were getting in the way of good sleep. 

with frequent check ins via video chat, nikki was part of our team in improving our son's sleep. the gentle sleep training approach was perfect for our family. nikki tailored a plan specifically to what we were comfortable with and to our household with an older sibling. 

now, our son sleeps through the night and goes to sleep without our help. he also went from a catnapping to taking longer naps, sometimes two hours! nikki gave us the confidence to train our son to be a fantastic sleeper. it's been a blessing for our whole family."
186,186,19.0,0.0833,"week, person, start, work, meeting, good, meet, back, leave, thing",omombre is the best! tiffany couldn't be more empathetic and embeds deeply in the nursing and holistic model. she took the time to work with me in finding the right treatment so i could reach a better quality of life. she is wonderful at listening to your needs and extremely reachable. everything from the quick e-prescriptions to zoom meetings couldn't be more convenient either!
187,187,19.0,0.0994,"week, person, start, work, meeting, good, meet, back, leave, thing","i was feeling down about certain things regarding my mental health and stumbled upon this company while doing online searches.  i read the reviews and thought to myself ""these seem too good to be true"".  so, i searched tiffany through different resources and found many great patient reviews.  it was late at night and i had sent her out a detailed email with a laundry list of my concerns, not expecting  to hear back any time soon, a few days at best.  nope, she got back to me that night and gave me reassurance that i can be helped.  i went ahead and booked the appointment the next morning and was able to be seen (via zoom) that afternoon.  she was just as nice and caring and compassionate and the other reviews say.  she is for real.  this method of seeing patients is the future and i recommend it."
188,188,6.0,0.0985,"doctor, give, day, symptom, eye, sick, put, medication, antibiotic, explain","tiffany is a very experienced and highly educated nurse practitioner whom i've known and worked with over the years. i used her online healthcare practice for a very basic rx that i could have obtained from any np or healthcare office.... however under the current circumstances i am obliging to stay at home mandates and do not want to take office time away from others with more serious conditions. we were able to zoom consult and not only did she contact my pharmacy immediately but she also researched my insurance benefits ahead of time to find me the best copay coverage.

tiffany specializes in mental health and neurological conditions but she is a full scope nurse practitioner so even basic needs such as antibiotic eye drops for infection and inhalers for asthma are all healthcare resources she can assist with. boutique healthcare is the way to go and if you have a fsa or hsa card you can use these funds for her services. thanks tiffany! i will be sure to refer my friends to you!"
189,189,15.0,0.0929,"session, telehealth, work, easy, therapist, helpful, continue, highly_recommend, offer, therapy","i can't say enough good things about dr. barnett and his staff at steiner eye care.  earlier this year, i finally got around to replacing my beloved old glasses, as i was having headaches from daily computer usage.  

dr. barnett gave me an exam and the optical staff out front helped me choose a more modern frame.  i opted to pay a little extra for bluelight filter and enhanced single vision lenses.

my glasses arrived about a week later and they have made a world of difference.  i no longer have to prop my glasses on my forehead when using my phone, and the daily headaches from staring at computer screens have disappeared.

additionally, i had some redness on my eyelid during the height of the shutdown, and dr. barnett was able to do a convenient telemedicine call, to prescribe some ointment that cleared it up.  i would highly recommend steiner eye care to anyone!"
190,190,9.0,0.1787,"visit, time, doctor, virtual, experience, follow, fact, hard, person, worth","this facility is now st david's care now and their staff is really underqualified. most likely you will be seen by a nurse practitioner only.  they will quickly want to dismiss you without taking any risks on suggesting any treatment.  so basically if you have something basic that does not require a doctor, why even bother going there - just call your nurse or do telemedicine.  if you actually need to see a doctor then go to austin regional clinic afterhours instead - they are much better equipped and you will certainly see a doctor.  and if it requires immediate assistance by a doctor, then go to er which carenow will be quick to suggest (after billing you for the visit).  

i had a cut in the kitchen and called and asked before coming in if they were staffed appropriately to put sutures.  i barely needed 2 stitches on my left hand pinky.  their front desk assured (lured) me that they had the staff to do it.  but when i was there, i was only seen by a nurse practitioner who was totally incapable and conveniently asked me to go to er after doing nothing.  i wonder why did they charge me for the visit then??  such a rip off...and a waste of my time!!  my recommendation to you would be for you to save your time and money and skip them entirely."
191,191,11.0,0.2888,"baby, give, support, child, pandemic, birth, hospital, daughter, thing, husband","i recently had a fantastic preconception consultation with eyla. i reached out to her in the need to connect with a professional to ask questions and voice my concerns and excited nerves about my soon to be journey into pregnancy. eyla thoughtfully answered my wide range of questions and also gently guided me in the direction of helpful resources when appropriate. i really appreciated eyla's holistic approach to the life altering experiences of pregnancy, birth, and parenting. we spoke about a wide range of topics from styles of communication with my partner, ways to empower myself through instinct and education, and the idea of stepping into the mothering role in this phase of the journey. our consultation was just as good for my heart and mental health as it was for my education on pregnancy and birth. 
we did our consultation through zoom as i live in maine and eyla lives in miami. even though it was a virtual online session i felt like i was sitting in her living room having a cup of tea. no matter where you are in the world i could not recommend her enough!"
192,192,11.0,0.1927,"baby, give, support, child, pandemic, birth, hospital, daughter, thing, husband","leaving the house with a toddler during a pandemic is frightening, but having to go to an urgent care that is also a covid testing site is the last place a parent wants to be. 

my child fell and needed stitches. i called ahead and was told to come in. although the place was empty i waited to be seen by the physician almost a half hour because he was on a telemedicine call. 

the nursing assistant that came to take vitals did not wash her hands and only did so after i asked. i asked her to clean the oxiometer and she refused saying it was done and they didn't have a lot of patients that day, however i told her that i didn't feel comfortable unless i cleaned it so i pulled a lysol wipe out of my bag and cleaned it myself. 

dr. chao came in (also did not wash his hands as he was wearing gloves, and did put on a fresh pair when i asked) and looked at my child's wound and said my child may need stitches, he said that it was my call to make, however, he did recommend it.

i went with his advice and decided to proceed. he brought in an assistant and i asked if it possible to do this alone as i wanted to minimize risk. he said no. 

i saw that the physician and assistant were only equipped with a surgical mask, and would need to be within inches of my child, so i asked if it was possible that he wore a respirator or n95, to which he replied ""i don't have one would you like to donate some to us"" in a condescending tone.

i cannot believe that this is the level of ppe this facility has. i understand there is a shortage of ppe however, this should be standard for a facility that is a pediatric covid testing site. how is a covid testing site not equipped with n95's?! especially when the parent requests it. 

furthermore, he did not inform me until during the procedure that stitches raises the chance of infection. i was upset and told him that he should have disclosed this prior so that i could have made a more inform decision. he told me that there must have been miscommunication because he did (i assure you he did not). 

i really wonder if i made the right choice. it's not easy to decide if going to an urgent care is the right thing to do, and i really hoped that i would have had a better experience. 

i do believe it's important to be forthcoming with patients and let them know prior to coming that there is no proper ppe, especially when a medical supply company down the street sells n95's. (pico medical).

i called the office to report this incident and the office manager was friendly however i gave this some thought and wanted to be fully transparent so that other parents can make an informed decision on coming here. i wish i would have known i wouldn't have come here during a pandemic. now i'm left wondering did i do the right thing? would the ceo bring his child there with no ppe? it's a sad thing that this corporation hasn't outfitted its staff with the proper protection. 

fair warning for a parent. this is definitely something to consider. 

the one star was for the receptionist who was kind and made the check in process at the front desk go smoothly."
193,193,11.0,0.2305,"baby, give, support, child, pandemic, birth, hospital, daughter, thing, husband","this review is specifically for the echn birthing center at manchester hospital. i had my son in december and still think about what amazing care i received throughout my two day stay at the hospital. my heart goes out to all of the incredible nurses and hospital staff as they work bravely and tirelessly during this horrifying coronavirus pandemic. the nurses were so incredibly supportive, helpful and caring as my husband and i navigated the first few days of parenthood and all the accompanying challenges. 

a few things to note:
-the hospital/echn has excellent prenatal and postpartum programming, from their pregnancy/infant care class and prenatal fitness to their new mothers' group that meets weekly (currently virtually on zoom!). they've also got a remarkable doula program (shannon made a huge difference in my birth experience, she's amazing). 
-delivery & recovery are in the same room which i found to be a total asset. plus, the room is huge with plenty of room for nurses, bags, partners, visitors, etc without feeling cramped. 

i live in the hartford area but my midwife practice only delivers at manchester hospital, which is how i ended up here. it really made all the difference in having such a supportive experience."
194,194,12.0,0.0933,"appointment, office, schedule, phone, patient, telemedicine, email, cancel, due, receptionist","what an epic failure this was.  i tried to get a telemedicine appointment for something not urgent but something that needed attention.  all of my phone settings were correct, but kept getting messages that the ""doctor"" couldn't connect with me.  i called and was told it was the ""doctor's"" fault (most likely a resident),  then i was told i was in his waiting room, and then my appointment was canceled.  thanks a whole bunch, banner - now i get to go to a local urgent care and spend a fortune.  folks, don't use their telemedicine service - they don't care about you."
195,195,15.0,0.0938,"session, telehealth, work, easy, therapist, helpful, continue, highly_recommend, offer, therapy",thank you to joanna and jennifer for rescuing me in my hour of need. in the midst of this crisis i was in need of therapy and didn't know where to turn. i'm so thankful for your telehealth program that keeps me safe in my home for all my pt needs.
196,196,2.0,0.107,"issue, time, extremely, make, service, concern, friendly, kind, person, super","both my experience in person and through their telehealth services were wonderful. doctor chang in person was thorough, gave me his time, and explained his diagnosis, further steps and made sure he answered all of my questions. i am so impressed with his work!"
197,197,8.0,0.0859,"call, wait, doctor, day, minute, appointment, hour, time, receive, message","i really love the care i receive at physicianone. i always get taken in very fast and receive ample care. with the covid-19 pandemic going on, i decided to seek care virtually. it took me only 10-15 minutes to be seen which is very fast compared to other telehealth sites that i was referred to. i received helpful and honest care with pa anna k. i'll continue to highly recommend physicianone in chestnut hill to anyone! both virtually & in-person!"
198,198,3.0,0.1722,"prescription, medication, refill, bad, state, order, pharmacy, med, problem, contact","i can't believe how easy this was. 

i'm on my last bottle of a prescription med that i need to take daily, and i'm out of refills. i had my pharmacy try to reach my pcp to issue an extra refill just to get me through the craziness of this current pandemic, but she never responded. i'd been having issues with my regular doc anyway (she lost my last lab results and has a habit of not calling me back), and this is not the time for me to visiting any doc's office in-person... or looking for a new doc.

so i was stuck on getting this prescription filled to get me through the next few months, but in my search i stumbled across plushcare. i tried it based on its online reviews and figured there was no harm if it didn't go well -- it couldn't be worse than my current situation with my m.i.a. doc.

the site was easy to use and i got an appointment in the timeframe i wanted with no problem -- though i booked it just the night before. the interface during the video chat worked well and i really liked dr. leung, who was conscientious and had a good bedside manner. i can't believe what we accomplished so quickly -- and from the comfort of my own couch!

i got notified right away that she'd called the prescription in to my pharmacy, which filled it immediately. now i can breathe easy for at least the next 3 months.

easiest doctor's visit ever!"
199,199,2.0,0.1079,"issue, time, extremely, make, service, concern, friendly, kind, person, super","i have to say this was the best doctor visit i have had.  dr. riad abdelkarim video call was outstanding.  he talked to me in a very friendly and professional way.  he even took the time to listen to one of my boring health story which concerns my son.  an never made me feel i was wasting his time.  he answers all my questions about covid-19 and antibody an let me know how we, noticed i said we, were going to proceed and how the follow-up would occur.  this is my first time using a service like this,i.e., video chatting for medical consultation.  but i may use this all the time.  great job plushcare & especially dr. riad abdelkarim"
200,200,14.0,0.1225,"back, give, test, find, time, result, covid, today, walk, information","their service is fantastic!  this was my first experience with telemedicine and it was seamless.  they have an excellent platform.  easy to sign up and register.  i was looking for an antibody test for covid-19 and they were advertising this ability using quest diagnostics and labcorp locations around the country.

i spoke with dr. david dantes.  he was awesome!  thorough, caring and professional.  i chose him for his excellent reviews, 5 star rating, and over 40 years of experience.  i give him 5 stars too!

made an appointment with quest around mid day, brought them my printout with the order for the test, and they took a blood sample... sent it off to their lab.  the next morning received an email with the test results from plushcare.  

very highly recommended"
201,201,13.0,0.084,"zoom, great, class, good, amazing, set, home, move, provide, forward","appointment over zoom with her it was something terrible. she even didn't try to figure out what happened. didn't provide any conclusions or prescription and tried to finish call as soon as possible. with such success it's fashionable to talk to the wall but you don't have to pay big money. superficial approach without personality approach. 

+ at least she can provide any references, as much as you want, to tests and third party doctors without stupid questions. why i put 2 stars not 1."
202,202,4.0,0.0977,"patient, doctor, medical, make, office, health, practice, review, provider, year","i went here at the advice of my pcp after a telehealth visit. check in was ok, no personality of the clerk other than asking me to fill out ipad info, paperwork, and of course my credit card. i was the only person there yet had to wait over 30min to get back to a room. this was because the doctor there, dr reid, was busy (and loudly) arguing with a bank about missing paperwork. when he finally arrived in the room, he talked over my concerns, made a quick diagnosis and offered antibiotics. i had to explain that i already took some with little relief. he then insisted my problem must be better then. he then actually left the room to go back to argue with the bank again. when he came back, he was again very short and rude with me, not listening to my concerns. he frequently was trying to get an x-ray even though i didn't need one  

i left very upset, unsatisfied, and frustrated that i spent a good deal of money for nothing. 

i had read some other reviews about this same doctor and hoped that i wouldn't be seeing him, but that didn't work out. 

i will say the facility was clean and the medical assistant was nice, but otherwise i would not be returning here again."
203,203,15.0,0.0951,"session, telehealth, work, easy, therapist, helpful, continue, highly_recommend, offer, therapy","i can't say enough good things about jeff and solutions pt. a few months ago, i tore my hamstring and couldn't run without serious pain. after a few sessions with jeff, covid-19 hit and i was unable to have in-person appointments. thankfully, solutions started offering telehealth appointments. i wasn't sure how this would work, but jeff figured out ways to incorporate the limited equipment i have at home and modify exercises so they still worked. i'm slowly easing back into running and am so excited to get back out there! if you need pt during the pandemic, this is your place."
204,204,9.0,0.1515,"visit, time, doctor, virtual, experience, follow, fact, hard, person, worth","did you know that heart disease is the leading cause of death for men, women, and people of most racial and ethnic groups in the united states? another staggering fact is one person dies every 37 seconds in the united states from cardiovascular disease.  but, even more, frightening to me is knowing that heart disease is the leading cause of death in women.   just knowing these facts, i'm glad that dr. yamada is on my healthcare team at queens medical center.   i regard him as progressive, knowledgeable, compassionate yet straightforward with his explanations to me and i have been under his care for at least the past decade or longer.  

my scheduled annual office visits may include in-office treadmill stress tests or ekg in addition to getting my basic vital signs.  dr. yamada has also prescribed other diagnostic tests to help him to decide if he needs to recommend changes in my lifestyle or medication.  this time around, during pandemic restrictions, i participated in a telehealth visit.  this was my first-time using hmsa's online care application.  after registering for the application (on friday, in preparation for my monday appointment), i found this application easy-to-use and quite intuitive.   on monday morning, about 20 minutes prior to my designated appointment time, i signed in to the app's ""waiting room"".  then, about 3 minutes prior to my appointment time, dr. yamada's nurse signed me in to my appointment and dr. yamada made his appearance on-time as he usually does for office visits.

the telehealth visit was just as good as an in-person visit except that i had taken my own blood pressure and weight at home.  yeah, yeah... unfortunately, i had to report the ""corona pounds"" gains.  dr. yamada had reviewed the results of the blood draws that i had taken a couple of days prior to this appointment.  i guess that because of the pandemic concerns, he and his nurse were wearing face masks even for this session.  i liked that their office takes this pandemic seriously and takes all possible precautions to not only protect themselves but to protect their patients.    i sort of like this telehealth application as it was easy to use and i didn't even have to leave the comfort of my home.

anyway, i've already scheduled my next office visit in 2021 and look forward to the continued maintenance of good heart health through dr. yamada's recommendations."
205,205,14.0,0.1052,"back, give, test, find, time, result, covid, today, walk, information",why are you denying patients access to telehealth appointments? i was flatly denied one this morning with no reasoning given. you want an 80 year old with respiratory issues to come in to your office to get test results during the coronavirus???
206,206,10.0,0.1914,"care, staff, covid, family, professional, due, physician, great, understand, provide","i'm a stickler for quality having been trained by the best quality engineer in the country so when i go to a provider or restaurant and see nothing but professionalism, cleanliness, courtesy it makes an impact to me. from making my appointment to greeting me, 5 stars. tony and his apprentice alisa have helped me overcome my back injury from a mva and have been so accommodating to me with the highest level of expertise. i was seriously wowed by them and that's rare for me. most places i message owners rather than leaving crappy reviews to offer improvements. i can't think of any improvements except maybe more patronage during covid 19. there office is now doing virtual visits. tony and staff thank you!"
207,207,4.0,0.0871,"patient, doctor, medical, make, office, health, practice, review, provider, year","this was my first visit to alta vista dermatology.  because of the coronavirus pandemic it had to be a telehealth consult.  we were really impressed with the receptionists at the front desk.  i called about 5:00 p.m. as i had a question about forms, etc, that needed to be filled out and even at 5:00 one answered and was very polite in helping out.  dr. draper was patient and warm.  fortunately i didn't have anything serious but it was nice to have a doctor that seemed to really care."
208,208,17.0,0.2641,"call, insurance, phone, charge, pay, appt, receive, bill, horrible, today","awful, terrible, complete idiots.

i had to be called by a np here because a physician at the tarzana location straight up refused to see due to covid exposure concerns (see that review for more info). anyway, a week out from my original scheduled visit at tarzana, i was called back by the ma i had the absolute displeasure of meeting and was told if i wanted to be certified by a physician, i would have to pay $200 to do so. so, i called the appt. line and got a telehealth appt. overall, the call was okay- the provider i spoke with jumped to answer, as if she were listening to respond and not actually listen to my concerns, like a car salesman trying to make a sale. anyway, once i mentioned to her that i needed my disability certified, she informed me that she doesn't know how to do it on the internet and would need a paper form. the edd local offices are closed, so any hope of getting that paperwork is null until all of these self-isolation restrictions are lifted- leaving me without pay and without rent or money to feed my kid. anyway, a few hours after the call, i get a call from some other person asking me what i was calling about. i informed her that i needed my state disability certification done online. she then asks me what i was calling about in reference to my prescriptions. i informed her that i didn't call about any prescriptions. she insisted i did. i told her that i did not. she informed that i did. i advised her to call my pharmacy- because what she was calling about sounded like an authorization. she hung up. i called my pharmacy and they informed me that yes, indeed they were calling from there for a prescription authorization from the provider and had not been able to get into contact with anybody there. 
they just called me again to inform me that the physician would not do the certification online and that was it. no other options for me, not to speak with another physician who does certify online, they don't have the paperwork there and that's it. i'm just sol on getting paid. these people suck and are complete idiots."
209,209,13.0,0.1389,"zoom, great, class, good, amazing, set, home, move, provide, forward","i participated in a love and empowerment  intuitive  art workshop by taly bar via zoom. i came with no expectations and  in fact i was hesitated to try it at all.  to my surprise, i  went through a beautiful,  gentle yet powerful , interesting and -  empowering  - process. taly  asked such key questions, and really gave me the time and space to express my answers  through visual art. our conversation abut it was a magical route of enlightenment and discovery.  i took what i found within me into the week,  and felt more clarity and connection to myself. thank you taly."
210,210,5.0,0.1056,"pain, exercise, body, follow, pt, injury, physical, excellent, issue, run","i had a shoulder pain that required physical therapy.  but because of the coronavirus lockdown, i only had remote appointments through their telemedicine service.  i was thoroughly surprise how remarkably convenient and effective it was.  all my appointments were on time. i didn't have to commute.  i just stayed in living room.   most important of all,  i felt that treatment was just as good as in person visit.  harris was outstanding in guiding me through the exercise and stretches and making sure i follow the proper form.  in a few sessions my shoulder was noticeably better.

i highly recommend physical therapyworks and their telemedicine option -- lockdown or no lockdown."
211,211,3.0,0.1314,"prescription, medication, refill, bad, state, order, pharmacy, med, problem, contact","to keep this short, i made an appt with dr berland's pa tophkane. with covid concerns i made a telehealth appt to refill some prescriptions. the person who made the appt for me was very pleasant and took the time to speak with dr. berland about my unique situation. dr berland agreed to sign off on the refills but that i would need to do the telehealth call with his pa because he was heavily booked. first telecall we had tech issues due to nurse calling during setup and therefore rendering my phone's microphone unavailable for the telecall. had to reschedule for today for the first opening. received a call from amy prior to telecall stating that they were canceling telecall because pa wanted to see me ""in office"". i explained my agreement with dr berland but amy stated she didn't care because she was instructed by pa to have me come ""into office"". i asked amy to speak with dr berland at which time she abruptly stated that she already did and now states that he instructed her to call me and cancel. this was clearly a lie. amy proceeded to lie to me several more times and refused to any attempt go discuss the situation with her superiors. then amy flatly stated that i was not going to receive any help unless i came into office. with covid ongoing this was not an option. in essence amy denied medical care to me. amy is rude, demanding, not a problem solver, is without empathy, and very unprofessional. dr berland may very well be a great dr but you have to make it past his staff to see him."
212,212,7.0,0.1426,"check, nurse, facility, room, minute, place, hour, staff, leave, happy","the doctors at this practice are usually very good.  my dr. jennifer
mccarthy is excellent.  the problems start with the staff.  totally unprofessional and sometimes downright rude.  during the pandemic
i got a telemedicine call from my doctor.  everything went well over the phone and i was told t pick up some papers at the office that she left for me.  she said put on mask and come into the office to pickup.  sounds
easy until you try to do it.  got there and doors were locked.  started to
knock on the door, not a person in sight.  frustrated i knocked harder
which as a patient i thought it was my right to do so.  i was given a hard time by the staff.    doctor came out & told them not to lock the door. i got my papers only because the doctor intervened.  dr. repeated 3 times not to lock the door.  as i left parking lot i saw a man try to open the locked door.  i have used this practice for many years only because i like the doctors.  staff is a disgrace to the excellent doctors.  if you are looking for an office with a professional staff stay away."
213,213,15.0,0.1431,"session, telehealth, work, easy, therapist, helpful, continue, highly_recommend, offer, therapy","i recently had a tarot card reading and coaching session with becca. it was fascinating how each card resonated with what has been going on in my life. she masterfully wove tarot cards, oracle cards, and intuitive guidance to help make certain decisions i have been mulling over easier. in addition to it being helpful, i found her style fun and collaborative. i highly recommend her for a session and can't wait to book her for a zoom tarot party for my girlfriends!"
214,214,8.0,0.2584,"call, wait, doctor, day, minute, appointment, hour, time, receive, message","never see dr. scarupa! this rating is really zero stars! my son was scheduled to have an appointment with him on april 3, 2020. in the age of covid-19, the office called me on tuesday, march 24th to cancel the in-person appointment and asked if i would like a virtual appointment with dr. scarupa instead. i said yes. they said that he would immediately follow-up with me to set up the appointment. i never heard from him or anyone from the office, so i called the office on thursday, march 26th to say that i had not been contacted about scheduling a virtual appointment. they asked if i was available to have the appointment that day and i said that i was. i then received information from an email on how to login into the patient portal...i guess in preparation for the virtual meeting. i then received 2 text messages asking me to confirm the appointment that was scheduled for 1:00 pm that same day, march 26th.  i confirmed the appointment in both text messages and had a link to use for the virtual appointment. at 1:00, i clicked on the link, which led me to the portal, which then asked me to click on a tab for my meeting and to enter the waiting room. i was then brought into my zoom meeting. it said that the host was not in the meeting yet. i waited 15 minutes before i used my house phone (as i waited for my zoom meeting to start on my cellphone) to call every number possible for the 2 office locations, just tying to speak to someone and confirm the appointment. i left 2 voicemail messages because no one picked up and  i asked for someone to call me back to confirm the appointment, which i was still waiting to occur. i called one number and finally decided to press the prompt for ""doctors, hospitals and medical staff'"". finally, someone answered the phone. i said that i had now been waiting 30 minutes for my virtual appointment and that dr. scarupa still had not joined the meeting. she said that she would email him and let him know. i asked if she could call him and she said she didn't have a number to call him. really!!!! as i was speaking on the phone with her, another person from the office called my cellphone and asked me to go to a particular website so that i could have my appointment. at this point i'm furious and venting that this whole process was completely unacceptable and infuriating. i finally go to this other website and am told that dr. scarupa would start the meeting in 2 minutes. at this point, i had been waiting 48 minutes for the meeting to start. he finally comes on and says hi. i started to complain about the unacceptable process that had just occurred in setting up the meeting. he stopped me and said ""if this is going to be a tirade, i'm done with this meeting because i don't have the patience for this."" completely shocked that he was unwilling to hear about what had just happened, i said ""ok"", and he ended the meeting.....disconnected.....disappeared. what he didn't know is the person who called me to set up the meeting was still on my cell phone's speakerphone and heard the very brief exchange between me and dr. scarupa. she was shocked that he responded that way and asked if she could help my son get an appointment with another doctor. much blessings for this woman's willingness to help my son and shame on dr. scarupa who didn't have the patience to hear about the unacceptable process for scheduling a virtual appointment and then hung up before he even tried to medically assist my son. never see him....completely unprofessional!"
215,215,8.0,0.3111,"call, wait, doctor, day, minute, appointment, hour, time, receive, message","do not set up telemedicine offerings if you aren't capable of running it. this was a horrible experience. i called at 9:45am to make a telemedicine appointment (rang for a good 5 min before someone picked up). the appointment was set for 11:30am and i was told to fill out information on breeze and download an app for the virtual health visit. i did everything and waited for my 11:30am appointment. by 11:45am i still had not received a link to the video call. i called the office (again, long wait for someone to pick up) and was told to wait until 12pm because the doctor could be behind. at 12pm, still no link. i called the office (again, longer than usual wait times) and it was clear the doctor i was seeing was not out of the office where the receptionist was. they told me the phone lines at the neptune office were down, so they ""sent message to the supervisor over there to let them know i was waiting."" they finally sent a link but when i opened it, the loading bar spun while i waited for a provider to enter the call. no provider entered and 10 minutes passed. i called back and they tried to send another link. again, no provider joined after 10 minutes. they tried to connect to that office and weren't getting through via phone. they said to just wait around for when the doctor would be ready and i'd get a link because at this point, the doctor has wasted enough time trying to connect with me and needed to see the in-person patients. reluctantly, i waited because i really needed a prescription. around 1:40pm, i received another link. again, same issue. i called the office and finally they explained that the office where the doctor was was experiencing internet issues. they rescheduled me for 3pm with a totally different office and doctor who ""is good with telemedicine and keeps her appointments on time"". 3pm came and went. at 3:30pm i called and they said this doctor was running behind. by 4:15pm i was done waiting. i called a completely different practice and received an appointment and prescription by 4:45pm. total waste of my day and additional stress to deal with while working from home and dealing with a health issue."
216,216,0.0,0.1115,"feel, make, love, experience, couple, start, anxiety, ease, team, share","my family and i have been patients of dr. carl's for several years. i cannot begin to express how much of a valued member of our family he and his staff truly are! we have several members of our family with very specific health needs and dr. carl and his staff keep us up to date so we don't have to remember all of the details! they take care of it for you. making appointments is as easy as can be. prescription refills are always checked and evaluated and dispensed appropriately. cathy is the lead nurse and she is always super organized and extremely helpful and communicative! colleen is such a sweet and welcoming member of wellcomemd. i always love seeing her face!:) heidi is fabulous on the phone and great with communications. she gets the job done! 
but when it comes to your health, your relationship with your doctor, it's an intimate dynamic because it requires clarity and trust on the part of the doctor and patient. dr. carl is so relaxed that he puts his patients at ease immediately. he is thorough and goes through all of your blood panels with you one-on-one and makes excellent suggestions and also is complimentary if he feels that you are doing well. he will prescribe supplementation only if it is reflected as needed in your bloodwork. personally, my blood pressure zooms up every time i go to the doctor. but with dr. carl, he brings it back to normal and puts me at ease. 
obviously, my entire family and i are fans of wellcomemd. i recommend dr. carl and dr. colfer to everyone i know! 
as an aside, we drive 1.5 hours each way, just to be a part of their practice. they are that good."
217,217,14.0,0.077,"back, give, test, find, time, result, covid, today, walk, information","i love this place. every time i go they've been so efficient and helpful.
the only downside was last time there wasn't anyone to draw blood and i had to wait forever at swedish ballard's lab.
i've seen multiple providers and they all have done a great job.
i'm in healthcare myself and know how hard their job can be... so thank you zoomcare ballard!"
218,218,8.0,0.136,"call, wait, doctor, day, minute, appointment, hour, time, receive, message","the support staff are horrible, especially now that the appt was switched to telehealth. they all work from home so you have to leave a message. i have been trying to reach them to fix my daughters's registration. every time i try to login, the portal states my daughter's name was not confirmed . my daughter missed her appt last week and out of her meds because these people doesn't know how to do their damn job. horrible! i just called right now and i asked for the operator and they disconnected me. great! i tried calling back , now the damn phone is busy! lovely. do not come to this place. the support staff are not very smart and they are lazy too! freaking dangerous combination."
219,219,2.0,0.0971,"issue, time, extremely, make, service, concern, friendly, kind, person, super","during these scary and uncertain times, i'm happy to report that dr. tachdjian is doing a great job taking care of his patients.  we set up an appointment on telehealth and he patiently and knowledgeably answered all of my concerns about how long i could go without an allergy shot and some of my issues with allergies to medications.

since i'm writing a review anyway, i also wanted to say that every time i'm in the office for a shot the staff is professional, courteous, friendly and that the wait times are reasonable.

thanks for such a great patient experience!"
220,220,8.0,0.1334,"call, wait, doctor, day, minute, appointment, hour, time, receive, message","i was looking into the possibility of getting plastic surgery, but was worried about how to obtain a consultation and get some questions answered during the covid-19 pandemic.  i saw that cosmeticare, who i already knew was highly regarded in the area, was offering ""virtual consultations,"" so i inquired about setting one up.  within minutes a representative obtained my information and set me up for a zoom call with jennifer (assistent practice manager and consultant) and dr. von maur the following morning.  in advance of the call, jennifer was able to obtain ""before"" photos from me and provide me with simulated ""after"" photos to discuss with dr. von maur during our call.

the zoom call was great - jennifer, dr. von maur and i were all at our respective homes, but were able to walk through all of my options and answer any questions i had.  could not have been an easier process and really put my mind at ease.

since then, i worked with jennifer on scheduling and pricing for my surgery ... and she has been there every step of the way since -- 24/7, including weekends -- to answer any questions or concerns i might have to put my mind at ease.  

went in for my pre-op appointment last week and was beyond impressed with the office and staff - both relaxing, friendly and inviting.  surgery on the 18th and i cannot wait to see the results!"
221,221,8.0,0.1479,"call, wait, doctor, day, minute, appointment, hour, time, receive, message","they ended up sending me a bill with charges that i have no clue what it is for - when calling the number on the bill-they tell you they send a message to billing since they all work from home and you have to wait 5-6 days before they will call you back. when i asked if there is another number for direct contact to billing, they said no. when i asked what happens if you miss the call - they said you have to call back and wait another 5-6 days before another call back. extremely unprofessional. now they will charge my credit card with a bill for $600 for 2 telemedicine visits that lasted 30 minutes total."
222,222,9.0,0.1566,"visit, time, doctor, virtual, experience, follow, fact, hard, person, worth","this cvs is just around the corner from me (and apparently very close to where joe exotic from tiger king used to run a pet store?!???!).... anyway, i find myself here pretty often just because it's so close, you know? it's not my pharmacy either, but they do have all the basic groceries and goodies i tend to need last minute when i'm out and about. i'm happy i can walk in and very quickly grab my favorite mascara, a gallon of milk, a phone charger, and a bottle of ibuprofen all at once, in and out in few minutes without the distractions of target or the lines at kroger. i'm also so happy to see cvs taking precautions concerning covid-19 as well as offering virtual doctors appointments. 

there is a great team of employees here and i'm always warmly greeted and assisted!"
223,223,3.0,0.1532,"prescription, medication, refill, bad, state, order, pharmacy, med, problem, contact","so... i'm now feeling a little nervous,  i received a notification from my cvs about a new prescription sent by my team.   during my latest video conference with my surgical oncologist i was informed that my situation was escalating and therefore  my new status is that of high risk during the current apocalyptic situation.  
i contacted my pharmacist (cvs) concerning my prescriptions and was hoping for my prescriptions to be held until sometime later this weekend.  
one of the stellar pharmacists picked up & reassured me that i need not worry because i can simply have them delivered.  
a wave of relief washed over me and i won't need to alter my hermit temporary lifestyle."
224,224,15.0,0.2018,"session, telehealth, work, easy, therapist, helpful, continue, highly_recommend, offer, therapy","i have been working with mindful therapy group for 4 years, and the leadership and flexibility of mindful therapy group over the last month has blown me away. with the covid-19 outbreak there was a lot of uncertainty in regards to what the best path forward would be, but mindful therapy group waylaid those fears for me. leadership and a willingness to try new things has led mtg to be able to support all of their employees working remotely, as well as offering remote telehealth services to all current and new clients looking to continue their regular sessions with providers. knowing that my workplace cares for my and the community's wellbeing and is willing to put in the hardwork i see daily has given me new insight into the type of work environment i treasure and will work to maintain for the future"
225,225,13.0,0.0833,"zoom, great, class, good, amazing, set, home, move, provide, forward","i was impressed with the way that mindful therapy group transitioned to zoom appointments. the communication was good at the beginning. it has been a little more difficult to get a hold of someone for an appointment recently. however i can always reach my provider and she will schedule an appointment for me. 

over all i am happy with the staff at mountlake terrace, i miss seeing them in person. i have had good communication with the billing office and was able to understand what was expected of me as far as payment and knowing my insurance coverage. 

i love my provider jessica england, she has always listened to me, explained things and let me make informed decisions about medications. i feel like she understands me and is there to provide education and support when i need it.  she holds me accountable for taking care of myself and not relying on the medication to make me ""happy."""
226,226,11.0,0.1663,"baby, give, support, child, pandemic, birth, hospital, daughter, thing, husband","choosing a nursing home is hard.  a year ago my grandmother was living alone in her house and as the dementia was getting worse we began the process of looking for a memory care facility.  we toured several and none of the options were great.  then grandma fell and broke both her arms and we were forced to find an acute rehab facility that also had memory care capabilities.  the list of options is short, and we selected marquis.  i cannot recommend them enough.  the food sure wasn't great but that's the only negative thing i could say.  the staff is absolutely amazing.  they were able to prevent my grandmother from needing the memory care protections by simply interacting with her.  they were able to help this fiercely independent woman transition to a situation that she never wanted to be in, and to thrive in that space.  during the covid pandemic they were very accomodating about zoom calls and facetime to replace in-person visits, and did everything right to prevent covid from entering the facility.  my grandmother had a heart attack last  week and moved to hospice.  due to covid they would only allow two visitors in total, so my sister and i spent 40 hours at my grandmother's bedside.  the staff was so caring and supportive it was incredible - especially catherine and kayla.  the whole team made this difficult period much easier and my very grateful to how great they treated my grandmother.  i cannot recommend this place enough!"
227,227,6.0,0.2238,"doctor, give, day, symptom, eye, sick, put, medication, antibiotic, explain","i visited zoomcare in december. i had a persistent cough for 6 weeks, lung congestion,  and have alway been prone to respiratory infections. 
the practitioner who i saw had an extremely off putting manner. despite hearing my symptoms, and examining me, once she heard i was a smoker, she focused exclusively on smoking cessation and over the counter medications that i could get at any pharmacy, rather actually treating my illness.
aside from my habit of 6 cigarettes a day, i'm extremely healthy: no illnesses, no prescriptions, very regular exercise and healthy diet.
after listening to the practitioner lecture me on the dangers of smoking, without addressing the illness i was suffering, i simply chose to leave. 

i visited a different urgent care. they gave me a chest x-ray, and i had pneumonia in both lungs.

i would caution anyone who chooses to seek medical care at this location."
228,228,6.0,0.206,"doctor, give, day, symptom, eye, sick, put, medication, antibiotic, explain","""covid-19 advisory:business operations may be affected
due to ongoing precautionary measures, please contact the business directly for updated hours and availability.""
i called to ask if they were opened, and they asked me what i needed. i said i still had infection in my throat. i was prescribed azithromycin on 3/17/2020 but it's not enough. i took amoxicillin and clindamycin as my mom gave me as back up from indonesia but the infection was not cured yet. i actually have intestinal problem left but that's not related to my throat. i understand antibiotics are dangerous to be prescribed and people are scared of covid-19. so they are actually good. 

they told me i probably had the symptoms of covid-19 and asked the doctor whether i could be checked or not.

i told them i did not have covid-19, only needed antibiotics, clindamycin.
they said due to covid-19, they were understaffed, and i needed to go to see my doctor.

i insisted to go to the urgent care and it was not understaffed and no patients. they were worried that i had covid-19 and did not want to call my provider. 

i said i did not have covid-19 symptoms like fever, only difficulty of swallowing due to my throat felt hardened and scratchy. and since it's been a month i stayed home, i did not have covid-19. it should have gone worse fast but there was nothing except losing my voice and throat problem for 1 month. the last time i saw someone was at walmart pickup and i wore mask. it's okay to accuse me of having covid-19 but we'll see, i do not have covid-19 on march 26th, 2020. maybe because i don't need antibiotics anymore, so they're actually good. 

i asked them to prescribe me 10 clindamycin pills. 

it was me who insisted to be checked by a doctor and even came despite they told me on the phone i should not have come. the front desk was already nice and said they could not check me in today. 

they asked me to go outside (they thought i liked to be ordered around and called their number first and went inside).

i understand this happened due to unprecedented novel coronavirus and my condition
was still looking quite healthy. otherwise, all great with them. 

i ended up eating manuka honey (but was going worse) and was able to see a doctor via telemedicine to get my antibiotics. 

i will still go to this urgent care if needed in the future and i wish everyone the best (sorry about my rudeness and ignorance). safety first. reliant has a telemedicine option too and i would not rule it out using it in the future if i get sick again (have not checked it out as i have used teladoc and could be lazy to switch).

i would like to write a separate wonderful review and give them 5 stars based on my visit on 3/17/2020. maybe yelp can allow me later. it was a great experience for a medi-cal patient."
229,229,6.0,0.0998,"doctor, give, day, symptom, eye, sick, put, medication, antibiotic, explain","dr. pugh has been my doctor for 10 years now and is simply amazing. she always thoroughly listens to my concerns, addresses them, and provides multiple options for me. she also does a thorough exam and provides me with up-to-date information, especially regarding my thyroid condition. her pa, eva is also amazing...over the years she has seen me same-day for emergencies like uti and yesterday, amongst corona madness, for a cough and fever. eva saw me via video chat and had me come in for a drive-by flu screen. sure enough, i have the flu. she rx'ed zofluza and i feel so much better today! i am grateful to both of them for all the care they have and continue to provide me, along with all their support staff. all y'all are amazing and...thank you! i highly recommend them. susan, the triage nurse, and beau, who frequent answers the phone and handles scheduling/billing situations are also mvps. much appreciated."
230,230,10.0,0.1132,"care, staff, covid, family, professional, due, physician, great, understand, provide","it's honestly a toss up here at this office. sometimes you get good quality care and caring staff. sometimes you get people who really don't care at all. i am finally tired of the hit and miss care here. this time they tried to take advantage and make more money off repeated phone visits. 

to the office managers.  don't worry about sending me a letter. i think it's time we part ways."
231,231,8.0,0.1396,"call, wait, doctor, day, minute, appointment, hour, time, receive, message","awful!!! 
i made a telehealth appointment with dr. matthew gordon for wednesday the 29th of april 2020 because i'm having agonizing hip pain. about an hour before my appointment time, i received a call from alex who said i wasn't entitled to a telehealth appointment. she said that because i'm a new patient of dr. gordons he wants me to get an x-ray first. i asked if he would be willing to make an exception since we're in the middle of a pandemic and i haven't had any obvious injury or trauma to my hip. she said she would speak to dr. gordon about it. about 20 minutes later i received a call from dominique who told me that alex had told her that dr. gordon wants me to get an x-ray before he's willing to see me. i reiterated that i don't feel comfortable coming in for an x-ray in the middle of a pandemic and that i haven't suffered any obvious injury or trauma to my hip. i stated that if it's a financial issue, i would pay for the x-rays out of pocket without actually having them done despite the fact that i have health insurance. she then questioned what it was that i was looking to get out of the appointment. i explained that i was simply looking for the doctors advice on what i could do to alleviate the pain. after about 15 minutes of practically begging for her to speak with dr. gordon, she said she would. dominique called me back about 10 minutes later to tell me that dr. gordon would only be willing to evaluate me in person only after i got an x-ray and that there would be no exceptions even though we're in the middle of a pandemic.

i've been a patient of crystal run healthcare for 8+ years and it's been one disappointment after another but this tops them all!
shame on you dr. gordon and crystal run healthcare for putting your patients at risk unnecessarily!!! 

immediately following this incident, i called a local health quest practice and was able to schedule a telehealth appointment within 2 hours. i was able to speak with a wonderful doctor who was compassionate and thorough. the doctor gave me great advice on how i could alleviate my pain and help me heal. thank you so very much health quest!!!"
232,232,6.0,0.1148,"doctor, give, day, symptom, eye, sick, put, medication, antibiotic, explain",my son has been a patient of dr hu since his birth 4.5 years ago. this morning he woke up with possible pink eye symptoms. we have self quarantined since suggested in ca due to corona virus. dr hu office refused to see him as it wasnt just a wellness visit and suggested we take him to urgent care exposing him to all the other illnesses floating around. disappointing....they didnt offer telemedicine or any proactive solution to help treat or protect our child as we have.
233,233,14.0,0.1586,"back, give, test, find, time, result, covid, today, walk, information","dr. allen is a wonderful, caring, upbeat, terrific, educated, and knowledgeable doctor, that not only is a caregiver, and healer, but is a teacher in that he takes the time with you as a patient to explain, educate, and teach you about why you're feeling the way to feel, and how the things he prescribes or treatments he advises you to do will help your health and life. 

today of all days, march 19th - admits all the chaos we as americans are undergoing hourly to adjust to social distancing, and living during this pandemic that is coronavirus, i had scheduled an upper gi test. i followed through with the test this morning at 9am, the dr. that did the test let me know he would be sending his results to dr. allen this afternoon. at 11am this same day, march 19th, i got a call from dr. allen's office letting me know that dr. allen had the results of my test, and due to the coronavirus, he would like to schedule with me a telemedicine call to chat about these results. his secretary told me to go to there website which i did, and i found the link to schedule the tele-appointment.

i pulled up the link on my iphone, and in an instant, it should on my phone a video chat, and read on-screen ""your appointment will begin shortly"". in less time i wait signing in at a waiting room, bing, dr. allen popped up on my screen. 

he explained to me he got my results, and the office was trying to do these tele-appointments were they could now. all from the comfort of my home dr. allen read and explained my test results, he prescribed me medication which was sent over to my pharmacy, and we set a future tele-appointment to follow up on how i was feeling. in less than 2 hours i had all my answers, without having to run all over the valley (risking exposure). it was not only convenient and safe, but dr. allen still provided me with the same great personal care that makes me feel like i am a member of his family.

thank you so much dr. allen for helping me get healthy and providing me with such great care.

sincerely,

sammy"
234,234,15.0,0.089,"session, telehealth, work, easy, therapist, helpful, continue, highly_recommend, offer, therapy","this place is amazing !!!

i'm recovering from a brain injury, so screens and forms (& remembering to do them) can be hard for me. they were kind and understanding with me about this right from the beginning (which really reduced my stress).

anne, my vestibular therapist, has already helped me feel so much better, and we've never even met in person, as i began my therapy after the stay at home order. the entire therapy so far has been through telemedicine and has been terrific... only a few weeks in and i am significantly more balanced !!! 

she was even able to help me figure out i was having shingles and urged me to get it checked out immediately (which was super important as they were affecting my eye). 

i can't recommend this place enough, when both the front desk and the therapy is this good, getting better is much easier :)"
235,235,11.0,0.1061,"baby, give, support, child, pandemic, birth, hospital, daughter, thing, husband","from my wife: judy is amazing.  typically, we would have met in person.  given the situation with covid-19, she was extremely flexible and has been able to communicate with me via zoom, calls, and text.  her knowledge is tremendous and she is open to sharing it and educating you.  not only can she help with lactation, but her expertise also extends to other areas of caring for a newborn, like reviewing sleep schedules and expectations.  i, 100%, without reservation, recommend judy.  she is extraordinary.  a+"
236,236,9.0,0.1573,"visit, time, doctor, virtual, experience, follow, fact, hard, person, worth",unorganized staff pretty much sums it up. my first visit i paid my $40.00 copay and then waited 2.5 hours past my appointment time with no explanation or apology from the office staff. my second visit went better though i was again charged a $40.00 copay even though my insurance only calls for one charge per referral. my third visit was rescheduled due to covid-19 which was fine. they then called me on my reschedule day  and told me the doctor was only doing virtual visits but i would now have to get another referral as they had dragged out my visits more than 3 months which is the insurance companies time limit. if you have a lot of time to waist and are in no hurry to get better i highly recommend castle orthopaedics.
237,237,9.0,0.069,"visit, time, doctor, virtual, experience, follow, fact, hard, person, worth","friendly and efficient office, awesome telemedicine visits with good followup. highly recommended, especially during coronavirus sequestration when some pcps are not available."
238,238,12.0,0.0833,"appointment, office, schedule, phone, patient, telemedicine, email, cancel, due, receptionist","in the midst of this covid-19 scare, i want to thank david zarian for taking the correct precautionary measures to prevent the spread of the virus. he has accommodated my appointment by hosting a video meeting through zoom and was able to refill my prescription over the phone. i did not need to risk being around sick people in the doctors office because of this!"
239,239,0.0,0.075,"feel, make, love, experience, couple, start, anxiety, ease, team, share","dr. gopan is very knowledgeable in his field, he's patient, listens to your concerns, and has helped to chart the correct course of action for my needs. he also makes it more convenient by offering telemedicine video appointments. 
thank you, dr. gopan!
greg"
240,240,17.0,0.1573,"call, insurance, phone, charge, pay, appt, receive, bill, horrible, today","be very careful!  they charge more if you have insurance!!!!! and since you always have a huge deductible (thank you obamacare) you will pay much more than you should! i had a 10-minute video follow-up visit and was charged $300 out of pocket with insurance!!!! please note that this is even more than the $229 they quoted for an in-person specialist office visit.

my initial visit 8 weeks ago was a 20 minute video chat and only cost me $50. what a racket! their prices are up 600% in a mere two months!?! outrageous!

and where else in this world do we get a service before we even know how much it will cost!!!! i thought zoom+care was above playing the insurance fraud game that all other doctors seem to play. what a racket! i will think long and hard before i ever go back."
241,241,13.0,0.2262,"zoom, great, class, good, amazing, set, home, move, provide, forward","i started going to this studio last fall, a few months after my wife recommended it. she had been there for some injury rehabilitation and then general mobility and strength. i studied and taught martial arts and fitness for many years, and enjoyed doing a variety of other fitness modes including trx, cross fit, cycling, yoga and some pilates. in so doing i accrued a fair amount of knowledge and scar tissue to go along with it. with the work i'm doing here, i feel like once again i am expanding my capabilities rather than just fighting not to lose them.

we have worked with jenna and julia, but more recently has been primarily julia due to schedules. she is a great instructor, very knowledgeable, patient and thorough. i look forward to every class, and afterwards always feel like i've done valuable work to improve my mobility, body awareness and core strength. since the covid-19 situation they made a transition to online lessons and those have been great as well. we miss the springboards but they lent equipment out to those who needed it, and we all work on matts in our homes while julia presides over a small group on zoom and keeps a close eye on each of us. we have enjoyed adapting to this new situation with her. whether its in the studio once we can do that again or online, i highly recommend corpo kinetic."
242,242,5.0,0.125,"pain, exercise, body, follow, pt, injury, physical, excellent, issue, run",i just had another telehealth pt session and i am sooooo glad that they are doing this!! i'm 10 weeks out from shoulder surgery. having telehealth visits has helped me progress on a good schedule. with the video conference my therapist can demonstrate the exercises and can watch me do them. i also get the customized exercises over the internet (secured) with short videos in case i need a refresher. and it's covered by my insurance! i'm confident that i will get full movement back and doing telehealth is a big part of that. it's really more valuable than i thought it would be.
243,243,13.0,0.1232,"zoom, great, class, good, amazing, set, home, move, provide, forward","we started coming here in january for my 2 year old daughter then covid hit and we started taking zoom classes with tiffany. as you can imagine, this presented many challenges in learning but we evolve. i mention tiffany specifically because she deserves the spot light. she is energetic, excellent with young ones, and she never takes her foot off the learning/progress pedal. we are now almost 6 months later and my daughter is hitting her language milestones and is talking up a storm. 

in the beginning i was sad and discouraged and i want others who might be where i was in january to ""trust the process"" and know that there is a light at the end of the tunnel."
244,244,9.0,0.171,"visit, time, doctor, virtual, experience, follow, fact, hard, person, worth","where has one medical been all my life?

i grew up a kaiser patient where everything (e.g. primary care, gynecology, pharmacy, etc) was all in one facility. so when i received new insurance through an employer i was confused by absolutely everything. i had a local primary care physician, but had to go to different facilities for other important care and immunizations. it was really hard to find consistent, reliable care. at every new facility, i had to do another intake, which i often had to schedule a month in advanced. i didn't have time for that!

that's why i purchased a one medical membership. i tried out one medical before purchasing the membership. all you have to do is call to schedule an appointment. legally, they cannot turn you away. i was able to book a same day appointment and pay my regular co-pay instead of urgent care, which is what i would've been charged at my primary care physician since regular appointments were hard to come by. 

every one medical facility is clean, beautiful, and easily accessible. once you become a member, it's so easy to book an appointment through the app. another benefit of membership are free virtual visits; although, some insurance plans now include this for free or at low costs with specialty platforms. i decided to buy the membership because of pure convenience of the same day appointments and clean offices. you won't believe how many outdated, disgusting doctors offices i've visited. my last pcp was so disorganized that she was over an hour late for my appointment and her reception desk was littered with manila folders so high i could barely see the rn.

one negative part of one medical is that sometimes i feel rushed. i came in one time because i had severe migraines and the physician didn't have a clear solution. instead of trying to go through all the possibilities, she recommended a neurologist. for that i still had to pay $40 for zero treatment. boo!! so now i try to do the free virtual visits first and only come in if necessary.

recently, i had an iud insertion, which was so easy to do. i had it scheduled and completed in a matter of days."
245,245,2.0,0.1058,"issue, time, extremely, make, service, concern, friendly, kind, person, super","man, i don't get the other reviews. but maybe it's because i see theresa holsan. she is amazing. i've seen her for several years now, and she is so involved with understanding my issues and working with me to help me through them. i see her for routine stiff as well as more specific issues as they come up. she's super responsive through the patient portal, gets prescriptions in right away and most importantly listens. she's become almost a counselor as well. she is truly one in a million. i've also had telemedicine visits with her recently that have been great."
246,246,15.0,0.1237,"session, telehealth, work, easy, therapist, helpful, continue, highly_recommend, offer, therapy","very pleased with this office and doctor. they got me in very fast, offered both telehealth or in person visits.  doctor ghasri was great. answered all my questions and did a biopsy right then on the spot.  staff was pleasant and helpful."
247,247,2.0,0.0923,"issue, time, extremely, make, service, concern, friendly, kind, person, super","it is so important when someone is struggling with mental health issues to find people that are knowledgeable, warm and caring. this describes the professionals at pacific mind health! they are up on the latest therapies and offer telemedicine services which is much needed in today's world. i highly recommend this practice."
248,248,3.0,0.0887,"prescription, medication, refill, bad, state, order, pharmacy, med, problem, contact",this is beyond disappointing. granted i will take fault in not coming into the doctor prior to the pandemic but to not provide a telehealth option to prescribe asthma medication that i have been on for well over 10 years is outrageous. i used to love this place when dr. melis was there but i truly feel this facility does not care about there patients any longer. if i could give 0 stars i would.
249,249,0.0,0.1161,"feel, make, love, experience, couple, start, anxiety, ease, team, share","i've been here a couple of times and they have been great! i've had ethmoid sinusitis and it very painful. today i felt the symptoms and called for a telehealth appointment. i didn't feel like sitting in a waiting room during this covid pandemic. i was able to obtain medications and instructions. within the hour, picked up my medicine from the drive thru at cvs and now resting at home. i've felt confident with the medical decisions made here."
250,250,7.0,0.0789,"check, nurse, facility, room, minute, place, hour, staff, leave, happy",i love the telehealth option!  you're able to obtain refills without having to wait in the waiting room!
251,251,9.0,0.1298,"visit, time, doctor, virtual, experience, follow, fact, hard, person, worth","my wife recommended me to dr. silva because i had an allergic reaction on my face using a over-the-counter product i bought at the store.  during this time of quarantine, i didn't want to rush off to the emergency room for obvious reasons (covid-19) dr. silva was more than helpful, and the staff was very proactive and quick to help me too.  they were very attentive and made me feel comfortable.  i am very satisfied because telemedicine was just one way dr. silva is able to communicate to patients.  i am grateful this service is available because it not only did it kept me safe from going to the emergency room (and save my time from the wait) it also kept my family safe during this time."
252,252,1.0,0.1364,"life, work, find, plan, month, year, change, program, live, home","i have nothing but positive reviews to express. the nutritionist was super easy to talk to, and the convenience of the exchange via video chat cannot be overstated. i definitely feel like my wife and i are benefitting from the recommendations we received, especially as it relates to our in-home cooking. the recommendations are realistic and personalized to fit to your preferred lifestyle. the nutritionist we've been working with has been extremely responsive. we are definitely spending less time at the grocery store, we're more efficient with meal preparation, and we are feeling all-around more confident with our diet regiment. this is totally worth the investment!"
253,253,1.0,0.145,"life, work, find, plan, month, year, change, program, live, home","had a very fulfilling experience with results. my nutritionist provided me with invaluable advice in regards to my diet and eating behaviors. she was always flexible and punctual in regards to our appointment and allowed me to meet by video chat which allowed me great flexibility to work around my hectic work schedule in public accounting. she was very knowledgeable and held me accountable for the goals we set. she saved me so much time grocery shopping and meal prepping, it was very much worth the investment!"
254,254,8.0,0.1275,"call, wait, doctor, day, minute, appointment, hour, time, receive, message","so nice to have a small town style pharmacy /pharmacist in a metropolis.


dr. sam has had to limit his hours, during the current times.
yet on thursday he did our family a solid favor.
over & above.

although he now closes at 3pm, we knew we had a 2:30 zoom dr's appointment.

which ended up being 2 :50pm.

so i called dr sam at 2:45
said "" no zoom call yet""
we'll catch you tomorrow.

he said no problem, i will wait for the electronic script.


i assured him 9am the next day was fine.

dr zooms us, calls in script.

3:22 pm we drop by.

1.
dr sam is still there.
2.
has medicine in stock
3.
filled script
4.
waited for us.


he is our local + go to pharmacist.

he was previously at the k-mart for 14 plus years.

he is our shelby nieghbor hood pharmacy."
255,255,5.0,0.1531,"pain, exercise, body, follow, pt, injury, physical, excellent, issue, run","as a former patient of renew pt, with great outcomes, i was anxious to begin working on my current injury, only to be impacted by the ca statewide order to stay at home.  and then just today, i got an email from renew that they were setup to offer telehealth sessions!  i immediately called the office and jamie scheduled a same day appointment and emailed me all the appropriate forms so i could start treatment today.  after easily downloading the zoom app, i clicked a link and was connected to dea, my therapist.  it was all so easy!    a bit skeptical about how this would work, it was pretty much like being in the office, except we were meeting over the computer.  dea observed my movements, made exercise recommendations, demonstrated the movements and watched me do them and she scheduled our future appointments.  after the session, dea emailed me visuals of the exercises for my reference.  it was a great experience and i will be able to rehab while stuck at home!  the only downside, you don't get the in office soft tissue massage!  ha!"
256,256,1.0,0.1273,"life, work, find, plan, month, year, change, program, live, home","experience momentum is still open for telehealth physical therapy and nutrition appointments right now!  i had my first virtual appointment via zoom this week and was pleasantly surprised by how easy it was to get connected to my pt stephanie magnin and how effective it was even through a computer screen!  i was definitely still challenged and got a good sweat going! stephanie is full of ideas for how to modify workouts and exercises with any equipment that you have available in your house...think using a rolling office chair to get your adductor fired up!

i was first introduced to experience momentum over 3 years when i attended a free saturday workout class.  from the moment i walked through the doors and was welcomed like a old friend by brittney, my favorite bootcamp coach, i have been hooked by the inspiration, energy, and positivity of each and every staff member and loyal clients of em.  their facility is beautiful, clean, and well cared for.  all of the fitness classes are challenging, fun, and completely adaptable to your level by the extremely knowledgeable coaches.  the coaches all have an attention to detail and focus on warming up your body specifically for what is needed for the workout.  they give cues on correct form and tips on how to modify individually if needed. being a runner, i have also relied on em for pt, massage, and nutrition services.  every professional i have worked with at em is truly passionate about what they do and is dedicated to providing the most excellent care they can for you.  they go above and beyond caring for you just as a patient, genuinely caring for you as a person, athlete, student, who you are as an individual. it's hard to put into words how grateful i am to have found the experience momentum community.  it is truly one of a kind place that is made not just by the excellent services they offer but the amazing people who will welcome you with open arms!"
257,257,1.0,0.1352,"life, work, find, plan, month, year, change, program, live, home","i've been coming here for about a year and a half to address a few problems but initially started seeking treatment here due to chronic back pain. i tried chiropractic care but it always seemed like a short term solution for me so i started searching for a physical therapist in the lynnwood area and experience momentum came up. once i read the numerous raving reviews here on yelp i decided to give it a shot. i'm happy i made this decision. calling and setting up an appointment was simple. their front desk is always very friendly and helpful. my initial visit was with dr. blake stephens who did an awesome job in making me feel comfortable and asking me relevant questions so they could address any concerns. he definitely pushed me and wanted me to succeed. their philosophy is to help you become independent which i wholeheartedly agree with since i do not want to keep coming back in for physical therapy for the rest of my life :) while continuing to work with their team for the last year and half to fix each one of my injuries beyond my back, they've done an excellent job every time. each of their team members have been as much as i could ask for: committed, helpful, encouraging, friendly, patient, etc. pretty much all you can ask for in a pt. there's too many names to include that i've worked with but mainly dr. taylor carney, dr. megan mcarthur, dr. david patrick, and everyone else are all top notch. dr. stephanie always says hi to me which is awesome. other physicians that work there with other patients will still say hi or encourage you as you're walking or in the middle of your exercises. it sounds corny but in my opinion i think it's pretty cool of them to do that and makes for a relaxed atmosphere.the energy of the staff is awesome which makes the time go by fast. telehealth appointments are an option and that has been a great experience as well where they will help you modify the exercises for a home environment.

one other amazing and underrated service they provide and that i took them up on was seeing a nutritionist. after my first evaluation with crystal, i realized the benefits of working with one. i view myself as having an overall relatively healthy diet but the recommendations and way she went about it was awesome and i learned a ton. some of what i learned was common sense but crystal helped me put it into practical use. we were able to discuss subjects i had questions on and she would educated me and gave me an explanation on why it will help me. after a couple weeks of making changes to my diet, i noticed a huge change. i had more energy and did not feel tired after lunch. incorporating these small changes among using supplements that i've been missing made a drastic change in my life. just this fact alone made it worth sitting down with her. on top of all this, i did the grocery store tour which i found to be a great insight on what i was buying and how to avoid certain foods and substitute them with something healthier. overall, highly recommend setting up at least an evaluation.

massages are great and have helped relieve the tightness in my back and other areas. i've had massages from most of their staff and it's always been a good experience. shout out to: michelle, jeff, ryan

overall: highly recommend. outstanding staff of knowledgeable physicians, nutritionist, and masseuses in one location. very friendly and energetic environment."
258,258,12.0,0.1081,"appointment, office, schedule, phone, patient, telemedicine, email, cancel, due, receptionist",leaf medical located in carroll gardens is awful. i made a telemedicine appointment online due to login problems i wasn't able to speak to the doctor. i then contacted the front office to try again still didn't work. i then requested to speak to dr. sara gillis on the phone she never answered never responded to my email. they do not care about their patients they only like charging ridiculous fees for horrible service. my previous appointment with dr. gillis she didn't seem professional at all. barely knew answers to general medical advice and questions. i plan on finding a new dr. don't waste your time.
259,259,4.0,0.3196,"patient, doctor, medical, make, office, health, practice, review, provider, year","lone star neurology needs a serious overhaul of their patient care and services. it is pretty much impossible to reach someone over the phone. for our first appointment we sent the intake form the day before. we believe the office had sufficient time to review all the documents we provided and even if there was a system error, it is their responsibility to communicate with us. however the office did not follow-up on the intake form issue, spelled the patient's name wrong, was 1.5hrs behind the appointment time,  did not review medical records sent over, did not take the time to ensure the pt understood questions about their health history (which can be extremely dangerous, especially for those who struggle to communicate), do not have a working reliable televisit system, and have questionable patient care practices. the doctor we spoke with did not even see the patient for more than 10 minutes, for most of which the pt could not even hear the doctor over the televisit system, despite the pt telling the doctor several times he could not hear the doctor. the doctor then disconnected from the televisit system and called the patient over the phone for just 1 minute and then hung up. the patient was left without knowing anything and in shock. how can a doctor possibly properly and professionally evaluate or assess patients' healthcare issues,  not to mention make a diagnosis, treatment plan, and explain to patients, in a single minute conversation? 

we believe when a healthcare facility offers televisits or telemedicine, they are fully responsible for making sure all these systems are functioning without issues so that patient care is not compromised. 

patient care is the provider and their office's responsibility and duty. not taking the time to be clear and clarifying understanding jeopardizes the patient's health and safety. this was extremely frustrating. after several complaint calls and expressing concern over patient care and safety, the provider called back to pacify the situation but it leaves a lot of questions about whether or not this office trained their medical staff in an appropriate and professional manner to competently and safely treat patients. please be vigilant and be aware of your rights as a patient."
260,260,14.0,0.0779,"back, give, test, find, time, result, covid, today, walk, information","not sure what's going on here, but my son went for an evaluation. we waited over an hour for the social worker and then they realized they forgot to give us all the forms to fill out.  social worker was nice, seemed competent. he referred us  to the iop. we show up for his first session and find out we were given the ""old"" information and the times were incorrect. made it in for the next one ok. then came back for family night only to be informed it was going to be patients only due to covid-19. that's fine, but we took off work to be there and would have appreciated a heads up. then they switched to telemedicine. ok, no problem with that. first one went fine. second one he didn't get the meeting code. we tried calling, emailing and couldn't get anyone to help him. after three calls and my son emailing he finally got the code an hour into the session. not impressed , especially for a place helping people with mental health needs. you'd think they would have their act together. hoping things improve from here on out."
261,261,3.0,0.1895,"prescription, medication, refill, bad, state, order, pharmacy, med, problem, contact","i agree with all the people who say the front desk help and the phone system is terrible. the office staff is rude in person, and even worse over the phone. and this new online telehealth system is bs. i had an appointment the other day at a certain time, but they said i was late, but the earlier time was never confirmed by them. and of course the first thing out of their mouth was that i'd have to pay a fee for missing the appointment. some compassion by these blood suckers. and i swear to god--and i'm sure you'll agree with me--there's a front desk girl there with a bad attitude--you know the one i'm talking about--and she will sit there and purposely make you wait an extra minute or two just to exert her power over you. i'll look through the glass and can see she isn't doing a damn thing in there. the overall mood and attitude there is not a happy and uplifting mood. being a mental health facility you'd think they would try to lighten our moods. what they don't realize is that people like us who seek mental health improvement have that extra sensory perception thing where we are way more in tune with behavior signals and perceptions than the average happy-go-lucky kind of person is. i can read minds, and i'm sure you probably think you can too. i can read people like books and can predict things. the people in this office need to realize most of us are like this, so it would behoove them to treat us with kid gloves and lots of compassion. i don't have any issues with my therapist or my shrink. they're very professional."
262,262,9.0,0.161,"visit, time, doctor, virtual, experience, follow, fact, hard, person, worth","i moved a few months back and was looking for a new ob to go to and decided to make a visit at the practice here. very shortly after my initial office visit, i found out that i was pregnant with my first child! i have been coming here for my regular prenatal visits since then and have had a pleasant experience each time. i've also had bloodwork done several times and found that the lab's check in process is quick and efficient and i've never had to wait more than 5 minutes or so before my name is called, even when i don't have an appointment and i go in the middle of the day. 

my husband has also transferred his own medical care to this facility and has had no complaints with the quality of service received. utilizing my health online makes it really easy for us to receive test results and send messages to our care team whenever we need. this is especially handy with the current covid19 situation and all regular visits being changed to virtual visits. 

the only department that could use some sprucing up is the cafeteria. my husband recently had a treatment that required me waiting around for several hours for him to finish so i could drive him home. i got hungry midway through and went to the cafeteria to grab a bite to eat. i decided to get a breakfast burrito from their cafe. the burrito comes cold and you have to heat it up yourself in the one microwave they have in the entire cafeteria. i felt bad using the microwave when there was a line of nurses behind me waiting to heat up their own lunch. the burrito itself turned out to be abysmal and barely edible. for someone who is not a picky eater, this is saying something. 

other than the food though, everything about this hospital has been great so far!"
263,263,7.0,0.1597,"check, nurse, facility, room, minute, place, hour, staff, leave, happy","i am thoroughly impressed!

this morning, i had a video chat with exer's receptionist and was then transferred to a doctor within 2 minutes. i discussed getting a covid-19 antibody test and the doctor set up the appointment. 

upon arriving at the facility, i was greeted at the door and whisked directly into the exam room. my blood was immediately taken and i was amazed to know i was finished 3 minutes after my arrival. i left literally five minutes after arriving. 

every step in the process was amazing! the receptionist, ivanna, was friendly with a great smile. she was happy to answer all of my questions and was super professional. when she passed me on to the doctor, he was also kind and friendly. the nurse at the facility was also super professional and informative. 

definitely looking to exer for all of my future urgent care needs. i'm so impressed!"
264,264,0.0,0.154,"feel, make, love, experience, couple, start, anxiety, ease, team, share",i will start off by saying i was very nervous when i booked my appointment at early options because i've had a horrible experience in the past. after my video chat with dr. fleischman i felt more at ease just seeing how pleasant she was  that relaxed me and made me feel comfortable. the office was neat and tidy i felt safe especially during a time like this with the world dealing with covid 19. the procedure was very quick a few seconds of pain i won't say it didn't hurt because it was a bit uncomfortable but nothing i couldn't handle the idea of being awake during a procedure like this is scary for any woman. but i didn't feel alone she talked me through every step and let me know when i would feel a bit of pressure then it was over i felt cramping for about 15 minutes then i was surprised when they began to ease and i was able to go home and continue my day with 2 busy children. i would recommend early options to any woman it's private safe and the support you get helps you understand your not alone and you do have options
265,265,4.0,0.1359,"patient, doctor, medical, make, office, health, practice, review, provider, year","i had been seeing a provider here for ten years who left the practice, and i never paid more than $150-$175 per visit, even with horrible insurance when i hadn't met a deductible.  she recommended i see dr. whitenack once she left.  

i had 3 visits with dr. whitenack, 2 of which were less than 30 minutes in length, and one of which was telehealth.  mindpath proceeded to bill me $355 per visit, having included both medication management and *talk therapy* billing codes, despite the fact that i did not get an ounce of talk therapy from dr. whitenack.  we talked only about my medicine and whether it was working or not.  he did not inform me i was evidently engaged in ""talk therapy"" simply by talking about how my medicine was working... in fact, he recommended i find a talk therapist to complement psychiatry!  

mindpath also just informed me that their overall fees had increased since 2019, even though no one bothered to inform me of this prior to any of these 3 visits -- and i'd been a patient for a decade.

the final straw? i keep getting these bills and they stopped replying to my emails demanding answers.  i will not be returning, and if these charges aren't waived, intend to report them for medical malpractice or unethical medical practices or whatever i have to do to make sure they don't inflict this kind of financial burden on other mental health patients."
266,266,4.0,0.2213,"patient, doctor, medical, make, office, health, practice, review, provider, year","i am still kind of shocked and in disbelief that i was treated as poorly as i was at this medical facility. i honestly felt like the only reason i was a patient there was so that they could try to sell me medical equipment. they were super pushy about buying a new cpap machine which i made clear i did not want. my providers were nice enough in interview but i got a real bad sense that they were more like used car salespeople than medical providers. my second follow up appointment was for the sole purpose of getting my cpap chip read and making adjustments to my machine. they had started telemedicine due to covid pandemic so i was seen virtually. i was promised even after asking the question several times that my chip would be able to be read remotely. once in the appointment i was informed that the chip could not be read remotely nor could changes to my machine happen which again, in reality, was the only reason for the appointment. i called countless times and got no answer. no return calls were made except to try to sell me a new machine and supplies. once i finally got my bill i felt very taken advantage of. i was able to reach their billing department but was told that even though i had a very valid complaint that i would be billed $200 anyway. then when i asked to speak with a supervisor or owner they said they would have one call me. upon talking with a supervisor, she was so rude and abrupt. she treated me like i was a crazy person. no respect for me at all. she did not want to hear my complaint. she insulted my intelligence and made me feel very poorly. i eventually just hung up the phone which is so out of character for me. i have been forced to take this issue up with my insurance carrier and have filed a formal appeal. i have never experienced such heartless, non-compassionate, rude treatment in a healthcare setting before. i didn't even know such poor customer service existed. i own a small medical clinic myself and so i know the ins and outs of this business. we would never treat any patient the way i was treated. simply disgusting."
267,267,10.0,0.2283,"care, staff, covid, family, professional, due, physician, great, understand, provide","dr. mark reginato is best primary physician i found after my previous primary physician(dr. jeffrey riopelle) who stopped the practice in primary medicine.
reginato cares for you and spends time to understand the problem and symptoms and guides best treatment and medicine to take good care of you. i found personal care like family member.
i would strongly encourage for anyone who is looking for primary physician who understands the issue from both perspective - patient and being a dr. in suggesting best course for permanent cure.
reginato office staff are friendly and always proactive in reaching you for follow-up on lab results, medicine and in-person (or) zoom appointments."
268,268,4.0,0.1182,"patient, doctor, medical, make, office, health, practice, review, provider, year","they called to remind me of my appointment this week. 

is a telemedicine option available?

no, not for new patients. 

can you make an exception to this policy, given the current situation?

no.

so, i'm to risk the health of myself and others to come into your office to be seen when you have telemedicine available? 

you can reschedule or find another practice. 

(i waited two months for this appointment.)"
269,269,13.0,0.0995,"zoom, great, class, good, amazing, set, home, move, provide, forward","i've been taking my daughter to see samantha for her tongue thrust and she has been wonderful. my daughter feels comfortable and confident when working with samantha and has seen the progress she's made. because of the current restrictions and social distancing, they have moved their sessions to take place remotely via zoom and it has been a very smooth transition."
270,270,13.0,0.2271,"zoom, great, class, good, amazing, set, home, move, provide, forward","i love taking classes from sarah reed. she is great at giving her students modifications so that they get the workout they really want without hurting themselves. i've heard other students ask her for advice on how to get in certain poses without exasperating an old injury and she was so thoughtful, informative and kind.  taking her gentle yoga classes on zoom are the only thing getting me thru this shelter in place order! i've also taken her pilates classes and am equally impressed."
271,271,13.0,0.2627,"zoom, great, class, good, amazing, set, home, move, provide, forward","cannot recommend this class or lisa enough. i searched for hours for a comprehensive birth+newborn virtual class and so happy with my decision. what i loved about this course is i was guaranteed to get lisa as the instructor, who is knowledgeable, funny, warm, flexible and empowering (whereas with other courses, there's not always a guarantee who will be teaching you). 

she also has an incredible podcast so her virtual zoom class (due to covid) was seamlessly and professionally set up. she had a good ""radio"" voice, microphone, great internet connection, great visuals, good lighting and organized class materials for following along virtually. in fact it was almost better doing the class virtually because i could stay in my pajamas on my couch! 

lastly, i like her eye towards balance. she doesn't overwhelm you with information but provides a ton of priceless tips you couldn't get from any book. as well as gives you the option to read additional resources/videos. she also doesn't judge you for birthing in hospital or using medications, but leans more towards ina gaskin style of nature knows best and advocate for yourself!

overall class was perfection and you can do yourself a favor and stop searching now!"
272,272,13.0,0.206,"zoom, great, class, good, amazing, set, home, move, provide, forward","my husband and i took lisa's class virtually, due to the covid19 citywide shutdown. i was initially skeptical when the class was converted to virtual. i've been taking other classes (yoga, etc) from providers moving offline to online, and the experience has been so-so. but lisa's course, both content and virtual delivery, really blew me away!

first, the content - lisa is clearly super knowledgeable about all things birth and newborn care. her course was chock full of useful information, as are the many supplemental materials and resources she provides. i went into the class feeling clueless and scared and came out feeling much more prepared! 

second, the delivery - as mentioned, i was really surprised by how smoothly the class went virtually. lisa set up a zoom, and i could clearly see her, her presentation slides and the other participants in the class. lisa herself was very articulate, has a great sense of humor, and honestly it was pretty fun and entertaining for my husband and i to participate in. the only thing we regret about the virtual experience is that we didn't get to try lisa's home-baked cookies!

i highly recommend lisa's class, including the virtual experience!"
273,273,11.0,0.1857,"baby, give, support, child, pandemic, birth, hospital, daughter, thing, husband","during a time of crisis with covid 19, my husband and i went through drastic changes in our lives just as i was about to begin my third trimester. at the same time, lisa taylor made the switch for our birth class to zoom, and her ability to facilitate personal relationships with the group alongside top tier education was a bright light through a trying time. despite stress from the world situation, lisa's constant presence and birth class was an uplifting and expansive experience that we looked forward to every wed & thursday night. the class absolutely helped us prepare for labor, but even more, was a steady guiding light through pregnancy and the covid crisis. i know the knowledge my husband and i learned will be with us throughout our entire experience giving birth to our first child. i also truly admire lisa as woman whose passion infuses her skill and expertise - a true heartfelt, master teacher!"
274,274,5.0,0.1243,"pain, exercise, body, follow, pt, injury, physical, excellent, issue, run","could i be more thankful for direct performance?

i started running 5 years ago and have visited direct performance for small group training, physical therapy, and massage therapy. 

my most recent visit was for massage therapy, right before the stay at home order was issued. even before things were mandated, dp started enforcing new policies to best protect their staff and visitors. my massage was with rachel k. this is not the person who is going to massage you to sleep and put you in a relaxed state of mind. this is the person who is going to give your exhausted and worked muscles the attention they need. it's a true sports massage and a real treat for your body. 

my experience with physical therapy here was great! brian helped me through an issue with my calf using a combination of dry needling and physical therapy. they are now offering telehealth appointments which is great in our current situation. 

thanks for everything direct performance!"
275,275,13.0,0.1143,"zoom, great, class, good, amazing, set, home, move, provide, forward",i was in a car accident late january and began attending physical therapy for my lower back when the covid-19 pandemic/quarantine began to take over everything. despite the many challenges cvpt has had to overcome they have definitely stayed focused on providing good patient care. i love the staff and really enjoy my sessions. i recently started doing telehealth and i have to say it's amazing! love that i can do it in the comfort of my own home and still interact with staff. i'm making steady progress thanks to cvpts commitment to helping me get better....even in the middle of a pandemic! thanks so much guys! i really appreciate you!!!
276,276,3.0,0.1566,"prescription, medication, refill, bad, state, order, pharmacy, med, problem, contact","i take a prescription medication that i needed a refill for. since my primary doctor (lindsey cotten), left all care, they forced me to make a new appointment with dr. jody cousins, which literally took less than 4 minutes on zoom! there was no examination or anything else. i believe it is all care's fault that my primary dr. left and they had to give me a new one to get my prescription back. my bill for the 4 min zoom meeting was $300, which insurance covered $175 and i am left with $125. this is outrageous!"
277,277,11.0,0.1354,"baby, give, support, child, pandemic, birth, hospital, daughter, thing, husband","jana's class was incredible. there were so many unknowns going into pregnancy etc, and this class was recommended by a friend. it saved us! answered all the questions, scenarios, fears, etc that had been on our mind. jana has so much experience, and i had complete confidence in her. the information put me at ease, and let us know that we are not alone as new parents to be! feeling as prepped as one can for birth! the odd thing that happened to us, was the stay at home order issued for covid-19 in the 3rd week of class. she transitioned us all to zoom and it was incredible. we were able to pick up right where we left off, interact with her and the other couples, watch all of the films, have discussions, etc. she was able to adapt on the fly and we are so grateful! my sister in law is pregnant and i can't wait for her to take it and learn all that we did- so so so helpful and so grateful for all of this!"
278,278,2.0,0.1301,"issue, time, extremely, make, service, concern, friendly, kind, person, super","dr rubin has been my doctor for over a decade! i am working- volunteering- socializing again amd even chasing after my grandson! from laser therapy to ketamine infusion therapy and much more , dr rubin has all of the new cutting edge treatments! in these difficult times he offers telemedicine and i was pleasantly surprised by how simple it was! when my daughter fractured her back in a horseback riding accident i didn't hesitate to take her to see dr rubin! i highly recommend dr rubin! his staff are super friendly and professional- wait time is not super long and his offices are easy to get to."
279,279,15.0,0.1311,"session, telehealth, work, easy, therapist, helpful, continue, highly_recommend, offer, therapy","i've been going to renew since a hip surgery for a torn labrum and bone spur removal a few months ago, and couldn't be happier with the progress and care i've received! 

i just had my first ""telehealth"" visit with megan- i was unsure what the experience would be like, but found it almost even more helpful than going in to the office!  for one, i was able to share the layout of my home setup and get feedback on how i actually do my exercises with the equipment i have at home.  in addition, because we were diagnosing pain remotely, i was a more active participant in the ""debugging"" process, which was quite empowering!  i came out of the session feeling much more educated and confident in my therapy plan, and less anxious about the state of my pain and how to progress.  i'm excited to continue to learn and become more of an expert in my own body and recovery through remote (and eventually in-person again :p ) visits!"
280,280,0.0,0.1005,"feel, make, love, experience, couple, start, anxiety, ease, team, share","dr. daneshvar is my favorite gynecologist that i have ever been to. her bedside manner is warm and she makes you feel comfortable. she take the time to listen and explain.

during there covid-19 outbreak i needed medical attention: she was available by video chat the same day and she made me feel so well taken care of! i wanted a follow up call on a friday, and i was scared about what to do if my symptoms worsened over the weekend. she called me back within an hour, didn't charge for a visit, and assured me if i needed her over the weekend she was there for me. never have i felt such compassion and willingness to be available from a doctor. she told me not to worry. a huge load of stress was lifted from me and this  made all the difference in my successful recovery.

dr. daneshvar really stepped up to the plate for her patients during a stressful time of the coronavirus. i have much respect her!

meanwhile my family doctor left me out at pasture. will be writing a terrible review for him. these difficult times show you a person's true character.

thank you dr. daneshvar!

lucia n."
281,281,17.0,0.1503,"call, insurance, phone, charge, pay, appt, receive, bill, horrible, today","horrible  horrible experience. the staff is incompetent. my daughter gets her epidiolex through them as kaiser doesn't yet carry it. they enrolled me in the copay assistance program, told me everything was taken care of and as of last month i still had a $0.00 copay. totally untrue!! i  just received a bill from them for 4 months worth of copays almost $400.00 because i was never informed the approval was just 30 days and to complete the application on the manufacturer's website. turns out the copay assistance ended in november 2019 and as of last month (april 2020) i was still being told i had a $0.00 copay. so thank you for your lies and your apparent inability to zoom in and read as that's what the billing department did to tell me the program ended in november. oh and now the assistance program is closed so thank you again!!"
282,282,9.0,0.1763,"visit, time, doctor, virtual, experience, follow, fact, hard, person, worth","do you and your loved ones a big favor and save establishing an unnecessary provider-patient relationship that we couldn't.

let me start that 2 star ratinv is for actually helping manage the acute nerve pain via prescriptions. and let me tell you coming from someone who work with healthcare with many clinicians why another provider out there is better worth your health, time, and money.
the specialist, dr. yoo, fits a the know-it-all doctor stereotype. you will often hear him say ""i told you."" or ""if a doctor says something, there's a reason."" when we asked him then where to follow his advice on seeing another specialist, he said, ""like any orthopedic surgeon. it's not my specialty."" you will also get charged a regular office visit fee even it's a follow-up or a refill on an existing prescription. after the initial consult, we were told to get mris done (referred out, they don't have it onsite) and come back, we were charged for follow-up to review imaging. later, when we asked for a refill on a stronger nsaid that was prescribed previously, the front office refused to pass the message onto the clinician only to repeat that all consults must be through a visit. there was nothing to show on video, and our concern could have very well been a phone visit. telemedicine video visit, of course, is the same cost as an in person office visit. oh, also expect no follow-up front the front line staff if you leave a message stating a question, which we first did for medication refill. they are quick, however, to get to scheduling your next office visit, remote or not."
283,283,6.0,0.1218,"doctor, give, day, symptom, eye, sick, put, medication, antibiotic, explain","i've had bad experience with doctors. i saw good reviews on dr chen therefore i decided to make her as my pcp. she was pleasant and nice but unfortunately, i lost my trust on her. i only saw her twice, i liked my experience during my first visit but i lost it on my second one. i was having shortness of breath and so she gave me antibiotics to take. after taking them, i was still having sob so i decided to schedule a telehealth. during the second appt, she said that most likely i have covid. i asked if it's safe for me to go back to work, and she said yes. this is when i lost trust so i had to change doctors again."
284,284,2.0,0.1059,"issue, time, extremely, make, service, concern, friendly, kind, person, super","i absolutely loved my experience with zoom! making an account was super easy, and i was on a video chat with someone within one minute from when i entered the queue. the person really listened and made me feel cared for, and i was super impressed that all of the providers notes were available to me immediately in the app right after our meeting. a few weeks after my initial appt, i used their video call service again for another matter and was lucky to get the same person! she remembered me and asked how i was doing since our previous meeting and was able to help me get the prescriptions i needed both times very quickly. i have never had a doctors visit that was as easy and stress-free as i have with zoom. i highly recommend their service to anyone and will definitely go to them for all my needs."
285,285,2.0,0.1156,"issue, time, extremely, make, service, concern, friendly, kind, person, super","anal. idk how he's getting all these good reviews. he was an asshole to me. cold, cut throat, interrupting me when answering his questions and moving on to his next question as if what i was saying was not important, and kept turning off his camera in the middle of the video chat and acted like it was the app when there was clearly a button you can use to turn off your camera which i clicked to check. idk if it was bc it was a video chat (idk why that would make a difference in the first place) but he was an anal, cold, calculating, dry as fuck, asshole to me. obviously would not recommend. emotionally challenged, fake ass loser."
286,286,3.0,0.1129,"prescription, medication, refill, bad, state, order, pharmacy, med, problem, contact","i saw dr. irfan last month and told him i was extremely depressed and he refused to adjust my medication. i had a telehealth session with him this month and told him that i felt even worse than last month. he talked to me for less than 10 minutes, said he would refill my medication and to call the front desk to schedule an appointment for 2 months from now. i went to the pharmacy and he had put in the brand name of one of my medications and would not allow it to be subsituted for the generic form, making it extremely expensive for me with my limited financial means. i will not be returning to him, he is insensitive, careless and will not even do his job properly by adjusting medication. do not waste your time or money to see him."
287,287,2.0,0.1073,"issue, time, extremely, make, service, concern, friendly, kind, person, super","very impressed as a new patient i was able to get a telehealth visit the same day- and when i had to come in for labs it was extremely quick and efficient. everyone was extremely friendly, from the first person on the phone scheduling, to the nurse practitioner with whom i had the appointment, to the lab tech. it's always a challenge to find a new doctor when you move, i feel good about this group! ms. chang, np is great! highly recommend."
288,288,10.0,0.1623,"care, staff, covid, family, professional, due, physician, great, understand, provide","fantastic and very caring team of professionals. from the reception staff to nurses and doctors family emergency room at georgetown is a true blessing. my mom needed medical care and with the pandemic was advised not to go to the er but dr. valentini provided very good care via telemedicine very quickly and thoroughly  and got my mom the medication called into our pharmacy immediately and a course of action. you must experience this place yourself! if you need a competent, caring and professional team of doctors, nurses, and reception staff, look no further than fer of georetown. 5 amazing stars!!!"
289,289,0.0,0.1194,"feel, make, love, experience, couple, start, anxiety, ease, team, share","we had an awesome experience today, getting the antibody test for covid19. rose registered us on the phone and helped us navigate all the forms and telemedicine to get the appointment. then she was able to get us in two days earlier than expected, so we had our tests the same day. manny prepped us for the visit by taking our vitals. he was kind and helped our nervous son relax. rose was amazing at the shots... didn't feel a thing. overall great experience. would recommend for testing. 

i will be thinking of these healthcare heroes every day until this is over. stay well."
290,290,17.0,0.3072,"call, insurance, phone, charge, pay, appt, receive, bill, horrible, today","horrible horrible manager claudia no management skills. it always boggles my mind when certain people get a job for a skill they do not have. i come to this starbucks everyday to get my coffee a triple shot of espresso and it has always been the same price $2.70. at an actual starbucks it's $2.65 but i come here before i teach my class through zoom, because it's close and all of the other stores are closed. so the girl tries to charge me $2.85 and i tell her something must be wrong because i've never paid $2.85 i've always paid $2.70 and she was so rude and said well that's what the price is today...wait what???? so you just decide to charge different amounts on different days or what and so i tell her i have receipts to show her and if she could look at it and tell me why there is a $0.15 increase on a basic drink and she rolls her eyes and says she wouldn't be able to explain and that she just hits a button and whatever price comes up is what it is. today is sunday i was just here friday and paid $2.70 so all of a sudden yesterday the price jumped $0.15 over the weekend? no explanation no care, no hello how can i help, let me show you, nothing. this is my hard earned money and to you $0.15 may not be much but to me and the principle of being charged correctly is. and how dare claudia in a management position just brush it off and not even attempt to explain this difference. so basically your ripping people off in a pandemic...awesome great job!!! i had a teacher tell us once that even if you are overcharged a penny to fight for it because it's your money and you shouldn't have to just accept it just because it's a penny as over time that penny can turn into thousands or more. whoever is the hiring manager needs to do a better job, you cannot have dishonest people representing your company. i video taped the manager and her whatever attitude because this is fraud!! i did not pay for the drink and so instead of charging me correctly they cost the company way more. if you are a manager do right by your customers and find facts and answers instead of being so rude and dismissive!! shame on this starbucks!!"
291,291,3.0,0.2348,"prescription, medication, refill, bad, state, order, pharmacy, med, problem, contact","i had the unfortunate experience of having an appointment with jaimie nelson this morning. i was beyond horrified at her demeanor from the very beginning. i had been afraid of and putting off seeking psychiatric care during covid because i felt extremely uncomfortable with the idea of telemedicine. this horrible, miserable, angry, vile woman was the worst ""doctor"" (she actually just a nurse practitioner, but she'll try very hard to convince you she's smarter and better than any real psychiatrist out there) i've ever been to in any specialty.

she ranted about how horrible my past doctors must have been to have me on my current medication (which actually have helped me immensely), did not do any digging into my history, got angry at me for not remembering doctor's names from when i first started getting psychiatric care in high school, she did not explain her treatment plan, wwhen i had a question she rolled her eyes very dramatically, i had a concern about one of the meds she was saying she was putting me on and she snapped at me. it was so so bad i literally started to cry and she said ""ya know what, maybe this isn't a good fit, let me give you a refund and let you go."" i agreed that was probably best and she continued to rant and rave and literally yell for another 15minutes (i didn't get a word in, literally). when i said ""alright can i just get my refund like you said and get off this call?"" she yelled ""no, you know what, you're not getting your refund, you just wasted an hour of my time!"" then abruptly turned off her connection. i was literally in shock and tears. this terrible excuse for a human being (let alone medical professional) should lose her license. she doesn't have the emotional maturity nor people skills to work customer service at walmart, let alone with patients of any kind. terrible practitioner, terrible human being, terrible all around."
292,292,14.0,0.0981,"back, give, test, find, time, result, covid, today, walk, information","my young daughter who is no longer a teen is now with an ""adult"" doctor.  we called the office today to make an appointment for her to be seen by dr.akopian. when we called to make the appointment,  the lady who answered the phone said ""she is not here."" silence...
my wife asked where she was?  i guess she is on maternity leave.  okay.  fine. 
so our daughter can see another doctor in the office. she took down all of our information.  she came back and said ""our insurance is good"".  
our daughter has a red, painful ear with discharge. 
instead of setting the telehealth appointment so she could be helped,  the lady told us she would have to change to another doctor in the office.  it would be effective next month.  even with ""good insurance"" our daughter can not be seen,  even though my wife's school district is paying good money for medical insurance.  
what is she supposed to do!  the lady had no suggestion,  but she can't be seen.  never heard of this in my life.  
shameful."
293,293,4.0,0.1075,"patient, doctor, medical, make, office, health, practice, review, provider, year",i just had my very first urgent care experience with this facility.  i cannot comment on the facility because my visit with dr. rasha saleem was via video chat.  dr. saleem was excellent.  she was patient while i explained my problem and she was kind and understanding.  she was able to help me with my current complaint and offered advice should there be a recurrence.  at the conclusion she wished me well and continued good health once my current medical issues have resolved.  i would not hesitate to return to her and i would highly recommend her to anyone in need of urgent care.
294,294,6.0,0.1056,"doctor, give, day, symptom, eye, sick, put, medication, antibiotic, explain","wow what a great service!! i have a very angry eye infection . nasty protruding stye on my left eye. after several weeks using over the counter medications with no results. still to afraid to go into urgent care. do i tried remedy. what a great experience. a health care professional and i did video chat within minutes. 

she assessed the situation prescribed medication electronically to my favorite local pharmacy . which i picked up the following g morning. she was compassionate, knowledgeable and fast. all within the comfort of my home. 

i am a patient for life!! see you next time! 

sincerely 
gina houston 
hemet california"
295,295,15.0,0.1173,"session, telehealth, work, easy, therapist, helpful, continue, highly_recommend, offer, therapy","welcome! sensory solutions, inc (ssi) has been providing occupational therapy (ot) services to northern arizona since 2008. areas serviced have included flagstaff, page, ash fork & various locations on the navajo reservation. a main work contract providing ot services to the arizona division of developmental disabilities (ddd) ended thanksgiving 2019 whereas ssi opened a private clinic in january 2020. ssi is now available to provide telehealth ot services via a hipaa compliant, secure billing & scheduling online platform. the owner, laura a. kinghan, ma, ot/l (nationally registered 1983-2020) also worked extensively in the phoenix metro area for many years including working in behavioral health at st. luke's behavioral health center with a student internship with lorna jean king, faota studying sensory integration in the early 1980's. laura learned how to work with individuals & their families who experience difficulties in their functioning due to sensory issues often with accompanying challenging ""behaviors"", becoming a ""last resort therapist"" for many challenging situations. ssi also offers rom clinics for physical difficulties resulting in limited movement. while individual sessions are available group sessions are encouraged to help educate caregivers as well as offering direct rom for flexibility. inquire for more info."
296,296,17.0,0.124,"call, insurance, phone, charge, pay, appt, receive, bill, horrible, today","i love dr. kent- she delivered both my babies, but the front office/ logistics needs serious help. they always had long waits on the phone and in-person and i never complained and even continued to refer pts to kent (warning them about the waits).  but it's absolutely atrocious during covid.  i had a telehealth appt with their rn today. it was scheduled yesterday over the phone and was told that an assistant would be calling me with more  instruction. i asked if it was via zoom and was told yes. great. fine. well, the only email i received was an appt reminder. i waited around all day. no call, nothing. so i decided to call the office 5 mins prior to appointment and have been on hold for 15 mins and counting. for an appt that was at this point, 20 mins ago. this is a joke. i moved childcare around just so i could be present for the appt. i can't believe i'm on hold for a telehealth appt that clearly isn't happening.i am absolutely appalled by this. worst service ever.

great doctors. aboa,utely"
297,297,10.0,0.0949,"care, staff, covid, family, professional, due, physician, great, understand, provide","ouc+pc is my gp. they are making it super easy for their regular patients right now, by conducting telemedicine appointments.
my asthma is flaring up because of the weather, and they took care of my needs over the phone. these times can be very trying, but jacqueline the office manager has it covered. the nursing staff is also very caring an attentive! thank you!"
298,298,16.0,0.0973,"people, place, talk, make, happen, hope, speak, woman, client, center","this is an extra ordinary situation, we are in shelter in place situation and almost every centers are either closed or super conservative about seeing patients, let alone new patients.
i saw that this center has virtual appointments, so i scheduled one today, paid $75. i received no service at first so i called their office, due to shelter in place, no one picked up. next i wrote a review/msg here and in 2 minutes, dr rolnik herself directly called me and started the virtual exam. she was so nice and apologetic about not responding in the first place. i was their first virtual patient! yay! when she received my msg here, she immediately took action and called. i'm impressed with her commitments and caring in helping patients in this apocalyptic situation.
we talked about 25 minutes and she gave me instructions and medications for the next week and we will do a follow up on monday.

that was a nice experience! haven't done the telemedicine before! so happy with the service and urgent care that i received."
299,299,3.0,0.0809,"prescription, medication, refill, bad, state, order, pharmacy, med, problem, contact","been going here for different reasons but i'm done after this last telemedicine ""visit"".  had to call several times just to get the script for the x-ray they said i needed. 

finally got x-ray and had call with dr.  he was vague and said i should try pt and do the exercises 4 times a day and then ice. he also  said he would have a script called in.  well no pt script or med script. had to call twice just to get this done.  enough stress out there without this group causing more.  

very disappointed.  went to another doctor in person to get the help i needed."
300,300,12.0,0.1317,"appointment, office, schedule, phone, patient, telemedicine, email, cancel, due, receptionist","i had an in person appointment scheduled for 04/08/2020 @ 15:00hrs with dr. alexander at the alexander orthopedic surgery sports medical center. i had a different doctor (dr. luna) corresponding with me in regard to this appointment, it is my understanding the two doctors share the office where they do business. i have no idea why dr. luna contacted ma as he is not the doctor i was referred to. dr. luna cancelled my in person appointment and rescheduled for a telehealth appointment in light of the ongoing covid-19 ""crisis"". i then received telephone correspondence in the form of a voicemail that was received after hours so there is no way for me to return the call in time. the woman states in the voicemail that her name is yvette and she is calling to reschedule me for an in person appointment to take place on 04/09/2020 @ 09:00hrs. this is nothing short of negligence and is ultimately an unnecessary delay to me rendering my authorized healthcare treatments.

i also have a related review that supersedes this one on google that is equally distasteful."
301,301,2.0,0.0897,"issue, time, extremely, make, service, concern, friendly, kind, person, super","i have been seeing dr. prayaga at new stress clinic for a little over a year now, after being referred by my therapist. i have always been seen very promptly, the staff and dr. prayaga have always talked to me very professionally and respectfully, and i can say all the same things now that we've transitioned to telemedicine appointments. back when i was still going into the office, i am pretty sure i never spent more than 5-10 minutes in the waiting room, which is nothing short of a miracle when it comes to my experiences with any kind of doctor in the dc region. 

i had never done telemedicine before, but if this is what it's always like, i am a big fan. dr. prayaga is always sure to check in on how treatment is going, and if there are any new findings to discuss, and even takes the time to ask how i'm doing in general. 

i would definitely recommend dr. prayaga and new stress clinic to any friends who needed this type of care, and i look forward to being a patient for the long haul. thanks!"
302,302,12.0,0.0733,"appointment, office, schedule, phone, patient, telemedicine, email, cancel, due, receptionist","i have been going to dr. prayaga for five years now and the implementation of telemedicine appointments have been a real game changer. i work full-time and have two small children, so having the option to see the doctor virtually has made my life so much easier. lots of flexibility with the doctor's schedule too. highly recommend!"
303,303,17.0,0.1437,"call, insurance, phone, charge, pay, appt, receive, bill, horrible, today","i had a virtual visit and my co payment is $35. i then got a letter from this facility and got charged another $30 apparently because i was seen by a specialist. they never mentioned anything about charging me more if i knew this would happen i would of just ""virtually"" gone to another dr. i got the insurance bill and they charged a total of $340.30 just to virtually see me. all scam. they didn't even see me i just told her what was wrong and i got a prescription for it!"
304,304,7.0,0.1347,"check, nurse, facility, room, minute, place, hour, staff, leave, happy","i haven't been feeling well for a few days and finally today my symptoms have presented as a possible kidney infection from a uti. went to this zoom care and they opened the door, said i need to schedule an appointment, and shut me out promptly when i could barely get out the words i was trying to say. it's 80 degrees outside, i'm wearing a mask, and they didn't have any other patients in the building. i never go to the doctor and this is why!"
305,305,5.0,0.1175,"pain, exercise, body, follow, pt, injury, physical, excellent, issue, run","i found dr jay on my instagram discover page, as i have been following a lot of dpts lately to work on mobility and flexibility. i found myself liking all of the content he posted and his approach to health! i took advantage of his free consultation on my neck pain that came ""out of nowhere"" after a night of bad sleep. seriously, after 15 minutes on a zoom call, i was feeling relief i hadn't felt for months of stretching it out and trying to loosen what i thought was tight! he is very experienced in nearly all aspects of fitness and i really appreciated his approach to caring for his patients/customers. i plan to return to him in the future for mobility work and possibly powerlifting plans :) thanks dr jay!! stay awesome."
306,306,2.0,0.1042,"issue, time, extremely, make, service, concern, friendly, kind, person, super","although i am a rare reviewer, i wanted to take the time to give 5 stars to jenny and her staff at women's advantage.  not only have i been a client but as a midwife i refer many of my clients to them.  truly i feel that all clients should have a pelvic floor evaluation after birth like they do in many countries in europe and so when a client has an issue or would like to be evaluated, women's advantage is the place to go.  primarily the knowledge and experience of the staff in pelvic issues is amazing and much appreciated.  in addition, i have only had friendly encounters with both the office staff and practitioners.  thanks for doing what you do.  during covid 19 times, they are also available for virtual visits."
307,307,10.0,0.0833,"care, staff, covid, family, professional, due, physician, great, understand, provide","it is about time that i thank this amazing team.  you guys have improved my health tremendously.  i can do things that i thought were impossible for me. you showed me a different way to understand my body.  you guys have changed my frustrations and pain into hope and strength.  thanks for taking care of patients even on this time of crisis, your telehealth therapies are amazing !"
308,308,8.0,0.1171,"call, wait, doctor, day, minute, appointment, hour, time, receive, message","late!! as soon as my appointment time was due, he was just starting to entertain another patient before me. it's been 30 minutes. as i type, i am waiting. not only that but i have to be the one to call for the zoom conference rather than he does. terrible. would not recommend."
309,309,14.0,0.1985,"back, give, test, find, time, result, covid, today, walk, information","i'm very disappointed with the er medical staff at mercy gilbert. i've heard all great things about them. however when i was checked in at this hospital on tuesday, march 24, i had a completely different experience. 

it all started when i was told by the covid 19 hotline, that i could go to the banner urgent care on higley, to get tested. i waited a good hour before getting called back. (no it wasn't busy) appointment was @ 11:30, i checkin 11:15, called by 12:16pm. once i entered the back room, my legs gave out on me and i ended up collapsing. the nurse helped me to the room and onto the bed. at this point my fever was 102.6 and my body started to have convulsions. the banner urgent care called 911 and i was sent to this hospital. i wasn't tested  for covid 19 with banner urgent care.

i was asked a list of questions by the emt about where i work and have i traveled lately. told them i was a flight attendant based in jfk/nyc. also told them i started experiencing symptoms on monday night march 23. during this time my body was in so much pain and i had this excruciating headache unlike nothing i felt before in my life. 

we quickly arrived (which felt like forever) and i was taken to a room where i was met by er dr. kent first,  then by nurse rene a little later. and i was asked again the same list of questions from each. i just wanted to pop my head off from body at this point because the pain was so unbearable. 

here is where everything went downhill. 
dr.kent said she was going to run a flu and strep test on me. i asked her what will happen when they came back negative. (which i knew were both negative because i have had the flu and strep before and my body has never reacted like this, plus i got the flu shot back in october 2019).

dr. kent became very short with me and slightly raised her voice and seemed very irritated because i wanted to know about getting tested for covid 19 (which the next day my doctor now tested me and i was indeed positive). she was so concerned about state regulations and not admitting me to the hospital, that she sent me home with antibiotics after my xrays showed i had  community-acquired pneumonia and i was told i could return back to work after 3 days if symptoms improved. and when she told me about the pneumonia, dr. kent stood by the curtain and quickly walked away. really?!? 

so i knew something was off with my body and this was not normal, i don't have any underlying health issues. never in my 10 years of flying as a flight attendant have i had pneumonia. i'm in my early 30s and pretty healthy. i went to my doctor now and nurse john shipp was the only one who believed me enough to test me on wednesday, march 25, and by friday (yes two days later) i had a video chat with my doctor now and was positive for covid 19. later on that day i ended up collapsing yet once again experiencing hypoxia (lack of oxygen to the brain) and was admitted to banner baywood hospital. where i spent the next 6 days on antibiotics, blood thinners, and malaria medication hydroxychloroquine. 
if it wasn't for me taking the initiative to find help, i more than likely wouldn't be here today and my child would be motherless."
310,310,11.0,0.1256,"baby, give, support, child, pandemic, birth, hospital, daughter, thing, husband","i was hesitant to have to do our birth class on zoom (due to covid), but i am so glad that we ended up signing up for this class with madalyn. she came highly recommended and for good reason. she is incredibly knowledgeable about everything from labor and birth to how things work inside the hospital. she is also great at educating partners in how they can be most helpful and supportive during the process. both my husband and i felt much more confident and ready for what's ahead of us after her class. she is also passionate about what she does and truly cares about the people she is working with. she goes above and beyond share to  her knowledge."
311,311,13.0,0.1563,"zoom, great, class, good, amazing, set, home, move, provide, forward","we just wrapped up our birthing classes with madalyn last night and wanted to let everyone know how wonderful she is! not only are the classes super informative, but you can tell that she really cares about us and is passionate about birth/babies. the first class was at our doctor's office but the following classes were held virtually via zoom (due to covid-19). it was nice to be able to take these 3-hour classes from the comfort of our own home, on the couch with our dog. we can't recommend madalyn enough!"
312,312,7.0,0.1105,"check, nurse, facility, room, minute, place, hour, staff, leave, happy","if i could give no stars, i would. horrible, horrible service. you follow their directions that they don't even follow. there may be no one in line for covid-19 antibody testing & even if you did the virtual visit, we waited almost 3 hours. they say results in 24-48 hours, we are considerable way over that. when you call they say at least 5 days. stop misleading the public and change your recording & hire cpts that confirm your name before they even draw. the cpt never even asked for my name. i just made sure he placed my sticker on my tube. this site should be shut down"
313,313,7.0,0.1941,"check, nurse, facility, room, minute, place, hour, staff, leave, happy","danger! do not send your loved ones here.
these 5 star reviews must be paid for and fake. 
please let me begin by saying that if you are looking for help, do not let this review discourage, or scare you from getting it. there must be real facilities out there who will help you without abusing, and neglecting you. with that said, my husband was diagnosed with stage 3 liver cirrhosis, and gastritis. he has no insurance, so we paid cash money. (on a preschool teacher's salary, this was no easy feat.) the facility was made aware of his preexisting conditions and they promised me that the treatment would work around it. (24hr medical care and observation, special diet individually prepared by a chef, therapy, the works) they arranged to have a driver meet us ""halfway"". (we live 8.5 hrs away)  the driver drove 2.5 hrs and then yelled at me over the phone because we were 45m late. in hindsight, i should have turned back then. he arrived at the facility, and was not able to make a safe call to let me know he was okay. i sent him with all of his medical paperwork, and they didn't even look at it. it was thrown in his bag. they gave him at least 12 different medications without looking at his medical history. he was put into a room with a camera and left there. the exact opposite of what i was promised. i called at least 3 times a day to check on him. "" he's doing so great, hes so with the amenities, hes eating well, little anxiety but that's normal"" in truth, he was so sick. he couldn't stomach any of the food that they gave him (it was not special to his needs or individually prepared.) all his food trays just stacked up in the room, untouched while they told me he was eating fine. i sent him with money to get drinks and things out of the machines or whatever. apparently the only thing he could buy was cigarettes. he went in an alcoholic, and came out an alcoholic smoker.  there were no doctors at all. 24hr medical care is the biggest lie of the whole place. he spoke to a therapist over zoom.  the only people there are employees (ex-addicts) who couldn't be found most of the time. he was denied water.. he asked, and asked and they would roll their eyes at him or hang up the phone. with all the medications, and him not eating, he was sick to his stomach. he'd sit in this room throwing up, diarrhea, miserable, and they would come in the next morning making fun of him. "" looked like you had a rough night, haha!"" i was promised dignity and respect. so when i finally got to speak to him over the phone, and learned of what they were doing i left immediately on the 8.5hr drive. i had clarified before i brought him that if for any reason he was unhappy if i could pick him up at any time.""yes of course"" (thank god i got that one in writing.) and when i arrived the next day, they told me that they wouldn't give him to me or tell him i was there. i had to contact the police department to get him, and show them that i had in writing that i could take him. after arriving home, i had to take him straight to the emergency room, and he was admitted into the hospital because the gastritis had worsened from all the unknown medication and severe dehydration. oh, and to top it all off, the credit card i sent him with, and the debit card i used to pay for the treatment were both hacked. had over $500 stolen. please take this to heart and find a different facility."
314,314,6.0,0.331,"doctor, give, day, symptom, eye, sick, put, medication, antibiotic, explain","during covid-19, right after the travel ban, i was on quarantine for 14 days since i arrived from europe on vacation.  during that time, i fell ill and after a few days under virtual care, my doctor advised me to go to the er.  i chose memorial hermann sugar land thinking i would get good care.  i was totally wrong.

once in the er, which was set up efficiently because of the virus, the er doctor immediately explained to me that they will not send my covid-19 test off to be tested unless i was admitted to the hospital.  his main concern was not diagnosing my problem but explaining that i would have to go somewhere else to get tested for covid-19.

i was advised to go the the er by my doctor because i was coughing excessively, barely able to breath, experiencing pain in my back when breathing and coughing, wheezing and extreme shortness of breath even with using an inhaler.  my temp stayed below 100.4 so it wasn't considered a fever.

the er began to run tests:  chest x-rays, ct scan, urine-analysis, blood-work, i.v., etc.

i waited about 45 minutes for all the test results to return and during that time, i suffered and tried to breath over and over in spite of the difficulties i was experiencing.  finally, the er doctor returned (dr. b. parker) and said that my lungs were clear and that the covid-19 swab would not be sent to the lab because i'm not being admitted to the hospital.  i stated that i understood about the swab but i didn't understand what was going on with my breathing so i asked him again about my lungs.  dr. parker repeated that my lungs were ""all clear"" and that there was no sign of the virus in my lungs. 

i asked the doctor what was he diagnosing me as having. since we know there's no sign of covid-19 in my lungs, what is it then and what was he going to give me to help me breath.   dr. parker turned the paper around and it read, ""cough - adult"".  i asked, ""so you're diagnosing me as having a cough?""  he replied yes.  i was dumbfounded.  i came to the er with a cough and shortness of breath and now the dr. was telling me that i had a cough.  wow!  

i asked him what was he going to do about helping me?  he stated that he was calling in prescriptions to my pharmacy to take but to act like i had covid-10 and still isolate.  he stated that he believed it was just an allergy infection and that these meds would clear it up.  i informed him that i don't typically suffer with allergies and that i had been taking zyrtec because the virtual doctor i spoke to recommended it but i wasn't getting any better.  he reemphasized again that the test would not be sent and that if i wanted a covid-19 test, i needed to go to another site.  i asked about an antibiotic to clear up the infection and he said the meds he prescribed would clear up the infection.  i later learned that the meds were regular over-the-counter stuff that i had already been using that wasn't effective:  tylenol, mucinex and claritin-d.

i believe dr. parker's only concern was covid-19 and not finding the real source of my problems.  i asked my discharge nurse again about my lungs being ""all clear"" and she said well they are not all clear and that they had a haze over them.  i asked what does a haze mean.  she informed me that the doctor believes the haze is possibly from a bacteria infection from allergies so he's prescribed some meds to help.  i again said i don't suffer with allergies but ok the pollen is high so i guess.  

i was discharged and walked to my car still struggling to breath just the same way as i walked into the hospital.   

that was saturday, march 21st. fast forward to wednesday, march 25th and i was not feeling any better, in fact, i felt worse. i called my doctor both the 25th and 26th and left messages. her nurse called my back on the 27th and informed me to stop taking all allergy meds immediately and that she had reviewed the labs and x-rays and they believe that haze over my right lung is pneumonia.

pneumonia?!!  so i had pneumonia in the right lung for an additional 6 days without any treatment?!  why would dr. parker say i was ""all clear"" and ignore the haze?  i had to take additional time from work to heal whereas if dr. parker would have just taken the time to explore my results for something more than covid-19, he could have treated me correctly and i could have returned back to work without taking additional time.  

lastly, once i got the bill, i saw that i was billed $273.50 for a pregnancy test!!!  the admitting nurse asked if there was anyway i could be pregnant, i immediately answered no and explained why i couldn't be.  so why would you give me, a 49 yr old woman with a valid reason a pregnancy test?  especially for $273.50.  over billing???   yes!

i will never go back to memorial hermann sugar land emergency room.  the care of the treating physician was below sub-par and i could have saved way more time and money going to another facility."
315,315,2.0,0.0891,"issue, time, extremely, make, service, concern, friendly, kind, person, super",the telemedicine visit was great! served my needs perfectly. i have been a patient of dr. mary cutting for many years and feel very comfortable with her service.
316,316,7.0,0.1166,"check, nurse, facility, room, minute, place, hour, staff, leave, happy","the clinic is taking every precaution between patients. they even wipe down the entrance handles (just saw them). all staff are masked up and they ask customers to mask up, too. dr. norcom is as kind and patient as ever.  so happy to get my botox for the unrelenting back-to-back zoom meetings i'm in for work. be sure to pre-book so you can save a little extra cash."
317,317,1.0,0.0859,"life, work, find, plan, month, year, change, program, live, home","the year i first chose dr. armstrong to be my pcp (primary care provider), nmusd had changed all our benefits, so we had to choose someone from greater newport physicians for our new insurance plan. 

i was anxious and even annoyed about having to start all over again, but as soon as i met my new doctor, i felt immediately at ease.  he had such a  warm, gentle and caring energy about him. 

in all my years of numerous doctors, dr. armstrong was the first one to discover my fibromyalgia condition, which was such a relief because one needs to know what one has in order to begin healing protocols. 

just this one diagnosis began my self-care research, which led me to prioritizing new and wonderful routines such as epsom salt baths, massage/physical therapy, arnica, muscle relief gels, acupuncture, turmeric, magnesium, weekly walks/hikes, and so on and so forth....

anyway, he goes above and beyond for his patients and has a direct, yet compassionate approach.  i'm having my first tele-health visit with him today via zoom! this says a lot when both my oncologist and rheumatologist have cancelled my appointments and did not offer a tele-appointment for a follow-up! (understandably, due to current covid-19 issues) however, dr. armstrong is always here for us!!!! thank you dr. a+++!!!"
318,318,17.0,0.1153,"call, insurance, phone, charge, pay, appt, receive, bill, horrible, today","i give one star only because i could not give less, i went away from endocrinology consultants because the insurance process was very iffy and that they would not fully tell you whether they took your insurance or not until it was time to pay your bill. well during this trying time of the corona virus and every other medical practice is following suit, i was scheduled to have a telehealth conference as they call it, a phone interview with an associate of doctor schwartz, i was then later called in order to collect my co-pay. where everywhere else copays are not being taken i believe this is an atrocity and that the practice who says is there for us should be completely ashamed of themselves. underlying conditions is the reason at this point, why so many people are afraid of the virus i definitely will be looking for a new endocronologist to take care of my diabetes....."
319,319,2.0,0.0957,"issue, time, extremely, make, service, concern, friendly, kind, person, super","i have never had such an incredible facial before! kaitlin is the best in the business -- wow!!! she was so kind, incredibly knowledgeable, and really took the time to get to know me, know my needs and goals, and really help me determine what i need to do to get my best glowing skin. i felt like i could really trust her with all of my questions. she wasn't trying to push me into buying any products, she was so genuine and dang, my face has never look so good! like my skin is radiant and i have been getting compliments (on all my zoom and facetime calls since we are now stuck in quarantine thanks to corona). i legit can't wait to get back to for another facial with kaitlin. she truly is a magician and i can't speak highly enough of her!"
320,320,15.0,0.1554,"session, telehealth, work, easy, therapist, helpful, continue, highly_recommend, offer, therapy","highly recommend! 

we have been going to her for over six months. what i appreciate is that she gives a safe space to work through areas where we didn't communicate effectively before.

her process is challenging, thought provoking and insightful and i leave with a better understanding of myself and my partner.

the sessions are directed by us, so if we need to use our time to focus on issues that recently came up, we can work and talk about them.

especially now, as we are unexpectedly placed in this stay at home order, find her service invaluable and ""essential"" for quarantine living.

our zoom sessions can be even more productive as we can connect with her while being at home, where it can be easier to relax and open up.

a lot of people have a specialist nowadays for all the different aspects in their lives but they often neglect one of the most important ones - their relationship. she is our relationship specialist."
321,321,18.0,0.1294,"recommend, month, year, week, son, surgery, kid, job, procedure, sleep","during the coronavirus quarantine, i was outside the united states. i developed a potentially serious condition and wanted a second opinion from an expert us-based clinician who was open to telemedicine. i found dr. rapoport via an interview on allaboutvision.com and i'm so glad that i did. 

she saw me within a half hour of my first contact with her! she reassured me about the course of treatment i was receiving, sent me follow-up instructions, and offered to reach out to her network should i need a procedure done where i was staying. and payment was a snap. 

i'm glad that clinicians like dr. rapoport are embracing flexible scheduling and evaluation options, and i recommend her most highly."
322,322,10.0,0.0995,"care, staff, covid, family, professional, due, physician, great, understand, provide","the north star centre has been an incredible support system during this crazy time for me. their staff is always so welcoming, professional and dedicated - i would recommend to anyone looking into therapy. i think their professionalism is proven even further given their immediate response to covid-19 with their whole staff offering telehealth sessions to any and all patients. feeling very grateful for the north star centre and their services."
323,323,11.0,0.2917,"baby, give, support, child, pandemic, birth, hospital, daughter, thing, husband","this lady can save lives.... erica rescued me and my monster baby during delivery... and get this...all by phone! (i didn't have a doula and called her at 4am...sorry erica). i was amazed at what she could do without even having to be present. makes me think about how all these mamas who need to go virtual during covid-19 pandemic with their doulas are going to be just fine and erica can do a lot in emergent situations where a baby is in danger even if she isn't physically there. i didn't even get a video of her so if i got to zoom with her, it would have been even more epic! knowing this now...i would pay her $4000 just for one video call if she were my doula during all this. i called her in an emergency, even though i didn't have a contract with her or any doula. she was a sweet heart and helped me at 4am in the morning! and guided me through labor to get my baby out when the doctors were trying to force me into c-section (and i was being extremely stubborn saying no to docs) becuase my baby was big and was stuck, and not coming. without her, my son would either not be here right now, or i would have been rushed into emergency c section. 

the nurse said i could try one more time before making me go into labor (telling me there was absolutely no way the baby could get out) but 5 minutes  on the phone with erica, and her guiding  me and the  nurse what to do... becuase the nurses didn't know about the positions she was telling me about and that baby slid out immediately!!!! it was some lateral, side laying yoga ball  roll thing...so literally they started screaming for the doctor to  come back because the baby started coming- and i pushed for just 10 minutes and birthed a 10 1/2 pound monster baby). the doctor came back in the morning 
and told me she admitted she was mad at herself becuase she was wrong about this baby, after 40 years of delivering....and said i have an absolutely amazing doula. and she didn't even charge me a dime for any of that.... she's the most selfless person i know. i do not recommending anyone do this to her, call her without a contract at 4am, but just shows she really cares so much. she was following up with me as well after the baby was born for weeks. 
this lady rocks!  even by phone! these doulas work so hard and earn every penny (in fact they barely make much for all the hours they work) and do way more than just have to come to the hospital... they can't go on vacation and have to put their whole lives on-call for us mamas to be ready at any moment. let's keep the doula's out of the hospitals, right now and let's pay them even more now than ever during the pandemic."
324,324,0.0,0.0923,"feel, make, love, experience, couple, start, anxiety, ease, team, share","oc physical therapy is great -  would highly recommend to anyone who needs help.  victor is incredibly knowledgeable , and you can have confidence in the entire staff.  once covid happened i started doing zooms with victor , works really well !  so if you are locked in and need some help -  u don't have to wait -  just set up a video session and you will be on your way to feeling better."
325,325,2.0,0.1131,"issue, time, extremely, make, service, concern, friendly, kind, person, super","i'm so thrilled that ocpt is still open and there when we need them. it's great to know that they offered me telehealth so that i can continue my progress and treatment over over phone/facetime when needed. the team at ocpt always puts their client's health first! 

the physical therapists here are so knowledgeable, genuine, and caring. i've been to other clinics, but ocpt is different because of their personalized approach and helping me understand how and why treatments work. you will know everyone on a first name basis, and kim and janet make the process from scheduling to insurance as easy as possible.  offer coffee every time i'm there. thanks ocpt!"
326,326,2.0,0.1232,"issue, time, extremely, make, service, concern, friendly, kind, person, super",this is in the time of covid. dr chu's staff was so nice and helpful over the phone. i didn't get the other people's name but everyone who answered the phone was so helpful to me. debbie helped me a lot once i sent in my paperwork and she was very responsive and kind as well. dr chu was such a sweet person. we had to use telehealth and he still made me feel comfortable and really took the time to address my concerns in detail. he gave me good tips and made me feel better. i recommend him and his team 100%. :)
327,327,2.0,0.0845,"issue, time, extremely, make, service, concern, friendly, kind, person, super",dr. carole keim is amazing. she makes the whole process of seeing the doctor as simple and easy as possible so that she can focus on your health 100%. she is able to accomplish so much with a zoom telehealth consultation which makes it extremely convenient.  she also conveniently comes to you if needed. her rates are very reasonable an her service is first class.
328,328,14.0,0.1744,"back, give, test, find, time, result, covid, today, walk, information","my husband had a video chat with dr rama and she told us he needed to go get his blood drawn.  i asked any time we can go, her answer yes!  so three week to his visit to the doctor we went to get his blood drawn but needless to say the girl at the drawn station told us they cannot do it until two or one week to doctor visit.  wth! they could not let him get his blood draw three week but two week is ok. are you kidding me...... i was so pissed. it's getting to the point that i'm sick of them getting rid of there doctor.  this makes doctor number three.  we were happy with our last one now we start over.  i'm getting to the point i will go outside to start getting a doctor.  

just talk to your drawn station they need to draw when people show up for this is not the safe place to be or keep coming back too.  not only it's scary cause of the virus but i don't see anyone wipe down the chairs people sit in.  i will not sit in those dirty chair.  i'll stand.  the hospital should be spotless at all time and that means chair also.  i done and so over it!!"
329,329,16.0,0.0935,"people, place, talk, make, happen, hope, speak, woman, client, center","i called and today on 4/13/2020 at 1:00 pm. i just spoke to a man who really could care less about my questions. i asked where i can help in a.a. & where i could go to online mtgs, he gave me zoom mtgs but then he says i don't know, go to website sdaaco.aol.com to volunteer. well,  i go there no such address. i told him i have 15 yrs sobriety and that central office has 1 review star (not good) he says who cares, really!!! i told him...you should care i said to him it's about love & we're all alcoholics.  wth happened to people at central office ""they should not be there if they can not be kind"" seems like if your that unhappy go out or do something differently because you have forgotten that we're just all drunks & addicts who have an illness & just need love & kindness to see us through. be kind too others or hey... find something else to do besides making people feel like you could give a shit!!!!"
330,330,17.0,0.0907,"call, insurance, phone, charge, pay, appt, receive, bill, horrible, today","called this week, second week of may, to ask if they would prescribe hydroxychloroquine for treatment of coronavirus.  i remember the girl said she could not answer over the phone, but i could go on their online zoom care chat and ask that question.  i went to the website only to find out that it costs $25 dollars to use zoom care chat."
331,331,9.0,0.0636,"visit, time, doctor, virtual, experience, follow, fact, hard, person, worth",i had a very good and successful visit through telemedicine today. thank you brian the pa.
332,332,11.0,0.0747,"baby, give, support, child, pandemic, birth, hospital, daughter, thing, husband","we have been with dr schlundt and dr self for 6 years. when they transitioned to ucla about a year ago there were some issues and billing problems. 
but now i have to say they run really smoothly. we had to visit during covid19, and they were very organized with minimal wait, and made us feel very safe. 
appointments, communications with dr., virtual visits (video calls) and all medical results are shared with an app that also takes care of the billing. i was hesitant at first (and i still have reservations about all the hackable health info) but the app is very convenient! 
dr. self goes well beyond expectations as a prepared, careful, and compassionate physician."
333,333,13.0,0.1452,"zoom, great, class, good, amazing, set, home, move, provide, forward","great prenatal pilates classes! i had to start my classes via zoom because of the pandemic, but even like that valerie does a great job teaching us how to prepare our body for labor. i'm feeling so much better since i start and i will continue exercising with them.
i recommend this place!!!"
334,334,0.0,0.0949,"feel, make, love, experience, couple, start, anxiety, ease, team, share",kristen is amazing! i found her through instagram and loved how much info she had available up front. i scheduled a zoom consultation and we discussed concerns i had about my jawline. i got botox for jaw slimming since i clench my jaw at night and filler in my chin/jaw. it was a quick and almost painless experience! i'm 25 and was nervous about seeing an aesthetician for the first time. i was worried i'd get pressured into additional services. kristen didn't push me at all and was very honest and transparent. she put all of my concerns at ease and i was very excited for my appointment. thank you for everything kristen! 10/10 recommend.
335,335,12.0,0.1824,"appointment, office, schedule, phone, patient, telemedicine, email, cancel, due, receptionist","i made an appointment (prior to covid-19 issues) to be seen over some acne issues. i had recently moved, so my old dermatologist was no longer accessible. the first appointment was cancelled with no explanation other than the doctor would not be in. (maybe covid-19 worries, but not sure.) the staff helped me reschedule. my new appointment was set for april. received a call that it was again cancelled. no option for teleheath. overall, found the office staff to be a little rude and unhelpful. i will not be making a new appointment as i found the communication subpar. thankfully my old dermatologist office is doing telehealth!"
336,336,11.0,0.1804,"baby, give, support, child, pandemic, birth, hospital, daughter, thing, husband","i am so grateful for kristina's help with breastfeeding!!  i wish i could leave more than 5 stars.  i utilized her teletherapy for a virtual lactation consult and couldn't be happier.  my son was having issues with latching and feeding initially, and she set up a zoom virtual consult to provide lactation support (which was especially helpful since we were quarantined at home with a newborn in the setting of covid-19 and unable to access in person lactation services).  we were struggling through every feed prior to the consult, and our baby was losing too much weight despite our very best efforts.  she gave new, individualized, and unique tips/techniques to try, which all worked!  he latched and fed perfectly during our consult and with every subsequent feed!!!  i appreciated that she provided real-time personalized advice and tips during the consult.  she is clearly extremely knowledgable about lactation and genuinely cares about her clients!  she is a miracle worker, and i (as well as my now happy and chunky 5-week-old son) could not recommend her more!"
337,337,10.0,0.1213,"care, staff, covid, family, professional, due, physician, great, understand, provide","dr. trivedi is a fantastic physician.  he's an extremely skilled anesthesiologist.  i see him for ketamine infusions to help with my depression.  i highly recommend him.  his technical skills and attentiveness to detail are unparalleled in my experience (which is saying something).  he's passionate about his work and helping his patients, which is abundantly clear when you're under his care. 

dr. shah is also nothing short of amazing.  she is my primary care physician.  she's easy to relate to and judgement-free.  whether via telemedicine or in person, her bedside manner is excellent and her down-to-earth style is a true comfort.

i highly recommend both these physicians.  you absolutely can't go wrong with dr. trivedi and dr. shah.  make an appointment today -- you won't regret it!"
338,338,8.0,0.0988,"call, wait, doctor, day, minute, appointment, hour, time, receive, message","i have been working at home and typically not moving around as much as i should.
 i used carenow web-checkin to set up an appointment on saturday night.  i received a call from tiffany bright and early sunday morning.  she talked me through the next steps to register for a telehealth visit, gave me a pin to start the registration and called back to confirm firm that i had no questions or issues with the process.  once i completed the registration, within minutes i was on video-conference with the pa and had a prescription sent to my pharmacy.

kudos to tristar carenow in cool springs for friendly, efficient care."
339,339,7.0,0.0952,"check, nurse, facility, room, minute, place, hour, staff, leave, happy","dr. g is the best! today was my second time coming to him and both times he & his staff have beyond exceeded my expectations! i'm high risk for covid-19 and called today to ask if the dr would treat me over the phone, so that i could avoid coming to the facility. his nurse/receptionist explained that he's happily doing telemedicine at this time, and 10 minutes later i was facetiming directly with dr. g! he said it would be no problem to have a staff member take my payment over the phone and bring my medication directly to the car when i arrive. talk about service! i have been in and out of urgent cares my whole life, at some very well known hospitals, and nothing beats the experience here. i couldn't recommend enough. and he's cute/funny too!"
340,340,4.0,0.0977,"patient, doctor, medical, make, office, health, practice, review, provider, year","once again, dr. parker and gritman family medicine have shown their genuine compassion and concern for my health and welfare. we had a very nice telemedicine appointment today at the exact time of my former walk in appointment. our current national crisis did not deter dr. parker from ensuring that my medicines are working properly and that she was available if i needed further assistance. medical professionals like dr. parker and her support staff are true heroes at this time of uncertainty. thank you!!!!"
341,341,4.0,0.1694,"patient, doctor, medical, make, office, health, practice, review, provider, year","don't waste your time.. i am not sure who they have answering the phones these days, but i have never been treated so rudely before at any physicians office. sounds like they don't want business or insurance money. 

i really hate posting negative reviews, but i hope the physicians in the office read this review, so they can understand why they're lacking patients - since nobody can get through to them. sorry docs, but i've tried to talk to you, and it's unfortunate a negative yelp review is the only way i can communicate. 

i know some of the doctors are great, but since i can't talk to them via video chat, sadly, i think my 3-year relationship with this medical group is ending. nothing like feeling left out in the cold when you need a doctor at your side. seems like customer service has changed ever since dr. viglione left. 

i tried to set up a video chat/appointment, and was told to ""hang up and call somebody else"" multiple times."
342,342,7.0,0.1259,"check, nurse, facility, room, minute, place, hour, staff, leave, happy",arrived at the office and was amazed at how clean and zen the space looked.  they have a tech sitting right by the elevator to check temperatures.  more organized than any other doctors office i have been to.  dr . dewan is practicing telemedicine right now.  this way he will not pass any bugs to anyone.  anyway i thought the office functioned really well.  happy with my visit and highly recommend
343,343,8.0,0.1866,"call, wait, doctor, day, minute, appointment, hour, time, receive, message","be prepared to wait quite a while to be seen, even with an appointment. in december 2019 when i visited for my physical, my appt was scheduled for 9:20, but waited until shortly after 10 to be called. a week later, when i returned to visit with dr. james ochuka about my high cholesterol, i had an appt for 3:40, but wasn't called to the back until almost 5

on march 12, i had a follow up for my cholesterol scheduled for 8:30 and waited over 30 minutes to be seen. i can understand if you're 10-15 minutes late, but 30 minutes or even an hour or more late? what's the point of making an appointment if i show up on time/a few minutes early, but still wait an hour to be seen? i do my part to be on time, and i expect the same of them

today, two weeks after my follow up, i received a call at 5:36 pm from one of the employees (forgot her name) staying that my lipid panel results came back and that i could come pick them up and someone would bring them to me at the door. when i arrived at 6:24, tiffany was right there cleaning the doors. she opens the door and says, ""we're closed,"" which i get, since they're just doing virtual visits probably due to the covid-19 outbreak, but her tone was quite rude. i explained to her that i came for my lipid panel results and that i received a call stating that they were ready. she snapped back at me saying that i was not called. her tone already made me feel uncomfortable, but to call me a liar on top of that?! i was very offended by this. i did nothing to provoke her, and she spoke to me in an unprofessional and rude manner. that is not how you talk to your patients. she asked for my name to look me up in the system and print my results. she gave me my results and i was on my way. now was that so difficult?

my reason for my 3 star review, in spite of everything i mentioned, is because of the rest of the staff. the nurses there are nice and dr. james ochuka is an absolute gem! he has a great attitude and truly does care about his patients. so far, dr. james and the nurses are the saving grace of this place. improve the wait times and tiffany's attitude and maybe i'll update my review"
344,344,0.0,0.0861,"feel, make, love, experience, couple, start, anxiety, ease, team, share",great first telehealth visit with dr. horowitz. kept me at ease. haven't felt that safe and heard by a doctor in a while. highly recommended.
345,345,4.0,0.1252,"patient, doctor, medical, make, office, health, practice, review, provider, year","uncaring practice. i was an established patient and called the 1st week of march 2020 with cold/flu symptoms. i was told the doctor is not seeing any sick patients. i asked about a telehealth visit, was told she didnt do that.i was told to go to a hospital i was scared to go to the hospital because of the coronavirus. evidently my doctor was scared of me. i really felt abandoned  by my doctor. i was frustrated and said i guess i will just sit at home and die. the receptionist says ok, thank you. that really made me feel like noone cared. i wrote a post on my personal page. it really hurt my feelings. i never had a doctor treat me like this before. i call back today asking if i could atleast get a refill for my blood pressure pill. i was told they read my post and am no longer their patient. just because i was upset because of how i was treated. you would think i might have received an apology for their actions. but the holier than now attitude really did show through. it was not just the girl who answered the phone but the entire staff including the doctor with the attitude. very poor treatment of their patients. again kicking me to the curb. just don't bother them with a real problem. make sure and show up with your copays and accept any treatment they serve to you."
346,346,13.0,0.1162,"zoom, great, class, good, amazing, set, home, move, provide, forward","meeting randall online for me was a blessing. it was during a low moment in my life when i really  needed to speak to someone outside of my inner circle. thankfully he was there. from our first video conference meeting, randall has been so welcoming, thoughtful, patient, and very effective in helping me to improve my well-being and mental health. he is a very positive, self-motivated, and compassionate person who holds great knowledge about holistic healing. i enjoy every opportunity to speak with him and i'm sure you will too!"
347,347,8.0,0.3337,"call, wait, doctor, day, minute, appointment, hour, time, receive, message","do not trust this office with your care.  i had a cyst growing in my cheek.  i was offered a telemedicine appointment and just given antibiotics.  after 10 days the antibiotics hadn't changed and it became really painful.  i called in to the doctor to share my concerns and my call was not returned.  i consulted with another dermatologist (a family friend from seattle) via video chat and she said i needed an urgent visit to have the cyst taken care of before it got worse.  i decided to call a dermatologist that was recommended by my friend and my dad and they got me in right away (within two hours) and said that it needed to be removed immediately.  it was removed and i was told that the contents were quite concerning and unusual and would be sent off to pathology, especially given how fast it grew.  i was so relieved to have it taken care of.  spectrum dermatology called me 24 hours after my call complaining of pain and further growth to tell me to wait an additional 2-3 weeks and continue taking the antibiotics!!!!!  their level and of care is irresponsible.  if this is something that is dangerous, they should be ashamed of their dismissive and nonchalant attitude.  i forgot to mention that i waited 50 minutes for my telemed appointment and was called by their office 20 minutes past my appointment time saying they needed my payment before the doctor would see me.  they are disorganized and rude.  please do not trust dr. stark or her staff with important matters that could be life threatening."
348,348,14.0,0.1132,"back, give, test, find, time, result, covid, today, walk, information","during normal times i gave this doctor a 5 star rating.  he has always been an excellent primary physician who follows up on all test given and you sont have to wait around to wonder if you will get a call with results.  today, during the covid-19 epidemic, i  had my 1st over the phone visit and it was wonderful.  excellent knowledge, patient, covered all test.  doctors grobler and dang are the absolute best in care"
349,349,18.0,0.1106,"recommend, month, year, week, son, surgery, kid, job, procedure, sleep","we transferred to this practice after moving to the area and feel so lucky that our daughter in the hands of such kind and expert physicians. with the number of scrapes, and rashes, and flus, and ear infections,  and eye infections, and coughs that our kiddo has brought home from school in the last two years (before it closed, that is!!),  it seems like we have seen or talked with pretty much all of the staff and doctors here at one point or another! (drs. tessler, kaplan, and vande guche, specifically-- all wonderful.) i really appreciate that they have virtual visits during the shutdown-- when i had a concern recently, we had a same-day appointment. friendly and competent staff. everyone is sweet and my daughter leaves the office smiling and making jokes. i cannot recommend highly enough."
350,350,4.0,0.1237,"patient, doctor, medical, make, office, health, practice, review, provider, year","i can't say enough about skincare physicians! i am in the medical field myself; so i have witnessed my fair share of  how patients can be treated-both as a healthcare provider and patient. unfortunately, we don't always receive the kind of care we all deserve. from the moment you walk in to scp(my abbreviation), you are treated with care & respect. i have seen kelly buchanan, pa in the office multiple times. she is amazing-extremely knowledgeable, understanding of patient's needs, and so kind. just recently, during the covid crisis, i thought i had something suspicious on my nose. i have had melanoma, so i am very conscious of any changes. i called scp & was on a telemed visit the very next morning with dr. travers! i was so  impressed w/ the rapid response, our virtual visit, and recommendations!! i just had to take the time to acknowledge this. it is a trying time in medicine, covid aside, and scp just never ceases to amaze me. keep up  the good work & thank you for  all you  do! -keri s. (forever loyal patient)"
351,351,2.0,0.0827,"issue, time, extremely, make, service, concern, friendly, kind, person, super","i am so impressed with the assistance my daughter received today, in the midst of the crazy corona virus. she had to leave her college b4 seeing her upstate dermatologist. and we were struggling to find someone to at least guide her.
julie bronson took our call and went above and beyond to get dr. cavallo to video chat with her. just a lovely patient, compassionate woman who was just so helpful.
dr. cavallo was amazing with his guidance and help. in the midst of this national emergency, a 20 year old's acne in top priority unless of course you are the 20 year old. 
i could go on and on a out how friendly, respectful and concerned this practice was today. again wow. i can only imagine how awesome this staff and physician must be when the country is not in a state of emergency. 
thank you thank you"
352,352,4.0,0.2639,"patient, doctor, medical, make, office, health, practice, review, provider, year","worst doctor i have ever seen.  as a woman with multiple chronic health conditions i have seen more than my share of physicians and specialists.  however, dr. susan baker tops the list of the ""worst medical and health professionals"" i have ever seen.

saw her for four visits, before she and her office started charging for blood testing ""equipment"" without informing me before hand of the new costs.  it was then, that i left her practice, and found my current team of truly warm, caring professionals who do not charge the patient cash (or anything) for the needles and syringes for my monthly lab work.  no healthcare professional that i have spoken with about this cost, has ever charged patients for those items associated with patient care.

why am i reviewing this today?  in the midst, of quarantine and being an immune compromised person, during the covid19 pandemic i received a text message.  from an out of state phone number, so i read it...

inexcusable behavior.  it has been more than 5 years since i last visited her office.  i took copies of my healthcare records and made it clear that i was no longer a patient of hers.  today's text was a group message to her patients.  a callus email stating her office is going to telemedicine visits for one week.  i can not believe that the doctor has not updated her files in five years.  warning for the health and safety of you or your loved ones, do not go to dr. susan baker.

susan baker, md is a doctor i do not recommend.  i think her medical practice is more concerned with making the doctor happy than caring for and treating patients who struggled to manage their rheumatic conditions."
353,353,5.0,0.1431,"pain, exercise, body, follow, pt, injury, physical, excellent, issue, run","i've had the unfortunate opportunity to have broken my collarbone(s) three times over the past six or seven years. but i've had the fortunate opportunity to be treated the past two times by tyler zeken. he's a terrific therapist--fantastic listener, phenomenal explainer, gives just the right amount of advancement in exercises and homework, and is just an all-around great guy. two months ago, i visited him after a two-year hiatus (the first experience also great--at first i was skeptical, because he's so young). i asked for him by name. i told him that i had hoped to never see him again (i.e., with another collarbone fracture and the level of pain and limited mobility that go with it). 

i just completed my eight weeks of therapy today (including a few weeks via zoom, given the coronavirus). he was equally great over telemedicine, though i missed the manipulations (?) that he did that helped push my range of motion quickly. the support staff is also very helpful and the athletico facilities are organized and clean, though if tyler moved elsewhere, i'd follow him wherever. keep up the great work and attitude!"
354,354,19.0,0.3923,"week, person, start, work, meeting, good, meet, back, leave, thing","i've had aud (alcohol use disorder) for about 40 years. i've tried everything: hypnosis, acupuncture, years on antabuse, 6 months and then 7 years sober in aa in 2000s. each relapse turned into a several weeks long binge, forcing me to seek help again. finally, in 2014 i discovered sinclair method (https://www.the-sinclair-method.com/), which turned out to be a lifesaver. my drinking quickly went down to safe limits and i started to have alcohol free days several times a week. for 5.5 years i was a social drinker, a ""normie"" in aa speak - until covid struck. 

i live alone, the lockdown made me seriously depressed. all my routines and nearly all social contacts were broken and it felt like a solitary confinement. at some point in april, i stopped taking my medication as prescribed by the sinclair method. from there, my drinking quickly escalated and turned into a heavy 6 weeks binge. by may 13 i had to go to er and then to a 10 days detox in holister; spent the first night in icu nearly having a heart attack. after i got back home on sunday may 24, i wanted to make sure that sinclaire is still working (i still had some meds left from my last refill); i had 3 drinks on the first day, then it went 1, 1, 0, 1, 0 - amazing, considering my condition before the detox. 

in the meantime, my gf discovered the intensive outpatient program (iop) at good sam behavioral. i was surprised to learn that dr cecil a. bradley, who prescribed me naltrexone all these years, is the medical director of this program. the program seemed very useful since a) it is in person, no zoom, b) i got a double diagnosis and could address my underlying emotional issues and c) i could get an extended medical leave, since i was not feeling up to getting back to work immediately. on thursday, may 28 i was there and talked to marcella (admissions) dr khan (sp? md), nurse diane and some other people. i was very open about what i've been doing before, what brought me there and about my intentions (go back on sinclaire, since it works great and aa stopped working for me at some point). everybody seemed to be open-minded, accepting and approving of my course of treatment. some even wrote down the name of my method and said they were curious and want to learn more about it.

thursday and friday sessions were pretty nice, with meditation, some cbt and open discussions on topics suggested by patients themselves. and then, on friday noon dr bradley showed up, took me to his office and told me that their program is based on full abstinence and if i keep up the  controlled drinking, i have to leave. he said there are alternatives to aa and suggested some other program - he just could remember it's name. he is in his 80s and seems to forget things. i promised to think about it over the weekend and tell him about my decision on monday. after all, at this point i could easily refrain from drinking for the duration of the program.

however, on monday my case manager handed me a recovery plan with mandatory conditions: attend at least 3 meetings a week, find a sponsor and report progress at each morning session. i told her i don't do aa, and i was told to go talk to dr bradley, and again he gave me a dilemma: full abstinence and meetings or leave the program. ""there is this other program - can't remember it's name... rational recovery?"" ""- smart recovery?"" ""- yes, this must be it"". ""- i researched it, and it has about the same success rate as aa - which is in single digits - whereas sinclair method has success rate near 80%"". ""- i don't care. this program requires full abstinence and meetings"". so i informed him that i'm quitting and went home.

there are several things that really upset and anger me. 
1) why did dr bradley prescribe my medicine all these years and even wrote me another 3 refills on that monday if he disapproves on sinclair method so much? 
2) how does a doctor refer a patient to some program the name of which he can't even remember? does he know anything about it? or he just doesn't care?
3) why did they admit me at all, knowing full well my intentions, knowing dr bradley's views and giving me false hopes? 
4) what kind of doctors put a patient into completely unscientific, faith-based programs with abysmal success rate and force him to abandon something that is proven to work for 80% and this patient in particular?

so i googled dr bradley and discovered that the medical board of california twice has suspended his license, once in 1990 and second time in 2007 (5 years probation). he also was known to be sending referrals to and working at a couple of shady rehabs ran by an uncertified drug addict.

makes you wonder, how does a doctor like cecil bradley ends up a medical director at well-respected hospital like good sam? i would not recommend going to good sam in- or outpatient behavioral programs until they replace him. the rest of staff seems to be ok, but there is nothing they could do to help me under current leadership."
355,355,16.0,0.1127,"people, place, talk, make, happen, hope, speak, woman, client, center","three stars only because the office staff that answers the phone is polite, knows what they are doing and are doing their best. but the ""telemedicine"" here is a 100% waste of time. i was so relieved that i might be able to get medical care without risking a visit to a medical office in the current situation when they offered the option, but you don't actually get any care at all, it's just basically a way to waste your whole day waiting to talk to three different people in separate phone calls hours apart only to told to make an appointment to go the medical center you'd hoped to avoid by going through all this in the first place. real telemedicine would conserve resources such as protective masks etc and also protect staff, providers and patients so i hope this improves and becomes genuinely functional soon."
356,356,18.0,0.2168,"recommend, month, year, week, son, surgery, kid, job, procedure, sleep","an adult relative of mine has had an excellent experience with myofunctional therapy (mft) here.  the problems isabel treated with mft were tongue tie, snoring, obstructive sleep apnea, and chronic neck and shoulder tightness/discomfort.  

momentum therapy center isn't just for kids!  excellent for adults too.

isabel has been very thorough.  the initial evaluation was in person, as well as some of the weekly follow-up visits.  once the coronavirus pandemic started our local stay-at-home orders, isabel did virtual visits, which were also excellent.

within weeks of starting myofunctional therapy here, there was marked improvement in symptoms.  eventually, the neck tightness/discomfort was 100% better, and the shoulder/trapezius area issues were 70-80% better.  snoring was also improved.

visits were in network with insurance, so that's another plus.

overall, highly recommended!"
357,357,1.0,0.1282,"life, work, find, plan, month, year, change, program, live, home","my son entered this program right at the beginning of the covid pandemic and stay at home orders.  he called and requested a facetime meeting with the admissions person, found him to be compassionate, and agreed to be admitted on the same day.  the staff was warm and encouraging with him.  unfortunately, because of quarantine issues, he could not realize the benefits of treatment completely.  initially, he was quarantined for 2 weeks before being able to enter a treatment house where group therapy was held.  also, the counselors and therapists held their sessions via zoom.  that being said, my son stayed in the program and willingly participated in all the treatments that were made available to him.  he especially liked working with his counselor and therapist.   my son had his own bedroom and we were able to have care packages delivered to him.  all contact that i had with the program administrators and counselors was extremely professional and accessible.  i believe pacific bay helped my son on the road to recovery and i would recommend this program."
358,358,12.0,0.1137,"appointment, office, schedule, phone, patient, telemedicine, email, cancel, due, receptionist","i had a lactation consultation appointment over zoom.  first, they cancelled and rescheduled on me, then they failed to show up for the rescheduled appointment.  given how hard it can be to carve out time with a newborn, i would recommend going with another company if you're looking for help."
359,359,10.0,0.1069,"care, staff, covid, family, professional, due, physician, great, understand, provide","sunnyside nursing center really takes good care of my mother, phyllis, an invalid with dementia who just turned 94 today, april 29th.  the staff is very attentive and the center is very clean and orderly.  everything is as it should be.  a special meeting was arranged for today by the very kind and caring princess diana of social services, who went the extra mile to download and install zoom on her tablet.  my daughter, phyllis's granddaughter, was also able to participate, so it was a group meeting.  my mother, who is cheerful and childlike, seemed to enjoy herself and even joined in on the happy birthday song while holding an owl beanie baby and ""dancing"" it around, when we sang the song to her.  i'm very thankful to the staff at sunnyside for being a great team of caring people!"
360,360,13.0,0.0902,"zoom, great, class, good, amazing, set, home, move, provide, forward",the staff have been very helpful with allowing me to teach out to my mother via zoom curing the covid lockdown.  at least my mother gets an opportunity for us to see each other and maintain social distancing.
361,361,8.0,0.0744,"call, wait, doctor, day, minute, appointment, hour, time, receive, message","not a review, just an update on this place! there was a fire on 5/22/2020 not sure of the status of what will happen due to that. they were doing telehealth appointments, might want to use google to go to the website which will provide the names and hours of appointments through telehealth!"
362,362,10.0,0.1232,"care, staff, covid, family, professional, due, physician, great, understand, provide","we are so grateful to have been referred here.  the office staff was so kind and attentive.  we were especially grateful for the care of tiffany, np.  my husband has been feeling ill.  she provided a thorough telemedicine assessment and provided exceptional care and resources.  the follow up has been great as well.  we feel very supported and i feel confident with my husbands care and outcome.  will definitely return if urgent care is needed for my family in the future."
363,363,1.0,0.2046,"life, work, find, plan, month, year, change, program, live, home","irene is a wonderful coach! she has been passionate, dedicated, and tremendously helpful. she helped me set and reach my goals and not only suggested concrete tactics to do so, but also gave helpful examples from her own life to guide me, and checked in with me every day to make sure i was on track.
- i was having issues maintaining a regular sleep schedule, and she checked in with me regularly to make sure i was waking up on time, even doing wake-up calls/chats so i had something to look forward to in the mornings.
- with the shelter-in-place order, i was also finding it difficult to work out regularly. the home workout videos she suggested were perfect - maybe even more effective than my routine at the gym! she also offered to do workouts together over zoom, which was really helpful and helped motivate me to work out at a more regular cadence.

irene takes a holistic and scientific approach - she helps you better understand not only how to reach your goals, but what goals you want to set in the first place and why. i highly recommend her and have no doubt that with her help you will find your stride in life!"
364,364,12.0,0.1145,"appointment, office, schedule, phone, patient, telemedicine, email, cancel, due, receptionist","dr. winegar just requested my 80 year old grandfather come in for an appointment to talk, where no physical exam was required. this could have easily been done by phone or video conference, especially when the cdc, health department and government has put a stay at home order in place due to the coronavirus. this office is not practicing the stay at home orders/ social distancing and i would be very careful visiting his office for these reasons. he is putting all of his patients, staff and others at risk for an appointment that could have easily been done over the phone."
365,365,16.0,0.1487,"people, place, talk, make, happen, hope, speak, woman, client, center","i am a patient of one of the dr's here at the northern colorado surgical center.  i had a virtual visit with my dr. and was sorely disappointed with the visit.  i thought i made excellent progress and was very happy with myself.  i thought the dr. would be as well.  what happened with the visit was nothing short of a negative nancy visit and what the dr. did during the visit was just plain rude!  we were talking about my losing weight and all he could say was i won't be losing anymore weight and to just exercise 3 x's a week from now on or i'll gain all my weight back.  then he does something that floored me.  he takes his computer and closes it half way down so he won't look at me any longer.  i was stunned and bothered by his actions.  i thought ""how rude and why is he doing that?""  what a jerk! 
he never answered my one question that i had and he only told me that i won't be losing anymore weight from now on that where i am is where i'll be from now on and that is that.  

what kind of dr. is he???  i slept on this and i'm mad!  who is he to tell me that i'm done losing weight and i won't be losing anymore plus he wasn't supportive in the least!!  not to mention rude as hell!

my thought is, that he got my money from the surgery and now he's done with me.  now his true colors are coming out.  what a jerk!"
366,366,2.0,0.1344,"issue, time, extremely, make, service, concern, friendly, kind, person, super","my doctor referred me to a pelvic floor physical therapist, but after not being able to get an appointment (covid-19 quarantine), i made an appointment with dr. dominick. we just had our first virtual visit (on a hipaa compliant platform, thank you!) and i'm extremely impressed! i am almost three months postpartum and had several issues to discuss. she took plenty of time to listen to each of my concerns and give feedback about what is likely going on, along with giving me suggestions for how to begin addressing each one. she did demonstrations and watched me try exercises as well, to be sure i am on the right track. in addition, she sent me an email with the exercises right after our visit so that i have something to reference. i am looking forward to continuing my healing and i appreciate her support along the way. if you're looking for a knowledgeable and caring provider that truly takes the time to address your needs, look no further!"
367,367,8.0,0.0848,"call, wait, doctor, day, minute, appointment, hour, time, receive, message",updated kaiser market street hours. if urgent care wait is too long you can ask for a telephone visit.
368,368,11.0,0.2432,"baby, give, support, child, pandemic, birth, hospital, daughter, thing, husband","you need some debra in your life!! i was referred to debra by a friend after she found out i was struggling with breastfeeding issues with my newborn baby. in a nutshell, debra is awesome. i only wish i would have met her earlier to partner with her before bringing my baby home and to have been able to prepare for a rough breastfeeding journey. debra is very knowledgeable, down to earth and more importantly supportive of what works best for baby + mom. she was super accessible via text and email. given the current covid situation we had to do our session virtually rather than in person, but it will still effective and totally helpful. debra provided me with guidance on how to build my milk supply - after a few days my supply did go up. she's continuing to provide support to new moms via weekly zoom meetings and i am soo grateful for them. it takes a village! and in this lockdown environment, support is crucial and debra is more than willing to help. call debra if you need help with lactation, feeding, newborn needs!! you will be grateful you did"
369,369,18.0,0.1104,"recommend, month, year, week, son, surgery, kid, job, procedure, sleep","when i met leslie for the first time, i was struck by how easy it was to get to know her. her relatable personality has a way of making you feel like you've known her for all of your life. as a trusted colleague, i respect her knowledge of the field, and capacity to use her natural gifts to promote encouragement, strength, and tools when working with clients. leslie is well versed in providing both in person and telehealth therapy. i wholeheartedly recommend leslie if you, or a close family/friend are looking for emotional support in any capacity."
370,370,8.0,0.1169,"call, wait, doctor, day, minute, appointment, hour, time, receive, message","i should have listened to the reviews, though the ending is not tragic. i'm on the ues and scheduled a telehealth appointment (though i chose to have it with the ues office as they'd be the one i'd use). a day before the appointment i received messages on every platform (email, text, vm, etc.), that i have an in-person appointment in garden city, long island. i left several messages making it clear that it wasn't what i signed up for. i need a surgical gyno for a full hysterectomy, not a pa 90 minutes away.

the good news is, the next day, i received a return call from the top gyno surgeon at one of the best hospitals in manhattan (and 10 minutes from my apartment) and scheduled an appointment. so everything worked out in the end. it's just shocking to see the same isn't true for so many others. ob/gyn issues make a lot of women very anxious. you add a bunch of shenanigans and it can be downright traumatic."
371,371,12.0,0.1312,"appointment, office, schedule, phone, patient, telemedicine, email, cancel, due, receptionist","i found this practice on zocdoc & i booked due to the good reviews. what a mistake! this place is terrible- disorganized, changing appointment times & not calling to inform you of the change. and every time you schedule an appointment, you get a different provider, even if you schedule your appointment with a specific provider. there is no continuity of care. most recently i had a coloscopy & i had an appt scheduled to discuss the results. it has been difficult to get in to the office with the current pandemic. i cancelled my appointment, but the doctor called and left a message with the results. i didn't speak the doctor at all. and i was billed for a virtual visit!! i contacted the office twice & was told they would take care of it. well, as of today, i'm still getting bills sent to my email. if i could give negative zero stars i would. stay away!!"
372,372,9.0,0.0797,"visit, time, doctor, virtual, experience, follow, fact, hard, person, worth",dr.silva was really good on following up on my visit. even though there was some miscommunication between her and the virtual doctor that i had seen. she did make the correction once she realized and called me directly which not many doctors do now days.
373,373,9.0,0.136,"visit, time, doctor, virtual, experience, follow, fact, hard, person, worth","nova medical center is a workplace medical complex. workplace medical complexes are not the same as going to a hospital. nova medical center saw me for a knee injury. i was given a brace,check ups and physical therapy scheduled and it was all done professionally and promptly. the only time it failed was when i failed to show up. if you miss a apt they send you notices and your employer the hour you miss it. now,due to the covid outbreak, they have virtual visits and physical therapy.  initially i was going to think they could improve but they do try to work with the patient. the adaptation and implementation of virtual pt demonstrates this. 
all in all, if you want in depth care you go to the hospital. this is a work place medical facility and they do a good job achieving that directive. the doctor i've seen there on all my visits is nice as is his staff."
374,374,9.0,0.1097,"visit, time, doctor, virtual, experience, follow, fact, hard, person, worth","unfortunately i was never able to visit this office; this review is for forward as a whole. my visits were rescheduled 3 times without my consent, each further back than the last. because of this, despite having paid the full fee, i was unable to get my initial baseline visit. then covid happened and understandably they weren't having any patients in the office. so i contact saying i'm having a uti, a frequent thing that frankly i'm used to and i asked if they could let me chat with a doctor. you know, one of the main selling points of the service. i'm then informed that this is ""illegal"" despite the fact that telehealth exists oh and also so does forward at home-- the solution for literally the exact thing i was asking about. when i pressed for a refund they continued to gaslight me, and also provided plenty of excuses for calling me the entirely wrong name. i'm sure the actual doctors are lovely but this is nothing more than a silicon valley scumbag trying to make a quick buck before medicine gets socialized. frankly i'd be surprised if any real, legitimate person has ever managed to get an appointment."
375,375,5.0,0.2335,"pain, exercise, body, follow, pt, injury, physical, excellent, issue, run","i am doing live zoom classes with constance with the trx and i love them!!! i am quite fit and i like to train challenging but also i get injuries easily in my neck and shoulders. so the fact that i follow strenuous classes with constance for a couple of months now, really pushing it, and i have no injuries and just get stronger, and building muscles to compensate my weaknesses, (which cause pain and headaches) is proof that her classes are very well balanced and making my live so much better!! you can tell that constance is trained as a physical therapist by this combination of getting you to push yourself, but in a sensible way and enough variation and stretching to not get injured or bored."
376,376,18.0,0.268,"recommend, month, year, week, son, surgery, kid, job, procedure, sleep","i went to dr. heller 10 days ago for 1cc of restylane in my face.  i have not had any filler in my face for years.  i suppose we are all handling this pandemic differently.  i needed filler to mentally stay healthy i suppose.  it was that and i cut my hair really short on my own?  hair looks fabulous; i even layered it myself.  it has all this body now.  i am lucky this is the worst of it and nothing bad really happened to me.  right?  i forgot all about the filler honestly because it looked natural.  

so today i just zoomed with my girlfriend who i haven't seen for like a month.  she loooves my hair.  she told me i even look younger and fabulous all around.  said i should go out on the town! (like there is anywhere to go?)  for a few minutes i believed it was the hair and then i remembered it must be the filler.  short hair is not going to make me or anyone look younger even though my hair does look nice.  just when i thought nobody can tell because i can't even tell, she was able to, but couldn't pinpoint why i looked younger.  yes, thanks.  it must be my new hair do!! 

bottom line, dr. heller did a great job making me look natural and helping me through this crazy pandemic too!  i needed an uplift (no pun intended).  for a small price i feel great!  office staff and waiting area, etc. is nice and dr. heller has a pleasant bedside manner.  i definitely recommend and they'll honor the groupon rate of the day if you've never been to their office.  there is really nothing not to like...."
377,377,3.0,0.3046,"prescription, medication, refill, bad, state, order, pharmacy, med, problem, contact","this is the worst behavioural health provider i have ever encountered! 
 the type of support compass health systems offers, people do not need!!  people need consistent, compassionate support. compass does not offer or provide this. front line staff, if you can get thru long hold times are rude.   if you have a #telehealth followup, do not 
 hold your breath if they forget to call in a prescription. they'll promise to fix it, but you'll decompensate & end up hospitalized before anyone notices, especially owner dr scott segal.
they will kill you before they make anything right. find better providers. 
 a #medmanagement appointment with the assistant, not even the dr, that takes less than 5 minutes. she says she'll forward refills for your meds. she forgets 1. you call in & let them know. they say they will advise dr, but  nothing happens. over the next 3 days, you send 2 messages over the portal & call again and your pharmacy sends four requests for refill because this is a long term monthly med. no response from compass.
do you know why? because compass health systems does not care about you nor if you decompensate and end up hospitalized. they have been known to drag their feet longer than two weeks on a refill.
they just do not care. once the billing portion is over, whatever happens to the patient is up for grabs.
so this here for you, any time bs is just that: bs.
find yourself a better provider who won't point the way to the path of self destruction & worse.
anna at lauderhill/sunrise fl will take weeks to call in your refills.  front line phone staff do not listen to you on the phone about a missing prescription & keep asking you what you want to do about your appt & did you read your visit summary when you just told her about something else. everyone seems to have the ultimate goal be to have you decompensate to the point of hospitalization, like they're running a betting pool. this is all a game to them. ultimate excuse is computers were down for a week, as your condition decompensates because you're out of meds.

if mistakes are made with meds & refills, it takes an act of congress to fix them & you'll sooner decompensate & get hospitalized before they do fix them because bottom line, once they've been paid for your visit, they don't care what happens to you.

filing a complaint with beacon and humana will take 24 to 72 hrs to investigate, by which time, compass will in all likelihood not have fixed your prescription.  fl dept of health mqa takes longer, but then again, they probably still will not have fixed your prescription.  

you usually have a follow up in one month.  if you're still alive, they probably still will not have fixed their error, because yes, they are that negligent."
378,378,16.0,0.1015,"people, place, talk, make, happen, hope, speak, woman, client, center","absolutely horrible doctors office. they worked in a pinch for needing a necessary medication during the pandemic, but this place is a joke. after my first appointment i was hopeful. my second appointment rolled around and i spoke with a dr. leslie something. i tried to look up her name but she isn't even listed on their website as a doctor. this woman took an hour to talk to me. my appointment was scheduled at 9:30 and i waited in the video chat room for an hour and she tried to say she was there and didn't see me. bs. when i finally spoke to her over the phone, she assumed all of my symptoms and then immediately tried to take away medication and prescribe me an anti depressant which is not what i need/being treated for. she never once asked me anything about how i felt or how i was responding to any medication. never asked if i was allergic to anything. she just tried to switch my medication. once i finally, got her to stop suggesting a new medication and she agrees to keep me on my current meds, she promised me a certain dosage in our appointment and then proceeded to call in a lower incorrect dosage to my pharmacy. i have been trying for a week now to get this issue corrected as i now have less medicine than before and i will run out faster trying to keep up with my original prescribed dosage. absolutely clueless secretaries, irresponsible doctors, and horrible patient care. 
go anywhere else once it is safe to do so."
379,379,14.0,0.161,"back, give, test, find, time, result, covid, today, walk, information","i went to dr murphy for bio identical hormone treatment and a serious sugar imbalance that is affecting my eyesight. 

first off, it's really hard to get her to respond to you.  she infrequently answers emails and then complains if you send too many. 

she took my blood the first visit where she brought in her new puppy. she paid more attention to the puppy than me and then charged me $300 for the visit. okay. hopefully she can fix my issue. 

the blood work came back. the report showed i had pre diabetes, lupus  and some other horrible disease. she said i needed her to interpret the findings. then she gave me 20 vitamins to purchase and take every day!  i'm still  having sugar issues and my eyes going wonky. oh!!!!  and she charged me for a telephone visit to go over these results. another $300!!!  i took the report to my gp. i was so freaked out!!!  he did blood work and i was fine. no diabeties no lupus. no other diseases.

fast forward 6 months. and my sugar is still messed up. my eyes are still wonky.  sent her an email asking why my sugar is still messed up. she didn't respond. sent another email. she responded with an appointment. sent back that time didn't work. never heard back. 

in my opinion and experience, if you have medical issues, this doctor is not for you. if you need help and communication with your doctor. this is not the one.  

i have never had a hormone doctor charge me for tests and then another charge to review them!!!  $600 later and a whole lot of stress because of her blood tests, i still have a sugar issue and my eyes are still going wonky!

i'll find a new doctor. i'm not recommending this doctor at all."
380,380,12.0,0.1298,"appointment, office, schedule, phone, patient, telemedicine, email, cancel, due, receptionist","if you can only hear the tone in my voice right now as i'm speaking this into my phone... i am beyond disappointed by this company and team that i would never ever refer anybody to them ever.  this is crazy i don't even know where to start... i made an appointment over the phone and with everything going on they said they are offering video chat conference instead of having to come into the office which i thought was cool and made my appointment for 8am on a tuesday morning and the receptionist told me the latest that madeline abrams would call is 8:15am.  i was so excited and i couldn't wait.  come tuesday morning it's 8am no call, 8:05, no call, 8:30 no call i'm wonder what's going on so confused because i was so excited and ready and i was not expecting this.  i call the office and the girl tells me that i canceled my appointment and would i like to reschedule... in my head you can only imagine everything i'm saying but trying to maintain a cool and be nice.  ok i said let's reschedule then... she goes how about 10am i said sure.  at this point i didn't even want the appointment anymore nor did i want to continue.  whatever came the time and i got my video call from ms abrams, our conversation was very pleasant and she seemed very nice and made me almost feel better about what had happened and almost let me look past it.  then as we are about to disconnect she says someone from the front will call me to schedule my follow up and to see how everything is blah blah blah.  till this day i have not received a call from anyone but ok thanks guys.( i really didn't have my hope too high anyways after what you originally pulled ) i get home today to see my mail and it's a letter from them here i am thinking they are following up seeing how i am lmfao!!!! who was i kidding they sent me a bill of $88.46....  i was told a video televisit is $135 which i paid before they even called me.  now just to get home and find a bill.  this is ridiculous not only was i turned off by how everything was going but this?!?!? this topped it off real good. thanks for establishing that relationship.  i'll make sure to pass on the message.  what a joke.  save your money and go find someone else.  i'm sure they'll follow up after this one."
381,381,5.0,0.1747,"pain, exercise, body, follow, pt, injury, physical, excellent, issue, run","deena has helped me heal from injury as well as bringing me relief from aches and pain as my body ages. now that we are all sheltering from covid-19, she has risen to the challenge of providing safe care through online telehealth pt video appointments. these are interactive sessions, where deena listens, provides guidance and watches closely as you try out her recommended exercises. she has a keen eye for physical movement, even via video. it is a quality experience. the telehealth system she uses also provides an easy way to watch and do the exercises in your own time. my session with her was so successful i can imagine continuing this way even after this pandemic crisis is over."
382,382,5.0,0.1773,"pain, exercise, body, follow, pt, injury, physical, excellent, issue, run","covid-19 update! virtual telehealth pt is still really effective. deena has done such a wonderful job adapting to the rapidly changing situation regarding the coronavirus and social distancing. i set up some appointments with her to help identify the source of a chronic back pain issue and with a combination of carefully observing my movements through the web cam, deeply listening to me and offering very careful and clearly worded descriptions/demonstrations, deena taught me a lot about how i was making my pain worse and what to do to make it better. in addition to the one on one time with her, deena also sent some resources after my session to further clarify concepts and remind me of them long after our session was over. 
deena is really amazing and shares such a wealth of knowledge and experience with her clients, and does it all with such grace and ease. it's refreshing to work with her."
383,383,4.0,0.1011,"patient, doctor, medical, make, office, health, practice, review, provider, year","as a doctor, i would be happy referring my patients to deena for physical therapy! she is  knowledgeable, caring, upbeat, and communicates clearly.  she is also facile with post-operative healing, and had a really clear sense of my progress. she brings year's of experience from a dance and movement background, which allows her to many integrate dynamic exercises, especially compared to other pts i've worked with. deena also works with telehealth and can see you in the comfortable of your own home. i recommend her highly!"
384,384,13.0,0.1452,"zoom, great, class, good, amazing, set, home, move, provide, forward","alison is the absolute best! i've been seeing her for almost 5 years and cannot say enough positive things. she's treated me for everything from back and hip pain to sleep issues to stress relief. between the ""acu-therapy"" that kicks off each session to the acupuncture and cupping, she always cures what ails me. alison is super knowledgable and always has helpful advice and insights. thoughtful, warm and funny, she remembers every detail that you tell her and always checks in to make sure you're doing okay.  

she's also been an amazing resource during the quarantine, suggesting helpful supplements and walking me through at-home solutions during our zoom calls. 

i highly recommend booking an appointment with her, you'll be in great hands!"
385,385,9.0,0.0821,"visit, time, doctor, virtual, experience, follow, fact, hard, person, worth","dr. shu has been my pcp for a few years and i have not been impressed by anyone else like his services. when i had a urgent matter to be attended, him & his staff accommodated me in no time. i recommend david shu to anyone and his clinic has parking which is great. and during these tough times, they do video and phone visits too!"
386,386,17.0,0.1796,"call, insurance, phone, charge, pay, appt, receive, bill, horrible, today","very disappointed in the customer service i received from blanca. i called last week after hearing good things about this office and wanting to inquire about pricing for the bbl laser. i was told they couldn't deliver prices on the phone without a consult-- so i was scheduled for a virtual zoom consult with the rn cory today at 10am. i was told i would receive an email prior to my appt with paperwork-- never received this. so i called the 3 numbers listed online for over 30 minutes consistently yesterday and no reply-- no voicemail either. i called back today at 10am (my appt time) and spoke with blanca again. i explained to her i have an appt (zoom consult) beginning now and how to proceed. she said cory is running late and will send me an email-- no problem. i informed blanca i never received the original email with paperwork-- from which blanca said that since i never received this i can't have my consult (that i waited a week for). i explained i can quickly send over paperwork so i don't have to jeopardize missing my appointment, from which she said she was unable to provide me. she then said she can just book me out another week to have this consult because i never received the paperwork. i continue to say and advocate that i wanted to keep my appointment that i waited a week for and i am happy to send over quick paperwork until my appointment time that had already begun. i also explained to her that i called numerous times yesterday and was unable to reach anyone and unable to leave a voicemail. from what she responded ""we've been very busy and our phones are ringing off the hook, sorry we can't get to everyone"". 

then she said i couldn't have my appt today because she never received the photos and would need to push me out a week. i responded back by saying that i can easily be seen by my own dermatologist who also performs this procedure but i just wanted to establish a relationship with a plastic surgeon in beverly hills, from which she responded that she would recommend i see whoever can fill me in today even if that's my current provider.

for an aesthetic, nonessential business that has been closed for two months secondary to the coronavirus, i'm disappointed by the lack of effort and importance this office is placing with new patients that are seeking to provide this company with business. they should have made an exception and allowed me to proceed with my zoom call and my consult rather than dismiss me because they are ""too busy"" and advise me to go out swear if i can't meet their deadline.

i had an appointment and i was blown off.

i will never give this office my money or business. 

do better."
387,387,8.0,0.0907,"call, wait, doctor, day, minute, appointment, hour, time, receive, message","i had this cyst on my eye the size of a chickpea and looked like quasi motto for 3 weeks. during this coronavirus mess, all i could do is go for emergency to an eye dr who prescribed drops and 2 zpaks. that didn't work then it was a telehealth doctor over the phone telling me to take the prednisone he was prescribing or i could lose my eye?! i took that and gained 10 lbs (last thing i needed!) then i was referred to an opthamologist who said she could only see me telehealth due to virus. i explained ive done that and its critical but she insisted. i then called advanced dermatology and they got me right in. i saw david the pa and he injected it with cortisone and now its only 1/4 size thank god!!! megan was a doll too . the staff was cordial so even though they are busy they are on top of their game! thank you david !!!"
388,388,15.0,0.0894,"session, telehealth, work, easy, therapist, helpful, continue, highly_recommend, offer, therapy","due to covid-19, i had to have therapy via telehealth. i was feeling anxious about this new process. my 1st session was amazing. dr. sarah was amazing. she listened to what i was saying and came up with a plan to help me not feel any more pain. she is compassionate and really knows about the human body, as well knowing how to effectively communicate through telehealth.
i would request her 1 million times!"
389,389,4.0,0.0931,"patient, doctor, medical, make, office, health, practice, review, provider, year",horrible office. horrible hours. horrible customer service. would give lower than 1 star if i could. incompetent doctors who don't care about their patients. video chat appointments are a joke. doctors straight up lie to you. this place needs to be sued for medical malpractice.
390,390,7.0,0.1383,"check, nurse, facility, room, minute, place, hour, staff, leave, happy","clean, caring, attentive staff and facility. the nurse questioned a medication that the hospital ordered for my mom before transferring her. it was not appropriate for her condition and had many side effects. i was not told at the hospital that she was put on that drug. the nurse at rivergate was right to talk to me about it. very covid-19 compliant and extra careful for the patients and staff. no visitors on mother's day, but video chats and the staff distributed chocolate covered strawberries to the patients as a treat to those who could have them. mom is so happy with her care. a+++"
391,391,13.0,0.175,"zoom, great, class, good, amazing, set, home, move, provide, forward","with covid-19 shelter in place orders, barefoot movement is doing virtual classes with zoom.  i've taken 3 and they are great.  my daughter who lives in new york was able to join a virtual class with me, so fun.  thanks barefoot for stepping up and helping us to get through this crisis!!"
392,392,13.0,0.137,"zoom, great, class, good, amazing, set, home, move, provide, forward","completed an online zoom class and it felt as engaging as an in-person class. i loved that the instructor, leonora, welcomed us into the zoom by name which created a nurturing environment for those of us who aren't regulars to the studio. the flow and pace of the class was not difficult to follow and she included a variety of different modifications which i appreciated it. i enjoyed it and would consider attending another one in the future."
393,393,17.0,0.1416,"call, insurance, phone, charge, pay, appt, receive, bill, horrible, today","found the practice through my insurance website. sent an email and got a call the next business day which was nice. 

don't know the woman's name who called to set up the appointment but the rudeness was unforgettable. i agreed to the telehealth sessions for now and provided my insurance information and all contact info. she asked for a credit card because if you cancel within 48 of the appointment, they'll charge you $75. 

before i gave my card info over the phone, i just wanted to verify my copay amount via insurance. she was not sure what the copay would be and gave me a guessed number. i kindly asked if she could get the exact number so i didn't have any surprises, she gave me an attitude and said she'd have to call me back, i agreed and as i was even saying thank you to her, she rudely hung up on me and i never received a call back.

very upset with the lack of compassion and professionalism"
394,394,7.0,0.0699,"check, nurse, facility, room, minute, place, hour, staff, leave, happy",this is a horrible facility. i had an appointment at 1 on telehealth. no one shows up till 1:40 pm. this lady does not introduce herself. i ask her if she is dr ramesh. she said no and was asked to come in. i asked where is dr. ramesh and she mentioned that she is with other patient. i just left as i didn't want to go through further.
395,395,16.0,0.1354,"people, place, talk, make, happen, hope, speak, woman, client, center","honestly, i really am a fan of this place--it was recommended by my therapist and i've been going here for over a year. decided to finally write a review because i noticed the current reviews are not reflective of the service i've had. 

finding a good psychiatrist in nyc was actually really hard for me--kept running into people who didn't care or didn't seem to really know their stuff. and so, for me, finding a place where they give you a 30 minute appointment instead of the usual 15, in and out, was a relief. i feel like my psychiatrist finally knows me and gives a dang about me. 

i did have to switch psychiatrists halfway through, which was sad, because my first psychiatrist left to do her own practice, but my new doctor--dr. white eased my worries right away with her warm manner and genuine care.

now that the coronavirus crisis is ongoing, they've switched everything to telemedicine--they did so pretty much right away when nyc business were still open; i was impressed with the quick response. and honestly i hope they continue to make this available as an option afterward. generally easier to fit into my schedule, though i think it's nice to come in person every so often.

seems like people are turned off by their billing policy or had random issues? i've never had an issue. and like i said, it's been a year at least. i can only hope they've resolved whatever the issue was."
396,396,4.0,0.1143,"patient, doctor, medical, make, office, health, practice, review, provider, year","i wanted to share my experience with this office- i am still floored & in shock. this was weeks ago & while i definitely understand things are a bit crazy with current circumstances, i had submitted forms to this office months ago in order to get my child evaluated for some things which were required for his school. i was told to have both parents & 2 teachers complete the forms and then submit them to a physician, who could discuss or make a possible diagnosis. i spent quite a bit of time & effort having everyone complete these forms. i submitted them months ago, in addition to being in ongoing contact with the office to schedule the appointment. when i got on the zoom call with dr. marceny, the first thing he asked was how he could help me. um, excuse me??....not only had he not prepared for the appointment, or reviewed the forms- he could not even find all of the forms. there is absolutely no excuse for this kind of complete & utter incompetence. i was shocked, saddened & disappointed to be treated with such disregard. and the only thing this bozo could say to me was ""sorry i can't help you with your needs.."" really?! complete bs. i will be making a complaint to the state board."
397,397,6.0,0.16,"doctor, give, day, symptom, eye, sick, put, medication, antibiotic, explain","long and lengthy but honest review:


results at week 1: 
today marks one week that i got prk eye corrective surgery and i am in the office for my first vision check with dr. law. she is amazing, kind and extremely knowledgeable. i asked her several questions and she was able to give me exact and detailed responses without me feeling rushed in any way. she preformed my eye exams twice. before removing my contacts and again after they were removed. my appointment lasted about 20 minutes and was over before it was even scheduled to start!(since i was early) i learned that my vision is at a (blurry) 20/25 and i was also cleared to drive. that's amazing improvement and i'm very pleased with my results thus far! 

for those worried about getting surgery during a pandemic: (because i was too) 
the office does a great job with cleanliness. there are very few patients in the waiting room at the same time, everyone sits at least one seat apart and they take your temperature as soon as you walk in! they are only allowing patients in the office and any family is asked to wait outside. they offer seating and the downstairs lobby also has a seating area if you wish to wait. (i live very close and always just got dropped off and picked up.) they also have lysol and hand sanitizer everywhere and definitely keep all areas very clean. everyone wears a face mask at all times and all fully cover their mouth and nose. covid-19 doesn't stand a chance! 

about the staff:
i've got to admit, i was very nervous about this surgery and still do not have crystal clear vision but the staff here is just amazing. they are so kind comforting, and welcoming. the doctor that preformed my prk surgery was dr. january and he is just amazing. the staff morale is above par, and it's clear that everyone not only loves their job here but they also love each other! i loved seeing them interact with one another in such a friendly yet professional manner. 

communication with the doctor is super important:
first day i met dr. january he gave me his personal cell phone number & he actually answers very promptly! i sent him texts with questions before surgery and i always got very prompt and detailed replies that made me feel more comfortable and always fully answered my question. after surgery my mom called him on a different phone number, on a sunday morning, and he answered right away. that definitely won over my moms heart and comforted her a lot(and she's never met him).  just goes to say this doctor really cares and is here for all of his patients, and i've never seen this down at such a high level before. there is no lack in communication at this office which is 10/10 in my book. 

about prk:
(i'm not a dr this is my general knowlage) 
prk is different from lasik in that there is no ""flap"" being made on the cornea. instead, the top layer is painlessly brushed off before being treated by the laser and then they put a prescription-less contact lens in your eye. this is less invasive than lasik but does have a greater and more painful recovery time. (pain only lasts about 2-3 days) there are other pros & cons & i recommend researching it, or asking your doctor about the differences. 

my statistics:
my left eye was at -3.5 and right was at -4.0 with astigmatism. i'm 23 years old, am a masters of accounting student and i am taking an online class through out all of this. (and live & home) 

my personal experience: 
(everyone's eyes are different & your experience could differ from mine!)

day 1 i didn't feel much pain and even managed to finish up a little discussion for school before sleeping the rest of the day. (don't recommend using a computer that early on but i didn't have a choice) my most painful days were days 2(night) till day 4 (morning) & i slept a majority of the day though days 1-4. (if i wasn't sleeping i stayed in a dark room and would ice my eyes & listen to music or funny podcasts) the xanax they gave me honestly didn't work and i had to resort to taking other medications that did give me great relief! the ""pain"" for me was a constant burning feeling and was more bothersome and annoying than ""painful"". but once it's gone, it's gone. by day 5-6 i would get headaches from straining to see because of my blurry vision but it's normal and extra strength tylenol helps a lot!! 
i recommend taking 5-7 days off of work/ school for less stress and so you can give your eyes the best ability to heal (my personal opinion) but by day 5 i was already comfortably looking at my zoomed in computer screen. i have not experienced any dry eye issues yet, and am very good at keeping up with my drops."
398,398,15.0,0.16,"session, telehealth, work, easy, therapist, helpful, continue, highly_recommend, offer, therapy","evolution pt has taken telehealth to a new level! i have had the opportunity to witness the staff in person and now, because of covid, over zoom video conferencing. they are rocking the online interactions! scheduling is super easy and the physical therapists are thorough and attentive. i have seen dr. kathleen oneill pre-covid and now online through zoom and she has continued to be a true professional, always on time and with a smile. all recommended exercises are emailed to you after your online session and the pt's are avaliable for any follow up questions you may have. i would highly recommend evolution for any needs you might have during the covid stay at home order."
399,399,15.0,0.1146,"session, telehealth, work, easy, therapist, helpful, continue, highly_recommend, offer, therapy","due to the isolation/ shelter-in-place, the telehealth option offered by evolution pt is the only alternative to help me to recover from my two wrist fractures. i received the same care from dr. ortega via online, as i would've in the clinic. she was very efficient and precise, she demonstrated each step to make sure i repeated it correctly. i highly recommend everyone to give it a try. i can't wait for my next telehealth appointments in the next few weeks, and to continue seeing improvement even while at home!"
400,400,13.0,0.2448,"zoom, great, class, good, amazing, set, home, move, provide, forward","mirko turla is an exceptional pilates instructor. i've been his student for about one year at ""pilates of pasadena"".  whether it's using a pilates reformer or the mat, mirko's instruction is superior! he provides excellent verbal cues and explanations that ensure his students are doing all movements correctly and are receiving the best possible workout. even with the recent quarantine restrictions, mirko has continued to offer his mat classes via zoom ensuring that his clients are able to maintain their physical fitness and mental health without interruption -- so impressive and very much appreciated!"
401,401,13.0,0.26,"zoom, great, class, good, amazing, set, home, move, provide, forward","had a wonderful first time zoom pilates mat class on 5/21. thanks to my bestie dl for treating me to this great experience. mirko the instructor was super friendly and very upbeat. i felt stronger today! given that i live in crestline and the studio is in pas, it was a great way to participate!"
402,402,13.0,0.3794,"zoom, great, class, good, amazing, set, home, move, provide, forward","i've been doing mat pilates for years, but ever since working from home the past 2mths, i've come to really appreciate mirko's virtual mat pilates classes. the ease of signing on to his zoom classes keeps me logging on, but what keeps me coming back week after week are the results (less back tension, more flexibility, and -yes- stronger core/glutes/thighs that are sore in the best way possible). this is the re-set my body needs after working 8-6 in my home office. the precision of mirko's instruction/imagery cues is quite possibly as effective as tactile ones. each class is different but you're guaranteed to be challenged and feeling energized. all this wrapped in both humor and encouragement (he's there doing all the exercises along with you!) is what keeps me going from start to finish. highly recommend you give mirko's zoom pilates classes a try!"
403,403,9.0,0.101,"visit, time, doctor, virtual, experience, follow, fact, hard, person, worth","this review is for the terrible and incapable ""office manager"" kimberly lowrey. not only is she an embarrassment to the clinic but a poor representation of the good quality care some of the doctors provide.

let's just see how poorly kimberly is qualified for this position besides her lack of experience and her egoistical belief she is the physician who can make decisions

during corona virus time kimberly and her office staff failed to notify us they wont be seeing patients in person. she claims they called my number, which was listed as the point of contact for my disabled father several times. a clear phone history will show i was never called nor left a voicemail. 

when it came to providing the link to connect with the doctor via video chat she gave the wrong link. as an office manager she cant communicate to patients.

i yelled at her for being so careless and then she claimed she would not even see my father. (she doesnt have the power to make this decision as a measly incapable office worker). 

she should probably learn the legality around patient abandonment and understand her career. i wont be surprised if she is working at my next door safeway as a grocery bagger soon."
404,404,18.0,0.1975,"recommend, month, year, week, son, surgery, kid, job, procedure, sleep","just had my second post-op visit, but lets start at the beginning. 

my least favorite thing: my money. $150.00 consult. maybe sometimes they run promotions, i don't know. if you're going to pay a fee anywhere, make sure it's here. pro tip: save dr. linville for last after you do all your free consults. they apply the one hundred and fifty to your actual procedure!

i did 5 total consults but i started with dr. cain linville, near the beginning of the stay at home order, so my consult was virtual. *embarrassing* 

he came highly recommended by 2 friends. then i had a chat with a girlfriend who had a full makeover through another office, she said in retrospect her only regret was not getting other consults. i went and had 4 additional consults, some virtual and some in office but all free.  

from day one, when kat was in on my virtual visit, she has been in constant contact with me. she was aware i was scoping out the competition and was not in the slightest resentful. even when i was taking her own time with my additional questions after the fact. i made a last minute request from wanting to do this procedure in december to stat. 

kat made miracles happen as everyone was telling me they were booked until the end of june. dr. linville worked his own miracles on my body. he took his time with me on our virtual visit, on our in office pre-op visit, plus the time right before surgery marking me up, and answering any last minute questions i might have. i am ecstatic with my results and i still have a few more weeks of swelling. 

post-op i have had great care, two additional visits to his office. his entire staff is pleasant buy mayra has reassured me in all my post-op emergencies. given great advice and taken great care of me. 

i am ready to move on some additional procedures, and i won't use anyone but dr. linville's office.  now on the orders of dr. linville's staff member kat, i'm off to have a great day with my fabulous body!"
405,405,15.0,0.0845,"session, telehealth, work, easy, therapist, helpful, continue, highly_recommend, offer, therapy","i just finished my first appointment on doxy.me with dr. bassett and her p.a., stacy. it was excellent and easy to navigate the technology. if i had any questions, stacy called to confirm the appointment and answered them. 

i am a 70 year old woman who was late to join the computer age!!! if i can do this, anyone can. 

i live on whidbey island and the telemedicine appointment was so much safer and easier than driving to mill creek! thanks dr. bassett and stacy!"
406,406,5.0,0.0972,"pain, exercise, body, follow, pt, injury, physical, excellent, issue, run","i woke up one morning with my right hand balled into a fist that could not be opened.  i immediately reached out to andy at spear physical therapy - chambers who immediately jumped on a zoom tele-health screen and helped me remotely to unjam my frozen right hand.  andy then went on to figure out that the issue was primarily the middle finger being stuck and he quickly came up with a treatment plan including tele-health sessions and a set of exercises that has already helped me a lot.  andy also carefully explained the problem, shared on his screen diagrams of how pulleys in the hand worked and followed up to check if i was doing the exercises and how they were working out.  andy made me feel so much better about the process and allowed me to be optimistic that his care plan will help me get better.  thank you very, very much andy -- well done, well done!!"
407,407,1.0,0.2437,"life, work, find, plan, month, year, change, program, live, home","pandemic who?? stay fit while at home and keep up with your health goals. analys facilitates at home workouts via zoom, which simplifies my life beyond what i mention in a review. what used to block 3 hours of my day, i can now do in less than 1. instead of having to get myself and my kids ready, taking them to a babysitter, driving to the gym and getting to work out to then have to drive back to get the kids and then home, now, i can plug in to a phone call with other likeminded individuals and get all that done in one! i am so grateful that a program was created to keep efficiency and wellbeing achievements going. it is affordable and doable and leaves little room for excuses! check out the link to her site and sign up for at-home fitness or schedule personal training classes at her very own gym :)
there's options to justify all schedules so it all depends on how serious the commitment to your own inner and outer form is. come one come all! try her out you have nothing to lose and all the greatness to gain."
408,408,12.0,0.0974,"appointment, office, schedule, phone, patient, telemedicine, email, cancel, due, receptionist","they have canceled several appointments on me without warning. i actually showed up for two of them and the receptionist was like ""umm....oh yeah, the doctor is not here today. didn't you get the message"" really? also, went in to see a doctor about some basic medications and she didn't know what they were and had to look them up on her cell phone! i have since found better care but i did not have a good experience here. also, had the misfortune of dealing with barton smith on a telehealth call. very unprofessional and uncaring. didn't even review my medical history or ask any questions. so happy i am getting treated elsewhere now."
409,409,17.0,0.1878,"call, insurance, phone, charge, pay, appt, receive, bill, horrible, today","i'm actually surprised about some of the reviews i'm reading for apria healthcare. my experience with them is nothing but very positive. i have been using a cpap for more then a decade. i was in need of a new cpap machine, contacted my doctor, had a virtual visit and ordered my new machine. the order came through apria healthcare. when i received my machine i was having some issues with my new headgear and called customer service. first - very professional, listened to what i needed, got me to a tech that walked me through properly adjusting  the headgear. he then said to try this out that night and he would follow up  the next day. i received that follow up call and told him it was better but still not comfortable. he asked me some questions and suggested another style. the next day i received the new headgear, tried that one for a couple of nights..... better but not 100%. i called again and he suggested another headgear, received that headgear the next day and this one was 100% perfect. the tech's name is tara and i could not have asked for better service..... by the way there was no cost for getting the additional headgear that worked for me. again, i have over decade of experience and know what i need. i highly recommend apria healthcare."
410,410,2.0,0.1561,"issue, time, extremely, make, service, concern, friendly, kind, person, super","dr. nussbaum introduced me to telemedicine through his insight life care platform. the experience was phenomenal. i was seen to discuss my asthma symptoms, medications, and treatment plan as covid-19 first started making headlines domestically. 

dr. nussbaum and the insight life care platform were easy to use, extremely convenient, and one of the best routine physician appointments i have ever had. dr. nussbaum spent an abundant amount of time, answering my questions, assessing my needs, formulating a game plan, and treating me as a person of value and importance. his knowledge, compassion, empathy, and professionalism have me a sense of genuine calm and understanding about my situation and how to manage the symptoms and ever intensifying risks associated with the 2020 pamdemic.

i highly recommend breaking from the normal doctor's appointment routine and try teleheatlh with dr. nussbaum. i promise you won't regret it. to be frank, you will likely regret having not done it sooner."
411,411,9.0,0.0938,"visit, time, doctor, virtual, experience, follow, fact, hard, person, worth","shortly after posting my initial review, the practice became willing to approve my prescription for an additional 3 months without another appointment. my son did a telehealth (video) session with the doctor, who was thorough in explaining things to him, and was generous in extending the duration of his acne prescriptions. thanks to braun for greatly improved patient experience and to yelp for expanding the reach of a person's voice."
412,412,10.0,0.1102,"care, staff, covid, family, professional, due, physician, great, understand, provide",i had a great experience with dr. ginsburg. he and his staff were very friendly and helpful especially during the covid-19 pandemic they utilized video conference to protect me and his staff. he was extremely caring and concerned. i would definitely recommend him.
413,413,6.0,0.1191,"doctor, give, day, symptom, eye, sick, put, medication, antibiotic, explain","update: i had a telehealth visit on the uchealth app.  you can see the doctor and she can see you!  you discuss what is going on, questions and concerns!  i am having a rough allergy season, but since this is the covid19 time, my little cough was concerning!  we walked through all the allergy symptoms versus the covid19 symptoms.  we discussed where i had gone outside my home and the precautions i had taken, who i knew with the virus and where they were located.  dr. barton was very thorough!  in my job, i will soon be back in doctors' offices, and i expressed my concern that i could be infected.  my symptoms, i knew and she knew, were consistent with allergy.  out of an abundance of caution, and because i would be back in doctors offices for my job, she ordered a covid19 test.  i didn't even have to make an appointment, you just drive there, they check the order, you get tested in your car, and go on your way!  that night i had results on the app!  woohoo!  negative! 
about the app--one of the best apps i have ever worked with!  appointments, notes, lab results are all right there at your fingertips!  i read the notes from my visit with the doctor, and wow!  so thorough!  highly recommend dr barton and this highlands ranch office!

the most relaxing visit to a doctor that i have had in a long time!  i recommend dr. kari barton.  check-in was seamless and you can get an early appointment here.  i arrived at 6:45am and went into the exam room by seven.  i like this because i don't have to be late to work!  i was finished and went to grab a quick breakfast before my first appointment.  dr. barton took a thorough history and she didn't rush me.  establishing as a new patient in her practice is easy and pleasant.  she is calm, doesn't rush you.  she is interested in what you tell her about your health, family, and any problems you are having that might affect your health.  if you are sick of being a number, give dr. bart"
414,414,7.0,0.1061,"check, nurse, facility, room, minute, place, hour, staff, leave, happy","when you need to get your meds refilled during a pandemic and your usual doctor hasn't been in his office for months, you need to start looking for other docs. they're pretty open to your needs and very helpful. i had to download a hipaa app to video with them and then we had telehealth appointments. i even did a coronavirus antibody test with them and drive to laguna to get my finger pricked. i was negative but i was looking for answers. these people are happy to give you answers."
415,415,8.0,0.0945,"call, wait, doctor, day, minute, appointment, hour, time, receive, message","i visited a doctor through zoom and didn't have insurance and was almost charged $600 for a 10 minute talk w a doctor. i suffer from cluster headaches and they gave me medication for four days and refused to give me any refills. i went into their clinic in redmond and spoke with the receptionist and explained the situation and she responded very rudely to me. this place showed no compassion to me whatsoever and just provided a four day long solution and refused to help me anymore. don't waste your time and money here, they don't deserve it. i would highly recommend family choice urgent medical in bend, they actually care and try to provide solutions."
416,416,18.0,0.2097,"recommend, month, year, week, son, surgery, kid, job, procedure, sleep","i had trimalleolar  ankle fracture which required surgery to fix it. i decided to see dr talarico for my problem after reading some of the yelp reviews, but  i was not sure what to expect. when he told me that i had to wait 2 weeks to get the surgery, my initial reaction was disappointment and maybe some anger as i wanted my ankle fixed at the earliest. but i was wrong and the wait helped my ankle swelling to go down and dr talarico's surgical team did an excellent job in repairing my ankle fracture. i received very good pre-op and post-op care at the fremont surgery center. dr talarico has made few follow up calls on zoom to check on my progress during this covid-19 shutdown. now it has been 9 weeks since my ankle surgery and my recovery to get full mobility is on track. i am really glad that i had dr talarico as my surgeon as a few of friends have asked how my recovery is so quick. thank you doctor for all your help in my path to full recovery. 
i would highly recommend dr talarico for ankle related problem for he knows what he talking about and he does not sugar coat the diagnosis or the recovery time period."
417,417,0.0,0.1032,"feel, make, love, experience, couple, start, anxiety, ease, team, share","i've been taking my son alec for a couple years to allergy & asthma associates of southern ca for a couple years now for oit. they have always been so accommodating and ready to answer any questions. audi is our go to guy and always so helpful and a pleasure to see! 

dr. carr is a wealth of knowledge and so kind, clear, and concise! i'm due with my second baby in the next couple of days and have been bit apprehensive regarding the pandemic and what that means for a child who already has allergies and potential risk for a newborn. he was kind enough to do a telehealth appointment with myself and husband today so that we didn't have to go in! never have we felt rushed or have any of our questions gone unanswered. 

i highly recommend this office, staff, and dr. carr for anyone who has allergies!"
418,418,12.0,0.1458,"appointment, office, schedule, phone, patient, telemedicine, email, cancel, due, receptionist","along with the other comments below, i'd say dr. carr is amazing!
he really takes his time with you, explains everything, is very thorough in his practice.  i'm truly glad we found him.  

unfortunately, this place needs to turn over the front staff and the ones who take the phone calls. we had a prescription called into the pharmacy and it had to be verified with the office. it took 3 weeks to get that prescription figured out. 3 weeks while my toddler was scratching her skin until it bled every night. i kept calling the office and the girls who answered, seemed confused as to what to do.

then today, i asked to change our appointment regularly scheduled at 3:30pm to a telehealth appointment.  they stated they would call me back and let me know how and when that would happen. no call and it's 3pm.  i have to call them again, and find out telehealth is only with a pa, and the next available appointment with the doctor is 7 weeks out. knowing that before, i wouldn't have cancelled my appointment. poor communication.

i would hate for an amazing doctor to have such bad reviews based on his office staff. i hope they take this into consideration come annual evaluations. more training is definitely needed, with a focus on customer service."
419,419,5.0,0.1105,"pain, exercise, body, follow, pt, injury, physical, excellent, issue, run","telehealth pt is amazing! being in weird undescribable pain post-surgery, i was dubious about tele pt, but with covid i didn't have a choice. despite my weird camera angles, justine was able to adapt my exercises, reassure me on the things i was doing right, and diagnose lingering nerve irritation over video (that had hurt for the last month and was keeping me on meds). i told her i had low expectations, but within 2 days that pain was gone! i'm thinking i should have been doing telept with my work travel schedule for years. i can't say thank you enough to these guys for throwing together telehealth so fast and for being so good they just have to look and listen in order to help out."
420,420,12.0,0.1579,"appointment, office, schedule, phone, patient, telemedicine, email, cancel, due, receptionist","i would like to know how many of their patients have or have died from corona virus. we had not been able to see my father in law for over a month due to the virus. 
some how he contacted the virus and eventually died from the virus. 
prior to his death we also tried several times to do a virtual visit and no one would call us back to make that happen."
421,421,18.0,0.075,"recommend, month, year, week, son, surgery, kid, job, procedure, sleep",matt is the ultimate professional that is looking to help you get better faster. video conference options with a nice gym in kc. highly recommended.
422,422,15.0,0.118,"session, telehealth, work, easy, therapist, helpful, continue, highly_recommend, offer, therapy","as someone who's had experience with many therapists, i wholeheartedly recommend paul as the most effective and impactful i've encountered. 

due to busy schedules, paul was accommodating enough to see us via zoom. being remote had zero impact on the effectiveness of therapy. highly recommend!

paul, my partner and i are eternally grateful for your genuine care and attentiveness throughout the process. emft works!"
423,423,4.0,0.0787,"patient, doctor, medical, make, office, health, practice, review, provider, year","i tried heart-centered counseling's new tele-mental health platform, and i recommend that to anyone who has a busy schedule. the remote option allows you to see provider at a flexible location. you get a link from your email and access to the video conference. i have been using telehealth communication at another health clinic for about half a year. i think the system that heart-centered counseling of littleton employed would fit patients of any age. 
besides, friendly staff who explains patiently with any troubleshooting issues you came across."
424,424,15.0,0.1032,"session, telehealth, work, easy, therapist, helpful, continue, highly_recommend, offer, therapy",during our 'safer at home' time i'm finally getting physical therapy for a shoulder problem i've had for half a year.  the telehealth sessions have been great.  it's super convenient and productive.  i highly recommend debra and her office.
425,425,12.0,0.0869,"appointment, office, schedule, phone, patient, telemedicine, email, cancel, due, receptionist","he is actually very rude and hangs up on clients. his sessions are hurried into 40 minutes and he does not call on time. there is no zoom meeting as promised. he is presumptuous and thinks he knows you after a few sessions. a true psychologist should have a phd as well. the whole last session, all he suggested was to go on a date, which is impossible during the covid19 pandemic."
426,426,7.0,0.2604,"check, nurse, facility, room, minute, place, hour, staff, leave, happy","i am a fan of ucla mostly the thousand oaks office since​ its close to home. i needed to get in with a gi dr. i ended up doing a zoom with a gi and we got the ball rolling coming to find​​ that i need a upper endoscopey and labs done. they got me in with the nutritionist​ and the labs super fast. because​ of covid,​​ they require​ that i have a test done. so that was easy but super painful. the doctor that i really wanted was not available​ until​ july but then i end​ up getting in with her. after the call,​l  have the procedure​ planned. we got a call the day before​ and knew where to go. upon arrival​ at the hospital,​ parking was kinda hard. we got inside because​ of covid​ they would not let my mom come with me. after i have any procedure​ with the​ ​anesthesia​ medicine​ i do not remember​ anything that happend. the whole proscces was kinda rushed for me i was passed to so many different nurses and rooms. now i have had surgey at ucla places before and they were way different and much calmer. they thought that my vitals​ where kinda off. well,​ i am super scared and worried as well as they coverd me with a lot of blakets. i was so scared that i just wanted to cry and run away. the nurses only came in and stayed for a sec and left me with so much confusion. at the other place​,​ they have one nurse that does all preop,​ and then you meet the team. much more relaxed. i finely get to meet my doctor that was the first time i was not scared. they finally​ got me in the room and the anesthesiologist​ could tell i was scared and got me to laugh a little. they all gathered in and start talking. the nurse started getting me in the right position​ and then it made me more scared​ and i started​ to panicked​. thankfully my amazing doctor connolly come over and held my hand as i fell asleep. when i was done it took me along time to wake up and the nurses​ were kinda worried that i was not waking up as fast as everyone​ else. they finally​ got me up and dresses and then i was on the way home. now wating for the results the endoscopy​ it was not horrible​ my throat​ is sore and i have to cough alot and the anesthetic​ is still in me 24 hours later but on the mend. surgery​ is not easy and kinda scary even for adults. just think if you never had done something before would you be scared​ too? i am very happy that my doctor was there and help make it way easier​ for me to get through​ it and made it less scary."
427,427,1.0,0.1374,"life, work, find, plan, month, year, change, program, live, home","if you're serious about losing weight, this program is no joke.  

i am doing a reboot after the first time around losing over 40 pounds. i was able to keep that off for four years, then i got too comfortable andi made wrong decisions. 

a couple weeks into this, my energy is off the charts and the weight is falling off. my brain fog has lifted, i'm in ketosis and my mental state has dramatically improved. i've been on many other programs and failed because my cravings we're more than i can bear. with ip, my cravings have diminished, it feels good, it was a no brained. 

the support you get at ip is phenomenal. renée knows her stuff and is your personal cheerleader. she is available, present and the real motivator behind your success.  

we have one on one personal zoom coaching meetings which has been instrumental to my progress so far. convenient and easy,  right in the comforts of your own home.  ip also delivers the food, so no leaving your house during shelter in place.

thanks renée and judy for making this an easy program to follow during shelter in place."
428,428,2.0,0.1255,"issue, time, extremely, make, service, concern, friendly, kind, person, super","dr. witman has been my doctor for nearly 20 years.  i started with her when she was at scripps clinic, and now see her in her own private practice in carmel valley.

things i love: her staff is so friendly, she is always available to answer issues either in person appointment, via video conference (yes, i use that and it's super easy), and even after hours (yes, i have needed that, too).  i have a complicated medical issue, systemic sclerosis, and dr. witman seems to know as much or more about the complications as the specialists.  

the most important thing she does is listen.  for example, i would not have treatment for my current serious complication if i had gone only to my heart specialists.  when i felt dismissed, dr. witman listened and worked even harder to find the answer.  

i cannot recommend a doctor more strongly.  she is competent, kind, super smart, willing to work and research unusual conditions... and is currently running a field hospital (as she does when needed for national and international disasters) to serve others.  her heart is always in the right place, and is backed up by her encyclopedic brain."
429,429,15.0,0.1596,"session, telehealth, work, easy, therapist, helpful, continue, highly_recommend, offer, therapy","in these difficult times with the coronavirus we can not be more appreciative with the opportunity to have telehealth through our therapy center at carrico and with our therapists. we feel bless to have ms. jasmin rios (pt) and ms. kali france (ot) as our son's therapist.  they are both professionals, knowledgeable, and dedicated therapist.  we can not thank both therapists enough for their help, support, and patience in explaining how should we move or work with our son in a safe manner.  both therapists offer us a unique way of modeling the exercise or activities that makes it esay to follow and not feel pressure or stress. thank you!"
430,430,3.0,0.1395,"prescription, medication, refill, bad, state, order, pharmacy, med, problem, contact","my sister and i had an appointment on 4/1/20, and compass health even called my sister confirming the appointment using their automatic voice greeting calling center asking to press 1 to confirm.  they're also advertising opened in both yelp and google.  when both my sister and i got to the office, they were closed with a sheet on the door telling their patients to call via telemedicine and call 888-852-6672 due to coronavirus. when i called them as i was driving home, the operator said to me that my appointment was for the 4/2/20, and my sister was for 4/1/20. which ironically, i still didn't get their call canceling or notifying me about the telemedicine 4/2/20 appointment. in any case, they made us drive over to my sister's appointment on 4/1/20 without informing her of the office closure.
 
he stated they would have a supervisor call me back, and here we are 24 hours later, no return call.  it's like they don't even care.

i sure they're going to try to bill all the insurance companies as they treated their patients, which they never did.
 
i don't understand how could a mental health clinic and psychiatrist could be so insensitive towards their patients, letting them drive or take the bus to their clinic, putting them in unnecessary exposure.

compass health systems pa  should be ashamed of themselves, knowing that other good honest health care-worker are putting their life to help others at this moment.

even with my sister in great need for her psychosis medication every 30 days and missing them put her in great danger. it's evident compass health systems pa  don't' care.

they even prescribed the wrong medications, prescribing me the wrong medications on 3/4/20, and charging my insurance. thank god i check the label before taking my meds. when i called them, they tried to blame walgreens pharmacy. they could of killing me prescribing the wrong medications for a condition i don't even have.

i just don't understand how could they treat their patient or anyone this way. 

i have attached a picture of the sign they have on their door

it's so wrong they treat people like this and psychiatrist supposed to be compassionate and caring. you tell me, and please ask yourself, does this sound like compass health systems pa  who's purposely exposing their patients by making them go to a close office like a compassionate mental health physician.

shame, shame, shame, shame, shame shame on you compass health systems pa"
431,431,9.0,0.1,"visit, time, doctor, virtual, experience, follow, fact, hard, person, worth","just did a quick telemedicine consult with dr eden, i wanted my cough for last week checked out, it was quick and efficient, she relieved my anxiety about covid19, and gave her recommendations and called in my prescription, all for only $50, very fair and efficient. definitely recommend it."
432,432,12.0,0.1151,"appointment, office, schedule, phone, patient, telemedicine, email, cancel, due, receptionist","usually, i am not one to go on yelp to disclose any bad experiences. 
 however, when a business continues with bad practices or is insulting, i feel the need to write a review so that it may possibly warn others.  

i initially made an appointment through zocdoc based on great reviews.  shortly after my appt was made, i was notified that i would be seeing the np.  i was fine with that, but the doctor should not have appointments available on the dates that she isn't physically at the clinic.  that's just a classic bait and switch.  

as the previous reviews mention, the office is quite pushy. they claim that it is to be as thorough as possible, but i was insisted on the vision exam, although i explained that i just got new glasses and an annual exam from my optometrist.  the ma just kept telling me that it was covered by my insurance but it was a futile test, as i left my glasses in my car.

by the time i saw the np, marilyn mennig, i have been asked to get a tetanus shot 3 times by the ma, which i refused.  i was asked again by the np to get the tetanus shot.  again i refused, which is when her attitude changed.  she told me, ""it also protects you from the whooping cough.  while you may not get that sick when you get it, you might be in a grocery store line and potentially kill all the children in line behind you because you decided not to get the vaccine.""  i was pretty annoyed at this point and just stated that i will check my records and get it if it has truly lapsed.  

the rest of the annual exam was quite awful.  every health concern i brought up seemed to be a hassle for the np and at one point, she even raised her voice at me.  however, marilyn attempted to maintain her professionalism and continued to speak to me in this sweet syrupy voice that was laden with disdain.  you guys know the type, passive aggressive.  i left the office and insisted that my follow up appointment be with the physician and physician only.  

several days later, i decided to cancel the appt altogether and go back to my regular primary care physician, who is 30 miles away, but worth going back to.  it was then that someone from the office attempted to get me back in the office.  she was pleasant, but again, stated that i did not want to return.  she followed up with me again several weeks later, trying to sell me on new vitamins that the clinic was carrying.  again, i politely declined.

fast forward to today, i received a bill from my insurance company for an office visit that i did not have on april 2. this is three months after my initial visit. i have never had a telehealth consult nor did i ever reach out to the office ever again.  i investigated further, and found an online message from the physician on their patient portal site for that date.  i messaged her back (on april 2) and clearly stated that i have been contacted multiple times by their office and that i would not be returning.  guess what? they initiated a message and charged me for an office visit! this is the last straw and i will be reporting a fraudulent charge to my insurance company. 

i know that the office reads yelp reviews so i certainly hope that this review gets your attention and you change your practices."
433,433,3.0,0.1503,"prescription, medication, refill, bad, state, order, pharmacy, med, problem, contact","my continual problem with this doctor and practice is their refusal to provide multiple-refill prescriptions without coming in every six to nine months for an office appointment.  even during the pandemic, despite dr. c screwing up my last script (giving me one 90-day rx), i have to make a telemedicine appointment, otherwise no rx.  tired of this pain-in-the-ass extortion.  i need a doctor in my corner, not in the opposing corner."
434,434,11.0,0.1162,"baby, give, support, child, pandemic, birth, hospital, daughter, thing, husband","so coronavirus is real and messing up my breastfeeding support journey. or so i thought. my little one has a tongue tie procedure earlier this week and i know i needed help exercising his new little mouth. i admit i was skeptical about a video chat. but it was so helpful! bryna was super helpful and knowledgeable. she hooked it up with resources to help with after care. she gave me pointers on positioning that no one else had told me. if you're looking for help, these people are great!"
435,435,2.0,0.0833,"issue, time, extremely, make, service, concern, friendly, kind, person, super","thank you, dr. george skandamis for offering telemedicine during this time we all find ourselves.  we are grateful that you were able to diagnosis brady's skin concerns via the shared images. we look forward to seeing you in person as a follow up once this all passes! we are all in this together!"
436,436,5.0,0.1308,"pain, exercise, body, follow, pt, injury, physical, excellent, issue, run","i was referred to dr. armin by my health care clinic in west hollywood. i'm used to going to cedars for my back and spine consultations, but i decided to give dr armin in a try. i've read some of the other reviews posted here and they are completely contrary to the experience that i had with the doctors staff. nancy, at dr. armin's office, was as kind, hospitable and responsive as i could ask for. she responded to phone calls and particularly emails with shockingly fast precision. 

in fact, nancy responded to emails both on the weekend and after hours. this is something i have never encountered with any doctors office or medical service provider. ever. she stayed in constant contact with me about getting me in to see the doctor, this time because of covid-19 via a telemedicine call. 

my first appointment with dr armin was thorough in that he asked a wide range of questions regarding my previous spinal health, going back almost 30 years. based on the information i gave him about my recent injury, he scheduled an mri which, being in a considerable amount of pain, happened within one week. after we received the mri results, nancy was quick to schedule a follow-up appointment for dr armin to review the mri with me. 

i have had spinal surgery, and have had chronic back issues for the best part of my life. i'm an active person and re-injure my back about once a year. this time was different, extraordinarily painful. the doctor reviewed the mri with me in a way that was completely and utterly thorough. we discussed each vertebrae and each disc. he reviewed the health of each vertebrae and each disc with me in detail that was almost exhausting, but it was extraordinary. he gave me a very clear and concise picture of the health of my spine, and gave me advice on how to proceed forward that was very clear. the medicine he prescribed when i first injured my back, and the follow-up appointment to review my mri seem to be completely on point. i am able to function with much less pain and for now, he said that he recommends i avoid any surgery. he recommended a wide variety of preventative procedures and that i stay away from my very favorite activity, doing sit-ups! 

his friendliness, kindness and seemingly genuine concern for the state of my health was quite refreshing. i did not feel like just another patient, or like a faceless person sitting in a waiting room waiting for 5 minutes with a doctor that rushes through his examination. i felt a genuine concern from him for the state of my health and the health of my spine.

i'm not usually moved to write reviews like this, especially one this long. but in the world of overbooked, over taxed, underpaid people, this doctor showed up for me as did his assistant nancy. that is rare and it's deeply appreciated!"
437,437,10.0,0.2594,"care, staff, covid, family, professional, due, physician, great, understand, provide","i am a physician who also has a family member at this facility and i am appalled by the way they have handled the care of my aunt in her dying days. i am very disappointed at poor care and lack of compassion and empathy by the staff at this facility. interestingly, my aunt was thriving when my family was allowed to visit daily and feed and clean her on their own.. now i understand that there is a global pandemic but this only leads me to believe that the care she was getting subsequently was sub par if the family wasn't there to suggest that the staff actually do their job. 
as my beloved family member has now reached her final hours, we are not even allowed to say our final goodbyes, through video calling for that matter. 
unfortunately, this is how we will remember the end of my aunt's life and the struggle we had to go through just to say goodbye. all thanks to lieberman nursing home... very unfortunate!!
as a physician, i have also been video conferencing with my own patients in other nursing homes and find it rather questionable that you don't allow family members to video conference their loved ones in your facility. 
i hope that this facility can change their tune before it is too late."
438,438,10.0,0.1949,"care, staff, covid, family, professional, due, physician, great, understand, provide","i'd like to take a moment to simply offer my feedback on this facility. my situation is different given that i've not been able to visit my brother as the hospital is taking great measures to protect the patients from covid-19 which in my opinion is commendable. what the staff has done, is accommodate me with video conferences which have helped eased my families anxiety.

the staff is excellent in that they provide me with absolute detail regarding care, medication administered, and overall treatment. i am fortunate in that both the patient advocate and social worker are the epitome of top notch professionals. they are effective in their communication, and quite reliable in their service to others.

my brother has gone through extensive medical treatment which i won't disclose, but i will say that since being at kindred, he's alert, and getting stronger each day. the medical team there doesn't give up easily, and for that i am pleased.

a special thanks to keisha silva who goes above and beyond to ensure that i remain in contact with my brother, and she lets me know when i need to motivate my brother to play a role in his recovery. 

needless to say, i am pleased with our selection of kindred ladera. we looked at other facilities, and they don't compare to the excellence provided at this facility. 

i'd rank them a 10 all day long."
439,439,5.0,0.109,"pain, exercise, body, follow, pt, injury, physical, excellent, issue, run","i want to commend forster pt.  all of the staff (i have interfaced with)  are well trained and genuinely care about their work product and their clientele.  and, i mean everyone from the front office, admin staff, the pt exercise therapists and the actual pt's.  my usual pt is melissa torres and she is both professional and compassionate, always keeping my physical safety and goals in mind.  currently i am having zoom sessions with my pt and it's helping me progress in my recovery."
440,440,3.0,0.1029,"prescription, medication, refill, bad, state, order, pharmacy, med, problem, contact",been going to dr joe for 4 years or so.  we needed a prescription refilled and called to do telehealth.  they informed us that they don't do it and we had to come in.  our son has asthma and we want to avoid taking him to public places with the current pandemic. luckily my brother is a dr. and called in the prescription for us.  when dr. joe found out he had his assistant call us to tell us that he would no longer be our pediatrician.  good.  i'm glad i know his true self now and we can find a better pediatrician.
441,441,0.0,0.0981,"feel, make, love, experience, couple, start, anxiety, ease, team, share","i had a video consult with dr savur this morning for a colonoscopy via zoom video.  she was outstanding. given a previous horrible experience with a different doctor 12 years ago i swore i would never ever have a colonoscopy again. 

since then my brother had colon cancer discovered at his first colonoscopy at the age of 50. so i have rethought my reluctance to have another one. my md referred me to dr savur. 

dr savur spent over 30 minutes with me this morning. i was a sweaty nervous wreck just making the call. she really calmed me down and explained everything given my previous experience and my overall medical issues. 

just waiting now for covid 19 to subside in society so i can make an appointment for the procedure."
442,442,9.0,0.1078,"visit, time, doctor, virtual, experience, follow, fact, hard, person, worth","been with this group for many years now.  very responsive to all of my calls and inquiries.  a busy office at times, they try their best with seeing appointment on time but never cut the visits short and attentively listens to concerns.  during covid-19, they have virtual visits which are extremely helpful.  when needing documents, the office has been seamless in their response.  most of all, i trust the practitioners as they explain why they come to their decisions and welcome dialogue.  i am grateful for their services, both when i want to see them and when i need to see them.  dr. smith and dr. yee are standout practitioners, but i like them all.  i never wait to see our pcp when sick; they will all see you when required, and i appreciate that."
443,443,7.0,0.1663,"check, nurse, facility, room, minute, place, hour, staff, leave, happy","if i could give no stars i would. rio vista is a joke. it's like a adult daycare. it's a place they throw you in a room in front of a tv and stay bored out of your mind all day and no therapy was ever provided. i went here because i was forced by the facility if i didn't come there they would send the cops to my door and contact my husbands command. donna, military liaison, lies straight to our face. i was forced by the intake therapist to be inpatient when i basically told him i would do outpatient. but he then raised his voice and made a embarrassing scene for me airing my problems to all in the area. i was thrown in a padded room after they sedated me with haldol, benadryl, risperdol, lithium because i asked when i could go home to my husband. the nurses and techs don't give a damn about their patients. when you ask for tampons or soap they tell you that it's not provided, so i call my husband for these things and when he drove 45 minutes from east side at night to bring me these items he was told they were provided. i was told by nurses that they had a ama to hold me for 48 hours and that the psychiatrist, dr. perez (who is a joke of a dr), would decide of my discharge. this place made my issues much worse and i received no help but medications that caused even more problems for me. i was in a ward with alcoholics, heroin addicts, prisoners, and people who have invisible friends and hear voices, i had none of these issues (not even close)!! you never see a dr they just lie to you and tell you that you will see a dr before discharge. when you finally get a video chat with the dr after begging for it and you tell him all the issues the medications are causing he laughs at you and says to take the medications and do what the nurses say. the therapist called my husband and basically was like we want to keep her for a few weeks more but he rebuttaled and told her to let me out tomorrow no matter the problems. this place is a complete joke and steals money from you."
444,444,8.0,0.1789,"call, wait, doctor, day, minute, appointment, hour, time, receive, message","our ""frontline workers""?! i did my homework and read all the reviews i could find that were published for dr. donald cassaday on different physician grading sites (healthgrades, vitals, etc.) they stated over and over that the office staff for this doctor was rude and unresponsive (just look at these reviews on yelp!), but i decided to take a chance when looking for a new pcp lately because dr. cassaday weren't too bad on other review sites. whoa! i'll relate what happened in my interactions with this office in the hope that you won't be subjected to the same kind of treatment i was. 

before calling, in an effort to make it easier for them to make an appointment for me, i sent in a fax which included my medical background and my current medications, even though all my records had already been transferred to their office. 

there was no response to my fax, so a couple of days later i called and left a detailed message with an ""erica."" there was no response to my first call, so after two days i called again and left another message with erica. this went on for over a week, with my leaving messages every one to two days, leaving a total of five detailed messages. no one ever answered the calls in person when i placed them despite calling only during office hours--i only got recordings each time. and no one returned my repeated calls. 

i finally got through to a ""kim"" and asked her if i could conduct my first visit with the doctor via video conference because i was afraid to come in due to covid-19 and the fact i was a senior and had chronic medical conditions. i was terrified of contacting the virus, but kim said that this was not their ""protocol"" and kept talking over me. she then told me to find another doctor and eventually actually hung up on me despite my being as polite as humanly possible considering her attitude.

i was so shocked at her behavior that i sent an overnight letter to dr. cassaday asking for some intervention. he never responded. when i called again a couple of days later, kim again told me dr. cassaday would not be seeing me and she hung up on me again.

i can't help but think about the hundreds of our other ""frontline workers"" and the dedication and care they have shown their patients during this very difficult time. it's too bad this office doesn't have even a fraction of their empathy or willingness to serve."
445,445,8.0,0.1119,"call, wait, doctor, day, minute, appointment, hour, time, receive, message","i have tried to contact someone, anyone for two days. the only person is the information department which transfers me to a different department (not even the plano clinic, the dallas va) and then no one answers and there is no voicemail.  the plano va clinic information (the one that plays when you are in hold gave me the north texas telehealth number, no answer.   i call dallas va and i repeat the number to her and she says she has no idea where that number is to. 

this is ridiculous."
446,446,8.0,0.1164,"call, wait, doctor, day, minute, appointment, hour, time, receive, message","i had an appointment with this doctor yesterday through telemedicine. the appointment was at 9:20.  they wanted me to check into the portal at 9 am.  i did so and waited and waited and waited.  at 10:10 i got a call from a blocked number.  i almost didn't answer figuring it was a robocall. it was the doctor who blamed his staff for him being late and refused to take responsibility.  first strike.  who knows what happened with their supposed telemedicine.  it seems they don't know how to work the system.  he or any one of his staff could have checked in at any time to let me know there was a delay or a technical problem, but that didn't happen. beyond that i found him to be less than compassionate, low in skill, low in social skills and incredibly unhelpful.  if he were a front line worker working with covid19, i'd give him a pass. but he's in gastroenterology where its business as usual (aside from virtual visits).  save your money and time.  go elsewhere where patients are respected and the doctor has a level of skill and knowledge.  i've gotten far better and more in depth information from simple google searches."
447,447,2.0,0.0992,"issue, time, extremely, make, service, concern, friendly, kind, person, super","their teleconference appointment was so convenient and easy to schedule. now with corona-mania i am so happy that i didn't have to go in to an office full of sick people. also, i didn't have to pay a babysitter to watch my kids so that i could go to the clinic. kim was able to address all my concerns via video chat and sent my prescriptions electronically to my local pharmacy.  the staff is super friendly and accommodating. it was an overall great experience."
448,448,10.0,0.1401,"care, staff, covid, family, professional, due, physician, great, understand, provide","dr presken has gone above and beyond during these difficult covid19 times. when aetna dropped my doctor right before the pandemic, and i couldn't find a doctor that would ""establish care"" until the pandemic is over, she accepted me, established care through video conference, with a detailed interview. in the past 6 weeks, i have gone through most likely covid 19 with an er visit for respiratory distress, a breast cancer scare & biopsy, a rash, and kidney stones. she has called me to discuss my test results each time, and has shown she truly cares for me as a patient. from our conversations i can tell she has been educating herself with the latest information about covid19, and strives to give patients the best care. thank you, dr. presken!"
449,449,3.0,0.1118,"prescription, medication, refill, bad, state, order, pharmacy, med, problem, contact","we also love the pediatric center! started coming here 6 years ago and just realized it has never occurred to me to look elsewhere. the doctors are each different personalities and i've seen them all. bottom line is very practical, accessible and consistent care. you can call and actually speak with your doctor the same day and they have walk in every day. with the coronavirus i guess that has changed but i see they are offering telemedicine now! i was just thinking about what my plan might be for my kids if they got sick and realized i can count on these doctors and owed them a 5 star review."
450,450,17.0,0.2627,"call, insurance, phone, charge, pay, appt, receive, bill, horrible, today",run as far as fast as you can away from this place they put out a coronavirus hotline number in order to be screened for coronavirus you needed to have an online doctor say that you or second off to be tested i called i asked over and over and over again if there would be any charge because i already had insurance and i would like them to run it first and make sure that it's pre-approved before i do anything the lady told me over and over and over again that the coronavirus screening would be free so that my son and i were coughing that we might be swabbed for coronavirus at the day road drive-up facility not only did they refuse to test us they charged us $500 after repeatedly asking if it was free and refusing to take my insurance number i have them recorded as i was skeptical as to whether it would really be free i asked her not once but a total of 10 times on two different occasions as well as asking the doctor four times during the visit if it would be free all of which they all said yes that it would be free that there would be no charge now i have a bill for $500 that my insurance company won't pay because it was not pre-approved run as far as fast as away from this place as you can i called the billing department to play the recording for them of the woman saying over and over again that it would be free and a young african-american woman was so belligerent on the telephone that you did everything but cussed me out and hang up on me i called back and talk to a second woman and finally got her to at least take my insurance information because they didn't even want to take my insurance information they wanted my money and that seems like that's all that they're trying to do is take advantage of people during the co visit situation why would i pay $500 to see their virtual doctor when i already have a doctor why would i pay $500 to see their virtual doctor when i already have medical insurance to pay for that and i have zero co-pays why would i come out of my pocket all of that money for me and my son just so they could tell me know that they're not going to test us when i specifically said that my own doctor dr. chaudhary had no ability to test anyone for anything because he kept no testing supplies in his office. what is horrible scam to prey on innocent people to make them pay $500 just so you could refuse to test them at your drive up facility i hope this place is closed down immediately what a bunch of charlatans
451,451,8.0,0.1783,"call, wait, doctor, day, minute, appointment, hour, time, receive, message","due to covid-19 they are only taking video chat calls. i was having an unusual eczema outbreak, so i was in need of an appointment asap!

my experience with their dermatology department

1. you have to call their main line to get transferred to their dermatology department (they don't have a direct number). 
2. i spent 22 minutes on the phone from the  first initial call to the end of the call to book an appointment.
3. thankfully, i was able to book an appointment for the following day with dr. iris ahronowitz. 
4. you then are encouraged to test their telecare services through their app with their technical service team. you can test it through the usc telecare app or a link by using chrome, i have an apple phone, so the app was the much better option. side note, it is great they have the option to test the link before your appointment (i highly recommend you to do this, i have a very good understanding of technology, but for some reason it wasn't compatible with safari, so the tech support rep helped me through it (the testing of the link and compatibility on my phone took about 13 minutes)
5. my appointment was at 10:00 a.m., so i checked in through their app a few minutes before the appointment and i waiting until about 10:15 a.m. (the wait time seems to be the same as with any doctor's office in-person) 
6. i was then sent a text message to join the call with dr. iris ahronowitz at 10:14 a.m. and i waited another couple minutes until she joined the call. 
7. dr. iris ahronowitz is a total gem, i felt understood and heard by her. some doctors out there make you feel like just a number, which i felt that way to a certain extent at their pain center in los angeles, in san pablo street. after experiencing a wonderful experience with her, i wouldn't want to go to any other dermatologist! 
8. i was then contacted by a customer rep from dr. iris ahronowitz's team to schedule a follow-up visit for three weeks down the road.

overall, the experience i had with their dermatology department and dr. iris ahronowitz was a very positive experience! i can't recommend dr. iris ahronowitz enough! not only is she a great doctor, but when you speak to her, you feel like you are talking to a friend, so the awkwardness you get with most doctors is not something you would experience with her. i have to say i was a bit skeptical booking a video call because i felt my needs wouldn't be fully taken care of through a video call, but to a degree it was. i just wished she could have fully evaluated my skin and face, but they are prioritizing appointments to those with more pressing patient concerns. she did reassure me that we could always book an in-person appointment once covid-19 dies down."
452,452,1.0,0.2518,"life, work, find, plan, month, year, change, program, live, home","i am so glad my personal training hasn't stopped during the covid shutdown.  for the past year i've done two  1/2 hour sessions per week at fitness by design.  the gym is remarkably well-equipped, spacious and well-run.  the trainers are as good as any i've had at various gyms and better than most.  training sessions cost no more than other gyms, with no monthly fee.  
my trainer, adam shadwick, was always prepared with a new workout so that i got the most out of my training time.  he challenges and encourages me in just the right mix.  although i strive for aerobic and strength sessions on my own between training sessions, those so often get pushed aside.  so, when the covid shutdown started, i knew i needed to do something to keep on track.
zoom to the rescue.  i showed adam what equipment i had, yoga ball, stretch bands, and some dumbbells, etc, he immediately went to work creating routines with body weight exercises and my equipment.  i set up my laptop and a smart phone at different angles, log on to zoom, and he coaches and checks my form from his home to mine.  same challenge, same encouragement.  and just as importantly, the same accountability to a schedule to keep me on track."
453,453,10.0,0.104,"care, staff, covid, family, professional, due, physician, great, understand, provide","i have been with dr. bernadette for more than 6 years and she is a total professional. i am very grateful i found her practice. she is understanding, straightforward and caring. i have referred a number of people to her throughout the years and will continue to do so. i love the telemedicine option that she has integrated in the past few years. it has made my life easier (even before covid)."
454,454,12.0,0.1171,"appointment, office, schedule, phone, patient, telemedicine, email, cancel, due, receptionist","i've been seeing dr. durrani at prosperity for about 6 months now, and he has been great. understanding, knowledgeable, very receptive to patient needs and his office staff has been incredibly helpful. during covid-19, of course appointments are via zoom, and i've always been able to get a quick appointment without having to wait weeks like at other offices. while the office is in va, far from where i am in maryland, it's always worth the trip, even before the zoom appts were in effect prior to covid-19. his office staff at prosperity are incredibly helpful and polite, which you don't find everywhere."
455,455,5.0,0.1043,"pain, exercise, body, follow, pt, injury, physical, excellent, issue, run","i am so grateful that i have found san francisco integrative medicine! i initially began with their option for a telemedicine consultation. i was impressed by elanita korian and her approach to my care and her ability to listen to me. we established a few more telemedicine consultations and she sent me herbs to help with my sleep. i have now been taking her recommendations for 3 weeks now. i am happy to say that i feel that she hit the nail in the head. the herbs she prescribed has allowed me to get better sleep and feel rested in the morning. all the cbd and other methods i attempted prior were not as effective as a couple telemedicine consults and this herbal prescription she offered. i have also received care from amy thornton in the past, i must say her ability to focus on where the pain is referring from magic! i highly recommend creating an appointment if you are looking for immediate pain relief! my right shoulder pain was resolved in two visits with amy! love this clinic and grateful for their care!"
456,456,6.0,0.3758,"doctor, give, day, symptom, eye, sick, put, medication, antibiotic, explain","dr. lenoir is nothing less than a life saver.
and a mild mannered, low key one at that.
nothing flashy-just knows his stuff, and gets the job done pronto.
(he is a nationally known expert, but you have to look into him to find that out.....he won't hand you a 4 color marketing flyer....he's a doctor, not a saleman.)

i spent 3 long years seeking someone (anyone!) who could think out of the box regarding a 5 month bout i had with an upper respiratory illness in 2019....after having a 2 month bout in 2017, and a 3 month bout in 2016. never been sick before like this (ie: needing to see a doctor-i am the tough it out type), in all my 60+ years.

i did everything, multiple evaluation visits with others (all great doctors), chest x-rays, blood work, you name it. no results! no hope.

after giving up in 2019-my gp said.....go see this guy. he's an allergist, you likely have an allergy, (not-didn't fit the pattern at all).

see him i did.....no 3 month torture wait. i got in the following week.

in 10 minutes, on the phone (covid19 req'd telemedicine), he diagnosed what i had as was similar to what he had had, and had treated hundreds of cases of beginning in 2016. (ka-ching!)

2016 was the first year i was afflicted.

did he try to panel me for an allergy test as my gp advised (expensive and painful and slow)?

nope.

long story short: he proscribed what i had begged others for: an unconventional drug regimen, which....surprise surprise-he had developed to treat novel coronoviruses that had first appeared to his practice in the bay area in 2016.....because he (correctly as it happens), surmised that was what i may have experienced this year.

5 day 3 point holistic drug regimen. very creative.  day 1, i felt miles better.  day 5, illness be gone! pure magic.

day 8, 80% back to normal. on day 8, he proscribed a finish up regimen to go the last 20%.

no bs, no pleading, just competence from a doctor that knew what he was doing right out of the gate.

dr. lenoir is not interested in putting you thru the ringer. he listens, he responds with a solid what he knows. he does this at speed.

i had seen 8 doctors spread all over northern california.
i spent a total of three years and a gazillion$.
this doctor nailed it in 10 minutes.

10 minutes!
seriously.
i will never lose his number.

if you suffer from: prolonged dry cough, shortness of breath, and extreme fatigue after being sick with flu like symptoms (all covid19 markers)....don't wait for the cdc report in 2021 that explains why....just call this doctor's office and give him a whirl.

as far as i am concerned-dr. lenoir is a miracle worker.

i only wish i'd found him in 2016."
457,457,6.0,0.1104,"doctor, give, day, symptom, eye, sick, put, medication, antibiotic, explain",i had an virtual visit with dr hills because i lose my vision super randomly and each time it's for a few minutes and i have a history of migraines and it feels like the vision loss doesn't have any symptoms i get when the episodes happen. well he spent a while with me asking many important questions and listening to what i had to say. hopefully we'll get it figured out. but i would say the first visit was good.
458,458,5.0,0.2774,"pain, exercise, body, follow, pt, injury, physical, excellent, issue, run","cristina helped me with my shin and ankle pain. i was never a runner, recently in the last 6 months, i started running a lot. like 2-3 miles a day. additionally in my cross-training hiit style gym whenever i use to run sprints, i would feel pain in my shins for days. i was getting better at my sprints every-time so was the pain. at one point i had to take a break for a few months not only from sprints but from running altogether. this was frustrating as i have worked really hard to get better at running overall. i discussed this with cristina, who is recommended by my other gym friends, as they got great results working with her. i did a session with cristina in the gym where she spent an hour understanding different aspects of walking, running style. we tried different exercises to fix the form for running and walking. she came up with a list of exercises that will help strengthen my shins, ankle, and help my glutes fire when running and doing the exercises. cristina is very patient, friendly, and extremely professional in understanding your pain points and will create an exercise plan tailored to your problem. i also did a follow-up session using telehealth(virtual-visit) because of covid-19 this session was as effective as in person. cristina is excellent in following-up and does a periodic check-in on how i was feeling and need any other adjustment in my exercise schedule. i would highly recommend her! i am feeling much better in my running. i did 44 miles in month of april and targeting, even more, this month."
459,459,15.0,0.0825,"session, telehealth, work, easy, therapist, helpful, continue, highly_recommend, offer, therapy","i have used fast care recently via telehealth with dr. korn who was very nice, and addressed my needs , as well as other drs. in the past, in the office.the staff is also very nice.
 i found telehealth very convienient to use.they try to treat you in a timely manner also. hope all stay safe and well."
460,460,13.0,0.1745,"zoom, great, class, good, amazing, set, home, move, provide, forward","as an update and in celebration of #thankyouthursday, i wanted to post an update for polestar.

i am a continuing member of this amazing pilates organization.  i do want to emphasize again in my follow up that the professionalism and instruction provided at this facility are amazing.  before this covid situation took place and before anyone took this serious, the management and instructors went the extra mile.  they started distancing in their instruction, and the cleaning went above and beyond anything that was happening at the time. 

when the time came to shut down, they did, with heavy hearts of all involved.  to top it off, they immediately began zoom classes for those that were interested.  for those that didn't want to participate, they paused their accounts.  

i am looking forward to returning as i fully miss my weekly classes.  being away make me appreciate this amazing facility so much more.  

again, thank you!  #thankyouthursday"
461,461,1.0,0.1238,"life, work, find, plan, month, year, change, program, live, home","during this covid season i thought i will not be able to train at all, but i am amazed how marta was able to train me through zoom and facetime. she was working out with me and yet she was able to see all small nuances and mini angles that she immediately corrected. my workout was fun and i felt that she gave me all attention as if she was with me in the room. my workout was as always precise to my abilities, she was able to work through my sore muscles and warm them to the point, that i felt all great! can't wait for our next training session! cannot recommend marta enough!!"
462,462,17.0,0.1697,"call, insurance, phone, charge, pay, appt, receive, bill, horrible, today","run away. this place reeks of a predatory scam targeting those seeking mental health care. i was looking for a grief counselor due to the sudden loss of a parent and my insurance website directed me to a list of providers, many of which directed me to happier living. i called the number to find that none of the providers listed still work there (red flag) but they could put me in touch with a grief counselor. they ended up connecting me with a psychiatrist and despite questioning several times, i was promised this clinician was a grief counselor who happened to have a degree in psychiatry. i got on a zoom with the 'grief counselor' and was humiliated to find that after 30 minutes of explaining what was going on that she only wanted to talk about medicine because she's a psychiatrist. i understand mistakes happen, but when i called and emailed to make a new appointment with an actual grief counselor i received no response. i eventually called and asked for a refund on the co-pay (which was inexplicably higher than the co-pay any other provider has asked for) and i was told it would be taken care of and no one called me back. eventually, i called again and spoke directly to their billing department and got the refund but this is still a claim on my insurance. the experience is now part of the trauma of losing a parent. avoid these people. i wish i had read the reviews here prior to making an appointment."
463,463,9.0,0.103,"visit, time, doctor, virtual, experience, follow, fact, hard, person, worth",i used the virtual visit via my pc for the first time. super easy and quick and exceeded all of my expectations while freeing up space for those that needed to be seen in the office. highly recommend.
464,464,13.0,0.1117,"zoom, great, class, good, amazing, set, home, move, provide, forward","when moving to a new city where you don't know how or what to do when it comes to new doctors. that can be a pretty scary thing to look for. 

when we came across this place we were so thankful. sarah lindsay is one of the best doctors in town. she cares so much about her clients. 

in fact even during the covid 19 pandemic was able to ""see her clients"" via zoom to figure out what was wrong with them. even if we can't go physically to the doctors office to get a check up we can do it via zoom. now that's amazing! 

this physician group is known to be one of the best hospitals in all of naples! 

when i went to see her she informed me that they are not only there for annual check ups but they also have a gynecologist there as well so you don't have to worry or stress about looking for a gyno as well as a doctor."
465,465,12.0,0.1224,"appointment, office, schedule, phone, patient, telemedicine, email, cancel, due, receptionist","my wife and i had an appointment to go to allcare to get a covid-19 test. when it was time for my in-office appointment (recommended by my primary care doctor), we were told that the appointment had been converted to a tele-health appointment. they sent links to upload my insurance card and for the zoom appointment. neither worked. when we called the office to inquire about the problem, the receptionist told us she didn't know what to tell us. she further stated that she couldn't do anything for us. when i became frustrated and asked to speak to a manager, she put me on hold. when she came back to the phone, she asked in a condescending tone ""ready to figure out what we can do?"" given her tone and attitude toward us, my wife suggested that we take a picture of the card and email it. she again placed on us hold, presumably because my wife was similarly frustrated. at that point, i went inside and set my card on the desk. the receptionist refused to help me.

it's astounding that during a pandemic, a health care provider would not know how to develop reasonable options (e.g., taking a photo of the insurance card and emailing it) and what's worse exercise, refuse to communicate with a patient (i.e., placing me on hold) and refusing to get me a manager.

i will fully admit that i probably wasn't my best self. i went in without my mask (it broke in the car while waiting). the idea that someone - a health provider - would treat a patient this way and act petty - it's astonishing.

don't go there under any circumstances if you can help it. the worst!"
466,466,14.0,0.1812,"back, give, test, find, time, result, covid, today, walk, information","i do not recommend honorhealth to anybody. please read my full review as this is serious stuff. first and foremost, they did not take me seriously. i have been having health issues for months but was told it was ""just anxiety"" despite bloodwork, reoccurring infections, physical symptoms like swelling in my abdomen and lymph nodes & more proving it is not anxiety, besides the only anxiety i currently have is over my health because i have no clue what is wrong with me and haven't for months (not the other way around). was told i needed to get on cymbalta - by my nurse practitioner, who met me about 4 times in my life, didn't ask me about my history at all, and as a note my previous therapist said i did not need medication - instead of doing further medical testing. (then continues to treat me like i'm just overly anxious while i am anxious about my health since i have had 4 months of hell and no answers!)

then at the honorhealth virginia g piper cancer care center, where i went for hematology after the hospital found i had low iron, they scheduled me for an iron iv just a week after i started iron supplements for anemia, telling me my iron supplements ""weren't working"" without re-testing my blood levels. well, thank god i ended up going to the hospital for dizziness and chest pain, and they tested my iron levels and found out my iron pills were indeed working, my hemoglobin was at a normal level again and that iron iv could have given me iron poisoning which can be deadly! i hate to sound dramatic but honestly why wouldn't they test instead of just assuming?! besides it was a $4,000 procedure i was going to pay up front for, makes me wonder what their intentions actually were.

then there was the time i made an appointment for my husband to see a doctor at honorhealth for bloodwork he needed after his emergency surgery, his appointment was at 11:30am, we arrived at 11:20 and the woman at the reception desk (downstairs in suite 100, i want that clear as the ladies upstairs are very sweet) were extremely rude to him, saying his appointment was at 11:15 even though i had mychart pulled up that clearly said 11:30 as did the text and email confirmations for the appointment. she said because we didn't get there 15 mins early he didn't get to see the doctor. i have never had that experience and all of his paperwork was filled out already so what the hell was the point of that? she just took the most rude and inconsiderate attitude with him and was looking at him and talking to him like he was beneath her. i did not appreciate that at all and we walked out and i found him a new doctor. i should never have gone back after that but i did and i regret it. 

it's almost impossible to get through to the office to speak with your doctor about test results etc. i had an telemedicine appointment 2 weeks ago to ask for a referral as i had been to the honorhealth urgent care for swelling and pain in my lower abdomen/pelvis and they said i needed a ct scan. they called me the morning before my appointment and said it was canceled because they were only doing telemedicine. it was a telemedicine appointment. i couldn't get through. i ended up reaching out to the head manager who was very sweet and put me through the to someone who transferred me over to alexis, my doctor's assistant, who was extremely rude to me and was actually trying to argue with me over why i went to urgent care, saying i didn't go for swelling. like are you serious?! the doctor felt where i was swollen and said i needed a ct scan asap. not to mention all of the issues with scheduling with radiology we ran into because she gave me false information. 

i ended up getting a new doctor, but was going to go for my ultrasound anyway, but thankfully i looked at honorhealth's website before i went and found out they do coronavirus testing at thur facilities! that is great but no one informed me of that. i don't know where they do it and the urgent care and radiology at del lago share a waiting room so i just didn't go to my appointment. 

i will never come back here and i don't recommend it to anyone."
467,467,18.0,0.0953,"recommend, month, year, week, son, surgery, kid, job, procedure, sleep",im new in town and obtained insurance through work. one of my co workers recommended me this place and i couldn't be more thankful. had a over the phone visit because i needed labs and x rays done for a procedure i am going to have. the doctor was so nice dr.ma he ordered everything i needed without hesitation. when i showed up for my labs and x rays i was there no longer than 20 minutes. they were very officiant and polite. i would definitely recommend this place.
468,468,2.0,0.1306,"issue, time, extremely, make, service, concern, friendly, kind, person, super","dr soni is knowledgable and caring, and really listens.  if you're having issues with hormones, she's the person to talk to.  when i saw her it was clear she was not another doctor who would offer me the same old options of either going on hormonal birth control or just accepting that this is how it would be.  she really listened and got to the root of the issue.  her telemedicine visits made it easier for me to schedule even before everything got shut down.  i would highly recommend her to anyone whose looking for a real solution to their health concerns!"
469,469,2.0,0.082,"issue, time, extremely, make, service, concern, friendly, kind, person, super","amazing experience, everyone is super kind and goes above and beyond to help. i used telehealth during this whole corona thing and still my skin was cleared up within 2-3 days after getting some prescriptions. i'm so thankful for them being open and fitting me in!"
470,470,5.0,0.1187,"pain, exercise, body, follow, pt, injury, physical, excellent, issue, run","i am so happy i was introduced to dr. lorena lee. i have been suffering with tmj pain and due to the covid epidemic she was not seeing patients in her clinic but is offering video consults. the video consult that she gave me was beyond what i expected. she was able to give me such clear instructions on how to relieve pain and release tension through pressure points and massages. i am so grateful for her ability to find ways to still help people in these times of social distancing. dr. lorena was able to do so much for me simply by talking to me via zoom, i will be coming in to get acupuncture from here as soon as she begins seeing clients again!"
471,471,2.0,0.0994,"issue, time, extremely, make, service, concern, friendly, kind, person, super","i had a post surgery ""zoom"" meeting with dr. samimi. i found it to be a great alternative for an in person follow up appointment. using zoom video and audio all my questions and concerns were addressed while being able to look directly at him. his office set up the meeting and all i needed to do was click a link, it's that easy."
472,472,9.0,0.098,"visit, time, doctor, virtual, experience, follow, fact, hard, person, worth",i had a new patient virtual visit with dr banitt and he was very knowledgeable and listened to what i had to say. thank you for helping me. he never seemed rushed either.
473,473,7.0,0.1085,"check, nurse, facility, room, minute, place, hour, staff, leave, happy","moti has helped me overcome a long-term, painful hip injury. i can't say enough good things about them and their facility, and in particular fei, the therapist i've worked with for the last several months.

first, their location is convenient and walkable to most people in los feliz. if you need to drive, they have free parking. 

they run on-time and have never kept me waiting. in general, the staff is helpful and respectful. moti feels different than most of los angeles's medical offices.

their facilities are clean and hygienic. 

fei is a gem. she's determined and patient. she listens carefully so she can problem solve. she's evolved my treatment over months as i progress, neither making me go too slowly or too quickly. during the quarantine, we worked together safely over zoom. her attention never waived. 

fei and moti have legitimately changed my life for the better and allowed me to live pain-free again. there's no better review i can give than that."
474,474,5.0,0.2233,"pain, exercise, body, follow, pt, injury, physical, excellent, issue, run","oakton's jackson clinics staff members and their excellent patient treatment are second to none.  and how they are handling telemedicine during the covid-19 pandemic is a great example of how patients matter in their organization. first, the basics.  the front office staff is cordial, efficient, and make the process easy!  as for the level of care, i have seen orthopedists who have looked at my films more than they ever looked at my broken ankle. you won't be treated like that at jackson clinics. the pts get to know you and how your body works and they will tailor the very best pt time and exercise program to help you overcome your issue.  you spend a long time with the pts who really take the time and who are absolute experts in physiology and therapeutics. the exercise specialists also will demonstrate how to properly do the exercises that will increase your range of motion and lessen pain.  they give handouts as well and will help you as you learn these movements.  that has been true for me with my ankle recuperation and also when i was patient because of shoulder pain from a car accident.  you can trust the oakton group. i am finally writing today however because of telemedicine and how dr. chelsea mcnally has been so creative in my care. i didn't know if telemedicine would work for pt, but chelsea quickly changed my mind. she watches me as i exercise and she can give me a lot of feedback. i have had 2 telemedicine appointments so far and i can say that it has been such a relief to know that i won't lose my progress because chelsea and ashley (the clinic's exercise specialist) and everyone at jackson clinics in oakton are so talented and caring that they make it work. kudos to everyone at jackson clinics oakton for making this available and for professionalism and medical excellence ... even in times like this. believe me...you won't be disappointed with telemedicine or their regular in-office appointments, and you will definitely feel better and stronger soon!  they really are the smartest, most compassionate, most knowledgeable care givers i know."
475,475,17.0,0.172,"call, insurance, phone, charge, pay, appt, receive, bill, horrible, today","i'm very disappointed in their handling of patients during this covid-19 crisis. my daughter had been see the dr. for a few months now prior to stay at home orders and while stay home orders in place she got a rash that eadnt going away. when i called for a telehealth visit, they wanted money upfront (even though i had no copay or other out of pocket through insurance). additionally, they wanted me to pay a telehealth vendor fee that i would not get refunded for. of course they said i could still go into the office, by i dont feel comfortable with that during these times. apparently this office is all about money and not care of patients. very unfortunate. we found another dermatologist telehealth visit that was able to see us, no cost upfront."
476,476,4.0,0.1056,"patient, doctor, medical, make, office, health, practice, review, provider, year","communicating with ucla medical is abysmal by any standards, let alone for a healthcare entity. ucla has antiquated and extremely poor communication, and it takes a ridiculously long time to reach a doctor or their office. a patient can not call a doctor's office directly but must go through a general telephone exchange (which sometimes takes 20-30 minutes on hold), requires answering questions before even being connected to a doctor's office. video conferences with doctors can't be conducted on a computer or a laptop or an ipad, but only on a cell phone with the wifi turned off.

most people would expect ucla to be much better than this."
477,477,8.0,0.2218,"call, wait, doctor, day, minute, appointment, hour, time, receive, message","first of all, they changed my son's doctor without telling us so when his next appointment came up which was during this pandemic, i called to see if they are seeing patients and i told them his doctors name and they laughed and said she is not here anymore and gave me the new doctor's name.

second of all, they scheduled a telehealth appt. and were supposed to call between a certain time which i did not receive, then i thought oh maybe i am supposed to call them at that time, so i called them and they said oh no someone will call you at that time, i did not hear my phone ring but later checked and had a voicemail from them saying they would call within the next hour, but no one called.

i called them to reschedule and only got a voicemail so i left a message and they called back when i was back at work, so i left another message, so back and forth playing phone tag i finally got a hold of them about a week later and rescheduled another appt. for today and by now i added their phone number to my contacts on my phone because apparently last time my phone rejected their call thinking it was a robocall, anyway, they were supposed to call today between 10:30am and 11:30am and no one has called and it is now 12:30! 

i am not calling them again, if they want to talk to my son about his lab work, then they will have to call us back! i am going to have to wait until this pandemic is over (if ever!) to change doctors, but in the meantime i will have to deal with this @#$%!"
478,478,12.0,0.1358,"appointment, office, schedule, phone, patient, telemedicine, email, cancel, due, receptionist","tl;dr: doctors and therapist fine, very strict 72-business hour cancellation fee of at least $80 ($170 for initial intake) for any reason.

i have really bad luck with psychiatrists. one retired, one basically had a nervous breakdown and moved across the country, and one was murdered.

 i decided to go to hp because at the time they had a few psychiatrists/nps so i felt like i wouldn't have to move practices if one of them decided to quit snd join a cult or something. so far i've seen the same doctor and she's been very consistent so all good there  

my issue is that they have an incredibly strict cancellation policy. 72 business hours. that means you might need to cancel over a week ahead of time if there's a holiday weekend. last year i had a nasty flu and tried to cancel 24 hours ahead of time. they said that wasn't a good enough reason to cancel and they would still charge me if i cancelled unless i got a doctor's note. well, my doctor is literally in the same building as them so that seemed pointless. they did not understand this. if i was going to leave the house extremely sick, i might as well just go. i was feeling a little better 24 hours later, luckily, but it still probably wasn't safe.

whatever, but now in light of covid-19 i'm more angry about it. how many people went into their office this year unknowingly sick with the illness because they could not plan 72 business hours in advance when they'd get sick, and could not afford $80? 

fast forward to this year after many pefectly fine appointments and i missed my first telehealth appointment because frankly (like most of us) i am working from home trying to play teacher, social worker, and tech support, overwhelmed, stressed, and off medication because it took awhile to get an appointment. so, i misread the time. my fault at the end of the day, i totally admit it. i thought they might make an exception or lower the fee because i'm sure the telehealth situation is messing people up and well, you'd think they'd employ a little empathy right now considering there's a national mental health crisis and they are...*checks notes*...a mental health facility.

nope...an $80 fee. they were nice enough to split it up for me so i didn't have to pay it all at once at least. i'm losing my job at the end of may, otherwise not sure they'd have done that.

i get having a policy. i do, especially for repeat offenders. in normaltimes, i'd just paid it if i did not cancel within a reasonable time (say, 2 business days) and made a dumb mistake like that. but to have no give right now is crazy. 72 hrs is truly insane.  if you have spotty internet or no tech stills, you're screwed . and of course those things already affect the the poor more.

it's also basically impossible to talk to anyone on the phone there. that doesn't bother me too much as i prefer email but just an fyi.

i will keep going there because i like my psychiatrist fine and with my track record, i better stay. in normaltimes it's not as big of an issue. but go elsewhere if you can."
479,479,12.0,0.1196,"appointment, office, schedule, phone, patient, telemedicine, email, cancel, due, receptionist","believe all the 1 star reviews. they are completely accurate. it's impossible to reach them over the phone, they send mandatory paperwork for you to complete before your appointment in multiple separate emails instead of consolidating them in one place, their website is hard to navigate and their telemedicine system doxy is unreliable and doesn't work with google chrome. furthermore, they are completely overbooked and you won't be able to get any appointment for over a month, much less choose providers. they put the entire burden of scheduling, connecting to online appointments and following up on the patient. as someone who also works in healthcare, i can confidently say that they are incompetent, unethical and unprofessional - the perfect example of what not to do. they charge $170 for a rescheduling fee if you're unable to reschedule 72 business hours in advance. so let's say your appointment is on a monday morning, you would have had to call them tuesday the week before. they also keep your credit card on file and charge you whenever they please."
480,480,9.0,0.1447,"visit, time, doctor, virtual, experience, follow, fact, hard, person, worth","i have been taking mmj recommendations from them for the past two years. and never in two years have they disappointed me with their services. the staff is amicable and they have some of the best doctors. i visited the clinic for the first time but soon i got to know that they have their own website. so, now i simply visit their website and get my recommendation renewed in less than 15 minutes. in fact, some people think that getting a rec from a website is not safe. but i'd say otherwise because they have a systemized procedure and you can talk to the doctor over a video call without having to wait for an appointment. overall, the process of telemedicine is quite impressive because you can sit at your home relax and a pdf copy of your recommendation is mailed to you on your email address by the doctor. instead, i must say i was quite thrilled to see that now you can get everything with just one click. and thanks to them, they saved me from the trouble of visiting the clinic again and again."
481,481,13.0,0.1133,"zoom, great, class, good, amazing, set, home, move, provide, forward",we love sheri! with covid going on we were not able to take birthing classes at the hospital as planned. sheri is awesome enough to be offering these same classes via zoom. there is so much helpful information offered and she takes the time to really go over it all. she allows time for plenty of questions and i leave the class feeling so well informed and empowered to make the right choices for me and my baby. i look forward to each and every class offered and would recommend her to anybody and everybody.
482,482,18.0,0.1559,"recommend, month, year, week, son, surgery, kid, job, procedure, sleep","so i had something weird going on where my legs were twitching and i had tremors and even chills mostly at night. no one could figure out what was going on and of course this was all during covid time. i would wake up around 3:30 every morning with tremors and leg twitches and hadn't slept a whole night for almost 2 months. i had video chats with mary and anne several times and they were both very nice prescribed a couple things to try to help. finally i was able to go in the office and anne took her time probably spent an hour with me. she figured it probably had something to do with my nervous system and prescribed gabapentin. it was like a miracle i finally slept all night long woke up after 8 hours of sleep with no twitching and feeling amazing! i can't thank anne enough and everyone at pdq mary, pam and everyone there are amazing!"
483,483,11.0,0.1892,"baby, give, support, child, pandemic, birth, hospital, daughter, thing, husband","during this crazy time (you know, pandemic!) i have been really struggling with breastfeeding and am still working on it. sadly, since we're being extra cautious because of the little guy we didn't want to have anyone come to our home. which really makes it difficult when you have a newborn that isn't latching well, sore nipples, and 1,000 questions. long story long i found allison through the pump station and man i am forever grateful. i have had several video chats with her where we worked on everything from breastfeeding, pumping, nipple cracks & pain to napping and sleep issues. she has been a huge help and so responsive and patient with all of my first time mom questions and concerns. i will definitely be recommending her to any and all of my mom-to-be friends! thanks allison"
484,484,5.0,0.1707,"pain, exercise, body, follow, pt, injury, physical, excellent, issue, run","sara richeson harris is so personable and knowledgeable and i really appreciate that she doesn't dumb down her explanations.  i've worked with other pts for other injuries and sara has been far none the best.  since i had my kid about 3 years ago, i've had chronic back pain that got worse as my kid got bigger.  i started working with sara late last year and my lower back pain has improved so much!  unfortunately, iife got busy and i ended up not seeing her for a month and my pain came back.  i thought that i had to suffer on my own indefinitely but sara is now available online and i'm so relieved.

she was able to walk me through the online evaluation (need video and audio) and exercises to help me get back to pain relief management and posture correction.  of course i'd love to have an in-person session but it will have to be telehealth sessions going forward for the indefinite future.  i'm very grateful that my insurance will cover telehealth sessions.  thanks for being there for me, sara!!

be pain-free at home with telehealth sessions with sara or molly (the other pt seems great too)! :)"
485,485,15.0,0.2915,"session, telehealth, work, easy, therapist, helpful, continue, highly_recommend, offer, therapy","i recently had my first session with dr. walker via zoom. he's very affable, calm, kind and easy to talk to. upon initially seeing him on my computer screen, he immediately exuded a calming and safe atmosphere that enabled me to candidly discuss everything with him. 

also, unlike my prior psychiatrists, dr. walker takes great care when ordering prescriptions and closely monitors the dosage, earring on the side of caution. i welcome and appreciate this approach, since over-medication continues to be a problem in the healthcare industry. 

i look forward to my future sessions with dr. walker and would highly recommend him. 

just to note: his assistant, caroline, is very pleasant--she has been very helpful and responsive with scheduling my first appointment."
486,486,8.0,0.1181,"call, wait, doctor, day, minute, appointment, hour, time, receive, message","i was referred to dr. hwang by my surgeon, dr. rad.
from my initial call to schedule an appointment and speaking with cammy, i felt ""at ease.""    it's always hard going to see a specialist as you may not be sure they understand your concerns and feeling comfortable with the physician.  

my initial appointment was supposed to be a ""telehealth"" one due to covid - 19.  i wasn't really keen on it due to my issues but dr. hwang was highly recommend by dr. rad and i trust him implicitly and agreed to the ""telehealth"" visit.  

again, from my initial contact, i was thoroughly impressed.   calls were returned almost immediately as were emails.   

two days before my ""telehealth"" visit, i received a phone call saying dr. hwang could see her patients in person and was asked if i wanted to go in, i immediately said ""yes!""    

when i checked in i was greeted by the most friendly, cammy!   i didn't have to wait long to be brought back to the exam room.  the nurse (i don't recall her name ), took my vitals and although i could not see her entire face due to having wear a mask, i could tell she was smiling as i could hear it in her voice and see it in her eyes.  

before i knew it, dr. hwang came in along with her nurse practitioner, richard.   dr. hwang made me feel at ease right away.   she was already knowledgeable about my health history - and it's a long one.    (many times i feel health records aren't always read).   i was impressed on how much she knew about me and felt like i was already an established patient!    

dr. hwang explained everything to me simply and really took the time to get to know me as a person!

she had prescribed a medication for me and there had been a problem with my pharmacy as they said they did not receive the new prescription.   i called dr. hwang's office back and literally within a half hour, richard, the nurse practitioner, resolved the problem and my prescription was actually ready!  

richard even called back to let me know he had remedied the problem - note, he called after hours to boot. even he was surprised to know that i had already picked up my prescription!  dr. hwang's office was that quick making sure was ""taken care of,"" prior to the long weekend!

vanessa was essential in scheduling a procedure for me.   i wasn't even home and she was already calling to offer days and times for me to choose from.  i was immediately emailed the information that i would need!  

i know this is a long review, but there are several people - people who offer their care to make it so!  

everyone i was in contact with was friendly, professional, and offered genuine care! 

i'm rest assured that i can trust my health care needs with dr. hwang and her staff.   i'm confident they will all make a great team in getting me to feeling better.  thank you to all."
487,487,1.0,0.2173,"life, work, find, plan, month, year, change, program, live, home","tl;dr
* learn which metrics to focus on for motivation
* they work around injury to keep you moving forward, safely
* i saw positive changes in my body within a month
* quick to reach when you have questions
* they easily work with food restrictions
* excellent pinterest collection with delicious recipes
* topical emails to help with little hang-ups, ex. snacking
* they won't make you run until you puke (i was actually afraid of that...)
* i'm 100% satisfied and i had fun and really liked everyone i worked with!


after years of trying to begin exercising on my own, only to either hurt myself and quit, or quit because i didn't see results, it was clear i needed specific one-on-one guidance. i'd read and watched all sorts of fitness content online, but i needed something tailored to me. the internet had left me overloaded with instructions, exercises, and meal plans... i really needed someone to cut out all that noise and tell me exactly what to do. i needed professional help.

i reached out to holly and set up my first strength training session with vanessa via zoom (this was during shelter-in-place). after this session and a couple conversations, it was clear that these were the right people to work with, so i signed up for 10 more sessions.

after 11 strength training sessions with vanessa, some running, and a few dietary tweaks, i'm definitely looking more fit. i still have a long way to go, (i mean, i've only been doing this for a little over a month) but there's no doubt that i'm becoming more tone. my bulges and sagging areas are smoothing out because of the muscle being built. they've taught me which metrics to focus on in order to measure my results, and that has kept my motivation strong.

it's clear that their professional skills are top-notch, and in addition, holly and vanessa have best in class personalities. when something arises, a hurt joint or a non-exercise related injury, they know how to work around those issues and keep you moving forward without hurting yourself further. once i finally was able to meet vanessa in a park (following social distancing rules) i had... fun?! 

i'm really excited about my improvement and a future of staying fit! if you're struggling to find the right, healthy balance for yourself, this is the place to start. not only am i 100% satisfied with how they've helped me, i really like them as well."
488,488,15.0,0.1028,"session, telehealth, work, easy, therapist, helpful, continue, highly_recommend, offer, therapy","during the pandemic, athletico - andersonville south worked with me to continue my pt while i've been stuck at home. i've been able to keep up therapy twice a week via zoom, it's not only helped my knee, but daresay my head as well. thanks so much!"
489,489,15.0,0.1487,"session, telehealth, work, easy, therapist, helpful, continue, highly_recommend, offer, therapy","my hip has been bothering me lately to the point where it was difficult to walk straight so i thought i should see a physical therapist but wasn't sure how i could with covid-19. i contacted christi at kintsugi pt and she scheduled a telehealth session. i didn't even know that physical therapy was possible through telehealth, but thought i would give it a shot. glad i did because i am able to walk straight with no pain. the session was surprisingly good. christi was able to diagnose my symptoms by asking me to do this and that and making me point out the part of my body that hurt. then she was able to teach me how to perform various stretches to help release the pain. and this was all done on my iphone in the comfort of my home. i guess physical therapy can be done through telehealth! i got great results after just one session! i highly recommend anyone needing physical therapy but not able to get to the clinic, especially in these times, to give telehealth a try. and i highly recommend seeing christi at kintsugi pt."
490,490,15.0,0.121,"session, telehealth, work, easy, therapist, helpful, continue, highly_recommend, offer, therapy","dr. bita is such a wonderful therapist! i felt an instant bond and trust with her. she challenges her clients to better themselves and look at things from a different perspective. she is very relaxing, easy to talk to, trustworthy and sweet. i had been with her for a while before i moved, and she was kind enough to set up telehealth so we could continue until i was ready to move on. i am so glad i picked dr. bita to be my therapist."
491,491,8.0,0.17,"call, wait, doctor, day, minute, appointment, hour, time, receive, message","right now is a very hectic time for everyone. my mother in law is very sick and with the covid-19 going around we are all scared she might have it. she had a virtual doctor appointment this morning around 10:30-11 am and the dr. confirmed she would call in the prescription for her today. two hours later we called cvs but it was not called in yet which is fine. we called the clinic to see if it would be called in today they said to wait a bit as she went to lunch after the call. no problem we were nice and understanding. we called again about 2 1/2 hours later because  mother in law started to get a fever and was very uncomfortable with pain. we called and cvs still did not receive anything for a prescription. we called the office again just to check in (we were very nice) the woman on the phone was very rude and basically yelled at up that the doctor was off the last two days and has a lot of patients. first of all, we were just calling to check in and we were very nice about it. we did not yell or complain so to be treated the way we were was very unprofessional and rude. this is a time for major concerns esp. with older people. her attitude was very unprofessional and there was no need for it. sorry that we are worried about our mother / mother in-law who is older and could possibly have covid-19 which can be deadly. coming on here to see such bad reviews does not surprise me. compassion and patience is part of working in the health industry. hire better people!"
492,492,4.0,0.0975,"patient, doctor, medical, make, office, health, practice, review, provider, year","dr tran is one of the best doctor's i've had.  i see him for my adhd/anxiety.  he's very attentive and really listens to his patients.

i had to move to bay area for work and he was one of the few doctors that was taking patients.  at first, he was definitely very skeptical of me.  doing his due diligence, making sure i wasn't hiding anything or lying.  i'm sure he gets many patients that fake adhd symptoms for stimulants.  after a few more sessions, we built alot of trust.  he's willing to suggest new routines if the current ones aren't working, which is something rare in my experience with doctors.  the results have really improved.

i agree with other reviews that the answering service is not great.  dr. tran has addressed this by using a patient app that allows easy communication via call/text.  it has been a huge improvement.

with the covid situation, i have been seeing him through zoom and haven't had any issues.

definitely recommend!"
493,493,2.0,0.179,"issue, time, extremely, make, service, concern, friendly, kind, person, super","i've been going to dr. tran for over a year now, both in office and, during shelter-at-home, over zoom. i've always been treated with respect and my concerns have always been listened to, which in my experience is rare. as someone who had to look for a bunch of doctors before i found one that took all of my concerns seriously, i am glad that dr. tran is my doctor. 

dr. tran has a dry sense of humor, which i appreciate. sessions with him are a mix of compassion, some tough love, and lots of jokes to lighten the mood. what is most important to me, though, is how transparent he is about all my options. we always discuss every different medication, the possible side effects, and my concerns about each. if i am not on board for a medication for whatever reason, it's off the table and we move on. personally, i have never experienced that with a psychiatrist before. 

i've had to switch through several medications over the past year, trying to find one that fits for me, and that's a very trying process on mind and body. dr. tran has been there throughout the experience to explain every step, come up with new plans with my comfort in mind, and safely and effectively ween me off and on while switching medications. he also keeps my safety in mind, opting for the least disruptive or addictive medications first.

as for the other reviews here, i've only ever had a problem with the answering service once, and dr. tran set up a direct method of contact so that i would not be inconvenienced in the future. dr. tran also sets appointments up with me himself, so i haven't had any issues making appointments during my time here. the office staff has always been kind and professional towards me, and i have no plans to seek care elsewhere."
494,494,10.0,0.1453,"care, staff, covid, family, professional, due, physician, great, understand, provide","dr ibidun ukegbu and staff are very professional. the staff is attentive and knowledgable. when dr ibi is out for instance, social distancing due to covid-19, the staff has taken additional measures to follow guidelines to protect patients and provide patients with their needs. dr ibi's clinic is up-to-date with technology and provides medical care through telehealth. dr ibi is not only knowledgable, she is also relatable. when she gets lab results, she will recommend more than what you came for to improve your overall health. while some doctors rush you out the door because they are too busy to spend significant time, dr ibi takes her time and make sure you understand what is happening to you and equips you with information on how to take care of your health."
495,495,11.0,0.2783,"baby, give, support, child, pandemic, birth, hospital, daughter, thing, husband","a life saver !!!  i'm now mother of two.  i had a lot of problems with my first daughter. therefore, i was very afraid to breastfeed my second daughter. i had a prenatal consultation with amrit. she listened to me and gave us a lot emotional support and practical advice that made me feel more empowered when my second daughter was born. 

after the delivery, amrit helped us with the latch through video conference. i'm soo happy that she was offering on-line consultation during the cv-19 pandemic. she saw how i was breastfeeding and explained me what to change to get a pain-free latch. and it works. after the online consultation, she continued guiding us via sms and recorded videos. she was amazing. i'm now enjoy a beautiful experience with my baby thanks to her. i know that sometimes video conference can be not as optimal. but the experience and patience that amrit has, made her an amazing online lactation consultant."
496,496,12.0,0.1876,"appointment, office, schedule, phone, patient, telemedicine, email, cancel, due, receptionist","after having an afternoon appointment for several weeks, dr matt fouse staff calls to reschedule my appointment to the time of the day i work. dr fouse is now only seeing people in the mornings, and is holding video conferences for appointments only. this is reasonable for the recent coronavirus threat. what i do not find reasonable is the fact that a video conference can be done anytime during the working day.  this is an insult to my working schedule which has been rearranged to accommodate the original appointment date/time. it is an insult to me as a patient leading me to believe that the dr cannot honor the original schedule appointment date/time due to the coronavirus. my occupation gives me enough security to be working during a time of crisis as i am critical personnel. i am insulted that the dr thinks everyone can drop their prearranged schedules to accommodate his whim to not work in the afternoons when others take care to plan their own schedules in advance.  then for the staff to say ""i'm sorry only a nevada law"". seriously. law?  come on. you can do better than that."
497,497,8.0,0.164,"call, wait, doctor, day, minute, appointment, hour, time, receive, message","if i could choose 0 stars i would. i've been trying to get in touch with these folks at specifically the ophthamology department for my ailing father and i've been placed on long holds each time for 5 phone calls (the longest i could stand was 45 minutes before i had to go back to work). when you call, it immediately puts you on this presumptuous classical violin music that i've heard on repeat for hours at this point in totality, with intermittent messages to use their ""callback service."" the callback service doesn't work (i've set two different phone numbers in their alleged ""callback service."" it's been 72 hours and neither device has been called back. my phones are certainly not broken, both are receiving calls from everyone but them completely fine. hit 0 and it sends you back to the message to use their horse sh*t callback service. or they're filtering area codes outside 845 which would be insane as most people are on mobile phones these days). they are certainly open the days of the week i called. it appears this phone number is for an ophthamologist, not even an internist or infectious disease doctor (yes, i realize there's a pandemic going on, but this practice seems irrelevant to that. i've been getting responses back faster from my hospital and we are in a high-case area for coronavirus and a far higher population density, if that tells you something about efficiency and care). 

my father came in for a visit in response to recent vision loss / blurriness and they struggled to understand what the doctor (dr. whitzel? witzel?) was saying, so i've been trying to contact them to clarify confusion from my parents who said they did not understand a lot of what was covered in the visit. yes, of course i am concerned when the only thing they understood in the whole visit was ""he has a brain problem."" i am on the other side of the country, and unable to accompany them to these visits (they are hard of english and resistant to hiring nurses / help), but i do often rely on having to call / followup with doctors to clarify findings / next steps. if i responded this way to my job i would have been fired yesterday -- no, probably last week. happy to change this whenever this office decides to respond to their queue of ""callbacks."""
498,498,6.0,0.1265,"doctor, give, day, symptom, eye, sick, put, medication, antibiotic, explain","dr. singer and his staff were amazing.  my 23 month old has had terrible chronic ear infections.  during covid19 it was a nightmare.  every time she got an ear infection, she would spike a high fever but no one was seeing children with fevers for fear of covid19.  i begged!  my older child had tubes put in from another surgeon and he wouldn't see my daughter now.  dr. singer was the only pediatric ent seeing kids during covid19.  he made telehealth appts so we would be all set for surgery when the hospitals opened back up.  i am forever grateful!  having my baby have high fevers during this time was an absolute nightmare.   dr. singer thank you so much!  i have one less thing to worry about."
499,499,15.0,0.1453,"session, telehealth, work, easy, therapist, helpful, continue, highly_recommend, offer, therapy","speech therapy sessions for my five year old with narissa and jason through zoom have been a terrific alternative to our traditional in-person sessions. we were a bit skeptical at first at how effective the lessons would be without their physical presence but quickly realized that it wasn't so much the physical presence that was necessary, but the genuine motivation, knowledge and patience that the team at avid brings that makes each session worth while. these digital sessions are the perfect solution for times when in-person meetings are simply not an option."
500,500,5.0,0.1867,"pain, exercise, body, follow, pt, injury, physical, excellent, issue, run","i have been going to the stretch zone since last year.  i do a lot of computer work via telemedicine work and computer work. severe back spasm , joint and muscle pain . i love my two times a week sessions. the sessions has helped to improved muscle pain and improve my range of motions. alleviated severity of neck and muscle strain leading to headaches. i am able to do longer periods of work due to the special care of brandon and yasmine. love them. i think the key point is maitenance and consistency in any medical modaility . i just got back after their opening at the stretch zone. i like that they have in place cleaning protocol. and covid precautions for their clients. in the current environment , its nice to know they are making sure that not only their therapist but also their clients are safe. we can never be too careful. i always say continue to wear your mask , wash your hands and be diligant. stay safe, 

dinh pham"
501,501,5.0,0.21,"pain, exercise, body, follow, pt, injury, physical, excellent, issue, run","virtual visits / telehealth update: with the new social distancing guidelines i have had to transition to telehealth visits with robert to continue my recovery for both a neck and hand issue (watch those ergonomics when working from home!) as well as my continued strength training for my ankle. 

i was nervous it wouldn't be as effective as my in-clinic sessions but i was wrong - not only was it really useful and simple, but robert was able to evaluate my ergonomic work set up and offer feedback and suggestions for improvements to lesson any physical issues and improve posture so new ones don't crop up. 

he also was easily able to provide guidance for my ongoing at home exercises that i can do during meeting breaks and phone calls. 

i would say very little was compromised from the video visit physical therapy session, as long as you clearly explain what's gong on with your body to robert. the other main things would be to make sure you can get on zoom and that your sound and video work and are at a good angle, and to prep any usual equipment you use for home exercises. and don't forget to wear pants - wfh does not mean no one can see you"
502,502,2.0,0.0923,"issue, time, extremely, make, service, concern, friendly, kind, person, super",dr. kim helped quickly diagnose my children's bites and rashes whenever they came up and provided treatment that cleared them up quickly.  very personable and knowledgeable.  being able to have a dermatologist on call for video conference makes parenting a lot easier whenever the need arises.
503,503,5.0,0.1688,"pain, exercise, body, follow, pt, injury, physical, excellent, issue, run","jenn is a phenomenal physical therapist!  i have recommended all of my friends and family to her if they needed a good physical therapist.  she's really able to pinpoint the root cause of issues and the exercises she recommends are always on point!  

i have seen her for si joint issues, back problems, carpel tunnel & other pregnancy pains, and neck pain!  she knows exactly when to refer out if there's something more that's needed besides physical therapy (a skill that is very hard to find) and she really knows her stuff really well!  

she also teaches amazing yoga classes that help you to really truly learn how to listen to your body, analyze its limits and compensations, and feel relaxed as well!  during the time of covid she was able to teach amazing yoga classes via zoom that have helped my husband with his weak ankles, and me with my post partum recovery!  

she is an expert with yoga wall and in general just such a sweet person.  definitely highly recommend going to her!  she is truly the best!"
504,504,9.0,0.1089,"visit, time, doctor, virtual, experience, follow, fact, hard, person, worth","i have waited thru the corona virus to contact kaiser.. i know that there are way too sicker people than me,  however..i've waited.. i'm sick..  i need to see my docter.. i got my reality visit for tomorrow.. i was promised a virtual visit with my doctor..  my newest email notifying me is to get a virtual talk thru is with a stranger docter??  i've waited thru being in almost 2 hours on hold via kaiser's queue.   what kind of customers service is that??  i give no stars to kaiser..  i will not renew my membership!!"
505,505,9.0,0.1326,"visit, time, doctor, virtual, experience, follow, fact, hard, person, worth","i have mixed experiences with crystal run. my husband and i both had experience with their bariatrics department and can't say enough wonderful things about dr. powell and all of the staff. but i went for my annual through their obgyn department. awful experience. difficult to get in and they rescheduled it twice. once i'm there i have my annual and explain i'm having a few issues. the dr prescribes me new bc and another medicine that's fairly new and she didn't have much experience with. i had to call her office several times to remind her to send the prescription through the mail vs my regular pharmacy...cost difference was $300. her office finally sent it. it was a 3 month prescription and i would have to comeback for a follow up visit. i scheduled another appointment and then corona hit. my work was shutdown suddenly and everything going on i had to reschedule my appt. i did as soon i could get..by the time the appt came around everything in the state had been shutdown and i had gotten a notice from crystal run about ""tele health"" and how they were waiving co pays for patients to do zoom appointments. great..so i called and left a message to the dr/nurse to request my appt be a zoom one. they got back to me and refused. i called them back and explained it wasn't for my annual it was just because the dr prescribed me a new medicine and wanted to ensure that i was good with it...the nurse stated that the doctor still wanted to see me. okkkk?! wtf you don't want me out and around for no reason and your making me? so i go in and the doctor was like why didn't you do a tele health appt? i explained i tried. she blamed her staff for the mix up. thankfully i didn't get covid, but time and time again the obgyn staff isn't on the ball."
506,506,5.0,0.1621,"pain, exercise, body, follow, pt, injury, physical, excellent, issue, run","i attended a telehealth session on myofascial soft tissue release with brianna vandersloot and absolutely loved it! it is amazing what you can learn over a zoom appointment. brianna taught me how to release tension in each of the major muscles of my body and spent extra time targeting my shoulders and pecs (areas that i hold tend to hold the most tension). she clearly explained body placement, gave variations to exercises and was able to answer every question that i had. i left the session feeling less stressed and tense. highly recommend!"
507,507,2.0,0.0902,"issue, time, extremely, make, service, concern, friendly, kind, person, super","dr. groisser is extremely professional, caring, interested and intelligent.  we have not seen him in person - only through telemedicine - and we were so very impressed. he saw us at the appointed time, was anxious to help and so kind.  i highly recommend him"
508,508,12.0,0.1194,"appointment, office, schedule, phone, patient, telemedicine, email, cancel, due, receptionist","in this time of dealing with the wuhan corona covid-19 virus you would expect some compassion from the physicians at kaiser. not dr. anderson in occupational medicine. his expectation is to bring your child with you to an outside visit for physical therapy while he sits comfortably in his office cancelling his in person visits for phone visits.

while physical therapy isn't a medical office it's still hands on patient care, something we are being told to distance ourselves from in the face of this virus.

so is it essential to go to p.t. and take a risk? i think at this point no. 

i think he's a hypocrite and a coward expecting his patients to be seen while he cancels his in person appointments in lieu of phone appointments.

update 3/27/2020 - come to find out that kaiser isn't seeing patients for p.t. so the plot thickens as this doctor expects his patients to be seen by p.t. but not at kaiser.

4/2/2020 - just made a visit to urgent care and the patients and staff aren't being provided ppe. was sent over to the hospital er and the same there. staff are pissed and so are patients! kaiser permanente is a problem, not the staff, but the physicians and management are making it an unsafe place to receive care."
509,509,18.0,0.0824,"recommend, month, year, week, son, surgery, kid, job, procedure, sleep","dr. bakshandeh is amazing!!!  she helped me with my child's skin issue.  she did a telemedicine consultation and i had all of my questions answered without having to leave my house during this quarantine.  she is kind, caring, patient, and thorough.  i can't recommend her enough!!!"
510,510,15.0,0.2187,"session, telehealth, work, easy, therapist, helpful, continue, highly_recommend, offer, therapy","a colleague recommended ecc at a time when i was looking for a therapist for my child. she told me that their therapists were trauma informed. i hadn't heard that term before and became curious for my own healing as i have endured a lot of trauma in my life and had written off talk therapy as an effective means to deal with it. i realized after meeting the team at ecc that there are different types of therapy, cbt, dbt, emdr, eft, matrix, and more! i decided to give it a try myself since the family's field of energy impacts the child - so whatever i could do to help myself would help my child. i was so deeply pleased with my experience that i continued with sessions utilizing all those acronyms above until i cleared and healed the wounds that were keeping me stuck from the happiness, effectiveness and productivity i was desiring in my life. they were helpful in advocating for me with my insurance. i have been so disappointed and overwhelmed with insurance companies in the past, i had almost given up on that too, but with their help i was able to use the benefits i was due. apparently in our area we have more mental health need than available therapists and that is why it is hard to find not only a qualified therapist, but also one who would take my insurance. quite frankly, i get it. i feel like my insurance denies everything in hopes i am too overwhelmed and misinformed to question it and fight for my benefits. our health insurance system is definitely broken so i was helpful to have a team who still takes insurance (i can only imagine how it is from a business pov so i get why many don't). i was most struck by a conversation i had with the founder, melanie vallee, where it was apparent the commitment to community health, innovative approach in treatment for depression, anxiety that the center was rooted in. she was getting her ph.d. in a transformative approach to treating depression which is what i was interested in. i have had lifelong struggles with mental/emotional health and to find someone who was bringing in therapists who aligned with this more refreshing and effective approach to healing gave me hope for my healing and transformation. it was easy to book online, and the convenience of having telehealth sessions has been super helpful while my child is homeschooling now. although i do love going into the office. it is so zen. i usually come in a little early to grab some tea and relax a little before my session - such good energy in the space. i feel very well cared for at ecc. i also know it is a big deal to choose a new therapist and that is why i am writing this review and sharing my journey. best wishes and good on you for seeking support."
511,511,1.0,0.1153,"life, work, find, plan, month, year, change, program, live, home","i am currently a patient on the behavioral health unit, 32 south. my ""doctor,"" kenneth a. hetzler, has continued to maintain that i am an imminent threat to myself and others based on instagram art posts that i made while peacefully at home and quickly took down. i have been kept here for nearly three weeks against my will with no access to fresh air, off-unit time, visitors, or personal effects. what passes for mental health care in this hospital is nothing short of obscene. right now, i am awaiting a judge's decision to know if i can return to the home i own and maintain safely. dr. hetzler lied to the judge. you read that correctly. to add frightening insult to injury, hetzler has never set foot on the unit while i have been here. his absurd opinion is based entirely on only three, hour-long zoom mtgs. with me and staff notes. despite the fact that i developed an inability to walk without the assistance of a walker and the horrific side-effect of akathisia, he continues to order haldol to control my ""homicidal and suicidal manic"" urges. you are reading a true but nauseating to read tale. if i don't receive a sensible judgment soon, all hope for humanity on this unit is lost. other staff members are decent and kind. many think what has happened to me is offensive and wrong. the night-shift head nurse brian anderson spoke with the worcester police department to corroborate that what is going on here is a human rights disaster."
512,512,4.0,0.0675,"patient, doctor, medical, make, office, health, practice, review, provider, year","i have been a patient of dr young's now for over 20 years.  dr young is just an amazing doctor and is very attentive and responsive to any request that i have. he always follows up with me and is truly concerned about my health.   recenly, through telemedicine, dr. young, literally, saved my life.  so dr young thank you again!!"
513,513,8.0,0.1726,"call, wait, doctor, day, minute, appointment, hour, time, receive, message","i was scheduled three times last week for telemedicine appointment and the office called me three times having to cancel my appointments and office set me for an appointment on may 26th at 10:30 so i called the office at 10:45 .  so i called the office and told them i had a 10:30 and they stated he was running late. i called the office at 12:05 and the office staff said he left for the day? so i assume he was not calling me.  i called the office on may 27, 2020 and i said the doctor saadat never called me back yesterday?  office staff said they can set me up for telemedicine on may 29,2020 at 10:30 am.  i don't feel it's right to treat a patient this way even if he is best doctor.  i will not hold my breath at 10:30 on may 29/2020"
514,514,6.0,0.4315,"doctor, give, day, symptom, eye, sick, put, medication, antibiotic, explain","i am so thankful that i was able to find dr. huang during this pandemic. he may have literally saved my life by making the correct diagnosis and getting me off the wrong medications that was prescribed by other doctors. 

in early february of 2020, i had an endoscopy done by a gastroenterologist, and about a week after, i started noticing some shortness of breath and also felt a swollen lymph node behind my ear.to make a long story short, fast forward to march of 2020, in the midst of the covid pandemic,i had difficulty breathing and a fever which led me to believe that i may have had been infected with covid19. ultimately, after my lab test result tested negative for covid but indicated klebsiella pneumoniae bacteria, i went to see a pulmonologist at ucla where an x-ray of my lungs were taken to rule out pneumonia. although, the pulmonologist from ucla did not listen to my lungs, he prescribed an antibiotic given the bacteria found in my nose, and asthma medication for breathing problems (even though i had tested negative for asthma couple of years ago by this same doctor) after my breathing condition did not improve, i reached out to a different pulmonologist in glendale who provided telemedicine consults. the second doctor prescribed more asthma medication and ultimately told me to take a repeated x-ray and repeat covid test after my condition did not improve. after the chest xray came out clean for the second time, the doctor in glendale told me he did not know what the problem was and told me to hang in there or go to urgent care. by this time, i had slept only 5 days out of the last 15 days and lost over 10 pounds because of severe breathing problems, sleep deprivation and no appetite. 

then out of desperation at 6:00 am, after having stayed up all night, i searched for another pulmonologist and fortunately found dr. huang on yelp and reached out to him by email. surprisingly, dr. huang got back to me right away and saw me the same day through zoom video conference. dr. huang patiently listened to my history regarding the onset of symptoms  and complaints and told me that if one of the asthma medication he prescribed did not improve my condition within the next few days, then he would see me to figure out what was going on. after symptoms did not improve, i went in for an evaluation and dr. huang actually listened to my lungs using a stethoscope and also conducted a lung function test himself. after a comprehensive evaluation and a lung function test, dr. huang told me that i likely had some form of upper respiratory infection before which may have caused breathing problems and fever, but at the time of his evaluation, my lungs sounded normal and i should not be having such severe breathing problems. he told me that what may be going on is that the asthma medication that i was prescribed was causing anxiety and panic attachs which was making my breathing problems worse - causing a vicious cycle - breathing problem so take more asthma medicine which causes more anxiety which makes breathing problems worse. 

after i was taken off the medication, my breathing problems improved significantly. although, it took weeks to deal with getting over the psychological component of having had breathing problems and panic attacks, i am now almost fully recovered. 

dr. huang was so patient, kind, and methodical in the manner in which he diagnosed my condition in the midst of the covid pandemic. it was so difficult to find a doctor who was willing to actually listen to my lungs during this covid pandemic and give me a correct diagnosis. i cannot thank dr. huang enough. had i gone several more days without sleep, i'm not sure if i would still be alive today."
515,515,9.0,0.0965,"visit, time, doctor, virtual, experience, follow, fact, hard, person, worth","in my experience, dr. parker is an extremely knowledgeable and compassionate professional. due to the current situation with covid-19, i needed to see him for a virtual visit for ear pain i have been experiencing. the telemedicine visit went extremely smoothly, and i do not feel in this particular set of circumstances, that i would have been any better served by an in-office visit. i highly recommend dr. parker!"
516,516,8.0,0.0862,"call, wait, doctor, day, minute, appointment, hour, time, receive, message","due to covid19, i had a telemedicine visit with dr. lam.  i enjoyed being in the convenience of my home and not having to go into the office.  this should become a norm, especially if you don't need to check any vitals.  dr. lam provided the same type of courteous service that she provides in the office.  the televisit was less than 10 minutes. 

it was easier to log on via my computer via the link that was sent to me vs. trying to download the app via my iphone.  if you are using your phone, please make sure you know your portal username and password, otherwise it can take up to 24 hours to get this to you."
517,517,0.0,0.1203,"feel, make, love, experience, couple, start, anxiety, ease, team, share","i had a wonderful experience with dr. jow. i had slowly increasing joint pain in my finger. what i really loved about the experience was the efficiency and effectiveness.

on the efficiency side, i was able to do everything online within minutes. they have easy-to-use online tools so i could book an appointment online, have a video conference, get detailed physical therapy instructions, and receive all the documents i needed for insurance reimbursement. 

on the effectiveness side, my finger is feeling great after 2 weeks of at-home physical therapy exercises. during the video call, dr. jow and her physical therapist were extremely patient trying to understand my life/behaviors and what might have caused the pain (likely additional computer/mouse use due to covid) and also recommended preventative actions.

i love the easy online tools to save time on bureaucracy and the longer in-person session where extra time, patience and understanding counts! they were willing to spend as much time as i needed to feel comfortable... far more than the 10 minutes you would usually get from a team associated with a large hospital system.

will definitely be going back! thank you dr. jow and team!"
518,518,7.0,0.1031,"check, nurse, facility, room, minute, place, hour, staff, leave, happy",it was the 4th week of march in 2020 and i had cold symptoms for a week. i was checking my temp multiple times a day. i was checking my heart rate and my blood pressure. i was so scared that i had covid. i called dr. jow for a telemedicine visit. she listened to my concerns slowly and patiently. she reassured me that i was likely okay and asked me to check in with her in a day if things got worse. things got better. i'm grateful for her professional opinion during a frightening time.
519,519,16.0,0.6806,"people, place, talk, make, happen, hope, speak, woman, client, center","i am so disgusted by the way the owner dr. rhodes speaks to her clients that pay for the service. my experience her had been nothing but unpleasant. she is rude and screams at you. interrupts class sessions with disgusting verbal language and makes unprofessional passes at clients and when i brought it up she got upset and kicked me out of the class that i paid for. this place is absolutely ridiculous and hasn't done what it says and offers. dr. rhodes has given me nothing but stress and anxiety as well as her doing it to others. i am blown away that she has stayed in business so long and nothing has been done to stop her from mistreating people. people with addiction and mental health issues should never go to this place. it's just wrong to be treated this way and this has happened to me multiple times with her and people need to know just how awful she is. i've been in the program since january 2020 and was supposed to have 2 random drug screenings a month, just these past two weeks during a pandemic they now want to have me come into their office which is not clean even though they say it is and i have not used drugs and alcohol, i'm here because of a custody battle and am not about to risk getting sick from going to her establishments and especially not when i am being treated this way. no one deserves to have to spoken to the way she has chosen to speak to me and the way she speaks in a group that she is not even running. i am making sure to call my bank and stop payment on the class tonight because there was no reason for her to lash out yet again on me and kick me off of the virtual zoom class all because i spoke up and asked her to not make inappropriate and unprofessional passes at younger men in the class. i am so disappointed that someone who has the title of dr. would conduct herself in such a matter. i hope no one experiences what i had to and hope that anyone with a drug addiction or mental health problem never has to be treated the way i was and goes somewhere else for help. she is only in it for the money. not to help



i am absolutely blown away. i just received a phone call from dr. rhodes herself who once again was so rude and patronizing and condescending. she terminated me from the program for no real reason other than her saying i'm not progressing which is an absolute insults and a lie. mr. allan and ms. maggie can confirm that, and when she called me she mispronounced my name yet again and i politely corrected her and she stated that it is phonetically spelled a certain way so that is how she is going to pronounce it. she said i am not progressing in the program even though i have attended every single group counceling session and participate and contribute to what the topic is and just finished my last one on one counceling session with ms. maggie and paid dr. rhodes so much money and for what?!? what a scam! ms. maggie who is amazing. i only had a few more group counceling sessions to go. which proves my point how inappropriate and unprofessional she really is. she laughed at me as she proceeded to tell me that she is terminating me from the program and is going to tell my judge who she thinks is a male but my judge is a female all these awful things about me which are absolutely untrue. what a deplorable woman and how disgusting the way to speak to a client and how unprofessional of her to call me on a saturday to insult me and say what she has to say. i waisted so much money for nothing when i have done nothing to this woman ever. she had a personal vendetta out for me and now i have to go find a real counceling center for real help and to be able to get my custody battle resolved. it's sad that i have the intake letter from her that i will happily post to show how she talked so well and highly of me and now wants to switch up her story and belittle me and terminate me. thank you for stealing my money and i will post another yelp review letting everyone know what kind of person and dr. she really is. she doesn't care about anything but herself and money with no regard to people and their lives or helping them. shame on you. you should not be in this profession and i am so disappointed that i thought your program was legitimate and there to actually help people. i hope you get the help and counceling you need because it's becoming quite clear that being stuck in your house is affecting your mental health and affecting your work ethic. i will pray for you and hope you turn your life around because even though you deny it i have and am doing so well and wish you were too."
520,520,19.0,0.136,"week, person, start, work, meeting, good, meet, back, leave, thing","i wasn't sure i was going to write a review, but i slept on it last night, and i still felt like i should this morning. yesterday, first thing in the morning, i called dr. valenton's office after a referral from a friend and asked if she was taking new patients. jenny (the receptionist) said she indeed was. mind you i'm 12 weeks pregnant and looking for an obstetrician. my regular ob/gyn is lovely but unfortunately doesn't go past the first trimester, and i explained this all to jenny up front. i've never done this before, so i asked if the doctor does consultations. jenny said ""she doesn't do meet and greets... either she takes you on as a patient or she doesn't."" so that already was a little off-putting. this is a big decision, and also, we're in quarantine, so maybe she could do a zoom call for 5 minutes? i don't know... feels like logic since this is possibly the person that is going to deliver my baby. anyway, i said ""okay... well she comes highly recommended, so i guess let's go for it."" jenny said ""okay, great, well please have your previous doctor fax me over your medical records."" at that point, i called my other very busy doctor to send the paperwork, and jenny and i had to speak a few more times during the day to get the insurance right etc., and then she finally received my paperwork later in the day. jenny called me at 4:30pm and said ""i received your paperwork. how far along are you again?"" i responded ""i'm 12 weeks today."" she then said ""oh okay, well i talked to dr. valenton, and she said she'd prefer to start with a clean slate and doesn't want to work with someone that's already 12 weeks along. so she's recommending you work with dr. chen in her practice instead."" and i'm not kidding when i say it sounded like she was smiling while she was relaying this message. so a little shocked, i said ""ohh, well the whole point was to work with dr. valenton because she's who my friend ______ highly recommended, and i thought she was taking new patients."" and i was met with silence on the other end of the phone. so ultimately, after they gave me the runaround, i have decided i won't work with this practice at all. if this is how they treat potential patients, i'll find another doctor that gives me the time of day."
521,521,19.0,0.1659,"week, person, start, work, meeting, good, meet, back, leave, thing","if only i could give zero stars...sigh.

alium is an utter and complete shit-show. 

i was an established patient there for 2+ years. after holding off for weeks during the thick of the covid-19 crisis, i emailed my provider last week to try to schedule a telemedicine appointment, as i was ill and had been for weeks. 

i knew that their nurse practitioner, the main medical person there, was on maternity leave, but i logically assumed that someone would be covering her in-box during her extended, planned absence.

when i hadn't heard back the next day, i called. they told me no one was checking the np's inbox during her maternity leave. they further informed me that ""no one is covering medical"" during her maternity leave and that my choices were: either go to the er or go to another practice during a global pandemic. (note: there was no advance communication to established patients to the effect of ""there will be no medical care available from alium for the following weeks/months..."")

they know that i'm sick and also at high-risk for covid-19 yet they refused to even provide a telemedicine appointment with the md medical director. when i complained and threatened to report them to the authorities, they promptly dismissed me from the practice.

since i've been a patient there, they've had nearly 100% staff turnover. everyone good is gone basically.

they advertise services they don't provide, such as nutrition counseling (i tried to schedule an appointment with their nutritionist, and they don't have one, despite what their website says.)

if you want lots of shoddy care and unkept promises, this is the practice for you. otherwise, i'd steer clear of alium."
522,522,6.0,0.2105,"doctor, give, day, symptom, eye, sick, put, medication, antibiotic, explain","my 1.5 year old son is a patient of dr. mavunda, a physician with kidz medical services. her office is based in south miami next to the hospital. we first went to her when my son had croup and really bad ear infections and upper respiratory issues. she immediately put him on various medications and inhalers and he immediately got better. dr. mavunda was also recommended by another momma friend of mine that has twins that also had bad respiratory issues. she is always very sweet, and very easy to reach if we have questions. when we have visited her office we typically do not wait more than 5 minutes. why can't all doctors be this prompt? recently my son had a really bad infection and his regular pediatrician gave him antibiotics for an ear infection but his cough still did not go away. with covid, we could not go into dr. mavunda's office does we did a virtual visit on her telehealth platform. she immediate diagnosed my son and gave him a new medication and he was better almost immediately. since then, her office has called us 3 times to follow up and see how he is doing and feeling. i'm so impressed with their level of care and extra follow up especially now with covid. we are so grateful to dr. mavunda and her compassionate and thorough level of care she has provided to me and my family."
523,523,8.0,0.1472,"call, wait, doctor, day, minute, appointment, hour, time, receive, message","my spouse had an appointment at 3:30 friday. she waited and waited. called twice and was assured the doctor would call, this was a telemedicine appointment. no one called, its now tuesday, the office phone is being answered by a phone service. the phone service stated they are very busy because it was a holiday weekend. we will be sending you a bill for 200.00 dollars for making my spouse wait until six for your damn call! at least have the courtesy to call someone or e-mail them and let them know you cannot complete the appointment. your office, doctor needs a better staff! better communication, better service and better time management! get a clue and wear your mask over your nose during covid 19 girl at the window!"
524,524,12.0,0.0817,"appointment, office, schedule, phone, patient, telemedicine, email, cancel, due, receptionist","just had a horrible telemedicine conference with dr. priya gambhir. she told me i was ""going on and on"" talking (about my anxiety), made false accusations about things i never said, and ended the conversation with ""i'm done doing whatever it is we're doing here."" i was shocked and appalled by her behavior. i asked if i could speak to her manager and she said - ""no, i'm speaking to my manager"" and then hung up the phone on me. i do not recommend any visits with her."
525,525,5.0,0.1355,"pain, exercise, body, follow, pt, injury, physical, excellent, issue, run","i have been so amazed at the customer service here and the knowledge and helpfulness of the therapists. i did a consultation with dr. matt to see if he might be able to help me with numbness i've been having since last summer all through my pelvic area, lower back, and thighs. i had been to several doctors, including a specialist, and had an mri, and none of them had a clue what was wrong with me. i had seen a pt at kaiser who didn't know what to do with me, and had been to several months of acupuncture with no results. it was so frustrating and i had gotten to the point where i felt almost hopeless, that this was going to be my new normal. on a 30 minute zoom call with dr. matt he was able to tell me what the issue was! i have been working with both dr. matt and dr. eric now for the past couple of months and feel better than i have in a long time. they are both extremely knowledgeable, friendly, and professional. the insights that they have given me into my body and the way that i move and breath have been priceless. they are teaching me how to move and exercise so that i don't injure myself, and different exercises that i can do to heal my body and make it stronger. they have been helping to make sense not just of the issue i came in for, but also of a lot of different physical issues i've had over the years. i finally have hope that i will be able to heal and lead a normal life. i am so thankful that i took a chance and called them. and not to leave out all of the staff, renae and others, who are so incredibly friendly and helpful as well! the whole experience has exceeded my expectations and i would not hesitate to recommend them to anyone."
526,526,17.0,0.1662,"call, insurance, phone, charge, pay, appt, receive, bill, horrible, today","if i could give this place zero stars, i would. i went there after the meds i got from a different doctor was incorrect and weren't helping. i had been sick for a few weeks at this point. got called back pretty quickly, but the doctor wasn't even in the room for three minutes. she said there was nothing she could do and she didn't know what was wrong. she didn't even examine me, just listened to my symptoms and what meds i had already been given. this was in march. fast forward a month later, she calls to check up on me. she called me. i didn't reach out to them, i didn't ask for anyone to call me, i didn't solicit medical advice, etc. she called me to see how i was doing and the conversation literally lasted maybe 30 seconds. another month later, i get a bill in the mail for a copay due from an outpatient office visit. she charged me for the telehealth crap when she was the one that called me! i called their office right away and kept getting bounced around from person to person. i finally had to leave my name and number, but of course, no one called me back. i called back a few days later and the same thing happened. billing was mysteriously unavailable again and was told to leave my name and number. i did that again and didn't receive a call back, again. called in again a few days later and of course the same thing happened. i called my insurance and informed them of the scam charge and they personally called the office to ream them and request the money they paid back. do not go to this place!"
527,527,11.0,0.4405,"baby, give, support, child, pandemic, birth, hospital, daughter, thing, husband","shalin supported my husband and i throughout the pregnancy and birth of our first child as our doula, evidence based birth childbirth educator, and lactation educator. 

hiring shalin was one of the best decisions we made in preparation for welcoming our baby. as our doula, her impartial and unwavering support guided us through decision making during our pregnancy and helped us to advocate for the prenatal care and birth preferences we desired. shalin's evidence based birth course equipped us with the knowledge and tools needed for a variety of birth experiences. this left my husband and i feeling more prepared in our roles both as the birthing person and support person leading up to the birth of our baby. lastly, shalin's one-on-one prenatal lactation course helped me to feel much more confident about breastfeeding for the first time knowing that i could trouble shoot common challenges and that i was equipped with the knowledge and resources needed for differing eventualities.

about a month before our estimated due date the covid 19 pandemic hit, causing our hospital to restrict visitors and not allow doulas in the birthing space. shalin calmly and proactively navigated this stressful situation, creating a library of online resource videos and offering virtual support for families in labor once they reached the hospital. she helped us to reformulate our plan for labor and birth to adapt to this less than ideal situation - helping us to regain a sense of control and support and reduce anxiety. 

on our baby's birthday shalin supported us in-person as we labored at home and then seamlessly transitioned to supporting us virtually via zoom and text once we moved to the hospital. her support throughout our pregnancy and birth played a huge role in helping us to achieve the positive and empowering birth experience we had envisioned."
528,528,11.0,0.2684,"baby, give, support, child, pandemic, birth, hospital, daughter, thing, husband","we first met shalin over facetime. even before facetime/zoom meetings were a ""thing"" our busy schedules kept us from finding a convenient time to meet in person. even over the phone, we knew immediately that we needed to have her as a part of our birth team. her calming and confident presence came right through. shalin was amazing in guiding us through the prenatal, labor, delivery and postpartum experience. having her has a resource and sounding board was invaluable. in the week prior to delivery we kept in touch via phone and text, which allowed my husband and i to manage labor together but still have this amazing resource to guide us and give us pep talks when we needed them most. during labor she helped us understand what was going on around us in order to make informed decisions. sometimes she joined us in the room for this and sometimes she supported us via text or phone call from the waiting room, allowing us time to process together. having someone chronicle and support our daughter's birth with us helped keep track of the whole process, creating a written memory we will have forever and something we didn't know we needed but can't imagine not having. having shalin support your birth is something you will not regret. :)"
529,529,14.0,0.0769,"back, give, test, find, time, result, covid, today, walk, information","found this doctor thru zocdoc, in the coronavirus times. my mom needed to see a doctor asap. he had teledoc appointment that same day. we spoke on the phone thru video chat. he was really through and explained everything to me and my mom. we even had meds prescribed on the spot. 

today we came to his actual office in the city. this is her follow up appointment. parking would usually be a crazy nightmare but wit this pandemic going on i found parking. the office is calm, but small don't bring a group with you when you come.

the staff is fast and helpful. the doc is very professional-and his informative yet personable. i would say def come here if you need a reg day to day doc. he is a great over all physician  ."
530,530,18.0,0.1662,"recommend, month, year, week, son, surgery, kid, job, procedure, sleep","i want to thank dr.saul for doing such an a amazing job on my breast augmentation, everything from the consultant appointments to the after care, he was straight to the point and made me feel extremely comfortable during the whole process. i was really nervous about the size of going from a 34b to a full c but after meeting with him for the second time before the surgery he advised me to go from a 350cc to 375cc and i am so happy i did, they came out even better then i could ever imagine. the day of the surgery his staff was very helpful once i got there when they noticed i was very nervous, luckily they  were comforting and very kind and answered all my concerns including dr. saul. once i woke up after surgery dr.saul and his staff were right there to help me. once i went home to recover dr. saul had a zoom meeting with me the following day and continued to have meetings scheduled with me for the next four weeks including any questions i had through text messages with quick responses from the doctor. overall i would definitely recommend him, he really went above and beyond to make me feel comfortable and did such an amazing job. i am so happy with my results. thank you dr. saul"
531,531,2.0,0.0844,"issue, time, extremely, make, service, concern, friendly, kind, person, super","trifecta has always been there for me! coordinating refills in various states as i travel for work. i never feel judged for symptoms or issues i might be experiencing. compassionately informed with knowledgable facts and statistics, along with genuine concern for my wellbeing. now they've shifted to telemedicine with my favorite physician (perlberg) it's been such a relief in our current world.

i've experienced the best reliable care that i am so grateful for."
532,532,13.0,0.1134,"zoom, great, class, good, amazing, set, home, move, provide, forward",best service from the most knowledgable and friendly providers. can't say enough about the quality of care and flexibility in scheduling - i am particularly impressed with the seamless transition to the telehealth consultations during these volatile times. i am a huge fan and look forward to continue mixing in teletherapy with melody and others. thanks to all the trifecta team members!
533,533,5.0,0.1681,"pain, exercise, body, follow, pt, injury, physical, excellent, issue, run","jennifer benton did something extraordinary. she was able to remove my back pain without actually putting her hands on me! i had been suffering from back discomfort, tightness, and periodic pain for 10 months. in that time i went to an acupuncturist, a local physical therapist, a rolfer. although everyone tried to help, no one really listened to my experience like i needed. i scheduled a remote session with her. we met over zoom. i was skeptical that anything difference-making could happen in that time and in that format, but i was pleasantly surprised. ms. benton is such a consummate professional. she is insightful, caring, compassionate, and best of all her approach works. in an hour she surveyed all that was wrong in my body, methodically proceeded through many questions and constantly asked for my feedback, tuning into my experience and providing what was needed. i am amazed that she could reverse an almost year long issue in just one hour, but that's exactly what she did. in case you couldn't tell, i highly recommend her. you shouldn't have to suffer with physical pain. this is your best chance to reverse that trend and feel as well as you possibly can."
534,534,16.0,0.683,"people, place, talk, make, happen, hope, speak, woman, client, center","i am so disgusted by the way the owner dr. rhodes speaks to her clients that pay for the service. my experience her had been nothing but unpleasant. she is rude and screams at you. interrupts class sessions with disgusting verbal language and makes unprofessional passes at clients and when i brought it up she got upset and kicked me out of the class that i paid for. this place is absolutely ridiculous and hasn't done what it says and offers. dr. rhodes has given me nothing but stress and anxiety as well as her doing it to others. i am blown away that she has stayed in business so long and nothing has been done to stop her from mistreating people. people with addiction and mental health issues should never go to this place. it's just wrong to be treated this way and this has happened to me multiple times with her and people need to know just how awful she is. i've been in the program since january 2020 and was supposed to have 2 random drug screenings a month, just these past two weeks during a pandemic they now want to have me come into their office which is not clean even though they say it is and i have not used drugs and alcohol, i'm here because of a custody battle and am not about to risk getting sick from going to her establishments and especially not when i am being treated this way. no one deserves to have to spoken to the way she has chosen to speak to me and the way she speaks in a group that she is not even running. i am making sure to call my bank and stop payment on the class tonight because there was no reason for her to lash out yet again on me and kick me off of the virtual zoom class all because i spoke up and asked her to not make inappropriate and unprofessional passes at younger men in the class. i am so disappointed that someone who has the title of dr. would conduct herself in such a matter. i hope no one experiences what i had to and hope that anyone with a drug addiction or mental health problem never has to be treated the way i was and goes somewhere else for help. she is only in it for the money. not to help


i am absolutely blown away. i just received a phone call from dr. rhodes herself who once again was so rude and patronizing and condescending. she terminated me from the program for no real reason other than her saying i'm not progressing which is an absolute insults and a lie. mr. allan and ms. maggie can confirm that, and when she called me she mispronounced my name yet again and i politely corrected her and she stated that it is phonetically spelled a certain way so that is how she is going to pronounce it. she said i am not progressing in the program even though i have attended every single group counceling session and participate and contribute to what the topic is and just finished my last one on one counceling session with ms. maggie and paid dr. rhodes so much money and for what?!? what a scam! ms. maggie who is amazing. i only had a few more group counceling sessions to go. which proves my point how inappropriate and unprofessional she really is. she laughed at me as she proceeded to tell me that she is terminating me from the program and is going to tell my judge who she thinks is a male but my judge is a female all these awful things about me which are absolutely untrue. what a deplorable woman and how disgusting the way to speak to a client and how unprofessional of her to call me on a saturday to insult me and say what she has to say. i waisted so much money for nothing when i have done nothing to this woman ever. she had a personal vendetta out for me and now i have to go find a real counceling center for real help and to be able to get my custody battle resolved. it's sad that i have the intake letter from her that i will happily post to show how she talked so well and highly of me and now wants to switch up her story and belittle me and terminate me. thank you for stealing my money and i will post another yelp review letting everyone know what kind of person and dr. she really is. she doesn't care about anything but herself and money with no regard to people and their lives or helping them. shame on you. you should not be in this profession and i am so disappointed that i thought your program was legitimate and there to actually help people. i hope you get the help and counceling you need because it's becoming quite clear that being stuck in your house is affecting your mental health and affecting your work ethic. i will pray for you and hope you turn your life around because even though you deny it i have and am doing so well and wish you were too."
535,535,2.0,0.0821,"issue, time, extremely, make, service, concern, friendly, kind, person, super","dr burton and his staff are always so kind and helpful.  today we had a telemedicine visit and it went perfectly.  as usual, dr burton was full of valuable information and answered all of our questions.   don't let covid 19 keep you from seeing your doctor for well visits.  they will keep you healthy during this trying time.   thank you aac-mckinney."
536,536,6.0,0.1311,"doctor, give, day, symptom, eye, sick, put, medication, antibiotic, explain",have used med express several times now.  i have had a horrible ear ache since yesterday.  tried homeopathic drops but to no avail. have been up all night.  called med express at 8:00 and have a virtual visit at 9:00.  need an antibiotic for sure. so far this has been easy peasy.
537,537,8.0,0.1525,"call, wait, doctor, day, minute, appointment, hour, time, receive, message","patty. her name is patty. i deal with extreme anxiety. dr. cueva is amazing! (clearly because she is hard to get in to see) and she has helped me and my mother for years with the hardships we have dealt with as a family. 

i have made several attempts to reach out for an appointment but they only give me appointments that are too short of notice to tell my boss, ""hey i need to go get my medication from my doctor. should be back in 2 or so hours because the nurses always leave me in the room unattended for so long"". with how many times i have to go see a dr, this takes a lot of money away from me and my company. 

during covid, i decided it would be safe to not go into the office personally. i messaged my nurse practitioner and she said to call a number and set up a telemedicine appointment with my pcp to refill my medications. 

called the number. first gentleman was soooo helpful. he said he was gonna see about refilling me until my next appointment. i explained to him (more like cried to him) that it's been months that i've been able to take my medications and my grandfather has 2 days left to live. he put me on high priority and a nurse called me right away. 

this is where patty comes along. patty from graybill medical group said ""no. you'll have to wait another 12 days to do a video cam with your doctor for your prescription."" okay.... fine. then patty has the audacity to say ""look you're not the only one with a job or medical conditions. you'll have to wait like everyone else."" please note, she knows my grandfather is about to die. 

she's inconsiderate. rude. i asked for the manager she immediately said ""she's busy."" lol have we all heard that before?!?! i said ""okay i'll wait"" and she said ""like i said she's busy"". so i said ""should i just call the first number and ask to speak to the manager?"" she said ""i'll get her right now"". 

patty, it's not about my medications or dr. cueva's busy schedule. i'm wasting time out of my day to address your awful behavior and your horrid customer service. i do phone sales. your voice should simply just not be on the phone. you should not be representing a medical staff with the attitude you chose for yourself. 

dr cueva! please come back!!! i know you are so understanding! you know my family history. you have a heart. 

graybill, after reading all the other reviews, this is common.  

finally got on the phone with the manager and what do you know!!! got a telemedicine appointment next day. psh patty 13 day wait. yaaaaaa right. 

patty, your manager says you're an exceptional employee. in my opinion the tone in your voice is something you should practice recording, and listening to over and over, so you can actually hear how you sound when you speak to medical clients who have serious needs. soon then you'll realize why i had to speak with your manager due to your lack of customer service skills. 

thank you to the graybill manager for resolving this issue. hopefully this does not happen again."
538,538,19.0,0.2174,"week, person, start, work, meeting, good, meet, back, leave, thing","i'd like to start by saying the owners are amazing people  who clearly care about helping addicts recover. they understand just how serious this disease can be, and i hope they're able to work out the kinks that are keeping avr from reaching its full potential.

that being said, it took my counselor a week & half before we first talked.... and that only happened, because i had to seek out which counselor was mine & approach him. he would sit in the office, on his phone, all the time. even when a client was sharing his last relapse to the group. it wasn't until 2 days ago, when i told him i had suggested he be let go, that he started to change.

the woman who worked to get me in, maddie, the 23 year old ""house manager,"" was a completely different person than the one who advocated to get me in. she would come to work & spend 3 hours behind closed doors in the office, and ultimately ended up getting fired on 5/22 at the end of my 3rd week. how can one manage a house if they're hardly there?

along with her, katy, the ""program director"" was also let go the same day. i saw katy maybe 5 days in 3 weeks, because she has a medical condition. she said it was due to covid-19 that she couldn't be there more.... however; covid has been happening for more than 3 months & within 1 day of being fired from avr, they had their secondary director show up from san diego!!!why wait so long to get him in there? the house was clearly not being run properly by management. 

also, there was zero structure on the weekends (again because of covid), but what about adapting to family zoom meetings, therapy sessions, or 12 step meetings? nope, the therapist wasn't even there on sundays.... we literally sat around doing nothing recovery related. 

speaking of therapy: i was promised 1-2 sessions a week and, over 3 weeks, should have had an average of 4.5 sessions.... i had 2.  there was another client who had been there 5 weeks & also only had 2 sessions.

i wrote a 6 page letter to maddie & katy last tuesday 5/19, and both were let go by friday. i've been told it had nothing to do with my letter, but rather it was something that had been ongoing for sometime. they only opened last september, so that must mean since the beginning?!!! i kind of got the sense my letter was sent up the chain of command by a counselor i shared it with the day before our meeting (5/18), but that's just speculation:

we even had a client who was caught stealing from others & no reprimands were made. it was an ongoing theme of poor/addict behavior with him, and i was amazed it was allowed to continue.

another staff member would talk about his sexcapades, during the virus, and it only made me think of the risk he was putting us all in!!! was he wearing a mask & social distancing? (obviously not). the first day this staff member came in (following the two ladies being let go) his first comment was ""ok, no more katy.... i guess that means staff can workout here again!!!"" it's crazy that was his first concern.

they forced me to go to parks, and outings, during the pandemic. during which almost all of the clients chose not to wear the masks they had brought.... again, zero control. the reason i couldn't stay behind at the house was because of a 30 minute window with no staff on duty. at $1,000 a day (per person x 6).... they should be able to figure out those 30 minutes & so much more.

i had to remind staff, several times, of when sessions were supposed to start, and had to remind them that the office door (where meds are stored) was left open, once. they were also very relaxed about wearing masks around the house, and following the precautionary protocols shown on the website.

about 50% of employees are in their early 20's, with good recovery, but not well versed in running successful groups/managing people, or a rehab. they try to be your friend instead of the people in charge of helping to save your life. 

people go there because they couldn't make it on our own & are in need of professional help!!!! not one person was allowed to give us so much as an aspirin without first calling the advice nurse (not sure they even had any), so i'm not clear on what kind of ""nurses"" the website was referring to having onsite.

there is so much more i could go into, but you can message me if you would like. i'm happy to share the letter i wrote with anyone interested.

they are working on changing many things, and this place has the potential to be great. hopefully it will be someday, but there's a lot to do in order to get it there. i just don't have time to worry about them getting things together, while i'm fighting for my life, and the system is far from what i was promised.

i'll be sure to stay in touch with my housemates and, if they can confirm change, i will be more than happy to update this review. at this time i can only say my experience was less than what i had anticipated, but pray they will turn things around soon!!!"
539,539,18.0,0.1432,"recommend, month, year, week, son, surgery, kid, job, procedure, sleep","co2 laser and peels with dr. vafaie have helped me immensely with my acne and acne scars. i feel like after just 2 treatments my skin has changed, even my pores are smaller. during stay at home orders i have been able to maintain some of my results with the retinoid nightly and vitamin c from the doctors skin care line. relatives and friends on my zoom calls have even noticed the improvement."
540,540,7.0,0.0994,"check, nurse, facility, room, minute, place, hour, staff, leave, happy","dr. mullins was able to get me in via a virtual visit which was so easy even in the midst of all of this quarantine mess! i loved the ease of the visit, i did the entire appointment via my desktop computer (i believe you can do it over your mobile phone as well). the wait was super short after the nurse got me checked in. he's a very attention to detail doctor and made me feel instantly at ease. i'm glad i have a new go to for all of my sinus and allergy needs! plus so close to home. i will be so happy when things open back up because i hear they do allergy shots as well which i will be looking into. if you suffer from spring allergy issues definitely check them out! i am very glad i did."
541,541,1.0,0.3277,"life, work, find, plan, month, year, change, program, live, home","i've been working with enara since early march. i found them through a friend and colleague who has been working with them for longer. i've lost almost 14 pounds since march 4 (about a month and a half) and i'm loving the help i'm receiving (via telehealth right now) for my eating, exercising, and medical check-in's. i've lost weight in the past but gained it all back after going back to unhealthy eating habits. i've been losing weight on my own since august 2018 but needed more accountability starting in 2020 to push towards my goal faster. if you're ready to commit to a year of getting into healthier habits, enara is a great choice. i'm very happy to be working with them u

update 5.25.20
i'm still losing weight with enara, i'm down to 20 pounds lost now over 2.5 months. i've learned a lot about myself and am very proud of my progress...and will share the true weight loss secrets that have surfaced. you have to make the behavioral changes, day in and day out, and commit to sticking with them long term. the enara programs are stricter than i will be every day of my life (in general) but in order to lose the weight and get to a good place health wise, they're exactly what i need. if you are ready to make the changes for yourself, enara is ready to help you do it."
542,542,0.0,0.1052,"feel, make, love, experience, couple, start, anxiety, ease, team, share",i had been to many different doctors trying to figure what could be my issues with my unusual cycles and how to regulate them safely. going to dr. rabin he not only cares about my gynecological health but my over all health. i love that he makes you feel at ease and comfortable always. one of the best doctors i've ever had the pleasure of seeing. also during this covid-19 period he is having virtual visits that are so seamless and easy to access! not only can you speak to him in the comfort of your home but the web link they have set up is so user friendly!
543,543,13.0,0.1311,"zoom, great, class, good, amazing, set, home, move, provide, forward",100% the best thing i did as a new mom. unfortunately our sessions had to end on zoom due to covid but alex stepped up and organized the classes so well. the women i met are incredible and such a great support system. the class topics were great and so relevant. i highly recommend the 0-3 month class for any new moms.
544,544,10.0,0.0908,"care, staff, covid, family, professional, due, physician, great, understand, provide","dr grace was amazing. he did a telemedicine appointment with me to continue my care from florida. he was wonderful and so attentive. i really felt heard which is sometimes a problem when you have a health issue that isn't seen on the outside. i've had doctors treat me like a drug seeker, which feels awful when you have a legitimate disability with debilitating pain. he was quick to find alternative solutions and a plan for moving forward and doing all he can to help me as fast as he can. 

i am so impressed with him and the novaspine staff. i felt ""nothing"" but respect and genuine concern. 

thanks guys!"
545,545,4.0,0.1148,"patient, doctor, medical, make, office, health, practice, review, provider, year","from personal experience, i can tell you that they have nurses employed here who routinely practice unlicensed telehealth, unauthorized telemedicine, and unauthorized operations. incensed by the lack of oversight this hospital chain has with respect to its personnel. do a better job of background checking your applicants, ucsf, and then maybe you can rebuild that stellar reputation you once had."
546,546,4.0,0.0831,"patient, doctor, medical, make, office, health, practice, review, provider, year","i am very thankful to dr. babak samimi and his stuff. i broke my collarbone at the beginning of the pandemic time and the surgery was not an option plus medical offices were getting closed left and write with no virtual visits yet , etc...  it was very frustrating for me. i was afraid that office of dr. samimi would be closed as well. but no! through the most restricted time his office was open, needed precaution measures were taken. i was able to get doctor's consultation in person, x-rays, he assured me that everything is healing well. it was very comforting for me! sydney and anna are wonderful ladies who work for the doctor. very friendly, patient and always, always reachable! i need to give a compliment to all ladies who work in this office. it is an amazing, very friendly atmosphere. the wonderful thing that pt office ""lotus"" is in the same location! and it was open as well! i am doing my physical therapy now and feeling better everyday :-)"
547,547,10.0,0.1239,"care, staff, covid, family, professional, due, physician, great, understand, provide","coming from la, i'm a huge believer and practitioner in holistic health treatment and eastern medicine. so the first thing i did when i moved to virginia is to look for a place that provides these services. it just so happens that i needed a new primary physician, a chiropractor and an acupuncturist. advanced health center have them all in one facility. the staff is very friendly and welcoming, they even give great netflix suggestions. through the recent covid-19 health crisis the facility remains open with adjusted hours and careful safety protocols so dr. ziegler can continue to care for patients like me with my ongoing knee injuries and my primary physician, dr. shafai, is available via telemedicine appointments."
548,548,11.0,0.0982,"baby, give, support, child, pandemic, birth, hospital, daughter, thing, husband","i would give it over five stars if i could.  not only was the technician helpful in the front desk , she made our ultrasound and video very memorable. the place looks like a movie theater with super comfortable chairs . i did a video zoom reveal it was really fun and nice . during this pandemic it's been hard to have my partner or my family go to my doctors appointments. so i'm glad i found this place to share this precious moment for my first baby , i'll never forget it . thank you"
549,549,17.0,0.1878,"call, insurance, phone, charge, pay, appt, receive, bill, horrible, today","price gouging!! if i didn't like my providers i would never use this business. unfortunately my provider moved here and i didn't want to lose her. 

i will not be seeing them for medication services in the future. i have never experienced a business that charges as much as they do for basic services such medication review & fulfillment. $130 just to review my existing medication, with my existing provider, and refill it, on top of a $200 zoom meeting. 

their billing is atrocious; for two years i never received a statement, yet they nagged me every visit asking me if i knew i had a balance. i have no problem paying my bills, but will not just blindly pay them when they can't get their shit together to send a statement. then they tell people (not just me) to go visit the billing department, as if it's our responsibility. don't patients with psychological issues have enough to deal with?  

the owners of this business should be ashamed of themselves for taking advantage of patients."
550,550,9.0,0.0865,"visit, time, doctor, virtual, experience, follow, fact, hard, person, worth",i have never spent so much time with a doctor. dr. timm's spent almost an hour on zoom with me asking many thorough questions to help get to the root cause of my migraines. totally impressed!
551,551,2.0,0.0951,"issue, time, extremely, make, service, concern, friendly, kind, person, super","we are still in the testing process to find out what is going on, but dr. park thoroughly explained all my options and all the potential outcomes in order that i may make an informed decision. i was referred to your group by my pcp and i'm so happy i was, very pleased with my telemedicine and in person visits!"
552,552,2.0,0.1082,"issue, time, extremely, make, service, concern, friendly, kind, person, super","my experience with dr. john has been nothing but positive. he  genuinely cares about you as a person and listens to what you have to say. i have chronic back pain and read a book about back pain that piqued my curiosity. i asked dr. john about it and he took it upon himself to read the book so he and i could discuss it. wow. instead of dismissing my uneducated thoughts, he respected me enough to acknowledge my queries. going above and beyond. he is extremely knowledgeable and had my complete confidence in what care he prescribed for me.

currently i am taking a group fitness class via zoom with dr. john and it has been a huge positive for me, especially during this time of quarantine. telehealth services are here to stay and i think it's amazing that we have the capability to provide care remotely. dr. john is skilled in his field and will definitely help you attain your goals. he is patient, thorough, and kind. i highly recommend him for any of your wellness needs."
553,553,2.0,0.1119,"issue, time, extremely, make, service, concern, friendly, kind, person, super","fantastic doctor! i had my first telemedicine appointment with her last week and she was very attentive to my needs. she spent about half an hour with me discussing my concerns and setting up a treatment plan with me. so far the results have been effective! she's very sweet, kind and knowledgeable! can't wait to meet her in person for my follow up in a few weeks! thank you, dr. a!"
554,554,0.0,0.0625,"feel, make, love, experience, couple, start, anxiety, ease, team, share",really liked the convenience efficiency and seemlessness of the video conference and the feeling of personal care. thank you dr. fernandez staff and mary.
555,555,12.0,0.1991,"appointment, office, schedule, phone, patient, telemedicine, email, cancel, due, receptionist","avoid this office at all costs. you will regret it if you dont. 

worst orthopedic office in albuquerque! i would give negative stars, but unfortunately that's not an option. i saw dr. grace at the beginning of may for elbow pain. i waited for over an hour in an exam room to be seen. dr grace apologized and stated he was not aware i was in the room. (okay, fine). i had to get an mri and was told the receptionist would call me to schedule a follow-up appointment to go over my mri results. a week passes and no call. i call the office and the receptionist acted like they've had my results for several days and we're going to eventually get around to calling me. (sure they were). so i was given two options: go to the office to see the doctor in-person, or do a telemedicine call due to covid. i opted for the telemedicine call and scheduled the appointment for 3:00 pm. i'm waiting by my phone at 3, and by 3:30, i decide to call to make sure i had an appointment scheduled for today. the receptionist makes excuses and says the doctor is busy with other patients and is running behind. but i'm told the doctor would be calling me shortly. so at 4:45, i'm still awaiting the doctors phone call. i call the office and again i'm given a bunch of excuses. i guess the doctors time is more valuable than mine, and the other patients must be more important that i am. 

avoid this office at all costs! you will be glad you did."
556,556,18.0,0.1368,"recommend, month, year, week, son, surgery, kid, job, procedure, sleep","webster orthopedics cancelled 90% of its staff in march.  there is no patient portal.  drs. never see patients in person.  it took us two weeks to get a slot for emergency surgery.  getting a zoom appointment with our doctor takes a cool month.  because of zoom only, our surgeon missed a potentially fatal hand infection on the operated hand, which we got diagnosed in about 5 minutes by a competent hand specialist, 8 weeks after drawing our surgeon's attention to it.  xray appointment was not followed up on so when we got to dublin (the only office) my husband had to fight for a slot.

my husband, my son and i have all had surgeries and procedures done at this office in the past but i could not recommend it to anyone now for any reason."
557,557,17.0,0.1364,"call, insurance, phone, charge, pay, appt, receive, bill, horrible, today","it's a little disheartening that during these rough times (covid) this office is less than flexible. i called for a minor issue and they requested we do a video chat (since coming into the office right now is understandably avoided). then they told me that they are going to charge me a fifty dollar co-pay for a video chat. fifty dollars for a 3 minute chat for the doctor to send over an rx. far more simple than an actual office visit. 

i called my insurance and they did e-visit with one of their contracted providers for free. how insane is it that your office is willing to greedily charge fifty dollars when half of us are out of work as it is? you guys should be ashamed of yourselves and i'm highly disappointed."
558,558,7.0,0.1289,"check, nurse, facility, room, minute, place, hour, staff, leave, happy","first tried virtual doctor visit and was advised to see a doctor. during covid-19 wasn't happy about this for sure. this place won't even let you in the door until they are ready and it keeps extra people out of building. everyone was great and handed me a pair of gloves to wear, i had a mask. good experience and received follow up call from doctor next day. my go to place in lieu of emergency room."
559,559,8.0,0.1743,"call, wait, doctor, day, minute, appointment, hour, time, receive, message","i am very pissed off with sun pain management.  due to the coronavirus, i didnt want to risk exposure, since i have 2 autoimmune disorders.   i called every day for 2 weeks and no one answered, so i left messages.   no one returned my call ever.  finally on the day before my appt someone answered and i was told they would do a video appt on the following day, which was a friday.   i was told i would recieve a text with a link in it to zoom.  i waited and waited on friday and never got a text.  i called them and was told the dr was with a patient and i was next.    nothing!! i called again and no answer.  so now they are closed for the weekend!! and there have been no refills for my meds called in!! they were to be refilled on friday.   now i have to go without until they get their heads outbof their asses and get back to me!!  i will be looking for a new pain clinic as soon as this pandemic is clear!!."
560,560,18.0,0.1203,"recommend, month, year, week, son, surgery, kid, job, procedure, sleep","highly recommend contacting giselle for virtual therapy! about a month ago i started to notice that my 3 month old had some neck tightness and he was favoring one side. i could barely get him to do any tummy time or hold his head up. given the situation with covid-19 and not being able to get him evaluated in person, i was worried. i contacted giselle to see if we could do a virtual evaluation. i'm so glad i did! while she wasn't able to put her hands on him, her expertise allowed her to see over zoom that there was problem. she gave me a handful of exercises and demonstrated how to do them and in less than a week i saw major improvements. she asks me to text her pictures every day in addition to a weekly zoom call and i love the accountability and motivation. i'm so glad i didn't wait until i could see her in person when my son was even further behind in his movement!"
561,561,15.0,0.0929,"session, telehealth, work, easy, therapist, helpful, continue, highly_recommend, offer, therapy",do not go here. one of the nurses just attended a protest and will likely come down with covid 19 now. how insanely irresponsible. stick to telehealth where you will be safe.
562,562,12.0,0.1265,"appointment, office, schedule, phone, patient, telemedicine, email, cancel, due, receptionist",i was able to schedule and appointment with dr. fisher through insite video conference. it was super easy. the staff at the office were all friendly and helpful. the appointment allowed me to ask pertinent questions and dr. fisher took his time answering my questions and concerns. i highly recommend his office and his practice. i really enjoyed the video conference as it saved time and travel. so happy i was able to able to schedule an appointment with him. everything worked out for the best.
563,563,8.0,0.1023,"call, wait, doctor, day, minute, appointment, hour, time, receive, message","yesterday i had an urgent medical problem that i needed help with right away. i called the office during covid-19 pandemic, was helped right away, was scheduled with a video conference call with dr. klein in the morning, then was scheduled to come in that afternoon to take care of my problem. thank you so much for helping me the same day of my medical crisis. words cannot thank you enough. i am grateful!"
564,564,14.0,0.1062,"back, give, test, find, time, result, covid, today, walk, information","on march 18, 2020 congress passed the families first coronavirus response act which requires insurers to cover testing and doctor's office, urgent care, telehealth or emergency room visits as long as the services ""relate to the furnishing or administration"" of a covid-19 test or ""to the evaluation of such individual for purposes of determining the need"" of a test. well despite this federal act, loma linda hospital tested my husband for coronavirus and then sent us a bill for $1730.00. $1130 of which was for ""emergency room"". i guess if you call a pop up tent with metal folding chairs an emergency room then sure, i have an emergency room in my backyard too. if you are sick and need a test i would strongly encourage you to go literally anywhere else if possible because even if you have your health, you are going to have to spend a lot of time fighting back against the illegal billing practices they are using to take advantage of people who are scared and vulnerable."
565,565,12.0,0.1208,"appointment, office, schedule, phone, patient, telemedicine, email, cancel, due, receptionist","ask doctor  if she drops patients that have no issues besides regular refill maintenance in a pandemic when they can't find another doctor. 

ask her. the patient can't come in because he/she could literally die if infected by going there, is having no unusual issues just needs normal blood pressure medications that require refills and would be more than happy to go there after the pandemic or.... just take a telephone call where she could ask the patient if they were having issues.... no different then the telemedicine call that we couldn't get to work  because the login wouldn't work through their proprietary system? someone should tell them that it's perfectly legal to use facetime for an appointment if they insist and medicare will still pay the bill.  ask any one of my doctors in nyc that do appointments through facetime and bill my insurance just fine. 

it's all about billing at the end of the day and let's hope he/she doesn't have another stroke before he/she gets another doctor in the middle of a pandemic because that would be tragic/unethical 

because that might be a lawsuit.  i would sincerely hope that doesn't happen because he/she is doing just fine just needs refills of their meds during a pandemic 

what is this world is coming to.... when i need to write a yelp review to shame a doctor that literally could kill a patient in a pandemic.  you must be so proud of yourself."
566,566,8.0,0.1807,"call, wait, doctor, day, minute, appointment, hour, time, receive, message",i really like and respect my doctors at caremount. but the portal is horrendous. when you can login there's no information there to read. with this new 24/7 video site i was supposed to have a telemedicine conference but when i logged in they wanted $100 even though the site said it was free. i tried to go on the portal to cancel the appointment and couldn't log in and eventually got locked out i can't stand this type of computer incompetence in this day and age. finally i called the office to cancel the appointment and she said she couldn't cancel cuz it was 15 minutes after the appointment time and i said i've been trying to get on for 15 minutes to notify them. it's bad enough that we're dealing with this covid-19 but now we have to deal with this crap it's ridiculous. i just wanted my doctor to be notified that i wasn't trying to waste his time.!!
567,567,2.0,0.0965,"issue, time, extremely, make, service, concern, friendly, kind, person, super",i have been seeing dr.hago for 3 years now! he is by far the best pcp ever! he takes the time to throughly answer all my questions & is kind & compassionate! his staff are all friendly & very helpful! two of my daughters have him also they recommended me to him & i couldn't be happier! with the coronavirus epidemic i was fearful of traveling to his office he made time for me with my results on video chat! i truly recommend dr.hago he gets 5with me!
568,568,6.0,0.1236,"doctor, give, day, symptom, eye, sick, put, medication, antibiotic, explain","during a pandemic this office helped me out of a bind in a big way. i woke up with conjunctivitis and during a quarantine didn't want to pass it on to others, but also did want to take away recourses from and instacare/doctors office during this time. i was referred to wasatch vision clinic by a friend and they were extremely kind and helpful. the front desk receptionist had a great attitude and was extremely understanding she set it up for a doctor to contact me for a virtual visit. 

when i got the call from the doctor he was also very kind, he gave me a thorough review and prescribed an antibiotic drop. he even called the pharmacy to make sure they had it in stock. he will call back in four days to check up on the situation, and this all put me at ease during a chaotic time.

hard recommend on this vision clinic."
569,569,7.0,0.1491,"check, nurse, facility, room, minute, place, hour, staff, leave, happy","outstanding service, staff, and facilities!

i had a telehealth exam done through my insurance company, and was instructed to get an eye exam immediately for a possible detached retina.
we are under the stay-at-home order at this time, so i was hesitant to go in for an appointment, but i was told it was urgent as my vision could be at risk.

i contacted eye tech by email, and received an appointment right away.

when i arrived, a staff member met me at the door and took my information. everyone was wearing protective equipment, and i was impressed by the attention to detail wiping down contact surfaces and protecting against possible contamination, making me feel much more relaxed about the appointment.

the lobby waiting area is immaculate, spacious, and very stylish. i felt like i was walking into a high-end hotel. except this was even cleaner!

there was no waiting, and i got a few preliminary tests done immediately. it's amazing how clean the equipment is kept. everything looks brand new, like it just arrived from the factory. the tests were done quickly and professionally without problems. i noticed the staff thoroughly wiping down the equipment immediately after i was tested.

dr. choi saw me right away after initial testing. he took my history personally, and conducted the exam with great care to making it comfortable. my eyes are usually pretty sensitive to being examined, but dr. choi made it a breeze!

he discussed his findings immediately with me, and it was a great relief to know the condition was nothing serious. he showed me the digital photographs of my eyes and answered all of my questions in easy-to-understand language. 

outstanding professional service, super-clean and modern equipment, speedy and comfortable examination. knowledgeable and courteous staff. highest recommendation!"
570,570,2.0,0.1559,"issue, time, extremely, make, service, concern, friendly, kind, person, super","today was my first time to do video chat with a doctor and dr. snyder made me feel so comfortable. she took the time to talk to me and go over any concerns i have. she went over all of my health issues. she listened to my concerns about covid-19 and explained all of the precautions i need to be taking as a high risk patient.
every time i am in the office all of dr. snyder's staff is very friendly and so helpful. dr. snyder always makes you feel comfortable and she's listens to all your needs. dr. snyder has discovered health issues that i have that other doctors did not. if i email with a question or concern they always quickly email me with a response and if an appointment is needed they always get me in asap! i highly recommend dr. snyder and her staff! i am very grateful and thankful for this office!"
571,571,4.0,0.1326,"patient, doctor, medical, make, office, health, practice, review, provider, year","dr snyder is a family physician in mckinney that offers telemedicine as an option. dr snyder and her team are skilled family practitioners that serve mckinney, frisco, allen - all the towns in collin county. if you're looking for a great dr that cares and listens, your search is over. whether your visit is in the office or you use televisit you will get an accurate diagnosis. i'm also very impressed with the dr's that work with dr snyder. she selects top notch specialists when she has to send her patients out for specialized visits. i highly recommend dr snyder and her team for your entire family."
572,572,10.0,0.0804,"care, staff, covid, family, professional, due, physician, great, understand, provide","great, efficient and they take my insurance. both the doctors i've seen are wonderful, the staff is wonderful and the telehealth service through the app was a lifesaver one night when my back went out and i was in a massive amount of pain. i've had the membership for about a year and am very happy with it"
573,573,4.0,0.1267,"patient, doctor, medical, make, office, health, practice, review, provider, year","when my job told me last year that we now had access to one medical through work, i thought, big whoop. i had no idea what it was, didn't care to look into it, and actually forgot that it was there. 

fast forward several months and i've now used one medical twice to have an evaluation with a doctor via zoom, to make an educated medical suggestion, and to even call in some meds to my local pharmacy for me. easy, painless, convenient, and now my go-to for a quick medical diagnosis."
574,574,1.0,0.1939,"life, work, find, plan, month, year, change, program, live, home","i started coming to this gym about 6 months ago. i decided to join a friend for an epic race and she invited me to come train with her on a ""bring your friends and family saturday"".

that saturday i had the best workout of my life! the workout itself was awesome, but what made the whole experience was how welcoming and awesome coach bo and all the other gym members were. it was such a fun and relaxed vibe where you can joke around and be serious at the same time. i loved being able to laugh and push myself at the same time. 

at the end of the workout bo told me to come back and check it out again to see if i really liked it. the next day. i remember texting my friends that i couldn't get up off the toilet because my legs were jelly. i was for sure coming back! 

basically, the rest is history. i joined the team for the epic race and we all kicked ass! the whole team was super supportive of each other and really helped motivate each other. bo was right there the whole time encouraging all the team members and keeping us motivated! 

every class is exhilarating and leaves you with the best feeling of accomplishment! bo gives everyone the one on one attention during class, making sure you're using correct form and getting the most out of your workout and staying safe. 

the gym added yoga with coach darlene. i was super nervous the first time, but she is such a great leader and really helped me feel comfortable! 

since the pandemic, bo has gone into overdrive making sure we are all connected and getting the same great experience we would get in the gym from home. he has twice daily live zoom workouts and has all the workouts available through our group you tube in case you miss them. he has our app set up with daily workouts you can do in addition or in place of the live workouts. darlene does yoga zooms twice a week and we also have a wellness zoom available. what more could you ask for?! 

one of the best decisions i have ever made was joining this amazing gym family!"
575,575,1.0,0.166,"life, work, find, plan, month, year, change, program, live, home","we at evolve fit studio are so very lucky to have a coach with the biggest heart, the determination to make sure we all stay on track and the dedication to each of our fitness goals during our lock down. proud to know you, lucky to call you friend and coach.

zoom workouts, facebook live, evolve bingo, i generally don't sweat in my backyard, i'm learning there's more to this space then just relaxing on a lounge. thank you coach, much love.

more than a gym, a family that truly cares for one another.  try a workout, you'll be part of the family in the first hour!"
576,576,2.0,0.0757,"issue, time, extremely, make, service, concern, friendly, kind, person, super","they are great during this pandemic with the use of telemedicine.  

dr. kitay is a very pro-active doctor that is very good at digging into the root cause of medical issues."
577,577,1.0,0.1256,"life, work, find, plan, month, year, change, program, live, home","i started working with dr. boyar recently during the initial onset of the covid crisis. he responded within a few hours of my initial contact and made arrangements to meet via zoom within 24 hours.  

over the past 6-8 weeks of treatment, i found  dr. boyar is not only knowledgeable-very talented,  but also extremely kind and compassionate.  his insight regarding what is holding me back from living a joyful life is remarkable.  i have worked with many practitioners in the past and did not  find this immediate connection & willingness to go deep. he has a great way of explaining complex issues with analogies, movies, stories and humor.  the take-away for me is a remedy that sticks... a tool that helps change my thoughts, perspective & behaviors. 

i highly recommend dr. boyar  -  this isn't just talk therapy...  he truly wants to see his clients heal and live a fulfilled, abundant life."
578,578,16.0,0.1175,"people, place, talk, make, happen, hope, speak, woman, client, center",i am very disappointed in the service i received from this very unprofessional establishment. i had contacted them 7 months ago. long story short 3 prescreenings later over that time period. i finally get an appointment via video chat it went splendid. i was so thrilled to finally get a therapist to only be denied 24 hours later because i have a conviction. i wasn't there due to being court mandated. i just wanted a therapist to talk to. none the less this place is not here to help the people who need help. if you do need help find it else where.
579,579,17.0,0.2334,"call, insurance, phone, charge, pay, appt, receive, bill, horrible, today","i love my medical oncologist at the s. austin location.  i hate their billing company.  i paid my bill in full back in march.  in may, i get another statement.  not much, but i shouldn't be billed for anything.  i call the # on the statement and leave a message to have someone call me.  a person calls right when i'm finishing up a zoom and i ask her to call me back in 5 min.  she calls back.  i admit, i never got her name as she was not clear and sounded sleepy at 3:00p in the afternoon.  i ask several times and several different ways for her to 
1. tell me the ""previous patient responsibility"" balance before my last appointment (12/19).  she can't seem to do that.
2. in order, each ""patient responsibility"" and date since last appt. to now.  she can't seem to do that either.
3. when i try to correct her or ask a question, she tells me i keep interrupting.
4. why am i getting 2 statements?  apparently from some old system from 2018.???
5. she keeps talking down to me and throwing around $ numbers that were billed, ins. payments, patient payments, etc.  i paid the 2 statements i received in march.  she tells me she doesn't see a march payment, she shows one post april 4, (?) but there is still a balance.  my payment from my hsa account shows it paid march!  i feel like they delay posting and i am now charged a late fee.
6. she finally tells me i need to call the center where i was treated and/or look at my eob's.
and, that she can hang up on me!
she was unbelievably rude, condescending and patronizing!  i truly feel for other patients with ""chemo brain"" who have to deal with their billing dept!  she should be fired and i told her so.  she doesn't know who to talk to patients about their bills!  i think this billing company is nickel and diming me and sending out bogus bills!  i now have a call into ""rick"" at the local center of treatment instead of some big billing co. that bills for all of texas oncology."
580,580,14.0,0.0823,"back, give, test, find, time, result, covid, today, walk, information","just had a telemedicine consultation (my first ever) on my computer with dr. shellock.  it was my first time meeting her, and the consultation was just like being in her office.  i showed her where i hurt.  she showed me my mri results and explained what the problem was. she had me walk on my heels and toes as she watched.  we came up with a plan for my treatment.

it was a wonderful appointment all from the comfort of my office.  no travel time, no wait time.

i am not a computer whiz but all i had to do was click on a link to connect."
581,581,17.0,0.1267,"call, insurance, phone, charge, pay, appt, receive, bill, horrible, today","the doctor was good, but the front desk is extremely rude and deliberately over charged me. i would have stayed to argue my case longer but i had another appointment. when i called later in the day i was not allowed to speak with the manager (same lady who overcharged me) after confirming my copay amount and that virtual visit copays are waived by insurance. 

they forced me to do a virtual visit first because of covid and then charged me more than two copays on purpose when i went for my in person visit. i'm already extremely stressed about my unknown health condition and covid, i don't need doctors stealing my money because they think they can get away with it."
582,582,0.0,0.2435,"feel, make, love, experience, couple, start, anxiety, ease, team, share","this review is for the astrology readings (although i would love to see her for nutrition next, stay tuned!). 

i have seen natalie now twice for a chart reading. first off, i love that she can do these via zoom - (especially now since quarantine). she also records the session and sends it to you after, which is great because although i like to take notes it's super fun to look back and see a few months after how things have progressed since the reading! 

she came prepared already with my chart (gave her my birth info upon booking) - i know a little bit about astrology to begin with but she really does take the time to explain all of the placements, what the houses meant, etc. she also used fun examples to compare things - such as your sun, moon and rising to an avocado (skin, meat and pit) to make it more digestible (no pun intended!) in addition to fully explaining who you are based on your chart, she will tell you what's going on currently in your life and what's to come - she will also go further into detail about questions or areas of your life - for me i asked about love and work. she gives great advice based on the reading and makes you feel totally comfortable throughout - i feel like i could talk her for hours and hours about astrology! i actually plan to see her monthly as i feel like it helps with clarity and making sure you're aware when things are transitioning and how to prepare and optimize for them. next time we are planning on pulling someone i am having relationship difficulties with to understand where these differences are coming from and how to approach the relationship based on our charts. super excited for that! 

i could go on and on, but the bottom line is that natalie knows her stuff and she makes it super fun and enjoyable. you leave feeling informed, excited, happy and wanting to come back - almost like a therapy session (at least for me!) highly recommend seeing her!"
583,583,13.0,0.0884,"zoom, great, class, good, amazing, set, home, move, provide, forward","during covid-19, i want have zoom interview with him. assistant and he was very thoughtful, calling me ahead and i do not wast my time. 
he took time to lean about my problem. he prescript eyes drops are very useful. when covid-19 is over, i am sure i want visit office to lean about lasic. thank you doctor and assistants, be safe and be well."
584,584,15.0,0.0693,"session, telehealth, work, easy, therapist, helpful, continue, highly_recommend, offer, therapy","i was highly impressed by michael's ability to put the patient at ease during the session. he has a keen sense of recognizing the source of anxieties and frustrations by tapping into the memories of others. in addition, booking and rescheduling is a breeze from his website and he offers in-person or video chat sessions."
585,585,0.0,0.1449,"feel, make, love, experience, couple, start, anxiety, ease, team, share","i have been a patient of community psychiatry for almost 10 years and have had only the most positive experiences working with them. i started seeing a dr. in college and have moved a few times and cp has been extremely helpful in finding new doctors and getting the care that i need. 

the doctors that i have worked with have all been extremely professional and genuinely care about their patients well being. dr. hassan was absolutely fantastic and i was sorry to see her go but was referred by her to dr. white whom i have been seeing for a few months now. she has gone above and beyond to work with my insurance to get my medications approved and get me the best care. she is professional yet warm and positive and i look forward to working with her moving forward. 

the staff in the office has made my life so much easier! they are all incredibly helpful, understanding and do their best to coordinate with my schedule and handle my insurance issues. they are absolutely lovely and deserve a big thank you! specifically, nikki has been an absolute gem and i have been working with her for over a year and when she answers the phone i feel immediately at ease and confident that any issues i have will be solved with grace and kindness. 

with the current environment regarding covid-19, it has been very scary thinking about the future but the one thing i haven't had to worry about is my mental healthcare. the office staff has been incredibly supportive and flexible and dr. white has been utilizing telemedicine to make accessing care a breeze. this team has been a blessing during this stressful time. 

i would refer any friend or family member to community psychiatry with the utmost confidence that they will be taken care of by this team. they are amazing!!"
586,586,12.0,0.3867,"appointment, office, schedule, phone, patient, telemedicine, email, cancel, due, receptionist",i scheduled my appointment on march 11 and the earliest appointment they had for a new patient was march 30. due to covid 19 i got a phone call on the thursday before my monday appointment telling me that it had to be rescheduled to april 27. i received a call today from kayla letting me know that my appointment was to be moved to may 27. i told her that i was extremely frustrated because this is a psychiatrist office. i told her i am fine but what about the people that aren't fine. just because we are new patients they cant be seen ( i know that there are video chatting with their other patients). kayla said the covid 19 was messing everything up and that they needed to be careful that they don't get the virus and die. many times i told her i know it wasn't her fault however i am just expressing my frustration and that mental health is extremely important. i said i have been trying to get in since the beginning of march and now i keep on getting pushed back. she said that kissimmee doesn't have a lot of psychiatrist and that maybe i should go somewhere else. i said what time is my appointment and she said the same time 11. i said ok and what's your name? kayla hangs up on me. so i call back and no answer when i hear the answering machine and hear the name kayla i automatically remember that its the same girl that gave me my 1st appointment. she is the receptionist. finally i speak with someone else at the office that was extremely nice and i start telling her what happened and how she hung up on me. that is horrible customer service especially when i am calling for help.  i said i just need to make sure that its kayla that i was speaking with and she told me yes that's who you spoke with and she will not make the appointment. i said ok so now you are refusing my service and she said i guess she is. i told her that it was fine i will contact headquarters. i will gladly fine a different place to go to. no one should ever be spoken to like this especially for the type of office that it is. i am sure all of the calls are recorded so they can go back and listen to the calls. i never yelled at her or called her out of her name. i was just voicing my frustration. i worry about how many people have also had to deal with this type of treatment while trying to get help. instead of listening to patients that are trying to be seen she is more worried about catching and dying from covid 19. this is completely unacceptable.
587,587,15.0,0.1004,"session, telehealth, work, easy, therapist, helpful, continue, highly_recommend, offer, therapy",darshana has been so helpful with my physical health.  she has continued to be able to help me via telehealth so that i can stay healthy.
588,588,3.0,0.1654,"prescription, medication, refill, bad, state, order, pharmacy, med, problem, contact","cigna has 2 options for telemedicine- amwell and mdlive. its taken 1 hr and counting plus i've been charged $110 so far and haven't even had the privilege of speaking to a dr. my ailment is an abscess tooth for which in just in need of antibiotics. i was told there would be no charge for this with my cigna plan. 

my husband who is not on the plan, has no insurance, happened to have the sane ailment 2 weeks ago. he found a teledoc online. $35 and  a 10 min voice consultation later (15 min from start of search), he was finished and his prescription was called in. 

at this point , i'm not even sure why i pay for insurance... cigna/mdlive is terrible 
cigna/amwell is a little less terrible!...for the time and headache, i wish i would've not used my expensive cigna plan and called the sane dr as my husband and paid the $35"
589,589,8.0,0.2859,"call, wait, doctor, day, minute, appointment, hour, time, receive, message","if you are thinking about coming to this place to be tested for the coronavirus, dont!! this place is extremely unorganized. i called to get tested on 05/07 the lady got my information and arranged a teleheath appointment with a physician at 2:45pm. i received a call at 2:37pm which i was unable to answer at the time. a person by the name of jessica left a voice message, i called back as soon as possible (which wasn't even five minutes since the missed phone call) only to get the voicemail. i was hoping they would call back seeing that they called earlier than the scheduled 2:45 appointment, but i received nothing. on 05/08 at 8:30am i called to follow up on the appointment from the 7th. the lady simply booked another telehealth appointment for me at 10:45am. i had my telehealth appointment, the physician approved me to be tested, informed me that the testing site would be open until 1 or 1:30pm and that if i went to get tested today the results would not be in until tuesday as the results take 24-48 hours. i immediately went to get tested, the process was pretty smooth, i stayed in my car, a nurse came to my car, got my information from my drivers license and i got both nares swabbed. the nurse informed me that the results should be in no later than tuesday but if the results are positive i will be notified during the weekend. i went home anxiously waiting with my cellphone all weekend, monday and tuesday but received nothing. i called oakbend on tuesday and was told that i should hear something today and if nobody calls me by 3pm to call back so they can figure out what happened. i hadn't received a call and it was 3pm so i called back and was told that the individuals that were tested on friday 05/08 were given the wrong information and that the results should be ready tomorrow (wednesday) and that i will receive a call. another day spent anxiously waiting. i call wednesday at 1:30pm and was told that i should hear something today and if nobody calls me by 3pm to call back so they can figure out what's going on. i hadn't received a call and again it was 3pm so i call back and the lady says ""well the results take 3-4 business days so you should hear something today if not then tomorrow (thursday)."" at this point i am beyond pissed because why am i constantly being told something different! thursday rolls around and i hear nothing from this place and it's 3pm, so i give them a call and a lady tells me if you do not hear anything by noon tomorrow (friday) give us a call and we'll figure it out. i call at noon and veronica said she would forward it to her manager and once again i will get a call today. are you kidding me!!! this facility is supposed to be a testing site for covid-19 we are in the middle of a pandemic it is crucial that you have your stuff in order, that everybody is on the same page, and that you can test people and give them their results in a timely manner. if you cannot properly test people and give them their results in the time that you say, then shut the testing site down! this is so frustrating and on top of everything i am 34 weeks pregnant so these results are very important to me. i hate that i even came to this place. if you need to be tested for covid-19 do not come to this site!!! unless you don't mind waiting and constantly being told something different."
590,590,5.0,0.3194,"pain, exercise, body, follow, pt, injury, physical, excellent, issue, run","wow. not the place to go if you are in pain. they will avoid seeing you in person at every turn! after sustaining a severe ankle injury and being seen at an urgent care, i was referred to aps. i told the medical assistant when making an appointment that i had a serious fall, seen at urgent care and needed follow up care. i told her it was an acute issue- that the pain i had was new due to the accident. she said dr. lynch is great and would be able to help. she said she would get x-rays from urgent care. i had a telemedicine appointment with the pa. the pa was so condescending and told me right up front that they would not be giving me pain medication. i told her i was in pain, but did not want to ""cover up the pain with medication, but wanted to find out the source of my pain""... she said i should expect to be in a lot of pain due to my accident (how would she know when she did not even look at my ankle or the other injuries to my arm, wrist, shoulder and foot)? and she recommended physical therapy with a group they refer to for 6 weeks and then they would order an mri. what??! i can't even bear weight on my ankle and she wants me to go to pt without finding out why i am in pain and my ankle is so swollen? the pa and doctor never looked at my x-rays, never asked to look at my ankle or my other injuries during appointment. how are they diagnosing my issue?!! i am not sure where she learned her diagnostic skills... she  treated me as if i was a junkie looking for pain medication. i was very clear that i did not want medication, i wanted an mri /ct scan to check for soft tissue damage. 
thank goodness i was able to get in to see a physician at toca and they immediately ordered an mri, put me on crutches and a leg brace and said to rest the ankle as much as possible until they got the results of the mri. dr collins did a thorough examination and checked my other injuries as well. the assistant came right in to fit me for my brace while another assistant fitted my crutches. i left with an appointment for an mri as he suspected i may have done damage to tendons or ligaments due to the amount and place of swelling i had and the actual physical assessment he performed on me. it's a very sad state of affairs when you are automatically suspected of being an opioid or drug abuser when you express how much pain you are in. it is malpractice to not examine a patient and suggest 6 weeks of pt when you have no idea what the extent of an injury is. putting me into physical therapy for 6 weeks would have caused more harm to my ankle. what happened to the hippocratic oath taken by physicians? if you couldn't /wouldn't help me, dr. lynch at least do no harm. i am so disgusted with the care i received. you should be very careful as to whom you allow to practice under license. you concurred with your pa assuring me i was in ""great hands"". pitiful."
591,591,13.0,0.1345,"zoom, great, class, good, amazing, set, home, move, provide, forward","ariel and her team are amazing, especially for prenatal and postpartum care! they helped me bring my diastasis back together from my first two births, while being pregnant with my third. i felt like my core muscles got ""iron man"" training leading up to my third birth. i felt the strongest of my three pregnancies and had my easiest and smoothest delivery yet (at home)! 

now just as i've re-started my normal intensive dance classes, they have been cancelled due to the ""shelter in home"" mandate for covid-19 so... i just had an awesome virtual pilates session with ariel by zoom video and it totally kicked my butt (in the best of ways)! 

if you want to stay in shape and maintain core strength (even while at home), i highly recommend pilates sante!"
592,592,9.0,0.0944,"visit, time, doctor, virtual, experience, follow, fact, hard, person, worth","i would highly recommend ultimed in santa fe to anyone! my allergies have been acting up and i've been a bit nervous to go in anywhere with the covid-19 crisis happening. i found ultimed online and booked a virtual visit. dr fraker was professional, efficient, kind, and best of all - this was all done without leaving my home :) why have we not being doing it this way the whole time? thank you!!"
593,593,8.0,0.0798,"call, wait, doctor, day, minute, appointment, hour, time, receive, message",would not recommend dr. so...was two hours late for our telehealth appointment. said he is not concierge medicine and hung up on me.
594,594,0.0,0.5299,"feel, make, love, experience, couple, start, anxiety, ease, team, share","take this course! my fiancé and i attended the love made simple workshop this past weekend and feel more in love, happier, and closer than we ever have before.  
because of covid, our weekend retreat was moved online. to be honest, we were skeptical a ""zoom"" retreat would be as energetic, safe, and helpful. but, as soon as the workshop started, all our fears were calmed. gal and liron's love and energy burst off the screen and the online setting felt intimate and comfortable. 
gal and liron are loving and sensitive people; all participants were greeted with such warmth and kindness. they created an environment for couples to share, be vulnerable, and feel free of judgement. 
for us a huge highlight was being able to ""break out"" of the large group and speak 1 on 1 with a therapist. each therapist we worked with was zoned in; they truly wanted to help and, most of all, they gave my fiancé and me the encouragement and tools to ""really"" say how we were feeling in a safe way. 
on sunday night, after the workshop had ended, my fiancé and i were laying together. he quietly said to me ""i really liked this weekend."" i was touched because he is a stoic man who so rarely accesses his feelings. i said ""you did? why?"" and he said ""i feel like i know ""how"" i can be better to you now. i have tools and now i don't feel completely lost on how i can be there for you."" 
it absolutely warmed my heart and i have the couples center to thank. if you want a tune up, are struggling, are about to get married, or have been married for many years take this course. i couldn't recommend it more highly."
595,595,3.0,0.1252,"prescription, medication, refill, bad, state, order, pharmacy, med, problem, contact","i thought the team was great during the pandemic and the precautions. i telemedicine talked to the physician from home.. $230.00 as i don't have insurance. i was grateful to get medicines filled. i'm on a 13 week travel assignment and called to get refills as i am out in 4 days.. i was told i had to come in for a visit. i literally paid $230 for one 3 weeks ago and am working at a hospital helping the pandemic in another state. 
they won't refill my meds.. it was just a let down there isn't follow ups or reminders up front. especially when you e been taking medicine for years and literally can't just cold turkey stop. i have no idea how i am to refill my medications and it's horrible business to do that. especially as a behavioral health physicians office."
596,596,0.0,0.1789,"feel, make, love, experience, couple, start, anxiety, ease, team, share","cannot say enough good things about kim. i am new to the area and feel so lucky to have found her. i took a thursday evening yoga class with her and it was just wonderful. i think it's important to find a teacher who makes you feel safe and feels genuine and that is 100% kim. like another reviewer said, her instructions are so easy to follow and feel really natural. she asks ahead of time if you are ok with adjustments (which i am) and every time she adjusted my pose i got so much out of it. the twist deeper, the alignment better. i took one of her workshops and it was transformative. part yoga, part massage, part sound healing, and part meditation, it was such a powerful yet also somehow gentle experience that helped me so much on so many levels. i am looking forward to booking a massage and energy healing session with kim when the world calms down but will definitely be doing her one-to-one zoom reiki distance healing sessions in the meantime!"
597,597,2.0,0.1211,"issue, time, extremely, make, service, concern, friendly, kind, person, super","i had gone here my entire life until i permanently relocated to evanston. they're now part of northwestern medicine, which is also the parent company of my current doc.

i'm visiting my family for an extended period of time in st. charles. i have an ear infection and went on antibiotics last friday (that were prescribed not by my primary care doc in evanston, but by a doc in the glenview nm office who was able to do a telemedicine visit with me since she was the only doc available on short notice). fast forward 6 days -- i still have lingering ear issues, and i really want to see someone in person to make sure there's not another underlying issue, and i wanted to have my ears cleaned out because my pcp told me i needed to have that done the last time i saw her, and i was lazy and never did so. i figured that might be part of why i'm not getting better.  

despite that they have all my medical records because they're part of northwestern medicine, and that i went to fvfp for the first 26 years of my life, they won't see me because i'm not a current patient at their specific office and since i'm not planning to switch to them permanently. my entire family still goes there. the doctor i was trying to see delivered me 33 years ago. i'm in the suburbs and can't drive 2 hours to go see my pcp in evanston right now, especially with the protests going on that make it really hard to get out there. 

they told me to go to immediate care instead, despite me saying i really don't want to go to a walk-in clinic in the midst of a pandemic.  

so, i'm now my only option is to schedule an appointment with my pcp when i'm back in evanston. hopefully whatever infection is still lingering doesn't become a major issue before then. 

also, it was impossible to get ahold of the doc's office. if you call their main number it reroutes to nm's central answering service. the two women i spoke to there were perfectly nice and understanding, but it's not possible to call fvfp directly. and the nurse from fvfp who called me back was quite rude as i tried to explain the situation and why i couldn't go to my primary care doctor."
598,598,8.0,0.1667,"call, wait, doctor, day, minute, appointment, hour, time, receive, message","unacceptable patient service. made an appointment for one of my children weeks out with dr. khaja and then was told there was an 'appointment window' where we had to sit by the phone all day and wait for a call. this alone was bad enough to think a doctor couldn't manage some telemedicine visits on a schedule. 

i never received a confirmation email or any follow-up call before the appointment. the day came and no call. i left 3 voicemail messages throughout day at 12:30, 1:30, and 3:30 and no one returned my voicemails. 

unacceptable service especially when you consider that this is a psychiatrist who is supposed to help and support behavioral issues. if you can go somewhere else please try. the effort made by this place to communicate and fulfill the appointment was non-existent. 

i have since contacted our insurance to file a grievance. no one should have to go through this experience."
599,599,7.0,0.104,"check, nurse, facility, room, minute, place, hour, staff, leave, happy","extremely convenient in times of panic. i've been here about 6 times and they're never busy. wait time's usually just 1-10 minutes. they offer flu swab testing, covid-19 swab and blood (serum) testing, x-rays, urine analysis, and more. they have a huge waiting room, honor social distancing, and offer plenty of hand sanitizer by the entrance and after you check in on a small screen. any pediatrician we've seen has always been able to determine the issue with my kids without having to refer us elsewhere.

notes/tips:
**for milder issues, i recommend this spot over the er due to a shorter wait time and lower cost.
**plenty of parking in a shared lot, and in the same plaza as kidoolo and right after bmw springfield on the eastbound side of rte. 22
**they offer telehealth service like videochat with a pediatrician 8am-midnight."
600,600,8.0,0.3329,"call, wait, doctor, day, minute, appointment, hour, time, receive, message","do not trust this office with your care.  i had a cyst growing in my cheek.  i was offered a telemedicine appointment and just given antibiotics.  after 10 days the antibiotics hadn't changed and it became really painful.  i called in to the doctor to share my concerns and my call was not returned.  i consulted with another dermatologist (a family friend from seattle) via video chat and she said i needed an urgent visit to have the cyst taken care of before it got worse.  i decided to call a dermatologist that was recommended by my friend and my dad and they got me in right away (within two hours) and said that it needed to be removed immediately.  it was removed and i was told that the contents were quite concerning and unusual and would be sent off to pathology, especially given how fast it grew.  i was so relieved to have it taken care of.  spectrum dermatology called me 24 hours after my call complaining of pain and further growth to tell me to wait an additional 2-3 weeks and continue taking the antibiotics!!!!!  their level and of care is irresponsible.  if this is something that is dangerous, they should be ashamed of their dismissive and nonchalant attitude.  i forgot to mention that i waited 50 minutes for my telemed appointment and was called by their office 20 minutes past my appointment time saying they needed my payment before the doctor would see me.  they are disorganized and rude.  please do not trust dr. stark or her staff with important matters that could be life threatening."
601,601,9.0,0.1633,"visit, time, doctor, virtual, experience, follow, fact, hard, person, worth","i went in for my initial visit yesterday, while the staff was kind and helpful at the time, i am most frustrated about the events after my visit.
i was sold crutches, and a post op shoe for a foot injury, and told to go get an x-ray. i agreed and had the x-ray done.
i was told by my provider at the woodstock office that she would e-mail me between 9-10am the next day to follow up from my x-ray, regardless of the results.
i received an e-mail an hour after my visit with my x-ray results. its past noon on the second day now, and i still have not heard from my provider.
i did a zoom chat that was just even more confusing and told me i don't need the shoe and crutches i just purchased.. and still nothing from my provider.
i told my provider that my post op shoe did not fit correctly. i was told to bulk it up with socks. i have done that and it still does not fit. the provider on zoom chat simply just told me ""don't trip."" when i told them this.
its like since my foot isn't broken, i don't deserve a follow up e-mail with a plan for what to do next? i'm still in pain. i'm still swollen i'm still having a hard time walking. but apparently zoomcare does not care about that. never tell a patient you will e-mail them, if you have no plans to follow up with them. that is irresponsible and just rude. i am frustrated and upset."
602,602,17.0,0.2185,"call, insurance, phone, charge, pay, appt, receive, bill, horrible, today","they posted prices for visits on their website, but then when we said we had insurance, charged over a hundred dollars more than the listed price. so basically, we were punished for having insurance. all of it came out of pocket since we hadn't yet meet the deductible. zoom's business plan is predatory and, frankly, completely insane. please do not support this business model."
603,603,19.0,0.2073,"week, person, start, work, meeting, good, meet, back, leave, thing","the counseling from this person was the worst i've had. i went to him because i wanted family counseling. my first appointment with him should have been my last but i was willing to give him a chance. my son and i were scheduled for a 10 a.m. appointment. i took an early lunch and my son works second sift. oriri informed me that we needed to complete paper work so we should arrive early before the set appointment time to complete the paper work. my son and i arrived in the office at 9:45 am there as no one there so greet or inform us on what to do so we took a sit in the waiting room. about 10:10 another person came in scheduled to see a different counselor. she over heard me and my son talking about oriri being late. she interrupted and said ""are you seeing able"" i told her yes. she rolled her eyes in the air..i asked her ""what"" because i knew that eye roll meant something. she said ""go knock on his door he is probably in there"". she told me how to get to his office, because i had never been there before. i walked down the hall and could see a door cracked. i knocked and the door open a little more and i could see a man sitting at a desk completely with his face in his phone wearing a coat. our meeting started about 10:12 or 10:15, with out my son really being present because he had to fill out paper work, i was thankful that i was able to print my paper work out and complete it at home. if i had not i would not have been totally present for the meeting either and my job was paying for these visits. i informed him that we can not be late leaving this appointment because i was on my lunch and my son had to be leaving for work soon.  the last visit he set a zoom meeting because of the virus, this meeting was to be with one of the other family members whose actions caused me to seek counseling my daughter. i called him to set the visit for the next day and he said ok he would send a text message to my son and daughter on date and time. i waited three hours after that call and no text. i called him back to say did he send the text because i had not received it. he sent a link for a zoom meeting for this past saturday at 6pm. i hit the link and could not figure out what i was suppose to do. this man never sent instructions on how i should access the app.he should have never assumed i knew what to do. i finally got on about 6:05 pm and keep getting a message that my mic was muted...i couldn't get it unmuted but all the while he was talking to my daughter some he had never had a meeting with. he had his young daughter to try to help me get the app to work...all the while i was getting more and more frustrated. finally about 6:20 he called me and suggested we do a three way call. but he did not know how to do that. i conference my daughter in. and wanted to know why she had done what she had. this was the 1st time i had spoke with my daughter in months about what happen. oriris allowed my daughter to go on and on, saying so much i interjected he pretty much shut me down. i listed some more. then i blew up because he would not let me speak what was in my mind after all i had heard. the meeting ended when he said before of my daughter that i was wrong. i called him back to let him know that he as given my daughter ammunition to use against me. that now she can say even the counselor said mom was wrong. i let oriris know that he might not have agreed with me but who was he to say i was ""wrong"", what kind of counselor does that!!! he told me he was a counselor not a police man. he he taken control of the situation there would have been no need for policing. i would not recommend this person for counseling"
604,604,15.0,0.1194,"session, telehealth, work, easy, therapist, helpful, continue, highly_recommend, offer, therapy","***zoom***
talk about a god send! if you are looking for a great therapist, richard is your guy. we have transitioned our sessions to video therapy through encrypted zoom. i couldn't be more thankful to him for adapting to the current environment in order to still be there for his clients. but that is the kind of person richard is.
he shows empathy, is accepting, easy to talk to, and wise. richard is straightforward with his advise yet gentle. his approach makes you feel comfortable, understood, and safe to open up. 
i am so grateful for his patience and guidance. i look forward our sessions every week. i recommend him hands down, you will not be disappointed."
605,605,8.0,0.1162,"call, wait, doctor, day, minute, appointment, hour, time, receive, message","terrible customer service got the impression they are too busy for us. our doctor called ahead, and this doctor would not even bother to adhere to his prescription and refused to call him to work out a treatment plan.  they called us, but not our doctor. we tried to explain our situation, but they did not listen.
i recommend a vet first, you would get better treatment. 
the physician had one of the staff call us, the doctor would not even get on the phone, she was taking lots of telehealth calls though. 
we are a long time hoag patient and in the system, so are our physicians.  worst urgent care center i have ever dealt with. i would like to give a minus rating if i could. we are insured with the best, so that was not an issue either.  imagine what kind of treatment you will get there. good luck."
606,606,6.0,0.1908,"doctor, give, day, symptom, eye, sick, put, medication, antibiotic, explain","i am very disheartened with dr. eric duwell @ aurora medical center. his ""care"" of a close friend of mine (a geriatric woman with chronic asthma and sinus congestion) is sorely lacking. she requested a telemedicine appointment after becoming hypoxic to the point she lost consciousness due to severe sinus inflammation and likely needing a change to medication previously prescribed.

dr. duwell and his team refused to care for her and refused to have a telemedicine exam. instead they reccomended a patient of his with multiple risk factors for covid-19 (age, lung disease) seek care at a location that is high risk for contracting the disease (urgent care). they say #inthistogether i say, #outofthisalone.

they say they have a ""clean clinic"" but how can any clinic be clean when 40% of people transmitting the covid-19 are asymptomatic and will be allowed entrance due to lack of symptoms? dr. duwell is setting a hard line on not prescribing medications on a telemedicne exam even if the medication was previously taken without adverse events due to clinic policy. what about #firstdonoharm instead of #protocolswithoutthought"
607,607,14.0,0.1011,"back, give, test, find, time, result, covid, today, walk, information","i had a telemedicine appt with doctor kapoor. i can honestly say this is the first time i've ever had a doctor question as in depth with so much doubt behind their words and eyes and as much of a skeptical attitude as i experienced with her. i came seeking medical advice for a condition that affects my life on a daily basis and was treated as a suspect for a crime it felt like. every answer i gave was met with a seemingly judge mental response and a condescending attitude. i felt pressured to answer un-truthfully to spare myself the discomfort of being critiqued so harshly by someone whose suppose to be on your side. i tried to explain my history to her and reasoning for my discomfort taking prescription medications and felt as though she would just not listen to me at all. she often repeated her questions multiple times making me feel as though my answers were insufficient even though i was telling the truth. 

i will never return to this clinic in any aspect whether it be telemedicine or in person. i will never recommend anyone to visit here either."
608,608,11.0,0.1074,"baby, give, support, child, pandemic, birth, hospital, daughter, thing, husband","dr witz and nicole exceeded all expectations! his medical expertise and skill combined with the thorough consultation put my partner and i at ease for the procedure. beyond his medical skill, however, his personalized and loving bris ceremony (streamed across zoom due to covid) will forever be cherished and remembered by my family. thank you."
609,609,14.0,0.1468,"back, give, test, find, time, result, covid, today, walk, information","reliant urgent care has taken phenomenal care of my family during some super scary times considering the covid pandemic. my husband was tested for covid in their alley drive up and it was very well organized and easy. he got his test results back quickly - under 48 hours. he had a telemedicine appointment that he said was very easy to register for. during his appointment he was seen by pa mahsa who my husband was so happy with. he said she's very professional, caring, knowledgeable and listened/answered his questions well but was still efficient. all in all, this was a 5 star experience and because of pa mahsa's high caliber of patient care and the smooth process, we will definitely return here to reliant next time we are in need of urgent care services."
610,610,14.0,0.1662,"back, give, test, find, time, result, covid, today, walk, information","cute clinic, upscale location, horrible customer service. my boyfriend went in for a covid nasal swab, through the alleyway drive thru. the young man swabbed extremely roughly (both nares) and invoked more unnecessary pain than needed on him. i'm aware that nasal swabs are uncomfortable, but please train your staff to do better. i work in two hospitals, i know this rough approach was uncalled for. 

my boyfriend also had a very hard time getting his test result back. we had to call back twice. the first time they kept giving him the run around and transferring him to different extensions (um, unorganized much) and the second time, a very rude man told him to stop calling and to set up a video chat appt through telemed online and not once had anyone prior told him that was the only way to get his result. once his video appt was on, he had to repeat his symptoms twice because the staff interviewing him weren't relaying his answers over to the next person. annoying. 

the cherry topper was the horrible connection reliant had. whilst our connection was crystal clear (5glte) theirs kept breaking up and the doctor was struggling listening to a lot over the other side of the call.

hoping we never come back here again."
611,611,8.0,0.1307,"call, wait, doctor, day, minute, appointment, hour, time, receive, message","possibly the most unorganized clinic i've ever interacted with. i tried seeing a doctor via telehealth, but their website came back with ""internal server error"". i tried calling the number the website listed just to be told ""i have no idea who to transfer you to, but let me transfer you to the telehealth guys"". then got sent straight to voicemail. figured out later if i changed my insurance type to ""not sure"", it'd go through. someone then took my symptoms online, and left the chat. after half an hour of waiting and receiving a text that i need to stay on the chat, i decided to call the clinic, and this time got transferred to someone who answered. they then transferred me once more, and told me someone would call me back. i got a phone from an assistant telling me they were closing out my chart, which confused me as i hadn't even spoken to a health provider yet. i told him that i had questions i wanted to ask him, and couldn't understand how he'd have a diagnosis without even speaking to me. he apologized and told me he made a mistake, and then i was finally seen by a doctor. the doctor asked me how my test results were, and i was confused again and told him i literally just met him. he put me on hold for a while, and told me they had my charts mixed up, and i had to repeat my symptoms to him. the video chat also cut out halfway through. the doctor himself was friendly, although the appointment felt somewhat rushed."
612,612,8.0,0.1667,"call, wait, doctor, day, minute, appointment, hour, time, receive, message","this app is horrible. i made an appointment for a telemedicine video call appointment yesterday between 2 pm and 4 pm. the doctor's assistant (assistant of dr aminzadeh) called me to reschedule the appointment between 4 and 4.30 pm. the doctor did not call me between 4 and 4.30 pm. when i called up heal, the doctor had scheduled me for 5.30 pm without even asking me. 
the only consolation was that i was able to cancel the appointment and i got the refund"
613,613,9.0,0.1042,"visit, time, doctor, virtual, experience, follow, fact, hard, person, worth","during this crazy time my obgyn is not accepting patients,neither did she call to follow up or offer phone consultation, so i booked a telemedicine visit with one of the heals doctors and it was super helpful.doctor came up with appropriate plan to get me treatment and we resolved it. super happy i didn't have to go to the doctors office."
614,614,2.0,0.1088,"issue, time, extremely, make, service, concern, friendly, kind, person, super","dr. hollie truly listens to my challenges and concerns during our consultations. he has guided me in the best strategies to manage my allergy issues. his staff is polite, professional, and prompt. the process for receiving the immunotherapy shots has been made very convenient and simple. my last ""check-up"" with dr. hollie was via telemedicine, and it was flawless!"
615,615,2.0,0.1426,"issue, time, extremely, make, service, concern, friendly, kind, person, super","loving my new dermatologist! i've been in austin about 2 years and had a couple appointments with another dermatologist and just didn't feel like they really listened to my concerns. i've seen vanessa yawn 3 or 4 times now and she's awesome! she wants to hear every little detail you can give her to make the most of your visit and help get to the route cause of your issues.

she's both great in person and i just had a video conference with her (due to covid) that went really well. they set you up ahead of time to send pictures they can review and then use zoom to video conference. very smooth process where she was able to address and confirm my wemd'ing concerns (heh couldn't help myself). they are a little backed up right now, so get your appointment in as soon as you can.

also, they are on zocdoc so it's super easy to set up an appointment and even choose from their if you want to go in person or online."
616,616,4.0,0.1515,"patient, doctor, medical, make, office, health, practice, review, provider, year","i went to dr. herzog for my annual check up last year and i won't be returning. she wrote me a birth control prescription that i've been on since i was 19 for a few months. but after a few months, she left and went to a new office. not only did she leave a whole population of patients without continuity of care, if i wanted the prescription again at that office i'd have to come in and establish care with another doctor. so then i called her new office and they informed me that i'm not a patient of record so id need to make an appointment to see her. after some back and forth she was reasonable and gave me a few more months. well now my annual appointment is up and i'm out of prescriptions again. with the coronavirus pandemic, most doctors are focused on helping people with covid-19 and not seeing patients until may. she won't refill me unless she can do a ""consultation"" aka collection of insurance money and a copay (telemedicine). this is not a narcotic. i am not a high risk patient. my previous physician did this as a courtesy to her patients because she cared. i have no interest in seeing this physician again."
617,617,8.0,0.1126,"call, wait, doctor, day, minute, appointment, hour, time, receive, message","we were borderline  frantic as my husbands condition seemed to worsen.due to the covid19 outbreaks, the offices are only offering on line visits which i totally understand.somehow our appointment was cancelled due to a computer glitch and we were not notified. we waited all day for a callback from their office and decided  to call. understandably so, there was a long wait to speak to a staff member. in this case, the wait was well worth it. our prayers were answered when i spoke to james. he checked our records and deduced there indeed was a miscommunication and was able to fit us in to see a doctor  online! he was professional, reassuring and came through. james, if you see this, please know how much your efforts were appreciated! riverside medical management- please note the kind attention james bestowed upon us and what an exemplary employee he is.he restored our faith in the system. keep up the great work! another quick shoutout to gia and another  woman that called us and patiently  guided us  through the zoom app!be safe and thanks again james!!"
618,618,12.0,0.1003,"appointment, office, schedule, phone, patient, telemedicine, email, cancel, due, receptionist","let me start by saying that my daughter is 9 years old. she has been going to pediatric associates since she was born and it's always been an unpleasant experience with the rude office staff. but what happened to me on saturday takes the cake. i called to make an appointment with her doctor in a panic saturday morning because she had a rash that looked like chicken pox all over her. they scheduled the appointment and said ""just so you know there is a $600 balance on the account"". ok, thank you for telling me, off to the office i go. when i arrive they check me in and tell me that they will not see her until i pay the balance and that they told me that when i made the appointment. no they didn't and i don't have the money. given the current situation ( covid) my husband isn't working and money is extremely tight. i explained that to them. they could have cared less. their assistant manager of some sort came over and refused care. i explained i have a 6 month old at home and think my daughter has chicken pox. begged for them to please see her. cried and pleaded with them. they literally didn't care. they scheduled a telemedicine visit and sent me on my way. 
well, telemedicine doctor said it's fine, she had contact dermatitis and it will go away, take zyrtec. so we did. today is thursday, i took her back to the doctors yesterday (urgent care) and low and behold she has an extremely contagious virus that manifest in a pox like skin infection and now the 6 month old has it too. 

thanks pediatric associates for being heartless and all about the money. i work in healthcare, i know they could have seen her and they were just trying to string arm me into give them my last few dollars. 

disgusted"
619,619,12.0,0.1223,"appointment, office, schedule, phone, patient, telemedicine, email, cancel, due, receptionist","absolute disaster of scheduling an appointment and a complete waste of time. i made a appointment with them about 2 months ago for a date to see the doctor. when i came in they told me that my appointment was canceled and they tried to reschedule me by phone. then it turns out that their system had the wrong phone number along with the wrong address. apparently they got a new system and it was so shitty that it transferred over wrong contact information and they don't bother going in and correcting it. then they tried to set up a zoom meeting appointment and sent me a code to register that didn't work. the zoom meeting was then tried to reschedule again but the doctor doesn't work fri-sun and won't have appointments later than 230pm so i had to cancel a different day of work to do a virtual meeting. by this time i was so annoyed and i told the office assistant i was too frustrated with the scheduling to continue and she just said ""okay bye"" and hung up. this experience has been so disappointing and frustrating, what a waste of 2 months."
620,620,3.0,0.145,"prescription, medication, refill, bad, state, order, pharmacy, med, problem, contact","i have chronic pain and have been told that i will be in pain the rest of my life. i was referred to pain management and was administered morphine and dilaudid after receiving many procedures and spinal operations. 
     i removed myself from pain management after seeing national concerns of the risk of opioid addiction. i obtained a medical marijuana card and used cannabis to relieve my pain. cannabis is not covered by health plans and is very expensive and i was forced to return to pain management. 
     i was referred to national spine and pain by our family doctor. originally, i  met with dr. jeffrey schneider. dr schneider remembered me from previous encounters with him and his wife, years ago, at different locations. i was extremely happy with dr. schneider but as it turns out he was just temporarily on loan to the white marsh location. 
     i next met with dr. nicholson. i really liked him b/c he was very understanding & sympathetic so therefore i did not follow dr. schneider to the bel air location. 
     however, my next appointment was with dr. wilson. dr. wilson seemed to have a bad attitude and i did not feel comfortable with her. my husband asked me to give her a chance b/c maybe she just had a bad day. he went with me to my next appointment & dr. wilson seemed okay. 
     with the onset of the stay at home order, i  have been visiting via telemedicine. on may 19, 2020 during my visit, i lost internet connection with dr. wilson and dr. wilson called my phone.  dr. wilson seemed very irritated when she called. she stated that she was concerned that i was taking two different sleeping pills in addition to my pain meds. while i stated that i  was not, dr. wilson asked that either she gets a list of medications faxed from our family physician or i go to labcor for an urine test. 
     i immediately went on mercy's my chart and reached out to my family doctor to fax over my list of medications showing that i am not taking two sleeping meds. 
     on may 21, 2920, i received a call from carrie from pain mgmt. carrie stated that b/c i did not submit to the urine test within a 24-48 hour period, that i have been discharged from their office. i said that nothing was said about a time period and that i was given an either/or choice. i explained that i was still within the 48 hour period and that i would drive there immediately to perform the test. carrie said no, you are discharged. we are mailing you a letter. 
    on may 22, 2020, i received an email & a text telling me that i  have an appointment on tuesday june 2nd. i assumed that dr. wilson had received the fax from my family physician. 
  on june 2nd i got on the telemedicine call and waited for dr. wilson. after a 30 minute wait, dr wilson got on the call, saw me, and got off the call. after an additional 30 minutes, i called the office & was put on hold for 20 minutes. finally, jessica answered and was very nice. however, she transferred me to carrie who was extremely rude. 
   not to mention how rude dr. wilson has been. 
   i will never recommend national spine and pain the white marsh location!"
621,621,8.0,0.0939,"call, wait, doctor, day, minute, appointment, hour, time, receive, message","just had my second video examination with dr. kwon. i know it isn't as comprehensive as an in person , touching, unfiltered eye contact appt but it sure is convenient and quick. i sent a message through the website last night after hours and received a return call from his office with instructions for the video conference. he asked me great questions about my current issue, setting me at ease and allowed me to ask a free range of questions regarding my current condition and the more general condition of our community. 

thank you doctor and your staff and all the medical providers at rmc."
622,622,13.0,0.1298,"zoom, great, class, good, amazing, set, home, move, provide, forward","as soon as i learned i was pregnant and had my first few appointments with my ob, i wanted to be as healthy and active as i could be. my ob recommended wellborn lifestyles and it has been the best thing i have done since getting pregnant! not only are the classes amazing, but it has given me a sense of community that i never knew i needed. i honestly don't know what i would have done through this pregnancy without them! rebecca and all of the teachers are incredibly supportive, loving and giving. since the coronavirus outbreak, they are doing all of their classes via zoom and continued to give us exactly what we need, right from our home. not only that, they are also considering everything else we need (meeting with pediatricians, talking to an ob about the situation etc..) and bringing it all online. i'm endlessly grateful for wellborn, thank you for everything!!!"
623,623,5.0,0.1409,"pain, exercise, body, follow, pt, injury, physical, excellent, issue, run","thanks to a friend's recommendation, i started seeing angie prescott via telehealth while we're all stuck at home.  i dislocated my shoulder and needed guidance on rehab and recovery.  

there are physical therapists and there are physical therapists...  angie is of the wizard variety.  ;)  she has an excellent grasp of the human body as well as a seamless ability to talk to you on your level.  she's put together a fantastic program for me and i love having physical therapy on my terms.  also, i like the uninterrupted face time.  i've dislocated my shoulders a few times and been through rehab countless times.  i'm actually feeling a difference with the current program.  

my only regret is that i'll never get to step foot in the clinic as i live in arizona and that's a tad far.  cheers to acro pt - fantastic clinic! :)"
624,624,9.0,0.1466,"visit, time, doctor, virtual, experience, follow, fact, hard, person, worth","i had such a top-tier experience with the neurology center this week. i had a virtual visit with dr. herzfeld earlier this week and testing with dr. cohen today. both doctors had the best ""bedside manner"" i've experienced in quite a while. i was already nervous about my appointments (no pun intended), but both doctors made me feel at ease/in great hands. i also had a great experience with the receptionist over the phone when making my initial appointment. i wasn't rushed and she was patient in taking my information. she even joked with me a bit. it's good to see that their office is maintaining good spirits during the pandemic. the medical tech that performed my emg test had such a warm spirit and walked me through every step (my first emg test). the desk receptionist took all pandemic-related precautions and was also pleasant. this type of great end-to-end service is rare. kudos to the k street office!"
625,625,1.0,0.2413,"life, work, find, plan, month, year, change, program, live, home","hidef is amazing! mitch and dr.zach's holistic approach to health and fitness makes so much sense. they have a 3 step approach to ensure that you're at your best: personal training, nutrition coaching & physical therapy. more below about each program!

mitch handles personal training & nutrition coaching. as a trainer, he will uncover your personal goals and work with you on a weekly basis. you'll start out with modifications to your diet with the over all goal of achieving a healthy lifestyle that you will be able to maintain yourself. mitch is extremely encouraging and understanding of each situation. my weekly meetings with him were just what i needed with accountability & a healthy dose of positivity that i needed. 

on the personal training side, mitch has a wealth of knowledge and will write out at home workout programs for you to follow. if you want 1:1 coaching he provides video conference coaching which is motivating for me! knowing i would be working out in real time (via video) made me get up and ensure movement. mitch will make sure that your form is on point and the hour long sessions breeze by! 

we can't forget about dr. zach! he handles the physical therapy portion and has been a life saver since my string of injuries (#thisis30). i've found that even if you're not injured pt is so important to keep your body in the best shape it can be and is great for preventing injuries. i had a skiing injury and my inner knee area never got better even after a few weeks. decided to get it checked out and dr. zach to the rescue! after doing 4 stress tests he found that i had sprained my mcl's. he met with me weekly to get me back to normal and via the medbridge app i had home to follow along. 

then i sprained my ankle during covid and since it was an acute injury dr. zach was able to see me the day after it happened. honestly, this was the best thing i've ever done. i would have rested my ankle and not walked on it for a few days but i found out that you need to encourage movement back to the affected area. the manual adjustments and care dr. zach provides is top notch. i was able to run on a treadmill for 30 minutes *5 weeks* after this happened! he truly takes the time to explain why specific movements are important and what body parts they're activating. 

i cannot thank the hidef team enough. i 100% recommend their entire suite of services, check them out for a consult you won't be disappointed!!!"
626,626,8.0,0.2642,"call, wait, doctor, day, minute, appointment, hour, time, receive, message","this medical office, in particular dr. mohindra does not respond to messages. doesn't matter how many times you call or how urgent the message is. she just doesn't bother. she doesn't care. 

my dad got shingles and was seen by dr mohindra. she filled a prescription, but sent it to the wrong pharmacy. a week later, he's still in a lot of pain and discomfort and asks for a refill. it's a saturday and the doctor's not in so we have to wait until monday. i reassure my parents that the doctor will call it in to the pharmacy and all will be okay. try to hold on. 

monday rolls around, and the prescription isn't filled. i call to follow up and leave numerous messages--a total of five. the ladies at the call center were great. very nice and had compassion for what we were going through. i don't want my dad to endure another day of pain from his shingles so before dr. mohindra clocks out at 5, i decide to drive the 40 miles to go to the office myself only to have dr. mohindra say ""he's not my patient. have him see his primary care physician."" really?? you couldn't just return one of my messages to say that? well here's my final message to you dr. mohindra: it's really rude and unprofessional to not respond to messages marked urgent. you really suck!!

i called his primary care physician who hasn't been in his office for the past 3 weeks due to covid-19. he's only taking appointments by zoom. you need either a computer, tablet or smartphone to do this. my dad is 85 years old. he doesn't own a computer, tablet, or smartphone! he is still suffering from shingles. 

here's what i learned: 1) when you call the number to an urgent care, you don't get the medical office, you get a call center. 2) urgent care offices in general don't do refills on prescriptions. 3) spare yourself the frustration and grief and don't see dr. mohindra!!"
627,627,13.0,0.1802,"zoom, great, class, good, amazing, set, home, move, provide, forward","during the covid-19 crisis, dr howard led a group zoom call on ""handling anxiety in uncertain times"". her peaceful and thoughtful guidance was such a blessing in the midst of the crazy news articles and social media we've been reading. she gave concrete advice and tools for understanding how to dig deeper to where the anxiety is rooted and how to physically hold space for your emotions and in doing so release them. i have found that in the couple days since her session i've been able to be more aware of how i'm feeling and instead of resisting it- i've been able to acknowledge it and give myself grace. i am so thankful for her advice and wisdom. she is so approachable, non- judgemental, patient and caring. and most importantly she listens intently and gives you concrete tools for managing whatever hurdle you are facing."
628,628,11.0,0.2423,"baby, give, support, child, pandemic, birth, hospital, daughter, thing, husband","covid dream team... we selected megan peterson as our doula before the pandemic started. she came recommended from a friend and learned that she partnered with rachel wilson to provide co-doula care. my partner and i were on the fence about obtaining doula services because i work in healthcare and we had attended so many newborn/birthing courses. i was very fearful of having a c-section so we explored the option. on our first meeting with megan and rachel we immediately knew we had to work with them. the empathy, warmth, candid conversations and ""space holding"" were exactly what we needed. the relationship and expectations changed quickly because of coronavirius. we had some hard conversations as in person birth support was taken off the table. changing our support plan to virtual was hard but both rachel and megan showed up. we prepped with zoom calls; private yoga; they dropped off a birth care package full of essential oils, candles, tea, postpartum sitz bath, etc.; the big day came and my husband received support via text, facetime and phone calls. i ended up not having a c-section and believe it was through their support we felt empowered to advocate our birth plan.

after birth support has also been amazing. they provided a lactation consultant to support breastfeeding which was initially very stressful. also had zoom calls, texts and a social distance walk.  i couldn't have been happier with my choice to have not only a doula but to work with megan and rachel. truly recommend!"
629,629,18.0,0.1601,"recommend, month, year, week, son, surgery, kid, job, procedure, sleep","this took me a while to write because i struggled to find the words for how amazing dr. mofid and his staff are. from the first time i walked into the door everybody was amazing and helped me feel incredibly comfortable about what i was going through. 

i spent about 4 months looking for and going to surgeons that perform a full body in both orange and san diego county. i settled on dr. mofid for his knowledge and explanation of what his plan was and why. 

i am now 4 months post surgery and i am over joyed. dr. mofid is a modern day michaelangelo. i look better than i could have ever imagined. i have 2 more procedures to go and i can't wait for the final result. 

his staff post surgery was great. this happened right around the time of covid-19. i got regular zoom calls and check in from them to make sure i was doing well. it was a level of care that extended far past what i was expecting. 

my surgery was extensive and my recovery was difficult but i felt safe and valued the whole time and that with the care i was receiving i would come out the other side. i did and better than i ever imagined. 

i can't recommend dr. mofid and his team highly enough."
630,630,10.0,0.0937,"care, staff, covid, family, professional, due, physician, great, understand, provide","i always have a good experience when i go to see my doctor or the nps at hoag uc woodbury.  the staff are very friendly, courteous and helpful.  dr. teo is very thorough and offers wonderful care.  and now that they are offering telehealth visits, it is even more convenient.   i would definitely recommend hoag woodbury family medicine."
631,631,10.0,0.1476,"care, staff, covid, family, professional, due, physician, great, understand, provide","i have been a patient at hoag woodbury medical group since it opened in 2007-2008.  dr horng is our primary care physician. he is always professional and makes certain we understand instructions given for well and sick visits. he is patient and explains things in a language that is understandable to those with a non-medical background. he is the primary care dr for all of my family, 3 adult kids and spouse as well as myself. we did our first telehealth video visit on 15 apr 2020. his team of professional staff made sure i was well prepared to meet with dr horng.  everyone at hoag medical group (woodbury & orchard hills) is wonderful. we now reside partly in henderson nv and we still make the drive to see dr horng and his staff for routine and urgent care visits.  we have yet to find any other clinic that can replace the service we continue to receive at the locations where dr horng keeps clinic hours. on a side note we have visited the los olivos location for urgent care as well and that location is great also. from my family to yours, we highly recommend hoag and the team of physicians working there."
632,632,8.0,0.0959,"call, wait, doctor, day, minute, appointment, hour, time, receive, message",new to them and everything is done over the phone and telehealth session and at first it was great until i got to the part of them setting me up with a dr to give medications the therapist made it seem like she would put the notes in and i would have a call within in a hour. well i'm on day 3 and multiple calls to there call center because you don't call the actual facility you would go to and still no actual doctor assigned to me. i have extreme anxiety and ptsd and due to crack down from dea my family dr can no longer prescribe medication so i've been hung out to dry. so i'm a nervous wreck right now ! get your mess together before i go somewhere who actually cares about there patients !!!
633,633,11.0,0.0886,"baby, give, support, child, pandemic, birth, hospital, daughter, thing, husband","this review is for dr. koutures whom i cannot say enough good things about. he truly is our hero! recently with all of this covid19 craziness, our daughter started a fever, i called the after hours line, did telemedicine visits, sent emails and he did a visit at our vehicle. i kept him informed on everything. on day 8 of her symptoms he referred us to a cardiologist after suspecting our daughter may have a rare pediatric disease. it was confirmed dr. koutures was right. dr. koutures called me from his cell phone while i was sitting in the er waiting to be admitted into icu to check on us. he followed up with us in the icu the next morning. without dr. koutures we wouldn't have caught this in time and our daughter could have ended up in really bad shape. our family is forever grateful for him and his knowledge. as my family would put it, never leave her pediatrician, he diagnosed our daughter over the phone! thank you dr. koutures!"
634,634,5.0,0.1695,"pain, exercise, body, follow, pt, injury, physical, excellent, issue, run","for the last 4+ years i have been suffering from back and neck pain. working at my desk for long hours has been taking a toll on me, making it difficult to do everyday things driving, picking up my kids, or doing the dishes.

i finally took it upon myself to find a physical therapist to help me. i've now been working with dr. cindy for over a month, and have had 12 telehealth sessions. i was skeptical at first if video chats would help me solve my issues. but i can tell you first hand that it really works! 

using mobility and stabilizing exercise routines, dr. cindy has helped me alleviate a significant amount of my back and neck pain. it has been a life-changing experience for me. i don't even remember the last time i wasn't in constant discomfort throughout the day. i'm planning on continuing my telehealth sessions and believe i will be 100% pain-free soon.

in addition to being extremely knowledgable, dr. cindy has a great personality. she is really easy to work with and makes the sessions fun. 

i highly recommend working with dr. cindy for any of your physical therapy needs."
635,635,15.0,0.1201,"session, telehealth, work, easy, therapist, helpful, continue, highly_recommend, offer, therapy","i'm very impressed ... who knew physical therapy could be done over zoom?! i did a remote session with dr. kimmi, and i was pleasantly surprised that she was able to see so much just through the camera. she helped identify problem areas, and even showed me what she saw so i now know what to look for. she recommended some exercises for me, we practiced them together, and she even sent me detailed diagrams of the exercises so i didn't have to write anything down during my session. in general i loved that i was able to do my physical therapy sessions remotely, but specifically i loved dr. kimmi's approach, her knowledgeable background, and her extremely friendly and helpful demeanor. thank you!"
636,636,2.0,0.1003,"issue, time, extremely, make, service, concern, friendly, kind, person, super","i got scheduled pam today for a over the phone visit (basically a facetime call) . pam was a pleasure to speak with and helped me out a bunch, i explained to her my situation and she assured me that they would take care of me. im glad she was the first person i was able to speak to about what was going on, she made a great first impression.  she scheduled me with dr. mary denicola. wow!! pam said she was great but i didn't know exactly what to expect. she listened to me and answered all my question. i've had doctors talk to me like i'm crazy but she didn't. she listened & she was genuinely concerned and immediately came up with solutions for what was going on with me. she made this visit very comfortable and relieving. i couldn't help but cry because she made me feel so much better!! anyways, i highly recommend this place to anyone. these phone consultations are the real deal & so are the staff. thank you everyone."
637,637,10.0,0.0713,"care, staff, covid, family, professional, due, physician, great, understand, provide",i was referred to him by my primary care physician for my fibromyalgia. we had a tele video conference. he was not very understanding nor did he suggest any different meds or supplements to help me. he was somewhat rude and short during our discussions. i do not recommend him.
638,638,5.0,0.0988,"pain, exercise, body, follow, pt, injury, physical, excellent, issue, run","dr. dezfoli is a caring, talented, young gastroenterologist who listens to his patients and their issues. 
he thoroughly reviewed and analyzed my problem (ongoing abdominal pain, ibs c etc.) and tries to find the cause and a solution. very often you are stuck with a diagnosis, but without any help or plan for improvement. i liked my prior gi as well, but it was difficult to get appointments and it's important that a doctor is accessible. i had an office visit with him, but he is also available by telemedicine, which was very helpful during the corona crisis. sometimes it requires out of the box thinking and detective work to get a patient with chronic issues on the right track. i am at the beginning of my journey with him, but i feel in good hands, and i like that he comes up with a treatment plan together with you. the office is nice and his nurse ty is very sweet and professional."
639,639,15.0,0.1167,"session, telehealth, work, easy, therapist, helpful, continue, highly_recommend, offer, therapy","i found the egoscue method quite by accident and have become a devotee. i only had one in office session before the virus restrictions were put in place. so i was hesitant about using zoom. i have to say, it has worked beautifully...probably because of the skill of my therapist, lisa. she is very observant and helpful. in fact, she's great to work with. i look forward to our in office sessions again."
640,640,13.0,0.1093,"zoom, great, class, good, amazing, set, home, move, provide, forward","i had an issue and needed to see a physician in the same day and she was available for a zoom appointment.  (i wish they could email the zoom code directly to me vs. me having to log in to the portal and retrieve it and then go to zoom and enter that information.  seems like an unnecessary step.) she was great--efficient, personable, and listened to what i had said--told me what to rule out  and not be worried about (i had shared what dr. google had told me ;) lol), and outlined a clear plan of what she thought would be the best course of action.  my interaction was brief, but  impactful enough that i wanted to review her.  she is in huntington beach though and i'm in lb, so i probably wouldn't continue going to her for time and convenience sake--but definitely recommend her to anyone in that area.  doc if you read this--appreciate the appointment and the ""bedside"" manner--not everyone has it--and on zoom to boot!"
641,641,11.0,0.127,"baby, give, support, child, pandemic, birth, hospital, daughter, thing, husband","like the therapists at this location, but have issues with main admin office. don't like that they require kids to come to the office and ""prove"" to the therapists that the child is actually sick and then can be allowed to miss the appointment. otherwise, if you call in it's considered an event and goes towards them taking your child's reserved spots away. it puts the therapists and all the kids that he/she has to see at risk for getting sick. and let's not forget about the parents who still bring their kids in all snotty and tell the therapists that it's ""allergies"" and don't care... they just want t break to play on their phones. i get it, it's stressful and every parent needs and deserves a break, but you are going to get everyone else sick. and this is their policy before covid19. 

during covid 19 you can bring the child in and therapist can send them home or you can only call out for 2 weeks or the child loses their reservation spots and they give it to someone else. not only is this wrong, but dangerous. we have family members who have underline health conditions and no matter if the facility ""wipes"" things down and makes people wait in their cars there are still lots of chances of the kids, therapists, and other staff could get sick. we don't know where other families go, if they truly abide the ""stay at home"" policy, or if their ""allergies"" are actually just allergies. know this might sound ridiculous to some people as they don't care or think they can't get sick... but think of other people who can. i understand that some kids need certain therapies more than others, but if the therapist could facetime or zoom or just put spots on hold, that would be safer not only for the children, but for the employees as well. they should not be threatening to take away reserved spots bc we are concerned for our families health. we are trying to be concerned for your employees... be more concerned for your patients!"
642,642,9.0,0.1307,"visit, time, doctor, virtual, experience, follow, fact, hard, person, worth","tanghetti has taken care of my entire family (we have 5 children) for over a decade now. it saddens me to have to downgrade my recommendation however today i had an incident with dr tanghetti's assistant that was less than pleasant. not the type of customer experience you'd expect as a long time patient. or from a doctors office offering a stellar customer experience. 

we're in the midst of the international covid-19 crisis, we have a stay in place order and doctors are reducing services based on priorities, which is totally understandable. stress is high. 

i called for a refill authorization and was simply asking for him to pre-authorize a prescription i've used for years. the problem is, after the age of 35, insurance companies deem this medication ""cosmetic"" unless a doctor is treating you for acne.  

well, tanghetti's treated me and my family for acne for years. i've even undergone accutane treatment rounds twice, if you're familiar with accutane it's for very severe acne cases and typically only needed one time. this tells you how extensive my acne is. 

it puzzled me because i just had a refill two months ago. however for some reason he won't authorize it because there's a generic brand i can pay for?!?! 

my insurance will pay for it, they just need him to confirm that it's for acne not cosmetics. i'm not sure what having a generic has to do with anything.  i'll take generic or name brand. i just need something. 

i was also informed that i haven't seen the doctor since 2016. which isn't exactly accurate because i've had multiple laser treatments in past few years for the acne scarring and he always checks me before hand. 

i told his assistant i need this medication because my face is breaking out a lot right now. 

of course i'd be happy to go in and see him but we all know doctors aren't treating patients unless it's critical right now. as a matter of fact tanghetti just canceled an appointment my son had that was scheduled for this week. we're working to reschedule a virtual visit for him. 

it's a long story but to say the least i was very frustrated and quite disappointed. stress levels are already high enough, definitely not an issue i feel like i should have had to deal with right now. 

what was most disappointing though was when i got frustrated instead of working to help me by scheduling me a virtual visit or saying she'd talk to the doctor again, i was told to go to the goodrx app and see if i can find a place to buy it and they'd transfer the prescription if i needed it transferred. this made no sense to me. it frustrated me even more. i could hear her attitude and tell she was happy to hang up when i said ok i'll call you back if i can't find it for a reasonable price. 

it's already difficult enough dealing with adult acne. i just need dr authorization to refill a medically necessary prescription. but instead it's already been 3 phone calls back and forth and now i still have no medication and i'm left with a sour taste in my mouth with this type of customer service. 

i don't even know what to do at this point. all i know is it's created a lot of unnecessary work for my pharmacy, tanghetti's office and me and i'm still not done. sad to say it makes me not want to go back. which means it would affect my entire family."
643,643,18.0,0.1131,"recommend, month, year, week, son, surgery, kid, job, procedure, sleep","when i recently moved to the area i found dr gill, the dr that i was working for recommended her highly!
dr gills staff are nice and attentive, the dr has seen my kids for any of my concerns and specially now with the outbreak! a virtual visit was our choice and she was more that glad to do it! 
i'm glad we found her she is always giving me tips on both my son and daughters exercise and eating habits she takes her time talking to both my child and myself about them and evaluate them physically mentally and emotionally 
she is genuine and a sweet person.
an over all fantastic pediatrician!"
644,644,10.0,0.105,"care, staff, covid, family, professional, due, physician, great, understand, provide","dr. avanes has been our family doctor for several years and we have received the highest care possible every single visit. he is caring, kind, knowledgeable, current, dedicated, responsible, present, a great listener, with a great patient care manner and always taking the extra mile for his patients. at this time i am afraid to leave my house due to the virus, but that's not a problem with dr. avanes. i called in with a problem and right away i was scheduled a telehealth session with him. he listened, answered my questions, and gave his advise with outmost care and patience. his office manager, evana, and dr. gabrielyan and his entire office staff are always there to help out with a smile and a great attitude. god bless you dr. avanes!"
645,645,15.0,0.1366,"session, telehealth, work, easy, therapist, helpful, continue, highly_recommend, offer, therapy","long review...my first ever on yelp...

this location and office is warm, modern, and clean. the snacks and the receptionist's warmth are extra touches that made you feel cared for. 

however, i have to say that this provider has opportunities for improvements in logistics, administration, and its client portal. i found out foresight is a relatively new company so they are probably still ironing out some things. 

i've had a brief time with foresight (maybe 6 sessions in total). the reason for my two star review is because foresight got my appointment details/times wrong a few times, for example scheduling an in-office visit when i called in and said i needed telehealth for one of my sessions. the final straw for me is a no call/no show for an appointment. 

these instances are distressing and triggers anxiety. yea, it can be attributed to miscommunication or a logistical error. but at the end of the day, it's not caring enough about a client to be attentive to details. and it's not showing up for them in the same way that they are showing up for you. as a first time therapy patient, i learned something valuable, which are things i don't want from a mental health provider- unpredictability and unreliability. i'm glad i walked out. that's boundary-setting, and this was a lesson that i took from going to therapy and my therapist not being there."
646,646,2.0,0.1004,"issue, time, extremely, make, service, concern, friendly, kind, person, super","one-of-a-kind practitioner! i've been seeing angela for multiple years to receive acupuncture and recently transitioned to also seeing her virtually. it is a great reassurance that even if i'm not in san diego or able to come in for regular in-person physical appointments she can still help! she is no less thorough in her listening to and meticulous review of my concerns as we discuss the areas i wanted to address via video chat. even in a virtual format, she was helpful as ever providing thoughtful guidance across various areas including herbal recommendations which i was able to order and quickly add into my wellness regimen."
647,647,4.0,0.0869,"patient, doctor, medical, make, office, health, practice, review, provider, year","it is only a 1 because i can't make it a zero.  my mom is 72 and needs to have a prescription for anxiety medicine renewed next week....she has an appt.  they are still making her come in so they can see her....that is where all of the sick people are told to go if they think they have covid-19 and they are making her come to them...told her to wear a mask...she laughed as no one has them, they told her to wear a scarf....what an idiot!!  get with the times...you could do a zoom meeting and only give them a small renewal ( only for a couple of months), but that is right.....you won't get your $$$ that way.....money grubbing pos""
i am no longer a patient and can't wait until my mom isn't either.  with their horrible reviews, i don't know how they are even still open!"
648,648,11.0,0.2335,"baby, give, support, child, pandemic, birth, hospital, daughter, thing, husband","blown completely away by the competence, compassion, and service i experienced working with anna marie and juanita at chicago family doulas! every step was made so easy for me and my husband and we were consistently learning from our sessions and felt very prepared for our labor and delivery. we were impressed with the rapid communication we received, especially once everyone's set plans changed due to covid-19. we were further supported after our son's birth and heavily relied on our chicago family doulas expertise throughout our process and having our doula available via text and phone and video conference during our entire 15 plus hour labor. i knew from the first minute i interacted with anna marie that chicago family doulas would be a great decision and i was consistently reminded that it indeed was. thank you anna and juanita for supporting us during such an important period in our lives!"
649,649,17.0,0.1808,"call, insurance, phone, charge, pay, appt, receive, bill, horrible, today","i went to this doctor fall of 2019. she was out of network but close to home so i decided to go in. first appointment was great. second appointment when we were going to review my mri results, her assistant who i had never met before reviewed them with me and the doctor walked in the last 5 minutes in her gym clothes saying she was running to the gym but was going to put an injection in my neck like we had discussed last visit. after she put the injection, she said, ""this won't work to help you though. you need to schedule a surgery with me to burn the nerve"". this made no sense to me because then why was she giving me the shot if she knew it wouldn't help? that was the last time i went to her office and when her secretary called me in november 2019 to schedule a follow up and for my surgery, i declined and said i found a new doctor. fast forward to march 2020, she calls me to ask me if i want to schedule an appointment with her and that she was ""concerned"" about how i was feeling. i let her know that i found another doctor since december, thanked her and hung up. she proceeded to call me 2 more times that week insisting we do a follow up appointment. i had to eventually block her number because she kept leaving me messages after i already told her secretary last november i wasn't going to continue going there and also told the doctor herself when she called in march that i didn't want to go there and had another doctor. then i get a request for more information from my insurance stating that she submitted a date of service of may 22, 2020 for an injection she put for me. i called the office and informed the secretary i have not seen this doctor since october/november 2019. the secretary states that apparently i also did a telemedicine appointment with dr. kim in april which i told her is not true because the doctor's phone number has been blocked since march when she wouldn't stop calling me after i told her i already had another doctor. i called my insurance and they said she submitted 2 claims- 1 for a telemedicine appointment in april 2020 and an injection from may 22, 2020. bad doctor, money hungry, and submitting false claims. horizon bcbs has already red flagged her from my account in case she tries to submit more false claims."
650,650,13.0,0.101,"zoom, great, class, good, amazing, set, home, move, provide, forward","let me start by saying how thankful i am that i have found these guys. i woke up with severe back pain one morning and barely could not even move or breathe and gave them a call and they were so kind to set me up right away. i have a herniated disc. due to the circumstances of covid-19 they offered me a telehealth appointment the same day. i have been in therapy with them for over a month and i have changed for the better tremendously. 
the care and love they have given me in this past month where i have been experiencing so much pain was endless. all exercises were supervised and doublechecked via telehealth!! so amazing! thank you assaf for being so great!! they work with great doctors in case you need a medical opinion from a surgeon or specialist and have great connections. so thankful for you guys!"
651,651,11.0,0.2912,"baby, give, support, child, pandemic, birth, hospital, daughter, thing, husband","i never would have imagined that the world would have turned upside down within only a year of my child's birth and that wright mommy would be the reason i didn't lose my mind completely while we were/are under a #stayathome order from a pandemic, along with worldwide protests against racial injustice, citywide curfews, plus looting a few blocks away.
when i was pregnant, a friend clued me into wright mommy and me as a great way to build community and learn all about my baby's development. the classes definitely served that purpose and continued to be a lifeline as everything moved to zoom. i was concerned at first that zoom would make it difficult to focus, but then classes were made so that we had a singing/play portion for the children in the morning and then an evening portion for moms.  my child loved the music portion and recognizes julia with a smile. she even started to recognize and wave to the other children. the evening segment was therapeutic, plus educational! i feel the group grew even closer through the zoom meetings.
julia kantor has given so much invaluable guidance, info, and support to me and the other moms. like a fairy godmother, she's helped me enjoy so wholeheartedly the experience of being a new mom. she helps filter out the multitude of well-meaning voices in your life giving advice about every possible thing. it has also been so critical to have her expertise on ""baby-proofing"" your marriage so that our relationship with our partners can also be fulfilling.  i can't say enough good things. i will miss the class and look forward to the day i can see my mom friends in person again and have our little ones play!!"
652,652,11.0,0.1487,"baby, give, support, child, pandemic, birth, hospital, daughter, thing, husband","great class, even on zoom! 

our teacher, synthia praglin, is personable, knowledgable, insightful, funny, and very passionate not only about child development but also about the parents' well-being. she is thorough and is always open to questions, encouraging conversations to flow naturally, shares her own anecdotes, and keeps things light when necessary and more serious when it calls for it. 

my husband and i started the class in-person when our baby was about 4 months old and moved to online due to the pandemic. now with our 7 month old, although it's obviously not the same, we are still learning so much from synthia and gaining the benefits of a community, getting to know other parents and their journeys, and seeing the babies grow and develop. 

especially during this time of isolation, we look forward to our sunday class and to synthia's warm energy, caring and positive attitude and vivaciousness. keeps us sane and in-the-know! thank you for keeping this class going!"
653,653,13.0,0.1406,"zoom, great, class, good, amazing, set, home, move, provide, forward","we love our parent & me class! our teacher, synthia praglin, is thoughtful, knowledgeable, generous with her time, and supportive. we began the class prior to the pandemic and after a few weeks of pausing the class, many of us decided to resume via zoom. i'm so glad we did as we've built a camaraderie with the other parents and have benefited from synthia's wealth of information. we look forward to catching up on sunday's - singing songs with our babies and connecting on age-specific issues."
654,654,13.0,0.1416,"zoom, great, class, good, amazing, set, home, move, provide, forward","""it takes a village"" and this became mine. highly recommend this program ,more so during this time, ive looked forward to this weekly class with my 14month old since he was 3months. zoom classes were no different,  we look forward to seeing julia, the other mamas and babies. julia is the most big-hearted,  emotionally intelligent and experienced instructor we've been blessed to have. i thank this class in helping this ppd/ppa mama survive this past year."
655,655,11.0,0.1879,"baby, give, support, child, pandemic, birth, hospital, daughter, thing, husband","i am so grateful for the wright mommy and me classes! it has been invaluable to have the guidance and support - especially now over zoom. i really like how the topics are geared towards answering our questions and concerns based on what stages our babies are in. it's refreshing to have a space to relate to other moms going through the same things. our leader, julia has a big heart and really cares. the structure is organized and dependable."
656,656,13.0,0.1735,"zoom, great, class, good, amazing, set, home, move, provide, forward","i attended wright mommy and me with my son tyler from summer 2019- june 2020.  both during our in person classes and when we went digital on zoom (due to stay at home orders surrounding the corona virus), wright mommy and me has been such a blessing.  we were not meant to raise our babies alone and wright mommy and me had provided that village for me and tyler.  these mamas (and our fearless leader julia) have been there for me every step of the way.  i am extra grateful that zoom was there for us to help us stay connected during the super isolation of quarantine.   julia did a great job moving the platform online (with little notice!).   i would recommend wright mommy & me to any mama who wants a village. you won't regret it!"
657,657,11.0,0.1804,"baby, give, support, child, pandemic, birth, hospital, daughter, thing, husband","as a new mom, wright mommy and me was my saving grace. navigating motherhood is never easy and it felt so good to just come to a place, with my baby girl, where she and i could both learn- from not only julia but from the other moms and their babies who were going through similar journeys. julia kantor, our instructor is incredibly gracious, kind and warm. she was always available via email and shared informative articles and links. theresa, the program's manager, was just as gracious and was quick to answer emails. when the coronavirus pandemic upended all of our lives and the session switched to zoom, i was very skeptical; i didn't think the same warm environment could be recreated virtually. i quickly realized when we had our first zoom session, that it became something so much more. i felt that tender community spirit was stronger- perhaps knowing that again, we all were now navigating the unknowns of toddlerhood compounded by the unknowns of a pandemic together made it feel as such. (i signed up for the next toddler session via zoom). we were singing new and familiar songs which my baby girl enjoyed and discussed pertinent topics on toddlerhood. thank you julia and wright mommy and me for just being there for us during these emotional and difficult times."
658,658,17.0,0.1279,"call, insurance, phone, charge, pay, appt, receive, bill, horrible, today","oh my gosh so i came in there last wednesday because i wasn't feeling well. of course with insurance you have to pay a co-pay, and that is expected.  i went in the doctors office i was able to visit with the nurse practitioner whom told me that they were going to do some lab work because they felt like my thyroids were the reason why i was feeling so fatigued. i was told the lab work would be in friday. so i waited till monday and i called them so that i can get the results of my lab work. i was told i would receive a call back and didn't. so tuesday,today, around 4 pm i called back and i was told they didn't have a current phone number for me which is possible because i've last visited like a year prior. i was told that the nurse practitioner was recommending thyroid medication for me and i needed to do a telemedicine appointment and pay a co-pay before they would give me the prescription for the initial reason why even came to the clinic. i was told that is their policy and they will not call my medicine that i need for my thyroid in until i do a telemedicine visit they just seen me less than a week ago. i am all for small businesses but do not double tax the people in small communities that are looking for medical care. that is not acceptable."
659,659,13.0,0.1574,"zoom, great, class, good, amazing, set, home, move, provide, forward","i can't speak to the services at rwj rahway hospital, itself, nor the quality of patient care you can hope to receive.  however, i can speak to the amazing community programs the hospital runs.  if the support groups run by the hospital are indicative of its patient care, i have to say the organization is truly invested in health.  

rwj rahway, at one of its namesake gyms, rwj fitness & wellness, offers community-based support groups.   i personally attend the fibromyalgia support group & i can only describe it as a ""life-saver.""  before the covid-19 pandemic, we were already a close-knit group who discussed the countless lifestyle/medication/nutrition/exercise changes we'd made to improve our situation.  but, when we all went into lockdown, we had unique issues.  

led by an rn who could not care more about us if she tried, our meetings are a mix of scientific information (some unfolding & yet untested) & anecdotal experience.  

i've seen an amazing increase in my health from (regularly) attending these community meetings.  but, & more importantly during this crisis, i've had the support from people who understand our special risks & needs.  people i'm proud to now call ""friends.""

during this time, rwj & mindy, our group coordinator, have made zoom support group meetings.  it has been a lifesaver, when we can't be physically close, to keep this sense of emotional community makes it seem less abnormal."
660,660,11.0,0.1313,"baby, give, support, child, pandemic, birth, hospital, daughter, thing, husband","customer service is so important, especially when dealing with vulnerable children. reliability and consistency, or the lack thereof, are critical for helping traumatized children to heal. sadly, lifeline has failed to deliver that. since the start of the pandemic, we've had telemedicine appointments with nearly a dozen providers, and though there have been occasional glitches, most of them do a good job. not so with lifeline. for the second time in 3 weeks, we were left sitting in a zoom meeting, alone, with no way to contact the company (except by leaving a voice mail).  this is very harmful for children who already have trust issues. the first time it happened, i contacted roxanne dalpos, the owner (via voicemail, of course), and she delegated the response to an underling. her response was, ""who gave you my direct number?""  not, ""how did we fail you?"" or ""what can we do better?"" but peevishness about having to interact with an actual patient. after the second failure on their part, we finally gave up on this outfit altogether. there is an acute shortage of trained mental-health professionals, especially those willing to work with young people, and lifeline has the potential to be so much better."
661,661,2.0,0.1551,"issue, time, extremely, make, service, concern, friendly, kind, person, super","i have been so impressed with 4c medical group!  my first time there was a few months ago, i had no problem getting an appointment that worked with my schedule! i was nervous about making an appointment during my lunch hour as i know most doctor's offices make you wait a very long time! i was pleasantly surprised with the efficiency of the office and how quickly i was seen! dr. kapur was friendly and made me feel so comfortable talking about my health concerns (something i personally do not like doing).  he was extremely knowledgeable and made me feel confident in his diagnosis and treatment options. the next time i saw him was during the covid-19 pandemic, i was able to utilize the telehealth service they have which made me feel so much safer in this scary time. i have to add, i was also very impressed with the ease of the telehealth service! it took virtually no time to set up, i was sent a reminder and was seen on time. thank you dr. kapur and 4c for making my health needs something i don't have to stress over! in today's world having a doctor that can ease your stress instead of adding to it is priceless!"
662,662,5.0,0.2286,"pain, exercise, body, follow, pt, injury, physical, excellent, issue, run","i found out about tyson's services through my local gym and i cannot recommend him enough. i came to him with an injury in my elbows and i found it painful/difficult to do certain movements (pullups, normal bicep curls). 

tyson was able to do an entire assessment within our session, as well as go over some basic movements and stretches to help identify underlying issues and begin strengthening the right muscles and tendons to begin mitigating the pain. all while being remote! a few more sessions with him and my elbows were feeling better and i'm more comfortable starting up more exercises and movements i was hesitant to do before. 

besides being to able to do all this through virtual telehealth (and note he also receives payments via services like venmo too!), tyson made sure all my concerns were addressed. his attention to detail, ability to ascertain the root cause and provide constructive feedback and general help with regard to my issue, left me confident that i'm on the right path to healing my injury."
663,663,8.0,0.1614,"call, wait, doctor, day, minute, appointment, hour, time, receive, message","i was very happy with this practice years ago when dr. nadella was a provider there.  she left but due to its proximity & the fact that i don't get sick often, it worked out ok despite some long wait times sometimes. but now i will be looking elsewhere.  i made a virtual health appointment to get an order for urgent lab testing and was told it would be sent to sonora quest. they knew that i had the lab appointment the same day. i arrive at sonora and they don't have the order. we call. the office is closed for lunch from 12-1pm and no way to get through.  i had to get back to work by 1 pm so went ahead and paid out of pocket. i called to complain and was told they had sent the order out twice to sonora and had 2 confirmations that it went through. when i ask for proof to show sonora  and ask them to refund the cash payment i made - they can't give it to me.  also, at my telehealth appt, i asked to stop by and pick up the order or if they could upload it to the portal and i'd print it out mysef - knowing time frame was short- and they said no they would fax it to sonora. they even asked me which sonora i was going to, so silly me thought they'd send it directly there.  but no they sent it to tempe.  now i'm out the virtual health copay + cash lab fees and the pinnacle medical assistant wasn't the least bit apologetic, but said it was my fault for paying cash. i told her if i could get proof the order had been sent, sonora quest would be refunding the fee to me. she said there was no way to print out the confirmations. she also told me it was sonora quest fault & to take it up with them. look people make mistakes, i get it.  but their response unsettled me and i will be finding a new doctor. it's not like i loved it there anyway but after this, i'm not returning."
664,664,9.0,0.1076,"visit, time, doctor, virtual, experience, follow, fact, hard, person, worth","disgusting. i just called to fill a prescription that expired (not to get a new prescription!) and i was told that if i wanted to get my inhalers i would have to pay $125 for a ""virtual visit"". it's a real shame to see doctors trying to make profit at a time like this. to hear that they'd let patients go without potential life saving medication, or force them to pay $125 out of pocket to have a video chat, is gross. find another doctor with better ethics."
665,665,0.0,0.0955,"feel, make, love, experience, couple, start, anxiety, ease, team, share","i'm quite skeptical of therapy, but i felt that i needed to speak with someone. had been dealing with high levels of stress and slight panic attacks. she made me feel safe to speak, comfortable and at ease to talk about anything and she is not robotic like most of my past therapists. very good listener and will actually talk with me instead of the blank stare and clip board. unfortunately i was only able to meet with her in person a few times before covid19, but thankfully she offers video chat sessions. i miss the warming smells in her office, but she's been very helpful via video during this stressful time. her price is fair and she's been very helpful to me. she's also got a really cool dog that i also miss. he's great. 

definitely gonna continue utilizing her services."
666,666,3.0,0.1382,"prescription, medication, refill, bad, state, order, pharmacy, med, problem, contact","updating my review based on what happened after i originally wrote this: 

the doctor actually cancelled the prescription that was originally called in, *while i was at the pharmacy waiting for it,* indicating that the original diagnosis may have been incorrect due to the fact that it was made via phone and citing concerns about liability.

there are many more options for telemedicine today (all of which operate at a higher degree of professionalism). i highly recommend going elsewhere and do not recommend this particular service.

------

basic service was conveniently conducted by phone. the doctor was verbally unclear on payment terms, however, and i did not find out until after arriving at the pharmacy, waiting in line for 10 minutes, spending several minutes searching for the prescription with the pharmacist, and subsequently reaching out again that he expected payment before he would submit the prescription. 

after submitting the payment, i then had to wait in line for another 15 minutes (it had grown longer by this point), and was then told by the pharmacist that the prescription had been received but it would be another 20-25 minutes before it could be filled, due to the orders that had come before it."
667,667,3.0,0.1385,"prescription, medication, refill, bad, state, order, pharmacy, med, problem, contact","i guess i should thank alliance mental health for giving me the motivation to join yelp, and reigniting my desire to tap into my journalism, truth-telling roots, so-to-speak. something i love (i'm being facetious) is when an already grotesque practice blames a natural disaster or pandemic or nuclear war on its grotesque practices. this practice was terrible for as long as i've been a patient, which was a full year before any viral pandemic, and, come on, let's be real, their solutions to telehealth are like if luddites were in charge of providing care to patients during a time of crisis, which is probably, true. my therapist's office, my gp, have no problem being communicative, e-mailing a simple link for telehealth, and already putting in efficient practices for re-opening. shock! therapists? nps? not doctors? this office, when i started nearly two years ago, provided me with an md, dr. sharma, who is more concerned with his accomplishments (just check out his bio on the site), and exemplifying all anti-vaxxers fears about big pharma with the flying colors of his expensive suits, than helping his patients. when i was placed with him, we had a good rapport, probably because of the minimal age difference. then, he became a hysterical pill-pusher. i am a high-functioning psych patient, there was no way i needed to be on eleven medications, all overlapping. four mood stabilizers? come on. needless to say, he did provide me with one mood stabilizer that changed my life. i attempted to go back to him, when i found myself needing that stabilizer again, after having switched doctors, to level down, so to speak, and figure out what are the actual meds i need. dr. petrie was helpful with that, but he's bad at listening, and loves mansplaining. then, he does the thing a guy does with a girl, where he patronizes her, in talking: ""i didn't mean to upset you, please, ignore my condescending hand gestures indicating you to calm down, even though you are clearly so fatigued from the auto-immune disease you tried to show me lab results for, but i refused, even though i'm not a rheumatologist, that it's not like you're yelling, but listen to my hippie-dippie, recently graduated, still diving into textbooks, to provide you a diagnosis, even though i'm a do, and i am supposed to look at the whole person."" yeah, no. but, after i was leveled, and off the exorbitant amount of medications, that may have contributed to my almost dying (also, last year, when i was laid out in the hospital, for a week, with sepsis, and organ failure, and dangerously low blood pressure, i called sharma's ma, ana, and she brushed me off, even though i called because a) i was dying b) one of the plethora of medicines i was on contributed to dangerous low blood pressure. after i survived, almost losing my kidney and life, i went to see dr. sharma, and he had no idea i was in the hospital, but then, does he get my messages? does anyone? no. it's a doctor's office, of course. a psychiatric practice no less, why would the administrative staff need to have the competence to relay information to a doctor). present-day, attempted to go back to dr. sharma, after realizing i needed that holy-grail-mood-stabilizer (just the one), i was given the run around for months, like you wouldn't believe. i'm sorry, are the doctors in witsec? what is happening? why does samuel make fun of me, whilst simultaneously ignoring me, book appointments to see sharma, then, i go on the portal, and they've magically been switched out? is dr. sharma the best psychiatrist in the valley? no. is he the end-all be all? no. find me someone who is, and i'll be happy to write a rave review, because, if alliance will tell you anything, it's how nice i am, especially with thank-you cards and playing santa, no matter how much i get screwed over. i like it when people succeed. but, this has gone too far. and aren't like half of the amhs directors children of immigrant families, so-to-speak? whatsapp group chats work wonders for immigrant children, and anyone. just create an alliance whatasapp group and shared calendar. voila! efficiency. it's not that hard. it's not. how does the psych patient have to tell you that? also, the worst part, the doctors i've been carousel-ed around, since seeking a second opinion, have all told me they've heard from many patients, how office staff at alliance is the worst part of being a psych patient, not the actual disorder(s). and, if my hospital story explained anything, it's that alliance is like a developing country, of which infrastructure of any kind was already lacking, then, gets hit with an earthquake and a cholera outbreak, and suddenly, there are makeshift towns of tents (this actually happened, look up haiti). and, oh, no, tragedy.  and, if my ability to communicate with my therapist and gp, np tell you anything, it's that amhs has the organizational skills of a drunk freshman, rushing for the most egregious frat, at a party uni. two thumbs way down."
668,668,19.0,0.4363,"week, person, start, work, meeting, good, meet, back, leave, thing","i've struggled (unsuccessfully) with aud (alcohol use disorder) for 30-something years. finally, in 2014 i discovered sinclair method (https://www.the-sinclair-method.com/), which turned out to be a lifesaver. my drinking quickly went down to safe levels and i started to have alcohol free days several times a week. for 5.5 years i was a social drinker, a ""normie"" in aa speak. 

some life events led to me developing a serious depression and covid lockdown became the last straw. in the beginning of april i stopped taking my medication; from there, my drinking quickly escalated and turned into a heavy 6 weeks binge ending in er, icu and a 10 days detox. after i got back home on may 24, i wanted to make sure that sinclaire is still working (i still had some meds and started taking them right away); i had 3 drinks on the first day, then it went 1, 1, 0, 1, 0 - amazing, considering my condition before the detox. 

by then, i found an outpatient program (iop) at good sam behavioral. i was surprised to learn that dr cecil a. bradley, who prescribed me naltrexone all these years, is the medical director of this program. the program seemed very useful since a) it is in person, no zoom, b) i could address my underlying emotional issues and c) i could get an extended medical leave, since i was not ready to get back to work yet. on thursday, may 28 i was admitted; i was very open about what i've been doing before, what brought me there and about my intentions (go back on sinclaire, since it works great and aa stopped working for me at some point). everybody seemed to be open-minded, accepting and approving of my course of treatment. some even wrote down the name of my method and said they were curious and want to learn more about it. 

on friday noon dr bradley showed up, took me to his office and told me that their program is based on full abstinence and if i kept up the controlled drinking, i'd have to leave. he said there are alternatives to aa and suggested some other program - he just could remember it's name. he is in his 80s and seems to forget things. i promised to think about it over the weekend and tell him about my decision on monday. after all, at this point i could possibly refrain from drinking for the duration of the program.

however, on monday my case manager handed me a recovery plan with mandatory conditions: attend at least 3 meetings a week, find a sponsor and report progress at each morning session. i told her i don't do aa, and i was told to go talk to dr bradley, and again he gave me a dilemma: full abstinence and meetings or leave the program. ""if you don't want aa, there is this other program - can't remember it's name... rational recovery?"" ""- smart recovery?"" ""- yes, this must be it"". ""- how is it better than aa?"". ""- i don't know. we require full abstinence and meetings"". so i informed him that i'm quitting and went home.

this got me thinking: 1) why did dr bradley prescribe naltrexone all these years and even wrote me another 3 refills on that monday if he disapproves on sinclair method so much? 2) how does a doctor send a patient to some program can't even remember the name of? did he do any research or he really doesn't care? 3) why did they admit me at all, knowing full well my intentions and dr bradley's position and giving me false hope? 4) what kind of doctors put a patient into completely unscientific, faith-based programs with abysmal success rates and force him to abandon something that is proven to work for 80% and this patient in particular?

so i googled dr bradley and discovered that the medical board of california twice has suspended his license, once in 1990 and second time in 2007 (http://www.psychcrime.org/news/index.php?vd=32&t=california+disciplines+psychiatrist+cecil+bradley) he also was known to be sending referrals to life choices and working at red road recovery, two rehabs run by the same person, richard franko, who has no certifications and is a drug addict himself. life choices were reported to california's dhcs for ""making parolees assist in human like slave duties as a condition of not sending these clients back to prison. dhcs investigators heard from people they interviewed that franko had indeed used clients for personal benefit and, in doing so, compromised their sobriety."" (https://www.sanjoseinside.com/news/rehab-owners-who-lost-license-amid-shocking-allegations-deny-charges-get-back-to-business/)

makes you wonder, how does a doctor like cecil bradley ends up a medical director in well-respected hospital like good sam? i would not recommend going to good sam in- or outpatient behavioral programs until they replace him. the rest of the staff seems to be great, but there is nothing they could do to help me under current leadership."
669,669,12.0,0.1766,"appointment, office, schedule, phone, patient, telemedicine, email, cancel, due, receptionist","genuinely and honestly one of the worst medical experiences i have ever had. i made an online appointment for a video chat with a doctor, but their system is so inefficient i was unable to log on to cancel, as i was able to find another doctor who could see me sooner. i was amidst a mental crisis and needed a psychiatrist immediately. i emailed them more than 24 hours ahead of time to let them know i was unable to access my account to cancel (the place you make the appointment isn't where you can cancel it), and no one replied. the day of my appointment, i called to verify that it was indeed cancelled, and not only was it not cancelled because no one read my email, but they were charging me a full $175 for an appointment i never attended and tried twice to cancel. the guy i spoke to was extremely condescending after i explained how horrible and traumatic that is for someone experiencing severe mental distress. i told him i was unable and unwilling to pay for that being that i had tried harder than i should have to cancel. he said something like ""that's fine, we will just send you to collections,"" and that's exactly what they did. just got a letter in the mail. these people are absolutely horrible, unprofessional, and unwilling to help people who are already struggling. i am extremely level headed and responsible, this was beyond ridiculous. i'll be looking into legal action."
670,670,15.0,0.077,"session, telehealth, work, easy, therapist, helpful, continue, highly_recommend, offer, therapy","the telehealth screening is amazing! a bit of a wait due to technical issues, but worth it! i was evaluated thoroughly and received amazing compassionate care! i was a little skeptical because they don't charge much, i was amazed and i'm a bit picky so you can take my word for it!"
671,671,12.0,0.0854,"appointment, office, schedule, phone, patient, telemedicine, email, cancel, due, receptionist","i have generally been pleased with dr. rojas and texas oncology until today.  during the pandemic, they understandably are not doing face to face visits, but their telehealth visits are not being conducted in a professional manner.  they are only giving 3 hours windows where the doctor will call when she gets around to it with no consideration for my time or my schedule.  and to make the situation worse, the condescending, arrogant manner that ""kaitlyn"" handled my request for a specific telehealth appointment was unacceptable.  her ""well your other medical providers may be giving you a specific appointment, but we aren't"" statement made it very clear that texas oncology/dr. rojas places no value whatsoever on ensuring their client's needs are met."
672,672,0.0,0.076,"feel, make, love, experience, couple, start, anxiety, ease, team, share","with everything changing around us constantly, it was nice to know i was able to make an appointment and be seen relatively fast. and after being pre-screened, they decided i could get by with a video chat appt. chatted ahead of time and worked out any bugs and the dr visit went smooth. i definitely recommend dr roth and the whole office."
673,673,4.0,0.177,"patient, doctor, medical, make, office, health, practice, review, provider, year","i'm very concerned about the primary care associate entities that supposedly have the same file medical information on patients that have visited both the primary care on lake otis and also the urgent care primary care at the huffman urgent care.  the pca offices are supposedly connected, and the medical information of a patient should be in 1 system.  i have visited pca,  twice now, one visit at the lake otis office, upstairs, then another a week and half later at the huffmann urgent pca.  i am still sick, after switching antibiotics and being tested for  influenza and strep. both negative.  now i am still having worst symptoms, and i am trying to do a telehealth appointment, but the huffmann clinic has a empty chart on me, i spent 200$ for testing there. the receptionist said there is no information on me, so i called the lake otis clinic back, the receptionist said she found the visit there, but not in huffmann.  this is concerning, due to the covid virus going on. i shouldn't have to do my own foot work to find my medical information so it's accurate, both receptionists were not helpful, just nonchalant, i know health professionals are busy.  i am a nurse, working hard right now, and need to make sure i don't have covid, so i do the right thing, seeing a doctor, now going through telehealth, but they can't get there notes straight.  i am tired too, working the front line, but my patients don't have to struggle to get care, i do though. i feel very mistreated, by the front receptionists, saying, well they probably don't have your name or dob wrong, almost as if that's acceptable. not."
674,674,3.0,0.1356,"prescription, medication, refill, bad, state, order, pharmacy, med, problem, contact","how sad this place is.  they care only about $ and not what is best for their patients.  when hospital release our child with a strict bed-bound orders and lots of meds with a broken hip until he can get to neymours orthopedic surgeon, they demanded he be seen in office for a pediatric referral.  i called insurance and they gave us a case manager who agreed this was illogical and dangerous!  the insurance company contacted them and only then did they agree to do a telehealth appointment. now, w/ hospital discharge paperwork, telehealth consent, copies of everything they asked me for, they are giving us the run around to get an appointment asap so the poor kid can get to neymours (since insurance requires a pcp referral despite the hospital referral).  we finally had an appointment scheduled today (friday-now) at 10:30am to hopefully get the referral to neymours today before closing for the weekend, and they called to cancel because they do not have the xrays or mris from the hospital.  they gave me the wrong fax number!  hospital said it would be faster for them to get if they requested themselves, and tcch said they can't request it.  that is a lie.  hopsital is so angry with them, insurance is at a loss for words why they are acting this way, and my son is in a world of hurt.  we will hold them liable if ortho says there was any long term issues cause by this waiting game they are playing for some unknown reason.  this is ridiculous.  it truly feels like they are trying to cause harm to our child.  this is so painful and impossible to understand. and we are stuck."
675,675,2.0,0.0978,"issue, time, extremely, make, service, concern, friendly, kind, person, super","dr. shirley wang is excellent. contacted her regarding some regenerative peptides and after a very informative phone then office visit i had all my questions answered and received my peptides shorty after. dr. wang has checked in on me periodically since hyphen and even did a video conference in light of the current situation.         dr. wang is approachable,down to earth, and very knowledgeable in regenerative medicine. a+ and 5 stars. thanks dr. shirley!"
676,676,15.0,0.134,"session, telehealth, work, easy, therapist, helpful, continue, highly_recommend, offer, therapy",i deeply feel that holistic medicine is the best choice for me. i found dr. wang in december and she has been a godsend. i've had a few ketamine infusions to treat my anxiety and depression. they have also helped with my migraines! she also ran a full physical including blood work. the phlebotomist was amazed at the number of tests she asked for! dr. wang looks thoroughly at her patients. and just now i had my first ever appointment on telehealth. it actually seemed as if dr. wang was sitting right in front of me giving her usual attentive bedside manor. since my appointment wasn't an emergency or an infusion i will use telehealth more often in the future. thank you and stay safe everyone!!!
677,677,5.0,0.2613,"pain, exercise, body, follow, pt, injury, physical, excellent, issue, run","the pts at go beyond physical therapy are some of the best physical therapists that i have been referred to by an md.

they ""go beyond"" to help patients achieve results to improve or resolve both acute and chronic issues!

each pt -- dr. korey pieper, joann tippett, and dr. ben stein -- assess and treat patients, then tailor their sessions per individual needs, modifying exercises as needed during each session. 

they also take detailed notes and progress updates. there are no pas here so you're assured of receiving experienced treatment done well!

the sessions are 45 minutes in duration (the initial consultation is 45 minutes to 60 minutes in duration.)

since each pt has a different focus, patients are able to utilize them as a team, either staying with one pt or transitioning to another pt within the practice.

(that's something that i've never seen before!)

--korey pieper, the owner, is a doctor of physical therapy with almost 15 years of experience who is constantly adding to her skillset by learning new techniques and honing her current skills.

korey is kind, professional, and adept at what she does and wants to see her clients recover from injuries and prevent them from future injuries.

she utilizes art -- active release technique, which is a soft tissue-based massage technique that treats muscles, tendons, ligaments, fascia, and nerves.

(art is what sets korey apart. this is what made the difference in my healing process.)

--joann tippett joined the practice over a year ago and has been an amazing addition to go beyond! she has a masters of physical therapy and over 20 years of experience.

joann is talented, effective, and efficient and is methodical in consistently re-evaluating her clients needs with each and every treatment and switching up exercises as needed.

she is extensively trained to treat injuries for the lower back, pelvis, and sacroiliac joint (sij). she is also kinesio tape certified, which means that she'll correctly and skillfully apply the kt to alleviate pain.

(sij treatment is what sets joann apart. her ability to evaluate and work on this has been beyond beneficial!)

she also utilizes pilates for rehab and she is also a certified tai chi instructor.

--ben stein is a doctor of physical therapy and joined the practice several months ago after doing his final clinical rotation at go beyond physical therapy!

ben is an ipnfa certified therapist and completed a 9-month intensive, specialized proprioceptive neuromuscular facilitation (pnf) program.

he utilizes pnf, which is a technique to develop muscular strength and endurance, joint stability, mobility, neuromuscular control and coordination to improve the overall functional ability of patients.

(pnf is what sets ben apart. it's a unique method that has been an excellent treatment.)

lily is the front desk receptionist extraordinaire! she is an asset to the office and is able to multi-task while welcoming patients to the practice.

the office space is shared with dr lauren elkind of integro sports + rehabilitation chiropractic.

i highly recommend go beyond physical therapy to family and friends.

*note: during covid-19, they have been stellar in keeping up excellent hygiene, ppe, and social distancing practices!

all patient appointments are staggered, everything is disinfected between sessions, and only 10 people (patients + pts) are allowed in the office per day.

this medical office is the only one that i trust to visit during covid-19 due to their strict medical-grade standards to keep their patients safe!

**note: they offer telehealth visits through doxy.me, a hippa-compliant platform for patients who cannot go into the office.

***note: the pts usually book up 3 weeks in advance!"
678,678,1.0,0.3014,"life, work, find, plan, month, year, change, program, live, home","i just moved to the dc area at the beginning of the year and i wanted to find a trainer that would push me and help keep me moving forward. i had just come out of 5 years of hell with my job and a really bad relationship.  after looking at other reviews for trainers online, inez was the one that stood out by far.  she literally was the first person i talked to in the area, i made an appointment with her within the first few days of arriving and before my household was delivered. i knew she would set me on the right path.

inez was exactly what i needed. her energy will keep you on track, and you just keep pushing because you don't want to disappoint her. her plans aren't difficult either.  she literally lays out everything for you, so there is no time wasted on having to research and figure things out on your own. just do the plan and workouts and you will be successful. her plan is all encompassing, nutrition, workouts, and overall well-being. 
i am in the best shape i have been in over 5 years and my physique is changing weekly! i like to focus on glutes and abs with inez in our personal training sessions....my butt has never been so firm, and i can feel my core is so much stronger!  

i want to also mention that during the covid-19 shutdown...inez didn't give up on us. without skipping a beat, we switched to virtual training sessions with the equipment i had at home. she also formulated strength and cardio workouts for us if we didn't have equipment. we have zoom coaching sessions and i still sweat my butt off and my muscles were on fire! she's the trainer that will keep you on track and continue to lose weight and change your body during these crazy times!

thank you, inez, for all you have done for me...mentally, physically, and spiritually! you helped me get jen back!!"
679,679,1.0,0.1678,"life, work, find, plan, month, year, change, program, live, home","i have worked with fit-nez for almost a decade: three years in-person and the past seven years as a virtual client from the west coast. inez's long-term commitment to her clients, and passion to help them succeed in achieving their goals, truly sets her apart from other fitness professionals. there has been absolutely no difference between the quality of coaching i received in-person and what i have with her by phone, text, skype, and now zoom. she helps you craft a plan for success and takes the time to customize it for every situation you might be facing. also, because she knows life happens, she isn't afraid to make adjustments if something isn't working for you for whatever reason. she always keeps it real, and keeps you accountable, even if that's hard to hear when you're not following your plan 100%. at the same time she is always in your corner and available for support when you need it. inez knows what you're capable of, she believes in you, and she will do everything she can to help you meet your goals. i trust her with mine -- i only wish i could see her more often!!"
680,680,2.0,0.1346,"issue, time, extremely, make, service, concern, friendly, kind, person, super","dear dr. brendan armm,

in these challenging times we live in, i want to thank you for your continued help during the covid-19 crisis.

for some unknown reason to me, my cheeks got flush every afternoon. except for my difficulty falling asleep, i had no other symptoms. your ability to care for me through telemedicine / telehealth has helped me enormously. you explained the causes and knew how to treat it, even without using acupuncture. i have been taking your recommended tea three times a day; i do put a little honey in it. also, your herbs have been contributing to my well-being. as for the sleep issue, the tincture you recommended has also helped me. all in all, i feel remarkably better!!!

you are a very compassionate doctor and listen very carefully. your knowledge is extraordinary. thank you for your continued help and service during these difficult times. it really means a lot to me. it is comforting to know that you can be reach by scheduling online at  https://www.lotussm.com/contents/telemedicine which also has a lot of information about your office's telemedicine and telehealth services. and, it's terrific to know i have the options to also reach you or schedule by emailing you and/or your office directly or calling the front office at 310.828.8258.

sincerely,
a very happy customer"
681,681,15.0,0.0838,"session, telehealth, work, easy, therapist, helpful, continue, highly_recommend, offer, therapy","it's great that this center offers telehealth consultations during this difficult period. so much can be done with herbal formulas, supplements, nutritional guidance and stress management... it's so helpful!"
682,682,10.0,0.1152,"care, staff, covid, family, professional, due, physician, great, understand, provide","love love love dr. yockey and staff. i've been a patient of theirs since 2011. i told dr. yockey she can't ever retire. i've gone for annual appointments, surgery, laser appointments (that turned out amazing), botox , thyroid check, bloodwork, and most recently this office helped me with some issues with anxiety using their cbd oil. it was a mental wellness life saver (thank you marilyn and rinki) and i love their friendly staff, they offer gno's a couple of times a year, and they truly love on their patients. and during this quarantine...i even saw alison in my virtual telehealth appointment that i was super pleased about. 

if you are looking for a compassionate caring staff, advanced women's healthcare should be your go-to! 10 stars!"
683,683,6.0,0.2894,"doctor, give, day, symptom, eye, sick, put, medication, antibiotic, explain","well between flu season and covid-19. this group of doctors has decided they're so afraid of us, so afraid of what might happen that they are only seeing patients via telemedicine 6 weeks from now. my challenge is i have a chronic ear , sinus,throat infection, happens yearly...and i am at risk of losing my hearing because of what it is. (not corvid)  i can't get any doctors to see me. there's what? a  couple million people in la county, it's flu season, people are getting ear infections and sore throats. but they can't get any treatment from anyone other than through telemedicine and i really don't know how a physician can look down my throat or in my ear if they're doing it through telemedicine. i certainly don't know how they're going to take cultures? it's a little frustrating and the receptionist was kind of rude about it. i'm 70% deaf because of recurring infections in my ears over the last 30 years. i guess it's okay if i lose all my hearing. i do realize the seriousness of the corvid 19 situation but there's got to be a way to actually treat patients and get them the medicine they need so that they don't lose their hearing or a dip in the hospital with sepsis."
684,684,15.0,0.1476,"session, telehealth, work, easy, therapist, helpful, continue, highly_recommend, offer, therapy","i was referred to evolution by a friend i admire and trust their opinion. 

i've been working with brooke/evolution since january 2020 for a surgically repaired shoulder (baseball injury). my experience has been incredible - from the people, to the professionalism, to the results of the therapy. 

now, with the current pandemic our world is facing, i've been forced to stay home and unable to attend in-office sessions. however, brooke has been able to fight through the adversity and figure out a way for us to do virtual/online sessions (utilizing facetime...can also try zoom, etc.). i get to continue my weekly sessions with her and not skip a beat. we're working together to continue effective stretching, mobility and strength exercises all within the confines of my comfortable home.

no need to keep looking around, give evolution a call!"
685,685,9.0,0.1104,"visit, time, doctor, virtual, experience, follow, fact, hard, person, worth","i was looking for an obgyn and found that dr. vu had amazing yelp reviews, so i reached out to cwmg. although it was a virtual visit, dr. vu took the time to speak with me without feeling rushed, she gave me all of my options so that i can choose what treatment was best for me. she listened to my concerns and helped address all my needs. i'm so glad i chose dr. vu at cwmg. they have been on top of scheduling my labs, etc. they are so quick to get you lab slips, authorization approvals, and the ladies at the front have been so kind and helpful. i would definitely recommend them!"
686,686,2.0,0.1075,"issue, time, extremely, make, service, concern, friendly, kind, person, super",i've been going to this practice since 2014 and it has come along way! i nearly left due to issues with front office/scheduling issues a few years ago but then discovered dr. robinette. she is amazing! i've been seeing her for the past few years. she has gotten to know me and my family and is quick and responsive to any questions or concerns (the practice has a great secure messaging system). the office also offers telemedicine visits and was one of the first in alexandria to get the covid test.
687,687,13.0,0.2007,"zoom, great, class, good, amazing, set, home, move, provide, forward","i started taking prenatal yoga classes here a few months ago and the space and teachers are wonderful! at the beginning of the covid-19 crisis, the owner quickly moved all classes to zoom and is continuing with the full schedule. i'm so grateful as pregnant people need yoga more than ever in this crazy time. highly recommend!"
688,688,0.0,0.3357,"feel, make, love, experience, couple, start, anxiety, ease, team, share","after searching online for the best couples therapy, i landed on the couples center and felt encouraged by the positive reviews, especially around their weekend workshop, ""love made simple."" on top of all the 5-star reviews, i got a taste of the amazing (free) content they share for couples to leverage, especially during this tricky time when we're all quarantined together 24-7.

i decided to pull the trigger and knew we were in good hands as soon as the virtual workshop started. liron and gal are extremely warm and authentic - you can really tell how much effort they've put into the workshop. they guided us through multiple topics, such as exploring our connection and identifying our blueprint for conflict. while there's no magic bullet for a successful relationship, i felt that i came away from the workshop with better fundamentals that i want to continue building on. it was worth every penny and i'm grateful to liron and gal for spending their weekend with us! i also loved the group format because when people share, you realize you're not alone and other couples are experiencing similar things. you're never forced to share though - they wouldn't call you out if you don't feel comfortable sharing. 

logistics: it's a 3-day online workshop due to sip - 3 hours on friday evening and 6 hours on saturday and sunday with plenty of breaks in between. it was held on zoom with breakout rooms used for private exercises with assistants/gal/liron to help guide you through your thoughts and emotions. this was incredibly helpful and one of my favorite parts of the workshop. i thought that the virtual format worked really well here because it was so private. 

i'd recommend the couples therapy for any couple looking to learn the right strategies for having a happy relationship!"
689,689,0.0,0.536,"feel, make, love, experience, couple, start, anxiety, ease, team, share","take this course! my fiancé and i attended the love made simple workshop this past weekend and feel more in love, happier, and closer than we ever have before.  
because of covid, our weekend retreat was moved online. to be honest, we were skeptical a ""zoom"" retreat would be as energetic, safe, and helpful. but, as soon as the workshop started, all our fears were calmed. gal and liron's love and energy burst off the screen and the online setting felt intimate and comfortable. 
gal and liron are loving and sensitive people; all participants were greeted with such warmth and kindness. they created an environment for couples to share, be vulnerable, and feel free of judgement. 
for us a huge highlight was being able to ""break out"" of the large group and speak 1 on 1 with a therapist. each therapist we worked with was zoned in; they truly wanted to help and, most of all, they gave my fiancé and me the encouragement and tools to ""really"" say how we were feeling in a safe way. 
on sunday night, after the workshop had ended, my fiancé and i were laying together. he quietly said to me ""i really liked this weekend."" i was touched because he is a stoic man who so rarely accesses his feelings. i said ""you did? why?"" and he said ""i feel like i know ""how"" i can be better to you now. i have tools and now i don't feel completely lost on how i can be there for you."" 
it absolutely warmed my heart and i have the couples center to thank. if you want a tune up, are struggling, are about to get married, or have been married for many years take this course. i couldn't recommend it more highly."
690,690,0.0,0.2986,"feel, make, love, experience, couple, start, anxiety, ease, team, share","my partner and i participated in the love made simple couples workshop. due to shelter in place, the workshop was conducted over zoom and spread over three days (fri, sat, sun). initially i was concerned about getting zoom fatigue, but by the end of the weekend was so glad we had participated and actually felt time was flying by! gal and liron have a great base of content to share built from years of experience working with couples, and with the help of assistant therapists facilitated many meaningful couples discussions. in addition to feeling closer with my partner by the end of the workshop and that we learned tools to strengthen our relationship, my partner and i were both moved by the experience of hearing from other couples. very eye-opening to see other couples who love each other coming across similar patterns as you are! thank you to gal & liron for your work making simple for couples what is most important to keep connections strong, and for creating a safe space for couples to learn and grow."
691,691,15.0,0.1295,"session, telehealth, work, easy, therapist, helpful, continue, highly_recommend, offer, therapy","okay, way over due update....

i cannot express my gratitude to this group of amazing therapists, they truly care and work so hard to make sure your child gets to notch care.

we have been coming here for about 3 years? maybe longer, my baby was months old when i needed help with ot, and luckily for us, cherrie was willing to take us in, she worked 1-1 with us as a family to make sure we had progress,working with little kids (under 18 months) in an art, and it needs a little bit of love and personality, after working with cherie for a while, we finally were able to move on to another therapist, miss jessie and the experience with her was so good for my son, she kept the values and care that cherrie had for my son, we did not even felt the transition to be honest, it was so so so smooth, that gave my son the change to adjust, these therapists people truly care, and now we will see miss megan, another great therapist, and the gratitude for the care they give is amazing.

with the whole covid19 pandemic we had to switch to telehealth and although it is a little more complex, since they have known our case for so long, it has been so good to have the opportunity to see them every week, to ask questions and to have their help adjusting to these circumstances.

from the bottom of my heart, thank you!"
692,692,0.0,0.3179,"feel, make, love, experience, couple, start, anxiety, ease, team, share","my husband and i have had two prior experiences with couples counseling that didn't do much to help us resolve our issues or bring us to deeper connection.  our experience with karen gordon at empathi counseling has brought us farther into connection than we have ever been before, and we couldn't be more thankful that we found her!  karen is warm and empathetic, and creates such a beautifully welcoming and safe space to really help couples search deep within themselves and fully open up and engage in the healing process, together.  we leave every session feeling more connection and love, and through our sessions have developed a strong framework for working through our issues at home as they arise in daily life.  

since the start of the shelter in place orders in sf for the covid-19 pandemic response we have had one online session via zoom.  the team at empathi has been vigilant at providing their patients with options for telemedicine sessions and sharing the information needed to make these sessions happen.  we felt just as comfortable having our session with karen via zoom from the comfort of our own home, and are very grateful we can continue our work as a couple - even if we can't meet face to face!  

all our thanks to karen and the whole empathi team!  

-sarah (and dave)"
693,693,5.0,0.1488,"pain, exercise, body, follow, pt, injury, physical, excellent, issue, run","working with nava via telemedicine at thriveagain pt has been a life-saver! towards the end of my pregnancy, i started experiencing round-ligament pain that made it difficult to walk or do basic activities. through online pt, nava helped me see vast improvement in the condition so that i can now walk about 1/2 mile and get around the house without pain. she has also given me helpful exercises to prepare for birth."
694,694,4.0,0.1332,"patient, doctor, medical, make, office, health, practice, review, provider, year","i am so angry at this facility given my most recent experience. i went in back in march to be treated for something and was referred to a specialist. immediately went to the specialist and was told to keep going on the medicine napc prescribed for me. i started to run out of the medicine last week and asked them to refill since it was helping. they would not and instead required me to have a telehealth appointment before they would refill anything. they didn't even ask in advance for the specialist that i went to, to see what their report was so that they could just refill the script based on the results of the test. so here i am owing a $30 co-pay for a conversation that lasted less than 5 minutes where i was the one telling them what the specialist said. absolutely ridiculous! not to mention my employer's health care plan will be billed $100 plus dollars for absolutely nothing. i will be looking to go somewhere else from now on....."
695,695,5.0,0.1693,"pain, exercise, body, follow, pt, injury, physical, excellent, issue, run","there is no of leaving a review with no stars, so i'm guessing airrosti gets a participation award like everyone else.  i had my second appointment yesterday (monday).  i have been having a hard time with my elbow...  in hindsight, what i was dealing with was heaven on earth compared to right now.  it was suggested to me by my very close family member to see what they could do to help me.  during this covid19 stuff, i have some time to self reflect and care for myself.  so here i go, following advice of a loved one.  the first appt wasn't so bad.  the second one should have been a clue when i was asked if someone could do. her observation via zoom or whatever.  was dr. abilez trying to get high scores....  she failed and i'd overcome to see the video that left me in pain.  i'd love to speak to the observer as well... bet that will never happen.  
i left feeling sore, but staying in the spirits of everything will be ok.  negative. i went to the grocery store and found some paper towels...  that's a big deal right now...  it hurt to pick them up and put in the cart.  then i went to get some pork to smoke over the weekend... extending my right arm was painful with sharp pains throughout upper and lower arm.  all i wanted to do was go home.
i left to go home and began icing my elbow.  i really wanted to try some of the rehab exercises, but the pain was too much to bare.  i iced again in the afternoon.  that night i asked my husband to see how my arm looked.  there are pictures that follow that will show the next 24 hours worth of pain.   i was told i might have a slight line of bruising...  see for yourself.  i called the 1-800 number tuesday morning and sent pictures to dr. abeliz phone... no response.  now i'm in pain and i would not ever suggest anyone go through this experience.  my quality of my right arm is not accepable"
696,696,11.0,0.2975,"baby, give, support, child, pandemic, birth, hospital, daughter, thing, husband","we gave birth to our son on march 24 during the covid-19 pandemic / quarantine. i was having issues with his latch, and my nipples were so raw and one side was actually injured. due to the pandemic my hospital was not allowing any sort of appointments in the hospital for breastfeeding support so i was left to call the lactation consultant at the hospital -- no one picked up the phone and i had to wait 2 days to receive a call back. after speaking to my hospitals lactation consultant they were not helpful  at all & i felt even more stressed than i had before the phone call. i was in pain and frustrated to say the least. i was worried i wouldn't  be able to find any support or help during the pandemic.  

enter kathleen. i found her on yelp, and immediately called her. she was able to setup a video consultation right away to help with the latch problem. just after that 1 video consultation my latch issue with my son was resolved and we've been successfully breast feeding ever since. he's consistently gaining weight. i was pleasantly surprised that we were able to fix the latch problem over video chat so easily!

i also opted to sign up for her 12 week newborn consultation, which we are also able to do over the phone. so far she's given us helpful tips on surviving parenthood by giving sleep tips and also new parents hacks. it's comforting and reassuring to know that i'm able to text her with any questions especially since the internet is a dark black hole. 

i highly recommend kathleen!"
697,697,10.0,0.0869,"care, staff, covid, family, professional, due, physician, great, understand, provide","just had a telephone visit with this office because of this crazy corona virus thing. i spoke with dr. shahbaz, he was very informative and took time to make sure i understood everything. i can tell the office cares and is making sure i'm taken care of!"
698,698,17.0,0.1618,"call, insurance, phone, charge, pay, appt, receive, bill, horrible, today","just received an email from this office stating that my credit card will be charged $335 dollars! absolutely no explanation as to what i'm being charged for. 
#1. i have insurance that covers my visits and no copays.  
#2. i have not seen this doctor in 4 months and that was for a quick blood pressure check.
#3. i thought something fishy was up on my last visit wheni was asked to agree to a test which seemed unwarranted. i declined.
#4. i was automatically re-booked for a follow up in april. when i called to cancel a few days before because we were under quarantine for the coronavirus i was pressured to switch to telehealth. mind you the purpose of the visit was to monitor my blood pressure. i have a monitor at home which was prescribed by this office. i declined the telehealth visit.
 suddenly out of the blue, the email appears with no bill attached. fraudulent mystery charges... if there is something that i have realized by reading other yelp reviews, is that i am not the only patient this has happened to. i will make sure that they are taken to task by my bank and my insurance company. this is absolutely disgusting!  ny is in the middle of pandemic and this is what they do? desperate, greedy doctor! total scam. avoid!!!"
699,699,5.0,0.1276,"pain, exercise, body, follow, pt, injury, physical, excellent, issue, run","michael nieraeth has seen me through the  recovery of broken leg last year  and now tmj with telehealth visits due to covid 19. 

my jaw was so jammed it was giving me ear pain. my ent recommended pt and my first thought was to go see mike. 

he gave me mouth and jaw exercises to do along with videos . when i had question i got an answer the same day .
 
i have to say i was diligent about doing my exercises.  it took 3 weeks to get my jaw back in place and fix the ear pain after months of pain. it made me feel empowered to be able to fix the issue if it happens again with the exercises i now have in my arsenal.

i would not hesitate to recommend mike and evolution pt. i feel very lucky to have found them"
700,700,15.0,0.0955,"session, telehealth, work, easy, therapist, helpful, continue, highly_recommend, offer, therapy",i've been getting pt from robyn at evolution and she has made such a difference with her deep understanding of the human anatomy and how best to treat your particular issues. i started seeing her at their offices until the covid 19 virus changed how we did things. i then received telehealth appointments and she worked out with me virtually which was just so wonderful and motivating! you can still get treatment virtually or if you go there they're able to practice social distancing. i highly recommend robyn and evolution pt!!
701,701,15.0,0.117,"session, telehealth, work, easy, therapist, helpful, continue, highly_recommend, offer, therapy","evolution pt is helping me enormously, especially during this time when we have to stay at home. working with kelsea over zoom has not only been incredibly easy, but its also helping me stay healthy. i honestly cannot recommend virtual pt enough! it's been a game-changer for me."
702,702,13.0,0.1787,"zoom, great, class, good, amazing, set, home, move, provide, forward","the inner chatter in my head has been on another level lately so the timing for tonight's free zoom meditation session that long island meditation hosted was beyond perfect. at it's peak, there were 150+ fellow viewers. i loved every moment... the wonderful instructor was extremely calming, motivating, down to earth and genuinely positive. i wish i could make him the voice of my alarm clock each morning.

thank you again for hosting this. i've done a few guided meditation sessions before and this one was amongst the most well run. in fact, i almost forgot that this was being done over zoom...  it felt like the class was literally happening within my living room. 

at times like these, it was such an honor to be surrounded (even if virtually) by hundreds of like-minded and positive individuals. that group dance sess at the end was the icing on the cake!"
703,703,13.0,0.1349,"zoom, great, class, good, amazing, set, home, move, provide, forward","great place to ""visit"" during stressful times but also as a new way of processing the world and deal with stress. had a virtual meditation via zoom today and it was honestly one of the best sessions ever! ben is very patient and inviting i was able to clear my mind and reduce stress and worry. definitely will do my best to continue the practice i learned today."
704,704,15.0,0.0842,"session, telehealth, work, easy, therapist, helpful, continue, highly_recommend, offer, therapy","rarely does someone answer the phone which isn't conducive given the fact there is difficulty with the telehealth process they are trying to implement. on 2 occasions, the therapist did not contact me at the appropriate time."
705,705,11.0,0.0658,"baby, give, support, child, pandemic, birth, hospital, daughter, thing, husband","i spoke with dr d via telemedicine video chat during the covid19 pandemic for my daughter who was not ill but something was wrong. after giving some suggestions she asked me to call the next morning and follow up, which i did. dr d decided on a different course of action. i was very pleased with everyone i spoke with and would highly recommend night watch."
706,706,14.0,0.1181,"back, give, test, find, time, result, covid, today, walk, information","i'm very upset. i have been coming to the garden city office for many years and only use terri spruill. i feel very comfortable with her, she is patient and is the only one who knows how to draw my blood. all the medical assistants are terrible at drawing blood they cant even take blood pressure correctly. 
i made an appointment virtual with terri using the online features you have set up. i recieved a call today that terri isnt working and isnt on the panel at all for virtual visits. why do you have her online as an option to choose if your'e giving her patients to other people?? why would you lie? we are all on edge as it is because of the virus, i'm in alot of pain and i want to talk to my gyno that knows me. that i feel comfortable with."
707,707,4.0,0.1428,"patient, doctor, medical, make, office, health, practice, review, provider, year","one of the worst agencies i have yet to deal with.

my mother came home from nursing home and we were referred to this agency so a medical provider can see her at home.

the first appointment was a bit hard to get but we got a date set. they call you the day before to set a time frame for their visit.

a nurse practitioner, not a medical doctor, is who they send to make the visits. i guess that's the face of medicine today so i wasn't too shocked. the lady was nice.

the np said she would schedule blood test (like an intake test for new patients?) for my mother (jan 2020), and someone will call to make the arrangement. 

it's may 2020..no blood test.

my mother was on an ultra expensive medication for a condition that was thought to be temporary, and an ultrasound could prove this. an ultrasound was ordered. i believe it took another 5-6wks for that to happen in feb 2020.

it's may 2020- never got the results.

mind you, i have been calling them about all this. they never answer, voice mails are never returned. 

fast foward, we are smack into covid season. i got a call in april 2020 that they are making virtual visits and someone will call me ""the next day"" to make an appointment with the np.

it's may 2020...no such call ever came.

as a medical professional myself, this is unbelievable and a disgrace to the field."
708,708,12.0,0.091,"appointment, office, schedule, phone, patient, telemedicine, email, cancel, due, receptionist","i've been having some neck/back aches recently and was worried that it could be something more than just aches and pains. i was worried that it was going to be difficult to see a doctor before i had to go back to work because everything was closed from the corona virus. it turned out to be very easy to schedule a telemedicine appointment with dr boak. i was able to be seen quickly while waiting in the safety of my own home. my concerns were handled in a prompt, secure, and professional way. i was very happy with the service and very grateful that my doctor was readily available in this uncertain time."
709,709,0.0,0.0861,"feel, make, love, experience, couple, start, anxiety, ease, team, share","thank you dr. qamar! what a fantastic experience from start to finish. it was my first time meeting dr. qamar and it felt like we already knew each other. extremely friendly, personable and of course professional. 
it was a 'telemedicine' appointment due to covid-19 but that didn't hinder the experience. 
throughout the appointment, in addition to getting to know each other, dr. qamar took the initiative to explain what drugs i was taking and why. the main point here, is the why. i haven't had the why explained to me before in such a manner that it engaged me to want to learn more and take action to do something about it (ex: the role the liver plays in cholesterol). and we put together a game plan moving forward since this was our first appointment together. 
not completely downplaying the professionalism of the doctors i have had in the past, they've been pretty good too, but dr. qamar was the best i have had. i engaged, learned and wrote down an action plan to get my health to where it can be and should be. 
to make things even better, he ended up saving me a lot of money by suggesting i check out certain sites for coupons that i was unaware of. turns out i was overpaying by a lot for the same medications that are way cheaper at different pharmacies using these coupons. i am excited to have such a great doctor/person be my primary care physician. 
thanks again dr. qamar, i look forward to the next appointment."
710,710,5.0,0.2901,"pain, exercise, body, follow, pt, injury, physical, excellent, issue, run","patrick toy is a great, easily accessible resource for anyone seeking physical therapy, especially in south seattle. a highly skilled, experienced physical therapist, patrick sees patients in his home office on a quiet cul-de-sac in our community of lakeridge. referred by my primary care physician, i first went to patrick for an injured shoulder. i couldn't lift my arm and was in pain. over the course of several weeks, through his hands-on care and assigned exercises, my movement returned and the pain vanished. in the midst of this, i was so impressed that i immediately emailed him when i hurt my hip lifting a box. i knew he would tell me what movements would shorten my recovery time, rather than just resting my hip and applying ice or heat. it was so wonderful having him as a go-to nearby resource. this second injury occurred during the pandemic, so patrick analyzed and prescribed exercises via telemedicine. as he had always done, he sent follow-up videos of the assigned exercises, but as an added help, at my request, i filmed patrick with my iphone, as he explained and demonstrated tools and exercises on my desktop screen. thus patrick became my exercise companion and personal trainer in my cell phone. 

when i first read reviews of patrick's work, they sounded almost too positive. but i can vouch for others now. patrick is a real find. he has worked with infants and past-100 seniors, and every age and condition in between. he listens. he has a wealth of knowledge about the human body. he is also kind, good-hearted, and simply fun to be around."
711,711,1.0,0.1029,"life, work, find, plan, month, year, change, program, live, home",ester is an exceptional trainer. i live in new york so i am taking her classes via zoom since gyms are closed due to coronavirus. she is the most well rounded and knowledgeable trainer i have ever worked with. she knows so many varieties of movements and knows a great deal about the body and how it works. she is very special and professional and is a master in the world of fitness. i'm very glad i found her and i highly recommend her zoom classes.
712,712,6.0,0.1806,"doctor, give, day, symptom, eye, sick, put, medication, antibiotic, explain","i am a r.n. who presented with cold symptoms. because of the covid pandemic, i can't take symptoms lightly. home management of symptoms consists of taking tylenol, theraflu, mucinex, but natural remedies or homeopathic medications have been sold out. thus home management may not be optimal and may progress into worse symptoms unnecessarily. 

for the past few days out of precaution, i've been on self quarantine to protect my family. even though i suspect i have a cold, it is known that covid presents with mild symptoms and that half of hospitalized covid cases are less than 50 years old in la county.

fortunately, i accessed traditional chinese medicine to improve my health. through telemedicine, i have been working with licensed acupuncturist anthony disalvo from yu dayi chinese medicine in encino. he has helped me tremendously with my symptoms. he was able to accurately assess the stage of my infection, treat it, prevent upper respiratory illness from progressing and reverse the infection, all through telemedicine. he works with master yu, and is able to offer specially prepared herbal medication which can be delivered by mail, or can be picked up at the encino office. he also educates on acupressure points to strengthen the immune system. i'm happy to say that my symptoms improved in a much shorter time span than my usual cold, and that i'll be able to see my family very soon! thank you anthony and master yu"
713,713,18.0,0.0895,"recommend, month, year, week, son, surgery, kid, job, procedure, sleep","amid the covid19 global pandemic, i called the sleep center of orange county and was told my kid must meet in person with the doctor next month and that a phone/video conference would not be allowed!  i asked to speak with a supervisor and was told she was not in today (probably out sick!).  my kid has his primary physician's order to get a sleep test due to suspected possible narcolepsy!

i immediately called another center who could not believe this center was forcing in person for new patients.  the other center had better yelp ratings anyway, so i made an appointment (facetime) for next month.  

beware!"
714,714,1.0,0.2108,"life, work, find, plan, month, year, change, program, live, home","i worked with sarah at truce while living in ny - all of our sessions were video or phone-based. working with sarah has been one of the highest roi investments i've made in myself. i lost 17 lbs in 4 months. most importantly, sarah helped me develop the habits that will allow me to sustain and continue my progress: i am now running 5x per week and i actually enjoy it, i am also following very simple rules to eat healthily (plate size, knowing when i'm satisfied vs. full, ingredients that satiate longer vs. carbs, etc.). throughout my sessions, sarah was never judgmental, she was persistent wrt checkins, and she was flexible with the content of our calls in a way that was personalized to my particular challenges, personality, pace of progress, etc. highly recommend to anyone who is serious about losing weight in a healthy, informed and sustainable way."
715,715,19.0,0.1479,"week, person, start, work, meeting, good, meet, back, leave, thing","heart-centered counseling uses the easy to use meet from google. it is just as simple as zoom. setting up the meeting was as easy as one click on the meeting url and turning on my webcam and microphone. within seconds, by meeting was started. audio and video were clear. i love the ease of this platform!"
716,716,8.0,0.1176,"call, wait, doctor, day, minute, appointment, hour, time, receive, message","burien center for wealth that's what they should call this place. they are unprofessional, rescheduling, waste of time. she sent paperwork to fill late and i should've had this paperwork right away. they want you to miss your appointment so they get paid almost same day as your video chat. this place doesn't really care about you. please save your time and effort from this place. i should have looked at the reviews before going here, due to covid. all the good places are not taking new patients."
717,717,9.0,0.13,"visit, time, doctor, virtual, experience, follow, fact, hard, person, worth","keck is a mess.  i've gone there 4 times over many years and each time has been a disaster.  i keep hoping they've gotten better management, but i'm always disappointed.  the first time i got a colonoscopy.  the doctor actually dropped the scope on the floor and the proceeded to insert it.  the place was not clean. its amazing i didn't get an infection.  i've found the doctors beyond arrogant, low in skill, and dismissive of patients.  folks, if your doctor books an appointment with you and doesn't bother to show up until 10, there is a problem. this was my latest experience yesterday.  appointment booked for 9:20 am via telemedicine.  i waited and waited and waited and waited.  finally the doctor calls me from a blocked line at 10:10 and blamed his staff for his poor time management.  nobody checked in to tell me what was going on. on top of that i could have gotten more information on my ailment from a simple google search.  save your time and money and go somewhere where they actually care about their patients and put them first not their arrogance."
718,718,10.0,0.1084,"care, staff, covid, family, professional, due, physician, great, understand, provide","very knowledgeable, accommodating staff. kristen is great, cares about her clients. very convenient location and flexible time offerings, now with telehealth too. recommend."
719,719,10.0,0.1384,"care, staff, covid, family, professional, due, physician, great, understand, provide","maxwell medical has impressed me since my first interaction with their staff. i had been going to another physical therapy office for a while that had inconsistent hours and fluctuating days when chiropractic care was available. i was getting off of the subway at bowling green and decided that i would accept one of the 'free medical massage' cards that people are always handing out over there. i called and was greeted by someone super friendly. i was able to quickly schedule my appointment. 
when i arrived i was really impressed by the cleanliness and overall first impression physically. i was escorted into a room for my free massage and the gentleman who provided it did a phenomenal job. i had been suffering from neck and shoulder pain for months and the only thing that would tame it was trigger point injections. this gentleman was able to specifically target the area of issue and without any prior knowledge asked if i had a dual-screen monitor at my desk -- in 10 minutes, he got to the root of my issue that i had been going to the other office for 2 years to seek treatment for. he was extremely well educated and was able to explain the way different muscles connect to each other. he was very professional. 
since that initial interaction, i have consistently been making visits. when the mandatory shut-down happened due to covid-19, maxwell staff contacted me once a week, sent newsletters, and provided telehealth options for people to continue their care at home. since returning to their office they have quickly adapted to ensuring that patients are safe in their environment. they offer masks, wipes, gloves, etc. their front staff feel like friends or family. they are always so friendly, welcoming, and accommodating. i always leave feeling well informed by the doctors and pt staff. 
one last thing, i have been receiving chiropractic care since i was 14. my aunt is a well-known chiropractor in indiana and i started receiving alignments at an early age. it takes a lot for me to feel comfortable with someone doing my adjustment, but their team of chiropractors do a phenomenal job. 
if you are looking for general wellness care for pt/chiropractics, do yourself a favor and check them out. you won't be sorry!"
720,720,2.0,0.0987,"issue, time, extremely, make, service, concern, friendly, kind, person, super","i absolutely love dwc!!!! the staff and the girls at the front desk are the best in modesto!!

 i have been attending dwc for aprox 5 years and my therapist is the best! she makes u feel so comfortable and she listens to you without judgement! she even makes me laugh.
  i love the fact that dwc is still open during the covid-19 outbreak!  their passion to keep going and provide services throughout this tough time is absolutely amazing!!! 
i love the tele-health option! 
this is where your therapist can call you or video chat with you!!! 
it is an amazing option to have!!

if you haven't found a place to work on you, come check out dwc!!! you will not regret it!!!"
721,721,12.0,0.1483,"appointment, office, schedule, phone, patient, telemedicine, email, cancel, due, receptionist","during a pandemic with the covid-19 virus-
i had a phone visit scheduled with the dr. per their office request because there not seeing patients in person. i scheduled it on 3/17/20 for today 3/18/20. denise from the doctors office called me 1 hour before my appointment to tell me that due to my insurance there would be a $50.00 deposit or fee. because there not sure if there office will be reimbursed for the phone visit. i said to her that my insurance covers it and that they should call them to verify, because i did and the insurance rep me the office is supposed to bill the phone visit like an office visit. also the president and federal government announced on tv that all insurances will cover everyone during this time for those who have to do teladoc or phone visits. she started arguing with me and was very rude and said no one has sent them money or information on how to handle this. she needs to speak with dr. bernstein and who ever else is in charge to get this straightened out. dr bernstein there is no room in healthcare for employees that are rude or to tell there patients the money is more important than their health when they are sick. very disheartening i've been a patient  of this office for 15 years."
722,722,3.0,0.1231,"prescription, medication, refill, bad, state, order, pharmacy, med, problem, contact","where do i start? the care i received from the pa i transitioned to at the practice was poor and she treated me unfairly.  she misrepresented the purpose and outcomes of a telemedicine visit and refused to truly listen to my concerns when she didn't prescribe the medication i needed refilled.  while she acknowledged during the visit that she'd refill my medication, she later changes course without communicating to me and refuses to admit she made a mistake.  she also had the nerve to gently imply i had an issue recommending i go to another provider to deal with the issue she assumed i had.  in general i  dislike bad customer service.  it especially has no place in a patient/clinician setting.  i realize the practice has other providers, but i'll not be going back to alpha. the pa really put a bad taste in my mouth. thank god this practice is not the only one.  if you do decide to use alpha, please avoid working with the pa. she doesn't care about you!"
723,723,12.0,0.3717,"appointment, office, schedule, phone, patient, telemedicine, email, cancel, due, receptionist",i scheduled my appointment in early march and the earliest appointment they had for a new patient was march 30. due to covid 19 i got a phone call on the thursday before my monday appointment telling me that it had to be rescheduled to april 27. i received a call today from kayla letting me know that my appointment was to be moved to may 27. i told her that i was extremely frustrated because this is a psychiatrist office. i told her i am fine but what about the people that aren't fine. just because we are new patients they cant be seen ( i know that there are video chatting with their other patients). kayla said the covid 19 was messing everything up and that they needed to be careful that they don't get the virus and die. many times i told her i know it wasn't her fault however i am just expressing my frustration and that mental health is extremely important. i said i have been trying to get in since the beginning of march and now i keep on getting pushed back. she said that kissimmee doesn't have a lot of psychiatrist and that maybe i should go somewhere else. i said what time is my appointment and she said the same time 11. i said ok and what's your name? (as i always do when i make an appointment or talk to someone over the phone) kayla hangs up on me. so i call back and no answer when i hear the answering machine and hear the name kayla i automatically remember that its the same girl that gave me my 1st appointment. she is the receptionist. finally i speak with someone else at the office that was extremely nice and i start telling her what happened and how she hung up on me. that is horrible customer service especially when i am calling for help. i said i just need to make sure that its kayla that i was speaking with and she told me yes that's who you spoke with and she will not make the appointment. i said ok so now you are refusing my service and she said i guess she is. i told her that it was fine i will contact headquarters. i will gladly fine a different place to go to. no one should ever be spoken to like this especially for the type of office that it is. i am sure all of the calls are recorded so they can go back and listen to the calls. i never yelled at her or called her out of her name. i was just voicing my frustration. i worry about how many people have also had to deal with this type of treatment while trying to get help. instead of listening to patients that are trying to be seen she is more worried about catching and dying from covid 19. this is completely unacceptable.
724,724,8.0,0.1434,"call, wait, doctor, day, minute, appointment, hour, time, receive, message","i wound up having a follow up appointment during the pandemic, and my doctor's office called me prior to let me know they'd be doing zoom or facetime (depending on your preference) appointments. i've done tele-appointments, but not with this office, so i was happy i didn't have to cancel my appointment and didn't have to go into the office.

i was given instructions a week prior to my appointment, asked about my preference (facetime or zoom) and they let me know someone would be calling an hour or so prior to the appointment to pull my chart, verify some information, prior to the doctor calling me.

all there instructions were spot on. i received a call about an hour prior to my appointment, where they verified some information.

then at my appointment time i received a facetime call from my doctor. she was as cheery as could be. she went over a few things, had time for questions, and once again, i didn't feel rushed, which is a plus.

she refilled my prescription, went over a few things, and said if i have any questions to give the office a call, as she's in the office monday - friday.

pros:
-easy and convenient feature
-ability to be in the comfort of your own home w/out having to go to the actual doctor's office
-easy to talk to and great bedside manner

cons:
-none

tips: i'm not sure if this will become a staple with this practice, but may be worth asking in the future after the pandemic eases up if you can have an online appointment versus in-person."
725,725,12.0,0.1089,"appointment, office, schedule, phone, patient, telemedicine, email, cancel, due, receptionist","dr. vega has been such a blessing to our family. do to covid 19 my original obgyn had to cancel all his appointments to handle telemedicine patients. in dr vega's care, she had a wonderful warm bedside manner and was completely honest and straightforward with how my scheduled c section ( due to high risk) would proceed and the new protocols in place during the pandemic. our healthy baby girl is doing great and i definitely would recommend dr. vega at southwest medical associates in las vegas"
726,726,3.0,0.1421,"prescription, medication, refill, bad, state, order, pharmacy, med, problem, contact","i had my first psych visit with dr. law! bc of the corona virus we had to do a telemedicine appointment. dr. law didn't ask me any real questions, she was uninterested, her husband and kids were in the background. hea was walking back and forth and she had to mute the phone to talk to him. the whole call gave me anxiety. i've been diagnosed twice with bipolar 1 but she said i didn't know what i was talking about and apparently my other dr didn't know what i was talking about. that's fine. but i liked my 1st psych. she took her time and she explained things to me. dr. law said i was bipolar 2 bc i was depressed,  i was tryna tell her that i'm never this depressed. then she said that it's a part of life and that we all get depressed bc of what's goin on. i was like lady, no! i would rather not be on the bipolar spectrum at all but itiswatitis. i just want to be treated right. the whole experience gave me anxiety and i had to fight back tears. it was terrible. i wouldn't recommend her to anybody!! i'll probably find me another one!!"
727,727,3.0,0.2241,"prescription, medication, refill, bad, state, order, pharmacy, med, problem, contact","my worst home care. do not choose this company if you love your children!

when new equipment was delivered it was missing some screws to keep the cpap in place on the stand. rt requested that i provide the hardware to affix the cpap to the stand. that should have been a red flag. 
two months later i attempted to replace my son's suction cannister, lid, and filter. i realized they had sent me a generic replacement instead of the official canister, lid, and filter that belongs to the unit. also, they did not send me filters for the replacements despite the fact that i had requested them specifically in my order. i have been forced to reuse my child's canister tops and filters. as a result of having the incorrect canister toppers and no filters, i received very poor/no suction. 

when i called and spoke to linda and matt requesting that the lid be replaced with the correct part, i was told that what was sent ""should"" work and that a rep would need to view the issue over zoom. when i requested that the filter be sent for the incorrect top that i had, i was told that i was outside of my order window timeframe and would have to wait two weeks to request it?????
they stated (rather than sending me the correct part) that i should just call 911 if my child's vomit obstructed breathing. disgraceful! linda provided such a low level of customer service, that i am disgusted with the lack of compassion, caring, and professionalism. despicable business practices.

my worst home care"
728,728,4.0,0.0969,"patient, doctor, medical, make, office, health, practice, review, provider, year","dr. anna farrer at kentucky foot professionals is the best podiatrist i ever had. i was seeing a podiatrist in washington dc every two weeks for over two years, making no progress on fixing a foot problem i have.then i moved to lexington and had the good luck to find dr. farrer. she zoomed right in my problem and now, a month later, my problem is about to become history. the entire team at kentucky foot professionals is top-notch. they make you feel at ease and they are meticulous in their work.  it is a very dedicated and professional team. you will be in good hands if you go there."
729,729,12.0,0.1597,"appointment, office, schedule, phone, patient, telemedicine, email, cancel, due, receptionist","i had my first appointment on 04/13/2020, i waited 2 hours and still was not seen by the provider. i couldn't wait any long and asked to reschedule. the ma tried to give me an excuse that the provider couldn't find any ppe for my appointment. why take any patients if you do not have the appropriate equipment. then i was told to make a telemedicine appointment. i called the next day and was told they couldn't do a telemedicine appointment for wellness check, then why tell me otherwise?? so i said i had a personal issue which they were able to see me via telemed. my telemedicine appointment was at 2:15pm, at 3:30 i called their office to ask what was going, then was told there was technical difficulties, at what point were they going to let their patients know about this? this office is a complete joke and would never recommend."
730,730,7.0,0.0941,"check, nurse, facility, room, minute, place, hour, staff, leave, happy","i went in because i wasn't feeling well in the middle of covid-19 and was surprised none of the staff were wearing masks in the facility, including in the small patient rooms. the visit itself was good in that i got blood work and a chest x-ray which were fine but when i continued to feel bad 3 days later i spoke with them twice over the phone to get a covid-19 testing referral and never heard back and was finally told i had to do a virtual visit with their provider which costs $55 and requires setting up a new account with all of the information they already have. i would not recommend this place right now."
731,731,7.0,0.2872,"check, nurse, facility, room, minute, place, hour, staff, leave, happy","i have tried for weeks to get matched with a counselor but the app doesn't make it apparent how long the sessions are with counselors. fyi they are all thirty minutes which is ~1/2 of a typical session. i was so confused so i tried to get another counselor that possibly had longer sessions. 
because you get selected/ matched with a counselor (you don't get to pick one) then you have to say what you're looking for in your public messages, so little did i know that asking for 45 minute sessions would not get me matched with a counselor for weeks because i had no idea what their typical sessions were and i wasn't sure if thirty minutes was long enough to get anywhere.

weeks went by and my free trial expired three times before better help stepped in and tried to match me with a counselor. so i got matched with someone and scheduled a video chat to my relief. only to find the day after i scheduled this and got matched with someone who could do video chats , the customer service agent changed my counselor. why would they give me a completely new counselor without reviewing appointments i already had?? all done without my consent and this new counselor doesn't even offer video chats- all they offer is a ""chat room"". wow a chat room experience for thirty minutes = 65$. that's ridiculous and their ubiquitous advertising is misleading at best. the app is buggy and crashes and they aren't transparent with what you are paying for... how long sessions are or how you get a counselor .. everything with them is vague and helpless. 

now i'm trying to cancel my account and get a refund for the 200+$ i was charged for no services, only a headache for weeks! they take days to respond and aren't very helpful or competent, so i will have to really push for a refund and i don't feel confident that i'll get it.

seriously- avoid avoid avoid."
732,732,4.0,0.1352,"patient, doctor, medical, make, office, health, practice, review, provider, year","it's #thankyouthursday, and as part of it, i wanted to thank a medical provider, given everything that's going on. 

and kaplan barron is at the top of my list for this! 

my husband and i have been taking our son to this office since he was born last year. and throughout, we have been so impressed with their compassion, professionalism and knowledge. 

you can read my previous review for a lot of the nuts and bolts of this. and since i wrote that, we've had to take my son to this office on a few occasions, especially after he started daycare and inevitably got colds and minor sicknesses. 

each time, we were able to either get some answers quickly via the phone or get an appointment, usually the same day. they have also been on top of switching what they could to telemedicine during this pandemic and working to keep everyone as safe as possible. 

it's a relief to know that my son is in such great hands with dr. slone and the rest of the providers at this office."
733,733,7.0,0.1259,"check, nurse, facility, room, minute, place, hour, staff, leave, happy","i was tested for covid 19. your team registered me by phone and quick video conference. i drive 10 minutes to your clinic, parked in front and your technician came out within 2 minutes, took a saliva sample while i sat my car. she was very personable and efficient. the whole process from the time i first called until i was tested was just a little over an hour. very impressive. our family has visited the concord facility several times in the past and we are always treated extremely well. thank you"
734,734,11.0,0.1105,"baby, give, support, child, pandemic, birth, hospital, daughter, thing, husband","kelley is an amazing, effective, and compassionate pt. i started seeing her in person during my pregnancy and postpartum and found it so helpful. we switched to virtual visits during the pandemic and i am amazed by what she is able to assess over the camera. plus, it is a great opportunity to get feedback on posture and movement ""in real life"" like bending over the baby crib or carrying baby. what a difference it has made! the other thing that i really appreciate is she is so understanding of motherhood and life and there is no judgement when i can't do my exercises between sessions. it is so nice to feel supported."
735,735,17.0,0.2134,"call, insurance, phone, charge, pay, appt, receive, bill, horrible, today","horrendous process to try to get an appointment and know what i would be charged. the person who answered the phone gave me the biggest run around on how much i would be billed because ""if the dr. hadn't seen my son in three years, they would normally bill it as a new patient visit."" upon confirming that it had not been overt three years since my son had last visited, she said, "" well it's getting close to three years so they might want to bill it as new patient visit.""  when i asked if the policy was three years and over, yet it had not been over three years, why they wouldn't follow the policy, it boiled down to that they could bill for a higher amount if they used the 'new patient code' vs the code for a standard office visit. i pushed back and she finally agreed that the price should be for an office visit  given my son was under the three year mark (did i need to waste 10 min. of back and forth to ensure they didn't bill my insurance with a code that allowed them to charge more??  no!).  despite getting an email broadcasting that they were offering telehealth appointments during the pandemic (which prompted me to call), she then went on about not being sure how it would be charged because it was telehealth (not in-person standard office visit) and she ""didn't have any codes for a telehealth visit.""  i asked who would have the code so we could find out the cost, she said the ""billing person"" who wouldn't be back in the office for several days. i then asked to speak with the office manager and asked why they were email blasting advertising for telehealth appointments yet unable to tell me what i would be charged. he also tried to obfuscate with all kinds of gibberish and basically said that they won't know until after the appointment whether they would want to bill it as a 'level 3' or 'level 4' (gee, that clears it right up for me given i know what that jargon means for pricing implications).  even after i explained that i simply needed the dr. to look over the allergy blood test results that my son's gi dr. ordered to see if there were specific foods he was reacting to that might be triggering his inflammation, he refused to tell me if that would require 'level 3' or 'level 4' service.  basically, they wanted me to make an appointment, come in, and let them charge my insurance whatever they wanted afterward. i said no thanks  i'll move on to a dr. who is more transparent and straightforward with their costs.  thanks for wasting 25 minutes of time for nothing. in what alternate reality do the people running this practice live in that they think they don't need to tell customers the upfront pricing of their services?  would i take a pile of dry cleaning in and say, ""here you go, just clean this and let me know afterward what your prices are, thank you.""? no!  would i hire a builder, give them my plans, and then say, ""build my house and just let me know when you're all done what that cost will be?""  the arrogance and duplicity of this office was astounding. 

update to original review:
the day after posting this review, i received a call from dr. buchsbaum himself asking what had transpired and explaining the reasons for some of the difficulties i had experienced. i appreciated that he took the time to do a follow-up. he offered to do a telemedicine appointment at no charge.  i told him i appreciated the offer but would not expect him to work for free. we agreed on a maximum fee and set a telemedicine appointment. i just finished the appointment and found him to be very responsive and thorough. i am moving my original 2 star review to 4 stars because i always appreciate a professional willing to follow up and make things right when a problem occurs."
736,736,18.0,0.1698,"recommend, month, year, week, son, surgery, kid, job, procedure, sleep",i would definitely recommend west coast neurology to anyone who needs to consult with a neurologist. dr. barton has been treating my son for about 4 years and has been doing a good job of controlling his epilepsy. now during the pandemic the doctor conducted a safe telehealth appointment with my son. also west coast neurology has doctors who specialize in sleep medicine for those people who help in that area.
737,737,10.0,0.0815,"care, staff, covid, family, professional, due, physician, great, understand, provide",i had a telehealth appointment via their online system yesterday and it was great! i'm really impressed with how they are handling the pandemic and being super careful with patients and staff.
738,738,6.0,0.0949,"doctor, give, day, symptom, eye, sick, put, medication, antibiotic, explain","i really was hoping to write a great review here.  i had a telemedicine call with her that went well and i was looking forward to my in office visit. i think i was with her for probably less than 10 minutes. my blood pressure was never checked. my heart was not checked. grant it this was during covid so maybe she didn't want to touch my body, if that's the case they shouldn't have been open for business yet.this was not considered a yearly exam in my opinion. what happened to doctors doing a full exam? guess those days are gone."
739,739,4.0,0.1332,"patient, doctor, medical, make, office, health, practice, review, provider, year","i've been a patient here for several years and it's always been a mixed experience. i saw one of the practice's doctors for a few years, but it always seemed like she couldn't pick me out of a line-up and was seeing me for the first time. after a cancer diagnosis and related surgeries last fall, i tried switching doctors because i figured recognizing me would be a plus. for my next physical, during the covid pandemic, i received multiple voice and text messages suggesting that i needed to come into the office (""bring your id, ins. copay and referral if needed"" and giving the practice's address), which surprised me, but i headed in at the appointed time. the office was dark through the glass door (no surprise or complaint there), but then a defensive and angry receptionist emerged to yell at me through the glass door. at the same time, a peevish doctor called to ask why i was late for our zoom appointment (invite sent the day before). as i couldn't manage two angry conversations at the same time, i hung up on the call, backed away from the office, and fled down the elevator. thanks, but with my medical issues, i'll find a practice that recognizes and cares about me."
740,740,3.0,0.1421,"prescription, medication, refill, bad, state, order, pharmacy, med, problem, contact","office visits with your perscribing doctor is limited to ten (10) minutes. get them in and get them out.  during this covid-19 stay at home order, they went to telehealth appointments, nice right, thinking about our safety and financial crisis.  nope, they lied and said the dea requires a them to have us make telehealth appointments every two (2) weeks, and only legally able to prescribe a two week perscriptions.  this is an outright lie.  i was concerned having to have, myself and my elderly mother to have to venture out to the pharmacy two times a month verses once a month, like before the order.  it took weeks to get an answer, that it was not a dea regulation, it was a company policy.  hmmmm...why would my doctor's office increase the probability of their patients contracting covid-19, by making me go to the pharmacy twice a month???  simple, they don't care that elderly people die from covid-19.  they saw an opportunity to squeeze in two billable appointments a month.  run, from this office, do not get involved with these shady people, who clearly do not care about you!!!"
741,741,14.0,0.1962,"back, give, test, find, time, result, covid, today, walk, information",with covid running rampant i was referred here by the teledoc for a covid test.  my insurance is zero copay right now for covid testing yet i was charged $30 for the test.   i was told that i would hear in 7-10 days by phone if it was negative or video chat it positive.  i called back 8 days later and found out my test results had been in for 4 days already with no call but they needed to set me up with a teledoc appt to get them.  so assumed i'm positive and set it up.  my appt was 4pm and i was in the room on time.  after waiting 30 minutes i get a call that they need my copay.  for results?   i don't think so.   they put me on indefinite hold to find someone to give me my results and at 5pm my call disconnected.  they were closed.   so i call the 800 number back and they told me my choices were pay the $30 or drive 60 miles round trip to get them.  if i have covid wth would i be driving.  in a time of pandemic they are literally trying to extort money out of people.   tarrant county took their name and number but since they are a private office not sure if anything can be done.  buyer beware they are more about money than patient welfare.
742,742,8.0,0.2321,"call, wait, doctor, day, minute, appointment, hour, time, receive, message","i don't know if the staff are unable to communicate or are completely inept. i had a scheduled appointment at 1:15pm. they called me around 6:30pm the night before to confirm i had an appointment at 9:15am. they never asked if i could change my time they just set the new one and called. when i said i couldn't make that time they said well ""probably call you tomorrow with a new appointment time probably"". they then called me at 8am to tell me the doctor would see me at 2pm. at 9:30am i received two texts asking me to join a video chat with the doctor. when i called to ask why they tried to verify my appointment time of 1:15pm."
743,743,3.0,0.1132,"prescription, medication, refill, bad, state, order, pharmacy, med, problem, contact","i didn't even want to leave them one star, but i was forced to put something... so one it is.  i'm am absolutely appalled by this place.   my mother called to get her blood pressure medicine renewed and they are making her come in for yet another visit.  with the current covid-19 pandemic and all the closures of businesses and even doctors offices trying to limit exposures by handling most things via phone or video chat, dr sobel is still making my mom come in for her prescription.  ok so let's have a normally healthy 62 year old come into a office, full of sick people and a highly infectious virus circulating the world, come in just to take a blood pressure and re prescribe her usual medication she's been on for years.  i mean she's not looking for narcotics or anything questionable.... it's blood pressure medication!!!  she has a blood pressure cuff she would be more than happy to take for him over the phone or even keep a log for a few days and read it back to him, but no, he's only worried about his cash cow ""bring the patient in, that's how we get paid"" mentality. i've noticed over the last few years that they no longer care about the human as a whole, it's now all about getting those visits and all those tests, so they can get paid for every little thing. me, my fiancé and my mom will be looking for a new pcp who actually cares about keeping people healthy and not just making a quick buck during a scary time.  i highly recommend looking into a different option if you are thinking about going here."
744,744,7.0,0.362,"check, nurse, facility, room, minute, place, hour, staff, leave, happy","this place is not covid-ready.  it is disgusting actually.  they are using a ""touch-screen"" pad to sign in, and it had a thousand fingerprints all over it...even though they have tons of folks sitting at a desks.  and, instead of having folks wait in their cars until the staff is truly ready for you, they have folks sitting in their nasty lobbies (two of them) where every other seat is block...leaving two feet of space at best instead the recommended six feet!  they also have folks coming in and out sitting one behind the other with no means of disinfecting the chairs in which they sit.  people had on masks, but no one was wearing gloves so folks are touching everything and moving around from chair to chair.  meanwhile, the staff sits in their protected spaces leaving patients to pretty much fend for themselves. the doctor did not even examine me, which meant we could have just used telehealth! i now feel like i have to quarantine myself just from visiting this place!!! and despite what was said in their reply, neither car waiting service, contact-less payments, nor another way to check in other than that nasty touch screen was offered. i asked!! the folks were either too lazy to do it differently or not set up to do so!"
745,745,11.0,0.2032,"baby, give, support, child, pandemic, birth, hospital, daughter, thing, husband","i wasn't sure about the type of support i'd like after having my first child. there are so many options and things to think about that the decision making process can be kind of overwhelming. baby caravan was great - when i reached out to them they answered all of my questions and before hiring a doula i was able to video chat with her so we could get to know each other. i ended up hiring allie for post-partum visits and she was wonderful. so friendly and kind and she was so knowledgeable! she really supported me with breastfeeding techniques, helped me sort thru baby gifts and had great tips about everything from diaper changing techniques to how to properly sterilize baby bottles. she made the transition to parenthood so much easier and really helped me develop my confidence as a new mom. she also just provided some much needed relief, compassion and extra hands during those crazy first few weeks. i'm really grateful to her and baby caravan for all of their help during such an important time in my family's lives."
746,746,4.0,0.0979,"patient, doctor, medical, make, office, health, practice, review, provider, year","i seen dr. bahmanpour 3 times in the office and 1 time over video conference over the last few months for various reasons.  
  this doctor has spend the most time with me compared to other primary doctors and specialists that i seen.  
   he would look previous visits and follow up to asking if that was better which is different for me.  
     typical in my experience with him, his treatment plans have been successfully and if not he has the knowledge to suggest other treatments.  the best part is that he listen to his patients.    i have found him to be honest, caring and really want to help his patients."
747,747,3.0,0.3415,"prescription, medication, refill, bad, state, order, pharmacy, med, problem, contact","he told me all these lies like he's get to the bottom of my condition and help put notes in my chart cuz he said my chart doesn't show consistent care and that red flags it so he said i should stick with him and he'd make sure to clear up the misconceptions in my chart and be my long term care provider once we met face to face ( cuz he said this on a video chat ) but it was all a lie. he claims he didn't say that when i know i did. another lip-service lying scandalous quack. a lying piece of shit. i'm gonna start looking into getting quacks like this arrested. or sued for malpractice. i should have taped him but i didn't. he's a scam artist and a liar. we talked about how the distance woiuksnr be an issue and when we could meet face to face and i even asked if he could tell me how to spell his name so i can call him when the covid thing was over so he reminded me it will be on the prescription bottle we talked about him being my long term care provider and it was all a lie. just like all the other quacks and like i say i'm gonna start getting trash like this sued for negligence, fraud, and arrested for fraud. that's all it is a good rehearsed speech to make u think you're in good hands but it's all a flat out lie. i hate this fool. he's a bad person is what he is and this is common in healthcare now days but he's no excuse. he needs to be fined and pay the price for lies and fraud along with other medical ""professionals"" and i'm gonna do all i can do see that they all pay cuz these lies and malpractice affect not only me but many people i know and someone needs to take a stand. the man is trash. the receptionist is a bitch. they're all fake and phony. see the attached photo he made it look like i was seeing him for psychiatry when we talked about sticking with one doctor so there's no red flag in my profile. but i guess he heard something else. i know what i heard. start recording your doctors. catch them in lies. work with who ever to see  that liars an frauds like this pay. i know i will. need to get this fraud trash off the street congratulations to a lying quack!"
748,748,1.0,0.1656,"life, work, find, plan, month, year, change, program, live, home","i'm currently a member of a local gym but with the covid-19 closures they were only posting workout videos on their youtube. i lacked the accountability and personal instruction you get from a class setting. when i saw debbie post about her 28 day slim down challenge p.m. i was interested because she offers classes via zoom. she is live with you correcting your form, pushing you to get the most out of the workout. i got exactly what i needed by taking her class, the accountability and personal instruction you would get in a class setting. her classes don't compare to watching a live stream or pre-recorded video uploaded on youtube, they are far better. i normally don't write reviews but i had to share my thoughts. i see so many people posting on fb they are falling behind on their fitness goals because the gyms are closed, that i am so thankful the right fit is offering such an amazing option."
749,749,9.0,0.1415,"visit, time, doctor, virtual, experience, follow, fact, hard, person, worth","two on-site visits here and most recently one virtual visit due to covid-19 restrictions. all in all, i'm impressed with this new facility and it saves me from having to drive to the sunset office for ophthalmology needs.  first off, it's a new building with free parking.  they have a virtual queue system which is quite efficient (the wait times run much faster than what they post-fyi).  staff is friendly and accommodating and the on-site pharmacy is efficient and fills prescriptions within 10 minutes.  

a special thank you to dr. kim who i've found to be a knowledgeable and skilled ophthalmologist.  she takes great care and is responsive both in person and also though contacting via kaiser's app messaging."
750,750,11.0,0.3097,"baby, give, support, child, pandemic, birth, hospital, daughter, thing, husband","renown medical center delivers a ridiculous amount of babies every day (4,063 in the year 2016), especially with being one of the main hospitals in reno (next to st. mary's) and from experience, i can easily see that they know what they're doing.

i'm the mother of three children and two of them were born at renown medical center.  my experiences were nothing short of amazing.  the ease of check in, skill level of the doctors, nurses and staff, resources available, and level of comfort all contributed to my amazing experiences and i would easily come back to renown if i ever planned on having another child.

my second child, arrived in half the time as my first child. instead of 12 hrs., he arrived in 6 hrs. i was at home laboring it out when my water broke and i knew he would come out shortly.  my dear sister zoomed us to the emergency section of the hospital knowing i wouldn't have time to check in and upon arrival, someone with a chair wheeled me into the delivery room.  the nurses heard me coming down the hall and my sister said they all quickly flocked together in a group, waiting to receive me.

they transferred me to the bed and immediately called the doctor.  the doctor arrived promptly and was very skillful with how he delivered my baby.  he did a technique that prevented tares and i couldn't have been happier since my first birthing experience left me in pain with a third degree tare.  asking your doctor ahead of time about ways to prevent tares could be beneficial so as to minimize healing time post delivery.

after my baby came out, the nurses quickly wiped him with towels and placed him on my chest.  bonding occurs right away and it is said that skin to skin contact also helps calm babies while keeping them warm and helps trigger your milk supply for breastfeeding.  they also applied antibiotic eye drops to prevent eye infections.

while holding my baby, the doctor came in and made sure the placenta came out.  one firm press to my stomach did the trick and the placenta slipped right out.

shortly after, the nurses took him to a table right next to my bed. there, they suctioned out extra fluids to help him breath better, took some measurements, and made sure everything was normal.

after being asked some questions, i was transferred to my recovery room.

in recovery, the nurse assisted me with my first bathroom break and gave me some instruction on how to care for myself.  the bathroom was fully stocked with everything i needed-underwear, pads, wash bottles, gowns and towels.   after, she offered me an ice pack for my bottom and i was so thankful since it was so soothing.

with my second baby, my husband went along with the nurses for his first bath. with the third baby, i was able to watch my baby's first bath.

they monitored me and my baby closely to make sure our vitals were on point and to make sure i was feeling ok and that i wasn't bleeding excessively.

a lactation consultant visited me to assist me with breastfeeding and any questions i had.  renown does have alternatives and resources to breastfeeding of you're unable to.

my doctor visited me the following day to see my progress and gave the o.k. to go home.  they monitor you for a minimum of 24 hrs. to make sure everything is fine but mothers usually stay 24-48 hrs. after birth.

it took a total of 10 minutes from the time i arrived to the time my baby came out.  with such little time, renown was able to deliver in all areas.  i was so impressed with how prepared they were.  there's nothing more comforting than knowing you have people you can depend on to get you through your birthing experience.

i gave birth to my three children without epidural and i wouldn't have done it any other way.  of course i was scared of the unknowns of pain that i would experience but i knew it was pain that i could handle and pain that would be worthwhile.

there are many options available for pain management at renown and different methods of giving birth.

with my second delivery at renown, i made sure to allow extra time to check in.  i went in through the front of entrance of the hospital and was checked into a screening room where they determined that i was far along to be admitted.  this time around, they called my doctor (information on hand from pre-registration) who made it just in time to deliver my third baby.  i gave birth yet again and couldn't have been happier with the service given.

renown's doctors, nurses and staff exceeded my expectations.  the beautiful hospital allowed for my husband to sleep overnight with me and the snack room (accessible to only mothers), was a pleasant surprise.

pre-register:
https://www.skillexpertiseandtechnology.com/obreg/

pregnancy guide made by renown:
https://www.renown.org/wp-content/uploads/pregnancyguide.pdf

*don't forget to bring baby's car seat and to install the base prior to giving birth"
751,751,13.0,0.1052,"zoom, great, class, good, amazing, set, home, move, provide, forward","my company had a weird insurance and i'm more than blessed to have found mmp. dr. manrique, clinical director, was willing to see me immediately. this was in the beginning of quarantine order. offered in person or virtual visit. i was in crisis. i went from near daily visit and i'm still seeing him twice a week. he's amazing. his technique is intriguing and very therapeutic. as a social worker for 20, i've never trusted or connected with a therapist. michelle, the office manager is also amazing. i've since changed insurance and they're working with me to continue my treatment. i highly recommend mmp. again, more than blessed."
752,752,17.0,0.1391,"call, insurance, phone, charge, pay, appt, receive, bill, horrible, today","a few weeks ago i had a phone call with a very nice doctor at afc urgent care hollywood, and my experience is something people should take note of if you are thinking of coming to this facility.

about an hour after my scheduled video call, the doctor called my phone me because the video chat feature wasn't working. we talked for about 5-10 minutes because i just had an infection in my throat and wanted to be prescribed antibiotics. it took about 14 hours from my 8am appointment but the prescription was finally filled and i was able to get it the next day. there was also an issue where the office called me several times about getting my health insurance even though i selected that i didn't have insurance when i made the appointment. overall it was not a bad experience despite seeming unorganized.

unfortunately, today i got a bill for over double what i was expecting to be charged. when i look up cpt 99204 it says this code is used when a doctor must obtain a comprehensive history from the patient, a complete examination must take place and there should be some level of complexity involved in making the medical diagnosis.

i received no physical examination, my ""diagnoses"" was based on me saying my throat was infected and i wanted an antibiotic, i did not provide any medical history, and my phone call was finished in under 10 minutes.

i am completely shocked that afc urgent care is trying to take advantage of people during a medical crisis that has people, like me, out of work with no income. so here i am with a bill that takes most of my unemployment check and they won't even approve a refill for my antibiotic in case my infection comes back.

because of all these issues and the billing i cannot recommend afc urgent care hollywood."
753,753,12.0,0.1583,"appointment, office, schedule, phone, patient, telemedicine, email, cancel, due, receptionist","recently had an allergic reaction to an otc topical cream. a bad and painful reaction all over my face. i felt it was a bit of an emergency due to the discomfort and spreading so i was hoping they would be able to get me in within a day or two. no such luck. i called other derms and their appointments were far out too. when i again called derick, the second girl i spoke to said she just had a cancellation the next day. great. upon closing the appointment arrangement, the receptionist taylor asked me if i needed botox or filler. no i did not. 
i arrived early to my appointment to do paperwork. i wore a mask as did the staff due to covid-19. i also used hand sanitizer several times. i have a hearing impairment and read lips. after waiting 35 minutes later than my appointment, the receptionist came out to say their office manager said i would have to reschedule as they had no interpreter. i told her i don't know sign language (so no need for an interpreter)and they could write on paper if necessary. i let them know that if i had to reschedule b/c of this i would be very unhappy. they took me into the room. the om didn't even come out to see the situation. i explained at the time of making the appointment about my disability. the receptionist insisted this is ""our policy"". 
when bayley the pa saw me, i let her know how insulted i was. the questions i asked were if you are afraid of getting the virus from me then, how are you doing botox and filler if a patient has a mask on? if you are so afraid of getting the virus why are you even open and not doing solely telemedicine? 
i was the last appointment of the day and i guess they wanted to go home.  i have never been treated so poorly. my husband is a patient here too. i think it's time for us both to find a new dermatologist. they have gotten too big to care for the patient here anymore."
754,754,6.0,0.0845,"doctor, give, day, symptom, eye, sick, put, medication, antibiotic, explain",i have been waiting for my neurologist to call me back for over 3 weeks. this is unacceptable and i don't care about the covid19 excuse. there are not that many cases in hillsborough county. i guess this is the only virus that matters to them. i should get it on purpose to get a response because clearly they don't care about other emergencies at this point. telemedicine is a joke too no appointments really give me a break.
755,755,15.0,0.0738,"session, telehealth, work, easy, therapist, helpful, continue, highly_recommend, offer, therapy","fast,convenient, sweetest, most personable care center i've ever been to. they went above and beyond to answer all questions and concerns i had. did a follow up on video chat to check in with me so i didn't need to leave home and can help assist further. all 3 ladies i encountered were nothing but helpful. they generally care about their clients."
756,756,17.0,0.3245,"call, insurance, phone, charge, pay, appt, receive, bill, horrible, today","i've been here 3 or 4 times over the past few years, i tend to get strep throat (or something similar) about once a year and it's not worth a trip to my primary physician (very simple diagnosis and treatment).  i've had no problem with the care received, but i do have a problem with the billing practices -- which seem to have changed significantly in the past year.

i have a high deductible insurance plan and i pay out of pocket at the ""negotiated rate"" until i hit my deductible.  in the past i've paid about $100 out of pocket for a routine visit to get a quick strep test and get a prescription for antibiotics (whether or not strep test was a strong positive).

this year i got a statement for $564.90, minus 1) insurance adjustment of $182.81 and 2) ""insurance pending"" of $175.00.  so total due is $207.90.  but the statement isn't itemized at all.  i called the number on the bill to request an itemized statement, but either no answer, voicemail full, or no callback after leaving voicemail.  their payment center is not staffed to handle anything by phone.

so i logged onto my insurance site to see the claim and the non-discounted billed amount is:  1) $321.90 for medical visit, 2) $68 for laboratory services, and 3) $175 for laboratory services.  i was also billed separately by the lab for about $75, but after my insurance discount i paid about $5.  this was for 5 minutes with the nurse (temp, bp, swab) and less than 5 minutes with the doctor.  (in the past i've also been seen by nurse practitioner or mid-level provider, doctor was not necessary for this).

i called my insurance to ask if these charges are reasonable and they seemed to imply it was normal.  they also confirmed they're not paying anything since i didn't meet my deductible (which is expected).  so i hope i don't get billed separately for $175 ""insurance pending"".

also, on each visit they send the throat swab to the lab and promise to call me with results, but they never call.  seems like a pointless step unless you don't get better on the antibiotics.

and...  i paid the invoice, but since they don't answer the phone you can only pay by mail.  there is no option to pay online.  hard to believe given the amount of revenue they're bringing in.

so if i happen to go here again (not likely) i will claim to be uninsured and pay cash...  which would have been $175.00 per their website.  if you present your insurance card they see $$$$.  

more likely i'll end up at minuteclinic or telemedicine."
757,757,15.0,0.117,"session, telehealth, work, easy, therapist, helpful, continue, highly_recommend, offer, therapy","we have been using jennifer katz for a few years now and have been incredibly satisfied with the quality of their therapists. we go the forest hill location as it is very convenient for us, plenty of easy parking and a darling office space.  our children love working with alyssa both in person and through video chat, she is very skilled at her craft and gets the most out of the kiddos in a loving and nurturing manner. our kid's look forward to their time with her, and it's wonderful to watch their growth. we get weekly progress reports both verbally and through email, truly a pleasure to work with."
758,758,10.0,0.0708,"care, staff, covid, family, professional, due, physician, great, understand, provide",doctors on duty did an amazing job over zoom. they were professional and caring. what a relief to have them available for a remote consultation during these difficult times.
759,759,17.0,0.121,"call, insurance, phone, charge, pay, appt, receive, bill, horrible, today","very caring team of professionals. convenient scheduling, appointment reminders, and follow up phone calls to check in on you. telehealth appointments available, and easy access to all services with clinic, lab and surgical center in the same building. facilities are very clean, comfortable and even esthetically pleasing. wifi is available in the lobby, and they handled all of my insurance paperwork seamlessly. thank you complete care!"
760,760,4.0,0.0976,"patient, doctor, medical, make, office, health, practice, review, provider, year","it's clear that this practicioner is in it for the money.  while the rest of the responsible world restricted non emergencies during covid, and used telemedicine, he's marching in anyone into his offices representing that the exam rooms are clean.  what about the last carrier who sneezed in the office?  taking temps does not screen asymptomatic carriers. anything to make a buck, right?  if you don't come in for the visit he won't renew your prescription.  ethics?"
761,761,2.0,0.098,"issue, time, extremely, make, service, concern, friendly, kind, person, super","in my experience, dr. parker is an extremely knowledgeable and compassionate professional. due to the current situation with covid-19, i needed to see him for a virtual visit for ear pain i have been experiencing. the telemedicine visit went extremely smoothly, and i do not feel in this particular set of circumstances, that i would have been any better served by an in-office visit. i highly recommend dr. parker!"
762,762,17.0,0.0833,"call, insurance, phone, charge, pay, appt, receive, bill, horrible, today","this clinic charges co-pays for telemedicine visits, in violation of cuomo's executive order about telemedicine during the covid-19 ""pause""."
763,763,7.0,0.0838,"check, nurse, facility, room, minute, place, hour, staff, leave, happy","this place is a total nightmare. i will have ptsd from how they treated my mom. the neglect was something our family had no idea would or could happen. she was in hospice and was left in her diaper for days on end. she ended up with a giant and painful bedsore that i begged to be treated. the hvac did not work properly and one time when we could not go up for a couple of days, we showed up and her arms were scratched deeply and she was non-verbal. the room was a total mess. finally, when i showed up, she was laying in her own vomit of medicine, etc. she had tears coming out of her eyes. i asked they reposition her. she died that night. i will forever be traumatized by this place. the lie to you when you go in about the care you will receive. there is no care. the only good thing about this place was the girl who allowed us to do a video conference with her. everyone just hung out in the halls on their phones laughing and people were yelling. it was something out of horror movie. whatever you do, keep your loved one at home."
764,764,5.0,0.1368,"pain, exercise, body, follow, pt, injury, physical, excellent, issue, run","i hurt my shoulder on a patient transfer a few months ago. i'm also a physical therapist, so i really take into consideration who i reach out to for help. due to covid and proximity, i live in texas now, i was able 'see' nikki for an evaluation via telehealth. of course, hands on assessment ideal, but i felt rise pt had the clinical knowledge and experience to guide me through my shoulder dysfunction, virtually. i would certainly recommend them to anyone in the area."
765,765,4.0,0.1314,"patient, doctor, medical, make, office, health, practice, review, provider, year","they had the whole ""telemedicine"" thing down before we were all forced into it! one medical was added to my company's benefits package this year and while i'd created an account, i had never tried any of their services until this past week. i've been dealing with an annoying little health issue over the past month or so, but it wasn't a big enough deal for an irl doctor's appointment during covid-19. i finally logged on and realized i could be on a zoom call with a doctor within the hour! i made my appointment, had a video call, and had a prescription called in to my pharmacy all within an hour or so. could it get any easier? 

love how easy their website is to navigate and schedule appointments. i was even able to send over my insurance information via their portal rather than filling out forms or calling in. they do have physical offices you can visit (it's not totally virtual) if that's your thing, but even once social distancing orders are lifted, i think this is a great option for people who are busy or dealing with common/minor health issues that shouldn't really require a big trip to the doctor's office. i'm personally much more likely to deal with a doctor's appointment if i can skip the commute, parking, and waiting room!"
766,766,5.0,0.1389,"pain, exercise, body, follow, pt, injury, physical, excellent, issue, run","a combo of skiing and surfing left this middle-aged mom with a very painful shoulder this season.  i wanted to find a physical therapy clinic that had a lot of experience with treating surfing shoulder injuries.  this is the clinic, and when i called desperately on the day before shelter in place went in to place, they squeezed me in to their schedule that very minute.  i saw jake koch, and he was incredible, knowledgeable, professional, and empathetic.  jake even continued to see me over video telehealth when the clinic had to close due to the coronavirus.  he walked me through advancing exercises each week, and my pain diminished and i was able to get back in the water.  i am now seeing him for maintenance strengthening and stretching to make sure i don't reinjure it.  the clinic is beautiful, open and airy, and they are incredibly responsive both on phone and email.  they also take insurance.   

cannot recommend obpt and jake koch enough."
767,767,5.0,0.1037,"pain, exercise, body, follow, pt, injury, physical, excellent, issue, run","i love moti! clean, plenty of space, and plenty of parking. therapists are engaged and always up to date on the newest research and technology. front desk staff is friendly. pt ""homework"" is sent online which includes gifs or videos of the exercises you're supposed to do. 

when everything went crazy during the covid pandemic, moti was up and running doing telehealth appointments within, like, a week! it's obviously not the same as seeing a therapist in person but it has been nice to prevent back sliding in my recovery."
768,768,15.0,0.0994,"session, telehealth, work, easy, therapist, helpful, continue, highly_recommend, offer, therapy",i have been going to moti for quite some time. 2018 i went to the los feliz location and as of 2020 i moved over to this fabulous new highland park location. i see ann. she has helped me tremendously healing my broken ankle. we transferred to telehealth when covid started and it worked out so well. it was amazing how she could explain exactly what to do via the phone. i am looking forward to going back to clinic. there is not one element that they cannot treat. i am so grateful.
769,769,15.0,0.1701,"session, telehealth, work, easy, therapist, helpful, continue, highly_recommend, offer, therapy","moti is an amazing place. they have been so helpful in continuing my pt in the time of covid. i had been on my road to recovery when they had to close due to the stay at home order. they seamlessly switched to telehealth and i was able to continue on my path with weekly virtual appointments. it has been extremely helpful to be able to continue healing without a break in exercises. anne is wonderful and couldn't have been more helpful. thanks you for being there for me!  i look forward to continuing the process when you open again soon. until then,  i'll see you on the computer!"
770,770,1.0,0.192,"life, work, find, plan, month, year, change, program, live, home","a few years ago, i tore 2 of my lumbar discs (that were already herniated) and couldn't handle the pain. having tried physical therapy before and it not being successful made me hesitant in going back into that routine. but, i decided to give it one more try. i wanted to find a new and more innovative group to go to, so i did some research and found moti. i am so happy that i did. it changed my life. working with dr. ann degrey has saved me from chronic lower back pain. she is super patient and really listens to my needs. their hands-on treatments and exercise programs allowed me to get back to my normal routine in just a few weeks. now, i go on a weekly basis to maintain my health and learn new ways to tone and heal my body. when the pandemic hit and i had to stay at home, their telehealth program was very helpful. i wasn't really sure how the program would work, but it's been really easy to follow and maintain. dr. ann not only modified my exercises so that i could use whatever i had at home to keep up with my routine, but she was super flexible with her time. if you're in pain, give this team a chance."
771,771,12.0,0.1959,"appointment, office, schedule, phone, patient, telemedicine, email, cancel, due, receptionist","if you are looking for a professional pain management clinic - this is not it. although, dr. ding is nice enough - his office staff is the most unprofessional group of individuals we've ever encountered at a doctors office. 

when my husband (brain tumor patient) was first sent there we were never scheduled in to see dr. ding - but got his then pa. she prescribed a medication that my husband was immediately taken off of by his primary because it put at significant risk for a bleed because it was known to interact with his coumadin. 

our next issue was last winter after a snow/ice event. my husband is in a wheelchair. i called to make sure the handicap spaces were accessible. we were met with sarcasm on the phone. we were told that we would find out when we got there and that if we chose to cancel our appointment it would count against him. we showed for the appointment to find that the handicap spaces were never touched. 

yesterday was the last straw. on tuesday we received a call asking if we would be in the office for his scheduled appointment. after explaining that all his other doctors (including hopkins) were doing telehealth with him (because of covid 19) we were told that we would be contacted the next day via zoom. first of all, zoom is not considered a secure application. second, we were told that no telephone call would come prior to the zoom appointment - we would just have to watch our email account from 3 pm on and wait to be given a link. i told them that we couldn't sit and babysit an email account for an unspecified time. there was no resolution. so i downloaded zoom to my phone and took my husband with me all day in hopes that we would not miss that zoom appointment. we were never contacted by phone or email with a link. the next day around 10 am i was contacted on my cell phone to speak to my husband to check him in for his appointment. i explained to the girl that the appointment was the day before. she said she didn't know what happened, blew it off and continued like it wasn't an issue. i tried numerous times to answer her questions (without my husband there) and she got belligerent with me and said she needed to talk to my almost deaf husband or she would cancel the appointment. i reminded her that this wasn't even our scheduled time. she very sarcastically replied, ""well, what would you like my to do, daaaaaaaaahlin?""  then she told me to hold on. she never put me on hold but told the other girl that i was refusing to cooperate. she came back to the line and reiterated that she needed to speak to my husband or i needed to bring him there. by this time - i was already driving home so i told her i would get him on the phone in 15 min. she hung up on me. when i got home i put him on the phone. he questioned the other girl as to why the call didn't come the day before and she said she didn't know. he asked for a call prior to the zoom link arriving by email. again, they refused and told us to monitor our email until....  until what???  they then hung up on him. we called the office for 15 minutes following that hang up ...and they would not answer the phone. 

we have never had another issue with a doctors office in the 10 years he's been sick. 

this is the most outrageous, unprofessional office we have ever encountered and he's been seen by a multitude of doctors and other medical professionals in 2 states for 10 years. we will never return to this office. the staff is incompetent, rude, and unprofessional. if it was possible to give zero stars we would!"
772,772,2.0,0.1927,"issue, time, extremely, make, service, concern, friendly, kind, person, super","dr. kung is extremely knowledgeable, incredibly thorough, very friendly, and always goes above and beyond to deliver superior care. i have been a patient of dr. kung for years and i can't recommend her highly enough. she never makes you feel like she's in a rush when you're in her office, as personal attention is a top priority for her. 

most recently i scheduled a telemedicine appointment for an emergency skin concern, and she was able to identify the issue right away! she really took her time with me and made sure to address all my concerns. dr. kung gave great explanations for causes of discomfort and ways to relieve the issue, and made sure i knew all my options before suggesting treatment. dr. kung is truly exceptional in every way, and i would strongly recommend her."
773,773,10.0,0.1532,"care, staff, covid, family, professional, due, physician, great, understand, provide","this place is a joke. during a pandemic, requiring patients to come into the office, despite their being immunocompromised status, just to get a refill on medication they have been taking for years. (not a scheduled medication)
their refusal to provide telemedicine during this frightening and dangerous time shows they have little consideration for providing patient centered care. 
the providers in the office are putting their support staff at risk by requiring all patients come into the office for routine and/or sick care. the cdc has provided the data supporting the modifications needed to protect others and slow the spread, yet this practice is failing to do so. 
as a medical professional, i am very disappointed in the quality of care provided by this group. i am not a patient of this provider, but my sister is... i will be contacting those who provide oversight about this."
774,774,13.0,0.2436,"zoom, great, class, good, amazing, set, home, move, provide, forward","because of covid19 lgb was creative enough to adapt a virtual speed dating platform ,which is the best thing ever having also attended their previous speed dating events. other meetup group virtual dating events just put all the women into a zoom group together. there were no one on one introductions to connect you on a personal level like lgb nor levels of femininity or masculinity preferred, to select. the "" breakout rooms"" of lgb are the best feature for that reason. it eliminates cat fishing and fosters accountability in putting forth your true self. so get yourself together with your best rona hair doo, a little makeup, a bright smile , a private space with the best lighting , fill out your profile.....pic included and focus  on 5 mins of great conversation each round(s)! happy girlfriending...."
775,775,4.0,0.1364,"patient, doctor, medical, make, office, health, practice, review, provider, year","i do not usually do reviews, but i wish i had read the reviews earlier than an hour before my appointment. all the negative reviews about this doctor were right. she does not come off as a nice woman. the reason i chose this office was because i needed immediate help and i'm new to the area. there office was the fastest one to get back in touch with me and schedule and appointment quickly. the doctor and i used the video chat because of the whole covid-19. dr. hasan seemed to keep getting aggravated with me when she couldn't hear me or see me clearly. she was asking a lot of questions which is normal when seeing a new doctor. when i go to explain my situation, she made me feel like i was dumb and didn't understand my own situation that i have been dealing with since 5th grade and i'm now 26. after the session was almost over, she didn't really give me an option to opt out of ""counseling/therapy"" just kind of said well you are going to do this next and scheduled the appointment. she was very cold and not compassionate for a doctor practicing psychiatry. i hope whoever reads this will listen to mine and everyone else's negative feedback to prevent them from a disappointing appointment. if you decide to go for it to see for yourself, i hope you remember this review and go ""she was right""."
776,776,8.0,0.2573,"call, wait, doctor, day, minute, appointment, hour, time, receive, message","disgustingly irresponsible, disorganized, and incompetent. 

the staff working at the front desk are so unreliable that i'm speechless. 

covid-19 story time:

on tuesday, the clinic called letting me know that i have to go in to get my third shot. i give them thursday and friday as my available dates, and they said they'll give me a call the day before to tell me to come in. thursday rolls around and i have yet to receive any confirmation from them, so i call to follow-up. they had no memo or recollection of needing to schedule an appointment with me. i had to remind them of why they called me in the first place. we ended up scheduling for friday at 11 a.m. 

on the day of my appointment, i arrive at 10:52 a.m. and see another person waiting outside decked out in masks and gloves under the glaring sun. i, too, am wearing masks and gloves. i see a sign telling patients to wait 6 ft apart and to call the clinic. i call to let them know i am here, and they have the audacity to say i didn't make an appointment with them. like.... are you seriously kidding me? 

i ask them what i'm supposed to do and they tell me to come back tomorrow. after yelling at them for wasting my time, they said they'll let me get the shot today but i have to wait. i ask them how long i'll have to wait, and they said they'll see me after the person who is waiting in front of me is done. i once again asked for an estimate of when that'll be and they said 12:30 p.m. so they were expecting me to wait outside for 1.5 hours wearing masks and gloves in the heat during a global epidemic without letting me know that it'd take 1.5 hours until i pressed them for an estimated time. thanks for wasting my time and my gloves and mask. 

i have no idea how long the person in front of me was waiting for but she was still standing there when i passed by 30 minutes later. how are you going to make appointments and not do your best to stay on time to prevent patients from waiting outside for a long time? especially when the appointments are limited right now, and not many people are actually visiting the doctor at this time. 

when i returned at 12:30 p.m., they saw me promptly and i was able to leave the place within 10 minutes. 

in the past, they've also promised to get my records from my former family clinic to see what shots i'm missing, but they have yet to do so. every time i go in, they ask me about my missing shots and i always tell them that they have to get my records. when they hear that, they just brush it off. 

however, i do like the doctors here. the female doctor with glasses is pretty friendly. one of the guy doctors is also very knowledgeable - my mom loves him. my mom video chatted him during the coronavirus about a new back problem and he prescribed her some medicine."
777,777,5.0,0.1905,"pain, exercise, body, follow, pt, injury, physical, excellent, issue, run","after a bad experience about a year ago when i ruptured a disc in my lower back. i had written treatment off and was actively living with consistent lower back and neck pain. with the quarantine in full effect i had the time
on my hands to start readdressing my issues .a friend of mine recommended dr. todd. i called and had a set up a telehealth visit for the next day. my first appointment was supposed to be a general intake and review. fast forward  an hour and we're talking specific stretches that work within my lifestyle and activity level. i appreciate how dr. todd would let me complain about all my aches and pains and  suggests stretches and mobility except uses  to kind of peel the layers away and expose the root issue. i've had 2 major break throughs in just a month of weekly telehealth visits. my neck and back pain are almost non-existent and through posture techniques suggested by dr. todd i've found a way to manage and alleviate migraines which i've suffered from my entire life. overall if you're looking for someone who will take their time assessing you and let you work out what's happening in your body in your own time. this is your guy. i plan to continue visits for the foreseeable future . 6 out of 5 stars.  also incredibly fair priced if that matters."
778,778,2.0,0.1056,"issue, time, extremely, make, service, concern, friendly, kind, person, super","i had been putting off going to the dermatologist for awhile, and decided to schedule a telemedicine appointment with dr. reese. i called and had an apt within 5 minutes. i met with him that day, got his opinion, a prescription, and never left my house. so cool! dr. reese was super friendly, knowledgeable, and listened to all my concerns. i highly recommend getting yourself a telemedicine appt!"
779,779,18.0,0.0941,"recommend, month, year, week, son, surgery, kid, job, procedure, sleep","dr. tang has great bedside manners and really cares about his patients.  my mom was having severe sciatica and we had gone to several specialists to figure out why she was in so much pain and why the injection did not help.  luckily we were able to see dr. tang despite the covid-19 pandemic going on. dr. tang was very patient during our initial consultation meeting and spent time to explain in detail the mri to us in layman's terms and help us really understand the images (which no other doctor had taken the time to do so before).  unfortunately my mom did need the lumbar microdiscectomy but dr. tang  assuaged us by explaining the procedure in detail. 
on the day of the surgery even though i could not go into the surgical center because of covid-19, dr. tang call me on the phone prior to the procedure so i could hear the instructions with my mom and also called me after the surgery to let me know everything was ok.  when i went to pick her up he was also nice enough to walk out and say she did great during the procedure and he would call in the next day to check up on her. dr. tang is very good about post-operative follow up care, even when it was difficult with the pandemic which required telemedicine."
780,780,6.0,0.1454,"doctor, give, day, symptom, eye, sick, put, medication, antibiotic, explain",terrible place that shouldn't serve this community. arrived after a recommendation from my va telehealth appointment for symptoms resembling a sinus infection. once i arrived no vitals were taken and i received a call from working doctor who explained they can do little if anything for me since i have a cough. even though no formal check up was done not even a temp check or an actual check up from a nurse or doctor and made it very clear my visit was an inconvenience to them. went to another urgent care that participates in the mission act. if you're looking to feel worse on top of not feeling well physically this is the place for you if not go just about anywhere else.
781,781,5.0,0.0749,"pain, exercise, body, follow, pt, injury, physical, excellent, issue, run","just had a wonderful appointment with dr. lee over zoom due to covid-19 procedures. she was very attentive and got in touch with a physical therapist for me after i had dislocated my shoulder, not to mention i just called yesterday! incredible response time.

looking forward to more positive experiences as the need occurs. thank you!"
782,782,17.0,0.2729,"call, insurance, phone, charge, pay, appt, receive, bill, horrible, today","i preregistered online. because there was no transparency with prices and i thought it would be cheaper to pay cash pay as i only wanted a covid test. their website said rapid testing and although i knew the antibody test was less accurate it would give me peace of mind before being around family on the weekend. i called on my way to ensure cash pay would be cheaper and was told to call my insurance. i called my insurance that said i'd have a small copay plus the cost of the test if it was antibody and free if pcr. when i arrived early as directed on the website, i had to repeat all my information because they have ""2 systems"". i then had to wait for a nurse to call and get my symptoms. no one collected my insurance card info. i was told to drive around to the side and wait to be tested. i did and waited another 10 min where i was asked to repeat my symptoms yet again and then was swabbed for flu and covid. i was told i could wait 15 min for the flu results but explained i had a phone meeting and zoom meeting coming up and had to start heading home and could i please be called with the results. i was told yes. i explained the insurance scenario and instead of taking my card before i left, i was asked to call with the info. i called the clinic 3 times before getting a generic number who reluctantly took my info down. i still don't know if they charged my insurance or credit card. i called the next day for my flu results and was told it would take 4-5 days. i said ""not when she told me 15 min"". he said well i don't know what to tell you when that's what the computer says. he said i will have a provider call you. i said ""you all were already supposed to call me and that never happened, so can i speak to someone now?"" and he said no. i said ""so if someone doesn't call then what do i do, call again?"" he said, ""i guess so."" so sure enough no one called and i still don't know my results. whole process took an entire hour, which isn't horrible, but i expect price transparency, more efficiency, and above all honesty. these are my medical records!

update: no one called that next day so i called and they said someone would call. no one called the third day either. finally i found out my flu was negative but the covid test that was being quoted as 2-5 days has now been 8 and no results yet. i did find out that they did charge my insurance

update 2:

13 days later no results so so called. before going to urgent care on the 21st i called my insurance to to verify my benefits and i was told that the pcr test would be paid for but that the rapid screen would not. today, the fifth call to the urgent care, they told me that they needed me to go to labcorp and get retested and that they would do the rapid screen. i explained that i am not going to do the rapid screen because it is less reliable and i refuse to go back and i would like a refund as they charged me for the covid test and i never received any results. they refused to transfer me to their billing department and said i would need to call the lab. she stated ""i refuse to argue with you"" and she hung up on me.

what is my recourse?"
783,783,19.0,0.1271,"week, person, start, work, meeting, good, meet, back, leave, thing","dr. lighthipe has been working with our preemie, who was born at 30 weeks, both in person and via telemedicine. her expertise has helped his development become more organized and coordinated. she is gentle, compassionate, knowledgeable, and provides parents with realistic milestones, goals, and advice. i am grateful for dr. lighthipe and thankful she will help o progress through any potential movement and/or neurologic delays and identify any potential red flags and help us work with them."
784,784,5.0,0.2505,"pain, exercise, body, follow, pt, injury, physical, excellent, issue, run","i've been dealing with shoulder pain for over a year and have seen one other chiropractor, a massage therapist, an accupuncturist and three personal trainers.  aside from not being able to do my normal workouts and yoga, i had finally had enough when the shoulder pain and my lack of mobility were preventing me from doing simple daily tasks like hooking my bra strap behind my back!  i reached out to dr. bockmann and described my situation over the phone...mind you, this was during covid lock down so no in-person appointments.  he said i was showing signs of ""frozen shoulder"" and immediately emailed youtube links that demonstrated stretches and exercises and asked me to follow up via email in a week with my results.  needless to say, the exercises and stretches were not fun, however, i noticed a 30% increase in mobility!  after my second (tele-health) session, more exercises and increased length of time for holding stretches, i started to see 50-60% improvement!  i finally met dr. bockmann in person after three weeks from our initial phone conversation for a desperately needed adjustment and some myofascial release (some things you just can't do over the phone or via a zoom call).   i left his office feeling rejuvenated and at least an inch or two taller! haha.
it has now been a little over a month and only three sessions with dr. bockmann (1 phone, 1 tele-health and 1 in-person session) and i can honestly say i have about 90% of my shoulder strength and mobility back.  i am confident i will be 100% soon!  dr. bockmann's dedication and commitment to truly help people recover from pain and injury without the sales pitch of weekly follow up visits and treatments speaks volumes of him and his practice!   i can't thank you enough dr. bockmann!  but i will try my best by posting this review and referring all my peeps who suffer from any pains or injuries!"
785,785,8.0,0.1701,"call, wait, doctor, day, minute, appointment, hour, time, receive, message","would rather give a zero because they let their staff get away with being rude. although my doctor was knowledgeable and professional, the front desk person was never particularly kind, which i noted, of course, as going to a psychiatrist for depression, one would expect to be received with kindness, none to be found.  so, during the pandemic i broke my foot, fine, because its a remote visit, just like my other providers are doing, a few glitches with them, but no problem, just kindness and courtesy.  suffice it to say, with tms i was charged for a visit i was unable to access because 15 minutes prior to the online appointment the lovely front desk person called to tell me i hadn't filled out my forms. i told her sorry, i broke my foot, missed the email. i now have to create my profile on their portal and go to the tab marked forms to fill out the forms. (she only tells me about the forms, of course).the green tab marked forms had a list of three documents highlighted in blue. in this folder, off to the side in subtle gray lettering, there is a lengthy 20-30 hieroglyphics but looked nothing like the other codes i used. i noticed it but it had no wording associated with zoom. remember the tab was marked 'forms'. at no time did she mention i needed the code from this sub-file forms. once in a form it puts you through all three and then you hit submit.  then is says, completed.  they had texted me a day or two earlier asking me to log into zoom 15 minutes prior to the appointment, which i did. i sat waiting for 20 minutes and then called their office.  the front desk told me i could not talk to the doctor (now this is 5 minutes after the appointment), and she proceeds to say repeatedly ""its on the portal"", i repeatedly tell her i have the portal screen up and its not there.  she put me on hold mid-sentence, came back and i told her i was done with her condescending attitude.  she told me its my problem. i told her to f'off and hung up.  now, three hours later, i'm sitting comfortably in my bed and the manager calls. i'm thinking she's calling to apologize, but when, i'm sorry, i used the f word to describe the fact that i'm the f'ing patient who doesn't deserve condescension. she proceeds to tell me to be kind.  wow. are we at the office in front of others, or did you just call me at my home?  its called a disgruntled, mistreated client, using to one adjective to describe my experience when caught off guard by the manager's phone call while convalescing my broken foot.  so i say, ""i don't need this, i'll look for another doctor, and good bye"".  then they text me a message that i missed my and to schedule a new one.  then they send me a letter uninviting me as a patient. no ""we're sorry that happened to you"".  i'm sorry, did she not hear me?  i said i'll look for another doctor. then, to cap it off, they bill me for the missed appointment.  so much for treating clients as human beings.  not a problem though because all that really matters is i didn't stand for it and walked already before their rude letter came.  what an unpleasant mess they are. oh, by the way, i believe this is my second negative review so i wouldn't write this if i didn't truly want to make sure others can avoid feeling like an outcast at their psychiatrist's office."
786,786,14.0,0.1541,"back, give, test, find, time, result, covid, today, walk, information","i have a relative who is also a doctor suggested me to go to urgent care (instead of emergency) since i don't have health insurance.  so i picked cityhealth urgent care because the yelp rating.  i was happy with everything i've experienced.  1st, i need to call a number before i can walk directly into the door due to my fever and cough.  matthew was assisting me, he is very friendly.  i do think he should geared up more to protect himself because he's helping someone with fever and cough during this crazy covid-19 epidemic.  then sean talked to me via video chat.  i was extremely happy about this method because our health care staff should be protected as much as possible.  sean was very professional and efficient.  he quickly ordered 3 tests for me: x-ray, flu test, and covid19 test.  wow i can get covid 19 test!!!!!!  thank you sean!  x ray showing i have pneumonia; and sean prescribed me antibiotic and cough medicine.  my covid19 test result will be available in about 1 week.  tomorrow i will have a follow up video chat.  cross finger that i don't have covid19!!!!  one of the best things is that my bill is affordable!  thank god for the charges!  i thought i was going to pay a lot more (which can be very stressful) but their charge is reasonable and affordable.  
i recommend anyone without health insurance to come here for urgent care!
thank you sean, matthew, justine, and everyone who had helped me today.  i wish you all safe and healthy!
and thank you for working during this scary covid19 epidemic."
787,787,1.0,0.1087,"life, work, find, plan, month, year, change, program, live, home","awesome personal trainer! currently offering zoom workouts during the covid pandemic. suitable for all fitness levels; she gives modifications to make exercises harder/easier if needed. friendly, laid-back environment!"
788,788,4.0,0.229,"patient, doctor, medical, make, office, health, practice, review, provider, year","ok, so i had 3 not-so-great experiences with one medical so they've earned a downgraded review.

i take prep regularly and get the required labs done every 3 months.  one time i came into the office to get my labs done; my insurance deductible was going to reset in 2 weeks.  i wanted the cost of the prep medication to apply towards the following year deductible, not the current year.  i was very clear about this with my pcp, who assured me it wouldn't be a problem as he'd make a note in my chart/file.  well it turns out that note was never read and they immediately sent the prescription anyway.  it took several calls with express scripts to get all that worked out.  

second bad experience: i've been dealing with chills for a while now.  they referred me to an endocrinologist; said endocrinologist said my labs showed everything was normal and sent me back to one medical.  my pcp, dr. glickman, is currently out on paternity leave.  i made an appointment at the tysons location to see another doctor.  he offered no real solutions other than to tell me to take my temperature when i'm having the chills to make sure i'm not running a fever.  i've been doing that, have not been running a fever, yet the chills continue.  

finally, and this part really bothered me and inspired this 2 star review, i had an experience talking to one of their virtual doctors/nurse practitioners.  my psychiatrist prescribes me lunesta and my pcp at one medical is fully aware of this.  i didn't pack enough medication for my trip so after waiting 20 minutes to talk to someone, i asked if they could send a prescription to a pharmacy near where i'm staying.  the nurse practitioner i spoke with straight up refused.  i explained to her my situation, i told her it was a saturday so my psychiatrist might not see my email until monday, and that one medical is aware of this medication that i'm currently taking.  she made something up about it being a controlled substance and crossing state lines.  i've had multiple pcps in the past write me prescriptions for controlled substances that were prescribed through my psychiatrist when i needed a fill and couldn't make it to the prescribing doctor.  also, my psychiatrist has electronically sent prescriptions, including controlled substances, to a pharmacy in delaware before so she either didn't know what she was talking about or just didn't want to help me.  her manner was not emphatic at all.  

when i'm paying $200/year, i expect that simple things like delaying a prescription will be taken care of.  i expect the same level of medical care i've received from my pcp at all one medical offices.  one medical let me down one too many times and now i am seriously considering finding a new pcp."
789,789,9.0,0.119,"visit, time, doctor, virtual, experience, follow, fact, hard, person, worth","this business has moved to harvey street. my doctor called in a referral on february 25th, 2020. they never called me.... i called them on march 14th. made an appointment. i was suppose to receive a welcome packet in the mail... as of april 5th, no packet! i recalled them. the new patient coordinator argued the fact she sent it. i have a locked mail box and informed delivery from the post office. they never sent it! sandra bold faced lied to me!! i got it on april 7th( post marked april 6th, the day i re- called her) the first visit is a virtual visit. i'm thinking this place is not worth the time."
790,790,11.0,0.1312,"baby, give, support, child, pandemic, birth, hospital, daughter, thing, husband","melissa is a savior!! i was so traumatized by my 5 month olds nursing strike, and to make matters worse it was during the covid-19 shelter in place. i was hesitant that a virtual visit would be beneficial, but it was the best thing i could have done. not only did melissa comfort me in the fact that ""more was going right than wrong"", but she identified some digestive issues and reflux, acknowledges that pumping more was not a good choice for me, and recommended herbs to manage my postpartum anxiety. when our appointment was done, melissa continued to be in contact and was easily accessible when i had a question, concern, or even a hard moment. she truly repaired my relationship with breastfeeding! i could not be more thankful for her ongoing support."
791,791,5.0,0.1196,"pain, exercise, body, follow, pt, injury, physical, excellent, issue, run","i had my first endometriosis surgery in 2017 and my second endo surgery first thing 2020. i found bebe and my pt caitlin in mid 2019 and she helped me relieve pelvic floor pain before my second surgery and helped evaluate how everything was after my second surgery. she did internal and external pt work for me. it's always nerve racking at first for me going into these types of appointments, but caitlin is calm, educated and helped me learn how to do some self care. i'm lucky that bebe pt takes my insurance, but from what i understand they take several insurances, which can be extremely helpful. they extended their services to do virtual visits due to the covid19 outbreak and have virtual visits approved through insurance as well. from the nice and efficient front desk workers, to the staff keeping the place clean, to the pts and aids that help take you through stretch and exercise routines, i can't thank bebe enough for their excellent care.  one day when i'm able to get pregnant, i'll be excited to experience their prenatal care as well. keep up the great work!"
792,792,15.0,0.0829,"session, telehealth, work, easy, therapist, helpful, continue, highly_recommend, offer, therapy",i called city md to have a video chat instead of having to go into the urgent care.  i'm a senior citizen and im also in the group of people who are most susceptible to the covid19 virus so i was really disappointed when city md wouldn't take medicare.  they take every other insurance but they make senior citizens go into the facility because they don't accept medicare.  very nice.
793,793,3.0,0.0988,"prescription, medication, refill, bad, state, order, pharmacy, med, problem, contact",i wish i could give 0 zero stars. the secretary is nice but this doctor only cares about getting paid; would not give my mother medication she needs refilled for something she tested positive for because she didn't have the capability to do a telehealth appointment. which is medical negligence. during such a horrible pandemic you would think people would be more accommodating. i work for a doctor's office and we wouldn't treat our patients like this. also when we spoke with him directly he lied and said he was already on video conference with my mom and asked who we were and why we were calling. my mother never spoke with him. go elsewhere if you want a healthcare provider who truly cares about your well being more than their own wallet.
794,794,9.0,0.105,"visit, time, doctor, virtual, experience, follow, fact, hard, person, worth","i just had a telehealth visit which was necessary since my last physical visit was in 2017, well before the covid-19 crisis.  it was well worth it since i was able to renew a few prescriptions. the video connection failed and i ended up seeing myself for most of the call and then a call from my physician, came through, while i was speaking to her. however i'm confident the kinks will be worked out. the following day i received a follow-up call from my doctor's office asking if i needed any further assistance.  montefiore has provided me with one of the best medical service i've received in the bronx by far, on par with city md and mount sinai in manhattan."
795,795,3.0,0.1405,"prescription, medication, refill, bad, state, order, pharmacy, med, problem, contact",terrible!!! takes multiple calls to get prescription refills. office has a policy to not issue automatic prescription refills and you have to call ever time. was a mistake ever choosing this place! you would think they would make accommodations  during covid19. no telemedicine option.
796,796,0.0,0.1042,"feel, make, love, experience, couple, start, anxiety, ease, team, share","i've been seeing elizabeth here for a few months & i can say she has really helped me. i lost my mom in 2018 and went through a very toxic dating relationship for 6+ years, and my anxiety reached an unhealthy level. i decided that i needed help trying to better myself and elizabeth is showing me that path and walking it with me. she also referred me to a nurse practitioner in the woodlands to manage my anxiety medication. i have to say that i feel that elizabeth and danielle at houston family counseling came into my life at the right time, right before this covid-19 crisis hit so i'm handling it better than i might have without them. and they are continuing counseling visits on zoom remotely through this new world of social distancing. if you're struggling with anything, they can help you. don't lose hope, you're not alone. there is help out there."
797,797,3.0,0.1127,"prescription, medication, refill, bad, state, order, pharmacy, med, problem, contact","during a zoom visit i told li that physical therapy recommends that my mom should take one pain pill prior to her physical therapy. li responded, ""yeah do that."" sounded to me that li was trying to take credit for the day to day practice of our physical therapists. strange comment?

the zoom visit deteriorated further. my mom and i had a terrible experience. li seemed upset about the number of pain pills that were being taken. 1 pill up to every six hours equals 4 pills a day?

mom has taken, on average, 2 pills a day.

li couldn't seem to communicate what she wanted.

i offered, ""just change the prescription to once a day."" mom can have tylenol as needed. that seemed to fall on deaf ears?

yes, we know that pain pills should be limited. 2 a day was well within the maximum dose.

the unprofessional office staff, laughing layla, and doctor li's failure to communicate, left us exhausted and frustrated. we terminate the relationship."
798,798,19.0,0.1169,"week, person, start, work, meeting, good, meet, back, leave, thing","this was the last facility we went to.  for this site we actually had a chance to meet one of the staff to personally thank her and the entire staff for what they do.  often times we tend to forget it's not just hospitals getting hit hard w/ shortages of ppe and surges of covid-19 patients.  

it was a proud moment that earlier on gavin' first class zoom meeting he spoke proudly of the things we have been doing to help the community.  remember that whilst things are hard now - don't stop your life/routine simply because you now have to improvise.

when you feel helpless, help out."
799,799,19.0,0.1252,"week, person, start, work, meeting, good, meet, back, leave, thing","dr. moinuddin is fantastic. not only does he know his stuff, but he is also compassionate and personable, with a big smile that lit up the room when i visited in person and lit up my laptop screen when we met over telehealth. i have appreciated being able to meet over telehealth during the covid crisis, and greatly appreciated his input into whether or not i should return to work or continue to work from home. i have never felt rushed in an appointment with him and he listens well and asks good questions. 

the first time i met with him back in november 2019 (a month after i moved to the area), i felt i would be in good hands, and i was right! five stars all the way!"
800,800,15.0,0.1435,"session, telehealth, work, easy, therapist, helpful, continue, highly_recommend, offer, therapy","whether in person or remote, i cannot recommend amy enough! i first met with amy in person, and was nervous to transition our sessions to zoom due to the social distancing required for covid 19.  however, minutes into our first remote session any fear i had was wiped away. i finish each session feeling calm, rejuvenated and balanced.  this is a crazy time and my sessions with amy provide comfort and guidance. i am eternally grateful to have found amy and that we are able to continue our work together during these times."
801,801,15.0,0.1498,"session, telehealth, work, easy, therapist, helpful, continue, highly_recommend, offer, therapy","amy is great! i've worked with her extensively for the last few years sometimes twice a week. we've done energy healing sessions in person and remote via virtual sessions (zoom/skype).  both are equally powerful. 

her somatic healing has been incredibly helpful for my well-being and  managing my stress / anxiety. 

i could not recommend her more as an intuitive energy healer. and have recommended several friends to experience her special touch."
802,802,3.0,0.1104,"prescription, medication, refill, bad, state, order, pharmacy, med, problem, contact","more bad things to say. i left a message regarding my annual exam to this office. i stated i would like a telehealth session if possible, or to reschedule. covid , i guess they're not familiar with it. no response for 4 days. i called back yesterday and left a message begging them to get in touch with me so that i can get my much needed prescriptions. still no response. the message states that i should give them 72 hours!!!!"
803,803,19.0,0.1897,"week, person, start, work, meeting, good, meet, back, leave, thing","i'm 79 y/o and have been dealing with lower back pain.
i made appointment for video chat as new patient in great pain. his office told me to go to their website and download several forms. i spent hours and hours to create the word docs and fill them out. they were all pdf files. i also had to do some hand written stuff and scan them. converting what is called a scanned pdf file to an editable word doc requires a special program that uses ocr. then one can fill out the word doc using any editor. i also created dr. moradian a 1 page doc telling him my history. also words about recently going to a different pain dr and getting spinal injections years ago. then yesterday i emailed his office with 10 files attached. his 5 files + diagram/pain score + my med list + list of surgeries + notes i wrote + medical records i got from dr regarding injections. 
early this morning got the chat software going using chrome. i was ready for the doc. today's chat time was open ended. office couldn't say what time will happen. i ask for a heads up call 15 mins prior. was told no problem. then occurred to me i was unavailable from 1:30 to 2:00. then called office they  said no problem will set chat for 2:30. 

then at 1:15! dr moradian starts the video chat! here is the insane part. it was very clear that he had not read my note file or my medications list or my list of surgeries. all of which any skilled dr would have done prior to starting the chat. i knew this because he said something about going to look at my medication list now. but from the beginning he started asking me really stupid questions. whats the best way i like to communicate? never said one word about why i was seeking his help. nothing said about what might me done to deal with my pain. i am so pissed that i spent half of yesterday preparing all the documents and end up with an idiot dr. i sent him a very angry email. saying how upset i was having spent almost a whole day making files and then he did not prepare for the chat like any skilled physician  would do. read my notes, my meds list, and list of surgeries. told him i was going to write a negative every where i could. then all day long he tried calling me, sending me emails and even his office manager tried to reach me.
don't bother to see this quack."
804,804,1.0,0.367,"life, work, find, plan, month, year, change, program, live, home","did you know that there's a difference between a dietitian and a nutritionist? i didn't. both consult on nutrition and can have advance degrees, but a dietician is board certified and must meet continuing professional education requirements each year to maintain board certification. they can design diets to treat specific medical conditions. emily has her master's and is a registered dietician.

as i'm getting older, my usual lifestyle and tricks weren't enough to keep the pounds packing on. i had some success with keto but the calorie count wasn't sustainable and i veered off course, like crash and burn off course. and i eat out. all. the. time. i don't find cooking relaxing or therapeutic. don't judge. i just needed someone to give me a meal plan. i went to emily, and in the end, she gave me so much more than a meal plan.

at our initial intake, she explained her philosophy - no fad diets, just real food, and you can have what you want in moderation. emily has lots of tricks up her sleeve and truly works a meal plan that fits your lifestyle.

more importantly, she is making me think about why and what i eat because if you are going to her, there's something you want to change. i thought i just wanted my macros and suggestions for meals that fit within it, but it turns out i needed more of a coach than a nutritionist.

she listens -- and makes an actionable plan for me.

she checks in -- to hold me accountable.

she's knowledgeable and i learn from her.

she has several flexible plans -- with meal plans, without, meet in person (prior to covid-1) or video conference.

and it's all working -- i've lost some pounds, i'm learning about myself and why i eat, how to stick to my stated goals, and yes, even cook a little.

i highly recommend emily!"
805,805,17.0,0.0988,"call, insurance, phone, charge, pay, appt, receive, bill, horrible, today","terrible place.  i had two zoom talks with a doctor as a new patient and the dr. was great.  she was very honest with me and gave me great recommendations and ways to help my mental illness needs.  however, the office operations are horrendous.  i had to reschedule an appointment more than 24 hours in advance because i had to take my dad to a last minute doctor appointment and they charged me $150 because it wasn't within their 48 hour business day window.  for a company that is meant to help with mental illness, i don't see how causing even more stress to the patient by charging them full price of a visit helps, especially during this covid time.  i wouldn't recommend them to anyone.  stay away."
806,806,3.0,0.1776,"prescription, medication, refill, bad, state, order, pharmacy, med, problem, contact","i want to just start by saying, i have never had a pharmacist make me feel the way elisa did tonight. it's not my fault that she (or her bosses) aren't up to date on the dea mandates, and didn't know you can have controlled substances called in. after an hour on the phone, she verified what we told her. however, she still wouldn't fill it. 

during the covid-19 pandemic, pcp have started seeing patients via video chat. and so the dea has lifted their limitations on certain meds, retiring a hard copy of the scrip, and allowing doctors to call in the script. then the doctor will mail in the script to the pharmacy. i heard her on the phone tell her manager, i know it's weird that she lives in huntsville, but sees a doctor in muscle shoals. like i'm some kinda drug seeker, going from doc to doc to get prescriptions. 

we recently changed from walgreens on jordan lane, because the customer service was awful, sadly this walmart hasn't been much better. so she told me that now isn't a good time to switch pharmacies, we switched about 3 weeks ago, before everything went in lockdown. and she had the nerve to tell me that maybe we should switch back to walgreens! you're going to get your wish next month, elisa! 

so she called walgreens and verified i get this script filled every month, then she questioned why the address on file at walgreens was in tuscumbia(i updated it to huntsville, when we changed to walmart). i told her this is my home of record, and parents address, and i lived with them when i got medically retired form the air force. she questioned me as to why i need these meds, so i had to give her my history about getting injured in the air force. 

so needless to say, we will be in search of a new pharmacy! she wasn't overly rude, it was just the accusations she kept making that upset me. i also don't appreciate that she or her managers, don't know these rules. this isn't a recent change, it's been at least a week since we were told about this. so if the doctors know about it, why don't the pharmacy? her excuse for not knowing, was because she hadn't had anyone come in with this yet. so i guess only then, they update their procedures."
807,807,11.0,0.0871,"baby, give, support, child, pandemic, birth, hospital, daughter, thing, husband",due to world pandemic they offer face time with the dr. and depends what kind injury or sickness if you need to be seen for it or not. i did telemedicine. (facetime) and picked up a brace at the location. overall not so bad experience.
808,808,1.0,0.0876,"life, work, find, plan, month, year, change, program, live, home","i've been going to dr. cabaret for sometime now and there was a time when no one else had given me much hope on getting help to get off of oxycodone i had had a lot of surgeries in a short period of time therefore i got addicted to pain medication when i was lost and no one gave me hope dr. cabaret told me that he could free me of this evil demon well i was at the end of my route so i took a chance and he did just what he said he would do now i am still in recovery but i am much closer to living a normal life than i was years ago and i owe it all to dr. cabaret and his courteous and professional staff i greatly appreciate him taking the time to work with me and give me back my life i suggest anyone having similar problems come see him! just wanted to update my review since we've hit a difficult time with this coronavirus and everybody that's on medication i need to see a doctor monthly and probably run into some kind of snack or difficult situation i myself worried what would happen when my appointment time was due but i was pleasantly surprised that  laura schmeer one of dr. cabaret assistance took care of me via' zoom app this is where they do your appointment over the phone where they can watch you i was very happy to see things went according to plan and very thankful that there was no down or missed time with my meds, again the doctors office of joseph cabaret thanks again you and your staff are amazing!!!"
809,809,18.0,0.1175,"recommend, month, year, week, son, surgery, kid, job, procedure, sleep","jenn is amazing. she was highly recommended by a few friends and by our pediatrician. i've worked with her after each of my sons were born, and have been so grateful for her help each time. with my second son, just an hour with jenn (via zoom given the shelter in place) successfully and instantly transformed painful breastfeeding sessions (that were leaving me wondering whether breastfeeding was going to happen with my second kid)) into easy successful ones. thank you jenn!"
810,810,11.0,0.2207,"baby, give, support, child, pandemic, birth, hospital, daughter, thing, husband","jenn is incredible!! i highly recommend her to all mamas. she was very helpful in person when we first came home from the hospital with my daughter. she helped so much with her latch and gave me so many tips to help my breastfeeding experience be successful. she welcomed communication and questions via email, phone or text and always responded with very thoughtful and thorough answers. as a first time mom, this was very helpful!! when my daughter was 6 months old we had a weight concern and i met with jenn virtually. through our video conference she helped me create a plan to increase my milk supply and help get my daughter's weight back on track. all her tips were incredibly helpful and led to much success in helping my daughter get back onto her weight curve in a month. breastfeeding is a beautiful and at times challenging experience and jenn helped me feel confident and successful in this journey!  thanks, jenn!"
811,811,10.0,0.1193,"care, staff, covid, family, professional, due, physician, great, understand, provide","i just recently had a telehealth video visit with dr. mary lee-wong allergist, the last time i seen dr. mary lee-wong was sometime back in 2015. dr mary lee-wong is a sweet, kind & compassionate doctor who is so understanding & really cares so much for her patients. she remembered me after 3 years & she made my day cause i didn't think she would. if you need an allergist i definitely recommend dr mary lee-wong. i just love how she adores her patients & treats them with the upmost professional bed side manner & like we are a family member. i can't thank her enough for what she does. i look forward to my follow-up telehealth visit with dr mary lee - wong. she is an amazing doctor and i hope to continue my care with her in the future"
812,812,5.0,0.0744,"pain, exercise, body, follow, pt, injury, physical, excellent, issue, run","thanks dr saleh for the cortisone solution to my shoulder and hip! dr saleh made room in his busy day for me when i was in severe pain. he came through when i was certainly in need. my visits were quick, but thorough. he was also willing to analyze my situation on a zoom call. thanks again. much appreciated!"
813,813,5.0,0.2657,"pain, exercise, body, follow, pt, injury, physical, excellent, issue, run","short story:  
kelly is incredible! he and his team are professional, funny, and i learned so much about the 'why' and the mechanics of exercises i was doing rather than going through a list of activities. by spending a lot of time with kelly, i was able to build a foundation for supporting my running for the rest of my life. i send all my friends to kelly and would recommend for any active person who is experiencing pain. 

long story: 
i was referred by a friend who had a lot of knee pain during marathon training (she had to drop out around mile 20 of her race), went to kelly, and then ran an amazing marathon afterwards - 4hrs2min! 

i was also feeling a lot of knee pain (chronic, from many years of running and team sports) and went to kelly after having to bail out of my marathon training at mile 18 because unbearable pain where i was hobbling for the next week. after several months of working with kelly, i got to the point where i felt no pain (where before i was feeling significant pain on every run). 

i will for sure go back to kelly for any injury i ever have. 

ps: i have never had a better deep massage as part of a pt appointment... i would literally get off the table and feel less pain. 

he's also doing virtual appointments and clinics on zoom which is incredible!"
814,814,12.0,0.0868,"appointment, office, schedule, phone, patient, telemedicine, email, cancel, due, receptionist","i made an appointment with dr. fox and had such a great experience! due to covid-19, i was able to see dr. fox through telemedicine and the process was so smooth and easy! called the office in the morning and i was able to get an appointment in the afternoon. the office was professional, efficient, and answered my questions quickly. the ma was also incredibly nice and personable. what i liked most is that dr. fox was very thorough and did not seemed rush. he was able to find me a very affordable medication and gave us helpful tips. highly recommend!"
815,815,10.0,0.1385,"care, staff, covid, family, professional, due, physician, great, understand, provide","thank you for your detailed response to my concerns. i am happy to hear the insurance companies will pay for telemedicine visits and appreciate you being proactive. you deserve every penny and more for the wonderful services you provide. again i love the care, patient education and office staff. thank you for taking care of me and my family."
816,816,19.0,0.3952,"week, person, start, work, meeting, good, meet, back, leave, thing","it is with regret that the first yelp review i write is a negative one, and i am inclined to write it nonetheless. i first contacted holt counseling center in january of 2020 as a potential site for my mft practicum. i was met with nothing but rudeness and dismissiveness from the main coordinator, bonnie. i found her to be pushy, short tempered and irritable to put it nicely. in response to any of my questions, i was met with a tone of voice that made me feel like the dumbest person alive for even asking. regardless of how awful the phone call went, she surprised me with inviting me to a supervision group to get started with practicum...huh? no request for an interview, no request for a resume. just show up and we would be good to go. the result of this phone call gave many red flags and i decided not to pursue an internship with them. ultimately, i found two placements and have been happily working through practicum with them instead.  

fast forward to the covid-19 pandemic, and i received a phone call from bonnie regarding practicum yet again at the beginning of may 2020. she informed me many therapists were leaving and they were in search of new interns. she was pleasant during this conversation, and i began to think i had read our initial call incorrectly. i was asked to submit my resume, dl, ssc, and practicum agreement via email and was told about the in person meeting on may 31st (mind you, shelter-in-place has not been fully lifted.) the in person meeting struck me as odd, as i currently have two other placements who are fully telehealth and are not planning on resuming in person sessions, trainings or meetings any time soon. when i asked what safety measures would be in place, her response was ""well people can wear a mask if they want to. our lodi office is definitely cleaner than our stockton one, haha."" red flag #1,000,000,000.

two weeks after our early may phone call, i received a reminder call and spoke with bonnie on the phone regarding the meeting in which i told her i was still considering how i felt about meeting in person. we ended the call without incident, with bonnie reminding me of the date and time. 

today, may 31st, 2020, i received a missed phone call and a text from bonnie in the afternoon that was incredibly direct, rude and was riddled with false information. she texted me that she had tried to get a hold of me numerous times without hearing back from me...(um...no you didn't), and that she needed all of my info. and if i was still going to work for them (um...i already sent it to you weeks before). i called back and left a message, politely reminding her that all of my paperwork was already done and submitted per our conversation a couple of weeks earlier (and, in fact, i had not heard back from her). she called me back within 10 minutes. i asked if she received my message, and i was met with ""hah, no i saw it but didn't listen to it so.."" k.... i reiterated my message and she had the audacity to challenge me by saying, ""actually, hon, i've called multiple times and you have not responded at all to any of my calls."" in which i responded, ""i'm wondering if there might be a mistake and if there is another cristina, because i did talk to you on the phone last week and submitted all of my information to you for practicum, as well as my interest and understanding of the in person meeting. i clearly remember the phone call."" her response: ""yeah actually no, i have not been able to reach you at all, but whatever, are you coming to the meeting or not?"" as frustrated with this woman as i was, i managed to hold it together and respond with, ""i will not be coming. i do not feel it is safe right now due to covid. i have a family and we made this decision in our best interest, however, i would be open and willing to attend the meeting via zoom as an option."" she responded by talking over me and cutting me off with, ""uh, yeah, no zoom is terrible and clients don't like that. we need to open, that's just what we are going to do."" my response, ""i have two other placements who are fully on zoom and it has worked beautifully for all supervision, trainings, and client sessions. i will not be coming today."" resulting response from her, ""this isn't the placement for you. click."" 

really? do not challenge my integrity or honesty. do not gaslight me. do not imply that i am not an honest person. for anyone considering interning here, don't. i dodged a big bullet with this one. thank you, holt counseling, for reminding me i am unavailable for rudeness and disrespect. i'll be awesome someplace else."
817,817,6.0,0.1276,"doctor, give, day, symptom, eye, sick, put, medication, antibiotic, explain","bad time to have bronchitis.  april-may 2020.  i started with my regular drs at kelsey.  after 4 weeks of coughing and 2 telemedicine appts, i still didn't feel well.  my dil works at this facility, so i decided to try it out.  best decision i've made in a while!  i came in a side door, was given hand sanitizer, gloves and a mask and escorted to a exam room.  there were notes on the door telling me i could not leave the room, but if i needed to speak to a nurse or the front reception there was a phone in the room for me to use.  craig came in immediately, took quick history and gave me the intake forms.  next was dr nguyen.  i gave him a detailed history and he asked me lots of questions.  decided i needed chest x-ray and covid test.  both the quick antigen test by blood and the nose swab.  katie gave me the nose swab which was a bit unpleasant, however, she explained the procedure carefully, which made it not so bad.  she drew blood.  roger, radiology tech came in next and took me for x-ray.  dr nguyen delivered the news that i needed antibiotics for my lungs and the covid antigen test was negative.   craig came right in and gave me antibiotic shot which he explained would be sore over the next few days.  meanwhile i was still completing my intake paperwork and i had a question for the staff.  i called the reception assistant and she helped my with my question.  all the staff was so pleasant and friendly yet very professional.  i felt confident that they all knew exactly what they were doing and they made me feel safe and comfortable.  i actually enjoyed my appt which took less than 2 hours.  thank you physicians premier er for a great experience and much needed meds and peace of mind."
818,818,18.0,0.1203,"recommend, month, year, week, son, surgery, kid, job, procedure, sleep","heather is so informative and knowledgeable about how to really care for your skin.  she recommended a peel for me to start, and since we are in shelter in place, she sent me an at home peel kit!!!  we schedule a zoom meeting, and she walked me through the whole process and answered all of my questions.  i'm loving the fact that she is still caring for her clients during this time and making it accessible.  above all, i'm loving the results!  i'm on day 3 of peeling and so far it has brightened my complexion and already is helping lighten my dark spots and fine lines around my mouth. i am glowing!  thank you, heather!!!"
819,819,9.0,0.1308,"visit, time, doctor, virtual, experience, follow, fact, hard, person, worth","do not waste your time here. you spend more time in the waiting room then you actually do in the office where they see you. 
the visits are so short you don't even feel relieved of your issues bc the visit is so short. they're not personable. you omost feel rushed. 
i don't recommend zoom care i've been here twice. 
with all the great doctors visits  i have experienced  over the years this place doesn't not even compare"
820,820,8.0,0.1804,"call, wait, doctor, day, minute, appointment, hour, time, receive, message","bhairavi d. patel and her staff are very unprofessional and lack common courtesy and manners.  it took 2 weeks just to get a phone appointment and this being my first appt; they scheduled it for 12pm on a wednesday.  tuesday; (the day before) i received a text to confirm.  i confirmed.  next day, wednesday at 9:45am; a staff or receptionist called me to ask general questions; such as how many pregnancies and so on.  confirmed video phone appt at 12.  12 came.  no phone call.  they are at lunch from 12-1:30pm.  1:35 came; i called them.  they told me the doctor would call me back by 5pm.  so... doctor bhairavi d. patel expects me to wait around until 5pm as if i have nothing else to do.  i have children, work, and a household... never received a phone call.  called dr. patel back at 4:35pm; staff said she will call me back.  dr. patel finally called back and was rude on the phone. 

i was eating at this time. mind you... i had things to do during the day... but had to put life on hold because i was not sure when she would ever call.  i explained to her that i was not happy with her service and that she should be more upfront with how her telephone appts. work.  she got mad and hung up the phone.  i called back.  her staff said she told them to tell me to go to lap corp.  lap corp for what?  i had not been given previous instructions or reasons why.  the whole point in getting a doctor was so i could be treated for my pregnancy.  this is my first time meeting you via video chat; you are rude, inconsiderate of my time; getting paid for this call because i know you are billing my insurance and can not show any respect?  not only do i not know how many weeks i am; i am over 35, usually have an anterior placenta, have had multiple csections and so i am high risk.  i do not feel contractions or baby movements with an anterior placenta.  so i need my doctor to attend to my concerns.  this doctor could care less.  she didn't want to get back on the phone so she had jamie call me; one of her assistants and jamie told me that someone would call me from an ob within 24 hours.  i asked which ob and she said she did not know.  that this is what the dr. told her to tell me.  

wow.  so i'll be switching doctors.  already starting off on the wrong foot and i don't need to be stressed for my last pregnancy.  some doctors get into the field just for money or maybe she was stressed out but she should be used to dealing with different kinds of patients.  i am the customer; not her.  i don't need to make her feel safe and well.  i don't need her to get paid either off me as a patient when she lacks communication skills and proper manners.  i'll be looking for another doctor.  very disappointed.  i do not recommend dr. bhairavi d. patel in apple valley, ca with alpha care medical group."
821,821,13.0,0.1118,"zoom, great, class, good, amazing, set, home, move, provide, forward","dude!!!!!!!!!!!!!!!!!!!!!!!!!!!!!!! whatever happened to this place?! this clinic was really cool too bad the doc moved away and no longer lives in utah...we are at a great loss in our community. dr. paul is a well respected man, very professional, top notch doc - very well rounded in his profession he has 2 phd's one in anthropology and one as a m.d., he also has a background in epidemiology. if you ever have the opportunity to meet paul he is a great dude. wherever he goes he finds some selfless way to give back to his community no matter where he is in life. he told me about this new thing i had never heard of before called ""telemedicine"" about 10 years ago and now i see the trend everywhere. 5 stars for paul."
822,822,0.0,0.0625,"feel, make, love, experience, couple, start, anxiety, ease, team, share",i love this place. saw the doctor via telemedicine and came in for the testing. whole staff was v friendly.
823,823,4.0,0.0625,"patient, doctor, medical, make, office, health, practice, review, provider, year","i via telemedicine talk to dr.wang, she was very friendly and professional, she gave me some good advices and diagnosis, i highly recommend this place."
824,824,17.0,0.175,"call, insurance, phone, charge, pay, appt, receive, bill, horrible, today","first of all this place takes advantage of people knowing the crisis that is ongoing because of this pandemic, they are charging people 125 dollars (250 in total because i went with my husband)  for a video conference to review if people are sick before they get them tested, we have kaiser insurance and they didn't said anything about that they don't accept kaiser . i don't think it's fair that before you book a so called video appointment, they don't notify everyone that they are going to be charge 125 dollars when the appointment only took three minutes and we basically told them that we needed to take the test because we had the symptoms . i don't think is fair paying $250 for something that is free specially in this moments that we are trying to save as much as we can because my husband got laid off,  i can paid my utilities bills or i can buy my groceries for the week, we tried to explain our situation on sunday may 31 around 10:45am at the ellicott city clinic to the receptionist and she was extremely rude and unprofessional and she said '' nothing is for free'', we asked for her supervisor and she said that the supervisor can't help us and we have to paid $250.  i honestly will never go back to this place ever again and i will advice everyone i know to never use this place again. i hope this helps anyone out there."
825,825,1.0,0.1565,"life, work, find, plan, month, year, change, program, live, home","this place is a scam!!  a former owner takes all the incoming calls and does marketing for the new owners without full knowledge of how unprofessional the atmosphere here is now.  they charge $15 thousand monthly while serving hot dogs often, old food, and horrible mattresses where you can feel the springs.  if your loved one goes to the hospital your not gurenteed to recieve a phone call either..  in addition, they mishandled his paperwork 5 times for him to recieve disability benefits.  my brother had unneccesary stress due to him not receiving any income from edd.  trust me, i wanted to relocate him but co-vid happened. 

they have changed ownership twice within the last four months, fired therpaist and staff which resluts in complete unprofessionalism. when i recently asked the new director d'aun about an update regarding my brothers paperwoek her response was, ""i think it's time to discharge i'm over this.""  really, how unprofessional!!  this is a response of complete immaturity and selfishness.  

no one here takes responsiblity over the mishandling of paperwork, nor the lack of contacting the emergency family member on file, during my brothers hospital stay, nor developing a recovery plan, which is standard protocol for professional , caring rehab centers. 

 also, they take you to weekly walks to a liqure store to buy cigarrettes and junk food.  really, they support switching one addiction to another, nicotine, not to mention the director is a chain smoker herself.  how on earth is this place a rehab center???  

it was probably decent a few years ago, but definatly not today!!  don't be fooled my the fancy webiste or the charming person, david who answers your phone call.  zoom in closely on the stock photos used on the website.  

part of a healing plan is proper nutrtion and exercise too, which are not included at this place. they call the cook a chef!  chefs don't serve greasy food and hot dogs often.  

after picking up my brother yesterday i asked him about his recovery plan.  he said he didnt have one!!!  seriosuly, anyone with a heart would know that people need a recovery plan.  

upon finding out about this information, i emailed and sent a text to 4 people: james m, d'aun, david, (former owner) and the executive assistant about where is the recovery plan and a refill for 2 medications.............guess what?  no one respnded!!! why, becuase they got what they wanted, his money from the insurance company!! seriously, after 4 months of living in your care and billing out $60k you just easily let go of a person who suffers from alcoholism, anxiety, and depression without a recovery plan!! they gave him nothing.  no pamplets, brochers, contact names or numbers to other therpasits.....nothing.  

i am going to protest this place with some signs often with my partner too.  people in the world need to know.....this place is a scam!!  here is my email for anyone that would like to know more information about this so called rehab center. vidatraveler@outlook.com

the only thing that was good was the new therapist on site and the actual instructors of the classes.  but you can find that in other facilities.  

when you're looking for a center for your loved one offering complete care, including proper nutrtion, and a good nights rest with comfortable beds, and follow through care with paperwork for unions or disability and recovery plan, it's not new start recovery solutions."
826,826,2.0,0.0852,"issue, time, extremely, make, service, concern, friendly, kind, person, super",i participated in telehealth services with jason sanchez and it was smooth and easy! i was able to express all my concerns and most importantly get the right treatment! would definitely recommend.
827,827,17.0,0.1029,"call, insurance, phone, charge, pay, appt, receive, bill, horrible, today","we are terribly disappointed with the low level of service and high bill provided.  we waited 20 minutes for a telemedicine call with dr. salmo and he never showed.  the worst part is that he charged us an an appointment fee even though we kept the appointment and he did not.  to add insult to injury, his billing service was rude, tried to force us to set up another paid appointment with dr. salmo to even negotiate cancelling the fee, and angrily hung up on us when we said no.  dr. salmo is nice enough, but he is chronically late and gives poor service."
828,828,6.0,0.1088,"doctor, give, day, symptom, eye, sick, put, medication, antibiotic, explain",this place is horrible. only good for yearly physicals. numerous times i have been disrespected and every time i call when my kid is sick or injured but should clog up the emergency room they offer an appointment 2 weeks out!! judy at the front desk is incredibly rude and hangs up on patients. my daughter had ocular cellulitis and her eye was swelling bad and needed eye drops and an antibiotic. we are in the covid pandemic right now and requested a virtual visit due to having to stay out of town to keep my parents safe. was told they needed to physically see her and said a nurse will call. i get a phone call at the end of the day saying they could maybe get us in for an appointment tomorrow. i was able to do a virtual appointment at cermak immediate care immediately when i called due to the severity of the situation and they handled it absolutely professionally!! need a place go to them!!! i wish new management took this place over as a resident of lagrange park i wish there was a nicer and more accommodating office/clinic available to us in our neighborhood with our insurance.
829,829,1.0,0.1779,"life, work, find, plan, month, year, change, program, live, home","i have been working with ronnie for 3 weeks now and am finding her so helpful!  i've had some health issues for the last couple of years that have seriously interfered with my activity level.  ronnie has been training me via zoom and is so patient, yet a taskmaster.  

we are focusing on strength training.  i appreciate her focus on proper form, and pushing me to do ""just a few more"".  

i highly recommend her and her training methods."
830,830,2.0,0.1026,"issue, time, extremely, make, service, concern, friendly, kind, person, super","dr. koretz conducted a virtual visit with my mother who has been having some aging issues.  he was extremely kind and respectful.  dr. koretz gave clear explanations of options and potential medicines to treat my mom's condition.  for a virtual visit, it was very reassuring and comforting."
831,831,13.0,0.1479,"zoom, great, class, good, amazing, set, home, move, provide, forward","i've attended carolyn's classes in person prior to the covid-19 self-isolation era. since then, she has been doing online zoom classes. for the in-person classes, there are no real demonstrations, just her soothing melodic voice talking the class through each body movement, so not much is lost in an online/zoom class. 
i especially liked the shoulder and hip class from a recent session because it seems i am hunched over my ipad most of the day. and i can imagine many people now are using more electronic devices than before. but each class is unique and valuable and i always feel better when we are done. it's very relaxing and calming and we all need self-care."
832,832,3.0,0.109,"prescription, medication, refill, bad, state, order, pharmacy, med, problem, contact","pharmacy submitted for a refill for copd but it was rejected so i called dr office. was told my original prescriber was no longer there and since i haven't been there in awhile i would need to be seen. i'm also immune compromised. i've been out of my inhaler for two days. 
just had my appt, masks not required for public social distancing is not practiced or even encouraged by signs, tape. nurse and np were great and come to find out they offer telemedicine. wish i was told that before i was in the room. been a patient there since 2007 and will not be back."
833,833,2.0,0.0885,"issue, time, extremely, make, service, concern, friendly, kind, person, super","i am really impressed with taylor & thornburg. after a stint with another pt service that didn't help at all, a neck specialist highly recommended t&t, and boy was he right! alexandra was able to do in-depth problem solving, listen to me, make the mind-body connection, teach me about small muscles i didn't even know i had, and correct course when needed. i'm so pleased with the tangible results of our work together. and when pandemic began, t&t was immediately responsive with telehealth services."
834,834,18.0,0.1016,"recommend, month, year, week, son, surgery, kid, job, procedure, sleep","so just like everybody else you do research before you get a procedure done. the doctor is board certified. 
 but with all this craziness that is going on right now i had to do my consultation over zoom the doctor and the nurses were very friendly. so i finally went in to my appointment today and everybody was really nice. i had the spider vein procedure done on my legs. 
 julie was the nurse that performed it along with larena they were so nice we talked the whole time . dr mikhail stopped in the see how the procedure was going. very nice doctor. 
 not sure why all the other bad reviews but i had a great experience maybe because i had a different procedure idk..."
835,835,10.0,0.1407,"care, staff, covid, family, professional, due, physician, great, understand, provide","dr. buch was recommended to me by my primary doctors. so glad he did, dr. buch and his staff are wonderful. every time i have had pains or issues due to my ibs, he has helped me get better. i started experiencing pains again, not long ago, i was hesitant to leave the house due to covid-19, he and his staff accommodated me by having my visit via zoom. great doctor and great staff. thank you doctor for all your help."
836,836,15.0,0.194,"session, telehealth, work, easy, therapist, helpful, continue, highly_recommend, offer, therapy","my now 6 year old daughter was referred for occupational & feeding therapy by her doctor for some behavior challenges and extremely picky eating. we were given a list of 10 providers approved by our insurance. we called and visited each place on the list. infinitykids really stood out to us for several reasons (the other 9 on our list didn't even come close):
the therapists and staff are terrific. ms. brittany has been our occupational/food therapist. she is excellent! she immediately made my daughter feel comfortable and happy. my daughter has really progressed under her guidance. just walking in you can tell the therapists love their job and connect so well with kids of all ages. the therapy sessions are kid and parent focused so parents leave each session with a plan and roadmap of fun things to do with your child to help them reach their goals
they specialize in pediatric therapy and offer a full spectrum of services (feeding therapy, physical therapy, occupational therapy, speech therapy, psychologists on staff)
the facility is great, very clean and well planned out- super kid friendly. there is a small outdoor area with a garden.there are 2 small gyms with kid favorite items such as- monkey bars, small climbing wall, slide, zip line, crash pads; there are several rooms for craft's and sensory play.there are nice kitchen areas equipped with microwaves and toaster ovens for food therapy 
they offer lots of helpful resources for parents such as parent education sessions on topics like child brain development, keeping kids safe in our digital world, mindfulness 
we started our occupational/ feeding therapy sessions one year ago (april 2019). our daughter has made tremendous progress thanks to our wonderful therapist and the great staff at infinitykids. we have been able to do sessions via video conference as needed. we are so grateful we found this place. they have had a huge positive impact on our family."
837,837,6.0,0.1095,"doctor, give, day, symptom, eye, sick, put, medication, antibiotic, explain","i've been seeing dr. reingold for a couple years after i had a successful eye surgery with one of his colleagues and he was recommended to me.  i've been very happy, and today when i woke up after a week of very dry, irritated eyes, it felt like i had some sort of scratch or abrasion on my right eye.  i wasn't sure about reaching out since its the middle of the pandemic, and it was friday, and i doubted i'd hear back quickly anyway.  within an hour of the office opening for the day, i got a phone call from the receptionist melanie, who was very kind and set me up immediately to hop on a zoom call w/ dr. reingold.  we went through my records, my symptoms, he examined me as best as is possible on zoom, gave me some recommendations for care, and let me know when he'd be available for any emergencies in case something came up over the weekend.  overall a very easy, quick, positive experience, and it alleviated many of my anxieties."
838,838,3.0,0.1928,"prescription, medication, refill, bad, state, order, pharmacy, med, problem, contact","there is nothing worse than dealing with an unprofessional physician when you are in pain, unless it is dealing with an ignorant, self-righteous, unprofessional physician when you are in pain and there is a national health crisis/pandemic at the same time!!!  if there was an option for ""0"" stars-that would be my rating for this man.

i met dr. reingold approximately 3-4 years ago when my husband recommended him.  he seemed to be a nice man and intelligent at the time.  i wasn't having any particular eye problems and only needed a ophthalmological yearly exam, testing of pressures, and contact fitting.  i was pawned off on an associate (no longer there that made quite a few of her own mistakes, not taking clear notes or keeping records of what she ordered for me, or even writing down my actual prescription, but that's another story).  i then switched back to him after many complaints regarding the ineptness of the associate and the actual optician (who also is no longer there due to inaccurate records, not returning calls and ordering the wrong prescription in contacts, too many times to count and doubling down on payments-thinking he wouldn't get caught)!

fast forward to last year, with me being so upset with the lack of ""good patient practice,"" that i left yet another message (this time with brenda at the front desk-whom i adore, and is probably one of the only compassionate and knowledgeable people he employs, and would steal in a heartbeat for one of the practice's i manage) and she assured me the doctor would return my call asap.  dr. reingold did return my call, we spoke for quite some time that evening, and without boring you with all of the documented mistakes (photos and notes, time stamped and dated) made in my care, stated to me ""it was very hard to find good help, that he paid lower wages-and the pool of whom he had to choose from we're not the best, thanked me for speaking with him and addressing the issues that had been made in my health care, and said he would like to start over, make it right, and be the one to see me going forward.""  he thanked me for not writing a bad yelp review (as he had many and even asked me for help in taking them down), as that is part of what i do, and for giving his practice another chance.  he took money off contacts that had been ordered and were incorrect (the 3rd time by his optician) and even discounted my reading glasses as a ""goodwill"" gesture.  i, in turn, agreed to see him going forward (unless it was contact fittings, which he doesn't do, and was referred to another ""new"" associate that did the actual contact fittings).  i agreed to move forward and start over.  

this past year i haven't had to have much care but have ordered my monthly contacts with relatively not too many problems.  there was one mistake made again with my actual contact prescription, but was taken care of right away, (the optician that made the last mistake is the one i referred to earlier) and is no longer employed by dr. reingold.  

so imagine my surprise, when i phoned his office today to report that i was in pain, believed i had a corneal abrasion or perhaps the beginning of conjunctivitis (i was a certified ophthalmic tech and the daughter of an ophthalmologist, and am now a medical director here in la, so am aware of the various symptoms), which was why i chose to call and wanted to be seen by my ophthalmologist.  i was told by rosie, the woman that answered the phone (not brenda for the sake of letting the blame lay on the correct individuals) that the doctor had left for the day, was only seeing emergency patients but would email him my message and have him call me back.  i then received a call from another girl, i do not know her name, stating she was going to set up a conference zoom call for dr. reingold and myself.  i then stated to her that i didn't believe he would be able to see anything on a zoom call (he would need a slit lamp to ascertain if there was an abrasion), and that since my eye was not red-didn't understand how he could tell if i did have conjunctivitis.  i told her that i didn't agree that a zoom call was in my best medical interest, and i was frustrated.  then, low and behold, the good doctor was listening in on the call all along (which i had not been made aware of), and he began speaking, ""why are you frustrated jana?"" continually interrupting after asking me my symptoms and actually arguing with me that he could ""see my symptoms on a zoom call.""  and guess what????? he was in the office all along and had his office personnel lie to me. i didn't agree but gave my permission to be connected to zoom and after three tries on his office girl's part-connected me through zoom.  there he was, in

****please read the rest of my review below in photos.  there was too much text for the yelp format!"
839,839,5.0,0.204,"pain, exercise, body, follow, pt, injury, physical, excellent, issue, run","i was referred to center for vein wellness by a neighbor.  i have poor circulation in my feet and lower legs, which causes numbness, occasional pain and skin discoloration.  they did an ultrasound on my legs which the doctor said confirmed issues with the blood flow in my leg veins on both legs.  they later performed a laser ablation to close off part of a vein in my left leg.  the doctor said this would improve blood flow overall.  

it's been two months and i'm due to have the same procedure done on my right leg, but i've canceled the appointment.  i've seen no change whatsoever in how my left leg feels or looks.  they seem to market mainly to those with cosmetic issues, like varicose veins, but it doesn't seem to help pain or numbness.

in addition, i learned that they are still open and operating during the covid-19 pandemic.  at a time when i can't see my eye doctor, and can only see my md over video conference, how can they justify seeing patients for cosmetic procedures?  for this alone, i would not recommend doing business with them.

i also find it fishy that the only reviews on yelp for them are 6 years old.  what's up with that??"
840,840,15.0,0.1256,"session, telehealth, work, easy, therapist, helpful, continue, highly_recommend, offer, therapy","i am a physical therapist myself at a community hospital and i would highly recommend marc. he is awesome at what he does, works on you 1:1, and provides excellent care. he is easy to communicate with. i have referred many friends over to him confidently. if i need a formal round of pt, marc is my guy. he has worked with many of my friends and got them back to full function. he also works using telehealth during this new era which is really helpful."
841,841,8.0,0.2012,"call, wait, doctor, day, minute, appointment, hour, time, receive, message",had 2 appointments made with this doctor and still has not called/text! they expect people to be by the phone all day and on call when there was an appointment made. the staff does not even communicate that the dr is running late. just now received a call to reschedule for tomorrow! a 3rd appointment now! they called 5 hours after the actual appointment! staff was rude when i called and tried to explain that i have other things i have to do because this is an appointment for my uncle that is not tech savvy at all and i have to help him but i also have zoom sessions everyday for my son and i can't wait all day for a call that an appointment was made for! i waited 4 hours the first time and now 5 hours today! this is absolutely ridiculous waste of time.
842,842,12.0,0.1184,"appointment, office, schedule, phone, patient, telemedicine, email, cancel, due, receptionist","my mother has copd and is at high-risk for the coronavirus. in order to continue receiving medication for chronic pain she is required to go to this office and let them count her pills in person. we called to see if alternative arrangements could be made due to her high-risk condition in addition to being on prednisone which makes her at even higher risk for acquiring infection. 

we were told the *only* option was come and sit in a waiting room full of sick people or cancel her appointment. the front desk explained they are all super healthy and it's business as usual for them. 

what virus?! we're fine!

we asked if she could come directly in and wait in the back. no. can we come in one of the other entrances to avoid the waiting room? nope-- cancel your appointment and stop receiving treatment or come in and risk getting coronavirus so we can *count your pills*. no telehealth option. no photo option. no alternative entrance. no accommodations for the safety of their patients.

this is unacceptably tone deaf in the midst of a worldwide pandemic. countless businesses and government offices are changing the rules for the safety of everyone--but clearly advanced pain medicine associates knows better and it's ""business as usual"" for them."
843,843,4.0,0.1046,"patient, doctor, medical, make, office, health, practice, review, provider, year","we have access to patient plus through my insurance. we've made use of it several times, and have been pleased every time. we've never had to wait very long, and our medical issues have been addressed promptly. when the state stay at home order due to covid-19 first went into effect, i was able to get a telemedicine appointment within a very short timme. today my husband made the drive into baton rouge when our local urgent care, which was supposedly ""open,"" said they were only making telemedicine appointments and then never returned his call to schedule one. he got in at patient plus quickly and got out with the prescriptions he needed to address his issue. we've been very satisfied with the service we've received there, and we'll go back when needed."
844,844,15.0,0.1151,"session, telehealth, work, easy, therapist, helpful, continue, highly_recommend, offer, therapy","dr. sims saw me for a telehealth visit recently. i had an eye infection that was bringing me to tears and my family convinced me to go to an urgent care to get looked at. it was a saturday night and also with the covid 19 outbreak going on i didn't want to walk in anywhere and wait a really long time. i was pleasantly surprised that i was able to get a telehealth visit right away via zoom. i did my paperwork online and within 10 minutes i was connecting with dr sims on a video call. she took one look at my eye and knew i had an issue. she was very thorough in her questions she asked me before prescribing me anything. she sent 2 prescriptions to my pharmacy electronically and i was on my way. it was the most convenient dr visit i've ever had! it's been a full 24 hours on the antibiotics so i'm on the mend even though not 100 percent yet. i highly recommend doing a telehealth visit with this clinic. convenient, helpful, and quick.  thank you."
845,845,5.0,0.0833,"pain, exercise, body, follow, pt, injury, physical, excellent, issue, run","i highly recommend ironhorse pt. ive been working with gigi both in the office, and then using virtual visits during shelter at home. she does a great job assessing my status and guiding my exercise routines."
846,846,18.0,0.0799,"recommend, month, year, week, son, surgery, kid, job, procedure, sleep","i was worried i had been exposed to covid-19, especially after i developed low grade fever, muscle aches, and sore throat.  i contacted this urgent care by phone.  everyone including the receptionist, the medical assistant who returned my call, and the doctor who interviewed me via telemedicine was helpful and knowledgeable.  they answered all my questions.  i felt very well taken of."
847,847,6.0,0.2116,"doctor, give, day, symptom, eye, sick, put, medication, antibiotic, explain","my both 3 ur old twin boys have asthma.  when they get sick they get fever, coughs and wheezing, unfortunately symptoms sounds like covid-19.  when they started getting sick, i was also had some cough and got the covid testing and came back negative, since we've been all home for a month, it was unlikely they have covid either.  tonight, one of the boys symptoms got bad.  he coughed so much he was breathing so rapidly, fever went up to 102.  since it was already too late for a regular dr visit, i called the hoag and they suggested telemedicine once i told the m the symptoms.  any normal healthcare would've told me to bring him in, obviously they need to listen to him.  they said it was up to me but to give them a call once i get there.  i parked right in the front, the place was empty, 2 nurses and the receptionist were sitting in the front talking, but i was advised to wait.  then i was suggested telemedicine again, really???  then they said the provider will come outside and exam him first.  we waited waited, 30 min has passed.  3 yr old in the car will not wait 30 min.  obviously they didn't want to see him.  so i just pulled out of the parking lot and drove away, then of course the ""provider"" called me. they were taking notes and discussing how to go about taking care about my boy, for 30 min.  yea no thank you."
848,848,13.0,0.151,"zoom, great, class, good, amazing, set, home, move, provide, forward","amazing workout before covid and during covid (and after covid too!)

the zoom classes are wonderful routines.  you feel great afterwards, see your fellow gym-mates, and have excellent instructors.  

pop have perfected the zoom workout!

i look forward to the workouts and the day after burn!"
849,849,13.0,0.2584,"zoom, great, class, good, amazing, set, home, move, provide, forward","""pilates of pasadena"" is an outstanding place to do pilates (i've been a student there for two years), but since the recent quarantine i have even more high praise to share!  maria jiménez-tierney (owner) and mirko turla (instructor) immediately offered pilates mat classes through zoom the very first week of quarantine!  throughout the past two months i've been able to continue my thrice weekly sessions (both classes and private lessons) with mirko turla. he is an exceptional instructor in the studio but he has really proved his mettle teaching via the internet -- providing excellent verbal cues and explanations that ensure his students are doing all movements correctly and are receiving the best possible workout. also, he really makes the sessions fun!  to be able to continue pilates has helped me to maintain my physical fitness and my mental health as well.  i am especially grateful to mirko turla and maria jiménez-tierney for persevering for their students -- so impressive and very much appreciated!"
850,850,13.0,0.1554,"zoom, great, class, good, amazing, set, home, move, provide, forward","pop deserves 10 stars. professional, thoughtful, and prepared, maria is dedicated to her profession and very knowledgeable. the atmosphere is supportive and warm, and the equipment is top-notch and in great shape. the studio is spotless and very well run. we have moved to zoom classes for now, and i am amazed at maria's ability to keep us engaged, watch our form, and mix up the routines even though we are limited to what we can do at home. i came to pop two years ago with constant back pain - my back would go out 2-3 times/year and i had had enough. since i started class with maria i have had zero episodes. zero."
851,851,13.0,0.2496,"zoom, great, class, good, amazing, set, home, move, provide, forward","had a wonderful first time zoom pilates mat class on 5/21. thanks to my bestie dl for treating me to this great experience. mirko the instructor was super friendly and upbeat. i felt stronger today! given that i live in crestline and the studio is in pas, it was a great way to participate!"
852,852,13.0,0.3824,"zoom, great, class, good, amazing, set, home, move, provide, forward","i've been doing mat pilates for years, but ever since working from home the past 2mths, i've come to really appreciate pop's virtual mat pilates classes led by experienced instructor mirko turla. the ease of signing on to his zoom classes (on tuesdays and fridays) keeps me logging on, but what keeps me coming back week after week are the results (less back tension, more flexibility, and -yes- stronger core/glutes/thighs that are sore in the best way possible). this is the re-set my body needs after working 8-6 in my home office. the precision of mirko's instruction/imagery cues is quite possibly as effective as tactile ones. each class is different but you're guaranteed to be challenged and feeling energized. all this wrapped in both humor and encouragement (he's there doing all the exercises along with you!) is what keeps me going from start to finish. highly recommend you give pop's zoom pilates classes with mirko a try!"
853,853,8.0,0.1002,"call, wait, doctor, day, minute, appointment, hour, time, receive, message","just don't. there are other dermatologists and medical staff that are more professional and offer better office operations. 

scheduling an appointment is a nightmare. i had to call every day to get past a busy tone. some of the phone numbers on their website are not active. if you choose to schedule/reschedule online,  their online system does not accurately update and you will receive a call to confirm an appointment you already canceled. you have to chase the staff down for answers and follow ups.

there is minimal compassion or understanding from the staff when challenges arise in scheduling, and insurance/pharmacy relay. i had one in office visit and a follow up video conference visit. i am in search of a new dermatologist. 

i also want to note- on the times i was there, i overheard the staff constantly ask each other for each other's or doctors passwords. it's 2020, get it together."
854,854,6.0,0.18,"doctor, give, day, symptom, eye, sick, put, medication, antibiotic, explain","omg i gave her a try again. i was in alot of pain and suffering only slept 20 minutes the night before, and had a yeast infection...i know these things at age 45 hello... i had to wait till the end of the day for her to call me, she didn't know what insurance covers... she didn't want to treat the yeast infection and didn't want to give an antibiotic, and prescribed me something google says is no longer prescribed. see photo of what she prescribed that causes scarring, when she could have prescribed a different antibiotic and yeast infection treatment. yes i got these scars now too. 
then, she says we will do a zoom appointment  next morning...i didn't get any time, got an email in the afternoon still with no appointment time...with all this pain and suffering they could have done way better. terribly uncaring really. 
i went somewhere else and got exactly what i need and a few hours later feeling better already."
855,855,2.0,0.1101,"issue, time, extremely, make, service, concern, friendly, kind, person, super","the good: 
super nice and professional staff. called to setup appointment, was able to get through quickly. everything was super nice, smooth. there's even music while you listen. they validate most parking costs (shockingly expensive without validation). mri is nice and open and roomy, even it's placement is excellent facing the street and giving an amazing visual of light emanating from the mri. they were fast, efficient, courteous. wow, perfect. this was great. suspiciously great actually. no really, something's wrong here. problem is management seems to be extremely hands on, and morally i don't feel comfortable with that. 

the bad: 
- when calling to get the radiology report, i was told it can only be delivered by fax, snail mail and horse-drawn carriage. just kidding on the last one, but they wouldn't even allow me to pick it up in person. would not email it either. reason was covid-19, which is suspicious because telemedicine access has been significantly relaxed by executive order at federal and state level. this feels like it's on purpose to offload their labor to the doctors instead.
- everyone is asked to fill a report at the end to individually rate every person i worked with for scheduling, sign-in and imaging individually. this makes me feel uncomfortable because it's extremely micro-managerial. you're micro-tracking the performance of each person the way amazon does. like cattle. i don't want to support those practices.
- the mri is given in a cd. yeah that's no good for me. copy the cd to a usb drive with your logo, they're like $1, you get free marketing.

please treat your staff like humans. do periodic surveys, this felt orwellian. yes i want a nice experience, but i also want those providing that experience not to micromanaged like cattle."
