,Topic_0,Topic_1,Topic_2,Topic_3,Topic_4,Topic_5,Topic_6,Topic_7,Topic_8,Topic_9,Topic_10,Topic_11,Topic_12,Topic_13,Topic_14,Topic_15,Topic_16,Topic_17,Topic_18,Topic_19
0,0.05505050505050504,0.07727272727272726,0.03181818181818181,0.022727272727272724,0.033838383838383834,0.02373737373737373,0.03686868686868686,0.0409090909090909,0.03787878787878787,0.04393939393939393,0.03787878787878787,0.03888888888888888,0.04898989898989898,0.07626262626262625,0.02575757575757575,0.14393939393939392,0.0409090909090909,0.04393939393939393,0.032828282828282825,0.10656565656565654
1,0.01791135397692775,0.028840315725561626,0.022768670309653915,0.03491196114146934,0.020947176684881604,0.04584092289010322,0.01426836672738312,0.03551912568306011,0.08955676988463873,0.017304189435336976,0.01912568306010929,0.021554341226472373,0.075591985428051,0.01791135397692775,0.020947176684881604,0.027625986642380085,0.042805100182149364,0.04948391013964785,0.3682452944748027,0.028840315725561626
2,0.10620915032679738,0.030392156862745098,0.06045751633986928,0.028431372549019607,0.06241830065359477,0.025816993464052286,0.015359477124183006,0.03627450980392157,0.09052287581699346,0.021241830065359478,0.22712418300653595,0.016013071895424835,0.03627450980392157,0.05915032679738562,0.023202614379084968,0.03104575163398693,0.020588235294117647,0.022549019607843137,0.023202614379084968,0.06372549019607843
3,0.07013888888888889,0.052083333333333336,0.03125,0.04791666666666667,0.03125,0.03680555555555556,0.04097222222222222,0.04375,0.08819444444444445,0.04236111111111111,0.03125,0.03125,0.05347222222222222,0.03125,0.03125,0.03263888888888889,0.03125,0.20625,0.03125,0.035416666666666666
4,0.034552845528455285,0.03048780487804878,0.03319783197831978,0.042682926829268296,0.07113821138211382,0.03048780487804878,0.03319783197831978,0.07113821138211382,0.12127371273712736,0.0508130081300813,0.03997289972899729,0.03184281842818428,0.06300813008130081,0.04539295392953929,0.03726287262872629,0.03861788617886179,0.06842818428184282,0.07520325203252033,0.03319783197831978,0.048102981029810296
5,0.02777777777777778,0.023584905660377364,0.04350104821802936,0.04350104821802936,0.06551362683438157,0.04454926624737946,0.03301886792452831,0.023584905660377364,0.03406708595387841,0.13993710691823902,0.057127882599580716,0.026729559748427677,0.10429769392033544,0.04664570230607967,0.024633123689727466,0.02568134171907757,0.030922431865828097,0.08542976939203356,0.07494758909853251,0.04454926624737946
6,0.03310886644219977,0.026374859708193036,0.025252525252525245,0.04208754208754208,0.05218855218855217,0.034231200897867554,0.1397306397306397,0.0398428731762065,0.04433221099887766,0.053310886644219964,0.027497194163860823,0.025252525252525245,0.027497194163860823,0.054433221099887755,0.03086419753086419,0.025252525252525245,0.04096520763187429,0.13411896745230076,0.05667789001122333,0.08698092031425364
7,0.07947530864197531,0.034722222222222224,0.036265432098765434,0.034722222222222224,0.03935185185185185,0.034722222222222224,0.04089506172839506,0.04089506172839506,0.04243827160493827,0.09645061728395062,0.13348765432098766,0.03780864197530864,0.036265432098765434,0.05632716049382716,0.034722222222222224,0.04861111111111111,0.04861111111111111,0.034722222222222224,0.05324074074074074,0.036265432098765434
8,0.04751461988304093,0.035818713450292396,0.07236842105263158,0.04312865497076023,0.035818713450292396,0.046052631578947366,0.08552631578947369,0.03289473684210526,0.06359649122807018,0.06798245614035088,0.06944444444444445,0.03289473684210526,0.03435672514619883,0.04751461988304093,0.051900584795321635,0.03435672514619883,0.0577485380116959,0.04312865497076023,0.06505847953216375,0.03289473684210526
9,0.04428341384863124,0.036231884057971016,0.09259259259259259,0.036231884057971016,0.036231884057971016,0.03784219001610306,0.04106280193236715,0.04106280193236715,0.04106280193236715,0.04428341384863124,0.05877616747181964,0.06682769726247988,0.0571658615136876,0.04911433172302738,0.09098228663446055,0.03784219001610306,0.050724637681159424,0.036231884057971016,0.04106280193236715,0.06038647342995169
10,0.0422979797979798,0.04734848484848485,0.07386363636363637,0.032196969696969696,0.05997474747474747,0.05366161616161616,0.043560606060606064,0.08648989898989899,0.028409090909090908,0.17487373737373738,0.03345959595959596,0.028409090909090908,0.029671717171717172,0.0422979797979798,0.03977272727272727,0.028409090909090908,0.04482323232323232,0.028409090909090908,0.043560606060606064,0.03851010101010101
11,0.04262452107279693,0.03208812260536398,0.03304597701149425,0.07902298850574711,0.02634099616858237,0.024425287356321834,0.052203065134099606,0.02634099616858237,0.04741379310344826,0.03208812260536398,0.03496168582375478,0.021551724137931032,0.03400383141762452,0.03783524904214559,0.021551724137931032,0.0225095785440613,0.021551724137931032,0.2782567049808429,0.056992337164750946,0.07519157088122604
12,0.05286738351254482,0.0403225806451613,0.05465949820788533,0.04211469534050181,0.04749103942652331,0.0403225806451613,0.04749103942652331,0.04211469534050181,0.04569892473118281,0.1120071684587814,0.0403225806451613,0.0403225806451613,0.0403225806451613,0.056451612903225826,0.056451612903225826,0.05824372759856633,0.056451612903225826,0.04569892473118281,0.0403225806451613,0.0403225806451613
13,0.03125,0.03680555555555556,0.035416666666666666,0.049305555555555554,0.034027777777777775,0.035416666666666666,0.09791666666666667,0.03680555555555556,0.08125,0.05625,0.04375,0.05347222222222222,0.03958333333333333,0.03125,0.04652777777777778,0.05625,0.03125,0.05486111111111111,0.04652777777777778,0.10208333333333333
14,0.04002389486260455,0.05555555555555556,0.07347670250896059,0.15113500597371568,0.04480286738351255,0.036439665471923545,0.06033452807646357,0.030465949820788533,0.037634408602150546,0.04480286738351255,0.035244922341696544,0.037634408602150546,0.04360812425328555,0.02688172043010753,0.030465949820788533,0.048387096774193554,0.02688172043010753,0.06869772998805258,0.06391875746714458,0.04360812425328555
15,0.018861454046639227,0.0181755829903978,0.020919067215363508,0.06001371742112482,0.03257887517146776,0.03395061728395061,0.11351165980795608,0.020233196159122082,0.07098765432098764,0.017489711934156375,0.026406035665294918,0.026406035665294918,0.07716049382716048,0.06618655692729765,0.13065843621399173,0.027091906721536343,0.06961591220850478,0.07030178326474622,0.03395061728395061,0.06550068587105623
16,0.03676470588235295,0.04330065359477125,0.05147058823529412,0.04330065359477125,0.05147058823529412,0.03676470588235295,0.0531045751633987,0.07761437908496734,0.06127450980392157,0.05637254901960785,0.03676470588235295,0.03676470588235295,0.038398692810457526,0.03676470588235295,0.038398692810457526,0.04983660130718955,0.040032679738562095,0.09068627450980393,0.07107843137254903,0.04983660130718955
17,0.04506172839506173,0.037654320987654324,0.05740740740740741,0.12901234567901235,0.03518518518518519,0.03271604938271605,0.043827160493827164,0.03271604938271605,0.037654320987654324,0.04876543209876543,0.13148148148148148,0.03148148148148148,0.027777777777777776,0.053703703703703705,0.043827160493827164,0.03888888888888889,0.07839506172839507,0.030246913580246913,0.03518518518518519,0.029012345679012345
18,0.07210998877665545,0.0457351290684624,0.04517396184062851,0.023849607182940515,0.02441077441077441,0.030022446689113354,0.03058361391694725,0.028900112233445567,0.0968013468013468,0.018799102132435467,0.01936026936026936,0.08164983164983165,0.06425364758698092,0.029461279461279462,0.03900112233445567,0.01711560044893378,0.040123456790123455,0.04517396184062851,0.1663860830527497,0.08108866442199776
19,0.0322420634920635,0.02430555555555556,0.04017857142857144,0.07886904761904763,0.06894841269841272,0.035218253968253975,0.034226190476190486,0.07390873015873017,0.158234126984127,0.023313492063492067,0.03720238095238096,0.0322420634920635,0.05009920634920636,0.022321428571428575,0.04315476190476191,0.038194444444444454,0.05406746031746033,0.06696428571428573,0.044146825396825407,0.04216269841269842
20,0.07338308457711441,0.09742951907131009,0.029436152570480923,0.03772802653399668,0.03855721393034825,0.08665008291873962,0.0402155887230514,0.02611940298507462,0.02446102819237147,0.030265339966832498,0.10737976782752899,0.021973466003316747,0.05845771144278605,0.018656716417910443,0.02777777777777777,0.03606965174129353,0.0335820895522388,0.07587064676616914,0.021973466003316747,0.11401326699834159
21,0.042592592592592585,0.04876543209876542,0.11296296296296293,0.04135802469135802,0.04753086419753085,0.03271604938271604,0.03271604938271604,0.04753086419753085,0.0722222222222222,0.06975308641975307,0.1030864197530864,0.03518518518518518,0.03271604938271604,0.03271604938271604,0.04382716049382716,0.03518518518518518,0.03888888888888888,0.03148148148148147,0.04999999999999999,0.04876543209876542
22,0.08002038735983691,0.037206931702344556,0.051478083588175336,0.032110091743119275,0.04026503567787972,0.05249745158002039,0.10652395514780837,0.044342507645259946,0.0616717635066259,0.04026503567787972,0.051478083588175336,0.02701325178389399,0.03822629969418961,0.029051987767584102,0.032110091743119275,0.04128440366972478,0.044342507645259946,0.12079510703363916,0.04128440366972478,0.028032619775739044
23,0.04482323232323232,0.037247474747474744,0.032196969696969696,0.06502525252525253,0.032196969696969696,0.05113636363636364,0.04861111111111111,0.05997474747474747,0.030934343434343436,0.030934343434343436,0.037247474747474744,0.032196969696969696,0.03851010101010101,0.06755050505050506,0.049873737373737376,0.07512626262626262,0.041035353535353536,0.07386363636363637,0.11553030303030302,0.03598484848484849
24,0.029824561403508774,0.040350877192982464,0.0649122807017544,0.07309941520467837,0.05555555555555556,0.026315789473684213,0.06140350877192983,0.06140350877192983,0.11520467836257312,0.08596491228070177,0.053216374269005856,0.04385964912280702,0.032163742690058485,0.027485380116959068,0.03567251461988305,0.027485380116959068,0.04619883040935673,0.042690058479532174,0.03099415204678363,0.04619883040935673
25,0.042897327707454296,0.04852320675105486,0.031645569620253174,0.03445850914205345,0.042897327707454296,0.06399437412095642,0.04008438818565402,0.05133614627285515,0.05696202531645571,0.10900140646976093,0.05414908579465543,0.06258790436005628,0.05414908579465543,0.037271448663853735,0.037271448663853735,0.049929676511955005,0.03445850914205345,0.04711673699015473,0.06258790436005628,0.03867791842475388
26,0.04228855721393036,0.04063018242122721,0.05058043117744611,0.04063018242122721,0.05223880597014926,0.05058043117744611,0.0373134328358209,0.04560530679933666,0.05555555555555556,0.06384742951907132,0.08706467661691544,0.04228855721393036,0.0373134328358209,0.04560530679933666,0.04394693200663351,0.05721393034825872,0.06384742951907132,0.0373134328358209,0.06384742951907132,0.04228855721393036
27,0.0367965367965368,0.03391053391053391,0.049783549783549784,0.08874458874458875,0.06132756132756133,0.03391053391053391,0.09884559884559885,0.0670995670995671,0.049783549783549784,0.0367965367965368,0.05844155844155844,0.046897546897546896,0.04401154401154401,0.04256854256854257,0.0367965367965368,0.05266955266955267,0.03535353535353535,0.032467532467532464,0.045454545454545456,0.048340548340548344
28,0.022649572649572645,0.025213675213675207,0.03205128205128204,0.05256410256410255,0.05683760683760682,0.03461538461538461,0.2995726495726495,0.1081196581196581,0.028632478632478624,0.06709401709401708,0.01923076923076923,0.05085470085470084,0.01923076923076923,0.020085470085470084,0.0329059829059829,0.01923076923076923,0.022649572649572645,0.02179487179487179,0.0423076923076923,0.024358974358974352
29,0.042784163473818644,0.030012771392081736,0.04789272030651341,0.12196679438058748,0.05300127713920817,0.06066411238825032,0.030012771392081736,0.038952745849297574,0.040229885057471264,0.05172413793103448,0.05172413793103448,0.06449553001277139,0.028735632183908046,0.040229885057471264,0.06577266922094509,0.031289910600255426,0.07854406130268199,0.032567049808429116,0.030012771392081736,0.05938697318007663
30,0.044061302681992334,0.042784163473818644,0.11047254150702426,0.040229885057471264,0.05300127713920817,0.028735632183908046,0.044061302681992334,0.06577266922094509,0.07088122605363985,0.05427841634738186,0.028735632183908046,0.031289910600255426,0.042784163473818644,0.05172413793103448,0.07215836526181353,0.038952745849297574,0.028735632183908046,0.03384418901660281,0.0351213282247765,0.08237547892720307
31,0.030744336569579287,0.02750809061488673,0.026429341963322545,0.0749730312837109,0.05447680690399137,0.024271844660194174,0.026429341963322545,0.039374325782092774,0.12351672060409924,0.05879180151024811,0.024271844660194174,0.024271844660194174,0.05339805825242718,0.02535059331175836,0.02750809061488673,0.024271844660194174,0.09115426105717368,0.10733549083063647,0.05663430420711974,0.07928802588996764
32,0.01768809167912307,0.03413054309915296,0.0171898355754858,0.04808171400099651,0.03861484803188839,0.01669157947184853,0.28774289985052315,0.08844045839561535,0.07349277528649725,0.05406078724464375,0.022172396611858495,0.015196811160936722,0.030642750373692077,0.020677628300946688,0.03662182361733931,0.01619332336821126,0.023667164922770306,0.023667164922770306,0.03263577478824116,0.10239162929745889
33,0.08687943262411346,0.038416075650118196,0.06442080378250589,0.0478723404255319,0.05141843971631204,0.032505910165484625,0.07742316784869975,0.05141843971631204,0.028959810874704485,0.034869976359338056,0.05141843971631204,0.05732860520094561,0.03723404255319148,0.02777777777777777,0.04669030732860519,0.04314420803782505,0.13179669030732857,0.028959810874704485,0.02777777777777777,0.03368794326241134
34,0.027439024390243903,0.03556910569105691,0.04031165311653116,0.07757452574525746,0.022696476964769646,0.017276422764227643,0.018631436314363144,0.032859078590785906,0.02540650406504065,0.08705962059620596,0.03556910569105691,0.018631436314363144,0.024051490514905148,0.01592140921409214,0.02676151761517615,0.028116531165311653,0.049796747967479675,0.3187669376693767,0.03827913279132791,0.05928184281842819
35,0.08161865569272976,0.05281207133058985,0.0747599451303155,0.030864197530864196,0.03497942386831276,0.033607681755829906,0.05281207133058985,0.050068587105624146,0.03223593964334705,0.08299039780521263,0.04183813443072702,0.09259259259259259,0.03497942386831276,0.033607681755829906,0.045953360768175584,0.030864197530864196,0.06378600823045268,0.043209876543209874,0.05555555555555555,0.030864197530864196
36,0.15265265265265263,0.035535535535535526,0.024524524524524517,0.042542542542542534,0.06056056056056055,0.03353353353353353,0.043543543543543534,0.04754754754754753,0.03653653653653653,0.02652652652652652,0.02652652652652652,0.040540540540540536,0.08458458458458457,0.02652652652652652,0.04454454454454454,0.049549549549549536,0.057557557557557544,0.024524524524524517,0.06356356356356355,0.07857857857857857
37,0.02577319587628866,0.02577319587628866,0.05441008018327606,0.20561282932416952,0.0429553264604811,0.029209621993127148,0.029209621993127148,0.02577319587628866,0.0429553264604811,0.029209621993127148,0.05899198167239404,0.02577319587628866,0.07617411225658649,0.029209621993127148,0.03722794959908362,0.02577319587628866,0.1013745704467354,0.03493699885452463,0.03150057273768614,0.06815578465063
38,0.03345959595959597,0.03724747474747475,0.06755050505050507,0.053661616161616174,0.02967171717171718,0.03977272727272728,0.035984848484848495,0.08143939393939395,0.07260101010101011,0.04103535353535354,0.04482323232323233,0.053661616161616174,0.03345959595959597,0.03472222222222223,0.053661616161616174,0.028409090909090915,0.06881313131313133,0.05492424242424244,0.06881313131313133,0.0662878787878788
39,0.03374870197300105,0.02855659397715473,0.04828660436137073,0.14485981308411217,0.049325025960539996,0.03478712357217031,0.07009345794392524,0.03582554517133957,0.07736240913811009,0.03063343717549326,0.06074766355140188,0.03167185877466252,0.07009345794392524,0.023364485981308414,0.036863966770508835,0.03063343717549326,0.04309449636552441,0.0970924195223261,0.023364485981308414,0.029595015576323994
40,0.030355097365406647,0.04753722794959909,0.04753722794959909,0.12084765177548684,0.05326460481099657,0.037227949599083626,0.03379152348224514,0.10824742268041239,0.05784650630011456,0.034936998854524635,0.037227949599083626,0.030355097365406647,0.038373424971363125,0.025773195876288662,0.038373424971363125,0.037227949599083626,0.03951890034364262,0.05097365406643758,0.030355097365406647,0.10022909507445592
41,0.03240740740740741,0.042508417508417516,0.04082491582491583,0.0441919191919192,0.02651515151515152,0.034090909090909095,0.028198653198653202,0.02735690235690236,0.038299663299663306,0.15361952861952866,0.07112794612794614,0.045033670033670044,0.05260942760942762,0.025673400673400678,0.03914141414141415,0.02735690235690236,0.02651515151515152,0.09385521885521887,0.08880471380471382,0.06186868686868688
42,0.042881284326151244,0.055133079847908745,0.0369666244190959,0.02133502323616392,0.025982256020278833,0.027672158850866074,0.038656527249683145,0.02260245035910435,0.011195606252640473,0.01880016899028306,0.015420363329108577,0.02302492606675116,0.010350654837346852,0.04034643008027038,0.0204900718208703,0.039923954372623575,0.031474440219687365,0.010350654837346852,0.4623996620194339,0.044993662864385296
43,0.03458049886621315,0.031179138321995464,0.0810657596371882,0.03458049886621315,0.03344671201814059,0.025510204081632654,0.05952380952380952,0.11281179138321995,0.04365079365079365,0.051587301587301584,0.051587301587301584,0.027777777777777776,0.02891156462585034,0.07653061224489796,0.036848072562358274,0.0391156462585034,0.054988662131519275,0.04705215419501134,0.0810657596371882,0.0481859410430839
44,0.019732847601700063,0.02337583485124469,0.020947176684881608,0.035519125683060114,0.021554341226472377,0.04341226472374014,0.01669702489374621,0.03734061930783243,0.09016393442622953,0.01669702489374621,0.01851851851851852,0.023982999392835463,0.0737704918032787,0.020340012143290835,0.019732847601700063,0.025804493017607774,0.04401942926533091,0.04098360655737705,0.375531268973892,0.03187613843351549
45,0.04693486590038313,0.043103448275862065,0.043103448275862065,0.11206896551724135,0.05268199233716474,0.043103448275862065,0.043103448275862065,0.0507662835249042,0.0507662835249042,0.043103448275862065,0.043103448275862065,0.043103448275862065,0.060344827586206885,0.043103448275862065,0.043103448275862065,0.043103448275862065,0.05268199233716474,0.043103448275862065,0.043103448275862065,0.05651340996168581
46,0.05335097001763669,0.019841269841269844,0.043650793650793655,0.07627865961199295,0.02689594356261023,0.028659611992945328,0.05952380952380953,0.049823633156966494,0.07275132275132276,0.029541446208112877,0.02160493827160494,0.020723104056437392,0.0480599647266314,0.0789241622574956,0.05158730158730159,0.030423280423280425,0.025132275132275134,0.1732804232804233,0.033068783068783074,0.05687830687830688
47,0.0521680216802168,0.03184281842818428,0.03319783197831978,0.06300813008130081,0.06842818428184282,0.03590785907859079,0.05894308943089431,0.034552845528455285,0.05894308943089431,0.03997289972899729,0.054878048780487805,0.0535230352303523,0.03184281842818428,0.0508130081300813,0.0521680216802168,0.06707317073170732,0.05894308943089431,0.03184281842818428,0.08604336043360433,0.03590785907859079
48,0.04385964912280701,0.04385964912280701,0.04385964912280701,0.04385964912280701,0.04385964912280701,0.05165692007797269,0.04580896686159843,0.09064327485380115,0.04385964912280701,0.08089668615984404,0.04385964912280701,0.04775828460038985,0.04385964912280701,0.04775828460038985,0.04385964912280701,0.06140350877192981,0.04385964912280701,0.04385964912280701,0.04580896686159843,0.04580896686159843
49,0.04276578737010394,0.026778577138289378,0.022781774580335742,0.02837729816147084,0.05475619504396485,0.1338928856914469,0.05635491606714631,0.09472422062350123,0.06514788169464432,0.058752997601918495,0.044364508393285394,0.022781774580335742,0.0331734612310152,0.04836131095123903,0.13069544364508398,0.025179856115107924,0.025179856115107924,0.025179856115107924,0.02358113509192647,0.03717026378896884
50,0.06867283950617284,0.05941358024691358,0.07021604938271606,0.036265432098765434,0.034722222222222224,0.03780864197530864,0.036265432098765434,0.03935185185185185,0.0470679012345679,0.0625,0.03780864197530864,0.0625,0.03935185185185185,0.06867283950617284,0.036265432098765434,0.09182098765432099,0.04398148148148148,0.034722222222222224,0.04552469135802469,0.0470679012345679
51,0.03931924882629108,0.03814553990610329,0.018583724569640064,0.013888888888888888,0.05966353677621283,0.02679968701095462,0.04714397496087637,0.08705007824726134,0.014280125195618153,0.03227699530516432,0.021322378716744913,0.08235524256651017,0.08431142410015649,0.02640845070422535,0.20559467918622848,0.02640845070422535,0.10230829420970267,0.013888888888888888,0.03266823161189358,0.027582159624413145
52,0.06140350877192982,0.06023391812865497,0.04152046783625731,0.04269005847953217,0.07192982456140351,0.03216374269005848,0.03450292397660819,0.049707602339181284,0.046198830409356725,0.043859649122807015,0.06257309941520468,0.02982456140350877,0.02865497076023392,0.07309941520467836,0.06491228070175438,0.02631578947368421,0.08128654970760234,0.05321637426900585,0.06842105263157895,0.027485380116959064
53,0.04410080183276059,0.028064146620847646,0.09564719358533788,0.08877434135166093,0.03837342497136311,0.02577319587628865,0.08991981672394042,0.02920962199312714,0.03379152348224512,0.036082474226804113,0.036082474226804113,0.05670103092783504,0.10939289805269184,0.02691867124856815,0.03150057273768613,0.03150057273768613,0.05555555555555554,0.057846506300114536,0.05097365406643756,0.03379152348224512
54,0.028619528619528614,0.07687991021324353,0.0802469135802469,0.1509539842873176,0.03310886644219977,0.07575757575757575,0.035353535353535345,0.04433221099887766,0.028619528619528614,0.054433221099887755,0.0499438832772166,0.0297418630751964,0.04657687991021324,0.03198653198653198,0.03198653198653198,0.026374859708193036,0.07239057239057238,0.026374859708193036,0.03759820426487093,0.03872053872053871
55,0.07388888888888889,0.026111111111111113,0.03833333333333333,0.025,0.02722222222222222,0.026111111111111113,0.059444444444444446,0.10722222222222222,0.042777777777777776,0.058333333333333334,0.04388888888888889,0.042777777777777776,0.059444444444444446,0.03277777777777778,0.04722222222222222,0.03166666666666667,0.03722222222222222,0.155,0.030555555555555555,0.035
56,0.035947712418300644,0.03856209150326797,0.04901960784313724,0.029411764705882346,0.04640522875816993,0.029411764705882346,0.05163398692810456,0.03464052287581699,0.05294117647058822,0.07254901960784313,0.06470588235294117,0.0830065359477124,0.029411764705882346,0.030718954248366005,0.05163398692810456,0.0503267973856209,0.062091503267973844,0.0699346405228758,0.0503267973856209,0.06732026143790848
57,0.06111111111111111,0.027777777777777776,0.07828282828282829,0.07929292929292929,0.03282828282828283,0.022727272727272728,0.04292929292929293,0.0297979797979798,0.027777777777777776,0.07727272727272727,0.03080808080808081,0.04292929292929293,0.05808080808080808,0.025757575757575757,0.02878787878787879,0.04595959595959596,0.10555555555555556,0.07121212121212121,0.05101010101010101,0.0601010101010101
58,0.03145917001338688,0.03279785809906292,0.06224899598393574,0.03413654618473896,0.03547523427041499,0.03815261044176707,0.07295850066934405,0.08500669344042838,0.050200803212851405,0.07295850066934405,0.03145917001338688,0.03547523427041499,0.05823293172690763,0.03815261044176707,0.08099062918340026,0.030120481927710843,0.06224899598393574,0.030120481927710843,0.059571619812583666,0.05823293172690763
59,0.11164529914529915,0.11698717948717949,0.049679487179487176,0.02403846153846154,0.02403846153846154,0.05502136752136752,0.046474358974358976,0.027243589743589744,0.04113247863247863,0.02938034188034188,0.04326923076923077,0.07425213675213675,0.026175213675213676,0.05822649572649573,0.04113247863247863,0.0998931623931624,0.037927350427350424,0.038995726495726496,0.028311965811965812,0.026175213675213676
60,0.04780361757105943,0.02627045650301464,0.04263565891472868,0.03574504737295435,0.04952627045650301,0.13996554694229113,0.040051679586563305,0.029715762273901807,0.02454780361757106,0.044358311800172266,0.23729543496985359,0.021102497846683894,0.03574504737295435,0.02627045650301464,0.03660637381567614,0.02885443583118002,0.027993109388458226,0.027131782945736434,0.04694229112833764,0.031438415159345395
61,0.19120370370370365,0.08379629629629629,0.03749999999999999,0.02083333333333333,0.054166666666666655,0.03379629629629629,0.026388888888888882,0.022685185185185183,0.02083333333333333,0.03842592592592592,0.023611111111111104,0.07916666666666665,0.030092592592592584,0.021759259259259256,0.021759259259259256,0.11157407407407405,0.043981481481481476,0.02083333333333333,0.043981481481481476,0.0736111111111111
62,0.038398692810457526,0.03676470588235295,0.0531045751633987,0.05147058823529412,0.038398692810457526,0.040032679738562095,0.054738562091503275,0.06944444444444446,0.08088235294117649,0.0531045751633987,0.05147058823529412,0.05147058823529412,0.03676470588235295,0.040032679738562095,0.10212418300653596,0.03676470588235295,0.05147058823529412,0.03676470588235295,0.03676470588235295,0.040032679738562095
63,0.04044117647058824,0.02900326797385621,0.04779411764705882,0.02246732026143791,0.18586601307189543,0.025735294117647058,0.056781045751633986,0.06740196078431372,0.09354575163398693,0.056781045751633986,0.060866013071895424,0.030637254901960783,0.054330065359477125,0.01838235294117647,0.03553921568627451,0.04370915032679738,0.026552287581699346,0.0298202614379085,0.044526143790849675,0.0298202614379085
64,0.06405585913782634,0.031268973891924706,0.06952034001214327,0.018518518518518514,0.06587735276259865,0.025804493017607764,0.0355191256830601,0.04826958105646629,0.0355191256830601,0.0397692774741955,0.08227079538554948,0.047055251973284744,0.01608986035215543,0.08409228901032179,0.20916818457802058,0.016697024893746203,0.04341226472374013,0.017304189435336972,0.020340012143290828,0.029447480267152392
65,0.050550550550550556,0.07257257257257259,0.02652652652652653,0.04854854854854856,0.04854854854854856,0.022522522522522525,0.030530530530530533,0.11561561561561563,0.07157157157157158,0.06456456456456458,0.04254254254254255,0.030530530530530533,0.037537537537537545,0.04054054054054055,0.04854854854854856,0.03353353353353354,0.07057057057057059,0.04254254254254255,0.04854854854854856,0.05355355355355356
66,0.03378378378378379,0.0487987987987988,0.03678678678678679,0.06981981981981983,0.045795795795795805,0.0412912912912913,0.03378378378378379,0.07732732732732735,0.0487987987987988,0.03678678678678679,0.05330330330330331,0.03378378378378379,0.04729729729729731,0.057807807807807816,0.03378378378378379,0.05930930930930932,0.0487987987987988,0.08633633633633635,0.0487987987987988,0.057807807807807816
67,0.037749287749287756,0.051994301994302,0.036324786324786335,0.04772079772079773,0.034900284900284906,0.033475783475783484,0.05056980056980058,0.07763532763532766,0.037749287749287756,0.0804843304843305,0.09045584045584047,0.036324786324786335,0.04914529914529915,0.032051282051282055,0.05056980056980058,0.04487179487179488,0.06481481481481483,0.060541310541310546,0.032051282051282055,0.05056980056980058
68,0.03553553553553553,0.028528528528528527,0.03553553553553553,0.02252252252252252,0.0965965965965966,0.11361361361361362,0.028528528528528527,0.05655655655655656,0.025525525525525526,0.03153153153153153,0.05655655655655656,0.02952952952952953,0.047547547547547545,0.06656656656656657,0.05555555555555555,0.06456456456456457,0.04854854854854855,0.033533533533533534,0.08758758758758758,0.03553553553553553
69,0.06879194630872482,0.04381058911260253,0.022557792692020875,0.009880686055182698,0.03225205070842654,0.024422073079791193,0.01099925428784489,0.04455630126771066,0.010626398210290827,0.018829231916480234,0.023303504847129005,0.4065995525727068,0.012863534675615209,0.168717375093214,0.00913497390007457,0.023303504847129005,0.016219239373601785,0.009507829977628633,0.015473527218493658,0.028150633855331834
70,0.08333333333333333,0.05626780626780627,0.0349002849002849,0.04202279202279202,0.03347578347578348,0.04344729344729345,0.04487179487179487,0.03205128205128205,0.08903133903133903,0.04202279202279202,0.03205128205128205,0.03205128205128205,0.04487179487179487,0.03205128205128205,0.03347578347578348,0.03205128205128205,0.03205128205128205,0.19444444444444445,0.03205128205128205,0.03347578347578348
71,0.0710267229254571,0.0639943741209564,0.0639943741209564,0.04149085794655415,0.03305203938115331,0.08649789029535865,0.03305203938115331,0.06540084388185655,0.03305203938115331,0.035864978902953586,0.03867791842475387,0.04430379746835443,0.03867791842475387,0.03164556962025317,0.06821378340365682,0.07524613220815753,0.03164556962025317,0.03867791842475387,0.047116736990154715,0.058368495077355836
72,0.028042328042328035,0.048148148148148134,0.13280423280423279,0.0693121693121693,0.05767195767195766,0.03544973544973544,0.07989417989417988,0.03756613756613756,0.028042328042328035,0.04074074074074074,0.033333333333333326,0.041798941798941794,0.033333333333333326,0.03862433862433862,0.06507936507936507,0.05449735449735448,0.03968253968253967,0.0238095238095238,0.028042328042328035,0.08412698412698412
73,0.02505446623093682,0.03376906318082789,0.04974582425562818,0.05991285403050109,0.016339869281045753,0.044662309368191724,0.02795933188090051,0.16594045025417575,0.04030501089324619,0.02795933188090051,0.04974582425562818,0.14996368917937544,0.02795933188090051,0.023602033405954976,0.09694989106753812,0.02214960058097313,0.03449527959331881,0.02795933188090051,0.03231663035584604,0.043209876543209874
74,0.05771305285868393,0.025350593311758363,0.10302049622437974,0.024271844660194178,0.03074433656957929,0.03398058252427185,0.06418554476806905,0.05555555555555556,0.08899676375404532,0.07281553398058253,0.024271844660194178,0.03074433656957929,0.046925566343042076,0.08252427184466021,0.07173678532901835,0.02642934196332255,0.027508090614886734,0.024271844660194178,0.06310679611650487,0.045846817691477894
75,0.017382413087934562,0.01874573960463531,0.020790729379686436,0.06578050443081118,0.048738922972051804,0.02283571915473756,0.03646898432174506,0.2143830947511929,0.1169052488070893,0.07396046353101568,0.019427402862985686,0.02147239263803681,0.01874573960463531,0.02556237218813906,0.1169052488070893,0.022154055896387186,0.028970688479890934,0.03237900477164281,0.03237900477164281,0.046012269938650305
76,0.19188337273443662,0.07604412923561861,0.03427895981087471,0.01851851851851852,0.030338849487785664,0.02718676122931443,0.047675334909377476,0.024822695035461,0.025610717100078808,0.01851851851851852,0.025610717100078808,0.03585500394011033,0.028762805358550046,0.024822695035461,0.031126871552403474,0.16981875492513793,0.029550827423167857,0.030338849487785664,0.02167060677698976,0.107565011820331
77,0.04832881662149955,0.03839205058717254,0.03477868112014453,0.032068654019873535,0.14137308039747065,0.032068654019873535,0.03387533875338753,0.027551942186088526,0.04290876242095754,0.07091237579042457,0.08084914182475159,0.028455284552845527,0.04832881662149955,0.04290876242095754,0.03116531165311653,0.03387533875338753,0.03297199638663053,0.05013550135501355,0.10885275519421861,0.04019873532068654
78,0.028211805555555556,0.01953125,0.03342013888888889,0.023871527777777776,0.1115451388888889,0.04210069444444445,0.1974826388888889,0.040364583333333336,0.07769097222222222,0.023003472222222224,0.021267361111111112,0.021267361111111112,0.023871527777777776,0.02734375,0.13585069444444445,0.037760416666666664,0.053385416666666664,0.029079861111111112,0.020399305555555556,0.032552083333333336
79,0.06851851851851853,0.0425925925925926,0.04382716049382717,0.027777777777777783,0.056172839506172856,0.03024691358024692,0.041358024691358033,0.03641975308641976,0.03641975308641976,0.1166666666666667,0.027777777777777783,0.048765432098765445,0.05370370370370372,0.048765432098765445,0.0462962962962963,0.08950617283950618,0.048765432098765445,0.06728395061728397,0.03641975308641976,0.03271604938271606
80,0.047803617571059415,0.05038759689922479,0.0400516795865633,0.03402239448751076,0.0202411714039621,0.08828596037898362,0.20284237726098187,0.030577088716623593,0.03574504737295434,0.019379844961240306,0.02196382428940568,0.025409130060292846,0.033161068044788966,0.03574504737295434,0.026270456503014634,0.04521963824289405,0.026270456503014634,0.0297157622739018,0.1399655469422911,0.04694229112833763
81,0.049758454106280194,0.03719806763285024,0.04589371980676329,0.026570048309178744,0.03333333333333333,0.028502415458937197,0.036231884057971016,0.18695652173913044,0.12608695652173912,0.06714975845410628,0.049758454106280194,0.02463768115942029,0.04685990338164251,0.03816425120772947,0.03429951690821256,0.02463768115942029,0.02463768115942029,0.059420289855072465,0.0323671497584541,0.02753623188405797
82,0.030183727034120728,0.034558180227471556,0.022309711286089235,0.038057742782152224,0.05643044619422571,0.019685039370078736,0.04418197725284339,0.060804899387576536,0.08092738407699036,0.19116360454943127,0.04768153980752404,0.022309711286089235,0.05205599300087488,0.03893263342082239,0.05818022747156604,0.031058617672790893,0.030183727034120728,0.035433070866141725,0.02493438320209973,0.08092738407699036
83,0.06712962962962964,0.04675925925925926,0.027314814814814816,0.06435185185185185,0.022685185185185187,0.02546296296296296,0.03009259259259259,0.02638888888888889,0.056018518518518516,0.03287037037037037,0.029166666666666667,0.02175925925925926,0.12175925925925926,0.027314814814814816,0.04490740740740741,0.02546296296296296,0.06712962962962964,0.1310185185185185,0.07731481481481481,0.055092592592592596
84,0.11442236938925682,0.0246504782928624,0.11368653421633555,0.05114054451802797,0.05114054451802797,0.022442972774098607,0.1276674025018396,0.05629139072847683,0.029065489330389997,0.07615894039735101,0.027593818984547464,0.02023546725533481,0.017292126563649746,0.041574687270051515,0.06585724797645329,0.031272994849153794,0.03274466519499633,0.02023546725533481,0.04746136865342164,0.029065489330389997
85,0.04983660130718953,0.04003267973856208,0.036764705882352935,0.054738562091503254,0.0514705882352941,0.04166666666666666,0.043300653594771234,0.043300653594771234,0.07598039215686272,0.10702614379084964,0.036764705882352935,0.05310457516339868,0.04983660130718953,0.036764705882352935,0.046568627450980386,0.03839869281045751,0.05637254901960783,0.0514705882352941,0.04003267973856208,0.046568627450980386
86,0.044270833333333336,0.0390625,0.1154513888888889,0.044270833333333336,0.04079861111111111,0.044270833333333336,0.04774305555555555,0.058159722222222224,0.0390625,0.08246527777777778,0.042534722222222224,0.0390625,0.04079861111111111,0.0390625,0.0390625,0.04079861111111111,0.0390625,0.058159722222222224,0.04600694444444445,0.059895833333333336
87,0.06418918918918919,0.22935435435435436,0.024399399399399398,0.021396396396396396,0.022147147147147148,0.0656906906906907,0.02364864864864865,0.05818318318318318,0.019894894894894894,0.04091591591591592,0.016891891891891893,0.06794294294294294,0.02364864864864865,0.09346846846846847,0.016891891891891893,0.10472972972972973,0.03490990990990991,0.019144144144144143,0.0259009009009009,0.02665165165165165
88,0.08937198067632851,0.052334943639291476,0.07326892109500807,0.05072463768115943,0.04750402576489534,0.03945249597423511,0.04750402576489534,0.03623188405797102,0.03784219001610307,0.045893719806763295,0.05072463768115943,0.03784219001610307,0.03784219001610307,0.04428341384863125,0.03623188405797102,0.04106280193236716,0.07165861513687602,0.03784219001610307,0.08293075684380033,0.03945249597423511
89,0.03692411924119241,0.019308943089430895,0.09112466124661246,0.057926829268292686,0.0674119241192412,0.03353658536585366,0.051829268292682924,0.1758130081300813,0.08299457994579945,0.04098915989159892,0.0687669376693767,0.10941734417344173,0.019308943089430895,0.022018970189701895,0.017276422764227643,0.018631436314363144,0.01659891598915989,0.0260840108401084,0.021341463414634148,0.022696476964769646
90,0.05555555555555556,0.03558052434456929,0.03807740324594258,0.05181023720349564,0.07303370786516855,0.02808988764044944,0.034332084893882654,0.03807740324594258,0.0418227215980025,0.0742821473158552,0.1304619225967541,0.0655430711610487,0.029338327091136082,0.03682896379525594,0.040574282147315864,0.07303370786516855,0.02808988764044944,0.034332084893882654,0.05805243445692885,0.03308364544319601
91,0.01923076923076923,0.03717948717948717,0.020085470085470084,0.02948717948717948,0.06538461538461537,0.03547008547008546,0.04829059829059828,0.21581196581196577,0.05256410256410255,0.02777777777777777,0.061111111111111095,0.04401709401709401,0.022649572649572645,0.03461538461538461,0.05170940170940169,0.05170940170940169,0.08675213675213674,0.02179487179487179,0.03461538461538461,0.039743589743589734
92,0.057692307692307696,0.03774928774928775,0.07336182336182336,0.03205128205128205,0.03205128205128205,0.051994301994301995,0.03632478632478633,0.049145299145299144,0.04487179487179487,0.05056980056980057,0.05911680911680912,0.05056980056980057,0.049145299145299144,0.03205128205128205,0.08903133903133903,0.046296296296296294,0.0349002849002849,0.04202279202279202,0.09188034188034189,0.03917378917378917
93,0.05555555555555555,0.08931082981715893,0.03164556962025317,0.03164556962025317,0.03164556962025317,0.04992967651195499,0.03164556962025317,0.04008438818565401,0.03867791842475387,0.03164556962025317,0.04430379746835443,0.03727144866385373,0.03727144866385373,0.03305203938115331,0.04149085794655415,0.04289732770745429,0.04149085794655415,0.11884669479606189,0.0850914205344585,0.08649789029535865
94,0.056502525252525256,0.15246212121212122,0.02556818181818182,0.10132575757575757,0.019886363636363636,0.038825757575757576,0.045770202020202023,0.034406565656565656,0.029356060606060608,0.039457070707070704,0.07102272727272728,0.02241161616161616,0.07859848484848485,0.027462121212121212,0.019886363636363636,0.023674242424242424,0.05397727272727273,0.050189393939393936,0.07102272727272728,0.03819444444444445
95,0.033333333333333326,0.04485596707818929,0.036625514403292175,0.032510288065843614,0.1016460905349794,0.027572016460905343,0.09835390946502055,0.08765432098765431,0.03580246913580246,0.023456790123456785,0.036625514403292175,0.05308641975308641,0.048148148148148134,0.03909465020576131,0.042386831275720155,0.029218106995884768,0.09341563786008229,0.04650205761316872,0.03415637860082304,0.05555555555555554
96,0.10697399527186761,0.030141843971631204,0.0384160756501182,0.026595744680851064,0.030141843971631204,0.03250591016548463,0.026595744680851064,0.0384160756501182,0.026595744680851064,0.03368794326241135,0.053782505910165486,0.17080378250591016,0.026595744680851064,0.15898345153664303,0.026595744680851064,0.03250591016548463,0.03486997635933806,0.028959810874704492,0.04196217494089834,0.03486997635933806
97,0.029021558872305134,0.020066334991708124,0.009121061359867328,0.24593698175787723,0.10530679933665006,0.09734660033167493,0.02106135986733001,0.022056384742951903,0.02371475953565505,0.08175787728026533,0.04527363184079601,0.01111111111111111,0.03897180762852404,0.022056384742951903,0.0396351575456053,0.022719734660033165,0.07877280265339966,0.032338308457711434,0.03134328358208954,0.022388059701492533
98,0.02749719416386083,0.03310886644219978,0.044332210998877665,0.13636363636363635,0.05667789001122334,0.02749719416386083,0.02974186307519641,0.02974186307519641,0.02861952861952862,0.057800224466891134,0.03310886644219978,0.03198653198653199,0.03984287317620651,0.025252525252525252,0.05555555555555555,0.025252525252525252,0.05555555555555555,0.2037037037037037,0.030864197530864196,0.02749719416386083
99,0.058052434456928856,0.028089887640449444,0.03558052434456929,0.046816479400749074,0.09051186017478154,0.03558052434456929,0.044319600499375784,0.034332084893882654,0.03183520599250937,0.03183520599250937,0.12421972534332087,0.040574282147315864,0.05430711610486893,0.030586766541822727,0.06054931335830214,0.03932584269662922,0.03308364544319601,0.07927590511860176,0.028089887640449444,0.07303370786516855
100,0.05469422911283377,0.06761412575366063,0.037467700258397935,0.03574504737295435,0.04866494401378122,0.18819982773471144,0.02627045650301464,0.0305770887166236,0.02454780361757106,0.023686477174849268,0.021963824289405683,0.05813953488372093,0.021102497846683894,0.040051679586563305,0.043496985357450474,0.10551248923341947,0.034022394487510765,0.02454780361757106,0.08484065460809646,0.02885443583118002
101,0.07046783625730996,0.03947368421052632,0.03596491228070176,0.026608187134502928,0.04590643274853802,0.11023391812865499,0.12017543859649124,0.03771929824561404,0.07690058479532165,0.07397660818713452,0.020175438596491232,0.05584795321637428,0.026608187134502928,0.01666666666666667,0.08391812865497078,0.015497076023391815,0.048830409356725155,0.042982456140350886,0.024853801169590645,0.027192982456140356
102,0.07644110275689223,0.027151211361737676,0.03216374269005848,0.04218880534670008,0.08563074352548036,0.029657477025898077,0.023809523809523808,0.02631578947368421,0.04218880534670008,0.09064327485380116,0.032999164578111945,0.03717627401837928,0.049707602339181284,0.04720133667502088,0.07811194653299916,0.018796992481203006,0.12238930659983291,0.04218880534670008,0.02631578947368421,0.06892230576441102
103,0.030120481927710843,0.030120481927710843,0.030120481927710843,0.13052208835341367,0.07697456492637215,0.04216867469879518,0.03815261044176707,0.04216867469879518,0.11178045515394913,0.07028112449799197,0.05823293172690763,0.030120481927710843,0.04350736278447122,0.05287817938420348,0.030120481927710843,0.04216867469879518,0.04216867469879518,0.03279785809906292,0.030120481927710843,0.03547523427041499
104,0.0297418630751964,0.028619528619528614,0.04208754208754208,0.1408529741863075,0.054433221099887755,0.025252525252525245,0.03310886644219977,0.025252525252525245,0.028619528619528614,0.04545454545454545,0.036475869809203136,0.0297418630751964,0.05218855218855217,0.025252525252525245,0.04320987654320987,0.025252525252525245,0.05892255892255891,0.21604938271604932,0.03310886644219977,0.026374859708193036
105,0.02852852852852853,0.02752752752752753,0.04054054054054055,0.029529529529529534,0.11061061061061063,0.02852852852852853,0.03253253253253254,0.1846846846846847,0.05355355355355356,0.04754754754754755,0.03353353353353354,0.02752752752752753,0.05355355355355356,0.031531531531531536,0.04754754754754755,0.0835835835835836,0.03353353353353354,0.03253253253253254,0.03553553553553554,0.037537537537537545
106,0.049422799422799424,0.027777777777777776,0.022005772005772004,0.08477633477633478,0.01984126984126984,0.30194805194805197,0.04220779220779221,0.06746031746031746,0.03787878787878788,0.022005772005772004,0.03787878787878788,0.01984126984126984,0.016233766233766232,0.06601731601731602,0.049422799422799424,0.01984126984126984,0.023448773448773448,0.01911976911976912,0.016955266955266956,0.05591630591630592
107,0.05056980056980058,0.04487179487179488,0.04487179487179488,0.059116809116809124,0.10327635327635329,0.032051282051282055,0.061965811965811975,0.05341880341880342,0.036324786324786335,0.07621082621082623,0.059116809116809124,0.032051282051282055,0.0804843304843305,0.036324786324786335,0.032051282051282055,0.032051282051282055,0.037749287749287756,0.034900284900284906,0.04772079772079773,0.04487179487179488
108,0.024904214559386975,0.04329501915708813,0.01724137931034483,0.01877394636015326,0.024137931034482762,0.024904214559386975,0.3980842911877395,0.021072796934865905,0.060919540229885064,0.027969348659003836,0.03026819923371648,0.018007662835249044,0.021072796934865905,0.025670498084291192,0.07547892720306515,0.019540229885057474,0.02720306513409962,0.024904214559386975,0.06934865900383143,0.02720306513409962
109,0.07384823848238481,0.04268292682926829,0.04132791327913279,0.04132791327913279,0.044037940379403784,0.08333333333333331,0.04268292682926829,0.045392953929539286,0.039972899728997285,0.039972899728997285,0.045392953929539286,0.0643631436314363,0.03726287262872628,0.03590785907859078,0.031842818428184275,0.06978319783197831,0.0616531165311653,0.030487804878048773,0.044037940379403784,0.08468834688346882
110,0.04771241830065359,0.03333333333333333,0.05032679738562092,0.034640522875816995,0.056862745098039215,0.05032679738562092,0.03986928104575163,0.046405228758169936,0.029411764705882353,0.038562091503267976,0.09738562091503268,0.05816993464052288,0.029411764705882353,0.049019607843137254,0.03725490196078431,0.09477124183006536,0.06601307189542484,0.029411764705882353,0.05032679738562092,0.060784313725490195
111,0.02380952380952381,0.03801169590643275,0.09147869674185465,0.022974101921470345,0.11904761904761905,0.043024227234753555,0.032163742690058485,0.045530492898913956,0.05221386800334169,0.037176274018379286,0.07309941520467837,0.08980785296574771,0.04970760233918129,0.0747702589807853,0.025480367585630746,0.040517961570593154,0.02130325814536341,0.01879699248120301,0.04469507101086049,0.056390977443609026
112,0.06497175141242938,0.0423728813559322,0.10263653483992467,0.0423728813559322,0.05367231638418079,0.046139359698681735,0.0423728813559322,0.05367231638418079,0.0423728813559322,0.046139359698681735,0.04990583804143126,0.046139359698681735,0.06497175141242938,0.044256120527306965,0.0423728813559322,0.044256120527306965,0.044256120527306965,0.0423728813559322,0.0423728813559322,0.0423728813559322
113,0.02974186307519641,0.03647586980920314,0.04657687991021325,0.07014590347923681,0.08024691358024691,0.037598204264870934,0.04994388327721661,0.03310886644219978,0.08585858585858586,0.09932659932659933,0.026374859708193043,0.044332210998877665,0.02861952861952862,0.030864197530864196,0.030864197530864196,0.025252525252525252,0.03872053872053872,0.12289562289562289,0.04657687991021325,0.03647586980920314
114,0.04318996415770609,0.06792114695340501,0.09480286738351251,0.02813620071684587,0.049641577060931884,0.09910394265232972,0.034946236559139775,0.02311827956989247,0.08369175627240141,0.04354838709677419,0.08369175627240141,0.13673835125448025,0.03279569892473118,0.017025089605734765,0.04211469534050179,0.02275985663082437,0.015591397849462361,0.01415770609318996,0.04032258064516128,0.02670250896057347
115,0.020999468367889424,0.01834130781499203,0.039074960127591714,0.14221158958001065,0.04173312068048911,0.03535353535353536,0.032163742690058485,0.025252525252525256,0.07150451887293995,0.03588516746411484,0.027379053694843173,0.014619883040935673,0.15018607123870284,0.026315789473684213,0.1517809675704413,0.013024986709197238,0.04279638490164807,0.06140350877192983,0.02206273258904838,0.02791068580542265
116,0.02717391304347826,0.04770531400966183,0.0392512077294686,0.03321256038647343,0.041666666666666664,0.034420289855072464,0.09722222222222222,0.0464975845410628,0.125,0.0464975845410628,0.05253623188405797,0.028381642512077296,0.10326086956521739,0.02717391304347826,0.06099033816425121,0.03683574879227053,0.034420289855072464,0.051328502415458936,0.030797101449275364,0.035628019323671496
117,0.0486111111111111,0.2720410628019323,0.055253623188405786,0.017814009661835745,0.02264492753623188,0.016606280193236712,0.025060386473429945,0.0697463768115942,0.02385265700483091,0.01721014492753623,0.01479468599033816,0.028683574879227045,0.02385265700483091,0.04679951690821255,0.05042270531400965,0.12167874396135263,0.032910628019323665,0.019625603864734296,0.031099033816425113,0.061292270531400954
118,0.04106280193236716,0.045893719806763295,0.045893719806763295,0.09420289855072465,0.03784219001610307,0.03623188405797102,0.09742351046698874,0.03623188405797102,0.045893719806763295,0.05072463768115943,0.03784219001610307,0.04750402576489534,0.04106280193236716,0.03623188405797102,0.03784219001610307,0.05072463768115943,0.04750402576489534,0.052334943639291476,0.04106280193236716,0.07648953301127216
119,0.029209621993127148,0.03951890034364261,0.03264604810996564,0.028064146620847653,0.03379152348224513,0.03951890034364261,0.03722794959908362,0.05441008018327606,0.20332187857961054,0.04524627720504009,0.03264604810996564,0.030355097365406643,0.08877434135166094,0.030355097365406643,0.06013745704467354,0.026918671248568157,0.06242840778923253,0.030355097365406643,0.04753722794959908,0.04753722794959908
120,0.0297270955165692,0.026803118908382065,0.04434697855750487,0.05116959064327485,0.11257309941520467,0.02387914230019493,0.16617933723196882,0.033625730994152045,0.040448343079922025,0.021929824561403508,0.04434697855750487,0.04239766081871345,0.034600389863547756,0.05214424951267056,0.02290448343079922,0.021929824561403508,0.03557504873294347,0.06481481481481481,0.09405458089668615,0.03654970760233918
121,0.030864197530864196,0.09945130315500686,0.050068587105624146,0.08299039780521263,0.033607681755829906,0.05829903978052126,0.0953360768175583,0.051440329218107,0.047325102880658436,0.04869684499314129,0.04869684499314129,0.03223593964334705,0.03635116598079561,0.030864197530864196,0.045953360768175584,0.05281207133058985,0.030864197530864196,0.03223593964334705,0.047325102880658436,0.04458161865569273
122,0.03384418901660281,0.05300127713920817,0.0351213282247765,0.042784163473818644,0.038952745849297574,0.031289910600255426,0.037675606641123884,0.12579821200510855,0.1615581098339719,0.0351213282247765,0.030012771392081736,0.040229885057471264,0.06960408684546615,0.028735632183908046,0.042784163473818644,0.032567049808429116,0.0491698595146871,0.040229885057471264,0.030012771392081736,0.041507024265644954
123,0.053846153846153856,0.047008547008547015,0.05555555555555556,0.03846153846153847,0.052136752136752146,0.03846153846153847,0.03846153846153847,0.041880341880341884,0.03846153846153847,0.04017094017094018,0.07094017094017095,0.04017094017094018,0.03846153846153847,0.03846153846153847,0.08290598290598292,0.11709401709401711,0.04017094017094018,0.043589743589743594,0.043589743589743594,0.04017094017094018
124,0.05224867724867725,0.031084656084656086,0.04563492063492064,0.04431216931216932,0.04431216931216932,0.031084656084656086,0.03637566137566138,0.031084656084656086,0.05092592592592593,0.033730158730158735,0.03240740740740741,0.033730158730158735,0.053571428571428575,0.06415343915343917,0.05092592592592593,0.048280423280423285,0.033730158730158735,0.20568783068783072,0.03505291005291006,0.04166666666666667
125,0.039772727272727265,0.04608585858585858,0.0486111111111111,0.051136363636363626,0.04103535353535353,0.0284090909090909,0.03219696969696969,0.053661616161616146,0.03093434343434343,0.04608585858585858,0.10290404040404037,0.04103535353535353,0.053661616161616146,0.04103535353535353,0.0486111111111111,0.07512626262626261,0.03093434343434343,0.03093434343434343,0.08396464646464645,0.07386363636363635
126,0.03780864197530864,0.03935185185185185,0.09799382716049383,0.04861111111111111,0.04243827160493827,0.08256172839506173,0.04089506172839506,0.04861111111111111,0.04089506172839506,0.034722222222222224,0.05941358024691358,0.034722222222222224,0.04089506172839506,0.07175925925925926,0.05787037037037037,0.034722222222222224,0.04861111111111111,0.0470679012345679,0.05169753086419753,0.03935185185185185
127,0.033076429030186254,0.38118175979447655,0.01894669235709698,0.03500321130378934,0.016377649325626204,0.0838150289017341,0.026653821451509314,0.022157996146435453,0.028580603725112397,0.022800256904303148,0.01573538856775851,0.03050738599871548,0.027296082209377008,0.031149646756583174,0.03371868978805395,0.03757225433526012,0.025369299935773925,0.02601156069364162,0.049132947976878616,0.05491329479768786
128,0.033533533533533534,0.024524524524524523,0.06556556556556556,0.026526526526526525,0.05655655655655656,0.04954954954954955,0.07057057057057058,0.08458458458458458,0.033533533533533534,0.045545545545545546,0.03553553553553553,0.07857857857857858,0.05755755755755756,0.03053053053053053,0.023523523523523524,0.07357357357357357,0.045545545545545546,0.032532532532532535,0.09259259259259259,0.03953953953953954
129,0.044082125603864736,0.06219806763285024,0.05615942028985507,0.03804347826086957,0.042874396135265704,0.042874396135265704,0.02717391304347826,0.04770531400966183,0.06340579710144928,0.09722222222222222,0.04891304347826087,0.042874396135265704,0.03321256038647343,0.06944444444444445,0.03321256038647343,0.042874396135265704,0.08635265700483091,0.051328502415458936,0.034420289855072464,0.035628019323671496
130,0.014983863531581374,0.02512678653757492,0.01867219917012448,0.03480866758875058,0.08137390502535731,0.01636698939603504,0.029276164130935915,0.018211157215306594,0.23443983402489627,0.04264638082065468,0.017750115260488704,0.016828031350852927,0.2408944213923467,0.015444905486399263,0.01636698939603504,0.011295527893038266,0.045873674504379895,0.04402950668510835,0.017750115260488704,0.057860765329645
131,0.024176954732510293,0.02520576131687243,0.07767489711934157,0.02520576131687243,0.07973251028806586,0.039609053497942394,0.06841563786008231,0.046810699588477375,0.0704732510288066,0.04578189300411523,0.05709876543209877,0.024176954732510293,0.07150205761316873,0.02623456790123457,0.033436213991769555,0.0344650205761317,0.08693415637860084,0.07973251028806586,0.03137860082304528,0.05195473251028807
132,0.030361757105943146,0.039405684754521955,0.030361757105943146,0.0652454780361757,0.04457364341085271,0.04198966408268733,0.036821705426356585,0.030361757105943146,0.03552971576227389,0.08720930232558138,0.06266149870801033,0.05749354005167957,0.029069767441860458,0.06782945736434107,0.03294573643410852,0.03811369509043927,0.03811369509043927,0.08979328165374675,0.07945736434108526,0.06266149870801033
133,0.05763888888888889,0.04097222222222222,0.035416666666666666,0.034027777777777775,0.08263888888888889,0.03125,0.03125,0.04097222222222222,0.05347222222222222,0.0798611111111111,0.06041666666666667,0.03125,0.10347222222222222,0.0798611111111111,0.04375,0.04791666666666667,0.03263888888888889,0.03125,0.04791666666666667,0.034027777777777775
134,0.04605263157894737,0.03289473684210527,0.05921052631578948,0.09722222222222224,0.04312865497076024,0.034356725146198835,0.03874269005847954,0.0358187134502924,0.04312865497076024,0.04312865497076024,0.03289473684210527,0.06213450292397661,0.05336257309941521,0.04605263157894737,0.04312865497076024,0.03289473684210527,0.10014619883040937,0.06213450292397661,0.03289473684210527,0.060672514619883045
135,0.04032258064516129,0.04032258064516129,0.04032258064516129,0.04390681003584229,0.04032258064516129,0.04032258064516129,0.04390681003584229,0.042114695340501794,0.051075268817204304,0.056451612903225805,0.05465949820788531,0.051075268817204304,0.07616487455197132,0.0528673835125448,0.0492831541218638,0.042114695340501794,0.056451612903225805,0.09408602150537634,0.042114695340501794,0.042114695340501794
136,0.04773082942097027,0.0649452269170579,0.0539906103286385,0.04773082942097027,0.03834115805946792,0.08215962441314555,0.035211267605633804,0.04460093896713615,0.04616588419405321,0.035211267605633804,0.0539906103286385,0.041471048513302036,0.035211267605633804,0.07120500782472614,0.04460093896713615,0.08528951486697965,0.05555555555555555,0.035211267605633804,0.04303599374021909,0.03834115805946792
137,0.02991452991452992,0.0518925518925519,0.04822954822954824,0.1507936507936508,0.05311355311355312,0.04090354090354091,0.11050061050061051,0.027472527472527476,0.044566544566544575,0.032356532356532366,0.03846153846153847,0.04090354090354091,0.05433455433455434,0.027472527472527476,0.032356532356532366,0.027472527472527476,0.07631257631257633,0.032356532356532366,0.04090354090354091,0.03968253968253969
138,0.03182308522114347,0.03505933117583603,0.04261057173678533,0.05663430420711974,0.039374325782092774,0.028586839266450916,0.026429341963322545,0.03398058252427184,0.06094929881337648,0.0296655879180151,0.030744336569579287,0.036138079827400214,0.07389428263214672,0.024271844660194174,0.059870550161812294,0.036138079827400214,0.08791801510248112,0.1709816612729234,0.04800431499460626,0.04692556634304207
139,0.036231884057971016,0.04106280193236715,0.06038647342995169,0.050724637681159424,0.061996779388083734,0.0426731078904992,0.036231884057971016,0.05233494363929147,0.061996779388083734,0.06038647342995169,0.036231884057971016,0.036231884057971016,0.06843800322061191,0.036231884057971016,0.0571658615136876,0.03784219001610306,0.039452495974235106,0.06843800322061191,0.05555555555555555,0.06038647342995169
140,0.030864197530864196,0.033607681755829906,0.030864197530864196,0.050068587105624146,0.030864197530864196,0.03223593964334705,0.08436213991769548,0.04183813443072702,0.05555555555555555,0.030864197530864196,0.03772290809327846,0.030864197530864196,0.030864197530864196,0.030864197530864196,0.11042524005486969,0.043209876543209874,0.061042524005486966,0.14746227709190673,0.051440329218107,0.03497942386831276
141,0.05555555555555555,0.02287581699346405,0.023809523809523808,0.029411764705882353,0.05182072829131653,0.03594771241830065,0.037815126050420166,0.12278244631185807,0.03127917833800187,0.021942110177404293,0.024743230625583566,0.08543417366946779,0.06209150326797386,0.025676937441643323,0.05929038281979458,0.06676003734827264,0.023809523809523808,0.03688141923436041,0.12091503267973856,0.0611577964519141
142,0.07088122605363985,0.037675606641123884,0.031289910600255426,0.06449553001277139,0.028735632183908046,0.030012771392081736,0.0351213282247765,0.03639846743295019,0.05683269476372925,0.040229885057471264,0.05683269476372925,0.10280970625798212,0.037675606641123884,0.04789272030651341,0.04533844189016603,0.0491698595146871,0.09259259259259259,0.042784163473818644,0.05044699872286079,0.042784163473818644
143,0.024814814814814814,0.030740740740740742,0.09888888888888889,0.058888888888888886,0.016666666666666666,0.09,0.017407407407407406,0.04925925925925926,0.017407407407407406,0.020370370370370372,0.027037037037037037,0.2048148148148148,0.01962962962962963,0.02925925925925926,0.04111111111111111,0.02185185185185185,0.044814814814814814,0.030740740740740742,0.07888888888888888,0.07740740740740741
144,0.04531126871552404,0.042947202521670606,0.05397951142631994,0.02639873916469661,0.12568951930654057,0.035066981875492516,0.05713159968479117,0.07289204097714735,0.08156028368794327,0.03900709219858156,0.03743104806934594,0.023246650906225373,0.03664302600472813,0.06028368794326241,0.018518518518518517,0.12490149724192277,0.05161544523246651,0.02009456264775414,0.02009456264775414,0.027186761229314422
145,0.03053053053053053,0.024524524524524523,0.059559559559559556,0.02252252252252252,0.045545545545545546,0.03953953953953954,0.08258258258258258,0.06656656656656657,0.026526526526526525,0.03853853853853854,0.023523523523523524,0.05755755755755756,0.028528528528528527,0.027527527527527528,0.07357357357357357,0.025525525525525526,0.07057057057057058,0.15665665665665665,0.05455455455455455,0.045545545545545546
146,0.047435897435897434,0.1423076923076923,0.023504273504273504,0.03803418803418803,0.05,0.053418803418803416,0.029487179487179487,0.025213675213675214,0.03974358974358974,0.04658119658119658,0.0405982905982906,0.11068376068376068,0.023504273504273504,0.052564102564102565,0.03034188034188034,0.031196581196581197,0.06025641025641026,0.045726495726495724,0.029487179487179487,0.07991452991452991
147,0.033730158730158735,0.03240740740740741,0.0654761904761905,0.04034391534391535,0.031084656084656086,0.029761904761904764,0.04695767195767196,0.04166666666666667,0.039021164021164026,0.06150793650793651,0.0376984126984127,0.0773809523809524,0.04563492063492064,0.03240740740740741,0.039021164021164026,0.029761904761904764,0.08399470899470901,0.12235449735449737,0.0654761904761905,0.04431216931216932
148,0.03784219001610306,0.036231884057971016,0.07326892109500806,0.036231884057971016,0.0861513687600644,0.036231884057971016,0.05394524959742351,0.06038647342995169,0.0571658615136876,0.04106280193236715,0.06038647342995169,0.04750402576489533,0.06682769726247988,0.036231884057971016,0.036231884057971016,0.08132045088566828,0.039452495974235106,0.04106280193236715,0.036231884057971016,0.036231884057971016
149,0.3126102292768959,0.04365079365079364,0.05335097001763667,0.02777777777777777,0.029541446208112866,0.022486772486772482,0.019841269841269837,0.02336860670194003,0.019841269841269837,0.022486772486772482,0.02336860670194003,0.035714285714285705,0.02336860670194003,0.054232804232804216,0.03835978835978835,0.10714285714285711,0.03835978835978835,0.02336860670194003,0.019841269841269837,0.061287477954144604
150,0.036776212832550864,0.04773082942097027,0.035211267605633804,0.035211267605633804,0.04303599374021909,0.035211267605633804,0.04303599374021909,0.04773082942097027,0.04616588419405321,0.06338028169014084,0.035211267605633804,0.041471048513302036,0.07902973395931143,0.035211267605633804,0.08528951486697965,0.035211267605633804,0.04616588419405321,0.12441314553990611,0.04303599374021909,0.041471048513302036
151,0.0399728997289973,0.0386178861788618,0.0440379403794038,0.06978319783197834,0.08604336043360435,0.030487804878048783,0.0413279132791328,0.056233062330623314,0.057588075880758816,0.030487804878048783,0.03184281842818429,0.0481029810298103,0.05352303523035231,0.030487804878048783,0.05081300813008131,0.030487804878048783,0.0413279132791328,0.12262872628726289,0.056233062330623314,0.0399728997289973
152,0.029079861111111112,0.05164930555555555,0.062065972222222224,0.04210069444444445,0.03342013888888889,0.039496527777777776,0.045572916666666664,0.04470486111111111,0.030815972222222224,0.061197916666666664,0.06380208333333333,0.12630208333333334,0.04383680555555555,0.040364583333333336,0.05685763888888889,0.05946180555555555,0.05164930555555555,0.038628472222222224,0.05685763888888889,0.022135416666666668
153,0.05305867665418227,0.03058676654182272,0.048064918851435705,0.035580524344569285,0.04556803995006242,0.08302122347066167,0.048064918851435705,0.06554307116104868,0.04556803995006242,0.054307116104868915,0.08426966292134831,0.06429463171036205,0.03932584269662921,0.03058676654182272,0.05805243445692884,0.02933832709113608,0.031835205992509365,0.04307116104868914,0.04931335830212235,0.060549313358302125
154,0.05493827160493827,0.15,0.033950617283950615,0.029012345679012345,0.05246913580246913,0.03888888888888889,0.03641975308641975,0.06975308641975309,0.030246913580246913,0.047530864197530866,0.06358024691358025,0.03641975308641975,0.03518518518518519,0.09814814814814815,0.03148148148148148,0.029012345679012345,0.046296296296296294,0.033950617283950615,0.03641975308641975,0.046296296296296294
155,0.035185185185185194,0.05246913580246915,0.03271604938271606,0.07962962962962965,0.02901234567901235,0.03395061728395062,0.031481481481481485,0.04382716049382717,0.038888888888888896,0.0697530864197531,0.041358024691358033,0.03641975308641976,0.07222222222222223,0.0462962962962963,0.056172839506172856,0.031481481481481485,0.08950617283950618,0.08333333333333334,0.048765432098765445,0.04753086419753088
156,0.0246415770609319,0.028225806451612902,0.0264336917562724,0.025537634408602152,0.23969534050179211,0.021057347670250897,0.0721326164874552,0.0228494623655914,0.047939068100358424,0.03181003584229391,0.025537634408602152,0.021057347670250897,0.04345878136200717,0.04077060931899642,0.05600358422939068,0.021953405017921146,0.021057347670250897,0.11514336917562724,0.06944444444444445,0.04525089605734767
157,0.03777777777777778,0.0674074074074074,0.040740740740740744,0.042222222222222223,0.05851851851851852,0.03333333333333333,0.03333333333333333,0.09851851851851852,0.07629629629629629,0.0362962962962963,0.03481481481481481,0.03481481481481481,0.03925925925925926,0.04518518518518518,0.04814814814814815,0.04666666666666667,0.07777777777777778,0.07185185185185185,0.03481481481481481,0.042222222222222223
158,0.0349002849002849,0.07763532763532764,0.03774928774928775,0.046296296296296294,0.04487179487179487,0.054843304843304845,0.051994301994301995,0.0633903133903134,0.03205128205128205,0.054843304843304845,0.07336182336182336,0.04772079772079772,0.03205128205128205,0.057692307692307696,0.03774928774928775,0.08475783475783476,0.04772079772079772,0.0405982905982906,0.03774928774928775,0.04202279202279202
159,0.06755050505050504,0.03345959595959595,0.04608585858585858,0.04608585858585858,0.0284090909090909,0.07638888888888888,0.03219696969696969,0.051136363636363626,0.03093434343434343,0.03219696969696969,0.056186868686868674,0.04987373737373736,0.0486111111111111,0.04356060606060606,0.04356060606060606,0.07133838383838383,0.029671717171717165,0.0284090909090909,0.0890151515151515,0.0953282828282828
160,0.032646048109965645,0.02691867124856816,0.06586483390607104,0.04868270332187859,0.046391752577319596,0.025773195876288662,0.03951890034364262,0.02691867124856816,0.02920962199312715,0.03608247422680413,0.04295532646048111,0.04868270332187859,0.0452462772050401,0.030355097365406647,0.032646048109965645,0.2857961053837343,0.037227949599083626,0.025773195876288662,0.04753722794959909,0.025773195876288662
161,0.05277777777777778,0.041666666666666664,0.05277777777777778,0.041666666666666664,0.04351851851851852,0.062037037037037036,0.08981481481481482,0.041666666666666664,0.058333333333333334,0.06018518518518518,0.041666666666666664,0.041666666666666664,0.04722222222222222,0.04537037037037037,0.04351851851851852,0.041666666666666664,0.041666666666666664,0.05277777777777778,0.058333333333333334,0.041666666666666664
162,0.0365079365079365,0.04285714285714285,0.0693121693121693,0.08201058201058199,0.025925925925925918,0.10740740740740738,0.03439153439153438,0.08412698412698412,0.03121693121693121,0.030158730158730152,0.02486772486772486,0.05449735449735448,0.03862433862433862,0.05132275132275131,0.041798941798941794,0.09470899470899469,0.03756613756613756,0.0238095238095238,0.053439153439153425,0.03544973544973544
163,0.054843304843304845,0.053418803418803416,0.07478632478632478,0.032526115859449194,0.0852326685660019,0.18684710351377018,0.0292022792022792,0.0405982905982906,0.014482431149097816,0.07621082621082621,0.04677113010446344,0.015432098765432098,0.02255460588793922,0.019230769230769232,0.032526115859449194,0.0543684710351377,0.04772079772079772,0.0405982905982906,0.04392212725546059,0.02872744539411206
164,0.04248366013071896,0.03202614379084968,0.05555555555555556,0.04248366013071896,0.03202614379084968,0.034640522875817,0.0843137254901961,0.03202614379084968,0.029411764705882356,0.03856209150326798,0.0647058823529412,0.034640522875817,0.11307189542483662,0.03856209150326798,0.050326797385620924,0.029411764705882356,0.07777777777777779,0.09215686274509806,0.04640522875816994,0.029411764705882356
165,0.09170013386880856,0.038152610441767064,0.05555555555555554,0.05153949129852743,0.038152610441767064,0.036813922356091024,0.05555555555555554,0.04082998661311914,0.03279785809906291,0.05555555555555554,0.10642570281124496,0.036813922356091024,0.04350736278447121,0.04350736278447121,0.04886211512717535,0.05689424364123158,0.030120481927710836,0.05957161981258365,0.038152610441767064,0.0394912985274431
166,0.04826958105646629,0.04462659380692167,0.057377049180327856,0.046448087431693985,0.05191256830601092,0.04098360655737704,0.04462659380692167,0.057377049180327856,0.04462659380692167,0.04280510018214936,0.08105646630236793,0.04098360655737704,0.07377049180327867,0.05191256830601092,0.05373406193078323,0.04098360655737704,0.046448087431693985,0.04098360655737704,0.04826958105646629,0.04280510018214936
167,0.09201388888888891,0.1070601851851852,0.03761574074074075,0.04803240740740741,0.0619212962962963,0.02604166666666667,0.03645833333333334,0.028356481481481486,0.03645833333333334,0.027199074074074077,0.03530092592592593,0.06539351851851853,0.034143518518518524,0.07928240740740743,0.02604166666666667,0.08622685185185186,0.04224537037037038,0.053819444444444454,0.027199074074074077,0.049189814814814825
168,0.05857487922705315,0.04045893719806764,0.027173913043478264,0.06461352657004832,0.04287439613526571,0.036835748792270535,0.12016908212560388,0.0923913043478261,0.04770531400966184,0.06582125603864736,0.027173913043478264,0.032004830917874406,0.0283816425120773,0.038043478260869575,0.04045893719806764,0.030797101449275367,0.038043478260869575,0.0283816425120773,0.088768115942029,0.05132850241545894
169,0.03439153439153439,0.06840513983371126,0.02985638699924414,0.054799697656840514,0.0200302343159486,0.017762660619803475,0.03212396069538927,0.09259259259259259,0.057067271352985637,0.035147392290249435,0.022297808012093728,0.023809523809523808,0.0835222978080121,0.04572940287226002,0.03665910808767952,0.0200302343159486,0.05857898715041572,0.05328798185941043,0.04950869236583522,0.16439909297052155
170,0.1227106227106227,0.027472527472527472,0.07264957264957266,0.031135531135531136,0.043345543345543344,0.06288156288156288,0.08241758241758242,0.031135531135531136,0.03235653235653236,0.06776556776556776,0.04945054945054945,0.040903540903540904,0.11172161172161173,0.029914529914529916,0.04456654456654457,0.027472527472527472,0.028693528693528692,0.027472527472527472,0.03235653235653236,0.033577533577533576
171,0.03949652777777778,0.033420138888888895,0.023003472222222227,0.030815972222222227,0.06380208333333334,0.07335069444444446,0.07855902777777779,0.04383680555555556,0.03515625000000001,0.05859375000000001,0.042100694444444454,0.06206597222222223,0.04470486111111112,0.03776041666666667,0.07855902777777779,0.027343750000000003,0.04557291666666667,0.033420138888888895,0.09765625000000001,0.05078125000000001
172,0.07064471879286695,0.0720164609053498,0.043209876543209874,0.030864197530864196,0.030864197530864196,0.05555555555555555,0.03909465020576132,0.047325102880658436,0.03223593964334705,0.061042524005486966,0.033607681755829906,0.043209876543209874,0.043209876543209874,0.07338820301783265,0.08299039780521263,0.0953360768175583,0.03497942386831276,0.03497942386831276,0.04046639231824417,0.03497942386831276
173,0.04920634920634921,0.02592592592592593,0.028042328042328046,0.0650793650793651,0.06402116402116403,0.03333333333333334,0.11904761904761905,0.04497354497354498,0.03650793650793652,0.117989417989418,0.0650793650793651,0.0470899470899471,0.05767195767195768,0.03227513227513228,0.030158730158730163,0.0343915343915344,0.05026455026455027,0.03968253968253969,0.03544973544973545,0.02380952380952381
174,0.023246650906225373,0.04767533490937746,0.034278959810874705,0.05476753349093775,0.05634357762017336,0.030338849487785657,0.020882584712371945,0.02955082742316785,0.03821907013396375,0.06895193065405832,0.02876280535855004,0.02876280535855004,0.06579984239558707,0.04452324665090623,0.031126871552403467,0.12647754137115838,0.05240346729708432,0.09022852639873917,0.06895193065405832,0.058707643814026794
175,0.05648148148148149,0.04166666666666667,0.052777777777777785,0.04537037037037038,0.05092592592592593,0.04537037037037038,0.06944444444444446,0.04166666666666667,0.04722222222222223,0.04166666666666667,0.04166666666666667,0.04166666666666667,0.06944444444444446,0.043518518518518526,0.04166666666666667,0.05833333333333334,0.06944444444444446,0.04537037037037038,0.04166666666666667,0.05462962962962964
176,0.03935185185185185,0.034722222222222224,0.03780864197530864,0.1566358024691358,0.05632716049382716,0.034722222222222224,0.05787037037037037,0.0470679012345679,0.05169753086419753,0.034722222222222224,0.0763888888888889,0.04243827160493827,0.04552469135802469,0.04552469135802469,0.03935185185185185,0.034722222222222224,0.03780864197530864,0.04861111111111111,0.036265432098765434,0.04243827160493827
177,0.01469017094017094,0.06704059829059829,0.051014957264957264,0.03926282051282051,0.0921474358974359,0.016292735042735044,0.020566239316239316,0.018963675213675212,0.12366452991452992,0.036057692307692304,0.026976495726495728,0.013621794871794872,0.203258547008547,0.016826923076923076,0.03498931623931624,0.036057692307692304,0.013621794871794872,0.12900641025641027,0.021634615384615384,0.024305555555555556
178,0.030355097365406647,0.05555555555555556,0.028064146620847656,0.06013745704467355,0.02691867124856816,0.040664375715922116,0.08533791523482247,0.08533791523482247,0.03379152348224514,0.05441008018327607,0.05899198167239405,0.02691867124856816,0.044100801832760606,0.02920962199312715,0.11626575028636886,0.032646048109965645,0.0761741122565865,0.03951890034364262,0.03608247422680413,0.03951890034364262
179,0.05158730158730159,0.038888888888888896,0.05317460317460318,0.05476190476190477,0.05000000000000001,0.040476190476190485,0.03571428571428572,0.05317460317460318,0.03571428571428572,0.03571428571428572,0.10396825396825399,0.06904761904761907,0.07380952380952382,0.03571428571428572,0.03571428571428572,0.04841269841269842,0.03730158730158731,0.0642857142857143,0.04682539682539683,0.03571428571428572
180,0.04794520547945205,0.03424657534246575,0.11035007610350075,0.05403348554033485,0.04490106544901065,0.04337899543378995,0.03729071537290715,0.04033485540334855,0.04337899543378995,0.09665144596651445,0.06468797564687975,0.03424657534246575,0.05098934550989345,0.04946727549467275,0.05098934550989345,0.03424657534246575,0.03424657534246575,0.03424657534246575,0.04490106544901065,0.04946727549467275
181,0.04600694444444444,0.03906249999999999,0.04253472222222222,0.03906249999999999,0.04947916666666665,0.07031249999999999,0.04947916666666665,0.03906249999999999,0.05121527777777776,0.07378472222222221,0.05989583333333332,0.04600694444444444,0.054687499999999986,0.04600694444444444,0.04427083333333333,0.054687499999999986,0.07378472222222221,0.03906249999999999,0.03906249999999999,0.04253472222222222
182,0.03294573643410852,0.045865633074935394,0.029069767441860458,0.029069767441860458,0.048449612403100764,0.029069767441860458,0.030361757105943146,0.030361757105943146,0.036821705426356585,0.051033591731266134,0.14664082687338498,0.06395348837209301,0.04069767441860465,0.07299741602067182,0.029069767441860458,0.10917312661498706,0.036821705426356585,0.03423772609819121,0.051033591731266134,0.052325581395348826
183,0.029797979797979803,0.02272727272727273,0.03484848484848486,0.05707070707070708,0.03585858585858587,0.08131313131313132,0.042929292929292935,0.21161616161616165,0.043939393939393945,0.02575757575757576,0.040909090909090916,0.02474747474747475,0.02575757575757576,0.02676767676767677,0.10252525252525253,0.045959595959595964,0.03585858585858587,0.02777777777777778,0.043939393939393945,0.039898989898989906
184,0.04490106544901065,0.03576864535768645,0.09056316590563165,0.03424657534246575,0.05403348554033485,0.03424657534246575,0.03424657534246575,0.03424657534246575,0.03881278538812785,0.06773211567732115,0.11187214611872145,0.03424657534246575,0.04337899543378995,0.03576864535768645,0.06164383561643835,0.04490106544901065,0.03729071537290715,0.05098934550989345,0.06468797564687975,0.04642313546423135
185,0.05555555555555555,0.07777777777777778,0.032275132275132276,0.040740740740740744,0.023809523809523808,0.0873015873015873,0.03439153439153439,0.03333333333333333,0.031216931216931216,0.02486772486772487,0.05767195767195767,0.026984126984126985,0.03333333333333333,0.040740740740740744,0.03015873015873016,0.04708994708994709,0.040740740740740744,0.02486772486772487,0.2291005291005291,0.028042328042328042
186,0.0503003003003003,0.08033033033033032,0.06531531531531531,0.0472972972972973,0.038288288288288286,0.04129129129129129,0.033783783783783786,0.0518018018018018,0.03678678678678678,0.048798798798798795,0.07282282282282282,0.04129129129129129,0.044294294294294295,0.054804804804804805,0.03678678678678678,0.06531531531531531,0.03528528528528529,0.033783783783783786,0.038288288288288286,0.08333333333333333
187,0.08166666666666667,0.04611111111111111,0.04055555555555555,0.028333333333333332,0.09388888888888888,0.026111111111111113,0.04611111111111111,0.02722222222222222,0.058333333333333334,0.03833333333333333,0.06277777777777778,0.04388888888888889,0.045,0.035,0.04722222222222222,0.03833333333333333,0.04722222222222222,0.05388888888888889,0.04055555555555555,0.09944444444444445
188,0.03685368536853685,0.09515951595159516,0.032453245324532455,0.041254125412541254,0.07535753575357536,0.035753575357535754,0.09845984598459846,0.029152915291529153,0.02585258525852585,0.08085808580858085,0.03685368536853685,0.032453245324532455,0.034653465346534656,0.04235423542354235,0.03135313531353135,0.03355335533553355,0.02695269526952695,0.09405940594059406,0.07535753575357536,0.041254125412541254
189,0.04932502596053998,0.027518172377985463,0.0347871235721703,0.06697819314641744,0.05347871235721703,0.047248182762201454,0.07424714434060228,0.045171339563862926,0.03167185877466251,0.028556593977154723,0.05970924195223261,0.04932502596053998,0.027518172377985463,0.03894080996884735,0.05659397715472482,0.09293873312564901,0.048286604361370715,0.047248182762201454,0.04932502596053998,0.0711318795430945
190,0.023584905660377364,0.03616352201257862,0.03721174004192873,0.023584905660377364,0.07809224318658282,0.026729559748427677,0.047693920335429775,0.0718029350104822,0.03406708595387841,0.1787211740041929,0.05083857442348009,0.04140461215932915,0.028825995807127885,0.024633123689727466,0.028825995807127885,0.031970649895178206,0.03301886792452831,0.10429769392033544,0.03616352201257862,0.06236897274633124
191,0.05655655655655656,0.03653653653653654,0.04054054054054054,0.025525525525525526,0.025525525525525526,0.05855855855855856,0.024524524524524523,0.052552552552552555,0.02252252252252252,0.03653653653653654,0.04054054054054054,0.2887887887887888,0.03753753753753754,0.05155155155155155,0.026526526526526525,0.04954954954954955,0.03153153153153153,0.024524524524524523,0.03853853853853854,0.03153153153153153
192,0.05292397660818714,0.03245614035087719,0.06988304093567252,0.015497076023391813,0.06637426900584795,0.013742690058479532,0.021929824561403508,0.1692982456140351,0.030116959064327486,0.01432748538011696,0.04239766081871345,0.19269005847953216,0.02953216374269006,0.01432748538011696,0.03713450292397661,0.020760233918128656,0.04064327485380117,0.05584795321637427,0.05,0.030116959064327486
193,0.045056867891513565,0.055555555555555566,0.021434820647419077,0.023184601924759407,0.03805774278215224,0.03018372703412074,0.02405949256342958,0.1019247594050744,0.040682414698162736,0.022309711286089242,0.0599300087489064,0.23053368328958887,0.019685039370078743,0.08180227471566055,0.02580927384076991,0.05293088363954507,0.02405949256342958,0.02405949256342958,0.0468066491688539,0.03193350831146107
194,0.054843304843304845,0.03205128205128205,0.07051282051282051,0.046296296296296294,0.04344729344729345,0.03205128205128205,0.054843304843304845,0.05911680911680912,0.0876068376068376,0.03632478632478633,0.04344729344729345,0.03205128205128205,0.0933048433048433,0.03205128205128205,0.07051282051282051,0.03205128205128205,0.04487179487179487,0.04344729344729345,0.057692307692307696,0.03347578347578348
195,0.05191256830601092,0.0628415300546448,0.04098360655737704,0.05191256830601092,0.04280510018214936,0.057377049180327856,0.0500910746812386,0.05191256830601092,0.04826958105646629,0.04098360655737704,0.04098360655737704,0.04098360655737704,0.046448087431693985,0.06648451730418942,0.04098360655737704,0.0938069216757741,0.04098360655737704,0.04098360655737704,0.04280510018214936,0.046448087431693985
196,0.04726368159203981,0.04063018242122721,0.10696517412935325,0.0373134328358209,0.06053067993366502,0.04394693200663351,0.05058043117744611,0.04063018242122721,0.0373134328358209,0.06053067993366502,0.04560530679933666,0.04726368159203981,0.04394693200663351,0.05058043117744611,0.05721393034825872,0.05555555555555556,0.04063018242122721,0.038971807628524056,0.04063018242122721,0.05389718076285241
197,0.07142857142857144,0.05266955266955268,0.042568542568542575,0.036796536796536806,0.04834054834054835,0.03535353535353536,0.03246753246753247,0.05122655122655123,0.08585858585858587,0.042568542568542575,0.08585858585858587,0.07142857142857144,0.036796536796536806,0.03391053391053392,0.03391053391053392,0.0800865800865801,0.03246753246753247,0.05266955266955268,0.03391053391053392,0.03968253968253969
198,0.046372819100091826,0.05831037649219467,0.049127640036730945,0.1721763085399449,0.04453627180899908,0.027089072543617997,0.05188246097337006,0.02800734618916437,0.06290174471992654,0.07300275482093664,0.02066115702479339,0.0371900826446281,0.045454545454545456,0.023415977961432508,0.052800734618916434,0.07483930211202938,0.03351698806244261,0.028925619834710745,0.03076216712580349,0.03902662993572085
199,0.04457364341085271,0.03423772609819121,0.10788113695090437,0.04069767441860465,0.06266149870801033,0.036821705426356585,0.03165374677002583,0.04069767441860465,0.04328165374677002,0.10012919896640825,0.04198966408268733,0.04198966408268733,0.03552971576227389,0.03811369509043927,0.051033591731266134,0.03165374677002583,0.06782945736434107,0.03294573643410852,0.07170542635658914,0.04457364341085271
200,0.05065359477124184,0.02777777777777778,0.04411764705882354,0.04084967320261439,0.04084967320261439,0.059368191721132904,0.029956427015250548,0.06263616557734206,0.07897603485838782,0.028867102396514164,0.09640522875816995,0.031045751633986932,0.04956427015250545,0.02450980392156863,0.12254901960784315,0.043028322440087155,0.04847494553376907,0.033224400871459704,0.05610021786492375,0.031045751633986932
201,0.03125,0.059027777777777776,0.034027777777777775,0.06458333333333334,0.03819444444444445,0.03125,0.04652777777777778,0.05625,0.04652777777777778,0.034027777777777775,0.04652777777777778,0.04375,0.04097222222222222,0.08402777777777778,0.07152777777777777,0.08263888888888889,0.06180555555555556,0.04791666666666667,0.04375,0.035416666666666666
202,0.023313492063492064,0.027281746031746032,0.036210317460317464,0.07688492063492064,0.09771825396825397,0.03819444444444445,0.036210317460317464,0.09672619047619048,0.05109126984126984,0.08085317460317461,0.024305555555555556,0.02628968253968254,0.029265873015873016,0.04117063492063492,0.07093253968253968,0.05009920634920635,0.07192460317460317,0.04811507936507937,0.032242063492063495,0.04117063492063492
203,0.07291666666666667,0.03680555555555556,0.035416666666666666,0.034027777777777775,0.03263888888888889,0.09236111111111112,0.04236111111111111,0.034027777777777775,0.03263888888888889,0.03263888888888889,0.04791666666666667,0.04097222222222222,0.07708333333333334,0.034027777777777775,0.05625,0.09513888888888888,0.052083333333333336,0.035416666666666666,0.03263888888888889,0.08263888888888889
204,0.03430479659987857,0.05009107468123861,0.02580449301760777,0.022161505768063146,0.020947176684881604,0.015482695810564663,0.037340619307832425,0.08348512446873102,0.02398299939283546,0.15148755312689738,0.05009107468123861,0.05919854280510018,0.14055859137826351,0.040983606557377046,0.0567698846387371,0.05798421372191864,0.0440194292653309,0.01791135397692775,0.039162112932604735,0.028233151183970857
205,0.044612794612794625,0.039562289562289576,0.06313131313131316,0.037878787878787894,0.06313131313131316,0.04124579124579126,0.06649831649831653,0.037878787878787894,0.044612794612794625,0.037878787878787894,0.039562289562289576,0.037878787878787894,0.06481481481481484,0.037878787878787894,0.10521885521885527,0.05303030303030305,0.0681818181818182,0.037878787878787894,0.04124579124579126,0.037878787878787894
206,0.03200483091787439,0.04891304347826086,0.0428743961352657,0.02838164251207729,0.05615942028985506,0.07669082125603863,0.040458937198067625,0.02838164251207729,0.040458937198067625,0.04770531400966182,0.1914251207729468,0.04166666666666666,0.04891304347826086,0.02838164251207729,0.03200483091787439,0.03683574879227052,0.08756038647342994,0.027173913043478253,0.027173913043478253,0.03683574879227052
207,0.04560530679933665,0.03897180762852405,0.07545605306799337,0.05223880597014925,0.08706467661691543,0.03731343283582089,0.05223880597014925,0.0406301824212272,0.07379767827529021,0.0538971807628524,0.05223880597014925,0.03731343283582089,0.05555555555555555,0.05721393034825871,0.0472636815920398,0.03731343283582089,0.03897180762852405,0.04228855721393035,0.03731343283582089,0.03731343283582089
208,0.016019086571233812,0.02010906612133606,0.050102249488752554,0.11281526925698705,0.07532379004771643,0.016700749829584187,0.027607361963190184,0.028970688479890934,0.040558963871847306,0.03510565780504431,0.04124062713019768,0.022154055896387186,0.03578732106339468,0.04124062713019768,0.03442399454669393,0.023517382413087935,0.04260395364689843,0.26414451261077027,0.03510565780504431,0.03646898432174506
209,0.10012919896640825,0.03552971576227389,0.05620155038759689,0.029069767441860458,0.029069767441860458,0.03552971576227389,0.04198966408268733,0.029069767441860458,0.030361757105943146,0.08462532299741601,0.039405684754521955,0.06266149870801033,0.03423772609819121,0.13888888888888887,0.06912144702842375,0.039405684754521955,0.029069767441860458,0.029069767441860458,0.03165374677002583,0.054909560723514196
210,0.03518518518518519,0.08580246913580247,0.09320987654320988,0.029012345679012345,0.04506172839506173,0.10555555555555556,0.029012345679012345,0.04259259259259259,0.029012345679012345,0.06234567901234568,0.029012345679012345,0.040123456790123455,0.05617283950617284,0.05123456790123457,0.03148148148148148,0.09938271604938272,0.03148148148148148,0.033950617283950615,0.027777777777777776,0.04259259259259259
211,0.025409130060292853,0.020241171403962102,0.09948320413436693,0.13135228251507322,0.04263565891472868,0.034022394487510765,0.021963824289405683,0.03832902670111973,0.04521963824289406,0.059862187769164514,0.0615848406546081,0.021963824289405683,0.060723514211886306,0.0305770887166236,0.027131782945736434,0.04521963824289406,0.07364341085271318,0.1029285099052541,0.02885443583118002,0.02885443583118002
212,0.03753753753753754,0.026526526526526525,0.026526526526526525,0.03753753753753754,0.0995995995995996,0.05055055055055055,0.052552552552552555,0.14264264264264265,0.06356356356356356,0.07457457457457457,0.059559559559559556,0.026526526526526525,0.047547547547547545,0.023523523523523524,0.03153153153153153,0.04154154154154154,0.04054054054054054,0.02952952952952953,0.03553553553553553,0.052552552552552555
213,0.045098039215686274,0.10915032679738562,0.04771241830065359,0.041176470588235294,0.04379084967320261,0.03071895424836601,0.03071895424836601,0.03071895424836601,0.041176470588235294,0.038562091503267976,0.03071895424836601,0.060784313725490195,0.03071895424836601,0.041176470588235294,0.03071895424836601,0.14313725490196078,0.03071895424836601,0.1,0.041176470588235294,0.03202614379084967
214,0.011553588987217306,0.01352015732546706,0.025811209439528023,0.017944936086529008,0.01696165191740413,0.016470009832841692,0.01597836774827925,0.025811209439528023,0.2583579154375615,0.04400196656833825,0.014995083579154375,0.025319567354965586,0.18559488692232054,0.0395771878072763,0.014995083579154375,0.012536873156342183,0.027777777777777776,0.014011799410029498,0.035152409046214354,0.1836283185840708
215,0.02106227106227106,0.016178266178266176,0.02106227106227106,0.02838827838827838,0.08455433455433455,0.028998778998778993,0.02045177045177045,0.02533577533577533,0.311050061050061,0.06990231990231989,0.016178266178266176,0.02106227106227106,0.12118437118437116,0.03876678876678876,0.02655677655677655,0.02045177045177045,0.02289377289377289,0.04548229548229547,0.016788766788766785,0.04365079365079364
216,0.11151960784313726,0.027369281045751634,0.07475490196078431,0.03880718954248366,0.10743464052287582,0.04370915032679738,0.034722222222222224,0.05269607843137255,0.028186274509803922,0.023284313725490197,0.10661764705882353,0.028186274509803922,0.03308823529411765,0.0494281045751634,0.05106209150326797,0.051879084967320264,0.02165032679738562,0.0298202614379085,0.04534313725490196,0.04044117647058824
217,0.05317460317460317,0.03571428571428571,0.04206349206349207,0.03571428571428571,0.06746031746031746,0.048412698412698414,0.03888888888888889,0.04047619047619048,0.05634920634920635,0.07222222222222222,0.04047619047619048,0.05317460317460317,0.04047619047619048,0.04523809523809524,0.07698412698412699,0.06111111111111111,0.05317460317460317,0.03888888888888889,0.06428571428571428,0.03571428571428571
218,0.028356481481481486,0.02951388888888889,0.028356481481481486,0.05266203703703704,0.03645833333333334,0.034143518518518524,0.02604166666666667,0.034143518518518524,0.1359953703703704,0.03298611111111112,0.060763888888888895,0.08969907407407408,0.028356481481481486,0.03530092592592593,0.03761574074074075,0.0457175925925926,0.053819444444444454,0.08622685185185186,0.05729166666666667,0.06655092592592594
219,0.03547523427041499,0.030120481927710843,0.09705488621151272,0.03547523427041499,0.06894243641231593,0.03279785809906292,0.07429718875502007,0.03279785809906292,0.05287817938420348,0.04216867469879518,0.09303882195448461,0.03279785809906292,0.05823293172690763,0.04618473895582329,0.06894243641231593,0.04484605087014726,0.03547523427041499,0.03815261044176707,0.040829986613119144,0.039491298527443104
220,0.04155730533683289,0.0205599300087489,0.09580052493438318,0.019685039370078736,0.029308836395450562,0.0231846019247594,0.028433945756780394,0.02755905511811023,0.13342082239720032,0.03893263342082239,0.035433070866141725,0.04155730533683289,0.05555555555555554,0.05205599300087488,0.1290463692038495,0.04943132108486438,0.022309711286089235,0.035433070866141725,0.09667541557305334,0.024059492563429565
221,0.040829986613119144,0.040829986613119144,0.04484605087014726,0.05689424364123159,0.030120481927710843,0.030120481927710843,0.03547523427041499,0.05555555555555555,0.14792503346720215,0.04216867469879518,0.03145917001338688,0.030120481927710843,0.03145917001338688,0.03547523427041499,0.040829986613119144,0.03547523427041499,0.04618473895582329,0.142570281124498,0.03681392235609103,0.04484605087014726
222,0.06323877068557919,0.03250591016548463,0.03605200945626478,0.057328605200945626,0.0466903073286052,0.04196217494089834,0.030141843971631204,0.07624113475177305,0.03605200945626478,0.1566193853427896,0.030141843971631204,0.04905437352245863,0.050236406619385346,0.03959810874704492,0.04314420803782506,0.040780141843971635,0.03486997635933806,0.04550827423167849,0.04550827423167849,0.044326241134751775
223,0.06654456654456653,0.04456654456654456,0.06776556776556775,0.15323565323565322,0.060439560439560426,0.03846153846153846,0.028693528693528685,0.05067155067155066,0.05555555555555554,0.04578754578754578,0.04822954822954822,0.04822954822954822,0.03601953601953601,0.03357753357753357,0.03235653235653235,0.02991452991452991,0.047008547008546994,0.03479853479853479,0.03724053724053723,0.0409035409035409
224,0.04979035639412998,0.04559748427672956,0.0319706498951782,0.026729559748427674,0.04140461215932914,0.024633123689727462,0.029874213836477988,0.036163522012578615,0.028825995807127882,0.04140461215932914,0.04245283018867924,0.03511530398322851,0.037211740041928724,0.12945492662473795,0.0319706498951782,0.20178197064989517,0.05293501048218029,0.026729559748427674,0.04035639412997904,0.04559748427672956
225,0.056100217864923745,0.03431372549019608,0.049564270152505446,0.03431372549019608,0.051742919389978215,0.024509803921568627,0.04084967320261438,0.0659041394335512,0.02886710239651416,0.02559912854030501,0.0789760348583878,0.08115468409586056,0.07026143790849673,0.08333333333333333,0.03649237472766884,0.046296296296296294,0.03867102396514161,0.06263616557734204,0.03104575163398693,0.0593681917211329
226,0.01940639269406393,0.036149162861491634,0.05669710806697109,0.034627092846270933,0.023972602739726033,0.042237442922374434,0.036149162861491634,0.07876712328767124,0.026255707762557083,0.03158295281582953,0.11529680365296806,0.16628614916286152,0.01864535768645358,0.07800608828006089,0.043759512937595134,0.024733637747336383,0.05213089802130899,0.02321156773211568,0.041476407914764084,0.05060882800608829
227,0.023148148148148147,0.07767489711934156,0.06327160493827161,0.044753086419753084,0.05606995884773663,0.03446502057613169,0.22376543209876543,0.06635802469135803,0.03652263374485597,0.03343621399176955,0.04372427983539095,0.02417695473251029,0.023148148148148147,0.030349794238683128,0.03446502057613169,0.044753086419753084,0.045781893004115226,0.025205761316872428,0.028292181069958847,0.04063786008230453
228,0.02411477411477411,0.042429792429792425,0.02106227106227106,0.03815628815628815,0.04059829059829059,0.016788766788766785,0.20604395604395598,0.08760683760683759,0.02838827838827838,0.03632478632478632,0.09737484737484735,0.016178266178266176,0.02838827838827838,0.028998778998778993,0.052197802197802186,0.047924297924297914,0.07600732600732599,0.05097680097680096,0.02716727716727716,0.033272283272283265
229,0.03763440860215054,0.04002389486260454,0.07945041816009558,0.026881720430107527,0.04241338112305854,0.026881720430107527,0.09976105137395459,0.05436081242532855,0.04241338112305854,0.028076463560334528,0.08542413381123058,0.05436081242532855,0.04958183990442055,0.07228195937873358,0.06630824372759857,0.032855436081242535,0.03046594982078853,0.04958183990442055,0.047192353643966546,0.034050179211469536
230,0.03774928774928775,0.03347578347578348,0.04202279202279202,0.04772079772079772,0.03347578347578348,0.03205128205128205,0.03205128205128205,0.03347578347578348,0.03774928774928775,0.06766381766381767,0.11324786324786325,0.03205128205128205,0.08048433048433049,0.03632478632478633,0.05056980056980057,0.03205128205128205,0.08618233618233619,0.07051282051282051,0.04344729344729345,0.057692307692307696
231,0.020928462709284626,0.017884322678843226,0.03919330289193303,0.03919330289193303,0.08942161339421613,0.09779299847792998,0.09627092846270928,0.024733637747336376,0.13964992389649925,0.027016742770167426,0.032343987823439876,0.03843226788432268,0.05898021308980213,0.03462709284627093,0.031582952815829526,0.06735159817351598,0.03462709284627093,0.05441400304414003,0.03538812785388128,0.020167427701674276
232,0.03289473684210527,0.03289473684210527,0.0358187134502924,0.04605263157894737,0.04605263157894737,0.03289473684210527,0.11476608187134504,0.03289473684210527,0.03728070175438597,0.05628654970760234,0.07529239766081873,0.06359649122807019,0.04166666666666667,0.06213450292397661,0.05774853801169591,0.03728070175438597,0.040204678362573104,0.04605263157894737,0.04605263157894737,0.06213450292397661
233,0.06512141280353202,0.041574687270051515,0.04451802796173658,0.03274466519499633,0.038631346578366456,0.02538631346578367,0.050404709345106706,0.029065489330389997,0.08793230316409126,0.027593818984547464,0.10117733627667404,0.0268579838116262,0.08646063281824873,0.05629139072847683,0.15857247976453276,0.03274466519499633,0.022442972774098607,0.020971302428256074,0.023914643119941136,0.027593818984547464
234,0.045997610513739545,0.04121863799283154,0.07228195937873358,0.034050179211469536,0.031660692951015534,0.05316606929510155,0.05316606929510155,0.04838709677419355,0.045997610513739545,0.03524492234169654,0.032855436081242535,0.026881720430107527,0.028076463560334528,0.05197132616487455,0.07228195937873358,0.08900836320191159,0.07945041816009558,0.031660692951015534,0.045997610513739545,0.08064516129032258
235,0.03347578347578348,0.04487179487179487,0.06481481481481481,0.03347578347578348,0.051994301994301995,0.03205128205128205,0.051994301994301995,0.03774928774928775,0.03917378917378917,0.03205128205128205,0.09615384615384616,0.10612535612535613,0.05626780626780627,0.03205128205128205,0.03917378917378917,0.03632478632478633,0.03774928774928775,0.0405982905982906,0.0633903133903134,0.07051282051282051
236,0.02631578947368421,0.03216374269005848,0.03567251461988304,0.03333333333333333,0.02982456140350877,0.038011695906432746,0.02982456140350877,0.04152046783625731,0.07192982456140351,0.15730994152046784,0.05906432748538012,0.02631578947368421,0.06491228070175438,0.03567251461988304,0.030994152046783626,0.03684210526315789,0.02631578947368421,0.1327485380116959,0.03567251461988304,0.05555555555555555
237,0.05824372759856633,0.05107526881720432,0.06720430107526884,0.0403225806451613,0.04749103942652331,0.0403225806451613,0.04211469534050181,0.0403225806451613,0.056451612903225826,0.06899641577060935,0.04928315412186381,0.0403225806451613,0.06182795698924733,0.04749103942652331,0.0403225806451613,0.0403225806451613,0.0403225806451613,0.056451612903225826,0.06720430107526884,0.043906810035842306
238,0.03571428571428571,0.0373015873015873,0.03888888888888889,0.06904761904761905,0.03888888888888889,0.048412698412698414,0.0626984126984127,0.03571428571428571,0.03888888888888889,0.03888888888888889,0.05317460317460317,0.05,0.08333333333333333,0.0626984126984127,0.03571428571428571,0.05,0.07698412698412699,0.04206349206349207,0.05,0.051587301587301584
239,0.07495590828924163,0.03968253968253969,0.07142857142857144,0.03968253968253969,0.06084656084656085,0.04850088183421517,0.046737213403880075,0.03968253968253969,0.041446208112874784,0.05555555555555556,0.046737213403880075,0.052028218694885366,0.06261022927689595,0.03968253968253969,0.03968253968253969,0.06437389770723105,0.05555555555555556,0.03968253968253969,0.041446208112874784,0.03968253968253969
240,0.027485380116959064,0.054385964912280704,0.03567251461988304,0.05789473684210526,0.04152046783625731,0.030994152046783626,0.027485380116959064,0.0391812865497076,0.06140350877192982,0.09181286549707603,0.03684210526315789,0.06140350877192982,0.0391812865497076,0.03684210526315789,0.03216374269005848,0.03333333333333333,0.03450292397660819,0.15730994152046784,0.06140350877192982,0.0391812865497076
241,0.04330708661417323,0.07480314960629922,0.06517935258092739,0.020559930008748905,0.03805774278215223,0.08267716535433071,0.0284339457567804,0.020559930008748905,0.01968503937007874,0.01968503937007874,0.03718285214348206,0.01968503937007874,0.0310586176727909,0.22615923009623798,0.0310586176727909,0.08267716535433071,0.0284339457567804,0.020559930008748905,0.08355205599300088,0.02668416447944007
242,0.04960317460317459,0.040343915343915335,0.029761904761904753,0.03637566137566137,0.04166666666666666,0.12499999999999997,0.03373015873015872,0.031084656084656076,0.029761904761904753,0.048280423280423264,0.04298941798941798,0.0443121693121693,0.0443121693121693,0.0443121693121693,0.03902116402116401,0.12367724867724865,0.029761904761904753,0.04298941798941798,0.06415343915343914,0.058862433862433845
243,0.0491698595146871,0.0491698595146871,0.05172413793103448,0.031289910600255426,0.042784163473818644,0.0491698595146871,0.028735632183908046,0.032567049808429116,0.03639846743295019,0.028735632183908046,0.032567049808429116,0.05300127713920817,0.028735632183908046,0.12324393358876118,0.028735632183908046,0.04661558109833972,0.08876117496807152,0.030012771392081736,0.07215836526181353,0.09642401021711366
244,0.025475751995089013,0.045733578882750155,0.025475751995089013,0.0383670963781461,0.048189073050951506,0.019950890116635974,0.058011049723756904,0.07888275015346839,0.05985267034990792,0.17096378146101904,0.10650705954573358,0.019337016574585635,0.08195211786372007,0.01565377532228361,0.02608962553713935,0.0285451197053407,0.024861878453038673,0.0659914057704113,0.036525475751995086,0.023634131368937997
245,0.03424657534246576,0.08904109589041097,0.10578386605783867,0.04794520547945206,0.05555555555555556,0.03424657534246576,0.03881278538812786,0.05251141552511416,0.05707762557077626,0.06012176560121766,0.04185692541856926,0.03881278538812786,0.05859969558599696,0.04337899543378996,0.03576864535768646,0.04490106544901066,0.04642313546423136,0.03424657534246576,0.04490106544901066,0.03576864535768646
246,0.03956228956228956,0.03787878787878788,0.05976430976430976,0.03787878787878788,0.047979797979797977,0.03787878787878788,0.05134680134680135,0.04292929292929293,0.03956228956228956,0.10016835016835017,0.05134680134680135,0.03956228956228956,0.046296296296296294,0.03787878787878788,0.047979797979797977,0.12373737373737374,0.03787878787878788,0.03787878787878788,0.03787878787878788,0.04461279461279461
247,0.059640522875817004,0.04330065359477125,0.09232026143790852,0.04166666666666667,0.054738562091503275,0.038398692810457526,0.038398692810457526,0.038398692810457526,0.04983660130718955,0.040032679738562095,0.048202614379084976,0.0531045751633987,0.044934640522875824,0.0531045751633987,0.05637254901960785,0.07271241830065361,0.059640522875817004,0.040032679738562095,0.038398692810457526,0.03676470588235295
248,0.060956790123456776,0.040895061728395056,0.043981481481481476,0.08873456790123456,0.0640432098765432,0.03472222222222222,0.07330246913580246,0.0655864197530864,0.039351851851851846,0.0486111111111111,0.062499999999999986,0.042438271604938266,0.0486111111111111,0.039351851851851846,0.037808641975308636,0.05324074074074073,0.043981481481481476,0.03472222222222222,0.040895061728395056,0.03626543209876543
249,0.11609686609686609,0.04772079772079772,0.03347578347578348,0.05626780626780627,0.05911680911680912,0.04487179487179487,0.04772079772079772,0.07193732193732194,0.054843304843304845,0.03205128205128205,0.03632478632478633,0.051994301994301995,0.05056980056980057,0.049145299145299144,0.06054131054131054,0.046296296296296294,0.03205128205128205,0.04202279202279202,0.03347578347578348,0.03347578347578348
250,0.06140350877192982,0.043859649122807015,0.05555555555555555,0.06140350877192982,0.043859649122807015,0.043859649122807015,0.043859649122807015,0.07894736842105263,0.049707602339181284,0.043859649122807015,0.04580896686159844,0.043859649122807015,0.043859649122807015,0.043859649122807015,0.057504873294346975,0.06140350877192982,0.04580896686159844,0.043859649122807015,0.043859649122807015,0.043859649122807015
251,0.061369509043927635,0.029069767441860458,0.05878552971576226,0.03165374677002583,0.051033591731266134,0.029069767441860458,0.08074935400516794,0.030361757105943146,0.04457364341085271,0.12984496124031006,0.0742894056847545,0.039405684754521955,0.03811369509043927,0.06912144702842375,0.03294573643410852,0.06653746770025838,0.03294573643410852,0.029069767441860458,0.04198966408268733,0.029069767441860458
252,0.07469135802469136,0.13641975308641976,0.06975308641975309,0.03641975308641975,0.03271604938271605,0.027777777777777776,0.029012345679012345,0.027777777777777776,0.03641975308641975,0.10925925925925926,0.03641975308641975,0.03148148148148148,0.03641975308641975,0.030246913580246913,0.05864197530864197,0.0734567901234568,0.04876543209876543,0.03888888888888889,0.03641975308641975,0.029012345679012345
253,0.041507024265644954,0.14495530012771393,0.04661558109833972,0.028735632183908046,0.028735632183908046,0.028735632183908046,0.04533844189016603,0.04661558109833972,0.032567049808429116,0.08748403575989783,0.032567049808429116,0.041507024265644954,0.05810983397190294,0.08620689655172414,0.038952745849297574,0.05555555555555555,0.04533844189016603,0.030012771392081736,0.03384418901660281,0.04661558109833972
254,0.0411764705882353,0.03202614379084968,0.029411764705882356,0.10784313725490198,0.06339869281045753,0.03986928104575164,0.05947712418300654,0.034640522875817,0.12745098039215688,0.03333333333333334,0.062091503267973865,0.0411764705882353,0.0477124183006536,0.029411764705882356,0.029411764705882356,0.029411764705882356,0.0411764705882353,0.029411764705882356,0.07777777777777779,0.04379084967320262
255,0.04110207768744354,0.027551942186088526,0.04200542005420054,0.026648599819331528,0.04019873532068654,0.15311653116531165,0.026648599819331528,0.036585365853658534,0.03297199638663053,0.026648599819331528,0.02032520325203252,0.02122854561878952,0.11336946702800361,0.06187895212285456,0.027551942186088526,0.13053297199638664,0.02122854561878952,0.03839205058717254,0.03568202348690153,0.07633242999096658
256,0.03472222222222223,0.12731481481481485,0.0505952380952381,0.015542328042328043,0.024140211640211642,0.12070105820105821,0.016865079365079368,0.07440476190476192,0.02215608465608466,0.03472222222222223,0.07705026455026456,0.055886243386243394,0.031415343915343924,0.11276455026455028,0.02347883597883598,0.05456349206349207,0.04265873015873017,0.01818783068783069,0.019510582010582013,0.04332010582010583
257,0.10908681961313542,0.13517768780926678,0.08029689608636978,0.02451641925326136,0.028565002249212778,0.0843454790823212,0.02991452991452992,0.029464687359424205,0.019118308591992806,0.06140350877192983,0.08164642375168692,0.03396311291048134,0.0326135852451642,0.042060278902384174,0.05465587044534414,0.06005398110661269,0.011920827710301396,0.012820512820512822,0.05060728744939272,0.017768780926675668
258,0.03601953601953601,0.04578754578754578,0.0702075702075702,0.03724053724053723,0.07997557997557996,0.027472527472527465,0.04456654456654456,0.03479853479853479,0.047008547008546994,0.03968253968253967,0.057997557997557986,0.03235653235653235,0.10805860805860804,0.03357753357753357,0.0531135531135531,0.03601953601953601,0.05433455433455432,0.08852258852258851,0.03479853479853479,0.03846153846153846
259,0.02508090614886732,0.02508090614886732,0.08764832793959008,0.032092772384034525,0.31957928802589003,0.04719525350593313,0.02184466019417476,0.027238403451995692,0.07847896440129451,0.020765911542610576,0.08603020496224381,0.015372168284789647,0.04665587918015103,0.018608414239482205,0.013754045307443369,0.015372168284789647,0.029935275080906154,0.022384034519956852,0.01752966558791802,0.0493527508090615
260,0.02886710239651416,0.03540305010893246,0.03867102396514161,0.07135076252723312,0.04738562091503268,0.03867102396514161,0.049564270152505446,0.03867102396514161,0.06699346405228758,0.027777777777777776,0.06481481481481481,0.0332244008714597,0.061546840958605666,0.03431372549019608,0.07788671023965142,0.051742919389978215,0.06045751633986928,0.06045751633986928,0.0528322440087146,0.0593681917211329
261,0.041371158392434985,0.02639873916469661,0.05161544523246651,0.18951930654058313,0.05319148936170213,0.02639873916469661,0.02955082742316785,0.06895193065405832,0.06658786446020488,0.03821907013396375,0.04058313632781718,0.024034672970843184,0.05161544523246651,0.01773049645390071,0.031126871552403467,0.04767533490937746,0.05476753349093775,0.041371158392434985,0.057919621749408984,0.041371158392434985
262,0.03490990990990991,0.049924924924924924,0.05292792792792793,0.024399399399399398,0.07545045045045046,0.017642642642642644,0.03641141141141141,0.05518018018018018,0.10472972972972973,0.16103603603603603,0.04391891891891892,0.06944444444444445,0.02665165165165165,0.039414414414414414,0.08220720720720721,0.03190690690690691,0.01839339339339339,0.022147147147147148,0.024399399399399398,0.028903903903903905
263,0.03365384615384615,0.02938034188034188,0.15117521367521367,0.03258547008547009,0.03365384615384615,0.02403846153846154,0.038995726495726496,0.1597222222222222,0.06891025641025642,0.03579059829059829,0.03685897435897436,0.028311965811965812,0.049679487179487176,0.05502136752136752,0.0625,0.052884615384615384,0.02403846153846154,0.026175213675213676,0.030448717948717948,0.026175213675213676
264,0.15404040404040403,0.024747474747474747,0.06717171717171717,0.025757575757575757,0.03383838383838384,0.04090909090909091,0.024747474747474747,0.06414141414141414,0.0398989898989899,0.04898989898989899,0.04191919191919192,0.07121212121212121,0.04090909090909091,0.04191919191919192,0.04494949494949495,0.05202020202020202,0.05101010101010101,0.031818181818181815,0.047979797979797977,0.05202020202020202
265,0.04082491582491583,0.02230639730639731,0.02398989898989899,0.03661616161616162,0.13594276094276098,0.02398989898989899,0.02735690235690236,0.03240740740740741,0.031565656565656575,0.09553872053872055,0.02398989898989899,0.019781144781144785,0.02735690235690236,0.018939393939393943,0.029882154882154885,0.0660774410774411,0.08543771043771045,0.13594276094276098,0.06355218855218857,0.058501683501683506
266,0.053995006242197253,0.01466916354556804,0.05149812734082397,0.03901373283395755,0.22128589263420725,0.024656679151061175,0.019662921348314606,0.0284019975031211,0.040262172284644196,0.027777777777777776,0.024032459425717852,0.03838951310861423,0.04712858926342072,0.016541822721598,0.03651685393258427,0.030274656679151062,0.08645443196004994,0.13451935081148564,0.0284019975031211,0.03651685393258427
267,0.028052805280528045,0.04675467546754675,0.05665566556655664,0.030253025302530247,0.07975797579757975,0.028052805280528045,0.03575357535753575,0.024752475247524747,0.025852585258525844,0.036853685368536844,0.2282728272827282,0.033553355335533545,0.042354235423542344,0.039053905390539045,0.06545654565456545,0.05445544554455444,0.031353135313531344,0.029152915291529146,0.026952695269526945,0.05665566556655664
268,0.03677621283255087,0.04929577464788733,0.0696400625978091,0.03677621283255087,0.11815336463223788,0.03677621283255087,0.046165884194053215,0.038341158059467924,0.06494522691705791,0.03521126760563381,0.038341158059467924,0.03677621283255087,0.09780907668231613,0.03521126760563381,0.046165884194053215,0.03521126760563381,0.04929577464788733,0.03677621283255087,0.05242566510172145,0.039906103286384983
269,0.0933641975308642,0.034722222222222224,0.05324074074074074,0.03935185185185185,0.04861111111111111,0.034722222222222224,0.034722222222222224,0.04243827160493827,0.034722222222222224,0.034722222222222224,0.05015432098765432,0.06404320987654322,0.04861111111111111,0.09953703703703703,0.034722222222222224,0.07484567901234568,0.0470679012345679,0.03780864197530864,0.05632716049382716,0.036265432098765434
270,0.0576388888888889,0.045138888888888895,0.05625000000000001,0.043750000000000004,0.03125000000000001,0.0576388888888889,0.03541666666666667,0.03402777777777778,0.03125000000000001,0.03125000000000001,0.04236111111111112,0.04097222222222223,0.03125000000000001,0.22708333333333336,0.036805555555555564,0.04236111111111112,0.05486111111111112,0.0326388888888889,0.0326388888888889,0.03541666666666667
271,0.06975772765246449,0.025480367585630742,0.03467000835421888,0.021303258145363407,0.02631578947368421,0.02046783625730994,0.04469507101086048,0.03383458646616541,0.02631578947368421,0.054720133667502086,0.03383458646616541,0.14912280701754385,0.025480367585630742,0.2627401837928154,0.03132832080200501,0.021303258145363407,0.04051796157059315,0.018796992481203006,0.03717627401837928,0.022138680033416874
272,0.06342592592592593,0.02638888888888889,0.04953703703703704,0.024537037037037038,0.029166666666666667,0.027314814814814816,0.020833333333333332,0.03564814814814815,0.02824074074074074,0.04953703703703704,0.07083333333333333,0.1486111111111111,0.02361111111111111,0.20601851851851852,0.03564814814814815,0.03009259259259259,0.029166666666666667,0.027314814814814816,0.038425925925925926,0.03564814814814815
273,0.05455455455455457,0.0855855855855856,0.04354354354354355,0.02452452452452453,0.031531531531531536,0.04154154154154155,0.030530530530530536,0.027527527527527535,0.02352352352352353,0.04054054054054055,0.030530530530530536,0.18568568568568572,0.036536536536536546,0.14064064064064066,0.03353353353353354,0.02352352352352353,0.06256256256256258,0.03453453453453454,0.02452452452452453,0.02452452452452453
274,0.02777777777777778,0.05799220272904484,0.061890838206627684,0.04434697855750488,0.03460038986354776,0.12426900584795322,0.04142300194931774,0.08430799220272905,0.022904483430799222,0.04532163742690059,0.042397660818713455,0.02875243664717349,0.05701754385964913,0.055068226120857704,0.024853801169590645,0.09015594541910332,0.0375243664717349,0.030701754385964914,0.042397660818713455,0.0462962962962963
275,0.05997474747474747,0.0422979797979798,0.029671717171717172,0.028409090909090908,0.046085858585858584,0.07007575757575757,0.028409090909090908,0.04734848484848485,0.03977272727272727,0.030934343434343436,0.08522727272727272,0.07891414141414141,0.032196969696969696,0.11426767676767677,0.05744949494949495,0.06502525252525253,0.03345959595959596,0.028409090909090908,0.03598484848484849,0.046085858585858584
276,0.037808641975308636,0.03472222222222222,0.03626543209876543,0.15663580246913578,0.0640432098765432,0.03472222222222222,0.05478395061728394,0.045524691358024685,0.05478395061728394,0.03472222222222222,0.07638888888888888,0.03626543209876543,0.045524691358024685,0.043981481481481476,0.042438271604938266,0.03472222222222222,0.039351851851851846,0.0486111111111111,0.03626543209876543,0.042438271604938266
277,0.11272923408845739,0.039374325782092774,0.041531823085221145,0.06310679611650485,0.026429341963322545,0.04908306364617044,0.0296655879180151,0.04800431499460626,0.04261057173678533,0.036138079827400214,0.024271844660194174,0.1353829557713053,0.02750809061488673,0.09331175836030205,0.05663430420711974,0.0372168284789644,0.02750809061488673,0.03398058252427184,0.03505933117583603,0.040453074433656956
278,0.03867791842475388,0.03867791842475388,0.13009845288326305,0.031645569620253174,0.04571026722925458,0.06258790436005628,0.031645569620253174,0.031645569620253174,0.054149085794655424,0.07805907172995782,0.037271448663853735,0.0569620253164557,0.042897327707454296,0.03586497890295359,0.03867791842475388,0.08227848101265824,0.033052039381153316,0.03445850914205345,0.0569620253164557,0.03867791842475388
279,0.08791801510248111,0.07820927723840344,0.04153182308522114,0.04476806903991369,0.029665587918015095,0.10733549083063644,0.031823085221143466,0.029665587918015095,0.02858683926645091,0.050161812297734615,0.0512405609492988,0.025350593311758353,0.04476806903991369,0.04045307443365695,0.02642934196332254,0.1310679611650485,0.03074433656957928,0.032901833872707655,0.05663430420711973,0.03074433656957928
280,0.1005050505050505,0.04393939393939394,0.05808080808080808,0.05909090909090909,0.0893939393939394,0.03686868686868687,0.04494949494949495,0.05101010101010101,0.0601010101010101,0.0601010101010101,0.05606060606060606,0.027777777777777776,0.03585858585858586,0.0398989898989899,0.04898989898989899,0.03282828282828283,0.03787878787878788,0.05,0.02878787878787879,0.03787878787878788
281,0.032163742690058485,0.0801169590643275,0.034502923976608195,0.03801169590643275,0.0368421052631579,0.03567251461988305,0.029824561403508778,0.0368421052631579,0.030994152046783633,0.11403508771929827,0.04619883040935673,0.03801169590643275,0.026315789473684216,0.05087719298245615,0.034502923976608195,0.026315789473684216,0.0497076023391813,0.15029239766081876,0.05087719298245615,0.05789473684210528
282,0.03819444444444445,0.02507716049382716,0.024305555555555556,0.06597222222222222,0.10686728395061729,0.052083333333333336,0.022762345679012346,0.03896604938271605,0.03279320987654321,0.17631172839506173,0.025848765432098766,0.02353395061728395,0.0783179012345679,0.028935185185185185,0.024305555555555556,0.02353395061728395,0.02199074074074074,0.07368827160493827,0.0466820987654321,0.06983024691358025
283,0.04772079772079772,0.07478632478632478,0.07621082621082621,0.04202279202279202,0.0405982905982906,0.0349002849002849,0.12179487179487179,0.03205128205128205,0.03774928774928775,0.07905982905982906,0.03347578347578348,0.03917378917378917,0.04487179487179487,0.03774928774928775,0.05626780626780627,0.04202279202279202,0.03632478632478633,0.04772079772079772,0.03205128205128205,0.04344729344729345
284,0.061921296296296294,0.026041666666666668,0.10590277777777778,0.036458333333333336,0.06076388888888889,0.031828703703703706,0.03298611111111111,0.06886574074074074,0.041087962962962965,0.0954861111111111,0.036458333333333336,0.027199074074074073,0.028356481481481483,0.045717592592592594,0.028356481481481483,0.05497685185185185,0.045717592592592594,0.052662037037037035,0.046875,0.07233796296296297
285,0.030361757105943153,0.029069767441860465,0.11563307493540052,0.05878552971576227,0.06524547803617571,0.029069767441860465,0.07170542635658915,0.05232558139534884,0.03294573643410853,0.04198966408268734,0.03165374677002584,0.04198966408268734,0.03294573643410853,0.07299741602067183,0.04844961240310078,0.030361757105943153,0.04974160206718346,0.03682170542635659,0.0562015503875969,0.07170542635658915
286,0.07548309178743962,0.08031400966183574,0.06944444444444445,0.11292270531400966,0.0320048309178744,0.0320048309178744,0.03321256038647343,0.03321256038647343,0.06099033816425121,0.0392512077294686,0.0392512077294686,0.028381642512077296,0.05253623188405797,0.02717391304347826,0.02717391304347826,0.057367149758454104,0.044082125603864736,0.0646135265700483,0.059782608695652176,0.030797101449275364
287,0.04946727549467275,0.03729071537290715,0.10730593607305935,0.03424657534246575,0.04490106544901065,0.03424657534246575,0.04033485540334855,0.03576864535768645,0.04946727549467275,0.09208523592085235,0.04185692541856925,0.03424657534246575,0.06164383561643835,0.06164383561643835,0.06468797564687975,0.04794520547945205,0.03424657534246575,0.04794520547945205,0.03881278538812785,0.04185692541856925
288,0.045061728395061736,0.04012345679012346,0.03395061728395062,0.05864197530864198,0.04876543209876544,0.02777777777777778,0.06358024691358026,0.14135802469135805,0.04012345679012346,0.0425925925925926,0.1623456790123457,0.03271604938271606,0.031481481481481485,0.05246913580246914,0.02777777777777778,0.02777777777777778,0.03271604938271606,0.029012345679012348,0.031481481481481485,0.030246913580246917
289,0.1194125159642401,0.038952745849297574,0.040229885057471264,0.030012771392081736,0.05810983397190294,0.028735632183908046,0.0351213282247765,0.06194125159642401,0.03639846743295019,0.05300127713920817,0.0351213282247765,0.04533844189016603,0.05300127713920817,0.04533844189016603,0.10791826309067688,0.038952745849297574,0.032567049808429116,0.04661558109833972,0.05938697318007663,0.03384418901660281
290,0.03009259259259259,0.01951058201058201,0.02017195767195767,0.07308201058201058,0.016203703703703703,0.040013227513227514,0.021494708994708994,0.028769841269841268,0.045304232804232805,0.050595238095238096,0.021494708994708994,0.026785714285714284,0.023478835978835978,0.060515873015873016,0.02414021164021164,0.016865079365079364,0.06448412698412699,0.3072089947089947,0.06514550264550265,0.044642857142857144
291,0.04121863799283155,0.03333333333333334,0.06774193548387099,0.23476702508960576,0.04336917562724015,0.018279569892473122,0.09856630824372761,0.04265232974910395,0.032616487455197136,0.032616487455197136,0.045519713261648755,0.017562724014336922,0.03548387096774194,0.02759856630824373,0.017562724014336922,0.024014336917562728,0.029032258064516134,0.06702508960573478,0.018279569892473122,0.07275985663082439
292,0.028556593977154727,0.05244029075804777,0.028556593977154727,0.03374870197300105,0.060747663551401876,0.024402907580477678,0.06905503634475599,0.025441329179646942,0.06905503634475599,0.03271028037383178,0.041017653167185884,0.0545171339563863,0.09293873312564903,0.041017653167185884,0.09813084112149534,0.036863966770508835,0.037902388369678096,0.08151609553478714,0.04413291796469367,0.04724818276220146
293,0.05266955266955266,0.044011544011544,0.07575757575757575,0.04112554112554112,0.10750360750360748,0.0541125541125541,0.03679653679653679,0.058441558441558426,0.04545454545454545,0.04834054834054833,0.04834054834054833,0.03679653679653679,0.033910533910533905,0.04834054834054833,0.03823953823953823,0.059884559884559874,0.0541125541125541,0.035353535353535345,0.03968253968253967,0.04112554112554112
294,0.03601953601953602,0.05311355311355312,0.07142857142857144,0.08730158730158731,0.047008547008547015,0.03846153846153847,0.10561660561660563,0.06532356532356534,0.04334554334554335,0.05311355311355312,0.08852258852258854,0.04090354090354091,0.03601953601953602,0.03846153846153847,0.03357753357753358,0.028693528693528696,0.027472527472527476,0.027472527472527476,0.04578754578754579,0.032356532356532366
295,0.026748971193415638,0.06049382716049383,0.06954732510288066,0.040740740740740744,0.021810699588477367,0.03497942386831276,0.05802469135802469,0.0448559670781893,0.026748971193415638,0.03497942386831276,0.08847736625514403,0.026748971193415638,0.030041152263374487,0.11316872427983539,0.0448559670781893,0.11728395061728394,0.03662551440329218,0.029218106995884775,0.05802469135802469,0.03662551440329218
296,0.034961685823754786,0.021551724137931036,0.03017241379310345,0.03975095785440613,0.035919540229885055,0.026340996168582376,0.041666666666666664,0.036877394636015325,0.11350574712643678,0.025383141762452106,0.035919540229885055,0.042624521072796934,0.08955938697318008,0.07614942528735633,0.025383141762452106,0.04645593869731801,0.04549808429118774,0.12404214559386974,0.07040229885057471,0.037835249042145594
297,0.03780864197530864,0.034722222222222224,0.05478395061728395,0.03935185185185185,0.07175925925925926,0.034722222222222224,0.08410493827160494,0.03935185185185185,0.04089506172839506,0.0470679012345679,0.09490740740740741,0.05015432098765432,0.07947530864197531,0.034722222222222224,0.03780864197530864,0.04861111111111111,0.04861111111111111,0.0470679012345679,0.03780864197530864,0.036265432098765434
298,0.04943934760448522,0.022935779816513763,0.08511722731906218,0.03618756371049949,0.08613659531090724,0.03109072375127421,0.052497451580020386,0.03618756371049949,0.09531090723751275,0.06880733944954129,0.03618756371049949,0.027013251783893986,0.060652395514780834,0.03720693170234455,0.033129459734964326,0.023955147808358817,0.09734964322120285,0.04332313965341488,0.03618756371049949,0.04128440366972477
299,0.03676470588235295,0.03676470588235295,0.0465686274509804,0.08088235294117649,0.04166666666666667,0.08088235294117649,0.048202614379084976,0.038398692810457526,0.06781045751633988,0.06617647058823531,0.038398692810457526,0.03676470588235295,0.04330065359477125,0.044934640522875824,0.040032679738562095,0.038398692810457526,0.07761437908496734,0.04983660130718955,0.038398692810457526,0.048202614379084976
300,0.031216931216931216,0.028042328042328042,0.051322751322751325,0.05343915343915344,0.05873015873015873,0.032275132275132276,0.038624338624338624,0.02486772486772487,0.07354497354497354,0.06190476190476191,0.031216931216931216,0.025925925925925925,0.13174603174603175,0.0417989417989418,0.04814814814814815,0.051322751322751325,0.06296296296296296,0.07037037037037037,0.03333333333333333,0.049206349206349205
301,0.03113553113553113,0.02991452991452991,0.08974358974358973,0.02991452991452991,0.05189255189255188,0.05067155067155066,0.03601953601953601,0.07875457875457874,0.0409035409035409,0.04822954822954822,0.05189255189255188,0.049450549450549434,0.06776556776556775,0.03601953601953601,0.08485958485958485,0.05067155067155066,0.05677655677655676,0.027472527472527465,0.04822954822954822,0.03968253968253967
302,0.05324074074074073,0.060956790123456776,0.05169753086419752,0.05478395061728394,0.05015432098765431,0.03626543209876543,0.042438271604938266,0.037808641975308636,0.039351851851851846,0.05324074074074073,0.03472222222222222,0.0640432098765432,0.07330246913580246,0.0486111111111111,0.040895061728395056,0.06712962962962962,0.0486111111111111,0.03472222222222222,0.06867283950617283,0.039351851851851846
303,0.03571428571428572,0.038888888888888896,0.03571428571428572,0.06111111111111112,0.05000000000000002,0.03571428571428572,0.03730158730158731,0.05317460317460319,0.04682539682539683,0.06269841269841271,0.03571428571428572,0.0642857142857143,0.03571428571428572,0.03730158730158731,0.03571428571428572,0.03571428571428572,0.08015873015873018,0.14365079365079367,0.038888888888888896,0.03571428571428572
304,0.05859969558599695,0.03424657534246575,0.03729071537290715,0.04794520547945205,0.04794520547945205,0.03424657534246575,0.08751902587519025,0.13470319634703196,0.03881278538812785,0.03881278538812785,0.04794520547945205,0.03424657534246575,0.06316590563165905,0.03424657534246575,0.04033485540334855,0.03424657534246575,0.03424657534246575,0.04794520547945205,0.03729071537290715,0.06621004566210045
305,0.07118055555555554,0.09548611111111108,0.02604166666666666,0.037615740740740734,0.03645833333333333,0.11747685185185182,0.03645833333333333,0.0318287037037037,0.05266203703703702,0.035300925925925916,0.04687499999999999,0.02951388888888888,0.028356481481481476,0.051504629629629615,0.032986111111111105,0.08275462962962962,0.044560185185185175,0.056134259259259245,0.05960648148148147,0.027199074074074066
306,0.03932584269662922,0.034332084893882654,0.10424469413233461,0.03682896379525594,0.046816479400749074,0.061797752808988776,0.044319600499375784,0.034332084893882654,0.040574282147315864,0.07802746566791512,0.08302122347066168,0.0418227215980025,0.03558052434456929,0.0418227215980025,0.03558052434456929,0.030586766541822727,0.10299625468164797,0.04931335830212236,0.028089887640449444,0.030586766541822727
307,0.05780780780780781,0.06531531531531531,0.03528528528528529,0.044294294294294295,0.05930930930930931,0.07882882882882883,0.03528528528528529,0.033783783783783786,0.03528528528528529,0.0533033033033033,0.08333333333333333,0.038288288288288286,0.05780780780780781,0.060810810810810814,0.04129129129129129,0.05780780780780781,0.0472972972972973,0.033783783783783786,0.03528528528528529,0.0457957957957958
308,0.041880341880341884,0.03846153846153847,0.052136752136752146,0.05555555555555556,0.050427350427350436,0.03846153846153847,0.03846153846153847,0.041880341880341884,0.11709401709401711,0.05726495726495727,0.048717948717948725,0.052136752136752146,0.07094017094017095,0.050427350427350436,0.04017094017094018,0.04017094017094018,0.04017094017094018,0.03846153846153847,0.045299145299145305,0.041880341880341884
309,0.039797008547008544,0.03125,0.01469017094017094,0.01842948717948718,0.03445512820512821,0.08680555555555555,0.10283119658119658,0.09748931623931624,0.05368589743589743,0.021634615384615384,0.021100427350427352,0.030181623931623932,0.022702991452991452,0.020566239316239316,0.1984508547008547,0.015224358974358974,0.013087606837606838,0.017361111111111112,0.017895299145299144,0.1423611111111111
310,0.09406565656565657,0.03724747474747475,0.06250000000000001,0.02840909090909091,0.029671717171717175,0.02840909090909091,0.029671717171717175,0.0321969696969697,0.02840909090909091,0.03093434343434344,0.086489898989899,0.12563131313131315,0.02840909090909091,0.09280303030303032,0.038510101010101015,0.047348484848484855,0.04987373737373738,0.02840909090909091,0.05744949494949496,0.04356060606060607
311,0.03777777777777778,0.03333333333333333,0.0437037037037037,0.03925925925925926,0.040740740740740744,0.0362962962962963,0.04666666666666667,0.04666666666666667,0.03925925925925926,0.0437037037037037,0.0674074074074074,0.09851851851851852,0.04814814814814815,0.1562962962962963,0.042222222222222223,0.03333333333333333,0.0362962962962963,0.0362962962962963,0.03333333333333333,0.040740740740740744
312,0.043281653746770024,0.03682170542635659,0.03294573643410853,0.030361757105943153,0.04198966408268734,0.0458656330749354,0.03165374677002584,0.11046511627906977,0.09108527131782945,0.08074935400516796,0.03811369509043928,0.030361757105943153,0.03682170542635659,0.030361757105943153,0.08979328165374677,0.047157622739018086,0.04198966408268734,0.07687338501291989,0.030361757105943153,0.03294573643410853
313,0.019293351929335196,0.06624825662482568,0.023012552301255235,0.04439795443979545,0.0588098558809856,0.019293351929335196,0.07461645746164576,0.19409576940957696,0.022082752208275224,0.024872152487215252,0.012319851231985125,0.06206415620641563,0.023012552301255235,0.023942352394235242,0.027196652719665277,0.03324035332403534,0.049046954904695496,0.1271501627150163,0.015109251510925154,0.08019525801952582
314,0.033116178067318126,0.011038726022439375,0.015019905899384723,0.08812884545783567,0.016829533116178064,0.02479189287006876,0.3309808179515019,0.04325009048136083,0.03854505971769815,0.06894679695982626,0.035649656170828804,0.022620340209916753,0.010676800579080707,0.02298226565327542,0.1239594643503438,0.016467607672819396,0.029134998190372775,0.029858849077090112,0.02153456387984075,0.016467607672819396
315,0.043103448275862065,0.05268199233716474,0.08908045977011493,0.043103448275862065,0.06226053639846742,0.043103448275862065,0.043103448275862065,0.043103448275862065,0.043103448275862065,0.07950191570881225,0.0450191570881226,0.043103448275862065,0.04693486590038313,0.05842911877394635,0.043103448275862065,0.043103448275862065,0.043103448275862065,0.043103448275862065,0.04885057471264367,0.043103448275862065
316,0.036776212832550864,0.03990610328638498,0.036776212832550864,0.035211267605633804,0.04616588419405321,0.035211267605633804,0.041471048513302036,0.11658841940532082,0.035211267605633804,0.09467918622848201,0.04929577464788732,0.035211267605633804,0.041471048513302036,0.04773082942097027,0.061815336463223784,0.03990610328638498,0.035211267605633804,0.0649452269170579,0.041471048513302036,0.0649452269170579
317,0.05555555555555555,0.08585858585858586,0.02800734618916437,0.024334251606978878,0.08494031221303948,0.07575757575757576,0.02800734618916437,0.03168044077134986,0.022497704315886134,0.049127640036730945,0.07667584940312214,0.02157943067033976,0.07483930211202938,0.07851239669421488,0.03902662993572085,0.0674931129476584,0.0573921028466483,0.03351698806244261,0.025252525252525252,0.03994490358126722
318,0.038043478260869575,0.030797101449275367,0.045289855072463775,0.038043478260869575,0.08756038647342997,0.03442028985507247,0.05495169082125605,0.02958937198067633,0.06582125603864736,0.07910628019323673,0.04408212560386474,0.045289855072463775,0.053743961352657015,0.027173913043478264,0.03925120772946861,0.038043478260869575,0.04770531400966184,0.11533816425120774,0.04166666666666667,0.04408212560386474
319,0.06091030789825971,0.05823293172690763,0.09571619812583668,0.03413654618473896,0.03279785809906292,0.03145917001338688,0.030120481927710843,0.04484605087014726,0.04618473895582329,0.05421686746987952,0.03279785809906292,0.05823293172690763,0.03145917001338688,0.07965194109772424,0.05689424364123159,0.03413654618473896,0.05823293172690763,0.039491298527443104,0.07965194109772424,0.040829986613119144
320,0.04647435897435897,0.07745726495726495,0.07425213675213674,0.03579059829059828,0.0486111111111111,0.028311965811965805,0.024038461538461533,0.06677350427350426,0.033653846153846145,0.03579059829059828,0.024038461538461533,0.058226495726495714,0.0251068376068376,0.08707264957264955,0.028311965811965805,0.15544871794871792,0.051816239316239306,0.033653846153846145,0.03258547008547008,0.03258547008547008
321,0.04356060606060607,0.09280303030303032,0.06755050505050507,0.04356060606060607,0.04608585858585859,0.051136363636363646,0.04356060606060607,0.05492424242424243,0.05744949494949496,0.03724747474747475,0.04229797979797981,0.029671717171717175,0.038510101010101015,0.04356060606060607,0.03093434343434344,0.03345959595959597,0.03093434343434344,0.0321969696969697,0.12941919191919193,0.051136363636363646
322,0.0609567901234568,0.03472222222222223,0.03935185185185186,0.03472222222222223,0.05015432098765433,0.03472222222222223,0.03780864197530865,0.03626543209876544,0.03626543209876544,0.05015432098765433,0.09953703703703705,0.08101851851851853,0.03780864197530865,0.03935185185185186,0.05015432098765433,0.09953703703703705,0.05169753086419754,0.03472222222222223,0.05015432098765433,0.04089506172839507
323,0.028073286052009455,0.057624113475177305,0.04225768321513002,0.037529550827423167,0.016252955082742316,0.016252955082742316,0.05466903073286052,0.038120567375886524,0.057624113475177305,0.044621749408983453,0.025118203309692673,0.2916666666666667,0.0233451536643026,0.028073286052009455,0.04639479905437352,0.022754137115839245,0.024527186761229315,0.06235224586288416,0.034574468085106384,0.048167848699763594
324,0.09232026143790853,0.0400326797385621,0.06454248366013075,0.05473856209150329,0.03839869281045753,0.0400326797385621,0.036764705882352956,0.04166666666666668,0.05147058823529413,0.036764705882352956,0.05800653594771244,0.04493464052287583,0.036764705882352956,0.06617647058823532,0.06127450980392159,0.07107843137254904,0.04656862745098041,0.036764705882352956,0.03839869281045753,0.043300653594771255
325,0.036375661375661374,0.04298941798941799,0.1130952380952381,0.031084656084656083,0.04431216931216931,0.041666666666666664,0.041666666666666664,0.032407407407407406,0.02976190476190476,0.036375661375661374,0.06547619047619048,0.04431216931216931,0.032407407407407406,0.041666666666666664,0.04034391534391534,0.10912698412698413,0.04828042328042328,0.061507936507936505,0.032407407407407406,0.07473544973544974
326,0.07905982905982907,0.034900284900284906,0.12321937321937323,0.04344729344729346,0.04059829059829061,0.032051282051282055,0.034900284900284906,0.034900284900284906,0.03917378917378918,0.032051282051282055,0.05056980056980058,0.04487179487179488,0.04772079772079773,0.037749287749287756,0.04914529914529915,0.07051282051282053,0.0576923076923077,0.056267806267806274,0.04059829059829061,0.05056980056980058
327,0.05233494363929147,0.04911433172302738,0.08454106280193237,0.036231884057971016,0.07004830917874397,0.03784219001610306,0.039452495974235106,0.04589371980676329,0.0426731078904992,0.04106280193236715,0.036231884057971016,0.0426731078904992,0.03784219001610306,0.06360708534621579,0.036231884057971016,0.07971014492753623,0.04106280193236715,0.06682769726247988,0.04428341384863124,0.05233494363929147
328,0.0375514403292181,0.0272633744855967,0.03034979423868312,0.03343621399176954,0.03446502057613168,0.02829218106995884,0.05401234567901233,0.09927983539094648,0.04578189300411522,0.06121399176954731,0.023148148148148143,0.03858024691358024,0.04578189300411522,0.023148148148148143,0.17438271604938269,0.02829218106995884,0.06635802469135801,0.02520576131687242,0.02829218106995884,0.09516460905349791
329,0.08169934640522877,0.04248366013071896,0.07385620915032681,0.062091503267973865,0.034640522875817,0.03202614379084968,0.0477124183006536,0.0477124183006536,0.05163398692810458,0.029411764705882356,0.06862745098039218,0.03986928104575164,0.03725490196078432,0.03202614379084968,0.054248366013071904,0.03333333333333334,0.09346405228758171,0.0411764705882353,0.058169934640522884,0.03856209150326798
330,0.04330065359477125,0.040032679738562095,0.06290849673202616,0.03676470588235295,0.03676470588235295,0.04330065359477125,0.048202614379084976,0.04983660130718955,0.04330065359477125,0.03676470588235295,0.06617647058823531,0.038398692810457526,0.040032679738562095,0.04983660130718955,0.06617647058823531,0.038398692810457526,0.038398692810457526,0.09068627450980393,0.044934640522875824,0.08578431372549021
331,0.061616161616161624,0.04545454545454546,0.04747474747474748,0.04545454545454546,0.05151515151515152,0.04545454545454546,0.0494949494949495,0.04545454545454546,0.04545454545454546,0.06363636363636364,0.05353535353535354,0.04545454545454546,0.05151515151515152,0.04545454545454546,0.059595959595959605,0.04545454545454546,0.04545454545454546,0.0494949494949495,0.04747474747474748,0.05555555555555556
332,0.05246913580246913,0.030246913580246913,0.053703703703703705,0.03148148148148148,0.07098765432098765,0.033950617283950615,0.030246913580246913,0.040123456790123455,0.05740740740740741,0.06604938271604938,0.0734567901234568,0.07469135802469136,0.05,0.05617283950617284,0.053703703703703705,0.043827160493827164,0.03518518518518519,0.05246913580246913,0.06604938271604938,0.027777777777777776
333,0.06111111111111111,0.0373015873015873,0.0373015873015873,0.03571428571428571,0.03571428571428571,0.06428571428571428,0.03571428571428571,0.03888888888888889,0.03571428571428571,0.03571428571428571,0.03571428571428571,0.0880952380952381,0.0373015873015873,0.14523809523809525,0.03571428571428571,0.04523809523809524,0.05,0.03571428571428571,0.06111111111111111,0.048412698412698414
334,0.09493670886075953,0.05133614627285515,0.0879043600562588,0.037271448663853735,0.06258790436005628,0.031645569620253174,0.033052039381153316,0.037271448663853735,0.031645569620253174,0.07524613220815754,0.031645569620253174,0.06821378340365683,0.07243319268635726,0.042897327707454296,0.05274261603375529,0.03445850914205345,0.03586497890295359,0.03445850914205345,0.04711673699015473,0.037271448663853735
335,0.046085858585858584,0.043560606060606064,0.05366161616161616,0.037247474747474744,0.037247474747474744,0.029671717171717172,0.032196969696969696,0.032196969696969696,0.07891414141414141,0.041035353535353536,0.058712121212121215,0.034722222222222224,0.18244949494949494,0.03345959595959596,0.04734848484848485,0.06755050505050506,0.03851010101010101,0.03851010101010101,0.032196969696969696,0.034722222222222224
336,0.03443526170798898,0.03627180899908173,0.05371900826446281,0.02066115702479339,0.032598714416896234,0.03076216712580349,0.02800734618916437,0.03168044077134986,0.024334251606978878,0.046372819100091826,0.06473829201101929,0.18044077134986225,0.03535353535353535,0.10697887970615243,0.025252525252525252,0.03535353535353535,0.04453627180899908,0.02157943067033976,0.1078971533516988,0.03902662993572085
337,0.05197132616487456,0.049581839904420555,0.05913978494623657,0.03285543608124254,0.04599761051373955,0.04599761051373955,0.030465949820788533,0.02688172043010753,0.035244922341696544,0.029271206690561533,0.12126642771804064,0.07586618876941459,0.07108721624850659,0.03285543608124254,0.04241338112305855,0.10095579450418161,0.04480286738351255,0.04360812425328555,0.02688172043010753,0.03285543608124254
338,0.02865497076023392,0.038011695906432746,0.08830409356725147,0.05672514619883041,0.02631578947368421,0.030994152046783626,0.052046783625730994,0.05087719298245614,0.09883040935672514,0.05672514619883041,0.04269005847953217,0.052046783625730994,0.03684210526315789,0.07777777777777778,0.049707602339181284,0.04269005847953217,0.03450292397660819,0.04502923976608187,0.027485380116959064,0.06374269005847953
339,0.03841607565011821,0.06087470449172578,0.06087470449172578,0.0455082742316785,0.0289598108747045,0.02659574468085107,0.037234042553191495,0.0951536643026005,0.04787234042553193,0.037234042553191495,0.07505910165484635,0.06560283687943264,0.06442080378250592,0.043144208037825066,0.0537825059101655,0.02659574468085107,0.07151300236406621,0.06087470449172578,0.033687943262411355,0.02659574468085107
340,0.037271448663853735,0.04571026722925458,0.06962025316455697,0.05836849507735585,0.0977496483825598,0.04430379746835444,0.031645569620253174,0.033052039381153316,0.037271448663853735,0.06399437412095642,0.08368495077355838,0.03445850914205345,0.06258790436005628,0.031645569620253174,0.07946554149085797,0.04711673699015473,0.031645569620253174,0.03586497890295359,0.033052039381153316,0.041490857946554154
341,0.04833333333333334,0.03500000000000001,0.027222222222222224,0.031666666666666676,0.16944444444444448,0.025000000000000005,0.04166666666666667,0.031666666666666676,0.0627777777777778,0.0338888888888889,0.05722222222222223,0.026111111111111116,0.04944444444444445,0.03277777777777779,0.07500000000000001,0.026111111111111116,0.10166666666666668,0.052777777777777785,0.0338888888888889,0.03833333333333334
342,0.04079861111111111,0.05295138888888889,0.04079861111111111,0.04079861111111111,0.05295138888888889,0.0390625,0.0546875,0.12586805555555555,0.0390625,0.0703125,0.0390625,0.04079861111111111,0.0546875,0.049479166666666664,0.05642361111111111,0.04079861111111111,0.042534722222222224,0.0390625,0.04079861111111111,0.0390625
343,0.042156862745098035,0.02712418300653594,0.02385620915032679,0.0349673202614379,0.03366013071895424,0.02581699346405228,0.022549019607843133,0.08790849673202614,0.18660130718954246,0.06503267973856208,0.046078431372549015,0.022549019607843133,0.046078431372549015,0.016666666666666663,0.11862745098039212,0.02450980392156862,0.0676470588235294,0.03954248366013071,0.0349673202614379,0.03366013071895424
344,0.08611111111111112,0.04166666666666667,0.043518518518518526,0.04166666666666667,0.043518518518518526,0.04166666666666667,0.047222222222222235,0.04166666666666667,0.047222222222222235,0.06203703703703705,0.04537037037037038,0.04166666666666667,0.04166666666666667,0.054629629629629646,0.04166666666666667,0.08425925925925927,0.04166666666666667,0.04166666666666667,0.06944444444444446,0.04166666666666667
345,0.045081967213114756,0.03961748633879782,0.050546448087431695,0.08242258652094718,0.12522768670309653,0.028688524590163935,0.07058287795992714,0.050546448087431695,0.04963570127504554,0.06238615664845173,0.038706739526411654,0.02413479052823315,0.05965391621129326,0.02413479052823315,0.028688524590163935,0.03233151183970856,0.06147540983606557,0.04234972677595628,0.03597449908925319,0.04781420765027322
346,0.03968253968253969,0.06854256854256856,0.041125541125541135,0.042568542568542575,0.041125541125541135,0.04978354978354979,0.03535353535353536,0.03823953823953825,0.03246753246753247,0.03246753246753247,0.07431457431457433,0.05844155844155845,0.04834054834054835,0.11616161616161617,0.0468975468975469,0.05699855699855701,0.0468975468975469,0.03968253968253969,0.03246753246753247,0.05844155844155845
347,0.025547445255474453,0.06366585563665855,0.049878345498783457,0.02068126520681265,0.021492295214922953,0.045012165450121655,0.060421735604217354,0.023925385239253853,0.3337388483373885,0.049878345498783457,0.07745336577453366,0.025547445255474453,0.03527980535279805,0.029602595296025953,0.023114355231143552,0.025547445255474453,0.01824817518248175,0.019059205190592052,0.03203568532035685,0.019870235198702353
348,0.031645569620253174,0.03586497890295359,0.033052039381153316,0.031645569620253174,0.07805907172995782,0.07243319268635726,0.042897327707454296,0.037271448663853735,0.0738396624472574,0.06258790436005628,0.10618846694796065,0.033052039381153316,0.03586497890295359,0.03586497890295359,0.11322081575246135,0.031645569620253174,0.031645569620253174,0.04571026722925458,0.033052039381153316,0.03445850914205345
349,0.04125412541254125,0.029152915291529146,0.07975797579757975,0.025852585258525844,0.04345434543454345,0.05005500550055004,0.10506050605060503,0.06435643564356434,0.05115511551155114,0.05115511551155114,0.06655665566556654,0.05005500550055004,0.039053905390539045,0.04015401540154015,0.024752475247524747,0.026952695269526945,0.039053905390539045,0.024752475247524747,0.11056105610561054,0.036853685368536844
350,0.03888888888888889,0.0297979797979798,0.1095959595959596,0.026767676767676767,0.12373737373737374,0.03383838383838384,0.04191919191919192,0.022727272727272728,0.0691919191919192,0.07626262626262627,0.07727272727272727,0.05303030303030303,0.03080808080808081,0.04292929292929293,0.04595959595959596,0.03282828282828283,0.03686868686868687,0.03585858585858586,0.025757575757575757,0.04595959595959596
351,0.06881313131313133,0.029671717171717175,0.08270202020202022,0.06755050505050507,0.0662878787878788,0.02840909090909091,0.06376262626262627,0.03345959595959597,0.05366161616161617,0.035984848484848495,0.07260101010101011,0.07007575757575758,0.02840909090909091,0.04482323232323233,0.0662878787878788,0.03345959595959597,0.04103535353535354,0.04861111111111112,0.029671717171717175,0.03472222222222223
352,0.048076923076923066,0.02172364672364672,0.021011396011396007,0.06018518518518517,0.26388888888888884,0.02599715099715099,0.024572649572649565,0.03668091168091167,0.043091168091168086,0.04594017094017094,0.07015669515669515,0.021011396011396007,0.0267094017094017,0.0267094017094017,0.038817663817663814,0.03668091168091167,0.034544159544159535,0.09579772079772077,0.016737891737891735,0.04166666666666666
353,0.04178957718780728,0.05752212389380531,0.03392330383480826,0.032940019665683384,0.040806293018682396,0.1430678466076696,0.02999016715830875,0.04277286135693215,0.04178957718780728,0.04670599803343166,0.07325467059980334,0.04178957718780728,0.02704031465093412,0.0752212389380531,0.05260570304818092,0.040806293018682396,0.04178957718780728,0.034906588003933134,0.06637168141592921,0.034906588003933134
354,0.03096249115357395,0.19196744515215847,0.023885350318471332,0.044409058740268924,0.07554847841472044,0.016808209483368714,0.03308563340410473,0.010792639773531492,0.013269639065817407,0.012208067940552014,0.01822363765038924,0.01503892427459306,0.01008492569002123,0.023885350318471332,0.01503892427459306,0.016454352441613584,0.03450106157112526,0.01043878273177636,0.011146496815286622,0.39225053078556255
355,0.029665587918015105,0.024271844660194178,0.05555555555555556,0.025350593311758363,0.10841423948220066,0.05339805825242719,0.027508090614886734,0.052319309600863007,0.06310679611650487,0.05124056094929882,0.0900755124056095,0.03613807982740022,0.08468176914778858,0.027508090614886734,0.02642934196332255,0.027508090614886734,0.1127292340884574,0.04908306364617045,0.024271844660194178,0.03074433656957929
356,0.027281746031746025,0.04613095238095238,0.027281746031746025,0.03521825396825396,0.02430555555555555,0.1641865079365079,0.04513888888888888,0.027281746031746025,0.02232142857142857,0.07986111111111109,0.02232142857142857,0.02331349206349206,0.031249999999999993,0.02430555555555555,0.02232142857142857,0.028273809523809517,0.05902777777777776,0.03224206349206349,0.21676587301587297,0.04117063492063491
357,0.027777777777777776,0.12816764132553607,0.07358674463937621,0.05604288499025341,0.02387914230019493,0.02387914230019493,0.024853801169590642,0.07846003898635477,0.034600389863547756,0.02290448343079922,0.05604288499025341,0.05799220272904483,0.024853801169590642,0.07066276803118908,0.033625730994152045,0.05701754385964912,0.03167641325536062,0.0384990253411306,0.059941520467836254,0.07553606237816764
358,0.038461538461538464,0.038461538461538464,0.04358974358974359,0.0452991452991453,0.038461538461538464,0.038461538461538464,0.04700854700854701,0.038461538461538464,0.04358974358974359,0.07606837606837606,0.040170940170940174,0.062393162393162394,0.11367521367521367,0.038461538461538464,0.0452991452991453,0.05555555555555555,0.038461538461538464,0.05213675213675214,0.05726495726495726,0.04871794871794872
359,0.03683574879227052,0.02838164251207729,0.0428743961352657,0.04528985507246376,0.027173913043478253,0.040458937198067625,0.030797101449275357,0.07306763285024154,0.02958937198067632,0.02838164251207729,0.10688405797101447,0.10326086956521736,0.03683574879227052,0.0863526570048309,0.04528985507246376,0.03562801932367149,0.060990338164251194,0.033212560386473425,0.033212560386473425,0.0754830917874396
360,0.046448087431693985,0.07194899817850636,0.04098360655737704,0.07012750455373405,0.04280510018214936,0.04098360655737704,0.04098360655737704,0.04098360655737704,0.04098360655737704,0.04098360655737704,0.08834244080145719,0.04462659380692167,0.04098360655737704,0.0901639344262295,0.04280510018214936,0.05191256830601092,0.04098360655737704,0.04098360655737704,0.04098360655737704,0.04098360655737704
361,0.04032258064516129,0.051075268817204304,0.0456989247311828,0.0456989247311828,0.04032258064516129,0.04390681003584229,0.04032258064516129,0.047491039426523295,0.07437275985663082,0.04032258064516129,0.056451612903225805,0.04032258064516129,0.07078853046594982,0.04390681003584229,0.042114695340501794,0.07258064516129033,0.06899641577060932,0.042114695340501794,0.04032258064516129,0.0528673835125448
362,0.08333333333333333,0.03205128205128205,0.06481481481481481,0.03347578347578348,0.05056980056980057,0.054843304843304845,0.03347578347578348,0.03205128205128205,0.049145299145299144,0.05056980056980057,0.12321937321937322,0.09472934472934473,0.046296296296296294,0.04487179487179487,0.03347578347578348,0.04344729344729345,0.03347578347578348,0.03205128205128205,0.03205128205128205,0.03205128205128205
363,0.03297199638663054,0.20460704607046074,0.02755194218608853,0.02574525745257453,0.020325203252032523,0.02664859981933153,0.03387533875338754,0.06187895212285457,0.03658536585365854,0.046522131887985554,0.03568202348690154,0.04200542005420055,0.030261969286359533,0.05284552845528456,0.029358626919602532,0.13324299909665765,0.029358626919602532,0.02574525745257453,0.04923215898825656,0.05555555555555556
364,0.03048780487804878,0.03861788617886179,0.03048780487804878,0.04403794037940379,0.07520325203252033,0.06571815718157181,0.06029810298102981,0.061653116531165314,0.03184281842818428,0.048102981029810296,0.06029810298102981,0.03048780487804878,0.11449864498644986,0.03184281842818428,0.03048780487804878,0.041327913279132794,0.06978319783197832,0.06029810298102981,0.042682926829268296,0.03184281842818428
365,0.025925925925925925,0.13703703703703704,0.032275132275132276,0.032275132275132276,0.0291005291005291,0.04814814814814815,0.02486772486772487,0.02486772486772487,0.03333333333333333,0.1052910052910053,0.023809523809523808,0.046031746031746035,0.025925925925925925,0.03015873015873016,0.07142857142857142,0.03439153439153439,0.14867724867724869,0.032275132275132276,0.0671957671957672,0.026984126984126985
366,0.030045351473922902,0.04251700680272109,0.13435374149659865,0.030045351473922902,0.04591836734693878,0.08900226757369614,0.036848072562358274,0.026643990929705215,0.041383219954648526,0.07766439909297052,0.053854875283446714,0.04931972789115646,0.053854875283446714,0.07766439909297052,0.041383219954648526,0.051587301587301584,0.026643990929705215,0.02891156462585034,0.031179138321995464,0.031179138321995464
367,0.043859649122807015,0.043859649122807015,0.043859649122807015,0.05165692007797271,0.043859649122807015,0.04580896686159844,0.043859649122807015,0.04775828460038986,0.0847953216374269,0.06140350877192982,0.04775828460038986,0.043859649122807015,0.043859649122807015,0.043859649122807015,0.07115009746588694,0.043859649122807015,0.04580896686159844,0.06140350877192982,0.043859649122807015,0.043859649122807015
368,0.05896686159844054,0.07358674463937621,0.04824561403508772,0.024853801169590642,0.033625730994152045,0.026803118908382065,0.025828460038986353,0.03557504873294347,0.0297270955165692,0.034600389863547756,0.03752436647173489,0.24317738791423002,0.028752436647173488,0.06676413255360623,0.039473684210526314,0.059941520467836254,0.02387914230019493,0.025828460038986353,0.02290448343079922,0.059941520467836254
369,0.08768406961178045,0.06492637215528782,0.051539491298527446,0.03145917001338688,0.030120481927710843,0.03547523427041499,0.030120481927710843,0.030120481927710843,0.030120481927710843,0.03547523427041499,0.051539491298527446,0.06894243641231593,0.030120481927710843,0.04484605087014726,0.03681392235609103,0.07965194109772424,0.04350736278447122,0.030120481927710843,0.11044176706827309,0.07697456492637215
370,0.040740740740740744,0.03650793650793651,0.04814814814814815,0.02486772486772487,0.04814814814814815,0.026984126984126985,0.03439153439153439,0.04285714285714286,0.11693121693121693,0.02486772486772487,0.028042328042328042,0.038624338624338624,0.1126984126984127,0.026984126984126985,0.05026455026455026,0.049206349206349205,0.06084656084656084,0.031216931216931216,0.0746031746031746,0.08306878306878307
371,0.023148148148148147,0.058127572016460904,0.03343621399176955,0.08693415637860083,0.06532921810699588,0.028292181069958847,0.025205761316872428,0.03343621399176955,0.06635802469135803,0.073559670781893,0.058127572016460904,0.029320987654320986,0.13117283950617284,0.026234567901234566,0.06738683127572016,0.032407407407407406,0.03446502057613169,0.06738683127572016,0.03137860082304527,0.028292181069958847
372,0.0421146953405018,0.040322580645161296,0.061827956989247326,0.05645161290322582,0.06541218637992834,0.040322580645161296,0.06003584229390682,0.05107526881720432,0.06362007168458783,0.07974910394265235,0.045698924731182804,0.040322580645161296,0.040322580645161296,0.05107526881720432,0.040322580645161296,0.040322580645161296,0.040322580645161296,0.04749103942652331,0.0421146953405018,0.05107526881720432
373,0.03530092592592592,0.036458333333333336,0.041087962962962965,0.03530092592592592,0.06076388888888889,0.10011574074074074,0.04456018518518518,0.08043981481481481,0.028356481481481483,0.13599537037037038,0.06539351851851852,0.06076388888888889,0.03993055555555555,0.031828703703703706,0.031828703703703706,0.036458333333333336,0.03530092592592592,0.026041666666666668,0.036458333333333336,0.03761574074074074
374,0.024637681159420294,0.022705314009661838,0.03526570048309179,0.07487922705314011,0.0710144927536232,0.022705314009661838,0.023671497584541068,0.062318840579710155,0.044927536231884065,0.10966183574879229,0.04009661835748793,0.026570048309178747,0.0816425120772947,0.05942028985507247,0.03236714975845411,0.039130434782608706,0.053623188405797106,0.08260869565217392,0.0285024154589372,0.06425120772946862
375,0.062056737588652496,0.1128841607565012,0.0289598108747045,0.0289598108747045,0.027777777777777783,0.23345153664302606,0.02659574468085107,0.0289598108747045,0.02659574468085107,0.05023640661938536,0.027777777777777783,0.02659574468085107,0.027777777777777783,0.10933806146572107,0.02659574468085107,0.037234042553191495,0.027777777777777783,0.02659574468085107,0.033687943262411355,0.03014184397163121
376,0.05466666666666667,0.03155555555555556,0.023555555555555555,0.058222222222222224,0.03155555555555556,0.028,0.02266666666666667,0.024444444444444446,0.06,0.03866666666666667,0.03866666666666667,0.026222222222222223,0.04577777777777778,0.059111111111111114,0.03333333333333333,0.03333333333333333,0.052,0.030666666666666665,0.268,0.03955555555555555
377,0.013409961685823755,0.030377668308702793,0.018883415435139574,0.3045977011494253,0.11193212917350849,0.019978106185002738,0.02162014230979748,0.030925013683634373,0.06376573617952928,0.046798029556650245,0.05774493705528188,0.02490421455938697,0.032567049808429116,0.013957307060755337,0.016694033935413247,0.02928297755883963,0.022714833059660645,0.05993431855500821,0.03749315818281335,0.04241926655719759
378,0.02959927140255009,0.023224043715846996,0.02686703096539162,0.09972677595628415,0.04234972677595628,0.028688524590163935,0.08515482695810565,0.04234972677595628,0.06785063752276867,0.033242258652094715,0.031420765027322405,0.025045537340619307,0.0942622950819672,0.023224043715846996,0.022313296903460837,0.06420765027322405,0.10154826958105646,0.07331511839708561,0.021402550091074682,0.06420765027322405
379,0.026255707762557083,0.028538812785388133,0.06050228310502284,0.05821917808219179,0.036149162861491634,0.02245053272450533,0.07343987823439879,0.01940639269406393,0.046803652968036534,0.10616438356164386,0.01788432267884323,0.030060882800608833,0.07191780821917809,0.01864535768645358,0.16095890410958907,0.027016742770167433,0.026255707762557083,0.06659056316590564,0.030060882800608833,0.07267884322678844
380,0.08105022831050228,0.03614916286149163,0.020928462709284626,0.030821917808219176,0.03614916286149163,0.026255707762557076,0.028538812785388126,0.04147640791476408,0.12747336377473364,0.05517503805175038,0.020928462709284626,0.025494672754946726,0.1297564687975647,0.04147640791476408,0.07191780821917808,0.024733637747336376,0.06963470319634703,0.08181126331811263,0.019406392694063926,0.030821917808219176
381,0.07502863688430698,0.02577319587628866,0.03264604810996564,0.02577319587628866,0.03150057273768614,0.17468499427262313,0.04639175257731959,0.02577319587628866,0.026918671248568157,0.028064146620847653,0.07617411225658649,0.04982817869415808,0.04066437571592211,0.06242840778923253,0.029209621993127148,0.13344788087056128,0.028064146620847653,0.026918671248568157,0.03493699885452463,0.02577319587628866
382,0.05303030303030302,0.035858585858585854,0.060101010101010086,0.035858585858585854,0.02676767676767676,0.17727272727272725,0.028787878787878782,0.02676767676767676,0.03989898989898989,0.04797979797979796,0.03686868686868686,0.033838383838383834,0.0409090909090909,0.07727272727272726,0.030808080808080802,0.08535353535353533,0.04292929292929292,0.02373737373737373,0.04393939393939393,0.05202020202020201
383,0.06358768406961178,0.04216867469879518,0.05555555555555555,0.03145917001338688,0.10107095046854082,0.06894243641231593,0.03279785809906292,0.03815261044176707,0.03279785809906292,0.03279785809906292,0.05421686746987952,0.03413654618473896,0.03279785809906292,0.06224899598393574,0.03145917001338688,0.0823293172690763,0.04216867469879518,0.030120481927710843,0.09705488621151272,0.03413654618473896
384,0.04360812425328555,0.03405017921146954,0.04360812425328555,0.02807646356033453,0.035244922341696544,0.06630824372759858,0.03166069295101554,0.04241338112305855,0.036439665471923545,0.04360812425328555,0.049581839904420555,0.04480286738351255,0.03882915173237755,0.14516129032258068,0.05675029868578256,0.0925925925925926,0.037634408602150546,0.02807646356033453,0.04002389486260455,0.06152927120669057
385,0.038971807628524056,0.04394693200663351,0.07545605306799338,0.0373134328358209,0.038971807628524056,0.04063018242122721,0.0373134328358209,0.05555555555555556,0.05721393034825872,0.08208955223880599,0.06384742951907132,0.04063018242122721,0.04063018242122721,0.05555555555555556,0.04063018242122721,0.06053067993366502,0.04228855721393036,0.04726368159203981,0.06218905472636817,0.038971807628524056
386,0.023927392739273932,0.01567656765676568,0.01622662266226623,0.02337733773377338,0.040979097909790985,0.031078107810781082,0.01677667766776678,0.033828382838283835,0.14493949394939495,0.02502750275027503,0.01732673267326733,0.03822882288228824,0.1003850385038504,0.03437843784378439,0.023927392739273932,0.015126512651265129,0.03272827282728274,0.1795929592959296,0.09048404840484049,0.095984598459846
387,0.034458509142053444,0.04430379746835443,0.03305203938115331,0.04430379746835443,0.04149085794655415,0.051336146272855133,0.08649789029535865,0.04149085794655415,0.09071729957805907,0.04289732770745429,0.052742616033755275,0.04289732770745429,0.0710267229254571,0.035864978902953586,0.03164556962025317,0.058368495077355836,0.03164556962025317,0.06540084388185655,0.04430379746835443,0.05555555555555555
388,0.06521739130434782,0.050724637681159424,0.07809983896940419,0.050724637681159424,0.04428341384863124,0.06521739130434782,0.039452495974235106,0.036231884057971016,0.039452495974235106,0.0426731078904992,0.07004830917874397,0.036231884057971016,0.04911433172302738,0.036231884057971016,0.04428341384863124,0.0893719806763285,0.036231884057971016,0.050724637681159424,0.039452495974235106,0.036231884057971016
389,0.03521126760563381,0.03521126760563381,0.03521126760563381,0.07746478873239437,0.09311424100156496,0.03677621283255087,0.050860719874804394,0.060250391236306745,0.050860719874804394,0.04147104851330204,0.055555555555555566,0.03677621283255087,0.058685446009389686,0.043035993740219096,0.04773082942097028,0.03521126760563381,0.044600938967136156,0.0915492957746479,0.03521126760563381,0.03521126760563381
390,0.032196969696969696,0.028409090909090908,0.029671717171717172,0.03345959595959596,0.09154040404040405,0.0422979797979798,0.041035353535353536,0.13825757575757575,0.03851010101010101,0.032196969696969696,0.09532828282828283,0.061237373737373736,0.037247474747474744,0.028409090909090908,0.03598484848484849,0.04734848484848485,0.05113636363636364,0.032196969696969696,0.07512626262626262,0.028409090909090908
391,0.0373134328358209,0.06053067993366502,0.0373134328358209,0.05058043117744611,0.0373134328358209,0.05555555555555556,0.0373134328358209,0.04394693200663351,0.0373134328358209,0.05389718076285241,0.04063018242122721,0.05223880597014926,0.04228855721393036,0.17495854063018246,0.0373134328358209,0.038971807628524056,0.04726368159203981,0.038971807628524056,0.038971807628524056,0.0373134328358209
392,0.1162962962962963,0.03333333333333333,0.03481481481481481,0.03333333333333333,0.03333333333333333,0.06,0.03777777777777778,0.040740740740740744,0.03333333333333333,0.040740740740740744,0.03481481481481481,0.03333333333333333,0.0362962962962963,0.13703703703703704,0.03333333333333333,0.07481481481481482,0.04814814814814815,0.042222222222222223,0.051111111111111114,0.04518518518518518
393,0.02403846153846154,0.027243589743589744,0.02938034188034188,0.06143162393162393,0.057158119658119656,0.02938034188034188,0.037927350427350424,0.026175213675213676,0.09348290598290598,0.027243589743589744,0.049679487179487176,0.027243589743589744,0.06570512820512821,0.02403846153846154,0.12446581196581197,0.042200854700854704,0.037927350427350424,0.14155982905982906,0.02403846153846154,0.049679487179487176
394,0.04310344827586207,0.04885057471264368,0.04310344827586207,0.04693486590038314,0.06226053639846743,0.04310344827586207,0.04310344827586207,0.06992337164750957,0.05842911877394636,0.045019157088122604,0.04310344827586207,0.04310344827586207,0.0603448275862069,0.04310344827586207,0.04885057471264368,0.04310344827586207,0.04310344827586207,0.0603448275862069,0.04310344827586207,0.06800766283524905
395,0.044532627865961204,0.030423280423280425,0.07010582010582012,0.024250440917107586,0.05246913580246914,0.032186948853615525,0.025132275132275134,0.03571428571428572,0.030423280423280425,0.03571428571428572,0.04541446208112875,0.025132275132275134,0.1080246913580247,0.023368606701940037,0.037477954144620816,0.04541446208112875,0.13536155202821873,0.04188712522045856,0.0824514991181658,0.07451499118165786
396,0.05465221318879855,0.04110207768744354,0.043812104787714544,0.08175248419150859,0.11427280939476062,0.03026196928635953,0.043812104787714544,0.027551942186088526,0.028455284552845527,0.03026196928635953,0.03839205058717254,0.1043360433604336,0.08265582655826559,0.03297199638663053,0.04290876242095754,0.023035230352303523,0.03026196928635953,0.08175248419150859,0.03839205058717254,0.02935862691960253
397,0.07379004771642807,0.04925017041581457,0.06186094069529651,0.0161895023858214,0.02948193592365371,0.05334014996591682,0.1600204498977505,0.08742331288343556,0.06935923653715063,0.010395364689843216,0.04686434901158827,0.03561690524880708,0.04516019086571233,0.04311520109066121,0.03766189502385821,0.017211997273346963,0.02300613496932515,0.010395364689843216,0.08912747102931151,0.04072937968643489
398,0.030797101449275364,0.0646135265700483,0.059782608695652176,0.034420289855072464,0.028381642512077296,0.08393719806763285,0.02717391304347826,0.030797101449275364,0.02717391304347826,0.0464975845410628,0.07910628019323672,0.028381642512077296,0.0464975845410628,0.05253623188405797,0.044082125603864736,0.16002415458937197,0.028381642512077296,0.03321256038647343,0.04528985507246377,0.04891304347826087
399,0.031645569620253174,0.033052039381153316,0.054149085794655424,0.03445850914205345,0.031645569620253174,0.1047819971870605,0.037271448663853735,0.05274261603375528,0.054149085794655424,0.03586497890295359,0.06118143459915613,0.03445850914205345,0.04430379746835444,0.04008438818565402,0.06821378340365683,0.11462728551336147,0.03867791842475388,0.042897327707454296,0.049929676511955,0.03586497890295359
400,0.029069767441860465,0.07170542635658915,0.029069767441860465,0.029069767441860465,0.030361757105943153,0.11950904392764858,0.030361757105943153,0.029069767441860465,0.034237726098191215,0.03811369509043928,0.030361757105943153,0.03682170542635659,0.03165374677002584,0.24483204134366926,0.029069767441860465,0.03811369509043928,0.0458656330749354,0.040697674418604654,0.03165374677002584,0.030361757105943153
401,0.04962962962962963,0.03925925925925926,0.05703703703703704,0.03333333333333333,0.0362962962962963,0.0362962962962963,0.040740740740740744,0.03333333333333333,0.03481481481481481,0.040740740740740744,0.03481481481481481,0.040740740740740744,0.03333333333333333,0.26,0.052592592592592594,0.03333333333333333,0.03925925925925926,0.03777777777777778,0.03333333333333333,0.03333333333333333
402,0.046031746031746035,0.03968253968253968,0.023809523809523808,0.02486772486772487,0.0291005291005291,0.046031746031746035,0.04497354497354497,0.023809523809523808,0.023809523809523808,0.025925925925925925,0.023809523809523808,0.023809523809523808,0.03015873015873016,0.37936507936507935,0.04708994708994709,0.03333333333333333,0.023809523809523808,0.023809523809523808,0.03756613756613757,0.049206349206349205
403,0.04855643044619423,0.02755905511811024,0.021434820647419077,0.0678040244969379,0.10017497812773404,0.021434820647419077,0.03543307086614174,0.03193350831146107,0.08530183727034123,0.10104986876640422,0.08792650918635173,0.05555555555555556,0.0756780402449694,0.02755905511811024,0.029308836395450573,0.026684164479440074,0.021434820647419077,0.0651793525809274,0.02055993000874891,0.0494313210848644
404,0.03421409214092141,0.023373983739837397,0.05521680216802168,0.03218157181571816,0.021341463414634148,0.041666666666666664,0.030826558265582657,0.031504065040650404,0.027439024390243903,0.1703929539295393,0.04911924119241192,0.022696476964769646,0.04031165311653116,0.05589430894308943,0.02676151761517615,0.022018970189701895,0.02540650406504065,0.061991869918699184,0.19749322493224933,0.030149051490514906
405,0.03881278538812786,0.05707762557077626,0.04642313546423136,0.03576864535768646,0.03424657534246576,0.06621004566210047,0.04185692541856926,0.05098934550989346,0.06925418569254187,0.03424657534246576,0.03424657534246576,0.05098934550989346,0.07229832572298327,0.05251141552511416,0.06621004566210047,0.08447488584474887,0.04794520547945206,0.04033485540334856,0.04033485540334856,0.03576864535768646
406,0.05833333333333334,0.060555555555555564,0.05055555555555556,0.05166666666666667,0.026111111111111116,0.09722222222222224,0.04277777777777778,0.07277777777777779,0.030555555555555558,0.027222222222222224,0.0338888888888889,0.028333333333333335,0.026111111111111116,0.053888888888888896,0.09277777777777779,0.0838888888888889,0.027222222222222224,0.026111111111111116,0.05611111111111112,0.053888888888888896
407,0.032532532532532535,0.24374374374374375,0.033533533533533534,0.03153153153153153,0.04854854854854855,0.032532532532532535,0.028528528528528527,0.07957957957957958,0.05655655655655656,0.03153153153153153,0.028528528528528527,0.04054054054054054,0.045545545545545546,0.06656656656656657,0.03853853853853854,0.024524524524524523,0.02252252252252252,0.03553553553553553,0.047547547547547545,0.03153153153153153
408,0.056998556998557,0.0367965367965368,0.03823953823953824,0.06565656565656566,0.09018759018759019,0.03391053391053391,0.05266955266955267,0.03823953823953824,0.05555555555555555,0.05266955266955267,0.049783549783549784,0.0367965367965368,0.09740259740259741,0.046897546897546896,0.05555555555555555,0.032467532467532464,0.049783549783549784,0.04112554112554113,0.032467532467532464,0.0367965367965368
409,0.06944444444444446,0.02623456790123457,0.04578189300411523,0.037551440329218116,0.049897119341563795,0.02932098765432099,0.039609053497942394,0.02829218106995885,0.06018518518518519,0.11574074074074076,0.033436213991769555,0.02520576131687243,0.027263374485596712,0.02623456790123457,0.040637860082304536,0.04886831275720165,0.02520576131687243,0.18775720164609055,0.027263374485596712,0.056069958847736634
410,0.05026455026455026,0.056613756613756616,0.15608465608465608,0.03439153439153439,0.03439153439153439,0.05767195767195767,0.0746031746031746,0.02486772486772487,0.03756613756613757,0.032275132275132276,0.05343915343915344,0.028042328042328042,0.05238095238095238,0.02486772486772487,0.03756613756613757,0.07037037037037037,0.03650793650793651,0.0291005291005291,0.025925925925925925,0.08306878306878307
411,0.03402777777777778,0.03541666666666667,0.03125000000000001,0.0576388888888889,0.08125000000000002,0.04930555555555556,0.05069444444444445,0.03958333333333334,0.03402777777777778,0.09375000000000001,0.03125000000000001,0.043750000000000004,0.05902777777777778,0.03125000000000001,0.03541666666666667,0.043750000000000004,0.043750000000000004,0.03958333333333334,0.0826388888888889,0.0826388888888889
412,0.04497354497354498,0.03968253968253969,0.09611992945326281,0.03968253968253969,0.03968253968253969,0.03968253968253969,0.03968253968253969,0.04320987654320988,0.03968253968253969,0.03968253968253969,0.11022927689594358,0.04850088183421518,0.04320987654320988,0.06790123456790124,0.04497354497354498,0.05202821869488537,0.04320987654320988,0.03968253968253969,0.04850088183421518,0.03968253968253969
413,0.01940639269406393,0.02321156773211568,0.044520547945205484,0.037671232876712334,0.09550989345509894,0.01940639269406393,0.1191019786910198,0.06582952815829529,0.047564687975646884,0.11225266362252664,0.035388127853881284,0.02016742770167428,0.07343987823439879,0.03158295281582953,0.1023592085235921,0.046803652968036534,0.02321156773211568,0.02397260273972603,0.03310502283105023,0.02549467275494673
414,0.036796536796536806,0.036796536796536806,0.03535353535353536,0.07287157287157288,0.036796536796536806,0.036796536796536806,0.03968253968253969,0.10606060606060608,0.036796536796536806,0.03391053391053392,0.03246753246753247,0.044011544011544015,0.09307359307359309,0.03246753246753247,0.09740259740259742,0.061327561327561335,0.04545454545454546,0.03246753246753247,0.044011544011544015,0.04545454545454546
415,0.031500572737686146,0.025773195876288665,0.034936998854524635,0.054410080183276074,0.0452462772050401,0.048682703321878594,0.06815578465063002,0.031500572737686146,0.09450171821305844,0.03379152348224514,0.09450171821305844,0.037227949599083626,0.0452462772050401,0.029209621993127155,0.050973654066437585,0.046391752577319596,0.077319587628866,0.07961053837342498,0.026918671248568164,0.044100801832760606
416,0.025462962962962965,0.04398148148148149,0.023611111111111114,0.04027777777777779,0.058796296296296305,0.11990740740740742,0.021759259259259263,0.030092592592592594,0.0550925925925926,0.06250000000000001,0.04398148148148149,0.04305555555555556,0.021759259259259263,0.02453703703703704,0.025462962962962965,0.05046296296296297,0.03472222222222223,0.0337962962962963,0.20972222222222225,0.03101851851851852
417,0.10317460317460317,0.0347985347985348,0.057997557997558,0.027472527472527472,0.04700854700854701,0.028693528693528692,0.059218559218559216,0.031135531135531136,0.028693528693528692,0.031135531135531136,0.06532356532356533,0.10195360195360195,0.059218559218559216,0.027472527472527472,0.06898656898656899,0.0347985347985348,0.05311355311355311,0.033577533577533576,0.051892551892551896,0.054334554334554336
418,0.02231718898385565,0.08214624881291548,0.027065527065527065,0.07834757834757834,0.0584045584045584,0.023266856600189935,0.05555555555555555,0.027065527065527065,0.08309591642924977,0.026115859449192782,0.04700854700854701,0.043209876543209874,0.14577397910731243,0.027065527065527065,0.056505223171889836,0.028964862298195632,0.054605887939221276,0.038461538461538464,0.04795821462488129,0.027065527065527065
419,0.027777777777777776,0.05493827160493827,0.053703703703703705,0.05617283950617284,0.03518518518518519,0.11049382716049383,0.05740740740740741,0.04506172839506173,0.029012345679012345,0.03148148148148148,0.05740740740740741,0.04506172839506173,0.05123456790123457,0.05493827160493827,0.04506172839506173,0.03518518518518519,0.027777777777777776,0.029012345679012345,0.10679012345679012,0.046296296296296294
420,0.04206349206349208,0.04523809523809525,0.037301587301587315,0.06746031746031748,0.04682539682539684,0.0388888888888889,0.035714285714285726,0.0388888888888889,0.05000000000000002,0.06904761904761908,0.04047619047619049,0.037301587301587315,0.15793650793650799,0.04206349206349208,0.04523809523809525,0.037301587301587315,0.04682539682539684,0.0388888888888889,0.04047619047619049,0.04206349206349208
421,0.04775828460038985,0.06140350877192981,0.07115009746588692,0.05165692007797269,0.04385964912280701,0.04385964912280701,0.04385964912280701,0.05555555555555554,0.04385964912280701,0.05165692007797269,0.053606237816764116,0.04385964912280701,0.04385964912280701,0.04385964912280701,0.04385964912280701,0.04385964912280701,0.04970760233918127,0.04385964912280701,0.07504873294346977,0.04385964912280701
422,0.04794520547945205,0.03576864535768645,0.07229832572298325,0.03881278538812785,0.03424657534246575,0.03729071537290715,0.03576864535768645,0.03576864535768645,0.04794520547945205,0.04033485540334855,0.07686453576864535,0.08447488584474885,0.07077625570776255,0.04337899543378995,0.03424657534246575,0.11796042617960426,0.03576864535768645,0.03424657534246575,0.03729071537290715,0.03881278538812785
423,0.04034391534391534,0.06547619047619048,0.06547619047619048,0.032407407407407406,0.0787037037037037,0.03373015873015873,0.07605820105820106,0.03373015873015873,0.06018518518518518,0.02976190476190476,0.04563492063492063,0.05092592592592592,0.057539682539682536,0.02976190476190476,0.06415343915343916,0.07076719576719577,0.05489417989417989,0.02976190476190476,0.046957671957671955,0.03373015873015873
424,0.046737213403880075,0.05908289241622575,0.06261022927689595,0.05908289241622575,0.04497354497354498,0.05555555555555556,0.03968253968253969,0.041446208112874784,0.041446208112874784,0.04497354497354498,0.046737213403880075,0.03968253968253969,0.03968253968253969,0.05026455026455027,0.041446208112874784,0.10317460317460318,0.041446208112874784,0.04497354497354498,0.046737213403880075,0.05026455026455027
425,0.036776212832550864,0.05242566510172144,0.03990610328638498,0.03990610328638498,0.04303599374021909,0.035211267605633804,0.035211267605633804,0.04460093896713615,0.0649452269170579,0.03834115805946792,0.035211267605633804,0.03990610328638498,0.08685446009389672,0.061815336463223784,0.036776212832550864,0.07433489827856025,0.06025039123630673,0.041471048513302036,0.04773082942097027,0.08528951486697965
426,0.027777777777777776,0.027167277167277168,0.037545787545787544,0.01984126984126984,0.046703296703296704,0.030830280830280832,0.060134310134310136,0.2603785103785104,0.04120879120879121,0.03205128205128205,0.019230769230769232,0.028388278388278388,0.01984126984126984,0.01984126984126984,0.07478632478632478,0.05463980463980464,0.03205128205128205,0.027167277167277168,0.07722832722832723,0.06318681318681318
427,0.09871031746031743,0.13740079365079363,0.0431547619047619,0.04613095238095238,0.02529761904761904,0.02926587301587301,0.055059523809523794,0.040178571428571425,0.02926587301587301,0.03819444444444444,0.02529761904761904,0.07490079365079363,0.02331349206349206,0.048115079365079354,0.02331349206349206,0.05902777777777776,0.07688492063492063,0.02331349206349206,0.055059523809523794,0.048115079365079354
428,0.0709325396825397,0.045138888888888895,0.12549603174603177,0.04117063492063493,0.09970238095238097,0.027281746031746035,0.06795634920634921,0.04315476190476191,0.04712301587301588,0.026289682539682543,0.026289682539682543,0.06200396825396826,0.035218253968253975,0.02926587301587302,0.06398809523809525,0.04613095238095239,0.03025793650793651,0.022321428571428575,0.02926587301587302,0.06101190476190477
429,0.05749354005167959,0.03294573643410853,0.053617571059431525,0.03294573643410853,0.03165374677002584,0.0562015503875969,0.0355297157622739,0.029069767441860465,0.029069767441860465,0.03940568475452196,0.053617571059431525,0.05103359173126615,0.03940568475452196,0.08074935400516796,0.040697674418604654,0.15956072351421188,0.05232558139534884,0.029069767441860465,0.06524547803617571,0.030361757105943153
430,0.02153558052434457,0.025280898876404494,0.02278401997503121,0.13951310861423222,0.09332084893882647,0.014044943820224719,0.06023720349563046,0.11079900124843944,0.0914481897627965,0.014044943820224719,0.07958801498127341,0.019662921348314606,0.08645443196004994,0.023408239700374533,0.017790262172284643,0.017166042446941324,0.04088639200998752,0.07147315855181023,0.0284019975031211,0.02215980024968789
431,0.05726495726495728,0.041880341880341884,0.05897435897435899,0.05384615384615386,0.03846153846153847,0.03846153846153847,0.0606837606837607,0.04871794871794873,0.06581196581196583,0.10000000000000003,0.045299145299145305,0.041880341880341884,0.03846153846153847,0.03846153846153847,0.045299145299145305,0.03846153846153847,0.041880341880341884,0.041880341880341884,0.05726495726495728,0.04700854700854702
432,0.02518832391713747,0.036487758945386056,0.024246704331450087,0.05390772128060262,0.07556497175141241,0.012947269303201503,0.08403954802259886,0.02471751412429378,0.07462335216572503,0.1080508474576271,0.06426553672316383,0.017655367231638415,0.11511299435028245,0.017184557438794722,0.05249529190207155,0.018126177024482104,0.04119585687382297,0.08686440677966101,0.017184557438794722,0.050141242937853096
433,0.03347578347578348,0.0349002849002849,0.03774928774928775,0.1502849002849003,0.06623931623931624,0.04487179487179487,0.05626780626780627,0.0349002849002849,0.03774928774928775,0.05626780626780627,0.03774928774928775,0.046296296296296294,0.08048433048433049,0.03774928774928775,0.05056980056980057,0.03347578347578348,0.053418803418803416,0.03205128205128205,0.04202279202279202,0.03347578347578348
434,0.06944444444444446,0.03289473684210527,0.05921052631578948,0.03874269005847954,0.03289473684210527,0.05628654970760234,0.04312865497076024,0.034356725146198835,0.03289473684210527,0.03289473684210527,0.05190058479532164,0.11622807017543861,0.034356725146198835,0.04312865497076024,0.03728070175438597,0.04751461988304094,0.054824561403508776,0.034356725146198835,0.09137426900584797,0.05628654970760234
435,0.051075268817204304,0.042114695340501794,0.08333333333333333,0.04032258064516129,0.056451612903225805,0.04390681003584229,0.04032258064516129,0.0456989247311828,0.04032258064516129,0.05824372759856631,0.042114695340501794,0.056451612903225805,0.056451612903225805,0.047491039426523295,0.056451612903225805,0.04390681003584229,0.0492831541218638,0.042114695340501794,0.056451612903225805,0.047491039426523295
436,0.04638364779874214,0.02227463312368973,0.08097484276729561,0.024371069182389942,0.1239517819706499,0.1307651991614256,0.04900419287211741,0.03904612159329141,0.05738993710691825,0.04533542976939204,0.017033542976939205,0.04323899371069183,0.05948637316561846,0.029088050314465413,0.037473794549266255,0.02175052410901468,0.027515723270440256,0.01388888888888889,0.08149895178197067,0.04952830188679246
437,0.05602636534839925,0.04096045197740113,0.02495291902071563,0.038135593220338986,0.038135593220338986,0.027777777777777776,0.02401129943502825,0.07015065913370998,0.04849340866290019,0.038135593220338986,0.2594161958568738,0.046610169491525424,0.03154425612052731,0.03154425612052731,0.03248587570621469,0.02495291902071563,0.04943502824858757,0.033427495291902073,0.029661016949152543,0.054143126177024485
438,0.04435483870967743,0.031810035842293916,0.05689964157706095,0.034498207885304666,0.05152329749103944,0.08288530465949823,0.03539426523297492,0.058691756272401446,0.02822580645161291,0.029121863799283162,0.19489247311827962,0.07482078853046596,0.02822580645161291,0.042562724014336924,0.030913978494623663,0.06944444444444446,0.04166666666666667,0.0210573476702509,0.02195340501792115,0.0210573476702509
439,0.03205128205128205,0.07336182336182336,0.03205128205128205,0.04202279202279202,0.0405982905982906,0.10897435897435898,0.03205128205128205,0.03205128205128205,0.03205128205128205,0.03205128205128205,0.10897435897435898,0.03205128205128205,0.03632478632478633,0.07051282051282051,0.04344729344729345,0.10897435897435898,0.03347578347578348,0.03774928774928775,0.03917378917378917,0.03205128205128205
440,0.033783783783783786,0.060810810810810814,0.033783783783783786,0.10285285285285285,0.04279279279279279,0.033783783783783786,0.033783783783783786,0.054804804804804805,0.05930930930930931,0.033783783783783786,0.0503003003003003,0.038288288288288286,0.0533033033033033,0.04129129129129129,0.048798798798798795,0.0472972972972973,0.044294294294294295,0.06531531531531531,0.08483483483483484,0.03678678678678678
441,0.09814814814814815,0.027777777777777776,0.053703703703703705,0.027777777777777776,0.07962962962962963,0.04259259259259259,0.04506172839506173,0.03888888888888889,0.08209876543209876,0.033950617283950615,0.04506172839506173,0.04259259259259259,0.03518518518518519,0.05123456790123457,0.07592592592592592,0.046296296296296294,0.029012345679012345,0.047530864197530866,0.053703703703703705,0.043827160493827164
442,0.033730158730158735,0.0376984126984127,0.10515873015873019,0.029761904761904767,0.08664021164021166,0.029761904761904767,0.04563492063492064,0.03108465608465609,0.06415343915343917,0.10780423280423283,0.03505291005291006,0.04828042328042329,0.06944444444444446,0.049603174603174614,0.05224867724867726,0.04034391534391535,0.03505291005291006,0.03505291005291006,0.03240740740740741,0.03108465608465609
443,0.02229080932784637,0.017489711934156382,0.04423868312757202,0.12654320987654324,0.03395061728395062,0.017489711934156382,0.05864197530864198,0.16632373113854598,0.05795610425240055,0.029149519890260635,0.03257887517146777,0.08058984910836764,0.020919067215363515,0.025034293552812076,0.027091906721536354,0.048353909465020585,0.06001371742112484,0.039437585733882036,0.030521262002743486,0.06138545953360769
444,0.028580603725112397,0.0170199100834939,0.027296082209377008,0.07225433526011561,0.14097623635195888,0.02922286448298009,0.04463712267180475,0.03436095054592164,0.17886962106615287,0.03692999357739242,0.05170199100834939,0.028580603725112397,0.061335902376364805,0.015093127809890815,0.038856775850995506,0.040141297366730895,0.04784842646114323,0.02922286448298009,0.028580603725112397,0.04849068721901092
445,0.03731343283582089,0.03897180762852405,0.0538971807628524,0.04228855721393035,0.03897180762852405,0.03731343283582089,0.0406301824212272,0.07213930348258707,0.11194029850746269,0.03897180762852405,0.03731343283582089,0.05555555555555555,0.0439469320066335,0.03731343283582089,0.07711442786069651,0.0505804311774461,0.0538971807628524,0.0439469320066335,0.03731343283582089,0.0505804311774461
446,0.041666666666666664,0.05220306513409962,0.02921455938697318,0.05411877394636015,0.06082375478927203,0.033045977011494254,0.05028735632183908,0.05507662835249042,0.11637931034482758,0.06944444444444445,0.06082375478927203,0.025383141762452106,0.05507662835249042,0.027298850574712645,0.06082375478927203,0.031130268199233715,0.04837164750957854,0.05890804597701149,0.022509578544061302,0.04741379310344827
447,0.03867791842475387,0.03727144866385373,0.09915611814345991,0.09071729957805907,0.03727144866385373,0.04571026722925457,0.04571026722925457,0.034458509142053444,0.035864978902953586,0.03164556962025317,0.056962025316455694,0.034458509142053444,0.06680731364275667,0.04289732770745429,0.03867791842475387,0.058368495077355836,0.05555555555555555,0.04289732770745429,0.06540084388185655,0.04149085794655415
448,0.027777777777777776,0.03148148148148148,0.040123456790123455,0.03148148148148148,0.05740740740740741,0.027777777777777776,0.05617283950617284,0.027777777777777776,0.06234567901234568,0.047530864197530866,0.14012345679012345,0.033950617283950615,0.05864197530864197,0.030246913580246913,0.09691358024691359,0.033950617283950615,0.029012345679012345,0.030246913580246913,0.059876543209876544,0.07716049382716049
449,0.04513888888888889,0.06180555555555556,0.03263888888888889,0.11180555555555556,0.049305555555555554,0.03263888888888889,0.06458333333333334,0.04097222222222222,0.04513888888888889,0.04652777777777778,0.049305555555555554,0.03263888888888889,0.04513888888888889,0.03125,0.03958333333333333,0.06875,0.05625,0.034027777777777775,0.05763888888888889,0.05486111111111111
450,0.021753681392235612,0.016398929049531462,0.02309236947791165,0.017068273092369482,0.04585006693440429,0.01840696117804552,0.02576974564926373,0.050535475234270426,0.027108433734939767,0.10073627844712185,0.016398929049531462,0.03045515394912986,0.021084337349397592,0.015060240963855425,0.1101070950468541,0.017068273092369482,0.11278447121820619,0.2627175368139224,0.04384203480589023,0.023761713520749673
451,0.1114019778941245,0.017742873763816173,0.03868528214077952,0.01832460732984293,0.02123327515997673,0.03868528214077952,0.014252472367655613,0.053810354857475276,0.17830133798720185,0.11896451425247237,0.03577661431064572,0.03170447934845841,0.11082024432809773,0.03926701570680628,0.05439208842350204,0.01832460732984293,0.02006980802792321,0.030541012216404886,0.029377545084351368,0.01832460732984293
452,0.05070546737213404,0.25176366843033515,0.02160493827160494,0.04012345679012346,0.02248677248677249,0.07186948853615521,0.02160493827160494,0.03659611992945327,0.026014109347442683,0.023368606701940037,0.049823633156966494,0.03571428571428572,0.029541446208112877,0.08597883597883599,0.026014109347442683,0.05776014109347443,0.030423280423280425,0.04100529100529101,0.026014109347442683,0.05158730158730159
453,0.05476190476190477,0.07063492063492065,0.057936507936507946,0.03571428571428572,0.0753968253968254,0.042063492063492074,0.03730158730158731,0.03571428571428572,0.038888888888888896,0.03571428571428572,0.10396825396825399,0.05000000000000001,0.057936507936507946,0.03730158730158731,0.043650793650793655,0.04841269841269842,0.05476190476190477,0.045238095238095244,0.038888888888888896,0.03571428571428572
454,0.05555555555555555,0.04216867469879518,0.03413654618473896,0.03279785809906292,0.07697456492637215,0.03145917001338688,0.030120481927710843,0.030120481927710843,0.05555555555555555,0.07965194109772424,0.06760374832663989,0.03145917001338688,0.11713520749665328,0.07429718875502007,0.039491298527443104,0.050200803212851405,0.03413654618473896,0.04216867469879518,0.039491298527443104,0.03547523427041499
455,0.06656184486373164,0.04454926624737945,0.10115303983228509,0.035115303983228506,0.04454926624737945,0.1042976939203354,0.06551362683438154,0.02568134171907756,0.043501048218029345,0.04035639412997903,0.033018867924528295,0.05293501048218028,0.05188679245283018,0.03616352201257861,0.03930817610062892,0.04035639412997903,0.02987421383647798,0.04664570230607966,0.06656184486373164,0.03197064989517819
456,0.01908831908831909,0.053846153846153856,0.012820512820512822,0.02250712250712251,0.02478632478632479,0.052706552706552716,0.3757834757834758,0.023646723646723652,0.05612535612535613,0.02991452991452992,0.02307692307692308,0.016809116809116814,0.016809116809116814,0.02478632478632479,0.08860398860398862,0.02022792022792023,0.02193732193732194,0.01908831908831909,0.07321937321937323,0.02421652421652422
457,0.047945205479452066,0.052511415525114166,0.09056316590563167,0.03729071537290716,0.03576864535768646,0.03576864535768646,0.11035007610350078,0.03881278538812786,0.04490106544901066,0.07838660578386607,0.03424657534246576,0.03576864535768646,0.03576864535768646,0.047945205479452066,0.06468797564687977,0.03424657534246576,0.049467275494672766,0.03576864535768646,0.03576864535768646,0.054033485540334866
458,0.05738304093567253,0.09685672514619886,0.045687134502923984,0.018640350877192985,0.023026315789473686,0.27741228070175444,0.020102339181286552,0.02521929824561404,0.0405701754385965,0.0449561403508772,0.037646198830409365,0.018640350877192985,0.025950292397660824,0.02156432748538012,0.04276315789473685,0.07785087719298248,0.02156432748538012,0.02156432748538012,0.04422514619883042,0.03837719298245615
459,0.04330065359477125,0.0465686274509804,0.06944444444444446,0.040032679738562095,0.05147058823529412,0.03676470588235295,0.04166666666666667,0.0465686274509804,0.03676470588235295,0.048202614379084976,0.08088235294117649,0.03676470588235295,0.04330065359477125,0.03676470588235295,0.05800653594771243,0.08251633986928106,0.06290849673202616,0.03676470588235295,0.06127450980392157,0.040032679738562095
460,0.07351290684624016,0.036475869809203136,0.04096520763187429,0.06902356902356901,0.025252525252525245,0.035353535353535345,0.03086419753086419,0.08361391694725026,0.0398428731762065,0.04769921436588102,0.05667789001122333,0.028619528619528614,0.03759820426487093,0.17452300785634117,0.03759820426487093,0.03198653198653198,0.04882154882154881,0.03198653198653198,0.025252525252525245,0.04433221099887766
461,0.07161981258366801,0.12382864792503347,0.04350736278447122,0.03815261044176707,0.030120481927710843,0.0823293172690763,0.06626506024096386,0.050200803212851405,0.04350736278447122,0.03145917001338688,0.03681392235609103,0.04484605087014726,0.030120481927710843,0.05287817938420348,0.03413654618473896,0.06492637215528782,0.04350736278447122,0.030120481927710843,0.048862115127175365,0.03279785809906292
462,0.028735632183908046,0.030268199233716476,0.0210727969348659,0.047126436781609195,0.06934865900383141,0.023371647509578545,0.035632183908045977,0.11839080459770115,0.027203065134099615,0.0210727969348659,0.040229885057471264,0.04099616858237548,0.08237547892720307,0.020306513409961684,0.035632183908045977,0.028735632183908046,0.06551724137931035,0.16973180076628352,0.018773946360153258,0.07547892720306514
463,0.04390681003584229,0.0456989247311828,0.05824372759856631,0.051075268817204304,0.042114695340501794,0.04032258064516129,0.04032258064516129,0.04032258064516129,0.04032258064516129,0.10304659498207885,0.04032258064516129,0.07078853046594982,0.05465949820788531,0.05824372759856631,0.042114695340501794,0.056451612903225805,0.04032258064516129,0.04390681003584229,0.042114695340501794,0.0456989247311828
464,0.029338327091136086,0.028089887640449444,0.028089887640449444,0.03558052434456929,0.053058676654182284,0.028089887640449444,0.059300873907615494,0.06054931335830214,0.029338327091136086,0.04806491885143572,0.059300873907615494,0.05430711610486893,0.051810237203495646,0.11173533083645446,0.0805243445692884,0.030586766541822727,0.09425717852684147,0.03558052434456929,0.03558052434456929,0.046816479400749074
465,0.03768453768453768,0.02913752913752913,0.02059052059052059,0.03846153846153846,0.07964257964257963,0.02602952602952602,0.03923853923853923,0.09751359751359749,0.06410256410256408,0.01981351981351981,0.04545454545454545,0.02059052059052059,0.12237762237762236,0.022921522921522917,0.10528360528360525,0.019036519036519033,0.025252525252525245,0.09829059829059826,0.03379953379953379,0.05477855477855476
466,0.05300925925925924,0.03541666666666666,0.04513888888888888,0.04699074074074073,0.06828703703703702,0.03078703703703703,0.0761574074074074,0.027083333333333327,0.052546296296296285,0.015509259259259256,0.010416666666666664,0.020601851851851847,0.0835648148148148,0.015046296296296292,0.18124999999999997,0.019675925925925923,0.057175925925925915,0.02291666666666666,0.08726851851851851,0.051157407407407395
467,0.03678678678678678,0.038288288288288286,0.038288288288288286,0.0503003003003003,0.03678678678678678,0.04129129129129129,0.054804804804804805,0.04279279279279279,0.0503003003003003,0.0533033033033033,0.054804804804804805,0.03528528528528529,0.03528528528528529,0.0472972972972973,0.07132132132132132,0.03678678678678678,0.05930930930930931,0.07582582582582582,0.09534534534534535,0.0457957957957958
468,0.033910533910533926,0.03246753246753248,0.13059163059163065,0.035353535353535366,0.06998556998557001,0.035353535353535366,0.05122655122655124,0.04834054834054836,0.033910533910533926,0.0497835497835498,0.05844155844155846,0.05266955266955269,0.05122655122655124,0.03246753246753248,0.03246753246753248,0.07575757575757579,0.05844155844155846,0.03246753246753248,0.03246753246753248,0.05266955266955269
469,0.04497354497354498,0.03968253968253969,0.08201058201058202,0.07495590828924163,0.04320987654320988,0.04320987654320988,0.05731922398589066,0.050264550264550276,0.041446208112874784,0.04497354497354498,0.03968253968253969,0.050264550264550276,0.03968253968253969,0.06966490299823634,0.03968253968253969,0.03968253968253969,0.04320987654320988,0.03968253968253969,0.05908289241622576,0.05731922398589066
470,0.03360768175582991,0.034979423868312765,0.034979423868312765,0.039094650205761326,0.04595336076817559,0.11865569272976682,0.04320987654320988,0.03772290809327847,0.0308641975308642,0.0308641975308642,0.04595336076817559,0.06241426611796983,0.036351165980795616,0.0925925925925926,0.07750342935528122,0.03360768175582991,0.06104252400548697,0.04183813443072703,0.048696844993141294,0.05006858710562415
471,0.035211267605633804,0.03990610328638498,0.09937402190923318,0.035211267605633804,0.041471048513302036,0.06338028169014084,0.035211267605633804,0.041471048513302036,0.05712050078247261,0.041471048513302036,0.03834115805946792,0.03834115805946792,0.05868544600938967,0.06964006259780908,0.04929577464788732,0.04929577464788732,0.036776212832550864,0.035211267605633804,0.04929577464788732,0.08528951486697965
472,0.04545454545454547,0.04545454545454547,0.05959595959595962,0.04545454545454547,0.05959595959595962,0.04545454545454547,0.04949494949494951,0.04545454545454547,0.04545454545454547,0.09797979797979801,0.04545454545454547,0.04545454545454547,0.04949494949494951,0.04747474747474749,0.04545454545454547,0.04545454545454547,0.04545454545454547,0.04545454545454547,0.04545454545454547,0.04545454545454547
473,0.07150205761316873,0.07870370370370372,0.0910493827160494,0.026234567901234573,0.039609053497942394,0.09207818930041153,0.030349794238683135,0.1085390946502058,0.029320987654320993,0.04475308641975309,0.036522633744855974,0.027263374485596716,0.03858024691358025,0.040637860082304536,0.030349794238683135,0.07355967078189302,0.04578189300411523,0.030349794238683135,0.033436213991769555,0.03137860082304528
474,0.03952991452991453,0.06303418803418803,0.04878917378917379,0.023148148148148147,0.06374643874643875,0.2232905982905983,0.035256410256410256,0.025997150997150997,0.018874643874643875,0.035256410256410256,0.10505698005698005,0.018162393162393164,0.06160968660968661,0.02955840455840456,0.05163817663817664,0.04237891737891738,0.03454415954415954,0.025284900284900286,0.018874643874643875,0.03596866096866097
475,0.027777777777777776,0.04314420803782506,0.03605200945626478,0.03605200945626478,0.044326241134751775,0.026595744680851064,0.026595744680851064,0.05260047281323877,0.03959810874704492,0.053782505910165486,0.04550827423167849,0.0384160756501182,0.07624113475177305,0.04314420803782506,0.03486997635933806,0.09397163120567376,0.0384160756501182,0.17198581560283688,0.04314420803782506,0.027777777777777776
476,0.029914529914529916,0.027472527472527472,0.07020757020757021,0.061660561660561664,0.10561660561660562,0.029914529914529916,0.03235653235653236,0.06654456654456654,0.09096459096459096,0.051892551892551896,0.029914529914529916,0.03724053724053724,0.04700854700854701,0.031135531135531136,0.05555555555555555,0.033577533577533576,0.04945054945054945,0.06043956043956044,0.038461538461538464,0.05067155067155067
477,0.0281986531986532,0.03409090909090909,0.01978114478114478,0.0281986531986532,0.06355218855218855,0.020622895622895623,0.0281986531986532,0.03998316498316498,0.2218013468013468,0.02988215488215488,0.020622895622895623,0.040824915824915826,0.0585016835016835,0.01978114478114478,0.06691919191919192,0.03156565656565657,0.050084175084175085,0.1148989898989899,0.0382996632996633,0.04419191919191919
478,0.04808171400099651,0.04309915296462382,0.031639262580966616,0.10189337319382162,0.06552067762830095,0.012207274539113104,0.04509217737917289,0.02815146985550573,0.04309915296462382,0.08295964125560538,0.03014449427005481,0.025161933233682113,0.13577478824115596,0.060039860488290984,0.019182859990034877,0.030642750373692077,0.0515695067264574,0.09491778774289986,0.021175884404583956,0.029646238166417538
479,0.024524524524524523,0.03653653653653654,0.04454454454454455,0.028528528528528527,0.07957957957957958,0.02952952952952953,0.04054054054054054,0.02952952952952953,0.06256256256256257,0.032532532532532535,0.02252252252252252,0.03953953953953954,0.11961961961961962,0.025525525525525526,0.03153153153153153,0.04854854854854855,0.06556556556556556,0.11761761761761762,0.04254254254254254,0.07857857857857858
480,0.02805280528052806,0.03355335533553356,0.05445544554455447,0.025852585258525858,0.03685368536853686,0.02695269526952696,0.04235423542354236,0.05115511551155117,0.05445544554455447,0.14466446644664469,0.03465346534653466,0.02805280528052806,0.045654565456545664,0.04895489548954897,0.055555555555555566,0.06105610561056107,0.05885588558855887,0.02695269526952696,0.06765676567656767,0.07425742574257427
481,0.07529239766081873,0.04605263157894737,0.05190058479532164,0.03289473684210527,0.04312865497076024,0.03289473684210527,0.034356725146198835,0.044590643274853806,0.0358187134502924,0.044590643274853806,0.034356725146198835,0.09283625730994154,0.03289473684210527,0.11330409356725148,0.0679824561403509,0.06213450292397661,0.03728070175438597,0.034356725146198835,0.04166666666666667,0.04166666666666667
482,0.06750298685782556,0.028076463560334528,0.028076463560334528,0.05316606929510155,0.03524492234169654,0.05436081242532855,0.07108721624850657,0.044802867383512544,0.05675029868578255,0.03763440860215054,0.03882915173237754,0.04002389486260454,0.03643966547192354,0.03882915173237754,0.07228195937873358,0.02927120669056153,0.031660692951015534,0.03763440860215054,0.15591397849462366,0.04241338112305854
483,0.05034722222222223,0.034143518518518524,0.06539351851851853,0.02604166666666667,0.04803240740740741,0.05266203703703704,0.03761574074074075,0.049189814814814825,0.03530092592592593,0.04803240740740741,0.0306712962962963,0.18923611111111113,0.028356481481481486,0.02951388888888889,0.07002314814814817,0.056134259259259266,0.03530092592592593,0.02604166666666667,0.058449074074074084,0.02951388888888889
484,0.05963302752293577,0.02701325178389398,0.02701325178389398,0.03924566768603465,0.031090723751274203,0.17074413863404686,0.04841997961264015,0.028032619775739034,0.03720693170234454,0.03211009174311926,0.03414882772680937,0.03720693170234454,0.02395514780835881,0.041284403669724766,0.04434250764525993,0.14016309887869519,0.02395514780835881,0.050458715596330264,0.0657492354740061,0.03822629969418959
485,0.030355097365406643,0.02577319587628866,0.06701030927835051,0.05670103092783505,0.04639175257731959,0.02577319587628866,0.03493699885452463,0.030355097365406643,0.03264604810996564,0.03493699885452463,0.03722794959908362,0.04868270332187858,0.04066437571592211,0.029209621993127148,0.03608247422680412,0.29152348224513175,0.03150057273768614,0.02577319587628866,0.04868270332187858,0.02577319587628866
486,0.10072951739618406,0.030022446689113354,0.10297418630751964,0.07491582491582492,0.07267115600448934,0.01823793490460157,0.030022446689113354,0.05976430976430976,0.1181257014590348,0.046296296296296294,0.07042648709315376,0.01655443322109989,0.06369248035914703,0.022166105499438832,0.05022446689113356,0.031144781144781145,0.03170594837261504,0.01711560044893378,0.021604938271604937,0.021604938271604937
487,0.05584795321637427,0.21725146198830408,0.035964912280701755,0.018421052631578946,0.02953216374269006,0.14356725146198832,0.028362573099415204,0.020760233918128656,0.01608187134502924,0.021345029239766083,0.02543859649122807,0.024269005847953218,0.016666666666666666,0.08391812865497077,0.031871345029239766,0.08742690058479533,0.041812865497076024,0.013742690058479532,0.026023391812865497,0.06169590643274854
488,0.04166666666666667,0.04907407407407408,0.04166666666666667,0.04166666666666667,0.05648148148148149,0.07314814814814816,0.04166666666666667,0.04537037037037038,0.04166666666666667,0.04166666666666667,0.04166666666666667,0.04166666666666667,0.04166666666666667,0.04537037037037038,0.05833333333333334,0.10277777777777779,0.04166666666666667,0.04166666666666667,0.05833333333333334,0.052777777777777785
489,0.03310886644219977,0.027497194163860823,0.028619528619528614,0.036475869809203136,0.036475869809203136,0.12514029180695846,0.07239057239057238,0.04657687991021324,0.0297418630751964,0.03086419753086419,0.03198653198653198,0.026374859708193036,0.036475869809203136,0.053310886644219964,0.11279461279461277,0.148709315375982,0.028619528619528614,0.025252525252525245,0.036475869809203136,0.03310886644219977
490,0.05555555555555556,0.05555555555555556,0.08904109589041097,0.03729071537290716,0.03424657534246576,0.03424657534246576,0.04490106544901066,0.04337899543378996,0.04185692541856926,0.03576864535768646,0.03881278538812786,0.03576864535768646,0.03576864535768646,0.07990867579908677,0.04185692541856926,0.12100456621004567,0.06012176560121766,0.03424657534246576,0.04033485540334856,0.04033485540334856
491,0.02510288065843622,0.02181069958847737,0.034979423868312765,0.16419753086419756,0.04238683127572017,0.03333333333333334,0.04979423868312759,0.053086419753086436,0.16995884773662553,0.03415637860082305,0.02839506172839507,0.02181069958847737,0.04650205761316873,0.020987654320987658,0.034979423868312765,0.04650205761316873,0.06707818930041154,0.058847736625514416,0.020164609053497946,0.025925925925925932
492,0.08224400871459694,0.03758169934640523,0.08986928104575163,0.05392156862745098,0.09749455337690632,0.04302832244008715,0.04847494553376906,0.04411764705882353,0.04847494553376906,0.039760348583877995,0.04738562091503268,0.04411764705882353,0.0332244008714597,0.049564270152505446,0.04084967320261438,0.06263616557734204,0.026688453159041396,0.03540305010893246,0.03867102396514161,0.03649237472766884
493,0.036625514403292175,0.06213991769547324,0.1790123456790123,0.06296296296296294,0.07695473251028805,0.03004115226337448,0.06625514403292179,0.03086419753086419,0.023456790123456785,0.032510288065843614,0.042386831275720155,0.03744855967078189,0.05061728395061727,0.0596707818930041,0.051440329218106984,0.03744855967078189,0.036625514403292175,0.02098765432098765,0.042386831275720155,0.02016460905349794
494,0.038113695090439284,0.030361757105943157,0.03294573643410854,0.03423772609819122,0.08333333333333334,0.04069767441860466,0.03423772609819122,0.041989664082687346,0.04328165374677003,0.07170542635658916,0.14534883720930236,0.04457364341085272,0.05490956072351422,0.029069767441860468,0.09108527131782947,0.04069767441860466,0.0368217054263566,0.03423772609819122,0.04328165374677003,0.029069767441860468
495,0.06891025641025642,0.03365384615384615,0.037927350427350424,0.030448717948717948,0.030448717948717948,0.04113247863247863,0.04006410256410257,0.02938034188034188,0.02403846153846154,0.037927350427350424,0.026175213675213676,0.2783119658119658,0.03579059829059829,0.05502136752136752,0.02938034188034188,0.08066239316239317,0.030448717948717948,0.03579059829059829,0.02938034188034188,0.025106837606837608
496,0.021367521367521368,0.04226020892687559,0.03466286799620133,0.030864197530864196,0.02231718898385565,0.030864197530864196,0.05080721747388414,0.0584045584045584,0.06885090218423552,0.043209876543209874,0.08594491927825261,0.023266856600189935,0.18755935422602088,0.04510921177587844,0.04131054131054131,0.054605887939221276,0.030864197530864196,0.05555555555555555,0.023266856600189935,0.048907882241215575
497,0.02368421052631579,0.026608187134502925,0.018421052631578946,0.037719298245614034,0.0435672514619883,0.020760233918128656,0.0652046783625731,0.10321637426900584,0.16403508771929826,0.062280701754385964,0.04941520467836257,0.028362573099415204,0.05058479532163743,0.015497076023391813,0.038304093567251465,0.02368421052631579,0.027192982456140352,0.05584795321637427,0.038304093567251465,0.10730994152046784
498,0.04876543209876543,0.040123456790123455,0.03271604938271605,0.040123456790123455,0.029012345679012345,0.04135802469135803,0.12654320987654322,0.03518518518518519,0.030246913580246913,0.03518518518518519,0.037654320987654324,0.10925925925925926,0.04259259259259259,0.0734567901234568,0.04259259259259259,0.03888888888888889,0.03888888888888889,0.03641975308641975,0.08456790123456791,0.03641975308641975
499,0.0652454780361757,0.030361757105943146,0.10012919896640825,0.04198966408268733,0.030361757105943146,0.07299741602067182,0.03423772609819121,0.03294573643410852,0.030361757105943146,0.04974160206718345,0.06912144702842375,0.051033591731266134,0.029069767441860458,0.030361757105943146,0.03294573643410852,0.1453488372093023,0.029069767441860458,0.029069767441860458,0.03811369509043927,0.05749354005167957
500,0.07057057057057058,0.033533533533533534,0.028528528528528527,0.03053053053053053,0.033533533533533534,0.1866866866866867,0.03153153153153153,0.052552552552552555,0.03053053053053053,0.04154154154154154,0.03953953953953954,0.03153153153153153,0.04454454454454455,0.03153153153153153,0.03453453453453453,0.12862862862862862,0.04354354354354354,0.02252252252252252,0.03753753753753754,0.046546546546546545
501,0.04471544715447155,0.06910569105691058,0.02574525745257453,0.04471544715447155,0.021228545618789525,0.21002710027100274,0.03568202348690154,0.039295392953929545,0.02574525745257453,0.06097560975609757,0.03568202348690154,0.03297199638663054,0.021228545618789525,0.06639566395663958,0.031165311653116534,0.11065943992773263,0.03297199638663054,0.03658536585365854,0.021228545618789525,0.03387533875338754
502,0.038398692810457526,0.03676470588235295,0.09232026143790852,0.038398692810457526,0.044934640522875824,0.040032679738562095,0.06290849673202616,0.06127450980392157,0.06290849673202616,0.038398692810457526,0.044934640522875824,0.059640522875817004,0.038398692810457526,0.04983660130718955,0.03676470588235295,0.06290849673202616,0.04166666666666667,0.038398692810457526,0.059640522875817004,0.05147058823529412
503,0.03544973544973545,0.03333333333333334,0.07354497354497355,0.026984126984126992,0.024867724867724875,0.1687830687830688,0.025925925925925932,0.029100529100529106,0.025925925925925932,0.03333333333333334,0.03862433862433863,0.05661375661375663,0.030158730158730166,0.14338624338624342,0.03544973544973545,0.0650793650793651,0.025925925925925932,0.024867724867724875,0.07460317460317462,0.02804232804232805
504,0.03333333333333334,0.03481481481481482,0.04222222222222223,0.049629629629629635,0.037777777777777785,0.03333333333333334,0.05407407407407408,0.06444444444444446,0.10296296296296298,0.1088888888888889,0.03333333333333334,0.03481481481481482,0.04074074074074075,0.03481481481481482,0.04370370370370371,0.03333333333333334,0.060000000000000005,0.06740740740740742,0.03333333333333334,0.057037037037037046
505,0.021517996870109548,0.02777777777777778,0.023865414710485137,0.10054773082942098,0.043427230046948366,0.06533646322378718,0.02934272300469484,0.030907668231611896,0.04029733959311425,0.13262910798122068,0.041862284820031306,0.026212832550860724,0.10524256651017216,0.04420970266040689,0.03873239436619719,0.026995305164319253,0.03873239436619719,0.09507042253521128,0.019170579029733962,0.04812206572769954
506,0.06471935853379153,0.05211912943871707,0.03379152348224513,0.02577319587628866,0.026918671248568157,0.1620847651775487,0.0429553264604811,0.03722794959908362,0.028064146620847653,0.03493699885452463,0.02577319587628866,0.029209621993127148,0.03493699885452463,0.08991981672394044,0.06930126002290951,0.07388316151202749,0.03608247422680412,0.02577319587628866,0.04524627720504009,0.06128293241695303
507,0.040983606557377046,0.042805100182149364,0.09016393442622951,0.04644808743169399,0.05555555555555555,0.040983606557377046,0.040983606557377046,0.040983606557377046,0.042805100182149364,0.0482695810564663,0.06648451730418943,0.042805100182149364,0.05555555555555555,0.06830601092896176,0.044626593806921674,0.05555555555555555,0.044626593806921674,0.040983606557377046,0.040983606557377046,0.05009107468123861
508,0.04142300194931775,0.03362573099415206,0.027777777777777787,0.05019493177387915,0.10087719298245616,0.026803118908382075,0.023879142300194937,0.03460038986354777,0.03557504873294348,0.06481481481481484,0.09405458089668618,0.05701754385964914,0.1193957115009747,0.02972709551656921,0.06481481481481484,0.021929824561403514,0.038499025341130616,0.0618908382066277,0.03362573099415206,0.03947368421052633
509,0.04166666666666667,0.04166666666666667,0.07685185185185187,0.04166666666666667,0.054629629629629646,0.043518518518518526,0.047222222222222235,0.04166666666666667,0.04166666666666667,0.04166666666666667,0.05833333333333335,0.07314814814814816,0.054629629629629646,0.04166666666666667,0.05092592592592594,0.04166666666666667,0.04166666666666667,0.04166666666666667,0.08240740740740742,0.04166666666666667
510,0.10755336617405582,0.05829228243021346,0.02435686918445539,0.017241379310344827,0.03585112205801861,0.013409961685823755,0.016146688560481664,0.012315270935960592,0.014504652435686919,0.027093596059113302,0.03804050355774494,0.07580733442802408,0.027093596059113302,0.06759715380405036,0.0331143951833607,0.21866447728516694,0.07033388067870827,0.07416529830322934,0.019978106185002738,0.048440065681444995
511,0.02337164750957855,0.1153256704980843,0.03180076628352491,0.052490421455938706,0.11149425287356324,0.03563218390804598,0.029501915708812262,0.05938697318007664,0.05862068965517242,0.049425287356321845,0.04865900383141763,0.03716475095785441,0.03333333333333334,0.09233716475095786,0.04789272030651342,0.021839080459770118,0.07011494252873565,0.021072796934865905,0.024137931034482762,0.0363984674329502
512,0.052136752136752146,0.05726495726495727,0.053846153846153856,0.053846153846153856,0.06752136752136753,0.04017094017094018,0.052136752136752146,0.04017094017094018,0.04017094017094018,0.06752136752136753,0.053846153846153856,0.04017094017094018,0.04017094017094018,0.053846153846153856,0.03846153846153847,0.04017094017094018,0.047008547008547015,0.05555555555555556,0.06752136752136753,0.03846153846153847
513,0.03882915173237754,0.026881720430107527,0.03524492234169654,0.047192353643966546,0.04002389486260454,0.028076463560334528,0.04838709677419355,0.03882915173237754,0.17264038231780168,0.032855436081242535,0.04958183990442055,0.028076463560334528,0.16905615292712067,0.03763440860215054,0.03763440860215054,0.026881720430107527,0.03046594982078853,0.03524492234169654,0.034050179211469536,0.04241338112305854
514,0.05814500941619586,0.036016949152542374,0.01435969868173258,0.03130885122410546,0.040725047080979286,0.013888888888888888,0.4314971751412429,0.0185969868173258,0.012005649717514125,0.01435969868173258,0.016242937853107344,0.016713747645951037,0.01435969868173258,0.01765536723163842,0.11228813559322035,0.017184557438794726,0.0397834274952919,0.011534839924670434,0.036016949152542374,0.04731638418079096
515,0.05169753086419754,0.03472222222222223,0.09490740740740743,0.04398148148148149,0.05015432098765433,0.04861111111111112,0.07330246913580249,0.03472222222222223,0.03780864197530865,0.09645061728395063,0.07021604938271607,0.05015432098765433,0.05324074074074075,0.05015432098765433,0.03472222222222223,0.03626543209876544,0.03472222222222223,0.03472222222222223,0.03472222222222223,0.03472222222222223
516,0.0349002849002849,0.03347578347578348,0.0633903133903134,0.03632478632478633,0.054843304843304845,0.03347578347578348,0.03347578347578348,0.06054131054131054,0.08618233618233619,0.07336182336182336,0.07193732193732194,0.03205128205128205,0.07763532763532764,0.08048433048433049,0.03774928774928775,0.051994301994301995,0.03205128205128205,0.03774928774928775,0.03205128205128205,0.03632478632478633
517,0.12029746281714786,0.045931758530183726,0.03805774278215223,0.027559055118110236,0.046806649168853895,0.06867891513560805,0.01968503937007874,0.03455818022747156,0.07042869641294838,0.07742782152230972,0.07742782152230972,0.030183727034120734,0.025809273840769902,0.031933508311461065,0.08355205599300088,0.07917760279965004,0.023184601924759404,0.0363079615048119,0.03718285214348206,0.025809273840769902
518,0.04751461988304092,0.043128654970760225,0.054824561403508755,0.04166666666666666,0.03435672514619882,0.04020467836257309,0.08552631578947367,0.10307017543859646,0.050438596491228053,0.04020467836257309,0.04605263157894736,0.06944444444444443,0.03581871345029239,0.04020467836257309,0.032894736842105254,0.032894736842105254,0.03581871345029239,0.03581871345029239,0.06213450292397659,0.06798245614035087
519,0.0106682769726248,0.027979066022544283,0.018317230273752014,0.017512077294685992,0.011876006441223833,0.0106682769726248,0.013083735909822867,0.010265700483091788,0.015901771336553946,0.015096618357487922,0.012681159420289856,0.01107085346215781,0.013083735909822867,0.04206924315619968,0.012278582930756845,0.017914653784219,0.6805555555555556,0.02073268921095008,0.017914653784219,0.02033011272141707
520,0.046536796536796536,0.02922077922077922,0.021284271284271284,0.026334776334776336,0.0891053391053391,0.021284271284271284,0.07683982683982683,0.024170274170274172,0.11363636363636363,0.0183982683982684,0.020562770562770564,0.05519480519480519,0.021284271284271284,0.0386002886002886,0.045093795093795096,0.0284992784992785,0.04220779220779221,0.06746031746031746,0.07828282828282829,0.13600288600288601
521,0.017006802721088437,0.05253212396069539,0.02456538170823885,0.025321239606953892,0.12207105064247921,0.021541950113378686,0.03665910808767952,0.05102040816326531,0.035147392290249435,0.01927437641723356,0.06613756613756613,0.02834467120181406,0.1621315192743764,0.023809523809523808,0.025321239606953892,0.01927437641723356,0.017762660619803475,0.05555555555555555,0.030612244897959183,0.1659108087679516
522,0.03154425612052731,0.0428436911487759,0.06544256120527307,0.03154425612052731,0.026836158192090395,0.043785310734463276,0.21045197740112995,0.04001883239171375,0.039077212806026364,0.06826741996233522,0.06826741996233522,0.038135593220338986,0.04566854990583804,0.02495291902071563,0.03154425612052731,0.04472693032015066,0.0211864406779661,0.02401129943502825,0.07203389830508475,0.029661016949152543
523,0.036052009456264786,0.027777777777777783,0.05969267139479907,0.05141843971631207,0.04787234042553193,0.02659574468085107,0.043144208037825066,0.0537825059101655,0.1471631205673759,0.0537825059101655,0.033687943262411355,0.0289598108747045,0.10697399527186764,0.02659574468085107,0.03841607565011821,0.0289598108747045,0.04196217494089835,0.08924349881796692,0.02659574468085107,0.03132387706855792
524,0.06904761904761905,0.03571428571428571,0.04206349206349207,0.07539682539682539,0.03571428571428571,0.03571428571428571,0.03571428571428571,0.03888888888888889,0.04047619047619048,0.05,0.03571428571428571,0.04365079365079365,0.08174603174603175,0.03571428571428571,0.03888888888888889,0.048412698412698414,0.06587301587301587,0.06587301587301587,0.048412698412698414,0.07698412698412699
525,0.06367521367521366,0.043162393162393155,0.10128205128205126,0.025213675213675207,0.038034188034188024,0.13547008547008543,0.03205128205128204,0.026068376068376062,0.039743589743589734,0.020085470085470084,0.03119658119658119,0.041452991452991444,0.01923076923076923,0.12094017094017091,0.03376068376068375,0.0799145299145299,0.0329059829059829,0.026923076923076918,0.04914529914529913,0.039743589743589734
526,0.019230769230769232,0.02435897435897436,0.026923076923076925,0.0764957264957265,0.03290598290598291,0.02094017094017094,0.06282051282051282,0.054273504273504275,0.1047008547008547,0.045726495726495724,0.021794871794871794,0.025213675213675214,0.045726495726495724,0.02264957264957265,0.027777777777777776,0.020085470085470087,0.050854700854700854,0.16623931623931623,0.02863247863247863,0.12264957264957264
527,0.1,0.029129129129129128,0.03993993993993994,0.013513513513513514,0.01891891891891892,0.01951951951951952,0.013513513513513514,0.026126126126126126,0.015315315315315315,0.02072072072072072,0.047747747747747746,0.44054054054054054,0.01831831831831832,0.07357357357357357,0.017717717717717716,0.015915915915915915,0.01891891891891892,0.015915915915915915,0.015915915915915915,0.03873873873873874
528,0.06227598566308242,0.028225806451612896,0.06048387096774192,0.028225806451612896,0.02016129032258064,0.021953405017921142,0.030017921146953397,0.05062724014336916,0.03629032258064516,0.026433691756272394,0.028225806451612896,0.2683691756272401,0.04704301075268816,0.05062724014336916,0.04793906810035841,0.038082437275985655,0.029121863799283148,0.038082437275985655,0.021953405017921142,0.06586021505376342
529,0.04457364341085272,0.031653746770025845,0.029069767441860468,0.06653746770025841,0.041989664082687346,0.03423772609819122,0.061369509043927656,0.07558139534883722,0.04069767441860466,0.04715762273901809,0.05361757105943153,0.04457364341085272,0.05878552971576228,0.05490956072351422,0.0768733850129199,0.0768733850129199,0.03940568475452197,0.03940568475452197,0.04715762273901809,0.03552971576227391
530,0.06430041152263376,0.02623456790123457,0.07973251028806586,0.0344650205761317,0.027263374485596712,0.033436213991769555,0.039609053497942394,0.04578189300411523,0.04783950617283951,0.04166666666666667,0.04578189300411523,0.06635802469135804,0.04578189300411523,0.04475308641975309,0.0344650205761317,0.046810699588477375,0.024176954732510293,0.02314814814814815,0.16615226337448563,0.06224279835390947
531,0.0541838134430727,0.03497942386831276,0.08436213991769548,0.07613168724279835,0.04046639231824417,0.045953360768175584,0.050068587105624146,0.03223593964334705,0.03223593964334705,0.06927297668038408,0.0720164609053498,0.06652949245541838,0.03772290809327846,0.05281207133058985,0.05281207133058985,0.033607681755829906,0.043209876543209874,0.03909465020576132,0.04183813443072702,0.04046639231824417
532,0.035768645357686445,0.035768645357686445,0.09360730593607304,0.035768645357686445,0.06164383561643834,0.034246575342465745,0.034246575342465745,0.034246575342465745,0.035768645357686445,0.040334855403348545,0.09512937595129373,0.05251141552511414,0.034246575342465745,0.11339421613394213,0.035768645357686445,0.05251141552511414,0.034246575342465745,0.035768645357686445,0.06925418569254184,0.035768645357686445
533,0.05311890838206628,0.02875243664717349,0.07456140350877194,0.0462962962962963,0.023879142300194934,0.16812865497076027,0.029727095516569203,0.024853801169590645,0.05409356725146199,0.03265107212475634,0.049220272904483435,0.023879142300194934,0.030701754385964914,0.04727095516569201,0.05116959064327486,0.0969785575048733,0.03849902534113061,0.02192982456140351,0.05896686159844055,0.04532163742690059
534,0.013083735909822867,0.023148148148148147,0.016304347826086956,0.017914653784219,0.010265700483091788,0.009863123993558777,0.013083735909822867,0.009057971014492754,0.018317230273752014,0.012278582930756845,0.013083735909822867,0.012681159420289856,0.01469404186795491,0.0392512077294686,0.013486312399355877,0.019927536231884056,0.6829710144927537,0.0215378421900161,0.015901771336553946,0.023148148148148147
535,0.03897180762852404,0.057213930348258696,0.08208955223880596,0.03897180762852404,0.04394693200663349,0.037313432835820885,0.04726368159203979,0.04063018242122719,0.04228855721393034,0.0771144278606965,0.04892205638474294,0.037313432835820885,0.04892205638474294,0.037313432835820885,0.0737976782752902,0.07545605306799336,0.04063018242122719,0.04228855721393034,0.04892205638474294,0.04063018242122719
536,0.03906249999999999,0.03906249999999999,0.03906249999999999,0.03906249999999999,0.03906249999999999,0.03906249999999999,0.13107638888888887,0.03906249999999999,0.06510416666666666,0.06857638888888888,0.04774305555555554,0.040798611111111105,0.04427083333333333,0.040798611111111105,0.03906249999999999,0.0564236111111111,0.05121527777777776,0.05989583333333332,0.03906249999999999,0.04253472222222222
537,0.01591435185185185,0.024594907407407402,0.05121527777777776,0.06336805555555554,0.09577546296296294,0.01938657407407407,0.04947916666666665,0.04484953703703703,0.1524884259259259,0.024016203703703696,0.028645833333333325,0.021701388888888885,0.13049768518518515,0.023437499999999997,0.0396412037037037,0.019965277777777773,0.048321759259259245,0.059317129629629615,0.03732638888888888,0.05005787037037036
538,0.02992831541218638,0.056451612903225805,0.021684587813620072,0.03351254480286738,0.022401433691756272,0.020967741935483872,0.015591397849462365,0.10591397849462365,0.03028673835125448,0.026344086021505377,0.057526881720430106,0.01093189964157706,0.024910394265232973,0.03136200716845878,0.024910394265232973,0.05967741935483871,0.164336917562724,0.017025089605734768,0.028853046594982078,0.21738351254480287
539,0.04914529914529915,0.05484330484330485,0.04202279202279203,0.04914529914529915,0.033475783475783484,0.0576923076923077,0.04344729344729346,0.036324786324786335,0.04344729344729346,0.09615384615384617,0.04772079772079773,0.034900284900284906,0.032051282051282055,0.04914529914529915,0.04772079772079773,0.034900284900284906,0.032051282051282055,0.04059829059829061,0.14316239316239318,0.032051282051282055
540,0.07839506172839507,0.03271604938271605,0.0882716049382716,0.03271604938271605,0.030246913580246913,0.033950617283950615,0.06975308641975309,0.09938271604938272,0.037654320987654324,0.07839506172839507,0.027777777777777776,0.033950617283950615,0.05617283950617284,0.029012345679012345,0.04135802469135803,0.059876543209876544,0.027777777777777776,0.03271604938271605,0.07592592592592592,0.033950617283950615
541,0.05469422911283377,0.3277347114556417,0.02885443583118002,0.043496985357450474,0.044358311800172266,0.0305770887166236,0.023686477174849268,0.031438415159345395,0.02885443583118002,0.01937984496124031,0.02627045650301464,0.027131782945736434,0.022825150732127476,0.02627045650301464,0.03229974160206718,0.050387596899224806,0.037467700258397935,0.027131782945736434,0.03574504737295435,0.08139534883720931
542,0.10515873015873019,0.03240740740740741,0.054894179894179905,0.03637566137566138,0.08531746031746033,0.029761904761904767,0.03637566137566138,0.033730158730158735,0.0773809523809524,0.07870370370370372,0.07605820105820107,0.04563492063492064,0.04563492063492064,0.04166666666666667,0.04563492063492064,0.04166666666666667,0.03637566137566138,0.029761904761904767,0.03637566137566138,0.03108465608465609
543,0.034814814814814805,0.05407407407407406,0.03629629629629629,0.03629629629629629,0.03777777777777777,0.03629629629629629,0.033333333333333326,0.05555555555555554,0.033333333333333326,0.033333333333333326,0.06592592592592592,0.097037037037037,0.03777777777777777,0.1311111111111111,0.04074074074074074,0.058518518518518504,0.05555555555555554,0.033333333333333326,0.034814814814814805,0.05407407407407406
544,0.06339869281045753,0.04901960784313726,0.08300653594771243,0.06601307189542485,0.06339869281045753,0.04640522875816994,0.03986928104575164,0.03856209150326798,0.04640522875816994,0.0477124183006536,0.09084967320261439,0.029411764705882356,0.0411764705882353,0.0607843137254902,0.03725490196078432,0.034640522875817,0.06339869281045753,0.030718954248366015,0.03333333333333334,0.034640522875817
545,0.0402046783625731,0.05482456140350877,0.035818713450292396,0.035818713450292396,0.11476608187134503,0.06505847953216375,0.07529239766081872,0.062134502923976605,0.03435672514619883,0.04312865497076023,0.03289473684210526,0.0533625730994152,0.06652046783625731,0.03289473684210526,0.03289473684210526,0.03874269005847953,0.03728070175438596,0.03289473684210526,0.07821637426900585,0.03289473684210526
546,0.04015401540154016,0.026952695269526955,0.05995599559955996,0.024752475247524757,0.08305830583058307,0.03465346534653466,0.04675467546754676,0.03245324532453246,0.030253025302530257,0.07205720572057207,0.03575357535753576,0.07645764576457648,0.04675467546754676,0.05555555555555556,0.04675467546754676,0.07315731573157318,0.026952695269526955,0.025852585258525854,0.07865786578657867,0.08305830583058307
547,0.03113553113553114,0.028693528693528696,0.05799755799755801,0.03113553113553114,0.05799755799755801,0.07264957264957267,0.05311355311355312,0.06166056166056167,0.03601953601953602,0.02991452991452992,0.12393162393162395,0.04090354090354091,0.05921855921855922,0.05433455433455434,0.03724053724053725,0.03479853479853481,0.08852258852258854,0.027472527472527476,0.03601953601953602,0.03724053724053725
548,0.05487804878048782,0.05352303523035232,0.0426829268292683,0.04810298102981031,0.035907859078590794,0.0386178861788618,0.0426829268292683,0.06571815718157183,0.035907859078590794,0.05352303523035232,0.050813008130081314,0.09823848238482387,0.0453929539295393,0.0453929539295393,0.05352303523035232,0.06707317073170734,0.04945799457994581,0.0399728997289973,0.0467479674796748,0.03184281842818429
549,0.028042328042328046,0.028042328042328046,0.04074074074074075,0.08095238095238097,0.13068783068783071,0.02592592592592593,0.030158730158730163,0.024867724867724872,0.0343915343915344,0.061904761904761914,0.024867724867724872,0.024867724867724872,0.029100529100529102,0.04074074074074075,0.028042328042328046,0.03862433862433863,0.061904761904761914,0.18783068783068785,0.04497354497354498,0.03333333333333334
550,0.040983606557377046,0.040983606557377046,0.06648451730418943,0.04644808743169399,0.042805100182149364,0.040983606557377046,0.04644808743169399,0.0482695810564663,0.0482695810564663,0.08652094717668488,0.040983606557377046,0.042805100182149364,0.040983606557377046,0.05373406193078324,0.08469945355191257,0.0610200364298725,0.040983606557377046,0.040983606557377046,0.040983606557377046,0.044626593806921674
551,0.03956228956228956,0.03787878787878788,0.09511784511784512,0.046296296296296294,0.05303030303030303,0.04292929292929293,0.04461279461279461,0.03787878787878788,0.03787878787878788,0.054713804713804715,0.03787878787878788,0.05134680134680135,0.03956228956228956,0.04292929292929293,0.09006734006734007,0.05303030303030303,0.05303030303030303,0.04461279461279461,0.03787878787878788,0.05976430976430976
552,0.06539351851851852,0.050347222222222224,0.10821759259259259,0.026041666666666668,0.08622685185185185,0.045717592592592594,0.036458333333333336,0.03414351851851852,0.026041666666666668,0.05381944444444445,0.07696759259259259,0.028356481481481483,0.026041666666666668,0.10358796296296297,0.03298611111111111,0.07002314814814815,0.030671296296296297,0.03298611111111111,0.026041666666666668,0.03993055555555555
553,0.034722222222222224,0.05324074074074074,0.11188271604938271,0.03780864197530864,0.03780864197530864,0.0470679012345679,0.034722222222222224,0.04089506172839506,0.06712962962962964,0.04089506172839506,0.0625,0.034722222222222224,0.04861111111111111,0.05478395061728395,0.05941358024691358,0.04243827160493827,0.036265432098765434,0.03780864197530864,0.04861111111111111,0.06867283950617284
554,0.06250000000000001,0.05654761904761906,0.04464285714285715,0.046626984126984135,0.04464285714285715,0.04464285714285715,0.04464285714285715,0.06051587301587303,0.04464285714285715,0.04464285714285715,0.06250000000000001,0.04464285714285715,0.04464285714285715,0.04464285714285715,0.06250000000000001,0.06250000000000001,0.05059523809523811,0.04464285714285715,0.04464285714285715,0.04464285714285715
555,0.022300469483568074,0.021517996870109544,0.05516431924882629,0.051251956181533644,0.04029733959311424,0.04342723004694836,0.03873239436619718,0.04812206572769953,0.13732394366197184,0.03482003129890454,0.020735524256651018,0.023865414710485134,0.1991392801251956,0.021517996870109544,0.07237871674491393,0.023865414710485134,0.022300469483568074,0.06846635367762129,0.03247261345852895,0.022300469483568074
556,0.02807646356033453,0.035244922341696544,0.030465949820788533,0.049581839904420555,0.06272401433691757,0.04599761051373955,0.06272401433691757,0.05675029868578256,0.04002389486260455,0.03882915173237755,0.04121863799283155,0.037634408602150546,0.10454002389486262,0.037634408602150546,0.049581839904420555,0.030465949820788533,0.04360812425328555,0.02688172043010753,0.13679808841099167,0.04121863799283155
557,0.040123456790123455,0.04876543209876543,0.05,0.03518518518518519,0.05617283950617284,0.03148148148148148,0.033950617283950615,0.047530864197530866,0.05617283950617284,0.07962962962962963,0.043827160493827164,0.030246913580246913,0.08703703703703704,0.027777777777777776,0.03641975308641975,0.03148148148148148,0.04259259259259259,0.13641975308641976,0.047530864197530866,0.037654320987654324
558,0.06766381766381768,0.034900284900284906,0.033475783475783484,0.04202279202279203,0.033475783475783484,0.037749287749287756,0.06481481481481483,0.12891737891737895,0.060541310541310546,0.10470085470085472,0.04059829059829061,0.033475783475783484,0.032051282051282055,0.04202279202279203,0.04202279202279203,0.034900284900284906,0.051994301994302,0.04059829059829061,0.036324786324786335,0.037749287749287756
559,0.030141843971631208,0.026595744680851068,0.03841607565011821,0.0786052009456265,0.033687943262411355,0.05141843971631206,0.0455082742316785,0.036052009456264786,0.17434988179669034,0.03132387706855792,0.03486997635933807,0.039598108747044926,0.039598108747044926,0.026595744680851068,0.08924349881796692,0.026595744680851068,0.046690307328605206,0.05614657210401892,0.037234042553191495,0.05732860520094563
560,0.04153182308522115,0.0598705501618123,0.048004314994606265,0.03829557713052859,0.024271844660194178,0.11596548004314997,0.05663430420711975,0.03937432578209278,0.050161812297734636,0.04908306364617045,0.03613807982740022,0.04368932038834952,0.03505933117583604,0.06310679611650487,0.044768069039913705,0.027508090614886734,0.027508090614886734,0.025350593311758363,0.12028047464940671,0.05339805825242719
561,0.04693486590038314,0.04310344827586207,0.04310344827586207,0.04310344827586207,0.04310344827586207,0.04310344827586207,0.04310344827586207,0.0603448275862069,0.05076628352490421,0.04310344827586207,0.04310344827586207,0.0603448275862069,0.05842911877394636,0.05268199233716475,0.05268199233716475,0.09291187739463602,0.05076628352490421,0.04310344827586207,0.04310344827586207,0.04310344827586207
562,0.035818713450292396,0.035818713450292396,0.09137426900584796,0.03289473684210526,0.04751461988304093,0.03289473684210526,0.03435672514619883,0.05482456140350877,0.041666666666666664,0.051900584795321635,0.04751461988304093,0.0445906432748538,0.12646198830409358,0.046052631578947366,0.07090643274853801,0.06505847953216375,0.03289473684210526,0.03289473684210526,0.03874269005847953,0.035818713450292396
563,0.03623188405797102,0.03623188405797102,0.04106280193236716,0.05233494363929148,0.06682769726247989,0.03623188405797102,0.03945249597423511,0.04106280193236716,0.10225442834138489,0.03623188405797102,0.06199677938808375,0.05394524959742352,0.08937198067632851,0.04106280193236716,0.042673107890499204,0.042673107890499204,0.03784219001610307,0.04106280193236716,0.04428341384863125,0.05716586151368761
564,0.03649237472766884,0.03213507625272331,0.04411764705882353,0.0528322440087146,0.05827886710239651,0.03649237472766884,0.10076252723311546,0.07570806100217865,0.03758169934640523,0.04411764705882353,0.0332244008714597,0.03758169934640523,0.029956427015250545,0.03649237472766884,0.10620915032679738,0.07352941176470588,0.041938997821350764,0.06481481481481481,0.027777777777777776,0.029956427015250545
565,0.02546296296296296,0.03935185185185185,0.05694444444444444,0.09212962962962963,0.07175925925925926,0.02638888888888889,0.06435185185185185,0.031018518518518518,0.06805555555555555,0.03657407407407407,0.02824074074074074,0.06342592592592593,0.12083333333333333,0.027314814814814816,0.02824074074074074,0.024537037037037038,0.0587962962962963,0.07361111111111111,0.02175925925925926,0.0412037037037037
566,0.02982456140350877,0.027485380116959064,0.03216374269005848,0.046198830409356725,0.07543859649122807,0.038011695906432746,0.030994152046783626,0.038011695906432746,0.18070175438596492,0.04736842105263158,0.02631578947368421,0.04035087719298246,0.12456140350877193,0.04502923976608187,0.030994152046783626,0.02865497076023392,0.0391812865497076,0.04736842105263158,0.02865497076023392,0.04269005847953217
567,0.0470679012345679,0.05632716049382716,0.09645061728395062,0.04089506172839506,0.04398148148148148,0.036265432098765434,0.034722222222222224,0.05941358024691358,0.036265432098765434,0.05941358024691358,0.06558641975308642,0.05787037037037037,0.04552469135802469,0.036265432098765434,0.0625,0.04552469135802469,0.03780864197530864,0.036265432098765434,0.06095679012345679,0.04089506172839506
568,0.03649237472766884,0.026688453159041396,0.08224400871459694,0.04302832244008715,0.0593681917211329,0.029956427015250545,0.12363834422657952,0.039760348583877995,0.06045751633986928,0.09313725490196079,0.03540305010893246,0.06372549019607843,0.051742919389978215,0.03649237472766884,0.03104575163398693,0.0332244008714597,0.03540305010893246,0.041938997821350764,0.049564270152505446,0.026688453159041396
569,0.04990583804143125,0.018518518518518514,0.1434400502197112,0.02165725047080979,0.014752040175768985,0.021029504080351535,0.10577526679221591,0.1490897677338355,0.02856246076585059,0.025423728813559317,0.07815442561205271,0.014124293785310731,0.033584431889516625,0.025423728813559317,0.056811048336472054,0.07062146892655366,0.03107344632768361,0.04613935969868173,0.025423728813559317,0.04048964218455743
570,0.035984848484848495,0.029671717171717175,0.15593434343434345,0.02840909090909091,0.08901515151515153,0.029671717171717175,0.04103535353535354,0.03472222222222223,0.03345959595959597,0.05744949494949496,0.04987373737373738,0.038510101010101015,0.07638888888888891,0.04482323232323233,0.051136363636363646,0.03724747474747475,0.04482323232323233,0.03345959595959597,0.02840909090909091,0.05997474747474748
571,0.06,0.03481481481481481,0.07481481481481482,0.03925925925925926,0.1325925925925926,0.03333333333333333,0.051111111111111114,0.03777777777777778,0.03481481481481481,0.06,0.08962962962962963,0.040740740740740744,0.040740740740740744,0.052592592592592594,0.03333333333333333,0.0437037037037037,0.03481481481481481,0.03333333333333333,0.03333333333333333,0.03925925925925926
572,0.04726368159203981,0.05223880597014926,0.0373134328358209,0.0373134328358209,0.04892205638474296,0.06882255389718078,0.04394693200663351,0.05721393034825872,0.0373134328358209,0.07545605306799338,0.08043117744610283,0.038971807628524056,0.04892205638474296,0.05555555555555556,0.04394693200663351,0.038971807628524056,0.038971807628524056,0.06218905472636817,0.04394693200663351,0.04228855721393036
573,0.03777777777777777,0.04222222222222222,0.034814814814814805,0.07185185185185183,0.12666666666666665,0.033333333333333326,0.0511111111111111,0.033333333333333326,0.04666666666666666,0.03925925925925925,0.07333333333333332,0.03777777777777777,0.033333333333333326,0.033333333333333326,0.033333333333333326,0.08074074074074072,0.04074074074074074,0.03629629629629629,0.08074074074074072,0.033333333333333326
574,0.11495457721872814,0.19392033542976933,0.0450733752620545,0.01572327044025157,0.02690426275331935,0.0527603074772886,0.02550663871418588,0.029699510831586295,0.01991614255765199,0.024109014675052404,0.05136268343815512,0.041579315164220816,0.016422082459818306,0.1547868623340321,0.03668763102725366,0.018518518518518514,0.041579315164220816,0.02550663871418588,0.017819706498951777,0.047169811320754707
575,0.061507936507936505,0.16600529100529102,0.032407407407407406,0.036375661375661374,0.02976190476190476,0.03373015873015873,0.04298941798941799,0.07738095238095238,0.046957671957671955,0.04034391534391534,0.07473544973544974,0.057539682539682536,0.02976190476190476,0.03902116402116402,0.031084656084656083,0.02976190476190476,0.02976190476190476,0.036375661375661374,0.07208994708994709,0.032407407407407406
576,0.04310344827586207,0.0603448275862069,0.07567049808429119,0.04310344827586207,0.06609195402298851,0.04310344827586207,0.04693486590038314,0.04310344827586207,0.045019157088122604,0.05076628352490421,0.04693486590038314,0.04310344827586207,0.0603448275862069,0.04885057471264368,0.04310344827586207,0.0603448275862069,0.04310344827586207,0.04310344827586207,0.04310344827586207,0.05076628352490421
577,0.06356356356356357,0.12562562562562565,0.06356356356356357,0.02652652652652653,0.02852852852852853,0.02552552552552553,0.04854854854854856,0.04054054054054055,0.03353353353353354,0.039539539539539544,0.056556556556556566,0.02752752752752753,0.04854854854854856,0.04754754754754755,0.039539539539539544,0.12062062062062064,0.05455455455455456,0.024524524524524527,0.02752752752752753,0.057557557557557565
578,0.037749287749287756,0.051994301994302,0.04202279202279203,0.04344729344729346,0.04059829059829061,0.036324786324786335,0.034900284900284906,0.05484330484330485,0.05341880341880342,0.04487179487179488,0.04487179487179488,0.032051282051282055,0.060541310541310546,0.036324786324786335,0.04202279202279203,0.07336182336182337,0.11752136752136753,0.05056980056980058,0.04059829059829061,0.061965811965811975
579,0.03356481481481482,0.02044753086419753,0.02816358024691358,0.02044753086419753,0.10378086419753087,0.03279320987654321,0.022762345679012346,0.02199074074074074,0.08371913580246913,0.017361111111111112,0.01890432098765432,0.019675925925925927,0.03202160493827161,0.022762345679012346,0.03587962962962963,0.02199074074074074,0.12152777777777778,0.2334104938271605,0.030478395061728395,0.0783179012345679
580,0.03305203938115331,0.047116736990154715,0.04852320675105485,0.04571026722925457,0.035864978902953586,0.06258790436005626,0.04852320675105485,0.04289732770745429,0.05414908579465542,0.04992967651195499,0.04149085794655415,0.05414908579465542,0.06540084388185655,0.04289732770745429,0.08227848101265822,0.03867791842475387,0.03305203938115331,0.03305203938115331,0.0639943741209564,0.07665260196905767
581,0.028089887640449444,0.03308364544319601,0.05430711610486893,0.06429463171036207,0.050561797752809,0.03308364544319601,0.03682896379525594,0.03183520599250937,0.059300873907615494,0.0980024968789014,0.029338327091136086,0.04556803995006243,0.0418227215980025,0.029338327091136086,0.03807740324594258,0.03308364544319601,0.07303370786516855,0.12671660424469416,0.029338327091136086,0.06429463171036207
582,0.24353598881900762,0.08979734451432564,0.04297693920335429,0.022711390635918934,0.04227812718378755,0.017819706498951777,0.02550663871418588,0.02341020265548567,0.030398322851153032,0.03529000698812019,0.021313766596785463,0.04786862334032144,0.017120894479385043,0.06394129979035638,0.04786862334032144,0.06673654786862333,0.026205450733752612,0.028301886792452824,0.0527603074772886,0.05415793151642207
583,0.053990610328638514,0.03521126760563381,0.039906103286384983,0.039906103286384983,0.04147104851330204,0.03677621283255087,0.0727699530516432,0.04773082942097028,0.053990610328638514,0.0696400625978091,0.043035993740219096,0.03521126760563381,0.043035993740219096,0.08841940532081378,0.06651017214397498,0.043035993740219096,0.03521126760563381,0.038341158059467924,0.07902973395931144,0.03677621283255087
584,0.06468797564687977,0.04337899543378996,0.06621004566210047,0.03424657534246576,0.04490106544901066,0.06164383561643836,0.04794520547945206,0.03881278538812786,0.03424657534246576,0.05098934550989346,0.04794520547945206,0.04794520547945206,0.06773211567732117,0.03881278538812786,0.05403348554033486,0.06925418569254187,0.03729071537290716,0.04946727549467276,0.05098934550989346,0.04946727549467276
585,0.14494301994301995,0.04522792022792023,0.04807692307692308,0.03311965811965812,0.08796296296296297,0.023148148148148147,0.025997150997150997,0.018874643874643875,0.018874643874643875,0.02101139601139601,0.13995726495726496,0.03881766381766382,0.04095441595441596,0.06588319088319089,0.0316951566951567,0.06303418803418803,0.047364672364672365,0.035256410256410256,0.04024216524216524,0.02955840455840456
586,0.017066085693536674,0.02214960058097313,0.07443718228031954,0.02795933188090051,0.03594771241830065,0.021423384168482208,0.017792302106027596,0.02214960058097313,0.05628177196804648,0.02505446623093682,0.016339869281045753,0.01924473493100944,0.3867102396514161,0.01924473493100944,0.04756717501815541,0.016339869281045753,0.042483660130718956,0.05555555555555555,0.018518518518518517,0.05773420479302832
587,0.04775828460038985,0.06335282651072123,0.04385964912280701,0.04385964912280701,0.06140350877192981,0.06140350877192981,0.04385964912280701,0.04775828460038985,0.04385964912280701,0.04385964912280701,0.04385964912280701,0.04385964912280701,0.04385964912280701,0.04385964912280701,0.04385964912280701,0.10038986354775825,0.04385964912280701,0.04385964912280701,0.04775828460038985,0.04385964912280701
588,0.05181023720349564,0.08676654182272162,0.029338327091136082,0.16541822721598004,0.02808988764044944,0.0418227215980025,0.040574282147315864,0.029338327091136082,0.04556803995006243,0.03308364544319601,0.02808988764044944,0.05430711610486892,0.03183520599250937,0.04307116104868915,0.029338327091136082,0.02808988764044944,0.040574282147315864,0.10549313358302123,0.05181023720349564,0.03558052434456929
589,0.01610644257703081,0.01330532212885154,0.03478057889822596,0.015639589169000934,0.013772175536881419,0.01050420168067227,0.013772175536881419,0.07166199813258636,0.28594771241830064,0.014239028944911298,0.028244631185807657,0.01330532212885154,0.027777777777777776,0.018907563025210083,0.24579831932773108,0.024976657329598508,0.04411764705882353,0.03758169934640523,0.01750700280112045,0.05205415499533147
590,0.0167233560090703,0.03543083900226758,0.021825396825396828,0.047335600907029485,0.06887755102040817,0.3194444444444445,0.06320861678004537,0.04563492063492064,0.01842403628117914,0.01388888888888889,0.04336734693877552,0.019557823129251705,0.05527210884353742,0.0167233560090703,0.034863945578231297,0.01388888888888889,0.04960317460317461,0.020691609977324266,0.06150793650793651,0.033730158730158735
591,0.0789760348583878,0.10403050108932461,0.03649237472766884,0.024509803921568627,0.024509803921568627,0.04520697167755991,0.02886710239651416,0.029956427015250545,0.026688453159041396,0.039760348583877995,0.04738562091503268,0.10403050108932461,0.03649237472766884,0.13453159041394336,0.04302832244008715,0.06263616557734204,0.05065359477124183,0.024509803921568627,0.026688453159041396,0.03104575163398693
592,0.06428571428571428,0.04523809523809524,0.05634920634920635,0.05317460317460317,0.0373015873015873,0.03571428571428571,0.03571428571428571,0.03888888888888889,0.0373015873015873,0.09444444444444444,0.04047619047619048,0.03571428571428571,0.048412698412698414,0.05,0.0880952380952381,0.05634920634920635,0.046825396825396826,0.05,0.03571428571428571,0.05
593,0.04949494949494951,0.04545454545454546,0.05151515151515153,0.04747474747474749,0.04545454545454546,0.04545454545454546,0.04545454545454546,0.05151515151515153,0.07979797979797981,0.04545454545454546,0.04545454545454546,0.04545454545454546,0.05757575757575759,0.04545454545454546,0.04545454545454546,0.06363636363636364,0.04545454545454546,0.04545454545454546,0.05353535353535355,0.04545454545454546
594,0.5298850574712645,0.02337164750957855,0.018007662835249044,0.020306513409961688,0.019540229885057474,0.01724137931034483,0.026436781609195405,0.026436781609195405,0.018007662835249044,0.01724137931034483,0.019540229885057474,0.021072796934865905,0.019540229885057474,0.03180076628352491,0.02720306513409962,0.04406130268199234,0.04406130268199234,0.018007662835249044,0.029501915708812262,0.02873563218390805
595,0.027472527472527472,0.05555555555555555,0.028693528693528692,0.12515262515262515,0.08608058608058608,0.03235653235653236,0.03235653235653236,0.03724053724053724,0.031135531135531136,0.054334554334554336,0.027472527472527472,0.05311355311355311,0.05555555555555555,0.029914529914529916,0.03724053724053724,0.03724053724053724,0.054334554334554336,0.10073260073260074,0.054334554334554336,0.03968253968253968
596,0.17889908256880735,0.03924566768603466,0.04128440366972477,0.05147808358817533,0.023955147808358817,0.0545361875637105,0.03109072375127421,0.022935779816513763,0.023955147808358817,0.053516819571865444,0.024974515800203875,0.02599388379204893,0.022935779816513763,0.15035677879714576,0.03618756371049949,0.10040774719673802,0.024974515800203875,0.023955147808358817,0.04332313965341488,0.02599388379204893
597,0.021982414068745005,0.04196642685851319,0.1211031175059952,0.030775379696243006,0.07314148681055156,0.02997601918465228,0.1035171862509992,0.05075939248601119,0.06674660271782575,0.05555555555555555,0.06354916067146282,0.04276578737010392,0.07394084732214229,0.017985611510791366,0.052358113509192644,0.017985611510791366,0.049160671462829736,0.03157474020783373,0.027577937649880094,0.027577937649880094
598,0.030253025302530257,0.03575357535753576,0.04895489548954896,0.04895489548954896,0.061056105610561066,0.03465346534653466,0.03355335533553356,0.05005500550055006,0.16666666666666669,0.05225522552255226,0.024752475247524757,0.05005500550055006,0.12266226622662267,0.024752475247524757,0.025852585258525854,0.03245324532453246,0.03245324532453246,0.062156215621562164,0.025852585258525854,0.03685368536853686
599,0.036492374727668836,0.025599128540305004,0.0974945533769063,0.02450980392156862,0.047385620915032664,0.04956427015250543,0.044117647058823525,0.10403050108932459,0.06154684095860565,0.04302832244008714,0.029956427015250538,0.034313725490196074,0.025599128540305004,0.05065359477124182,0.07352941176470587,0.07788671023965141,0.02777777777777777,0.03540305010893245,0.07679738562091502,0.034313725490196074
600,0.029602595296025953,0.057177615571776155,0.049878345498783457,0.021492295214922953,0.02068126520681265,0.045012165450121655,0.061232765612327655,0.021492295214922953,0.3329278183292782,0.04339010543390105,0.07583130575831305,0.029602595296025953,0.040957015409570155,0.032846715328467155,0.023114355231143552,0.023114355231143552,0.021492295214922953,0.019870235198702353,0.031224655312246552,0.019059205190592052
601,0.02825670498084291,0.05028735632183908,0.02825670498084291,0.027298850574712645,0.11542145593869732,0.07519157088122605,0.027298850574712645,0.031130268199233715,0.06369731800766283,0.16331417624521072,0.04645593869731801,0.02346743295019157,0.03975095785440613,0.031130268199233715,0.06657088122605365,0.03017241379310345,0.042624521072796934,0.034961685823754786,0.02442528735632184,0.05028735632183908
602,0.03333333333333333,0.04666666666666667,0.03333333333333333,0.04518518518518518,0.03333333333333333,0.03333333333333333,0.03333333333333333,0.03333333333333333,0.03333333333333333,0.04666666666666667,0.04518518518518518,0.04814814814814815,0.03481481481481481,0.04666666666666667,0.03777777777777778,0.0362962962962963,0.042222222222222223,0.21851851851851853,0.03925925925925926,0.07925925925925927
603,0.022079772079772075,0.013057929724596387,0.016381766381766378,0.038698955365622026,0.016381766381766378,0.011158594491927824,0.022554605887939217,0.13319088319088315,0.15740740740740738,0.04344729344729344,0.018755935422602087,0.050094966761633414,0.04772079772079771,0.02825261158594491,0.03252611585944919,0.017806267806267803,0.035849952516619175,0.02825261158594491,0.0591168091168091,0.20726495726495722
604,0.05683269476372925,0.038952745849297574,0.06194125159642401,0.04661558109833972,0.0351213282247765,0.038952745849297574,0.028735632183908046,0.038952745849297574,0.030012771392081736,0.028735632183908046,0.040229885057471264,0.04661558109833972,0.0351213282247765,0.07982120051085569,0.030012771392081736,0.1194125159642401,0.07598978288633461,0.042784163473818644,0.04533844189016603,0.07982120051085569
605,0.025510204081632647,0.04138321995464852,0.11167800453514737,0.0538548752834467,0.07539682539682538,0.034580498866213144,0.04818594104308389,0.025510204081632647,0.11621315192743761,0.039115646258503396,0.07993197278911564,0.026643990929705208,0.025510204081632647,0.04478458049886621,0.037981859410430835,0.030045351473922895,0.05158730158730157,0.05952380952380951,0.04251700680272108,0.030045351473922895
606,0.023224043715847,0.026867030965391624,0.024134790528233155,0.037795992714025506,0.04690346083788707,0.062386156648451735,0.19080145719489985,0.056921675774134796,0.035974499089253195,0.037795992714025506,0.11612021857923499,0.021402550091074685,0.08515482695810567,0.034153005464480884,0.02504553734061931,0.03233151183970857,0.04872495446265939,0.03688524590163935,0.030510018214936253,0.026867030965391624
607,0.08189655172413791,0.05028735632183907,0.0646551724137931,0.043582375478927196,0.045498084291187735,0.039750957854406126,0.0914750957854406,0.029214559386973173,0.04166666666666666,0.039750957854406126,0.029214559386973173,0.046455938697318004,0.028256704980842904,0.0253831417624521,0.10105363984674327,0.0225095785440613,0.08860153256704979,0.0225095785440613,0.05028735632183907,0.057950191570881215
608,0.061481481481481484,0.06444444444444444,0.03333333333333333,0.03333333333333333,0.06,0.04518518518518518,0.03777777777777778,0.0362962962962963,0.03481481481481481,0.04814814814814815,0.06,0.10740740740740741,0.03777777777777778,0.06,0.042222222222222223,0.03333333333333333,0.03333333333333333,0.04814814814814815,0.07185185185185185,0.051111111111111114
609,0.040350877192982464,0.027485380116959068,0.11754385964912283,0.028654970760233923,0.03801169590643275,0.029824561403508774,0.04152046783625732,0.056725146198830415,0.04619883040935673,0.034502923976608195,0.10350877192982458,0.04502923976608188,0.05555555555555556,0.029824561403508774,0.14678362573099418,0.04619883040935673,0.026315789473684213,0.027485380116959068,0.027485380116959068,0.03099415204678363
610,0.05335097001763668,0.05335097001763668,0.056878306878306875,0.01984126984126984,0.021604938271604937,0.040123456790123455,0.034832451499118164,0.03130511463844797,0.08156966490299823,0.04805996472663139,0.045414462081128745,0.034832451499118164,0.03747795414462081,0.024250440917107582,0.1662257495590829,0.039241622574955906,0.07804232804232804,0.06657848324514991,0.03659611992945326,0.03042328042328042
611,0.04720133667502089,0.02464494569757728,0.040517961570593154,0.04970760233918129,0.04970760233918129,0.01879699248120301,0.05472013366750209,0.08479532163742691,0.1307435254803676,0.07978279030910611,0.032163742690058485,0.027986633249791146,0.02965747702589808,0.02130325814536341,0.10651629072681705,0.040517961570593154,0.02130325814536341,0.05722639933166249,0.02715121136173768,0.05555555555555556
612,0.038341158059467924,0.03521126760563381,0.039906103286384983,0.03521126760563381,0.046165884194053215,0.052425665101721454,0.044600938967136156,0.039906103286384983,0.16666666666666669,0.039906103286384983,0.03521126760563381,0.038341158059467924,0.10250391236306731,0.03521126760563381,0.03521126760563381,0.049295774647887335,0.03521126760563381,0.058685446009389686,0.03677621283255087,0.03521126760563381
613,0.05169753086419752,0.05169753086419752,0.0810185185185185,0.03626543209876543,0.0486111111111111,0.040895061728395056,0.04706790123456789,0.043981481481481476,0.045524691358024685,0.10416666666666664,0.03472222222222222,0.040895061728395056,0.043981481481481476,0.037808641975308636,0.045524691358024685,0.06712962962962962,0.042438271604938266,0.045524691358024685,0.043981481481481476,0.04706790123456789
614,0.045524691358024685,0.037808641975308636,0.10879629629629627,0.03472222222222222,0.05324074074074073,0.03472222222222222,0.05169753086419752,0.0486111111111111,0.042438271604938266,0.03472222222222222,0.05324074074074073,0.07330246913580246,0.05787037037037036,0.045524691358024685,0.0486111111111111,0.0486111111111111,0.037808641975308636,0.040895061728395056,0.04706790123456789,0.05478395061728394
615,0.09567901234567901,0.033950617283950615,0.1425925925925926,0.03271604938271605,0.03518518518518519,0.03888888888888889,0.027777777777777776,0.027777777777777776,0.07716049382716049,0.046296296296296294,0.03271604938271605,0.029012345679012345,0.06481481481481481,0.06358024691358025,0.05,0.053703703703703705,0.04135802469135803,0.029012345679012345,0.040123456790123455,0.037654320987654324
616,0.03406708595387841,0.040356394129979045,0.023584905660377364,0.07285115303983229,0.15146750524109018,0.02568134171907757,0.02987421383647799,0.03301886792452831,0.04245283018867925,0.024633123689727466,0.07599580712788262,0.04664570230607967,0.08228511530398325,0.024633123689727466,0.049790356394129986,0.023584905660377364,0.05083857442348009,0.06656184486373166,0.05083857442348009,0.05083857442348009
617,0.026803118908382065,0.05214424951267056,0.060916179337231965,0.04532163742690058,0.05896686159844054,0.02387914230019493,0.039473684210526314,0.039473684210526314,0.11257309941520467,0.09113060428849902,0.0891812865497076,0.05214424951267056,0.07846003898635477,0.027777777777777776,0.027777777777777776,0.041423001949317736,0.04337231968810916,0.032651072124756333,0.025828460038986353,0.03070175438596491
618,0.03237410071942445,0.05475619504396481,0.058752997601918454,0.03637090327737809,0.05235811350919263,0.03317346123101518,0.08912869704236609,0.04676258992805755,0.034772182254196635,0.034772182254196635,0.05475619504396481,0.06195043964828136,0.10031974420463627,0.021183053557154274,0.044364508393285366,0.021183053557154274,0.08193445243804955,0.057154276578737,0.05955235811350918,0.02438049560351718
619,0.022904483430799216,0.03265107212475633,0.057017543859649106,0.045321637426900575,0.045321637426900575,0.022904483430799216,0.024853801169590635,0.03557504873294346,0.0999025341130604,0.07846003898635476,0.023879142300194924,0.024853801169590635,0.12231968810916176,0.05506822612085768,0.03947368421052631,0.03654970760233917,0.05994152046783624,0.06773879142300193,0.03460038986354775,0.07066276803118907
620,0.020032051282051284,0.03392094017094017,0.047275641025641024,0.1450320512820513,0.044070512820512824,0.09428418803418803,0.047809829059829057,0.03552350427350427,0.1295405982905983,0.036591880341880344,0.062232905982905984,0.021634615384615384,0.05048076923076923,0.022702991452991452,0.05422008547008547,0.014155982905982906,0.025373931623931624,0.028579059829059828,0.024305555555555556,0.062232905982905984
621,0.04533844189016603,0.028735632183908046,0.06321839080459771,0.042784163473818644,0.08748403575989783,0.04533844189016603,0.06449553001277139,0.04789272030651341,0.09386973180076628,0.04533844189016603,0.041507024265644954,0.028735632183908046,0.0351213282247765,0.05300127713920817,0.038952745849297574,0.041507024265644954,0.031289910600255426,0.06577266922094509,0.0491698595146871,0.05044699872286079
622,0.04328165374677003,0.08204134366925066,0.057493540051679594,0.04457364341085272,0.029069767441860468,0.029069767441860468,0.038113695090439284,0.03423772609819122,0.03940568475452197,0.031653746770025845,0.031653746770025845,0.11692506459948322,0.03940568475452197,0.12984496124031011,0.03294573643410854,0.03552971576227391,0.06524547803617572,0.031653746770025845,0.051033591731266155,0.0368217054263566
623,0.08922558922558922,0.09708193041526375,0.04657687991021325,0.04882154882154882,0.04657687991021325,0.14085297418630752,0.043209876543209874,0.02861952861952862,0.03872053872053872,0.03423120089786756,0.044332210998877665,0.03198653198653199,0.026374859708193043,0.043209876543209874,0.03984287317620651,0.04882154882154882,0.06565656565656566,0.02974186307519641,0.02861952861952862,0.02749719416386083
624,0.1147119341563786,0.028292181069958847,0.029320987654320986,0.023148148148148147,0.035493827160493825,0.035493827160493825,0.041666666666666664,0.03960905349794239,0.02726337448559671,0.14660493827160495,0.032407407407407406,0.02726337448559671,0.09002057613168725,0.05401234567901234,0.08384773662551441,0.02726337448559671,0.03652263374485597,0.026234567901234566,0.047839506172839504,0.05298353909465021
625,0.025356125356125355,0.2413105413105413,0.05669515669515669,0.017948717948717947,0.017948717948717947,0.17863247863247864,0.024786324786324785,0.029914529914529916,0.024216524216524215,0.0150997150997151,0.06752136752136752,0.01680911680911681,0.01396011396011396,0.019088319088319088,0.04928774928774929,0.039601139601139604,0.05954415954415954,0.01396011396011396,0.03333333333333333,0.05498575498575498
626,0.01700680272108844,0.02229780801209373,0.029100529100529102,0.08654572940287228,0.04421768707482994,0.04950869236583523,0.020030234315948605,0.05328798185941044,0.2641723356009071,0.02229780801209373,0.06916099773242632,0.02380952380952381,0.06009070294784581,0.028344671201814064,0.029856386999244144,0.020030234315948605,0.045729402872260023,0.03892668178382465,0.051020408163265314,0.024565381708238854
627,0.13655244029075808,0.042056074766355145,0.05036344755970926,0.03271028037383178,0.037902388369678096,0.03271028037383178,0.03582554517133957,0.042056074766355145,0.036863966770508835,0.02440290758047768,0.04309449636552441,0.04309449636552441,0.023364485981308414,0.18016614745586712,0.057632398753894094,0.04517133956386293,0.026479750778816206,0.038940809968847356,0.025441329179646945,0.04517133956386293
628,0.06613756613756613,0.06462585034013606,0.038170823885109596,0.025321239606953892,0.026077097505668934,0.02456538170823885,0.02985638699924414,0.04799697656840514,0.03439153439153439,0.023809523809523808,0.057067271352985637,0.24225245653817082,0.017762660619803475,0.08805744520030234,0.02758881330309902,0.02305366591080877,0.017762660619803475,0.046485260770975055,0.02985638699924414,0.0691609977324263
629,0.08131313131313131,0.05909090909090909,0.025757575757575757,0.025757575757575757,0.027777777777777776,0.03383838383838384,0.02878787878787879,0.05303030303030303,0.05,0.04898989898989899,0.08333333333333333,0.023737373737373738,0.023737373737373738,0.07727272727272727,0.05101010101010101,0.03080808080808081,0.03080808080808081,0.04090909090909091,0.1601010101010101,0.04393939393939394
630,0.052238805970149266,0.0373134328358209,0.07545605306799338,0.0373134328358209,0.057213930348258724,0.038971807628524056,0.04228855721393036,0.038971807628524056,0.038971807628524056,0.058872305140961874,0.09369817578772804,0.04063018242122721,0.0373134328358209,0.055555555555555566,0.0373134328358209,0.09203980099502489,0.04228855721393036,0.038971807628524056,0.04560530679933666,0.038971807628524056
631,0.03650793650793651,0.04497354497354497,0.03015873015873016,0.023809523809523808,0.07671957671957672,0.026984126984126985,0.049206349206349205,0.04285714285714286,0.03439153439153439,0.07566137566137567,0.14761904761904762,0.04708994708994709,0.023809523809523808,0.04285714285714286,0.08412698412698413,0.03968253968253968,0.03439153439153439,0.0291005291005291,0.05026455026455026,0.059788359788359786
632,0.06150793650793651,0.031084656084656086,0.031084656084656086,0.06679894179894182,0.05753968253968254,0.04695767195767196,0.07870370370370372,0.04695767195767196,0.09589947089947091,0.031084656084656086,0.04431216931216932,0.029761904761904764,0.058862433862433866,0.058862433862433866,0.029761904761904764,0.0654761904761905,0.05753968253968254,0.04166666666666667,0.03240740740740741,0.033730158730158735
633,0.028052805280528056,0.03795379537953796,0.03685368536853686,0.03575357535753576,0.03465346534653466,0.04125412541254126,0.07535753575357537,0.062156215621562164,0.08305830583058307,0.08195819581958197,0.058855885588558865,0.08855885588558857,0.05005500550055006,0.030253025302530257,0.03135313531353136,0.030253025302530257,0.03465346534653466,0.03795379537953796,0.04345434543454346,0.07755775577557757
634,0.04890788224121559,0.110636277302944,0.05270655270655272,0.025166191832858505,0.028015194681861356,0.16951566951566954,0.02136752136752137,0.06315289648622983,0.03371320037986705,0.03276353276353277,0.02136752136752137,0.02326685660018994,0.029914529914529923,0.03751187084520419,0.028015194681861356,0.12583095916429252,0.022317188983855655,0.027065527065527072,0.050807217473884156,0.047958214624881305
635,0.06319444444444444,0.03263888888888889,0.11180555555555556,0.050694444444444445,0.06319444444444444,0.07569444444444444,0.03125,0.03125,0.03819444444444445,0.03125,0.04513888888888889,0.03125,0.03125,0.03680555555555556,0.03125,0.12013888888888889,0.03125,0.03125,0.059027777777777776,0.05347222222222222
636,0.06632653061224492,0.02777777777777778,0.10034013605442178,0.030045351473922906,0.056122448979591844,0.025510204081632657,0.045918367346938785,0.04138321995464853,0.030045351473922906,0.05272108843537416,0.09353741496598642,0.045918367346938785,0.056122448979591844,0.03571428571428572,0.043650793650793655,0.0334467120181406,0.07312925170068028,0.07086167800453516,0.03911564625850341,0.032312925170068035
637,0.04166666666666667,0.043518518518518526,0.05092592592592593,0.0638888888888889,0.04907407407407408,0.05092592592592593,0.043518518518518526,0.04166666666666667,0.04722222222222223,0.04907407407407408,0.07129629629629632,0.04166666666666667,0.043518518518518526,0.04166666666666667,0.06018518518518519,0.04907407407407408,0.05092592592592593,0.04166666666666667,0.05462962962962964,0.0638888888888889
638,0.036842105263157884,0.07076023391812863,0.08596491228070174,0.035672514619883036,0.08128654970760232,0.09883040935672512,0.035672514619883036,0.036842105263157884,0.029824561403508764,0.04035087719298245,0.05204678362573098,0.029824561403508764,0.07076023391812863,0.039181286549707595,0.035672514619883036,0.07894736842105261,0.036842105263157884,0.026315789473684202,0.035672514619883036,0.04269005847953216
639,0.06843800322061191,0.0426731078904992,0.04911433172302738,0.03784219001610306,0.04428341384863124,0.050724637681159424,0.0426731078904992,0.04428341384863124,0.036231884057971016,0.05394524959742351,0.03784219001610306,0.036231884057971016,0.071658615136876,0.06038647342995169,0.04750402576489533,0.11674718196457327,0.04750402576489533,0.036231884057971016,0.03784219001610306,0.03784219001610306
640,0.03271604938271605,0.047530864197530866,0.05864197530864197,0.027777777777777776,0.05123456790123457,0.05740740740740741,0.03888888888888889,0.040123456790123455,0.05617283950617284,0.05,0.05864197530864197,0.029012345679012345,0.07962962962962963,0.10925925925925926,0.03641975308641975,0.05246913580246913,0.030246913580246913,0.04259259259259259,0.06851851851851852,0.03271604938271605
641,0.022292993630573243,0.025123849964614288,0.02016985138004246,0.02441613588110403,0.04989384288747345,0.018046709129511673,0.09731068648266097,0.059801840056617116,0.04069355980184005,0.02016985138004246,0.07961783439490444,0.12703467799009197,0.05130927105449397,0.03644727530077848,0.01733899504600141,0.11783439490445857,0.08032554847841471,0.021585279547062984,0.053432413305024754,0.03715498938428874
642,0.033978174603174593,0.02951388888888888,0.049851190476190466,0.07465277777777776,0.05729166666666665,0.02852182539682539,0.05580357142857142,0.024057539682539677,0.04241071428571428,0.13070436507936506,0.03546626984126983,0.022073412698412696,0.06770833333333331,0.01264880952380952,0.04737103174603173,0.032986111111111105,0.050843253968253954,0.1183035714285714,0.06820436507936506,0.01760912698412698
643,0.034136546184738964,0.06626506024096387,0.07161981258366802,0.03145917001338689,0.05823293172690765,0.05287817938420349,0.043507362784471225,0.03012048192771085,0.03012048192771085,0.07563587684069613,0.03012048192771085,0.07965194109772425,0.03145917001338689,0.05287817938420349,0.047523427041499346,0.032797858099062924,0.043507362784471225,0.034136546184738964,0.1131191432396252,0.04082998661311915
644,0.026111111111111106,0.024999999999999994,0.07833333333333332,0.04166666666666666,0.07833333333333332,0.029444444444444436,0.08722222222222221,0.030555555555555548,0.04166666666666666,0.04277777777777777,0.10499999999999997,0.029444444444444436,0.08055555555555555,0.039444444444444435,0.030555555555555548,0.04833333333333332,0.04166666666666666,0.034999999999999996,0.08277777777777777,0.026111111111111106
645,0.06898148148148148,0.03287037037037037,0.02638888888888889,0.034722222222222224,0.05787037037037037,0.02361111111111111,0.02175925925925926,0.03935185185185185,0.0625,0.05138888888888889,0.047685185185185185,0.02638888888888889,0.0587962962962963,0.033796296296296297,0.047685185185185185,0.13657407407407407,0.060648148148148145,0.04953703703703704,0.05138888888888889,0.06805555555555555
646,0.029671717171717172,0.028409090909090908,0.10037878787878787,0.049873737373737376,0.058712121212121215,0.049873737373737376,0.046085858585858584,0.030934343434343436,0.03598484848484849,0.05366161616161616,0.041035353535353536,0.06881313131313131,0.037247474747474744,0.08648989898989899,0.028409090909090908,0.04861111111111111,0.03851010101010101,0.0422979797979798,0.08270202020202021,0.0422979797979798
647,0.07385620915032681,0.04509803921568628,0.03594771241830066,0.04640522875816994,0.08692810457516341,0.03202614379084968,0.04248366013071896,0.07516339869281047,0.0477124183006536,0.03594771241830066,0.029411764705882356,0.03986928104575164,0.03202614379084968,0.0411764705882353,0.03856209150326798,0.029411764705882356,0.06993464052287583,0.06732026143790851,0.062091503267973865,0.06862745098039218
648,0.03829557713052859,0.06742179072276161,0.0760517799352751,0.025350593311758363,0.025350593311758363,0.025350593311758363,0.024271844660194178,0.029665587918015105,0.05124056094929882,0.027508090614886734,0.0760517799352751,0.2335490830636462,0.02642934196332255,0.03829557713052859,0.024271844660194178,0.05555555555555556,0.027508090614886734,0.04368932038834952,0.03505933117583604,0.04908306364617045
649,0.023905723905723906,0.07441077441077441,0.03198653198653199,0.029966329966329967,0.025925925925925925,0.03198653198653199,0.06228956228956229,0.018518518518518517,0.09057239057239057,0.0468013468013468,0.01717171717171717,0.015151515151515152,0.13367003367003366,0.021212121212121213,0.04814814814814815,0.021212121212121213,0.029292929292929294,0.1808080808080808,0.04478114478114478,0.05218855218855219
650,0.051816239316239326,0.05502136752136753,0.032585470085470095,0.02617521367521368,0.04540598290598291,0.08920940170940173,0.09241452991452993,0.02510683760683761,0.04113247863247864,0.027243589743589747,0.06891025641025643,0.028311965811965815,0.04647435897435898,0.10096153846153848,0.04540598290598291,0.061431623931623935,0.027243589743589747,0.03472222222222223,0.06356837606837608,0.03685897435897437
651,0.06263269639065819,0.06334041047416845,0.018754423213021943,0.027246992215145083,0.02158527954706299,0.016631280962491158,0.06617126680820949,0.02229299363057325,0.023708421797593776,0.020877565463552728,0.020169851380042465,0.2912243453644728,0.02441613588110404,0.11854210898796888,0.03715498938428875,0.027246992215145083,0.020169851380042465,0.020169851380042465,0.044939844302901634,0.052724699221514515
652,0.09047619047619047,0.07037037037037037,0.025925925925925925,0.04285714285714286,0.023809523809523808,0.03333333333333333,0.023809523809523808,0.026984126984126985,0.04497354497354497,0.032275132275132276,0.04285714285714286,0.14867724867724869,0.026984126984126985,0.14444444444444443,0.03015873015873016,0.03968253968253968,0.025925925925925925,0.03333333333333333,0.040740740740740744,0.05238095238095238
653,0.0541838134430727,0.047325102880658436,0.051440329218107,0.030864197530864196,0.030864197530864196,0.04046639231824417,0.030864197530864196,0.030864197530864196,0.03635116598079561,0.03497942386831276,0.03223593964334705,0.13511659807956103,0.033607681755829906,0.14060356652949246,0.04183813443072702,0.03909465020576132,0.050068587105624146,0.03909465020576132,0.045953360768175584,0.0541838134430727
654,0.03521126760563381,0.12128325508607202,0.04147104851330204,0.038341158059467924,0.04773082942097028,0.06338028169014086,0.03521126760563381,0.03521126760563381,0.03677621283255087,0.039906103286384983,0.03677621283255087,0.03521126760563381,0.03521126760563381,0.14162754303599376,0.03521126760563381,0.049295774647887335,0.038341158059467924,0.03677621283255087,0.0618153364632238,0.03521126760563381
655,0.0358187134502924,0.044590643274853806,0.048976608187134514,0.034356725146198835,0.03289473684210527,0.034356725146198835,0.03289473684210527,0.04312865497076024,0.03289473684210527,0.03289473684210527,0.04605263157894737,0.18786549707602346,0.034356725146198835,0.09576023391812868,0.06067251461988305,0.05482456140350878,0.03289473684210527,0.04166666666666667,0.03728070175438597,0.0358187134502924
656,0.04458161865569273,0.03223593964334705,0.0747599451303155,0.04046639231824417,0.030864197530864196,0.03223593964334705,0.030864197530864196,0.05281207133058985,0.030864197530864196,0.03909465020576132,0.04183813443072702,0.05281207133058985,0.03772290809327846,0.17352537722908093,0.03909465020576132,0.043209876543209874,0.030864197530864196,0.03497942386831276,0.10219478737997256,0.03497942386831276
657,0.09779614325068871,0.03627180899908173,0.0472910927456382,0.0371900826446281,0.022497704315886134,0.023415977961432508,0.02157943067033976,0.027089072543617997,0.03076216712580349,0.03902662993572085,0.022497704315886134,0.18044077134986225,0.07024793388429752,0.13452708907254363,0.02157943067033976,0.06014692378328742,0.04361799816345271,0.02157943067033976,0.024334251606978878,0.03810835629017447
658,0.04943934760448523,0.024974515800203878,0.02395514780835882,0.04026503567787972,0.07594291539245669,0.022935779816513766,0.045361875637105004,0.024974515800203878,0.057594291539245675,0.07492354740061163,0.03822629969418961,0.02395514780835882,0.0616717635066259,0.03414882772680938,0.06676860346585119,0.04841997961264017,0.04026503567787972,0.12793068297655458,0.08307849133537208,0.03516819571865444
659,0.022946859903381644,0.09621578099838969,0.06320450885668277,0.026972624798711754,0.04468599033816425,0.0640096618357488,0.0285829307568438,0.0285829307568438,0.030193236714975844,0.020531400966183576,0.046296296296296294,0.08735909822866345,0.02214170692431562,0.1574074074074074,0.023752012882447666,0.02214170692431562,0.10507246376811594,0.02455716586151369,0.04146537842190016,0.04388083735909823
660,0.04077060931899641,0.03091397849462365,0.05152329749103941,0.04166666666666666,0.06765232974910393,0.027329749103942647,0.05689964157706092,0.04883512544802866,0.0336021505376344,0.06406810035842292,0.029121863799283148,0.13127240143369173,0.04614695340501791,0.0318100358422939,0.026433691756272394,0.03091397849462365,0.05421146953405016,0.04345878136200716,0.032706093189964154,0.11066308243727596
661,0.09583333333333334,0.022685185185185187,0.1550925925925926,0.03287037037037037,0.09305555555555556,0.022685185185185187,0.02361111111111111,0.02638888888888889,0.06712962962962964,0.03194444444444444,0.024537037037037038,0.04490740740740741,0.05694444444444444,0.05138888888888889,0.05787037037037037,0.04583333333333333,0.05416666666666667,0.033796296296296297,0.03009259259259259,0.029166666666666667
662,0.05214424951267057,0.03947368421052632,0.10185185185185186,0.022904483430799222,0.0462962962962963,0.22855750487329438,0.03362573099415205,0.02192982456140351,0.02777777777777778,0.03947368421052632,0.026803118908382068,0.026803118908382068,0.02192982456140351,0.036549707602339186,0.03460038986354776,0.09795321637426901,0.029727095516569203,0.03167641325536063,0.04044834307992203,0.03947368421052632
663,0.04790660225442835,0.02536231884057972,0.024557165861513696,0.07769726247987119,0.0849436392914654,0.019726247987117557,0.03260869565217392,0.03824476650563608,0.16143317230273754,0.051127214170692444,0.022946859903381647,0.01811594202898551,0.043880837359098236,0.019726247987117557,0.04790660225442835,0.03985507246376812,0.033413848631239945,0.14694041867954913,0.02536231884057972,0.03824476650563608
664,0.03586497890295359,0.05133614627285514,0.03586497890295359,0.08087201125175811,0.04571026722925458,0.031645569620253174,0.048523206751054856,0.031645569620253174,0.0569620253164557,0.10759493670886078,0.041490857946554154,0.04430379746835444,0.037271448663853735,0.031645569620253174,0.03867791842475388,0.042897327707454296,0.06821378340365683,0.08368495077355838,0.03586497890295359,0.049929676511955
665,0.09548611111111108,0.035300925925925916,0.04687499999999999,0.04687499999999999,0.037615740740740734,0.028356481481481476,0.07696759259259257,0.051504629629629615,0.03067129629629629,0.037615740740740734,0.03067129629629629,0.028356481481481476,0.044560185185185175,0.05497685185185184,0.04803240740740739,0.08738425925925924,0.08969907407407406,0.03877314814814814,0.032986111111111105,0.05729166666666665
666,0.03333333333333334,0.027111111111111114,0.044000000000000004,0.13822222222222225,0.04222222222222223,0.02177777777777778,0.04133333333333334,0.05644444444444445,0.11955555555555557,0.06266666666666668,0.04311111111111112,0.020000000000000004,0.07244444444444446,0.020000000000000004,0.038666666666666676,0.027111111111111114,0.03511111111111112,0.08666666666666668,0.027111111111111114,0.04311111111111112
667,0.041274817136886105,0.07297109021246952,0.011668408220132358,0.13845350052246605,0.10815047021943573,0.036746778126088474,0.0886450714036921,0.017241379310344827,0.028387321490769765,0.022814350400557296,0.057645419714385235,0.040926506443747825,0.04266805990943922,0.018634622082897945,0.04789272030651341,0.04336468129571578,0.07889237199582028,0.03500522466039707,0.036746778126088474,0.03187042842215256
668,0.021825396825396824,0.18596681096681097,0.022907647907647908,0.030122655122655124,0.06186868686868687,0.00955988455988456,0.017857142857142856,0.014971139971139972,0.012806637806637806,0.011363636363636364,0.014971139971139972,0.022186147186147188,0.011002886002886002,0.022186147186147188,0.013167388167388168,0.015692640692640692,0.041666666666666664,0.017135642135642136,0.016414141414141416,0.43632756132756134
669,0.06987847222222222,0.028211805555555556,0.03602430555555555,0.028211805555555556,0.05946180555555555,0.020399305555555556,0.055989583333333336,0.023003472222222224,0.05251736111111111,0.04991319444444445,0.030815972222222224,0.020399305555555556,0.17664930555555555,0.020399305555555556,0.047309027777777776,0.020399305555555556,0.1332465277777778,0.06727430555555555,0.023871527777777776,0.03602430555555555
670,0.07063492063492063,0.03571428571428571,0.04206349206349207,0.03571428571428571,0.03571428571428571,0.05476190476190476,0.03571428571428571,0.04206349206349207,0.05317460317460317,0.05952380952380952,0.07063492063492063,0.04206349206349207,0.05,0.0626984126984127,0.05,0.07698412698412699,0.03571428571428571,0.06111111111111111,0.03571428571428571,0.05
671,0.04719235364396653,0.050776583034647535,0.04480286738351254,0.043608124253285536,0.06750298685782555,0.04480286738351254,0.03643966547192353,0.03285543608124253,0.03643966547192353,0.05794504181600955,0.07945041816009557,0.03405017921146953,0.08542413381123057,0.02807646356033452,0.04719235364396653,0.06152927120669055,0.06152927120669055,0.06750298685782555,0.03524492234169653,0.03763440860215053
672,0.07598039215686275,0.06617647058823531,0.06944444444444446,0.044934640522875824,0.044934640522875824,0.03676470588235295,0.03676470588235295,0.06127450980392157,0.04166666666666667,0.06454248366013074,0.040032679738562095,0.03676470588235295,0.059640522875817004,0.03676470588235295,0.05800653594771243,0.0465686274509804,0.040032679738562095,0.0531045751633987,0.04166666666666667,0.044934640522875824
673,0.044361525704809286,0.02529021558872305,0.021144278606965175,0.033582089552238806,0.17703150912106136,0.019485903814262025,0.05679933665008292,0.04021558872305141,0.03275290215588723,0.07835820895522388,0.10986733001658375,0.022802653399668325,0.06923714759535655,0.02197346600331675,0.11235489220563848,0.045190713101160865,0.0236318407960199,0.0203150912106136,0.021144278606965175,0.024461028192371476
674,0.029137529137529136,0.01825951825951826,0.0236985236985237,0.13558663558663558,0.034576534576534576,0.04700854700854701,0.0236985236985237,0.03923853923853924,0.04079254079254079,0.021367521367521368,0.038461538461538464,0.08663558663558664,0.09052059052059053,0.019036519036519036,0.029137529137529136,0.04312354312354312,0.043900543900543904,0.10139860139860139,0.05555555555555555,0.07886557886557886
675,0.03677621283255087,0.03521126760563381,0.09780907668231613,0.04147104851330204,0.09780907668231613,0.03521126760563381,0.039906103286384983,0.06338028169014086,0.043035993740219096,0.04929577464788733,0.043035993740219096,0.038341158059467924,0.04929577464788733,0.06651017214397498,0.05242566510172145,0.03521126760563381,0.046165884194053215,0.05086071987480439,0.038341158059467924,0.039906103286384983
676,0.051234567901234575,0.05370370370370371,0.02777777777777778,0.029012345679012348,0.06728395061728397,0.05864197530864198,0.0425925925925926,0.04876543209876544,0.038888888888888896,0.031481481481481485,0.0697530864197531,0.031481481481481485,0.05493827160493828,0.031481481481481485,0.07098765432098766,0.13395061728395063,0.03395061728395062,0.03271604938271606,0.05987654320987655,0.031481481481481485
677,0.013011152416356874,0.06340355225113588,0.027054935976869057,0.013424204874018996,0.2038413878562577,0.2612556794712928,0.010119785212722015,0.017967781908302352,0.02912019826517967,0.0278810408921933,0.028294093349855425,0.017554729450640228,0.022511358942585706,0.10429574555968606,0.02498967368855844,0.06422965716646013,0.02870714580751755,0.01259809995869475,0.01631557207765386,0.013424204874018996
678,0.06343843843843845,0.3014264264264265,0.019894894894894898,0.04391891891891893,0.025150150150150152,0.034909909909909914,0.03115615615615616,0.019894894894894898,0.025900900900900903,0.032657657657657664,0.018393393393393395,0.032657657657657664,0.026651651651651655,0.08445945945945947,0.03115615615615616,0.07695195195195197,0.04166666666666667,0.023648648648648653,0.028903903903903908,0.03716216216216217
679,0.03135313531353135,0.16776677667766776,0.057755775577557754,0.03905390539053905,0.032453245324532455,0.06545654565456546,0.034653465346534656,0.024752475247524754,0.041254125412541254,0.07535753575357536,0.04455445544554455,0.046754675467546754,0.03355335533553355,0.04235423542354235,0.02585258525852585,0.02695269526952695,0.08085808580858085,0.03905390539053905,0.02695269526952695,0.06325632563256325
680,0.035919540229885055,0.031130268199233715,0.13457854406130268,0.021551724137931036,0.034961685823754786,0.032088122605363985,0.06752873563218391,0.04454022988505747,0.05986590038314176,0.03975095785440613,0.05795019157088123,0.02825670498084291,0.07040229885057471,0.036877394636015325,0.032088122605363985,0.1010536398467433,0.042624521072796934,0.035919540229885055,0.05124521072796935,0.041666666666666664
681,0.0423728813559322,0.0423728813559322,0.046139359698681735,0.07627118644067797,0.0423728813559322,0.059322033898305086,0.0423728813559322,0.0423728813559322,0.0423728813559322,0.046139359698681735,0.059322033898305086,0.05367231638418079,0.0423728813559322,0.05743879472693032,0.0423728813559322,0.08380414312617702,0.044256120527306965,0.0423728813559322,0.04990583804143126,0.0423728813559322
682,0.09415204678362574,0.02982456140350877,0.08011695906432749,0.02865497076023392,0.05672514619883041,0.02631578947368421,0.02631578947368421,0.043859649122807015,0.03333333333333333,0.04035087719298246,0.1152046783625731,0.027485380116959064,0.0824561403508772,0.06140350877192982,0.02631578947368421,0.05672514619883041,0.0391812865497076,0.02865497076023392,0.06257309941520468,0.04035087719298246
683,0.03888888888888889,0.027777777777777776,0.05303030303030303,0.04090909090909091,0.06313131313131314,0.03585858585858586,0.28939393939393937,0.022727272727272728,0.03686868686868687,0.02878787878787879,0.03383838383838384,0.03080808080808081,0.0398989898989899,0.03080808080808081,0.027777777777777776,0.022727272727272728,0.08434343434343435,0.024747474747474747,0.03686868686868687,0.03080808080808081
684,0.0365079365079365,0.08835978835978835,0.03227513227513227,0.03862433862433862,0.03968253968253967,0.07460317460317459,0.0238095238095238,0.030158730158730152,0.03227513227513227,0.0365079365079365,0.030158730158730152,0.07037037037037036,0.04391534391534391,0.0767195767195767,0.05978835978835977,0.1476190476190476,0.05238095238095237,0.028042328042328035,0.029100529100529092,0.029100529100529092
685,0.056233062330623314,0.037262872628726296,0.10501355013550137,0.030487804878048783,0.0426829268292683,0.030487804878048783,0.0481029810298103,0.0399728997289973,0.03184281842818429,0.11043360433604338,0.03184281842818429,0.03184281842818429,0.035907859078590794,0.0413279132791328,0.07791327913279134,0.0399728997289973,0.057588075880758816,0.05352303523035231,0.05352303523035231,0.0440379403794038
686,0.032467532467532464,0.03535353535353535,0.1075036075036075,0.032467532467532464,0.0873015873015873,0.0367965367965368,0.032467532467532464,0.04401154401154401,0.03968253968253968,0.06854256854256854,0.09018759018759019,0.03968253968253968,0.056998556998557,0.05411255411255411,0.05411255411255411,0.0367965367965368,0.03535353535353535,0.032467532467532464,0.03823953823953824,0.045454545454545456
687,0.04814814814814815,0.03777777777777778,0.03777777777777778,0.03481481481481481,0.03481481481481481,0.03333333333333333,0.03333333333333333,0.0362962962962963,0.03925925925925926,0.03925925925925926,0.042222222222222223,0.05851851851851852,0.052592592592592594,0.20074074074074075,0.042222222222222223,0.03925925925925926,0.05851851851851852,0.03333333333333333,0.04518518518518518,0.052592592592592594
688,0.33567603748326647,0.020414993306559576,0.028447121820615803,0.04785809906291835,0.02510040160642571,0.029116465863453823,0.02510040160642571,0.04518072289156627,0.023761713520749673,0.04919678714859439,0.02309236947791165,0.059906291834002694,0.0177376171352075,0.10408299866131195,0.016398929049531462,0.04049531459170014,0.021084337349397592,0.027777777777777783,0.037817938420348064,0.021753681392235612
689,0.536015325670498,0.022605363984674328,0.01800766283524904,0.01954022988505747,0.017241379310344827,0.017241379310344827,0.023371647509578545,0.02567049808429119,0.01800766283524904,0.017241379310344827,0.0210727969348659,0.0210727969348659,0.018773946360153258,0.035632183908045977,0.02413793103448276,0.04252873563218391,0.044061302681992334,0.01800766283524904,0.035632183908045977,0.02413793103448276
690,0.2985546522131888,0.051942186088527555,0.04110207768744354,0.02032520325203252,0.022131887985546522,0.023938572719060525,0.057362240289069555,0.036585365853658534,0.036585365853658534,0.03026196928635953,0.028455284552845527,0.045618789521228546,0.023035230352303523,0.08717253839205058,0.028455284552845527,0.04652213188798555,0.03387533875338753,0.02032520325203252,0.03929539295392954,0.028455284552845527
691,0.0805084745762712,0.03625235404896422,0.02306967984934087,0.03436911487758946,0.02306967984934087,0.0268361581920904,0.030602636534839932,0.021186440677966104,0.030602636534839932,0.03154425612052732,0.10875706214689268,0.07956685499058382,0.02306967984934087,0.07580037664783429,0.040018832391713756,0.12947269303201508,0.04472693032015067,0.024011299435028256,0.09086629001883241,0.045668549905838046
692,0.31790123456790126,0.04365079365079365,0.05335097001763668,0.028659611992945325,0.027777777777777776,0.022486772486772486,0.01984126984126984,0.03218694885361552,0.02072310405643739,0.022486772486772486,0.023368606701940034,0.03747795414462081,0.02513227513227513,0.051587301587301584,0.03659611992945326,0.09832451499118165,0.03659611992945326,0.021604938271604937,0.01984126984126984,0.06040564373897707
693,0.04732510288065844,0.036351165980795616,0.032235939643347054,0.0308641975308642,0.039094650205761326,0.1488340192043896,0.03772290809327847,0.052812071330589856,0.0308641975308642,0.04732510288065844,0.0308641975308642,0.07887517146776407,0.03772290809327847,0.03360768175582991,0.05829903978052127,0.08847736625514405,0.04732510288065844,0.04046639231824418,0.0308641975308642,0.05006858710562415
694,0.03763440860215054,0.047192353643966546,0.026881720430107527,0.08900836320191159,0.13321385902031063,0.044802867383512544,0.03882915173237754,0.04958183990442055,0.03763440860215054,0.03643966547192354,0.03763440860215054,0.03046594982078853,0.04958183990442055,0.028076463560334528,0.06033452807646356,0.03763440860215054,0.07108721624850657,0.04958183990442055,0.03046594982078853,0.06391875746714457
695,0.06259259259259259,0.02185185185185185,0.024814814814814814,0.04185185185185185,0.048518518518518516,0.16925925925925925,0.07592592592592592,0.05444444444444444,0.05592592592592593,0.08851851851851852,0.046296296296296294,0.03222222222222222,0.024074074074074074,0.03,0.02851851851851852,0.03,0.02185185185185185,0.027037037037037037,0.03888888888888889,0.07740740740740741
696,0.026620370370370374,0.043595679012345685,0.02893518518518519,0.028163580246913584,0.020447530864197535,0.06751543209876544,0.025077160493827164,0.0459104938271605,0.05902777777777778,0.017361111111111115,0.01813271604938272,0.2974537037037038,0.039737654320987664,0.023533950617283955,0.03125000000000001,0.033564814814814825,0.034336419753086427,0.0459104938271605,0.09529320987654323,0.01813271604938272
697,0.056451612903225805,0.042114695340501794,0.042114695340501794,0.0528673835125448,0.05465949820788531,0.04032258064516129,0.04032258064516129,0.04032258064516129,0.04032258064516129,0.06720430107526881,0.08691756272401434,0.04390681003584229,0.06899641577060932,0.04032258064516129,0.047491039426523295,0.042114695340501794,0.051075268817204304,0.056451612903225805,0.04390681003584229,0.042114695340501794
698,0.02173913043478261,0.027536231884057974,0.022705314009661838,0.07391304347826089,0.06521739130434784,0.02560386473429952,0.026570048309178747,0.03526570048309179,0.03526570048309179,0.09710144927536234,0.022705314009661838,0.06328502415458939,0.07487922705314011,0.023671497584541068,0.02560386473429952,0.045893719806763295,0.07487922705314011,0.16183574879227056,0.05265700483091788,0.023671497584541068
699,0.06043956043956045,0.049450549450549455,0.05067155067155068,0.03846153846153847,0.032356532356532366,0.1275946275946276,0.05433455433455434,0.032356532356532366,0.032356532356532366,0.03846153846153847,0.03968253968253969,0.03357753357753358,0.03113553113553114,0.027472527472527476,0.05555555555555556,0.07631257631257633,0.05677655677655678,0.027472527472527476,0.10561660561660563,0.02991452991452992
700,0.048102981029810296,0.041327913279132794,0.05758807588075881,0.0508130081300813,0.07113821138211382,0.05758807588075881,0.03319783197831978,0.03048780487804878,0.041327913279132794,0.034552845528455285,0.06571815718157181,0.06029810298102981,0.06029810298102981,0.048102981029810296,0.034552845528455285,0.09552845528455285,0.03319783197831978,0.03590785907859079,0.03184281842818428,0.06842818428184282
701,0.0563973063973064,0.06986531986531987,0.04292929292929293,0.061447811447811446,0.03787878787878788,0.047979797979797977,0.03787878787878788,0.041245791245791245,0.03956228956228956,0.05303030303030303,0.03787878787878788,0.03956228956228956,0.03787878787878788,0.05134680134680135,0.046296296296296294,0.117003367003367,0.05303030303030303,0.03956228956228956,0.05134680134680135,0.03787878787878788
702,0.062368972746331235,0.05607966457023061,0.03930817610062893,0.046645702306079666,0.0319706498951782,0.03825995807127883,0.0319706498951782,0.04140461215932914,0.03825995807127883,0.037211740041928724,0.036163522012578615,0.05817610062893082,0.0330188679245283,0.17872117400419288,0.04769392033542977,0.06865828092243187,0.06341719077568134,0.04035639412997904,0.02358490566037736,0.026729559748427674
703,0.032467532467532464,0.03535353535353535,0.045454545454545456,0.03391053391053391,0.07142857142857142,0.03391053391053391,0.04256854256854257,0.032467532467532464,0.032467532467532464,0.05988455988455989,0.032467532467532464,0.045454545454545456,0.04256854256854257,0.1349206349206349,0.07575757575757576,0.051226551226551224,0.0873015873015873,0.04112554112554113,0.03391053391053391,0.03535353535353535
704,0.052951388888888874,0.040798611111111105,0.06857638888888888,0.05989583333333332,0.040798611111111105,0.03906249999999999,0.052951388888888874,0.052951388888888874,0.03906249999999999,0.06510416666666666,0.03906249999999999,0.04774305555555554,0.0564236111111111,0.03906249999999999,0.0564236111111111,0.08420138888888888,0.040798611111111105,0.04600694444444444,0.03906249999999999,0.03906249999999999
705,0.04188034188034188,0.04188034188034188,0.04188034188034188,0.05042735042735043,0.038461538461538464,0.05726495726495726,0.05726495726495726,0.04871794871794872,0.06068376068376068,0.0641025641025641,0.05555555555555555,0.06581196581196581,0.05384615384615385,0.038461538461538464,0.038461538461538464,0.05213675213675214,0.0641025641025641,0.05042735042735043,0.038461538461538464,0.040170940170940174
706,0.037247474747474744,0.034722222222222224,0.046085858585858584,0.05366161616161616,0.07007575757575757,0.049873737373737376,0.030934343434343436,0.03977272727272727,0.034722222222222224,0.058712121212121215,0.028409090909090908,0.032196969696969696,0.06755050505050506,0.052398989898989896,0.11805555555555555,0.043560606060606064,0.07512626262626262,0.052398989898989896,0.04482323232323232,0.029671717171717172
707,0.050781250000000014,0.023003472222222227,0.023871527777777783,0.08376736111111112,0.14279513888888892,0.019531250000000003,0.04644097222222223,0.03515625000000001,0.10112847222222225,0.07508680555555557,0.027343750000000007,0.03515625000000001,0.06553819444444446,0.033420138888888895,0.10373263888888892,0.023003472222222227,0.033420138888888895,0.029947916666666675,0.023871527777777783,0.023003472222222227
708,0.03541666666666667,0.036805555555555564,0.04097222222222223,0.03402777777777778,0.043750000000000004,0.045138888888888895,0.0701388888888889,0.06319444444444446,0.04791666666666668,0.046527777777777786,0.0701388888888889,0.04236111111111112,0.09097222222222223,0.05347222222222223,0.043750000000000004,0.07291666666666669,0.0326388888888889,0.0326388888888889,0.046527777777777786,0.05069444444444445
709,0.08606557377049179,0.056921675774134775,0.05601092896174862,0.05418943533697631,0.03688524590163934,0.023224043715846993,0.051457194899817836,0.03779599271402549,0.03779599271402549,0.08333333333333331,0.07240437158469944,0.040528233151183965,0.06420765027322403,0.05054644808743168,0.03597449908925318,0.029599271402550083,0.049635701275045525,0.02140255009107468,0.0314207650273224,0.08060109289617486
710,0.027233115468409595,0.07080610021786493,0.03885257806826435,0.04320987654320988,0.038126361655773426,0.2901234567901235,0.06354393609295571,0.027233115468409595,0.022875816993464054,0.01851851851851852,0.07080610021786493,0.034495279593318814,0.02941176470588236,0.03013798111837328,0.03304284676833697,0.033769063180827896,0.034495279593318814,0.022149600580973133,0.025054466230936826,0.046114742193173575
711,0.047297297297297314,0.10285285285285288,0.0427927927927928,0.03378378378378379,0.04879879879879881,0.07582582582582584,0.035285285285285295,0.039789789789789795,0.035285285285285295,0.03378378378378379,0.06081081081081083,0.03378378378378379,0.03678678678678679,0.10135135135135138,0.03828828828828829,0.062312312312312323,0.03378378378378379,0.039789789789789795,0.05630630630630632,0.0412912912912913
712,0.022306397306397302,0.03409090909090908,0.02819865319865319,0.06186868686868686,0.09217171717171715,0.06607744107744107,0.18055555555555552,0.03156565656565656,0.02819865319865319,0.0526094276094276,0.058501683501683485,0.07954545454545453,0.024831649831649826,0.023148148148148143,0.02819865319865319,0.07196969696969696,0.03409090909090908,0.018939393939393936,0.022306397306397302,0.04082491582491582
713,0.04771241830065359,0.034640522875816995,0.038562091503267976,0.04771241830065359,0.046405228758169936,0.05032679738562092,0.046405228758169936,0.03333333333333333,0.06601307189542484,0.03725490196078431,0.05947712418300653,0.049019607843137254,0.049019607843137254,0.029411764705882353,0.05163398692810457,0.029411764705882353,0.07254901960784314,0.07124183006535947,0.08954248366013072,0.05032679738562092
714,0.036492374727668836,0.21078431372549014,0.028867102396514153,0.029956427015250538,0.02777777777777777,0.090958605664488,0.04302832244008714,0.025599128540305004,0.03322440087145969,0.025599128540305004,0.03322440087145969,0.02777777777777777,0.02668845315904139,0.06372549019607841,0.02450980392156862,0.10620915032679736,0.03322440087145969,0.034313725490196074,0.04847494553376905,0.04956427015250543
715,0.06807511737089203,0.03677621283255087,0.038341158059467924,0.038341158059467924,0.039906103286384983,0.05555555555555556,0.044600938967136156,0.038341158059467924,0.03677621283255087,0.03521126760563381,0.03521126760563381,0.047730829420970275,0.03521126760563381,0.0727699530516432,0.03521126760563381,0.0727699530516432,0.04929577464788733,0.03521126760563381,0.03677621283255087,0.147887323943662
716,0.03246753246753247,0.03246753246753247,0.03535353535353536,0.04834054834054836,0.04689754689754691,0.03391053391053392,0.03535353535353536,0.03968253968253969,0.11760461760461763,0.055555555555555566,0.06709956709956712,0.036796536796536806,0.06421356421356422,0.03823953823953825,0.044011544011544015,0.03246753246753247,0.09595959595959598,0.07287157287157288,0.03246753246753247,0.03823953823953825
717,0.051690821256038647,0.036231884057971016,0.030434782608695653,0.08067632850241546,0.0536231884057971,0.03719806763285024,0.05555555555555555,0.06521739130434782,0.11835748792270531,0.12995169082125604,0.03719806763285024,0.02463768115942029,0.04589371980676329,0.028502415458937197,0.03333333333333333,0.021739130434782608,0.06135265700483092,0.03429951690821256,0.02463768115942029,0.029468599033816423
718,0.0439068100358423,0.05824372759856632,0.06182795698924732,0.040322580645161296,0.040322580645161296,0.040322580645161296,0.0421146953405018,0.040322580645161296,0.040322580645161296,0.0474910394265233,0.10842293906810037,0.05645161290322581,0.040322580645161296,0.05286738351254481,0.0439068100358423,0.05824372759856632,0.05107526881720431,0.040322580645161296,0.0474910394265233,0.045698924731182804
719,0.0702527924750147,0.019106407995296885,0.09200470311581423,0.01969429747207525,0.03380364491475603,0.08847736625514403,0.02204585537918871,0.11199294532627865,0.040858318636096416,0.03909465020576132,0.1384479717813051,0.02792475014697237,0.05085243974132863,0.02498530276308054,0.01969429747207525,0.03497942386831276,0.027336860670194002,0.03380364491475603,0.04262198706643151,0.06202233980011758
720,0.08562091503267975,0.05294117647058825,0.09869281045751636,0.02941176470588236,0.034640522875817,0.02941176470588236,0.03333333333333334,0.05424836601307191,0.034640522875817,0.06339869281045753,0.0411764705882353,0.034640522875817,0.03071895424836602,0.07254901960784316,0.0411764705882353,0.07124183006535949,0.0843137254901961,0.03856209150326798,0.03202614379084968,0.03725490196078432
721,0.028825995807127868,0.025681341719077558,0.0351153039832285,0.0361635220125786,0.0854297693920335,0.03092243186582808,0.03092243186582808,0.03825995807127881,0.05083857442348006,0.11163522012578611,0.03092243186582808,0.02358490566037735,0.14832285115303978,0.02358490566037735,0.03301886792452829,0.024633123689727452,0.048742138364779856,0.1315513626834381,0.026729559748427664,0.0351153039832285
722,0.04724818276220146,0.03374870197300105,0.09813084112149534,0.12305295950155765,0.10539979231568018,0.042056074766355145,0.04724818276220146,0.027518172377985466,0.042056074766355145,0.04413291796469367,0.03374870197300105,0.05244029075804777,0.036863966770508835,0.03167185877466252,0.028556593977154727,0.028556593977154727,0.03374870197300105,0.05659397715472483,0.038940809968847356,0.04828660436137072
723,0.022151898734177215,0.023558368495077357,0.07137834036568214,0.03340365682137834,0.03762306610407876,0.019338959212376935,0.017229254571026722,0.024261603375527425,0.05450070323488045,0.019338959212376935,0.017932489451476793,0.020042194092827006,0.37165963431786214,0.018635724331926864,0.04676511954992968,0.015822784810126583,0.04746835443037975,0.0580168776371308,0.017229254571026722,0.06364275668073137
724,0.04861111111111111,0.024101307189542485,0.028186274509803922,0.04779411764705882,0.0363562091503268,0.02900326797385621,0.025735294117647058,0.01838235294117647,0.14338235294117646,0.05269607843137255,0.01838235294117647,0.11397058823529412,0.13684640522875818,0.06495098039215687,0.04125816993464052,0.07393790849673203,0.024101307189542485,0.02246732026143791,0.026552287581699346,0.023284313725490197
725,0.06981981981981983,0.04729729729729731,0.03678678678678679,0.03378378378378379,0.0412912912912913,0.03378378378378379,0.03378378378378379,0.03678678678678679,0.03378378378378379,0.04729729729729731,0.10285285285285287,0.05330330330330331,0.10885885885885888,0.0412912912912913,0.03378378378378379,0.03378378378378379,0.06981981981981983,0.04729729729729731,0.05330330330330331,0.0412912912912913
726,0.052046783625730994,0.05789473684210526,0.03684210526315789,0.14210526315789473,0.0391812865497076,0.02865497076023392,0.05321637426900585,0.03684210526315789,0.030994152046783626,0.03450292397660819,0.02631578947368421,0.043859649122807015,0.0391812865497076,0.02631578947368421,0.09532163742690059,0.027485380116959064,0.1,0.05087719298245614,0.043859649122807015,0.03450292397660819
727,0.027203065134099615,0.057088122605363986,0.020306513409961684,0.22413793103448276,0.02413793103448276,0.0210727969348659,0.03486590038314176,0.021839080459770115,0.03946360153256705,0.02413793103448276,0.06475095785440613,0.05325670498084291,0.018773946360153258,0.02413793103448276,0.021839080459770115,0.02413793103448276,0.06321839080459771,0.12605363984674328,0.02413793103448276,0.08544061302681992
728,0.09281842818428185,0.04403794037940379,0.04403794037940379,0.048102981029810296,0.09688346883468835,0.03590785907859079,0.03319783197831978,0.034552845528455285,0.03048780487804878,0.03319783197831978,0.08739837398373984,0.042682926829268296,0.03048780487804878,0.046747967479674794,0.03861788617886179,0.03997289972899729,0.04403794037940379,0.03048780487804878,0.09010840108401084,0.05623306233062331
729,0.03345959595959596,0.046085858585858584,0.05618686868686869,0.03598484848484849,0.0726010101010101,0.029671717171717172,0.061237373737373736,0.04861111111111111,0.11300505050505051,0.028409090909090908,0.028409090909090908,0.034722222222222224,0.1597222222222222,0.043560606060606064,0.03977272727272727,0.03345959595959596,0.03598484848484849,0.037247474747474744,0.030934343434343436,0.030934343434343436
730,0.05366161616161616,0.030934343434343436,0.028409090909090908,0.03851010101010101,0.06376262626262626,0.028409090909090908,0.03977272727272727,0.09406565656565656,0.043560606060606064,0.06628787878787878,0.03851010101010101,0.029671717171717172,0.03851010101010101,0.041035353535353536,0.09154040404040405,0.041035353535353536,0.03977272727272727,0.05744949494949495,0.0625,0.0726010101010101
731,0.046840958605664486,0.030864197530864196,0.03159041394335512,0.026506899055918662,0.021423384168482208,0.04175744371822803,0.019970951343500364,0.28721859114015974,0.05628177196804648,0.021423384168482208,0.021423384168482208,0.019970951343500364,0.06427015250544663,0.02795933188090051,0.02287581699346405,0.0962236746550472,0.030137981118373274,0.0504720406681191,0.02578068264342774,0.0570079883805374
732,0.05,0.033950617283950615,0.05740740740740741,0.033950617283950615,0.13518518518518519,0.03888888888888889,0.03518518518518519,0.03271604938271605,0.033950617283950615,0.03641975308641975,0.06111111111111111,0.059876543209876544,0.08950617283950617,0.027777777777777776,0.043827160493827164,0.04259259259259259,0.030246913580246913,0.033950617283950615,0.06481481481481481,0.05864197530864197
733,0.034458509142053444,0.03164556962025317,0.06680731364275667,0.034458509142053444,0.04149085794655415,0.03164556962025317,0.03867791842475387,0.1258790436005626,0.07243319268635724,0.07243319268635724,0.07524613220815753,0.034458509142053444,0.03305203938115331,0.04430379746835443,0.07243319268635724,0.03867791842475387,0.035864978902953586,0.04289732770745429,0.04008438818565401,0.03305203938115331
734,0.08209876543209876,0.05617283950617284,0.047530864197530866,0.037654320987654324,0.027777777777777776,0.09074074074074075,0.029012345679012345,0.027777777777777776,0.027777777777777776,0.059876543209876544,0.05,0.11049382716049383,0.03148148148148148,0.07098765432098765,0.03271604938271605,0.06728395061728396,0.05740740740740741,0.027777777777777776,0.029012345679012345,0.03641975308641975
735,0.026422764227642278,0.06752484191508581,0.053974706413730804,0.017389340560072266,0.04539295392953929,0.012872628726287264,0.04494128274616079,0.017841011743450767,0.02687443541102078,0.07249322493224933,0.01964769647696477,0.013324299909665764,0.15695573622402892,0.017841011743450767,0.0503613369467028,0.03590785907859079,0.02958446251129178,0.21341463414634146,0.05623306233062331,0.02100271002710027
736,0.03834115805946792,0.036776212832550864,0.03834115805946792,0.035211267605633804,0.06807511737089202,0.036776212832550864,0.04929577464788732,0.036776212832550864,0.03834115805946792,0.04460093896713615,0.03834115805946792,0.036776212832550864,0.04929577464788732,0.03990610328638498,0.035211267605633804,0.061815336463223784,0.06338028169014084,0.035211267605633804,0.1697965571205008,0.04773082942097027
737,0.045698924731182804,0.040322580645161296,0.07078853046594984,0.040322580645161296,0.05824372759856632,0.040322580645161296,0.040322580645161296,0.0474910394265233,0.06362007168458783,0.040322580645161296,0.08154121863799285,0.054659498207885314,0.06899641577060933,0.0474910394265233,0.040322580645161296,0.045698924731182804,0.0421146953405018,0.045698924731182804,0.045698924731182804,0.040322580645161296
738,0.037271448663853735,0.041490857946554154,0.03445850914205345,0.042897327707454296,0.049929676511955005,0.04430379746835444,0.09493670886075953,0.08227848101265824,0.05414908579465543,0.04711673699015473,0.033052039381153316,0.03867791842475388,0.06258790436005628,0.05977496483825599,0.031645569620253174,0.031645569620253174,0.061181434599156134,0.05133614627285515,0.03867791842475388,0.06258790436005628
739,0.02495291902071563,0.029661016949152543,0.06826741996233522,0.04096045197740113,0.1332391713747646,0.02871939736346516,0.04190207156308851,0.026836158192090395,0.0908662900188324,0.07203389830508475,0.0371939736346516,0.0371939736346516,0.06732580037664783,0.022128060263653482,0.10028248587570622,0.0211864406779661,0.027777777777777776,0.036252354048964215,0.03436911487758945,0.05885122410546139
740,0.03657407407407407,0.038425925925925926,0.03287037037037037,0.14212962962962963,0.06898148148148148,0.04212962962962963,0.04027777777777778,0.03287037037037037,0.02638888888888889,0.04398148148148148,0.04953703703703704,0.02361111111111111,0.1162037037037037,0.02546296296296296,0.03287037037037037,0.047685185185185185,0.0412037037037037,0.031018518518518518,0.07453703703703704,0.05324074074074074
741,0.01984126984126984,0.02072310405643739,0.021604938271604937,0.034832451499118164,0.040123456790123455,0.03218694885361552,0.026895943562610228,0.06569664902998236,0.1662257495590829,0.023368606701940034,0.02072310405643739,0.02513227513227513,0.03659611992945326,0.03306878306878307,0.19620811287477954,0.01984126984126984,0.03747795414462081,0.11419753086419752,0.03130511463844797,0.033950617283950615
742,0.041666666666666664,0.041666666666666664,0.03505291005291005,0.02976190476190476,0.04828042328042328,0.037698412698412696,0.037698412698412696,0.032407407407407406,0.23214285714285715,0.05357142857142857,0.04034391534391534,0.03373015873015873,0.08267195767195767,0.04563492063492063,0.03505291005291005,0.032407407407407406,0.032407407407407406,0.036375661375661374,0.032407407407407406,0.03902116402116402
743,0.043024227234753555,0.04135338345864662,0.02965747702589808,0.11319966583124479,0.08061821219715957,0.025480367585630746,0.04135338345864662,0.0697577276524645,0.03550543024227235,0.04385964912280702,0.05472013366750209,0.05304928989139516,0.043024227234753555,0.02464494569757728,0.05221386800334169,0.028822055137844613,0.04970760233918129,0.07978279030910611,0.06558061821219717,0.02464494569757728
744,0.030510018214936253,0.043260473588342445,0.030510018214936253,0.024134790528233155,0.04508196721311476,0.020491803278688527,0.034153005464480884,0.36202185792349734,0.02868852459016394,0.03870673952641166,0.02868852459016394,0.020491803278688527,0.021402550091074685,0.06876138433515484,0.03233151183970857,0.03233151183970857,0.03688524590163935,0.024134790528233155,0.05418943533697633,0.023224043715847
745,0.057098765432098776,0.04886831275720166,0.10751028806584365,0.036522633744855974,0.026234567901234573,0.0550411522633745,0.024176954732510296,0.029320987654320993,0.024176954732510296,0.040637860082304536,0.06224279835390948,0.2031893004115227,0.03137860082304528,0.04783950617283952,0.03137860082304528,0.024176954732510296,0.024176954732510296,0.04166666666666667,0.027263374485596716,0.057098765432098776
746,0.07152777777777777,0.06180555555555556,0.06319444444444444,0.03263888888888889,0.09791666666666667,0.035416666666666666,0.04236111111111111,0.04375,0.034027777777777775,0.09652777777777778,0.07708333333333334,0.035416666666666666,0.03958333333333333,0.03263888888888889,0.04791666666666667,0.03125,0.03680555555555556,0.03125,0.04791666666666667,0.04097222222222222
747,0.02436647173489279,0.015269655620532814,0.02566601689408707,0.34145549057829766,0.08414554905782977,0.019168291098115662,0.022417153996101367,0.014619883040935673,0.028914879792072776,0.01721897335932424,0.04840805717998701,0.021117608836907085,0.026315789473684213,0.016569200779727098,0.015269655620532814,0.02501624431448993,0.06985055230669267,0.04775828460038987,0.027615334632878494,0.10883690708252113
748,0.05451713395638629,0.1656282450674974,0.03790238836967809,0.027518172377985463,0.06490134994807892,0.03686396677050883,0.02336448598130841,0.029595015576323987,0.02336448598130841,0.04101765316718588,0.03686396677050883,0.03063343717549325,0.02544132917964694,0.14382139148494288,0.027518172377985463,0.03271028037383177,0.05867082035306334,0.02336448598130841,0.0877466251298027,0.028556593977154723
749,0.03493699885452463,0.03722794959908362,0.07388316151202749,0.08190148911798396,0.028064146620847653,0.03608247422680412,0.02577319587628866,0.08533791523482245,0.05899198167239404,0.14146620847651775,0.09564719358533791,0.02577319587628866,0.0418098510882016,0.04753722794959908,0.028064146620847653,0.03264604810996564,0.030355097365406643,0.02577319587628866,0.0418098510882016,0.026918671248568157
750,0.028767123287671236,0.03576864535768646,0.023896499238964995,0.015372907153729073,0.021156773211567736,0.05098934550989346,0.04550989345509894,0.1888888888888889,0.029984779299847795,0.09086757990867582,0.012024353120243534,0.30974124809741255,0.011111111111111113,0.026027397260273977,0.015981735159817354,0.014764079147640793,0.029680365296803655,0.010806697108066973,0.025114155251141555,0.013546423135464234
751,0.03202614379084967,0.06862745098039216,0.052941176470588235,0.03986928104575163,0.03333333333333333,0.052941176470588235,0.03986928104575163,0.03071895424836601,0.029411764705882353,0.0673202614379085,0.049019607843137254,0.034640522875816995,0.04771241830065359,0.10522875816993464,0.03202614379084967,0.04771241830065359,0.03071895424836601,0.07516339869281045,0.052941176470588235,0.07777777777777778
752,0.02796934865900384,0.030268199233716483,0.03409961685823756,0.05019157088122607,0.10996168582375482,0.04482758620689656,0.10689655172413796,0.04406130268199234,0.08237547892720308,0.031034482758620696,0.019540229885057474,0.021839080459770118,0.05019157088122607,0.02796934865900384,0.028735632183908053,0.01877394636015326,0.06168582375478929,0.13908045977011496,0.03256704980842912,0.03793103448275863
753,0.0361111111111111,0.02182539682539682,0.03928571428571428,0.04722222222222221,0.06309523809523808,0.024999999999999994,0.07261904761904761,0.0718253968253968,0.07817460317460316,0.029761904761904753,0.0361111111111111,0.028174603174603168,0.1583333333333333,0.02341269841269841,0.0361111111111111,0.022619047619047615,0.052777777777777764,0.04087301587301587,0.07738095238095237,0.03928571428571428
754,0.04106280193236716,0.03945249597423511,0.03623188405797102,0.04750402576489534,0.03623188405797102,0.03623188405797102,0.08454106280193238,0.03945249597423511,0.06843800322061193,0.049114331723027385,0.0636070853462158,0.05555555555555556,0.07648953301127216,0.04106280193236716,0.04750402576489534,0.03623188405797102,0.03784219001610307,0.04106280193236716,0.045893719806763295,0.07648953301127216
755,0.0373015873015873,0.04047619047619048,0.07222222222222222,0.04365079365079365,0.03888888888888889,0.03888888888888889,0.03888888888888889,0.06111111111111111,0.03571428571428571,0.05476190476190476,0.06587301587301587,0.05634920634920635,0.0373015873015873,0.03888888888888889,0.05952380952380952,0.07380952380952381,0.05952380952380952,0.0373015873015873,0.05952380952380952,0.05
756,0.027065527065527065,0.037891737891737894,0.029914529914529916,0.03162393162393162,0.04985754985754986,0.025356125356125355,0.062393162393162394,0.017948717948717947,0.07150997150997151,0.05783475783475783,0.05327635327635328,0.01566951566951567,0.017378917378917377,0.020227920227920228,0.06125356125356125,0.01282051282051282,0.03447293447293447,0.3245014245014245,0.023076923076923078,0.025925925925925925
757,0.07516339869281045,0.06339869281045751,0.034640522875816995,0.029411764705882353,0.034640522875816995,0.045098039215686274,0.046405228758169936,0.03594771241830065,0.038562091503267976,0.06601307189542484,0.07516339869281045,0.041176470588235294,0.041176470588235294,0.0542483660130719,0.029411764705882353,0.11699346405228758,0.03202614379084967,0.029411764705882353,0.04771241830065359,0.06339869281045751
758,0.0421146953405018,0.0439068100358423,0.0439068100358423,0.040322580645161296,0.04928315412186381,0.05465949820788532,0.0421146953405018,0.040322580645161296,0.0421146953405018,0.06003584229390682,0.07078853046594984,0.05465949820788532,0.040322580645161296,0.06362007168458783,0.0439068100358423,0.07078853046594984,0.040322580645161296,0.040322580645161296,0.06003584229390682,0.05645161290322582
759,0.04431216931216931,0.031084656084656083,0.05092592592592592,0.031084656084656083,0.037698412698412696,0.03505291005291005,0.036375661375661374,0.083994708994709,0.037698412698412696,0.046957671957671955,0.10648148148148148,0.02976190476190476,0.05489417989417989,0.02976190476190476,0.04034391534391534,0.0667989417989418,0.04298941798941799,0.12103174603174603,0.04298941798941799,0.02976190476190476
760,0.051994301994301995,0.04202279202279202,0.0349002849002849,0.049145299145299144,0.09757834757834757,0.03205128205128205,0.08333333333333333,0.06908831908831908,0.03347578347578348,0.053418803418803416,0.03347578347578348,0.08190883190883191,0.06054131054131054,0.03774928774928775,0.0405982905982906,0.03347578347578348,0.04202279202279202,0.03774928774928775,0.053418803418803416,0.03205128205128205
761,0.05324074074074074,0.034722222222222224,0.09799382716049383,0.04089506172839506,0.05015432098765432,0.05324074074074074,0.07484567901234568,0.036265432098765434,0.03780864197530864,0.0933641975308642,0.0625,0.04861111111111111,0.05632716049382716,0.04861111111111111,0.034722222222222224,0.034722222222222224,0.03780864197530864,0.034722222222222224,0.034722222222222224,0.034722222222222224
762,0.04310344827586207,0.04310344827586207,0.04310344827586207,0.07567049808429119,0.04310344827586207,0.04310344827586207,0.04693486590038314,0.04310344827586207,0.045019157088122604,0.0603448275862069,0.05268199233716475,0.04310344827586207,0.04693486590038314,0.04310344827586207,0.0603448275862069,0.04310344827586207,0.04310344827586207,0.08333333333333333,0.05459770114942529,0.04310344827586207
763,0.07688492063492064,0.027281746031746032,0.033234126984126984,0.0689484126984127,0.042162698412698416,0.0441468253968254,0.06101190476190476,0.08382936507936507,0.039186507936507936,0.025297619047619048,0.06994047619047619,0.05109126984126984,0.07688492063492064,0.027281746031746032,0.023313492063492064,0.03125,0.0818452380952381,0.03819444444444445,0.03521825396825397,0.06299603174603174
764,0.06319444444444446,0.04930555555555556,0.03541666666666667,0.03125000000000001,0.04236111111111112,0.1368055555555556,0.0576388888888889,0.03402777777777778,0.03958333333333334,0.038194444444444454,0.06875000000000002,0.06875000000000002,0.0326388888888889,0.0326388888888889,0.036805555555555564,0.05902777777777778,0.038194444444444454,0.03125000000000001,0.060416666666666674,0.043750000000000004
765,0.034883720930232565,0.04694229112833766,0.06158484065460811,0.09086993970714902,0.13135228251507325,0.03402239448751077,0.023686477174849275,0.04005167958656331,0.08570198105081828,0.048664944013781235,0.030577088716623606,0.04263565891472869,0.07105943152454781,0.03402239448751077,0.027993109388458233,0.04435831180017227,0.02282515073212748,0.06330749354005169,0.024547803617571067,0.040913006029285104
766,0.05606060606060606,0.023737373737373738,0.05909090909090909,0.024747474747474747,0.023737373737373738,0.1388888888888889,0.05707070707070707,0.06212121212121212,0.03888888888888889,0.023737373737373738,0.03282828282828283,0.05606060606060606,0.0601010101010101,0.03080808080808081,0.08434343434343435,0.05,0.03686868686868687,0.05606060606060606,0.04696969696969697,0.03787878787878788
767,0.06626506024096385,0.05555555555555554,0.05020080321285139,0.03547523427041498,0.030120481927710836,0.10374832663989288,0.030120481927710836,0.04886211512717535,0.038152610441767064,0.03279785809906291,0.04886211512717535,0.03413654618473895,0.05689424364123158,0.05957161981258365,0.036813922356091024,0.08366800535475233,0.046184738955823285,0.0394912985274431,0.05020080321285139,0.052878179384203465
768,0.053990610328638486,0.03834115805946791,0.03834115805946791,0.0352112676056338,0.04303599374021908,0.06338028169014083,0.050860719874804367,0.03677621283255086,0.04929577464788731,0.04303599374021908,0.0352112676056338,0.052425665101721426,0.047730829420970254,0.08372456964006258,0.05555555555555554,0.09937402190923315,0.03990610328638497,0.04147104851330203,0.04303599374021908,0.04929577464788731
769,0.03861788617886179,0.054878048780487805,0.05623306233062331,0.046747967479674794,0.03048780487804878,0.05623306233062331,0.03048780487804878,0.046747967479674794,0.03590785907859079,0.04539295392953929,0.048102981029810296,0.03590785907859079,0.0521680216802168,0.04403794037940379,0.03184281842818428,0.17005420054200543,0.0535230352303523,0.03184281842818428,0.0535230352303523,0.03726287262872629
770,0.035919540229885055,0.19204980842911878,0.07136015325670499,0.021551724137931036,0.036877394636015325,0.13649425287356323,0.027298850574712645,0.02442528735632184,0.02442528735632184,0.036877394636015325,0.040708812260536395,0.02921455938697318,0.034961685823754786,0.02825670498084291,0.07710727969348659,0.06752873563218391,0.02921455938697318,0.022509578544061302,0.02346743295019157,0.03975095785440613
771,0.013532763532763533,0.023029439696106362,0.020655270655270654,0.04724596391263058,0.026353276353276354,0.025878442545109213,0.04534662867996201,0.0714624881291548,0.12132003798670465,0.03347578347578348,0.03157644824311491,0.0657644824311491,0.19586894586894588,0.053418803418803416,0.03157644824311491,0.021604938271604937,0.049145299145299144,0.048670465337132006,0.020180436847103515,0.05389363722697056
772,0.06423611111111109,0.03414351851851851,0.1927083333333333,0.02604166666666666,0.049189814814814804,0.05497685185185184,0.042245370370370364,0.03067129629629629,0.027199074074074066,0.04340277777777777,0.04108796296296296,0.037615740740740734,0.06307870370370369,0.0318287037037037,0.035300925925925916,0.042245370370370364,0.032986111111111105,0.03067129629629629,0.08738425925925924,0.032986111111111105
773,0.023364485981308414,0.03374870197300105,0.03271028037383178,0.061786085150571136,0.13136033229491176,0.025441329179646942,0.08670820353063345,0.0462097611630322,0.027518172377985466,0.04309449636552441,0.15316718587746628,0.04724818276220146,0.060747663551401876,0.028556593977154727,0.024402907580477678,0.023364485981308414,0.07320872274143303,0.024402907580477678,0.025441329179646942,0.027518172377985466
774,0.02231718898385565,0.08024691358024691,0.0251661918328585,0.030864197530864196,0.03181386514719848,0.03276353276353276,0.03276353276353276,0.04700854700854701,0.023266856600189935,0.05270655270655271,0.024216524216524215,0.02231718898385565,0.028964862298195632,0.24358974358974358,0.021367521367521368,0.027065527065527065,0.05745489078822412,0.02801519468186135,0.0811965811965812,0.0868945868945869
775,0.03621031746031747,0.02926587301587302,0.06894841269841272,0.02430555555555556,0.13640873015873017,0.055059523809523815,0.03918650793650794,0.048115079365079375,0.03125000000000001,0.03918650793650794,0.03621031746031747,0.038194444444444454,0.09871031746031747,0.022321428571428575,0.07589285714285715,0.04216269841269842,0.0699404761904762,0.026289682539682543,0.03025793650793651,0.05208333333333334
776,0.023646723646723652,0.01794871794871795,0.041880341880341884,0.02934472934472935,0.03960113960113961,0.0321937321937322,0.023646723646723652,0.16552706552706556,0.2572649572649573,0.03447293447293448,0.01965811965811966,0.01965811965811966,0.047008547008547015,0.014529914529914532,0.07891737891737893,0.016239316239316244,0.03732193732193733,0.02934472934472935,0.02193732193732194,0.049857549857549865
777,0.02856025039123631,0.0927230046948357,0.06142410015649453,0.04577464788732395,0.03325508607198749,0.19053208137715183,0.032472613458528955,0.025430359937402194,0.050469483568075124,0.06611893583724571,0.02073552425665102,0.019170579029733962,0.023082942097026608,0.032472613458528955,0.024647887323943664,0.06611893583724571,0.035602503912363075,0.03325508607198749,0.052034428794992184,0.06611893583724571
778,0.04147104851330204,0.05086071987480439,0.10563380281690142,0.05086071987480439,0.038341158059467924,0.03521126760563381,0.039906103286384983,0.044600938967136156,0.07433489827856027,0.03677621283255087,0.03521126760563381,0.03521126760563381,0.07433489827856027,0.046165884194053215,0.03521126760563381,0.044600938967136156,0.047730829420970275,0.05399061032863851,0.046165884194053215,0.06338028169014086
779,0.028052805280528056,0.025852585258525854,0.03135313531353136,0.04015401540154016,0.061056105610561066,0.03685368536853686,0.04235423542354236,0.051155115511551164,0.062156215621562164,0.05005500550055006,0.07425742574257427,0.04455445544554456,0.058855885588558865,0.03795379537953796,0.06655665566556657,0.061056105610561066,0.04455445544554456,0.03685368536853686,0.09405940594059407,0.05225522552255226
780,0.08302122347066168,0.028089887640449444,0.03308364544319601,0.06429463171036207,0.03308364544319601,0.028089887640449444,0.14544319600499378,0.12921348314606745,0.040574282147315864,0.06429463171036207,0.028089887640449444,0.030586766541822727,0.040574282147315864,0.03682896379525594,0.029338327091136086,0.03932584269662922,0.03932584269662922,0.050561797752809,0.028089887640449444,0.028089887640449444
781,0.050724637681159424,0.03784219001610306,0.036231884057971016,0.03784219001610306,0.036231884057971016,0.0748792270531401,0.036231884057971016,0.05394524959742351,0.0748792270531401,0.05394524959742351,0.061996779388083734,0.05233494363929147,0.03784219001610306,0.06038647342995169,0.04750402576489533,0.05394524959742351,0.03784219001610306,0.04589371980676329,0.050724637681159424,0.05877616747181964
782,0.01962283384301733,0.01962283384301733,0.02420998980632008,0.018093781855249746,0.0191131498470948,0.016055045871559634,0.035932721712538224,0.04204892966360856,0.11289500509683996,0.012996941896024464,0.023190621814475027,0.011977573904179408,0.01401630988786952,0.016564729867482163,0.24796126401630988,0.011977573904179408,0.020642201834862386,0.27293577981651373,0.017584097859327217,0.04255861365953109
783,0.0326388888888889,0.045138888888888895,0.04930555555555556,0.04236111111111112,0.0326388888888889,0.0701388888888889,0.03958333333333334,0.03125000000000001,0.03125000000000001,0.03125000000000001,0.05625000000000001,0.08819444444444446,0.0326388888888889,0.10625000000000001,0.03125000000000001,0.046527777777777786,0.03541666666666667,0.03125000000000001,0.03958333333333334,0.12708333333333335
784,0.036926147704590816,0.062208915502328675,0.029607451763140388,0.03293413173652695,0.05023286759813706,0.250499001996008,0.01763140385894877,0.023619427811044577,0.025615435795076514,0.03825681969394544,0.015635395874916833,0.015635395874916833,0.04025282767797738,0.031603459747172324,0.034264803725881574,0.038922155688622756,0.03825681969394544,0.03559547571523619,0.05355954757152362,0.12874251497005987
785,0.04233969652471855,0.024229074889867842,0.01346059716103769,0.03303964757709251,0.13534018600097894,0.01346059716103769,0.0149290259422418,0.036955457660303476,0.17009300048947626,0.03940283896231033,0.019334312285854135,0.018355359765051395,0.09373470386686246,0.0149290259422418,0.044297601566324035,0.016886930983847283,0.10499265785609398,0.06045031815956926,0.03108174253548703,0.07268722466960352
786,0.029079861111111112,0.029079861111111112,0.047309027777777776,0.025607638888888888,0.05946180555555555,0.032552083333333336,0.08116319444444445,0.04991319444444445,0.039496527777777776,0.02734375,0.07855902777777778,0.029947916666666668,0.021267361111111112,0.028211805555555556,0.1540798611111111,0.03342013888888889,0.03515625,0.10199652777777778,0.025607638888888888,0.07074652777777778
787,0.08454106280193237,0.10869565217391304,0.06038647342995169,0.04911433172302738,0.03784219001610306,0.050724637681159424,0.03784219001610306,0.036231884057971016,0.036231884057971016,0.036231884057971016,0.04428341384863124,0.04750402576489533,0.039452495974235106,0.04106280193236715,0.06843800322061191,0.05555555555555555,0.0571658615136876,0.036231884057971016,0.036231884057971016,0.036231884057971016
788,0.03441734417344174,0.049051490514905156,0.019783197831978322,0.12926829268292686,0.22899728997289975,0.02845528455284553,0.05067750677506776,0.03983739837398375,0.030623306233062333,0.04037940379403795,0.03875338753387535,0.014363143631436317,0.04146341463414635,0.015447154471544718,0.02574525745257453,0.020867208672086725,0.03983739837398375,0.0831978319783198,0.02520325203252033,0.04363143631436315
789,0.033577533577533576,0.028693528693528692,0.028693528693528692,0.06654456654456654,0.043345543345543344,0.038461538461538464,0.038461538461538464,0.03235653235653236,0.10561660561660562,0.11904761904761904,0.027472527472527472,0.040903540903540904,0.056776556776556776,0.0347985347985348,0.031135531135531136,0.028693528693528692,0.06654456654456654,0.054334554334554336,0.054334554334554336,0.07020757020757021
790,0.07502863688430698,0.03379152348224513,0.07961053837342497,0.0441008018327606,0.02577319587628866,0.04868270332187858,0.029209621993127148,0.03264604810996564,0.028064146620847653,0.06815578465063,0.03493699885452463,0.1311569301260023,0.0441008018327606,0.06357388316151202,0.03264604810996564,0.04753722794959908,0.04868270332187858,0.02577319587628866,0.0441008018327606,0.06242840778923253
791,0.03853853853853854,0.047547547547547545,0.05155155155155155,0.033533533533533534,0.02252252252252252,0.11961961961961962,0.025525525525525526,0.02952952952952953,0.028528528528528527,0.10260260260260261,0.11361361361361362,0.05155155155155155,0.03753753753753754,0.025525525525525526,0.026526526526526525,0.046546546546546545,0.032532532532532535,0.05755755755755756,0.07857857857857858,0.03053053053053053
792,0.053846153846153835,0.03846153846153846,0.04188034188034187,0.04188034188034187,0.04017094017094017,0.048717948717948704,0.03846153846153846,0.05555555555555554,0.047008547008546994,0.03846153846153846,0.048717948717948704,0.04017094017094017,0.050427350427350415,0.04188034188034187,0.07094017094017092,0.08290598290598289,0.08290598290598289,0.06068376068376067,0.03846153846153846,0.03846153846153846
793,0.034237726098191215,0.030361757105943153,0.0355297157622739,0.09883720930232558,0.09366925064599484,0.029069767441860465,0.047157622739018086,0.03682170542635659,0.04198966408268734,0.03294573643410853,0.06524547803617571,0.05878552971576227,0.05878552971576227,0.04974160206718346,0.05878552971576227,0.04844961240310078,0.05749354005167959,0.06136950904392765,0.029069767441860465,0.03165374677002584
794,0.06436314363143632,0.03319783197831978,0.03726287262872629,0.048102981029810296,0.046747967479674794,0.0535230352303523,0.03184281842818428,0.03319783197831978,0.08333333333333333,0.10501355013550136,0.07655826558265583,0.03319783197831978,0.06029810298102981,0.03997289972899729,0.034552845528455285,0.03590785907859079,0.03590785907859079,0.05894308943089431,0.048102981029810296,0.03997289972899729
795,0.037301587301587315,0.035714285714285726,0.0658730158730159,0.14047619047619053,0.04047619047619049,0.04206349206349208,0.0388888888888889,0.04682539682539684,0.05634920634920637,0.0388888888888889,0.04523809523809525,0.0388888888888889,0.06428571428571431,0.035714285714285726,0.04047619047619049,0.04682539682539684,0.07063492063492066,0.04365079365079366,0.035714285714285726,0.035714285714285726
796,0.1042446941323346,0.09925093632958804,0.03183520599250937,0.03558052434456929,0.0418227215980025,0.03308364544319601,0.040574282147315864,0.03558052434456929,0.029338327091136082,0.04307116104868915,0.06429463171036207,0.046816479400749074,0.03558052434456929,0.046816479400749074,0.04806491885143571,0.06304619225967542,0.03807740324594258,0.02808988764044944,0.03308364544319601,0.10174781523096131
797,0.03511530398322851,0.028825995807127882,0.029874213836477988,0.11268343815513626,0.05712788259958071,0.08228511530398323,0.07389937106918239,0.06132075471698113,0.04979035639412998,0.06341719077568134,0.04140461215932914,0.04979035639412998,0.04035639412997904,0.036163522012578615,0.02358490566037736,0.03930817610062893,0.0770440251572327,0.0319706498951782,0.0319706498951782,0.034067085953878404
798,0.05300127713920818,0.09770114942528738,0.05172413793103449,0.04022988505747127,0.03895274584929758,0.02873563218390805,0.03384418901660282,0.04406130268199234,0.03256704980842912,0.05810983397190295,0.05300127713920818,0.07598978288633462,0.0363984674329502,0.06066411238825033,0.04022988505747127,0.03001277139208174,0.03512132822477651,0.0363984674329502,0.0363984674329502,0.11685823754789273
799,0.06166056166056167,0.03357753357753358,0.03968253968253969,0.028693528693528696,0.028693528693528696,0.027472527472527476,0.03357753357753358,0.05677655677655678,0.04334554334554335,0.06532356532356534,0.06532356532356534,0.03113553113553114,0.03846153846153847,0.06654456654456656,0.0518925518925519,0.07264957264957267,0.02991452991452992,0.028693528693528696,0.07142857142857144,0.12515262515262518
800,0.08664021164021164,0.04828042328042328,0.0496031746031746,0.036375661375661374,0.037698412698412696,0.031084656084656083,0.03505291005291005,0.046957671957671955,0.04298941798941799,0.03902116402116402,0.0496031746031746,0.057539682539682536,0.031084656084656083,0.06018518518518518,0.03902116402116402,0.14351851851851852,0.031084656084656083,0.03373015873015873,0.03373015873015873,0.0667989417989418
801,0.11744022503516176,0.037271448663853735,0.04008438818565402,0.031645569620253174,0.03586497890295359,0.04711673699015472,0.031645569620253174,0.04711673699015472,0.031645569620253174,0.04571026722925458,0.03445850914205345,0.03867791842475388,0.03445850914205345,0.049929676511955,0.03445850914205345,0.149789029535865,0.042897327707454296,0.031645569620253174,0.0569620253164557,0.06118143459915613
802,0.03305203938115331,0.03164556962025317,0.03164556962025317,0.11040787623066103,0.034458509142053444,0.03164556962025317,0.09071729957805907,0.052742616033755275,0.1090014064697609,0.03305203938115331,0.03164556962025317,0.04008438818565401,0.06821378340365682,0.03164556962025317,0.04289732770745429,0.05555555555555555,0.035864978902953586,0.03305203938115331,0.03164556962025317,0.0710267229254571
803,0.026388888888888896,0.01916666666666667,0.01527777777777778,0.07527777777777779,0.14805555555555558,0.06416666666666668,0.02305555555555556,0.03583333333333334,0.07972222222222224,0.01416666666666667,0.02472222222222223,0.02861111111111112,0.0713888888888889,0.014722222222222225,0.06250000000000001,0.013611111111111114,0.02027777777777778,0.02027777777777778,0.05305555555555557,0.18972222222222226
804,0.020370370370370372,0.36703703703703705,0.030740740740740742,0.032962962962962965,0.06925925925925926,0.01888888888888889,0.024074074074074074,0.05296296296296296,0.016666666666666666,0.01888888888888889,0.027037037037037037,0.04111111111111111,0.03,0.024814814814814814,0.046296296296296294,0.06777777777777778,0.03666666666666667,0.017407407407407406,0.02185185185185185,0.03518518518518519
805,0.029069767441860468,0.03294573643410854,0.0368217054263566,0.04328165374677003,0.04328165374677003,0.029069767441860468,0.07945736434108529,0.04457364341085272,0.07558139534883722,0.05361757105943153,0.04069767441860466,0.03423772609819122,0.08074935400516797,0.038113695090439284,0.041989664082687346,0.030361757105943157,0.08333333333333334,0.09883720930232559,0.05361757105943153,0.030361757105943157
806,0.036673928830791576,0.08460421205519245,0.036673928830791576,0.1775599128540305,0.09041394335511982,0.04030501089324619,0.03159041394335512,0.017792302106027596,0.06572258533042846,0.0570079883805374,0.021423384168482208,0.026506899055918662,0.02868554829339143,0.02214960058097313,0.027233115468409588,0.026506899055918662,0.06136528685548293,0.042483660130718956,0.06427015250544663,0.04103122730573711
807,0.04892205638474295,0.0505804311774461,0.06053067993366501,0.05555555555555555,0.05721393034825871,0.06882255389718077,0.0505804311774461,0.04560530679933665,0.0472636815920398,0.0472636815920398,0.05223880597014925,0.08706467661691543,0.0538971807628524,0.0406301824212272,0.03897180762852405,0.03731343283582089,0.04560530679933665,0.03731343283582089,0.03731343283582089,0.03731343283582089
808,0.04044444444444444,0.08755555555555555,0.059111111111111114,0.06977777777777777,0.026222222222222223,0.04488888888888889,0.07955555555555556,0.025333333333333333,0.03244444444444444,0.050222222222222224,0.084,0.02266666666666667,0.04755555555555555,0.04044444444444444,0.06,0.03777777777777778,0.059111111111111114,0.026222222222222223,0.03333333333333333,0.07333333333333333
809,0.07621082621082621,0.0405982905982906,0.03347578347578348,0.0349002849002849,0.0349002849002849,0.05056980056980057,0.03205128205128205,0.04487179487179487,0.03917378917378917,0.03632478632478633,0.03347578347578348,0.10042735042735043,0.03205128205128205,0.057692307692307696,0.04344729344729345,0.0633903133903134,0.049145299145299144,0.03205128205128205,0.11752136752136752,0.04772079772079772
810,0.11163032191069575,0.09813084112149532,0.0514018691588785,0.024402907580477674,0.024402907580477674,0.0347871235721703,0.02336448598130841,0.02544132917964694,0.027518172377985463,0.03374870197300104,0.02336448598130841,0.22066458982346832,0.0347871235721703,0.047248182762201454,0.03271028037383177,0.03997923156801662,0.027518172377985463,0.028556593977154723,0.03790238836967809,0.052440290758047764
811,0.046085858585858584,0.03345959595959596,0.04861111111111111,0.028409090909090908,0.07765151515151515,0.037247474747474744,0.034722222222222224,0.052398989898989896,0.032196969696969696,0.05997474747474747,0.11931818181818182,0.03598484848484849,0.032196969696969696,0.037247474747474744,0.041035353535353536,0.0726010101010101,0.04482323232323232,0.028409090909090908,0.09659090909090909,0.041035353535353536
812,0.04928315412186381,0.040322580645161296,0.06541218637992834,0.040322580645161296,0.0421146953405018,0.07437275985663083,0.052867383512544816,0.05645161290322582,0.06541218637992834,0.06720430107526883,0.040322580645161296,0.0439068100358423,0.040322580645161296,0.052867383512544816,0.040322580645161296,0.040322580645161296,0.040322580645161296,0.045698924731182804,0.058243727598566324,0.0439068100358423
813,0.10551248923341947,0.09776055124892334,0.027131782945736434,0.029715762273901807,0.020241171403962102,0.2657192075796727,0.031438415159345395,0.02885443583118002,0.023686477174849268,0.034022394487510765,0.022825150732127476,0.050387596899224806,0.04263565891472868,0.025409130060292853,0.040051679586563305,0.023686477174849268,0.03316106804478897,0.01937984496124031,0.03574504737295435,0.04263565891472868
814,0.059027777777777776,0.03125,0.08541666666666667,0.04513888888888889,0.03263888888888889,0.03263888888888889,0.03819444444444445,0.03819444444444445,0.050694444444444445,0.06041666666666667,0.05625,0.050694444444444445,0.08680555555555555,0.04236111111111111,0.06319444444444444,0.05763888888888889,0.03819444444444445,0.04791666666666667,0.035416666666666666,0.04791666666666667
815,0.04929577464788733,0.03521126760563381,0.046165884194053215,0.03521126760563381,0.043035993740219096,0.03521126760563381,0.038341158059467924,0.03677621283255087,0.04147104851330204,0.06651017214397498,0.13849765258215965,0.03677621283255087,0.05242566510172145,0.04147104851330204,0.03521126760563381,0.03521126760563381,0.05086071987480439,0.09311424100156496,0.03521126760563381,0.05399061032863851
816,0.05169996494917631,0.019102698913424466,0.01594812478093235,0.02611286365229583,0.01629863301787592,0.009638976515948125,0.009989484752891693,0.019102698913424466,0.09936908517350158,0.030318962495618648,0.011391517700665965,0.01594812478093235,0.03873116018226428,0.017350157728706624,0.06677181913774974,0.026463371889239397,0.06992639327024185,0.04854539081668419,0.012092534174553101,0.39519803715387314
817,0.08927203065134101,0.021839080459770118,0.04022988505747127,0.030268199233716483,0.04022988505747127,0.01877394636015326,0.12758620689655176,0.11532567049808432,0.02643678160919541,0.05019157088122607,0.054789272030651356,0.03793103448275863,0.021072796934865905,0.031034482758620696,0.10842911877394638,0.02337164750957855,0.031034482758620696,0.05249042145593871,0.048659003831417635,0.031034482758620696
818,0.06532356532356533,0.043345543345543344,0.06532356532356533,0.031135531135531136,0.031135531135531136,0.027472527472527472,0.029914529914529916,0.045787545787545784,0.03235653235653236,0.06288156288156288,0.04945054945054945,0.029914529914529916,0.05067155067155067,0.05555555555555555,0.07631257631257632,0.04945054945054945,0.054334554334554336,0.027472527472527472,0.12026862026862027,0.051892551892551896
819,0.08698830409356727,0.03728070175438597,0.04166666666666667,0.03289473684210527,0.044590643274853806,0.05190058479532164,0.03289473684210527,0.0358187134502924,0.05190058479532164,0.1308479532163743,0.05336257309941521,0.03289473684210527,0.04166666666666667,0.05336257309941521,0.06944444444444446,0.034356725146198835,0.04312865497076024,0.034356725146198835,0.05774853801169591,0.03289473684210527
820,0.03713450292397661,0.024269005847953218,0.035964912280701755,0.017251461988304094,0.07456140350877193,0.024269005847953218,0.02368421052631579,0.021345029239766083,0.18040935672514619,0.022514619883040935,0.052339181286549706,0.06695906432748538,0.024269005847953218,0.026023391812865497,0.03245614035087719,0.01783625730994152,0.06812865497076023,0.14415204678362573,0.021345029239766083,0.08508771929824561
821,0.05823293172690763,0.07295850066934405,0.03145917001338688,0.05689424364123159,0.06894243641231593,0.03145917001338688,0.03681392235609103,0.03681392235609103,0.050200803212851405,0.03815261044176707,0.04752342704149933,0.03413654618473896,0.03145917001338688,0.11178045515394913,0.06224899598393574,0.03413654618473896,0.05421686746987952,0.04484605087014726,0.03145917001338688,0.06626506024096386
822,0.06250000000000001,0.04464285714285715,0.06250000000000001,0.04464285714285715,0.05456349206349208,0.04464285714285715,0.046626984126984135,0.048611111111111126,0.046626984126984135,0.048611111111111126,0.06250000000000001,0.04464285714285715,0.04464285714285715,0.04464285714285715,0.06250000000000001,0.04464285714285715,0.058531746031746046,0.04464285714285715,0.04464285714285715,0.04464285714285715
823,0.044642857142857144,0.044642857142857144,0.044642857142857144,0.044642857142857144,0.0625,0.044642857142857144,0.054563492063492064,0.050595238095238096,0.044642857142857144,0.044642857142857144,0.05257936507936508,0.054563492063492064,0.044642857142857144,0.0625,0.050595238095238096,0.0625,0.05654761904761905,0.044642857142857144,0.044642857142857144,0.04662698412698413
824,0.03374870197300104,0.02544132917964694,0.06074766355140187,0.02544132917964694,0.0264797507788162,0.02544132917964694,0.048286604361370715,0.029595015576323987,0.046209761163032194,0.0628245067497404,0.02336448598130841,0.0763239875389408,0.06386292834890965,0.027518172377985463,0.05763239875389408,0.024402907580477674,0.10539979231568017,0.17497403946002077,0.0264797507788162,0.03582554517133956
825,0.03147444021968737,0.15652724968314324,0.013730460498521337,0.05809040980143643,0.01668779045204901,0.023024926066751165,0.04034643008027039,0.022179974651457546,0.05006337135614703,0.020490071820870304,0.08470637938318548,0.05766793409378961,0.01584283903675539,0.02682720743557246,0.03062948880439375,0.03062948880439375,0.15145754119138152,0.08090409801436418,0.03569919729615548,0.0530207013096747
826,0.0450191570881226,0.060344827586206885,0.08524904214559385,0.043103448275862065,0.043103448275862065,0.05268199233716474,0.043103448275862065,0.043103448275862065,0.043103448275862065,0.0450191570881226,0.0507662835249042,0.043103448275862065,0.05268199233716474,0.060344827586206885,0.043103448275862065,0.060344827586206885,0.043103448275862065,0.043103448275862065,0.05651340996168581,0.043103448275862065
827,0.03598484848484849,0.03977272727272727,0.07512626262626262,0.09785353535353536,0.03977272727272727,0.03345959595959596,0.05366161616161616,0.030934343434343436,0.10164141414141414,0.032196969696969696,0.03851010101010101,0.028409090909090908,0.0928030303030303,0.03851010101010101,0.03345959595959596,0.028409090909090908,0.03851010101010101,0.1029040404040404,0.028409090909090908,0.029671717171717172
828,0.037500000000000006,0.028240740740740743,0.04861111111111112,0.037500000000000006,0.02731481481481482,0.03472222222222223,0.10879629629629631,0.06435185185185187,0.06620370370370372,0.06157407407407408,0.07638888888888891,0.03564814814814816,0.0800925925925926,0.021759259259259263,0.02453703703703704,0.030092592592592594,0.06712962962962965,0.06620370370370372,0.051388888888888894,0.03194444444444445
829,0.06681681681681682,0.17792792792792791,0.05630630630630631,0.033783783783783786,0.08333333333333333,0.0503003003003003,0.033783783783783786,0.033783783783783786,0.03528528528528529,0.033783783783783786,0.03528528528528529,0.033783783783783786,0.03678678678678678,0.044294294294294295,0.03678678678678678,0.054804804804804805,0.03528528528528529,0.03978978978978979,0.03528528528528529,0.04279279279279279
830,0.034722222222222224,0.034722222222222224,0.10262345679012345,0.04243827160493827,0.0625,0.0470679012345679,0.07947530864197531,0.04243827160493827,0.034722222222222224,0.09645061728395062,0.034722222222222224,0.0625,0.034722222222222224,0.03935185185185185,0.03935185185185185,0.03935185185185185,0.05324074074074074,0.036265432098765434,0.034722222222222224,0.04861111111111111
831,0.0392512077294686,0.034420289855072464,0.034420289855072464,0.044082125603864736,0.028381642512077296,0.08031400966183574,0.04770531400966183,0.028381642512077296,0.041666666666666664,0.0320048309178744,0.05374396135265701,0.029589371980676328,0.034420289855072464,0.14794685990338163,0.04891304347826087,0.09722222222222222,0.06219806763285024,0.034420289855072464,0.02717391304347826,0.05374396135265701
832,0.0405982905982906,0.05056980056980057,0.03205128205128205,0.10897435897435898,0.07193732193732194,0.03774928774928775,0.046296296296296294,0.09757834757834757,0.0405982905982906,0.03632478632478633,0.0349002849002849,0.03347578347578348,0.0349002849002849,0.03917378917378917,0.049145299145299144,0.046296296296296294,0.03347578347578348,0.07905982905982906,0.04344729344729345,0.04344729344729345
833,0.07475994513031549,0.0363511659807956,0.08847736625514402,0.0336076817558299,0.04732510288065842,0.0802469135802469,0.051440329218106984,0.0363511659807956,0.03086419753086419,0.0336076817558299,0.03086419753086419,0.044581618655692726,0.0336076817558299,0.051440329218106984,0.0569272976680384,0.0596707818930041,0.044581618655692726,0.040466392318244164,0.08710562414266117,0.037722908093278454
834,0.0358187134502924,0.04605263157894737,0.05190058479532165,0.06213450292397662,0.06067251461988305,0.040204678362573104,0.04312865497076024,0.04605263157894737,0.04312865497076024,0.06359649122807019,0.034356725146198835,0.034356725146198835,0.048976608187134514,0.05628654970760235,0.04312865497076024,0.034356725146198835,0.06067251461988305,0.044590643274853806,0.10160818713450295,0.048976608187134514
835,0.046897546897546896,0.032467532467532464,0.06854256854256854,0.032467532467532464,0.0367965367965368,0.06998556998556998,0.04401154401154401,0.049783549783549784,0.048340548340548344,0.07142857142857142,0.1406926406926407,0.03391053391053391,0.0367965367965368,0.04256854256854257,0.03535353535353535,0.032467532467532464,0.04401154401154401,0.03535353535353535,0.05988455988455989,0.03823953823953824
836,0.03048433048433049,0.05612535612535613,0.03732193732193733,0.012820512820512822,0.0264957264957265,0.01965811965811966,0.01851851851851852,0.0566951566951567,0.015669515669515674,0.047008547008547015,0.03732193732193733,0.160968660968661,0.012820512820512822,0.01851851851851852,0.0321937321937322,0.19401709401709405,0.023646723646723652,0.02592592592592593,0.11994301994301995,0.053846153846153856
837,0.10309829059829059,0.03685897435897436,0.02938034188034188,0.02403846153846154,0.030448717948717948,0.034722222222222224,0.10950854700854701,0.034722222222222224,0.05929487179487179,0.03579059829059829,0.03365384615384615,0.04326923076923077,0.06997863247863248,0.05181623931623932,0.05074786324786325,0.04113247863247863,0.025106837606837608,0.02938034188034188,0.08707264957264957,0.06997863247863248
838,0.015135327635327635,0.012286324786324786,0.033297720797720795,0.19284188034188035,0.17503561253561253,0.02475071225071225,0.043625356125356125,0.009793447293447293,0.0981125356125356,0.02118945868945869,0.04148860398860399,0.016203703703703703,0.041844729344729346,0.07282763532763532,0.024394586894586893,0.008012820512820512,0.07674501424501425,0.03187321937321937,0.010505698005698005,0.050035612535612534
839,0.034080298786181136,0.045284780578898225,0.027544351073762838,0.04435107376283847,0.05742296918767507,0.20401493930905695,0.04435107376283847,0.038748832866479926,0.03314659197012138,0.028478057889822595,0.03034547152194211,0.023809523809523808,0.06862745098039216,0.024743230625583566,0.05555555555555555,0.02100840336134454,0.04341736694677871,0.02661064425770308,0.11718020541549953,0.03127917833800187
840,0.04642313546423135,0.04946727549467275,0.03424657534246575,0.04185692541856925,0.04490106544901065,0.10121765601217655,0.04946727549467275,0.03424657534246575,0.03424657534246575,0.03424657534246575,0.06925418569254185,0.05707762557077625,0.03424657534246575,0.03576864535768645,0.03729071537290715,0.12557077625570776,0.03424657534246575,0.04185692541856925,0.04490106544901065,0.04946727549467275
841,0.03458049886621316,0.03117913832199547,0.03004535147392291,0.04024943310657597,0.04024943310657597,0.03798185941043085,0.03004535147392291,0.03117913832199547,0.20124716553287988,0.043650793650793655,0.043650793650793655,0.0334467120181406,0.08900226757369616,0.03458049886621316,0.04024943310657597,0.03798185941043085,0.07426303854875285,0.05839002267573697,0.03571428571428572,0.032312925170068035
842,0.021794871794871794,0.04658119658119658,0.08162393162393163,0.051709401709401706,0.08162393162393163,0.06196581196581197,0.054273504273504275,0.06538461538461539,0.04658119658119658,0.019230769230769232,0.03034188034188034,0.02264957264957265,0.11837606837606837,0.02264957264957265,0.045726495726495724,0.04658119658119658,0.0764957264957265,0.054273504273504275,0.023504273504273504,0.02863247863247863
843,0.037234042553191495,0.037234042553191495,0.07624113475177306,0.0537825059101655,0.10460992907801421,0.033687943262411355,0.027777777777777783,0.06087470449172578,0.07151300236406621,0.033687943262411355,0.03486997635933807,0.039598108747044926,0.08451536643026006,0.03132387706855792,0.0632387706855792,0.056146572104018924,0.0289598108747045,0.05023640661938536,0.03841607565011821,0.036052009456264786
844,0.040249433106575964,0.027777777777777776,0.03344671201814059,0.07426303854875284,0.025510204081632654,0.036848072562358274,0.09580498866213152,0.031179138321995464,0.08219954648526077,0.10374149659863946,0.03798185941043084,0.041383219954648526,0.026643990929705215,0.036848072562358274,0.05045351473922902,0.11507936507936507,0.026643990929705215,0.040249433106575964,0.040249433106575964,0.03344671201814059
845,0.053030303030303046,0.06481481481481483,0.04461279461279462,0.03787878787878789,0.04461279461279462,0.08333333333333334,0.03787878787878789,0.058080808080808094,0.04797979797979799,0.06649831649831651,0.04461279461279462,0.053030303030303046,0.04966329966329968,0.04966329966329968,0.03787878787878789,0.05976430976430978,0.03787878787878789,0.03787878787878789,0.04966329966329968,0.04124579124579125
846,0.05707762557077625,0.05098934550989345,0.05403348554033485,0.06164383561643835,0.06468797564687975,0.05403348554033485,0.06316590563165905,0.05098934550989345,0.05403348554033485,0.03424657534246575,0.03424657534246575,0.03424657534246575,0.05707762557077625,0.04033485540334855,0.04490106544901065,0.04033485540334855,0.03424657534246575,0.05251141552511415,0.07990867579908675,0.03729071537290715
847,0.06712962962962964,0.027314814814814816,0.0375,0.02361111111111111,0.07083333333333333,0.02361111111111111,0.21157407407407408,0.11064814814814815,0.07083333333333333,0.029166666666666667,0.03935185185185185,0.020833333333333332,0.02824074074074074,0.02175925925925926,0.055092592592592596,0.02546296296296296,0.047685185185185185,0.024537037037037038,0.031018518518518518,0.033796296296296297
848,0.047730829420970275,0.1025039123630673,0.043035993740219096,0.03677621283255087,0.03521126760563381,0.04929577464788733,0.044600938967136156,0.03521126760563381,0.039906103286384983,0.03677621283255087,0.04929577464788733,0.03677621283255087,0.03521126760563381,0.1510172143974961,0.06338028169014086,0.04929577464788733,0.03521126760563381,0.03521126760563381,0.03677621283255087,0.03677621283255087
849,0.03224206349206349,0.0808531746031746,0.04117063492063491,0.02232142857142857,0.026289682539682533,0.09672619047619045,0.03918650793650793,0.02529761904761904,0.02529761904761904,0.028273809523809517,0.037202380952380945,0.03323412698412698,0.02331349206349206,0.25843253968253965,0.02232142857142857,0.05704365079365078,0.06200396825396824,0.03521825396825396,0.028273809523809517,0.02529761904761904
850,0.04307116104868915,0.0717852684144819,0.040574282147315864,0.02808988764044944,0.034332084893882654,0.09425717852684146,0.02808988764044944,0.034332084893882654,0.02808988764044944,0.03183520599250937,0.03932584269662922,0.050561797752808994,0.044319600499375784,0.1554307116104869,0.046816479400749074,0.07303370786516855,0.05181023720349564,0.029338327091136082,0.03183520599250937,0.04307116104868915
851,0.04814814814814815,0.040740740740740744,0.06,0.03333333333333333,0.042222222222222223,0.0362962962962963,0.03481481481481481,0.03481481481481481,0.0362962962962963,0.04666666666666667,0.03481481481481481,0.040740740740740744,0.03333333333333333,0.24962962962962962,0.051111111111111114,0.03481481481481481,0.03777777777777778,0.03777777777777778,0.03333333333333333,0.03333333333333333
852,0.052083333333333336,0.033234126984126984,0.022321428571428572,0.023313492063492064,0.029265873015873016,0.05109126984126984,0.04117063492063492,0.023313492063492064,0.022321428571428572,0.02628968253968254,0.023313492063492064,0.022321428571428572,0.027281746031746032,0.38244047619047616,0.053075396825396824,0.046130952380952384,0.022321428571428572,0.022321428571428572,0.028273809523809524,0.04811507936507937
853,0.039979231568016624,0.02855659397715473,0.05970924195223262,0.036863966770508835,0.056593977154724834,0.02751817237798547,0.041017653167185884,0.026479750778816206,0.10020768431983389,0.06905503634475599,0.09190031152647976,0.026479750778816206,0.08878504672897197,0.03167185877466252,0.07632398753894082,0.03167185877466252,0.037902388369678096,0.0659397715472482,0.03582554517133957,0.02751817237798547
854,0.04108796296296297,0.03298611111111112,0.03761574074074075,0.03530092592592593,0.046875000000000014,0.05729166666666668,0.1799768518518519,0.07349537037037038,0.10358796296296299,0.029513888888888895,0.026041666666666675,0.03298611111111112,0.046875000000000014,0.02719907407407408,0.029513888888888895,0.04224537037037038,0.026041666666666675,0.04224537037037038,0.046875000000000014,0.04224537037037038
855,0.04527938342967245,0.020873474630700065,0.11014771997430957,0.09152215799614644,0.02922286448298009,0.08317276814386641,0.04977520873474631,0.06647398843930635,0.019588953114964676,0.04335260115606936,0.0728965960179833,0.04977520873474631,0.02472703917790623,0.040783558124598586,0.04527938342967245,0.04527938342967245,0.025369299935773925,0.03500321130378934,0.023442517662170842,0.07803468208092486
